Date,Close,High,Low,Open,Volume
2004-08-04,0.8836908340454102,0.9060398769514014,0.8468451789240348,0.8758384882753236,186050172
2004-08-05,0.8939590454101562,0.8939590454101562,0.8595297137130614,0.8667780208873549,92021179
2004-08-06,0.8891271948814392,0.906644265265855,0.8534896936388674,0.8927516886716875,71748688
2004-08-09,0.8293283581733704,0.8746304923668798,0.8196644010792379,0.8722141634111993,51424542
2004-08-10,0.828120231628418,0.8353686251270164,0.8118120893113792,0.8214760478391807,26454389
2004-08-11,0.7864425182342529,0.8287241969072404,0.7731539833724111,0.8287241969072404,40829690
2004-08-12,0.773154079914093,0.7840262023639131,0.7653017319986728,0.7785901835992749,21492125
2004-08-13,0.7520132064819336,0.7876507035916472,0.7508050420252943,0.7683221103782665,22161235
2004-08-16,0.6873824596405029,0.7489927771033812,0.683153841445239,0.7435567586972476,36995980
2004-08-17,0.6801340579986572,0.6976504026718576,0.6728857513907993,0.6807381401629963,17327628
2004-08-18,0.6547645926475525,0.6825496543225071,0.6535564283374761,0.6765095121363258,26638888
2004-08-19,0.657180905342102,0.6644292116627101,0.640872046279688,0.6444958172976384,18301131
2004-08-20,0.6614088416099548,0.6704693949086095,0.6469122280777976,0.6614088416099548,13360875
2004-08-23,0.6197312474250793,0.6517442081998813,0.6161067541123062,0.649932683368034,17964754
2004-08-24,0.6293960213661194,0.6378517725213683,0.6082544143136412,0.6227510734924889,16133102
2004-08-25,0.6336237788200378,0.6336237788200378,0.6100666104136164,0.6275836360050181,11781983
2004-08-26,0.6070469617843628,0.6366443195175295,0.6070469617843628,0.6336238655541597,17712265
2004-08-27,0.6318115592002869,0.6438925671717884,0.6161067795906945,0.622147602028461,30064881
2004-08-30,0.657180905342102,0.6855700909443964,0.622147495559599,0.6263753911782104,35558836
2004-08-31,0.6620129346847534,0.6916102868740538,0.6614088524972843,0.6825496909659903,37174807
2004-09-01,0.646308183670044,0.6583891485623281,0.6438925341829995,0.6523483264340533,14109320
2004-09-02,0.6583892107009888,0.6602007781461812,0.634227958000351,0.6438925949534721,15550911
2004-09-03,0.6438925266265869,0.6608047902944858,0.639663908726153,0.6583891408357903,9766716
2004-09-06,0.646308183670044,0.6511408413726638,0.6378516695944582,0.6438925341829995,5189372
2004-09-07,0.6493286490440369,0.6529524632598321,0.6408721767214182,0.6487245667806839,4410700
2004-09-08,0.6475164294242859,0.6511409231564901,0.6396639965752555,0.6475164294242859,4888742
2004-09-09,0.6293960213661194,0.6426844734640833,0.6269796496646252,0.6408722265331677,8425949
2004-09-10,0.6324156522750854,0.6366442705142119,0.6227510155734386,0.6269795913522955,5534382
2004-09-13,0.6094624996185303,0.6366442025182673,0.6082542927790568,0.6312074203515643,8023398
2004-09-14,0.6336237788200378,0.6450999822321484,0.6161067532286363,0.6161067532286363,13084999
2004-09-15,0.6722816824913025,0.6879864603455689,0.6263754283604921,0.6336237351113669,40957250
2004-09-16,0.6952348947525024,0.705502934905818,0.6704695166110095,0.6795301140145914,55597860
2004-09-17,0.7187913656234741,0.7212076945592835,0.6795300541420394,0.6952348334962217,40594290
2004-09-20,0.7357043027877808,0.741140321019601,0.7103348448239639,0.7248321814036047,43319508
2004-09-21,0.7441607117652893,0.7604696142885403,0.7175838134139222,0.7399320940628004,41430975
2004-09-22,0.7429525852203369,0.7550328706558829,0.730872299784791,0.7387247315874402,37192945
2004-09-23,0.7326838374137878,0.7477845766150228,0.7103348334117261,0.740536269353929,28761358
2004-09-24,0.7067109942436218,0.767113821512225,0.7067109942436218,0.7381205935025026,43015917
2004-09-27,0.7024831771850586,0.7363084721307476,0.6994627658594542,0.7254355858023553,18852116
2004-09-28,0.7079192399978638,0.7181872798022485,0.6994627676291006,0.706106993197916,10713306
2004-09-29,0.7115429639816284,0.7236239708782075,0.706106903635619,0.7097314392360502,9870924
2004-09-30,0.7012749910354614,0.7266437279311581,0.7006709087889637,0.7115430304973183,12371958
2004-10-01,0.7012749910354614,0.7266437279311581,0.7006709087889637,0.7115430304973183,0
2004-10-04,0.7012749910354614,0.7266437279311581,0.7006709087889637,0.7115430304973183,0
2004-10-05,0.7012749910354614,0.7266437279311581,0.7006709087889637,0.7115430304973183,0
2004-10-06,0.7012749910354614,0.7266437279311581,0.7006709087889637,0.7115430304973183,0
2004-10-07,0.7012749910354614,0.7266437279311581,0.7006709087889637,0.7115430304973183,0
2004-10-08,0.7441607117652893,0.7453688761202106,0.7018789930681318,0.7018789930681318,23357908
2004-10-11,0.7423485517501831,0.785234270249461,0.736912448734376,0.7532213522255302,42525516
2004-10-12,0.7423485517501831,0.7423485517501831,0.7423485517501831,0.7423485517501831,0
2004-10-13,0.7308722734451294,0.7483886612192441,0.716979699425377,0.7320804378179954,20715175
2004-10-14,0.6577850580215454,0.7369124388137582,0.6577850580215454,0.732683820917236,27640790
2004-10-15,0.6414761543273926,0.6529523567301014,0.6275835808052348,0.6463081322815524,15196289
2004-10-18,0.6535564661026001,0.6626170195875276,0.6390598098121468,0.6390598098121468,10418678
2004-10-19,0.6414761543273926,0.6728857519002234,0.6402679899977998,0.6608047455082433,9465838
2004-10-20,0.6487244963645935,0.6505367429579412,0.6312074288971309,0.6414761893554514,5559915
2004-10-21,0.6384558081626892,0.6589932889433676,0.6360402009226899,0.6469123229847172,7059696
2004-10-22,0.6608048677444458,0.6608048677444458,0.6209394712185559,0.6372476545921251,12593312
2004-10-25,0.640268087387085,0.6674490714804968,0.6396639626701337,0.6583891963589027,10648335
2004-10-26,0.6583892107009888,0.6602007781461812,0.6318115864607178,0.6378517297947948,9039523
2004-10-27,0.6873824596405029,0.6885899023116417,0.6523483642617819,0.658389186740346,21891740
2004-10-28,0.6656374335289001,0.69161024869951,0.658389084583328,0.6885897954686188,16776726
2004-10-29,0.683758020401001,0.7048988626603216,0.6656375896205943,0.6656375896205943,24453640
2004-11-01,0.6801340579986572,0.6934225068856951,0.6753013582236814,0.685570118113498,9462418
2004-11-02,0.6674490571022034,0.6801341473152072,0.659596667298815,0.6716776752681505,9215990
2004-11-03,0.6934224963188171,0.6946306606290844,0.6674489592804101,0.673489823292009,9841735
2004-11-04,0.6614088416099548,0.6970463357230866,0.6595965950773787,0.6946306863772109,12430218
2004-11-05,0.6662415266036987,0.6765095222034827,0.6595965803391325,0.6746972757114,6344390
2004-11-08,0.657180905342102,0.6704693537025195,0.6523482482189074,0.6644292116627101,4657599
2004-11-09,0.6620129346847534,0.671677612780286,0.6553687099868308,0.6571809565492379,5093384
2004-11-10,0.7284558415412903,0.7284558415412903,0.6589931086600808,0.6716775165107024,35688648
2004-11-11,0.7393288016319275,0.7816105666737726,0.7369124727000967,0.7574492305277937,96475068
2004-11-12,0.7417443990707397,0.7526171991355651,0.7272477852271328,0.7429525634517471,36441174
2004-11-15,0.7453689575195312,0.7495968963195139,0.7296641779189371,0.7435567532495084,18987153
2004-11-16,0.731476366519928,0.7465770193402443,0.7260395846164279,0.7459729796401475,14954957
2004-11-17,0.7357043027877808,0.7459730637680219,0.7254355418075397,0.7320804887811498,18200284
2004-11-18,0.7387247681617737,0.7471804758462101,0.7308723359703497,0.7357043145109478,11557102
2004-11-19,0.7465772032737732,0.7520133071523546,0.7320805865820358,0.7375166904606172,13856170
2004-11-22,0.773154079914093,0.7779860588513076,0.7477846619239302,0.7526173202254944,38566180
2004-11-23,0.7477845549583435,0.7779859475656132,0.7435567013738625,0.776777783163042,21255817
2004-11-24,0.7296640872955322,0.7520131318941067,0.7193953273366119,0.7417443719351863,24291596
2004-11-25,0.7242280840873718,0.7363084553056375,0.7193954260768339,0.7308723519478219,9785869
2004-11-26,0.7254356741905212,0.733288107689791,0.7206036948451428,0.7218118595225892,5550669
2004-11-29,0.7006708979606628,0.7248321918145428,0.6988586512491761,0.7224158628658938,10774220
2004-11-30,0.7055029273033142,0.7091274634475916,0.695838290176973,0.6988587015803114,5403402
2004-12-01,0.6952348947525024,0.7097315533763306,0.6928185656037933,0.7067110994801724,5991396
2004-12-02,0.6928184628486633,0.6952347916389955,0.6843619914467493,0.6946307094414125,8124103
2004-12-03,0.733288049697876,0.7622812822060375,0.6958383020205029,0.6958383020205029,35801784
2004-12-06,0.7296640872955322,0.7411402473065186,0.7181871629998035,0.7338919406498831,10074281
2004-12-07,0.7151677012443542,0.7375167529448884,0.712147246982246,0.7375167529448884,6393310
2004-12-08,0.7308722734451294,0.7483886612192441,0.7242280062983373,0.7242280062983373,13503388
2004-12-09,0.7471804618835449,0.7659056946467608,0.7296641578587912,0.7296641578587912,33873908
2004-12-10,0.7236239910125732,0.7429525835385455,0.7187913333578861,0.7417444191248738,13191271
2004-12-13,0.7417443990707397,0.7435566881025157,0.7163756645265478,0.7218116824165752,9747528
2004-12-14,0.7447648644447327,0.7471804289607717,0.7278518366469513,0.7417444109834398,5422060
2004-12-15,0.7417443990707397,0.7520131594053265,0.7308722783701548,0.7459730168645303,9845863
2004-12-16,0.7193953990936279,0.7453689392933919,0.7187913593252364,0.7357043029991278,8534474
2004-12-17,0.70187908411026,0.716979781777067,0.6994627550869905,0.7157716172654323,8533955
2004-12-20,0.6855701804161072,0.6976504660722878,0.6771136662508046,0.6976504660722878,7040661
2004-12-21,0.6861741542816162,0.700066684401737,0.6813414548305902,0.6885897609525734,4199948
2004-12-22,0.7151677012443542,0.7157717411444435,0.6855703405838564,0.6934227319041862,8627914
2004-12-23,0.6873824596405029,0.7181872574596551,0.6855702128969337,0.7163757325406598,5757151
2004-12-24,0.6934224963188171,0.703086452072554,0.6801340476342783,0.6825496544303498,3881769
2004-12-27,0.6879864931106567,0.6988586140726374,0.6831537930101711,0.6885898534911614,3682185
2004-12-28,0.6873824596405029,0.6946307672504749,0.680134152030531,0.6855702128969337,2601161
2004-12-29,0.6644293069839478,0.6946307433402386,0.6644293069839478,0.6904021677507977,6844250
2004-12-30,0.6698653101921082,0.6765095347554779,0.6553686967148972,0.6583891075910757,3186324
2004-12-31,0.6541606187820435,0.6765096241255019,0.6523483720169302,0.6734899346748956,5039770
2005-01-03,0.6541606187820435,0.6765096241255019,0.6523483720169302,0.6734899346748956,0
2005-01-04,0.6481204032897949,0.6529523814267146,0.6402680142146522,0.6529523814267146,3905674
2005-01-05,0.6644293069839478,0.6740932638883925,0.6481204455818101,0.6481204455818101,4716119
2005-01-06,0.6668449640274048,0.6680531284951181,0.6553687603127072,0.6680531284951181,2635739
2005-01-07,0.6662415266036987,0.6813415001514925,0.6571809310472329,0.6704693799274178,3919591
2005-01-10,0.6831538677215576,0.6897981357995023,0.65597288297977,0.6595966972419871,10327325
2005-01-11,0.6855701804161072,0.6946307343403789,0.6777177909303079,0.6897980765864885,7400259
2005-01-12,0.6831538677215576,0.688589928797049,0.6710735810283922,0.6825497854504663,4118667
2005-01-13,0.6825497150421143,0.6904021468522249,0.6746973256922699,0.6746973256922699,3848275
2005-01-14,0.6644293069839478,0.689193960836404,0.6632211425298218,0.6765095927966445,4237558
2005-01-17,0.6469123363494873,0.6602007877506403,0.6438926043206832,0.65536880888595,5828149
2005-01-18,0.6638251543045044,0.6662415254165722,0.6523482725726413,0.6553686833873972,3530909
2005-01-19,0.6499327421188354,0.6674490899544829,0.6493286598454338,0.6668450076810812,5393213
2005-01-20,0.6378517150878906,0.6511408878139187,0.634227943377,0.643892580107284,4383492
2005-01-21,0.6547645926475525,0.6602006526786957,0.6088583825895906,0.6354360017789319,8630709
2005-01-24,0.6765095591545105,0.6916102978118452,0.663221109548509,0.6789259304028663,12907729
2005-01-25,0.657180905342102,0.6674489430005227,0.6469121883194973,0.6674489430005227,8429239
2005-01-26,0.6469123363494873,0.6602007877506403,0.6402681106489109,0.6469123363494873,3569392
2005-01-27,0.637247622013092,0.6517442371802447,0.634832014855037,0.6414762401929568,2685921
2005-01-28,0.6233551502227783,0.6432885500159372,0.6209395003675566,0.6348320771117385,2778784
2005-01-31,0.6022141575813293,0.6245632032364108,0.5979863040271152,0.61973122502497,5842537
2005-02-01,0.5816775560379028,0.6058388547246578,0.5810734736799087,0.5859054531794329,5996550
2005-02-02,0.6251673698425293,0.6269796166780993,0.5816774795146145,0.5816774795146145,8528683
2005-02-03,0.6010059714317322,0.62939588048901,0.6010059714317322,0.6221475312918407,9635960
2005-02-04,0.6136910915374756,0.622147563056324,0.601006002116808,0.6040264556067548,6330014
2005-02-07,0.6136910915374756,0.622147563056324,0.601006002116808,0.6040264556067548,0
2005-02-08,0.6136910915374756,0.622147563056324,0.601006002116808,0.6040264556067548,0
2005-02-09,0.6136910915374756,0.622147563056324,0.601006002116808,0.6040264556067548,0
2005-02-10,0.6136910915374756,0.622147563056324,0.601006002116808,0.6040264556067548,0
2005-02-11,0.6136910915374756,0.622147563056324,0.601006002116808,0.6040264556067548,0
2005-02-14,0.6136910915374756,0.622147563056324,0.601006002116808,0.6040264556067548,0
2005-02-15,0.6136910915374756,0.622147563056324,0.601006002116808,0.6040264556067548,0
2005-02-16,0.6197312474250793,0.6269795546863535,0.6167108363311018,0.6221475763002615,4897292
2005-02-17,0.6203352212905884,0.6221474676304318,0.6106705868422434,0.6167107286109015,3105856
2005-02-18,0.6161067485809326,0.6281877134841087,0.6161067485809326,0.6263754668439924,4520486
2005-02-21,0.6209394335746765,0.6251673298898073,0.6106707148603647,0.6130870438200372,2932915
2005-02-22,0.646308183670044,0.6499326769470088,0.620939405728085,0.62214757015374,12113690
2005-02-23,0.6493286490440369,0.660200771055745,0.6348320334522112,0.6432885057748299,12739305
2005-02-24,0.6451000571250916,0.6535565722538546,0.6390599136088407,0.6463082641614836,7542997
2005-02-25,0.6499327421188354,0.6740933155975677,0.6499327421188354,0.6565769677619202,18200520
2005-02-28,0.6505367159843445,0.6614088363651361,0.6450999339694645,0.6450999339694645,6061509
2005-03-01,0.6565769910812378,0.6704695251342232,0.643288539323109,0.652348415017242,7052561
2005-03-02,0.6481204032897949,0.6620129348771466,0.6444958677036625,0.661408852689502,5948455
2005-03-03,0.6487244963645935,0.6517441855289922,0.6396639003018382,0.6499326607601585,4492323
2005-03-04,0.6602007746696472,0.6602007746696472,0.6402680979628571,0.6414762624961764,8159980
2005-03-07,0.6825497150421143,0.6861742507550446,0.6614088758276906,0.6614088758276906,31640506
2005-03-08,0.7248322367668152,0.726039721951732,0.6795300998956103,0.6825497894441339,40205090
2005-03-09,0.7254356741905212,0.7338921475682387,0.7151676756213167,0.7248323136764806,21020405
2005-03-10,0.7278519868850708,0.7502010372733189,0.7187914738362983,0.7218118430005033,29220613
2005-03-11,0.7459730505943298,0.7483887001013296,0.7206035506182641,0.7284559825458906,19425250
2005-03-14,0.7308722734451294,0.7459730118377478,0.723623966572169,0.742952558445318,19155448
2005-03-15,0.7483886480331421,0.7598654875486546,0.7278518072284428,0.7308722605676543,20370306
2005-03-16,0.7320804595947266,0.7580533193872657,0.7320804595947266,0.7369124378656886,13435929
2005-03-17,0.7157716155052185,0.7429526419531721,0.7091274325321499,0.7260396975605049,20799169
2005-03-18,0.7405362725257874,0.7514090731461343,0.6734898971364349,0.7127512077999646,23692835
2005-03-21,0.7846302390098572,0.7852342787694564,0.727851860336079,0.738724745849933,26269559
2005-03-22,0.7743622660636902,0.7876507165772368,0.7610737306296067,0.7834227778133106,16002452
2005-03-23,0.731476366519928,0.8142275125789903,0.7175837930998052,0.7804023084198802,48020284
2005-03-24,0.8045637011528015,0.8045637011528015,0.7556370711068011,0.7791941990362159,83066086
2005-03-25,0.7689254879951477,0.8009391718158823,0.7653016739083902,0.800335047113771,36268504
2005-03-28,0.7671139240264893,0.782818789445068,0.7550329578318173,0.7610737806113227,17860239
2005-03-29,0.7465772032737732,0.774362356959421,0.7399322554124441,0.7671139636930057,16385945
2005-03-30,0.7103347778320312,0.7459729934150361,0.7097314174849996,0.7447648290720071,17488257
2005-03-31,0.7175838351249695,0.7236239777180997,0.7036905815269845,0.7042946637227221,10061863
2005-04-01,0.7653017044067383,0.7779860308020565,0.7079192391387661,0.7163757539575372,19157122
2005-04-04,0.7586574554443359,0.775570485506759,0.7320805525336748,0.7489928183112127,19078730
2005-04-05,0.7508049011230469,0.7749661476286858,0.7495967368931415,0.7495967368931415,11899707
2005-04-06,0.7779860496520996,0.7888589362582478,0.7495969423837645,0.7550329610841251,18992212
2005-04-07,0.7755703926086426,0.8033554567533815,0.7707376500182348,0.78644251363734,22805626
2005-04-08,0.7864425182342529,0.7894628868353133,0.7586573690065717,0.7761744368940046,16734269
2005-04-11,0.773154079914093,0.7961072536740175,0.7677180611494548,0.7840262023639131,13999875
2005-04-12,0.7677180171012878,0.7840261573800591,0.7640935235830717,0.7707377065418879,8139058
2005-04-13,0.7918785810470581,0.8057711564455803,0.7731540270417576,0.7731540270417576,19386626
2005-04-14,0.8142276406288147,0.8317447097659242,0.7731540385296132,0.7961072110609272,31874020
2005-04-15,0.7973154187202454,0.829328425625536,0.7912745109191791,0.8069793766003812,21905468
2005-04-18,0.7973154187202454,0.8112079950770188,0.7749663696950906,0.8027514374880936,12139140
2005-04-19,0.7936909794807434,0.8003351632808355,0.7791942773804121,0.7882548754191497,6468824
2005-04-20,0.8202676773071289,0.8444289262913102,0.813019370548297,0.8214758416609717,35329203
2005-04-21,0.840805172920227,0.8444289868775324,0.8106037793641624,0.8251003939219315,20936045
2005-04-22,0.8142276406288147,0.8444290359396072,0.8124161156873149,0.8365766884444982,20375213
2005-04-25,0.8305364847183228,0.8335568533147065,0.8124160564712131,0.815435745703333,14882862
2005-04-26,0.8305364847183228,0.8305364847183228,0.8305364847183228,0.8305364847183228,0
2005-04-27,0.8045637011528015,0.8408052404583448,0.8015432473485988,0.8371807468456263,14654491
2005-04-28,0.8232883214950562,0.8353686091053157,0.7900671484243771,0.7900671484243771,18736386
2005-04-29,0.8003350496292114,0.8293283647921271,0.7973153602350743,0.8232882217190151,14483177
2005-05-02,0.8003350496292114,0.8293283647921271,0.7973153602350743,0.8232882217190151,0
2005-05-03,0.8003350496292114,0.8293283647921271,0.7973153602350743,0.8232882217190151,0
2005-05-04,0.8003350496292114,0.8293283647921271,0.7973153602350743,0.8232882217190151,0
2005-05-05,0.8003350496292114,0.8293283647921271,0.7973153602350743,0.8232882217190151,0
2005-05-06,0.8003350496292114,0.8293283647921271,0.7973153602350743,0.8232882217190151,0
2005-05-09,0.7997310757637024,0.8238923294119462,0.797919465787188,0.8190603504280399,14260927
2005-05-10,0.7520132064819336,0.800939153886114,0.7260396662967689,0.800939153886114,22116950
2005-05-11,0.7403489351272583,0.7882325585565081,0.7378931566730673,0.7477155800340909,9783882
2005-05-12,0.7698153853416443,0.7734990524036729,0.6973767945245134,0.740348810667912,19364507
2005-05-13,0.7624489068984985,0.7833209534061655,0.7391210818173036,0.7612210176117346,18818003
2005-05-16,0.7280713319778442,0.767359639557274,0.7121101117958744,0.7649045518683429,9351328
2005-05-17,0.745259702205658,0.7673596339793121,0.7182488614807077,0.7194767505440742,8319512
2005-05-18,0.7563099265098572,0.7563099265098572,0.736665775117723,0.7526262597425745,6704060
2005-05-19,0.7624489068984985,0.7673597735897808,0.7428047496775957,0.7575380402072163,7196142
2005-05-20,0.7649046778678894,0.8029658794072994,0.762448899318775,0.778410078976485,21267864
2005-05-23,0.745259702205658,0.7550821242569425,0.7366658596733882,0.7513991475224909,8394955
2005-05-24,0.7698153853416443,0.7747262509687249,0.7415766996885882,0.7428045887092645,8606886
2005-05-25,0.7550822496414185,0.7734992077388316,0.7538543603741559,0.7673597614025187,6138338
2005-05-26,0.7415769100189209,0.7649047366612695,0.7366660429989917,0.7501714451456619,7414948
2005-05-27,0.7342100739479065,0.7563100054928361,0.7305264067959311,0.7378930506442409,6467374
2005-05-30,0.7243876457214355,0.737893044250372,0.7010597821745067,0.7243876457214355,9405578
2005-05-31,0.7243876457214355,0.7342100675859508,0.7182488478234995,0.7268434238014732,4249293
2005-06-01,0.6666824221611023,0.7280714482403858,0.6593157770066552,0.725615669703649,12810007
2005-06-02,0.6433544754981995,0.6666823405269352,0.6359878312457861,0.662998673172889,10668148
2005-06-03,0.637215793132782,0.6494933048036494,0.6212546136871996,0.6384436823910202,6359185
2005-06-06,0.6605435013771057,0.6605435013771057,0.6138878204073143,0.6273932180763557,11711675
2005-06-07,0.6494931578636169,0.6814155526862078,0.644582335550921,0.6568598444441494,13895661
2005-06-08,0.7121101021766663,0.714565189832434,0.64089866473957,0.64089866473957,26088021
2005-06-09,0.7599931359291077,0.7759543159051925,0.6936932415754774,0.6986048419251626,35997269
2005-06-10,0.7440326809883118,0.7649047286748595,0.7305265885268393,0.7587659723500881,18312353
2005-06-13,0.745259702205658,0.7575379023836757,0.7145651942906079,0.7440325035979396,11742804
2005-06-14,0.7121101021766663,0.7550821195459834,0.7121101021766663,0.7477154756673925,10526637
2005-06-15,0.7133381366729736,0.7342102266620726,0.6863266001535904,0.7084265794487462,11769629
2005-06-16,0.7833209037780762,0.7833209037780762,0.7096544126437024,0.7096544126437024,34875402
2005-06-17,0.7538542747497559,0.7968262514885195,0.7477155195664589,0.7882324948122749,27515854
2005-06-20,0.8054209351539612,0.8152433585001715,0.7342101783402518,0.7649046471483872,57167754
2005-06-21,0.8312046527862549,0.8704937474708383,0.7833210227888361,0.7980543146234582,65802762
2005-06-22,0.8434820175170898,0.8631269497865435,0.806648794407064,0.8189263052918347,61827476
2005-06-23,0.7980541586875916,0.8582152899733939,0.7919154033652875,0.8348874673840785,50081852
2005-06-24,0.811559796333313,0.8176992432577056,0.7919155512357646,0.7968264183194498,30757066
2005-06-27,0.892593502998352,0.892593502998352,0.836115349218205,0.836115349218205,81297530
2005-06-28,0.8655819296836853,0.9011873490284572,0.8582152852463558,0.8778602170233274,60698191
2005-06-29,0.8447097539901733,0.887681811081065,0.8410260871172469,0.8717205492359459,42932719
2005-06-30,0.8213819861412048,0.8545322282326737,0.8213819861412048,0.83488738460231,27492167
2005-07-01,0.7845486998558044,0.831204427830894,0.7759541668689748,0.8287486497044718,27068440
2005-07-04,0.8152433633804321,0.8164712526130263,0.7710434074345346,0.7759542739091679,22751776
2005-07-05,0.8238378167152405,0.8533043935831719,0.8054208609449455,0.807876639169165,32130342
2005-07-06,0.811559796333313,0.8459379372865962,0.7992822833961855,0.8201543315716338,21347996
2005-07-07,0.8103324770927429,0.8213820990044346,0.8005100539278964,0.806648809485028,11971459
2005-07-08,0.7624489068984985,0.8103325326546241,0.7587659294939804,0.8103325326546241,20231071
2005-07-11,0.7771819829940796,0.8226098176425806,0.7710432287097909,0.7857765151743171,21272912
2005-07-12,0.8483934998512268,0.8545322547553864,0.7685875284232363,0.7759541723993584,47411062
2005-07-13,0.8459377288818359,0.8618989060414121,0.8336595285137304,0.8459377288818359,38874164
2005-07-14,0.8459377288818359,0.8594431278766592,0.8373431957608597,0.8447098397994596,18349072
2005-07-15,0.8201541304588318,0.855760152065919,0.8115595973280059,0.8520764848145681,20023451
2005-07-18,0.8385711908340454,0.8434820573285989,0.8103325001928066,0.8127875882122103,16194429
2005-07-19,0.8508486151695251,0.8643540144883745,0.8312044607471696,0.8361153267388396,23327858
2005-07-20,0.8471656441688538,0.8569873762203547,0.8348874434209571,0.8557601775556772,14837539
2005-07-21,0.8312046527862549,0.8508488117471393,0.8189264492868464,0.8471658340164013,17946957
2005-07-22,0.8361154198646545,0.8508487099363213,0.8127875955085568,0.8410262864032927,29434396
2005-07-25,0.7722712159156799,0.8287486773705464,0.7661324608503428,0.8287486773705464,44784562
2005-07-26,0.7796379327774048,0.8017379536535506,0.7673597310462595,0.7685876202649475,26398310
2005-07-27,0.8029657006263733,0.8029657006263734,0.7784099056629254,0.7833207712119794,26742088
2005-07-28,0.7980541586875916,0.8164712014171663,0.7820929805761809,0.7980541586875916,24891171
2005-07-29,0.7882325649261475,0.7968263223668132,0.7759542767047456,0.7919154558744872,16141664
2005-08-01,0.8164711594581604,0.8164711594581604,0.7796378526545621,0.7845487185688926,26051230
2005-08-02,0.8189263343811035,0.8226100020508114,0.801737956623015,0.8189263343811035,22445998
2005-08-03,0.8250658512115479,0.8434821197712832,0.8164713163680191,0.8176992056964942,29216261
2005-08-04,0.8410260677337646,0.8582151318334138,0.8152431620398638,0.8201540273016609,34070979
2005-08-05,0.8987321853637695,0.9011872729986218,0.8385710594849054,0.8397989485301505,59893107
2005-08-08,0.9196041822433472,0.9601203759969583,0.9146933167611044,0.9208320712278089,79497697
2005-08-09,0.941704273223877,0.9527538950575642,0.9011873821036729,0.9146934727808886,43248676
2005-08-10,0.9564376473426819,0.9588934257263714,0.9196043375589774,0.9343376269496732,35785078
2005-08-11,0.9392484426498413,0.9564375958049525,0.9269709323044099,0.9539817312466324,30293324
2005-08-12,0.9208322763442993,0.961348479122943,0.9110098527362535,0.9441601871855295,33963622
2005-08-15,0.9969545006752014,1.0116877895084635,0.92574305803701,0.92574305803701,57044398
2005-08-16,0.98467618227005,1.0153706454221354,0.9711707841924795,1.003093136343546,41777807
2005-08-17,1.0485211610794067,1.075531962082748,0.9760818249308447,0.9859042482301215,46836365
2005-08-18,0.9871320724487305,1.0878094017348638,0.9822212063503313,1.0534319581346883,50073608
2005-08-19,1.0116878747940063,1.0301041421602326,0.9711709818591041,0.9846763826854873,37591357
2005-08-22,0.9981817007064819,1.0116877908682034,0.9723987904414674,1.0030932572946334,17366046
2005-08-23,0.9662600159645081,1.003093237365373,0.941704218571744,1.0006374591200882,22132583
2005-08-24,0.9969545006752014,1.0104599003630759,0.9662600338632896,0.9711708999891456,27893267
2005-08-25,1.0116878747940063,1.0116878747940063,0.982221294643442,0.9932709169720273,21148613
2005-08-26,1.0043212175369263,1.0337878836359429,0.9944987941209955,1.0116878624849384,16603725
2005-08-29,1.0043212175369263,1.0043212175369263,1.0043212175369263,1.0043212175369263,0
2005-08-30,0.9576656222343445,0.9871322036526488,0.9576656222343445,0.9687152450383174,17371141
2005-08-31,1.0030932426452637,1.0030932426452637,0.9650321319214175,0.9650321319214175,20558155
2005-09-01,1.0153708457946777,1.0153708457946777,0.996954578542541,1.0043212235345453,19002042
2005-09-02,1.0423816442489624,1.0620265774479825,1.0202817093372138,1.0202817093372138,28247246
2005-09-05,1.0534322261810303,1.0669376292298525,1.0301043116734152,1.0534322261810303,14276654
2005-09-06,1.0092320442199707,1.0546598876576145,1.0043211779335275,1.0534319984720746,24407403
2005-09-07,1.0460654497146606,1.0509763164513173,0.9969546246737822,1.0067763581470952,17109506
2005-09-08,1.0337879657745361,1.0522042343799407,1.0141430310748378,1.046065478178139,14345711
2005-09-09,1.0583428144454956,1.086582193003281,1.0337877937248947,1.0436094395239008,40273239
2005-09-12,1.0583428144454956,1.0583428144454956,1.0583428144454956,1.0583428144454956,0
2005-09-13,1.0583428144454956,1.0583428144454956,1.0583428144454956,1.0583428144454956,0
2005-09-14,1.0583428144454956,1.0583428144454956,1.0583428144454956,1.0583428144454956,0
2005-09-15,1.0583428144454956,1.0583428144454956,1.0583428144454956,1.0583428144454956,0
2005-09-16,1.0583428144454956,1.0583428144454956,1.0583428144454956,1.0583428144454956,0
2005-09-19,1.0583428144454956,1.0583428144454956,1.0583428144454956,1.0583428144454956,0
2005-09-20,1.0583428144454956,1.0583428144454956,1.0583428144454956,1.0583428144454956,0
2005-09-21,1.0583428144454956,1.0583428144454956,1.0583428144454956,1.0583428144454956,0
2005-09-22,0.9760816097259521,1.0301038902776254,0.9588932358115526,0.9846761419109438,21316171
2005-09-23,0.9404762387275696,0.9846761864518907,0.9011872428713698,0.9723986773211598,16683503
2005-09-26,0.9576656222343445,0.9699431343400439,0.9318819319584644,0.9318819319584644,9122620
2005-09-27,0.9662600159645081,0.9674879050871504,0.9429321076943865,0.9674879050871504,11664389
2005-09-28,0.9466152191162109,0.9699431307011193,0.9269710617296343,0.9662601532655397,11202068
2005-09-29,0.9625763297080994,0.9625763297080994,0.9404763109942853,0.9404763109942853,12444117
2005-09-30,0.9957267642021179,0.995726764202118,0.9552097821634704,0.9638044033502426,15578667
2005-10-03,0.9957267642021179,0.995726764202118,0.9552097821634704,0.9638044033502426,0
2005-10-04,0.9957267642021179,0.995726764202118,0.9552097821634704,0.9638044033502426,0
2005-10-05,0.9957267642021179,0.995726764202118,0.9552097821634704,0.9638044033502426,0
2005-10-06,0.9957267642021179,0.995726764202118,0.9552097821634704,0.9638044033502426,0
2005-10-07,0.9957267642021179,0.995726764202118,0.9552097821634704,0.9638044033502426,0
2005-10-10,1.0313317775726318,1.0313317775726318,0.9871319182254743,0.9944985614500005,18016563
2005-10-11,1.0399266481399536,1.0558878274048489,1.0165987375578114,1.0313320275783684,21240698
2005-10-12,1.0104597806930542,1.0423814424141367,1.0055482246931857,1.0423814424141367,25175279
2005-10-13,1.0104597806930542,1.0104597806930542,1.0104597806930542,1.0104597806930542,0
2005-10-14,1.0104597806930542,1.0104597806930542,1.0104597806930542,1.0104597806930542,0
2005-10-17,1.0104597806930542,1.0104597806930542,1.0104597806930542,1.0104597806930542,0
2005-10-18,1.0104597806930542,1.0104597806930542,1.0104597806930542,1.0104597806930542,0
2005-10-19,1.0104597806930542,1.0104597806930542,1.0104597806930542,1.0104597806930542,0
2005-10-20,1.0104597806930542,1.0104597806930542,1.0104597806930542,1.0104597806930542,0
2005-10-21,1.0104597806930542,1.0104597806930542,1.0104597806930542,1.0104597806930542,0
2005-10-24,1.0104597806930542,1.0104597806930542,1.0104597806930542,1.0104597806930542,0
2005-10-25,1.0104597806930542,1.0104597806930542,1.0104597806930542,1.0104597806930542,0
2005-10-26,1.0104597806930542,1.0104597806930542,1.0104597806930542,1.0104597806930542,0
2005-10-27,1.0104597806930542,1.0104597806930542,1.0104597806930542,1.0104597806930542,0
2005-10-28,1.0104597806930542,1.0104597806930542,1.0104597806930542,1.0104597806930542,0
2005-10-31,1.0104597806930542,1.0104597806930542,1.0104597806930542,1.0104597806930542,0
2005-11-01,1.0104597806930542,1.0104597806930542,1.0104597806930542,1.0104597806930542,0
2005-11-02,1.0104597806930542,1.0104597806930542,1.0104597806930542,1.0104597806930542,0
2005-11-03,1.0104597806930542,1.0104597806930542,1.0104597806930542,1.0104597806930542,0
2005-11-04,1.0104597806930542,1.0104597806930542,1.0104597806930542,1.0104597806930542,0
2005-11-07,1.0104597806930542,1.0104597806930542,1.0104597806930542,1.0104597806930542,0
2005-11-08,1.0104597806930542,1.0104597806930542,1.0104597806930542,1.0104597806930542,0
2005-11-09,1.0104597806930542,1.0104597806930542,1.0104597806930542,1.0104597806930542,0
2005-11-10,1.04704749584198,1.1124879211786334,1.02470142059873,1.0278941732558808,58769953
2005-11-11,1.0262980461120605,1.0534320066194323,1.007144804377153,1.0310866154666833,15541705
2005-11-14,1.0231058597564697,1.0374706167133219,1.0087411027996176,1.0183173772856393,6113761
2005-11-15,0.9544732570648193,1.0326821152390977,0.9433005630399225,1.0215094212142006,15240334
2005-11-16,0.9736267924308777,0.9800110054499567,0.9065898370609333,0.9544734629178655,12507203
2005-11-17,0.9480884671211243,0.9704345482699739,0.9337237087293332,0.9592611624676951,7170100
2005-11-18,0.9975675940513611,1.0055482252534573,0.9417041250131556,0.9480883365311971,16924895
2005-11-21,1.0023562908172607,1.0135289860535326,0.9863950263721325,0.9863950263721325,7873684
2005-11-22,0.9736267924308777,1.0135290947535553,0.9704346427678522,1.0023563983190225,8028298
2005-11-23,0.9832029938697815,1.000760592440991,0.959261182766075,0.959261182766075,6414965
2005-11-24,0.986395001411438,1.000760536060562,0.9768187263056792,0.986395001411438,5173044
2005-11-25,0.9816071391105652,0.9959719822799789,0.9720301742318358,0.9943755625459944,5667972
2005-11-28,0.9592611193656921,0.9863949917888073,0.9528769072551464,0.9816071995104764,7564102
2005-11-29,0.9847993850708008,0.9911835974170049,0.9672417870119266,0.9672417870119266,11929398
2005-11-30,1.0406627655029297,1.0550282992190116,0.989587776833238,0.989587776833238,27007148
2005-12-01,1.0135289430618286,1.0390670859205087,1.0023562482994781,1.0390670859205087,12873812
2005-12-02,1.018317461013794,1.0278944267428924,0.9991641337043304,0.9991641337043304,8759442
2005-12-05,0.9768186807632446,1.0278943608246305,0.9752222609898864,1.0135289131522303,8417196
2005-12-06,0.9847993850708008,0.9959720803277684,0.9656460575764862,0.9720302699226903,4947932
2005-12-07,0.9991640448570251,0.9991640448570251,0.9752222368119572,0.9832028682626313,4802866
2005-12-08,1.0103367567062378,1.0262979335801525,0.9975676425931944,1.0135289057740648,7615009
2005-12-09,1.0262980461120605,1.0326822586407776,1.0055483844403712,1.0103368674880286,8819757
2005-12-12,1.0231058597564697,1.0342785539869663,1.013528894814809,1.0262979224828255,6266474
2005-12-13,1.0135289430618286,1.0262979713376892,0.9975676792937427,1.0231059084593817,6051917
2005-12-14,1.0262980461120605,1.0294901955299016,0.9991641719116543,1.0183174999535272,11075083
2005-12-15,1.0215095281600952,1.0566240336261605,1.0151253158495226,1.0374707062387443,31799582
2005-12-16,1.0374706983566284,1.0406628476411437,1.0103368252895164,1.013528974574032,11520002
2005-12-19,1.024701714515686,1.0390671636871656,1.01991392191425,1.0342786806300057,6742777
2005-12-20,1.0231058597564697,1.0310864912606108,1.013528894814809,1.0310864912606108,5459992
2005-12-21,1.0071450471878052,1.026298293540332,1.0039528970003748,1.0183177454577839,6950009
2005-12-22,1.018317461013794,1.0247016732983831,0.9991641337043304,1.0055483459889196,5375649
2005-12-23,1.0167211294174194,1.0247017622706827,1.0071448533125325,1.0183175494317682,5697129
2005-12-26,1.0231058597564697,1.0326821342424914,1.0167209575411646,1.0167209575411646,9627886
2005-12-27,1.0135289430618286,1.0294901205229554,1.0103367938765622,1.0231059084593817,6394235
2005-12-28,1.0199137926101685,1.0278943377727696,1.0119331611406126,1.013528890422533,6831914
2005-12-29,1.0199137926101685,1.0278943377727696,1.0119331611406126,1.018317372872612,8865235
2005-12-30,0.9991640448570251,1.0294900646189877,0.995971982152055,1.0278943353408427,9199783
2006-01-04,1.0071450471878052,1.0135292612556799,0.9895881348499518,0.9975679924766113,7056950
2006-01-05,1.0167211294174194,1.0183175494317682,0.999164220459269,1.0071448533125325,10252557
2006-01-06,1.0262980461120605,1.034278678577559,1.007144804377153,1.0167210800167457,14964454
2006-01-09,1.0486433506011963,1.064604614213098,1.0247016277972603,1.0294901104491805,29596760
2006-01-10,1.0358750820159912,1.0518355699300987,1.0294901791332443,1.0486434205630988,11806396
2006-01-11,1.0167211294174194,1.042259361684589,1.0087412733268812,1.037470792097298,13652824
2006-01-12,1.0422593355178833,1.0534320313566203,1.01831752386614,1.0199139438404095,15208509
2006-01-13,1.0342785120010376,1.0598159621517087,1.031086449404262,1.051835417278488,12662924
2006-01-16,1.0374706983566284,1.0630082378605976,1.0294901525314168,1.0326822155089703,18129298
2006-01-17,1.0534322261810303,1.0598163537333938,1.02470192605573,1.03587531441664,17857315
2006-01-18,1.094930648803711,1.1045077012873061,1.0518355956133698,1.053432015563706,34648036
2006-01-19,1.0965269804000854,1.1092954045371,1.07737374004585,1.1013154631025623,20752712
2006-01-20,1.1061034202575684,1.152390626064136,1.0901422404044658,1.101315627296955,24465192
2006-01-23,1.1348336935043335,1.1428143264219022,1.1029113344479988,1.1172760939489539,21371318
2006-01-24,1.1204687356948853,1.1396220614318247,1.1108917707520733,1.1268529474553186,15394530
2006-01-25,1.0965269804000854,1.122064519129787,1.0534319306821789,1.1188723699420537,20258941
2006-02-06,1.1300451755523682,1.1332373250532002,1.0853543920849813,1.096527087951828,12566988
2006-02-07,1.1140838861465454,1.1316414834244837,1.0901420768063637,1.130045063604347,17841412
2006-02-08,1.1013153791427612,1.1092953199689406,1.0853542028861152,1.1029111083871397,12547206
2006-02-09,1.1140838861465454,1.130045063604347,1.0869500139287214,1.101315462022058,11107040
2006-02-10,1.1587755680084229,1.161967717778042,1.1076998770898931,1.1204689940102188,24213344
2006-02-13,1.1444101333618164,1.1571791641545777,1.1268532230752537,1.1539871006470834,13883897
2006-02-14,1.1444101333618164,1.1444101333618164,1.1444101333618164,1.1444101333618164,0
2006-02-15,1.1635631322860718,1.1763322466950523,1.149198374840976,1.160371069451221,19468353
2006-02-16,1.1827163696289062,1.2098502394401633,1.152390350916167,1.1986775456710734,41218305
2006-02-17,1.0853544473648071,1.1827166519314647,1.0821616072456157,1.1811209223276442,28373242
2006-02-20,1.0151252746582031,1.0773737371785992,1.007144729096191,1.0693931053096282,27968989
2006-02-21,1.0454515218734741,1.0486435854353802,1.0023564629598178,1.0087413668464271,23674055
2006-02-22,1.0199137926101685,1.0502397261369256,1.015125223853135,1.0454512436868468,13707869
2006-02-23,1.018317461013794,1.032682219151746,1.0055483459889196,1.0151253117180183,10557911
2006-02-24,1.04704749584198,1.0614122504374677,1.0135287282048677,1.02470142059873,13991709
2006-02-27,1.0294898748397827,1.0470474679313373,1.0247013932837559,1.0374704185123453,8620894
2006-02-28,1.04385507106781,1.0470479112987847,1.010336980586623,1.0247018271888604,8594640
2006-03-01,1.0534322261810303,1.0582207102267276,1.0310868303709426,1.0374709579233061,8147281
2006-03-02,1.0231058597564697,1.0518354599771291,1.0151252282523289,1.0470476679619376,8957506
2006-03-03,1.0087411403656006,1.0262979607026324,0.9863949743098319,1.0199138350121733,13371887
2006-03-06,0.9879916310310364,1.01193344586928,0.9863952108442936,1.0087413822586035,5613830
2006-03-07,0.962454080581665,0.9975678126195348,0.960857660547833,0.989587956431608,8774569
2006-03-08,0.9736267924308777,0.9847994888654106,0.9576656125808909,0.9608576759369445,4386126
2006-03-09,0.9688381552696228,0.9832029127806529,0.9640495863070992,0.973626637925188,3618435
2006-03-10,0.9688381552696228,0.9688381552696228,0.9688381552696228,0.9688381552696228,0
2006-03-13,0.962454080581665,0.9736267768372558,0.9433007513754128,0.9688382934984944,5758370
2006-03-14,0.9752224087715149,0.9784145583463064,0.9353201938587419,0.9608576493779831,10530818
2006-03-15,0.9784145951271057,0.9800110152023925,0.9624541055740657,0.9672418985813893,7028268
2006-03-16,0.9640496969223022,0.978414542388515,0.9640496969223022,0.978414542388515,4008426
2006-03-17,0.9433007836341858,0.9640497568211036,0.9433007836341858,0.9640497568211036,6895776
2006-03-20,0.9592611193656921,0.960857539197907,0.9369157296765849,0.9417042124105928,4267527
2006-03-21,0.9720302224159241,0.9720302224159241,0.9512804760445845,0.9592611078918881,7011590
2006-03-22,0.9784145951271057,0.9832030785902115,0.9608576854987788,0.973626802119782,5735182
2006-03-23,0.9975675940513611,1.0055482252534573,0.972030143830534,0.9736265635145888,11612890
2006-03-24,0.9927799701690674,1.0103368784649072,0.9879914870693851,0.99756776281302,9009067
2006-03-27,1.0071450471878052,1.0087414675094648,0.994375928596167,0.994375928596167,5787101
2006-03-28,0.9943757653236389,1.0135290948382516,0.9911837019673186,1.0119333652344933,5672404
2006-03-29,0.9847993850708008,0.9975677234562461,0.9704345404872498,0.9943756604366255,9333958
2006-03-30,0.9496848583221436,0.9863950062975623,0.9496848583221437,0.9784144605443765,8360982
2006-03-31,1.000760555267334,1.0135289798580398,0.9448963889717594,0.9448963889717594,18036973
2006-04-03,1.0055482387542725,1.0119331408136525,0.9879913331928653,0.9879913331928653,8035805
2006-04-04,1.0071450471878052,1.0119335313899092,0.9847996506478479,1.0071450471878052,10100311
2006-04-05,1.0646047592163086,1.0757774553910955,1.013529071190745,1.013529071190745,24587351
2006-04-06,1.0582202672958374,1.0805656537529933,1.0534317852544173,1.0693929605244152,25473005
2006-04-07,1.0869499444961548,1.1061031836081214,1.058220344749065,1.0598159877046438,32773915
2006-04-10,1.1252566576004028,1.1332372900267171,1.0773738124191308,1.0933349909647945,25387161
2006-04-11,1.1333972215652466,1.174337016822654,1.1247780901769364,1.131242654485582,29665023
2006-04-12,1.1010758876800537,1.163563162442331,1.0989212344223174,1.135551807022157,23131594
2006-04-13,1.103230357170105,1.129087143355282,1.0903020072309926,1.0967657938192628,20047151
2006-04-14,1.1204687356948853,1.1269326087746854,1.0773736880565552,1.0989211687222429,15573865
2006-04-17,1.1463255882263184,1.1506348084238307,1.0989212316170476,1.1226234530751629,21116135
2006-04-18,1.1484802961349487,1.2066584439878885,1.1398611642263414,1.1937300050458886,38802509
2006-04-19,1.172182321548462,1.176492231999129,1.1183134035650828,1.1441708812091014,20667168
2006-04-20,1.1506348848342896,1.1786469324988382,1.1355518795322173,1.1721824544710828,16011444
2006-04-21,1.1700279712677002,1.176492536542755,1.126932912032484,1.150635052205339,19623209
2006-04-24,1.1226232051849365,1.176492027497718,1.0989209889605878,1.176492027497718,19084474
2006-04-25,1.1010758876800537,1.1183134589697852,1.0816829726769055,1.1183134589697852,10412142
2006-04-26,1.124778151512146,1.1355519368745903,1.088147574723533,1.1010760135901023,12580186
2006-04-27,1.1398611068725586,1.1635632437402836,1.1204688809701593,1.1333972329546798,14899251
2006-04-28,1.1851106882095337,1.2001943824633239,1.0989211950190716,1.1204687625073402,33487577
2006-05-08,1.2174317836761475,1.241133913058444,1.1851104392340173,1.198038787135604,31494099
2006-05-09,1.2885385751724243,1.3143960558321772,1.2023491594163829,1.2217420757205244,39405344
2006-05-10,1.3337883949279785,1.3790381052781435,1.2885386845778137,1.310086256113769,36894933
2006-05-11,1.3747289180755615,1.4673829083228236,1.335943771680219,1.335943771680219,44590318
2006-05-12,1.4242877960205078,1.4652282849435734,1.3833480838601901,1.3833480838601901,30053577
2006-05-15,1.4501451253890991,1.4975493973591776,1.3380982328340991,1.4566089990662583,43060533
2006-05-16,1.508323311805725,1.5945127270866482,1.3574911877618696,1.443680689349758,56249474
2006-05-17,1.650536298751831,1.6591554301255114,1.5255608788936648,1.5298708761153303,47634007
2006-05-18,1.508323311805725,1.6505363044461647,1.4846211751346403,1.6419178634984715,33668617
2006-05-19,1.6591557264328003,1.6591557264328003,1.512632710893901,1.5147874509686519,46817705
2006-05-22,1.7475003004074097,1.8250712755895395,1.7022505936534895,1.7022505936534895,40015856
2006-05-23,1.5794296264648438,1.7216433009752092,1.5729659256047517,1.7216433009752092,27234066
2006-05-24,1.5147873163223267,1.6440725723852803,1.4889304377236816,1.5794298580468307,24746974
2006-05-25,1.536334753036499,1.5514184487380838,1.4975494385398878,1.5212517477906362,8550427
2006-05-26,1.585894227027893,1.585894227027893,1.5320253913736022,1.5535729601581034,13743901
2006-05-29,1.5966678857803345,1.6332982817939559,1.549262757428151,1.6031315859317226,14016357
2006-05-30,1.5966678857803345,1.5966678857803345,1.5966678857803345,1.5966678857803345,0
2006-05-31,1.5406445264816284,1.5988226689081364,1.5298708283681872,1.596668101899373,13092623
2006-06-01,1.6483817100524902,1.6785484137027245,1.5298710162504312,1.5320255835237955,21846135
2006-06-02,1.6074416637420654,1.6677743680626365,1.5665012691538578,1.6526913645964039,22454480
2006-06-05,1.7151788473129272,1.7151788473129272,1.6095964291142708,1.6095964291142708,26022864
2006-06-06,1.6677744388580322,1.7453454072193983,1.659155308118167,1.719488705455472,20202268
2006-06-07,1.5018585920333862,1.6893219619845707,1.501858592033386,1.6419176935490585,21202742
2006-06-08,1.46307373046875,1.497549568570345,1.359645870936074,1.4867758691635966,17837329
2006-06-09,1.46307373046875,1.4824667346287883,1.411359455474521,1.4652282977361544,16363566
2006-06-12,1.4566091299057007,1.4975495318760783,1.422133206341892,1.422133206341892,8034962
2006-06-13,1.4609191417694092,1.4867758473523378,1.4436807914366376,1.4652282762410018,7153964
2006-06-14,1.4522994756698608,1.4652279115504503,1.3790377348645384,1.4630733448509186,6577740
2006-06-15,1.5018585920333862,1.5255607262511421,1.44368053991921,1.44368053991921,11367720
2006-06-16,1.5471082925796509,1.5514182893672064,1.4824664536202192,1.4953947178437579,24172673
2006-06-19,1.5384902954101562,1.5643470039144363,1.508323588877615,1.544954170461792,11774202
2006-06-20,1.5621923208236694,1.5751207604260091,1.5212519168550276,1.527716481884097,12437080
2006-06-21,1.534179925918579,1.5708104986335787,1.5255607950187764,1.5643466251470084,6399126
2006-06-22,1.4867756366729736,1.5427990374414993,1.4673826355454649,1.534179906649949,10459323
2006-06-23,1.5298709869384766,1.534180121402643,1.4738474057139186,1.4760021455599444,9358154
2006-06-26,1.5406445264816284,1.553572964217758,1.519096957640821,1.5255608312810363,8199209
2006-06-27,1.551418662071228,1.57512080196729,1.5363349642955078,1.5621923620239835,11080544
2006-06-28,1.5686562061309814,1.6031320453064661,1.529871059672512,1.5471086340323528,12125403
2006-06-29,1.5794296264648438,1.5988226277982431,1.5514183573179885,1.564346622107774,12277517
2006-06-30,1.534179925918579,1.590203500004655,1.534179925918579,1.5751204956182818,9831054
2006-07-03,1.5212514400482178,1.5643463978293528,1.5083230044980458,1.534179702984494,20494034
2006-07-04,1.5040132999420166,1.5406445648967977,1.4975494261406281,1.523406302257615,11410570
2006-07-05,1.4760022163391113,1.504013490452795,1.4436808581778937,1.495395048497237,12008398
2006-07-06,1.508323311805725,1.5277163143099286,1.473847304033853,1.473847304033853,11947629
2006-07-07,1.5277162790298462,1.5514184151535693,1.501858712802805,1.508323276973492,13791613
2006-07-10,1.5147873163223267,1.5277164460774317,1.4824667359158572,1.5234064484691539,8330061
2006-07-11,1.5729660987854004,1.5945128063748146,1.5277163902766009,1.5277163902766009,30788604
2006-07-12,1.5643466711044312,1.607441809027734,1.5578821069722621,1.5794296759339135,16301816
2006-07-13,1.4393715858459473,1.5665015835498934,1.4393715858459473,1.5665015835498934,18599562
2006-07-14,1.4501451253890991,1.4630735631991205,1.4135138611383355,1.4329068630812192,9054780
2006-07-17,1.4544544219970703,1.460918986085272,1.4329068531819704,1.4501451153707596,4641974
2006-07-18,1.46307373046875,1.4716928626080943,1.4372169381995266,1.4716928626080943,4749978
2006-07-19,1.3962763547897339,1.4609190647142045,1.383348002680167,1.456609067400225,7342453
2006-07-20,1.4048954248428345,1.4135138655680806,1.3898117295087622,1.3984309469966765,3140219
2006-07-21,1.3898117542266846,1.4242876754149043,1.3833479667212727,1.4048954498290218,6093554
2006-07-24,1.3790379762649536,1.3941217582480385,1.3294790496876945,1.3790379762649536,3488126
2006-07-25,1.4156688451766968,1.4329064989554574,1.3747283709804812,1.3919667152147694,6185235
2006-07-26,1.385502576828003,1.4221331525272638,1.3790380123590875,1.417823931954135,6098010
2006-07-27,1.4048954248428345,1.4113592985402506,1.3790379449930181,1.3941217266340535,5961590
2006-07-28,1.348872184753418,1.4048955948316986,1.3316338339987552,1.396276462607854,6876623
2006-07-31,1.2131229639053345,1.338098300599489,1.2131229639053345,1.33594364716233,11041712
2006-08-01,1.202349305152893,1.2389797983431403,1.1894208653303435,1.213123091311994,5133703
2006-08-02,1.2066582441329956,1.2152773746140442,1.1743368932103655,1.2023490241202957,4553179
2006-08-03,1.1937298774719238,1.2174320993061696,1.1872653134639106,1.2131228790402742,2684676
2006-08-04,1.1333972215652466,1.206658371147473,1.1333972215652466,1.1958845863725334,5351139
2006-08-07,1.124778151512146,1.1377065040717456,1.1118497989525467,1.1204689308108662,4929802
2006-08-08,1.1635631322860718,1.170027696040458,1.1247779937406563,1.1247779937406563,3868976
2006-08-09,1.1527894735336304,1.1721824764456232,1.146325685840425,1.1657186024454504,4337447
2006-08-10,1.1808013916015625,1.1851106113761865,1.1506346955054119,1.1506346955054119,4355043
2006-08-11,1.1808013916015625,1.189420521606421,1.1657183887812927,1.1808013916015625,4142124
2006-08-14,1.1355516910552979,1.1894205198992598,1.1204686882566763,1.1808013899067722,3717117
2006-08-15,1.1441709995269775,1.1592540046783963,1.1269327368530064,1.1333972148161926,3565910
2006-08-16,1.1743367910385132,1.1851105737420289,1.1463254393282842,1.1463254393282842,4756644
2006-08-17,1.1614086627960205,1.1743370146264465,1.1484802246586294,1.1700277941682113,2533359
2006-08-18,1.1570994853973389,1.174337058327468,1.1527894880160288,1.1635632731717485,2020032
2006-08-21,1.1915754079818726,1.204503760292989,1.1118497775827796,1.1290873505123526,5596671
2006-08-22,1.2001945972442627,1.208813038894577,1.1721825473599177,1.1851109002911682,5037332
2006-08-23,1.2238967418670654,1.2475989668940195,1.1872654733894938,1.2001946031470845,8681668
2006-08-24,1.238979697227478,1.238979697227478,1.2109683388189472,1.2238966912794111,4669355
2006-08-25,1.219586730003357,1.2497534311147245,1.2174321629113238,1.2411342996769346,4657541
2006-08-28,1.2432887554168701,1.249753319183644,1.2195866207740826,1.2195866207740826,4315271
2006-08-29,1.3036223649978638,1.3682642114298869,1.251908093828155,1.260527225330073,25928387
2006-08-30,1.2820748090744019,1.2971578146780929,1.266991803470711,1.2928485941082446,8665668
2006-08-31,1.2863837480545044,1.3230142294004912,1.2863837480545044,1.2885383147143097,6821233
2006-09-01,1.2475988864898682,1.2993123814433956,1.2389796685898948,1.2885385964125888,6411625
2006-09-04,1.2669918537139893,1.2799202063919535,1.2411343715953242,1.2454442827918228,5348595
2006-09-05,1.249753475189209,1.2777648334337155,1.238979689972466,1.2713010456226947,5652884
2006-09-06,1.2540630102157593,1.2605275764101136,1.236825432866673,1.2605275764101136,3090843
2006-09-07,1.2540630102157593,1.2540630102157593,1.2540630102157593,1.2540630102157593,0
2006-09-08,1.2411342859268188,1.254062637712412,1.228205847834261,1.2325150682775527,3593701
2006-09-11,1.2863837480545044,1.2993120973897685,1.2389793977261105,1.2389793977261105,9223643
2006-09-12,1.2863837480545044,1.2971575307299632,1.269146092785733,1.2756099653790458,5493358
2006-09-13,1.2605271339416504,1.2928484863491903,1.2389795656699572,1.286383922424018,4330032
2006-09-14,1.2432887554168701,1.2605271030555052,1.2346703152066953,1.2454440990785567,4761462
2006-09-15,1.2648365497589111,1.2713011146838264,1.2389797572777985,1.2519081966718415,3704396
2006-09-18,1.2820748090744019,1.2863840296442501,1.2562180184368683,1.266991803470711,4457843
2006-09-19,1.2648365497589111,1.2928486862878452,1.2605273288818173,1.2820749004858358,4308047
2006-09-20,1.2583727836608887,1.2713011369746423,1.2389797790018962,1.260527350983727,4721858
2006-09-21,1.2842292785644531,1.2906938425369394,1.2432887949802411,1.2583725761998008,8094696
2006-09-22,1.2669918537139893,1.2906939918530367,1.2497535035325558,1.2842294271326864,5285736
2006-09-25,1.2756099700927734,1.2820745331655616,1.2562177480925372,1.26052696773502,4824200
2006-09-26,1.249753475189209,1.2820748308394376,1.2454442545462054,1.275610266265698,2945449
2006-09-27,1.2626818418502808,1.2648364088953892,1.236825052248812,1.2519080572481367,2694619
2006-09-28,1.2734555006027222,1.277764720866095,1.2540625853526859,1.2669917133611437,4961933
2006-09-29,1.2993122339248657,1.3143959282675044,1.2713008793440783,1.2734554462302912,9462122
2006-10-09,1.323014497756958,1.32732449502028,1.2928485733411015,1.3014677047980865,10079348
2006-10-10,1.316550612449646,1.3230143995673864,1.2950030443272675,1.3230143995673864,5652642
2006-10-11,1.3100861310958862,1.314396042003871,1.2906939054514903,1.3122414749312208,5534978
2006-10-12,1.3100861310958862,1.3402528319358669,1.3036223435709708,1.3122414749312208,7420059
2006-10-13,1.3122413158416748,1.325169666086822,1.3036221855263648,1.3122413158416748,7080628
2006-10-16,1.2648365497589111,1.3230146133390783,1.2626819824738509,1.3230146133390783,8933232
2006-10-17,1.2325149774551392,1.2734554599328787,1.2023490556635488,1.2648363292257099,13857540
2006-10-18,1.2368251085281372,1.238979675671285,1.2238966699856375,1.2238966699856375,4055570
2006-10-19,1.2432887554168701,1.2432887554168701,1.2282057514399214,1.2389795353117827,4772765
2006-10-20,1.1872652769088745,1.2411341966198333,1.159253921978144,1.2411341966198333,20914575
2006-10-23,1.1484802961349487,1.1829562196205852,1.1355519434999195,1.1829562196205852,7483728
2006-10-24,1.1743367910385132,1.1743367910385132,1.1484800059937004,1.1484800059937004,4545861
2006-10-25,1.1549447774887085,1.1743370029674407,1.148480213256334,1.1743370029674407,4646712
2006-10-26,1.1592541933059692,1.1635634144477764,1.1355520529608807,1.1527896279839391,4772399
2006-10-27,1.1377063989639282,1.161408621003195,1.1355518319658244,1.161408621003195,4581410
2006-10-30,1.1678731441497803,1.1678731441497803,1.1355517921808822,1.137706359103499,4581571
2006-10-31,1.1549447774887085,1.1700277825519882,1.1420156490239595,1.1700277825519882,3399268
2006-11-01,1.1506348848342896,1.1570994491690105,1.1355518795322173,1.1570994491690105,4708136
2006-11-02,1.1570994853973389,1.1592540525531527,1.131242694467304,1.148480267397433,5403763
2006-11-03,1.1635631322860718,1.172182349242352,1.1527893484348553,1.1527893484348553,5279161
2006-11-06,1.1506348848342896,1.1592540162573655,1.1377064466205722,1.1592540162573655,4248588
2006-11-07,1.1312427520751953,1.1506349794556445,1.1290874080469075,1.1506349794556445,4251310
2006-11-08,1.1204687356948853,1.13986095908297,1.1118496053374824,1.13339708600317,4389742
2006-11-09,1.1204687356948853,1.1312425191812063,1.1118496053374824,1.1204687356948853,5337480
2006-11-10,1.0838375091552734,1.1290872113556105,1.0838375091552734,1.1204687711808952,6401374
2006-11-13,1.0235048532485962,1.0816829953275837,1.0084218485937997,1.077373775028835,8242073
2006-11-14,1.0450525283813477,1.0472070955966468,1.01057660480653,1.023504957475002,3576414
2006-11-15,1.0515161752700806,1.0601353923516597,1.0321240372502556,1.0450523881843494,3433053
2006-11-16,1.0278141498565674,1.0579808518615574,1.0278141498565674,1.0515162873243022,3619089
2006-11-17,1.0385879278182983,1.0472070594517073,1.0127311370668455,1.0450524923107742,4340316
2006-11-20,1.0191956758499146,1.038587901619719,1.0127311115205087,1.034278681139586,4654735
2006-11-21,1.0342785120010376,1.0450522950487087,1.0041118158992173,1.0148855989468883,5340441
2006-11-22,1.0709092617034912,1.0730638288014525,1.0213503346369135,1.0407432509648502,9622919
2006-11-23,1.0709092617034912,1.079528393164996,1.057980823432132,1.068754608298564,5061742
2006-11-24,1.077373743057251,1.0881474407866223,1.0601353951554606,1.070909179191791,6076240
2006-11-27,1.0903021097183228,1.0924566766812893,1.075219105294031,1.077373758563958,4064168
2006-11-28,1.0687544345855713,1.092456567563904,1.0622898712727638,1.0903020008161413,5200379
2006-11-29,1.0859928131103516,1.088147379921793,1.0515161192352025,1.06444524624294,5839962
2006-11-30,1.105385184288025,1.1075397513877157,1.08599295840025,1.08599295840025,10685263
2006-12-01,1.092456579208374,1.1118495788978908,1.0795282292075232,1.1096949258202096,8068189
2006-12-04,1.092456579208374,1.1118495788978908,1.0859927925892365,1.0903020124376457,7173542
2006-12-05,1.1484802961349487,1.1549448608338304,1.0903022345889795,1.098921366497587,18183066
2006-12-06,1.1290873289108276,1.1420156809746005,1.0881475329910517,1.1420156809746005,11937169
2006-12-07,1.1290873289108276,1.1635632508731,1.1118497563110412,1.124778108374814,9756418
2006-12-08,1.0752192735671997,1.1312427702549053,1.0752192735671997,1.1312427702549053,6327804
2006-12-11,1.081682801246643,1.0859927112277812,1.0558260168751525,1.0665997992981142,5810259
2006-12-12,1.0644454956054688,1.0816831561255913,1.0579809305871775,1.0816831561255913,4132329
2006-12-13,1.0752192735671997,1.0816831480816247,1.060135576326606,1.0644454876896903,4003517
2006-12-14,1.081682801246643,1.0838373678559534,1.0687543659074246,1.0773735817210761,4211037
2006-12-15,1.0795283317565918,1.0903021160101627,1.0730637677607817,1.0859928957524019,6219702
2006-12-18,1.0838375091552734,1.09245663978565,1.073063725327739,1.0795282890679156,10804032
2006-12-19,1.1161588430404663,1.1290871935543718,1.0515161410944205,1.0838374920674434,21287340
2006-12-20,1.1355516910552979,1.1484800408162243,1.0903019922038235,1.10323034196475,21315957
2006-12-21,1.1333972215652466,1.17002779635636,1.1247780901769364,1.1355518749518763,21140925
2006-12-22,1.114004373550415,1.13770651162992,1.1053852416348358,1.1161590270688542,7646385
2006-12-25,1.1420155763626099,1.1527893603249493,1.1118496544623377,1.1183134415207725,11804684
2006-12-26,1.1075397729873657,1.1441710392890776,1.0989213318065907,1.137706474794271,7519176
2006-12-27,1.088147521018982,1.1096950906804095,1.0795283895860521,1.1075397468269004,10025954
2006-12-28,1.0450525283813477,1.0946114581469069,1.0407433076437786,1.085993016671769,10231314
2006-12-29,1.0558263063430786,1.0752192235895552,1.047207088166361,1.047207088166361,6293773
2007-01-04,1.0385879278182983,1.0666000624733933,1.0321241400885315,1.0666000624733933,10665765
2007-01-05,1.0665998458862305,1.0773736287797815,1.021350147608607,1.0342784972055779,8508534
2007-01-08,1.103230357170105,1.1053850102374967,1.0687544408736462,1.0687544408736462,11782488
2007-01-09,1.1204687356948853,1.1355517391320882,1.1032303886731247,1.109694952208564,18136174
2007-01-10,1.1355516910552979,1.1398609108237368,1.096765778703006,1.1226233412943714,20004962
2007-01-11,1.1506348848342896,1.1808015858941587,1.1269327481091411,1.142015667104248,32959906
2007-01-12,1.088147521018982,1.1764923667555105,1.0730638252439406,1.1527894532405738,20076493
2007-01-15,1.1398611068725586,1.1398611068725586,1.094611400238424,1.094611400238424,14003465
2007-01-16,1.1915754079818726,1.1958846286003293,1.1333972615865555,1.1441710467419275,30516047
2007-01-17,1.1700279712677002,1.2174323379203884,1.1420158332215484,1.2066585515348398,26934321
2007-01-18,1.2325149774551392,1.234670321127161,1.1549446998437036,1.1549446998437036,24800808
2007-01-19,1.2713009119033813,1.2777646990345213,1.228205775569288,1.2497533437363346,34254598
2007-01-22,1.3100861310958862,1.3230144829084016,1.2713009893513751,1.2928485588311056,39624950
2007-01-23,1.2950031757354736,1.3100861815079983,1.2583726859610365,1.3100861815079983,27888910
2007-01-24,1.2842292785644531,1.3079315002684397,1.271300927382127,1.2928484958115265,24169733
2007-01-25,1.2045036554336548,1.2820747119239735,1.2023490884654786,1.2820747119239735,21281225
2007-01-26,1.202349305152893,1.2152776586684664,1.1484803743573888,1.1937300863502645,16329690
2007-01-29,1.2605271339416504,1.2605271339416504,1.2066582995693773,1.2066582995693773,20659736
2007-01-30,1.3014676570892334,1.3100860977745585,1.245444167742184,1.2820747414823663,40795130
2007-01-31,1.3294790983200073,1.400585597018455,1.2928486085465165,1.3122415253923703,71165710
2007-02-01,1.3100861310958862,1.3380982648632167,1.223896629939649,1.3165506953834862,30920114
2007-02-02,1.2454441785812378,1.305776888796023,1.2238966094620303,1.2928485371998182,15346487
2007-02-05,1.2605271339416504,1.2734554850293542,1.2303604347929278,1.234670345459283,10119036
2007-02-06,1.3014676570892334,1.3143960085729232,1.264836392893349,1.2863839618250288,11453443
2007-02-07,1.323014497756958,1.331633715520909,1.2777647912169972,1.2993123609385617,24322680
2007-02-08,1.3036223649978638,1.3294790690478866,1.2971578006040096,1.325169848524793,22067760
2007-02-09,1.2820748090744019,1.3165507313073703,1.2713010240405593,1.3143960778689627,15435403
2007-02-12,1.3402528762817383,1.3402528762817383,1.2906939481575714,1.292848601608479,25130283
2007-02-13,1.3768833875656128,1.3962763033975267,1.338098246357495,1.3553358183838824,28962662
2007-02-14,1.3747289180755615,1.389811925076336,1.357491343743777,1.3725743507445514,22150655
2007-02-15,1.3962763547897339,1.400585575341011,1.3574912121540663,1.383348002680167,23184467
2007-02-16,1.394121766090393,1.43721681906608,1.3790379840224574,1.4070501179998645,25305866
2007-02-26,1.4566091299057007,1.4630736946192402,1.3811934085203088,1.394121847491623,21778750
2007-02-27,1.3100861310958862,1.4997041728915455,1.3100861310958862,1.4609190311470344,37925448
2007-02-28,1.3747289180755615,1.3833481367763303,1.290694060222093,1.2928487138600786,21824752
2007-03-01,1.338098168373108,1.376883307320827,1.3122413803056423,1.3747286540965837,22432257
2007-03-02,1.3704192638397217,1.376883136403108,1.325169566687578,1.3294787862941861,16654683
2007-03-05,1.4005852937698364,1.4221328594127758,1.338098026599519,1.3747285084419378,24847781
2007-03-06,1.4005852937698364,1.4070498569063468,1.357490939246504,1.3898115109483669,13408338
2007-03-07,1.4199782609939575,1.4199782609939575,1.3919669079004322,1.4156690411433726,17218256
2007-03-08,1.4393715858459473,1.4393715858459473,1.4027410080138631,1.426443146611094,17327325
2007-03-09,1.458763599395752,1.4630735966059478,1.4221331110712585,1.4436806805272226,26537548
2007-03-12,1.4803110361099243,1.4867755998107066,1.4372166778250182,1.4587634685861643,26924775
2007-03-13,1.4760022163391113,1.4932404811618352,1.460919209307593,1.4889304834212769,22841501
2007-03-14,1.4479906558990479,1.4975494982282953,1.3747288129185904,1.4695375358586205,26347974
2007-03-15,1.5061687231063843,1.5190969884911405,1.4652281516020984,1.4652281516020984,41656644
2007-03-16,1.4458352327346802,1.497549416158778,1.4178238760488797,1.482466583752261,25926072
2007-03-19,1.441525936126709,1.4544543734155801,1.3790378850817822,1.3941216660675142,18733058
2007-03-20,1.5018585920333862,1.5126322894050934,1.435061323100975,1.44368053991921,28473600
2007-03-21,1.5147873163223267,1.5190971413166587,1.4846213031851319,1.5104780091698313,20855116
2007-03-22,1.4997042417526245,1.553573081618451,1.493240367623946,1.5277163768061723,27064863
2007-03-23,1.5471082925796509,1.5535728562262021,1.4997040241756623,1.4997040241756623,27968461
2007-03-26,1.5794296264648438,1.603131761704971,1.5557274912247163,1.5557274912247163,26283892
2007-03-27,1.6268341541290283,1.6591554219324152,1.5621921363640425,1.5686560101740754,43397424
2007-03-28,1.5966678857803345,1.637607587842116,1.5126321888006282,1.616060021917907,39165245
2007-03-29,1.5837397575378418,1.659155476164389,1.5708106285837338,1.6117512016703717,34856021
2007-03-30,1.6268341541290283,1.6376078525255142,1.5557275720982924,1.5729660073744576,30990909
2007-04-02,1.6634654998779297,1.6871676375007076,1.6268342330960677,1.6483816309349566,30781685
2007-04-03,1.650536298751831,1.669929128575199,1.6160602910989008,1.6656199944231842,22007432
2007-04-04,1.654845952987671,1.6591552593099583,1.6311438188385716,1.6332983856927592,23225768
2007-04-05,1.661310076713562,1.6677746413206356,1.6182157986940646,1.654846202562242,22276739
2007-04-06,1.6785483360290527,1.680703075816654,1.6246794961111504,1.646227066601099,29674696
2007-04-09,1.6936312913894653,1.715178861236423,1.663465453105029,1.682857592772953,34486105
2007-04-10,1.6936312913894653,1.6936312913894653,1.6936312913894653,1.6936312913894653,0
2007-04-11,1.6763938665390015,1.7194890100300562,1.6332987230479468,1.7108698777634765,29216732
2007-04-12,1.7431907653808594,1.7518092052946412,1.6656198003534324,1.680702803811668,41385304
2007-04-13,1.704405426979065,1.7431912658561253,1.7022508595355144,1.7431912658561253,26958691
2007-04-16,1.7345715761184692,1.7453452729470655,1.6936310103280905,1.7022503130187758,23267697
2007-04-17,1.799214482307434,1.814297314378093,1.6914766385341926,1.738880910043786,42677174
2007-04-18,1.8466190099716187,1.8638565840474677,1.745345716220272,1.8035238664843598,42340888
2007-04-19,1.704405426979065,1.8380000010005286,1.661310280600944,1.829380695542569,37185452
2007-04-20,1.7862855195999146,1.8035237833368232,1.706559801267778,1.706559801267778,27096417
2007-04-23,1.8983322381973267,1.911260502629413,1.8078328336474818,1.8142972247843983,42994976
2007-04-24,1.842308759689331,1.8854038972674518,1.8121427502719893,1.8638563284783916,53366735
2007-04-25,1.809988021850586,1.8315348982623618,1.745345321248351,1.8315348982623618,31850249
2007-04-26,1.8487738370895386,1.8746305470650015,1.792750418865123,1.8078334277616548,28183508
2007-04-27,1.801369071006775,1.8573924742614367,1.7841306360447702,1.8487733430873974,22399322
2007-04-30,1.8186066150665283,1.8358448771507863,1.7690476041043468,1.7690476041043468,26665212
2007-05-03,1.8186066150665283,1.8358448771507863,1.7690476041043468,1.7690476041043468,0
2007-05-04,1.8186066150665283,1.8358448771507863,1.7690476041043468,1.7690476041043468,0
2007-05-08,1.9306535720825195,1.9608202714904512,1.8336902907893786,1.8336902907893786,48243800
2007-05-09,1.8875584602355957,1.9263442911096926,1.8099881793987935,1.9263442911096926,36848145
2007-05-10,1.9306535720825195,1.9608202714904512,1.8638562997416235,1.8767847372473756,41161236
2007-05-11,1.988831639289856,2.044855039005724,1.874629927740283,1.9284989331800604,49920759
2007-05-14,1.993141770362854,2.0383914795251528,1.9392729292440687,1.958665932992677,39064320
2007-05-15,1.8961776494979858,2.003915496519606,1.8789400772935285,1.9931416255104795,31088171
2007-05-16,1.9392726421356201,1.9392726421356201,1.8423086734317022,1.889713805867096,25165351
2007-05-17,1.978058099746704,1.9952963638869143,1.9069516842333762,1.9414275220580202,28675704
2007-05-18,1.9392726421356201,1.978057780821005,1.9220343807747649,1.971593907498954,26536913
2007-05-21,1.9823675155639648,2.0146887766534,1.8530822985923314,1.8681659910559312,33248816
2007-05-22,2.055629014968872,2.1051887207277913,1.9952963006867581,2.010379306643348,61277193
2007-05-23,2.2021517753601074,2.204306342310884,2.057783534069764,2.064248097991694,69656139
2007-05-24,2.247401237487793,2.284031806153934,2.1181167048757468,2.2086161021022512,67557571
2007-05-25,2.219390392303467,2.249556405809237,2.187069121046306,2.247401838513637,43018940
2007-05-28,2.2603297233581543,2.3163531198739853,2.2409374141583758,2.3012701168219873,49337312
2007-05-29,2.3379008769989014,2.3659130090765297,2.266794299017004,2.266794299017004,41418370
2007-05-30,2.1051886081695557,2.281877434591225,2.1051886081695557,2.1353546184698478,46471383
2007-05-31,1.9392726421356201,2.090104753527401,1.8940229396725192,2.008224479281627,39712223
2007-06-01,1.784130573272705,1.999605392763994,1.7453454337307213,1.9522011223512226,47160177
2007-06-04,1.6117510795593262,1.84877329714158,1.6052865155720468,1.8466187301690233,44951951
2007-06-05,1.7237977981567383,1.736726235037157,1.450145021118304,1.5729658619379372,44811560
2007-06-06,1.6893218755722046,1.7453452716532811,1.6268339161709542,1.6979410056425968,35912567
2007-06-07,1.753964900970459,1.7647385997974059,1.6677746198991394,1.717333634503095,31266325
2007-06-08,1.7281075716018677,1.7733572855280204,1.7108699963299046,1.7561197102560573,31563957
2007-06-11,1.7130244970321655,1.7561196418306344,1.6807032247402907,1.7237981969248062,27592632
2007-06-12,1.6979410648345947,1.7130240682953541,1.5772749657815996,1.7130240682953541,30806223
2007-06-13,1.8056780099868774,1.8423085799100627,1.6871673425883376,1.6979410396245684,40499017
2007-06-14,1.7712023258209229,1.8272257276523036,1.7302617558587068,1.7949044612590785,31474742
2007-06-15,1.7345715761184692,1.7884404054892593,1.682857313499494,1.7410354489878186,19944973
2007-06-18,1.7776665687561035,1.7992141333313805,1.7345714396055498,1.7474998747823816,25660289
2007-06-19,1.956510305404663,1.956510305404663,1.7475002171968843,1.7755114870075828,50088934
2007-06-20,1.9392726421356201,2.0427004841615886,1.9134159405500022,2.021152916381394,86921906
2007-06-21,1.8875584602355957,1.9802132992741381,1.8509278868161776,1.9155705930451579,31517263
2007-06-22,1.702250599861145,1.9134161289680809,1.697941293017459,1.8875585617666333,27573104
2007-06-25,1.5320254564285278,1.7453455506451463,1.5320254564285278,1.7194888467564162,20637812
2007-06-26,1.5902035236358643,1.5902035236358643,1.4544544107741582,1.5083232460892808,19268471
2007-06-27,1.5880488157272339,1.611751124452618,1.5298708452718381,1.5923581224062995,15011428
2007-06-28,1.4329068660736084,1.59020355021306,1.4329068660736084,1.5880488105735566,15911978
2007-06-29,1.3531813621520996,1.4221332094294148,1.2971578675671962,1.3790380675369232,15766984
2007-07-02,1.422133207321167,1.422133207321167,1.3402529211658532,1.3790380654925618,13151187
2007-07-03,1.4285978078842163,1.4393715936116935,1.3704196583995472,1.4350615960016546,9892014
2007-07-04,1.441525936126709,1.486775639251677,1.4005854531771529,1.4329068053202092,14557042
2007-07-05,1.346717119216919,1.4350611692742987,1.346717119216919,1.4350611692742987,9553810
2007-07-06,1.4285978078842163,1.4587637347267641,1.3359437339469606,1.3467175196744376,10482282
2007-07-09,1.4867756366729736,1.5083232047309718,1.450145064418038,1.4609189347539964,19327731
2007-07-10,1.4178239107131958,1.4867757541986286,1.4070501258325578,1.4867757541986286,10363500
2007-07-11,1.441525936126709,1.441525936126709,1.3941216660675142,1.4178238010971116,6827187
2007-07-12,1.4544544219970703,1.463073553091465,1.4135138513730636,1.441525984276365,7617452
2007-07-13,1.411359190940857,1.4479904525137184,1.3962761872123899,1.4436805420239698,5681350
2007-07-16,1.3682641983032227,1.4436806919983365,1.3682641983032227,1.422133122371161,4382935
2007-07-17,1.394121766090393,1.4156692494247536,1.3402528419870776,1.374728763537875,5763414
2007-07-18,1.3919670581817627,1.4221330676108783,1.3790379300159377,1.3941217114931552,5637438
2007-07-19,1.3984309434890747,1.4092046416708328,1.3833479386485394,1.3919670698078717,3598553
2007-07-20,1.443680763244629,1.445835330438351,1.3984310546697913,1.3984310546697913,11697231
2007-07-23,1.5126323699951172,1.5169423670151667,1.4264429590433723,1.4436806168356224,18145710
2007-07-24,1.5018585920333862,1.544953726748041,1.4910848946616788,1.5126322894050934,19260984
2007-07-25,1.5018585920333862,1.501858592033386,1.501858592033386,1.501858592033386,0
2007-07-26,1.5643466711044312,1.5880488070869294,1.5471084087983993,1.5514184059097216,22047738
2007-07-27,1.575120449066162,1.579429582853907,1.4975493089440473,1.5298707467886985,22385455
2007-07-30,1.592357873916626,1.6139054396329864,1.5514181722497504,1.5600366116490356,22334098
2007-07-31,1.5772751569747925,1.5988227265930277,1.5341800177383222,1.5923581622638745,16860758
2007-08-01,1.4652280807495117,1.6117510614383828,1.4609189468528458,1.575120488880085,21482506
2007-08-02,1.5169426202774048,1.5341801946406057,1.4652283436622444,1.4652283436622444,11858750
2007-08-03,1.6160603761672974,1.6268342477980449,1.5169425178266003,1.5169425178266003,41479045
2007-08-06,1.753964900970459,1.7776670383897422,1.6570009210721925,1.6591554882236457,69114077
2007-08-07,1.6936312913894653,1.7518094365325652,1.6591554558166257,1.7518094365325652,27947485
2007-08-08,1.633298635482788,1.665620077675221,1.605286672885629,1.6613100802381306,18344555
2007-08-09,1.6483817100524902,1.6591555821029869,1.607441997421489,1.6160604391288917,12615996
2007-08-10,1.575120449066162,1.648381419717039,1.525560749931376,1.648381419717039,14505724
2007-08-13,1.551418662071228,1.5902038092871935,1.5147873917760426,1.57512080196729,13171455
2007-08-14,1.5902035236358643,1.594512657615,1.5427990797451379,1.560036823959143,10443615
2007-08-15,1.5492631196975708,1.6074419583090622,1.5212518470720036,1.598822826355597,9802850
2007-08-16,1.5772751569747925,1.5902035951773752,1.5320254506518227,1.5514184531835584,9720359
2007-08-17,1.5729660987854004,1.6031319382068228,1.5621922271488753,1.5729660987854004,10765245
2007-08-20,1.6742390394210815,1.6742390394210815,1.581584374464271,1.6117510737949243,26803993
2007-08-21,1.6634654998779297,1.7130243422934368,1.6483816309349566,1.7000959035901035,28571521
2007-08-22,1.6785483360290527,1.68501221016398,1.6289894935281664,1.650536373562363,20476562
2007-08-23,1.691476821899414,1.702250693751646,1.6570009843368882,1.6807031226611246,17538605
2007-08-24,1.6742390394210815,1.7044050482960498,1.6526914710194385,1.6871674768937148,16781052
2007-08-27,1.6957859992980957,1.74103570525245,1.6742391203111109,1.702250563574587,24648156
2007-08-28,1.6677744388580322,1.6893220067868193,1.6440723040116754,1.6893220067868193,14639724
2007-08-29,1.6289894580841064,1.6807030392473936,1.6160603291840643,1.659155469226284,11980802
2007-08-30,1.6957859992980957,1.702250563574587,1.6311439814257043,1.6311439814257043,16626304
2007-08-31,1.7000956535339355,1.7345716576192411,1.6914765230521747,1.7044049598539472,19355532
2007-09-03,1.7819761037826538,1.7949045418750402,1.7044051300004763,1.7259526994350498,34361026
2007-09-04,1.7216435670852661,1.7712025847930162,1.7194889997988763,1.7712025847930162,20994953
2007-09-05,1.7130244970321655,1.7453457693240404,1.6785484847617624,1.7237981969248062,11636184
2007-09-06,1.7302616834640503,1.7668929453369515,1.7130241127308237,1.7130241127308237,14715093
2007-09-07,1.6699291467666626,1.723797984829784,1.6591554481996114,1.723797984829784,15522944
2007-09-10,1.7000956535339355,1.7044049598539472,1.6289892511241864,1.6591552584338312,12376912
2007-09-11,1.5902035236358643,1.713024198876624,1.5902035236358643,1.6979411942661098,14742507
2007-09-12,1.6009774208068848,1.620370424878543,1.5320255723039835,1.5837398470625348,12538895
2007-09-13,1.6936312913894653,1.6936312913894653,1.575120606607829,1.6031318777828956,15625253
2007-09-14,1.7733569145202637,1.7798214785831747,1.6720838075430926,1.6871675026666784,55691862
2007-09-17,1.8142974376678467,1.8638564521592724,1.7755116041370973,1.7776670343533372,77569591
2007-09-18,1.812143087387085,1.8293806623060713,1.760428809104518,1.8164523948098534,25687149
2007-09-19,1.7496548891067505,1.8121428596273081,1.7453455822255988,1.8056782951568089,14774380
2007-09-20,1.753964900970459,1.8013691758090251,1.7496549035978717,1.7582740352733655,14384482
2007-09-21,1.7237977981567383,1.7712022393321876,1.6807028359414284,1.7582738024517688,12580360
2007-09-24,1.73888099193573,1.760428561705153,1.6850121538191387,1.7259527262563676,11150425
2007-09-25,1.7173336744308472,1.766893208028863,1.70225066833638,1.7302619407098274,8428042
2007-09-26,1.6656198501586914,1.7237978167480306,1.6591552864209345,1.702250421714942,9835402
2007-09-27,1.6785483360290527,1.68501221016398,1.6332986278754926,1.6613100725003684,7664788
2007-09-28,1.6957859992980957,1.728107267155186,1.6807029941318838,1.687167558408375,7794165
2007-10-08,1.680703043937683,1.7345718828338208,1.680703043937683,1.7237980114862324,7405453
2007-10-09,1.7108697891235352,1.7108697891235352,1.6699292150528162,1.6699292150528162,6726824
2007-10-10,1.680703043937683,1.7173336196321056,1.6763937370581563,1.7108697456197828,8196481
2007-10-11,1.6268341541290283,1.691476689735802,1.6182157132536275,1.680702991339316,10851993
2007-10-12,1.5406445264816284,1.6225248047577074,1.4652281218457648,1.6182156707401805,14296672
2007-10-15,1.5406445264816284,1.5514183972089945,1.5018586954314654,1.538489959472865,8047949
2007-10-16,1.5686562061309814,1.5686562061309814,1.5126326222429172,1.5406447594148511,7398111
2007-10-17,1.534179925918579,1.566501364718479,1.5212516611036764,1.566501364718479,4795922
2007-10-18,1.5126323699951172,1.547108376035306,1.5040132390246284,1.5320253715252363,6446751
2007-10-19,1.4975494146347046,1.5298708547604654,1.4910850230411958,1.519096983847236,5036189
2007-10-22,1.4522994756698608,1.4953946071662918,1.4436804321091847,1.4953946071662918,5532626
2007-10-23,1.4695377349853516,1.4738475603574974,1.4285979325361617,1.4458355078851375,5266148
2007-10-24,1.4027408361434937,1.4846211138791543,1.4027408361434937,1.4716926762283538,5228828
2007-10-25,1.2756099700927734,1.402740623394359,1.2669915308078081,1.4005852799640535,10738126
2007-10-26,1.2928485870361328,1.3079315925573172,1.2605272321114085,1.2713010170863166,5151679
2007-10-29,1.290693998336792,1.3100862253767571,1.2519081633453235,1.2928486518714677,4906245
2007-10-30,1.346717119216919,1.346717119216919,1.2756099474231428,1.2971575124707497,5284325
2007-10-31,1.3747289180755615,1.389811925076336,1.3208600742236423,1.353181432318979,7510329
2007-11-01,1.3122413158416748,1.3790378064927609,1.3122413158416748,1.3747285865629237,6353161
2007-11-02,1.3143959045410156,1.3273243413084073,1.2820746400086247,1.303622207234856,5374817
2007-11-05,1.3424075841903687,1.3704196337139585,1.2734556502202647,1.2928486540557347,5385129
2007-11-06,1.3445619344711304,1.3747286326655157,1.3402527143967802,1.346717278117443,4137161
2007-11-07,1.3424075841903687,1.3596458481805513,1.3208600131235542,1.3467174954157994,3399382
2007-11-08,1.338098168373108,1.3682640902751428,1.3251697311858956,1.342407388514636,5290393
2007-11-09,1.338098168373108,1.3531811724776048,1.3057768164842014,1.314395947222927,3773844
2007-11-12,1.3553359508514404,1.3574912948676254,1.3100862410225196,1.3251699379360113,4241569
2007-11-13,1.363955020904541,1.3725742389029894,1.3445621040591629,1.368264241522408,4126691
2007-11-14,1.3962763547897339,1.398431008218856,1.3596457792762215,1.3768834382440325,6898127
2007-11-15,1.372573971748352,1.3941215378621792,1.3553356254136555,1.3811931017622248,5193202
2007-11-16,1.3768833875656128,1.381193298413992,1.3574911621894088,1.3682641700176004,3954017
2007-11-19,1.4005852937698364,1.411359076591306,1.3661093786164227,1.379037728126897,4718985
2007-11-20,1.4048954248428345,1.4178238626933717,1.3941217266340535,1.4027408578150047,5832489
2007-11-21,1.3704192638397217,1.4113590509296734,1.3704192638397217,1.400585268304095,4128768
2007-11-22,1.3143959045410156,1.3661094789966706,1.2928484236217404,1.3661094789966706,4462795
2007-11-23,1.357491135597229,1.361800355905484,1.2928485156252993,1.3036223000051146,3264357
2007-11-26,1.3531813621520996,1.3768835003176343,1.3424075766789767,1.3682642820638002,5104888
2007-11-27,1.3531813621520996,1.3531813621520996,1.3531813621520996,1.3531813621520996,0
2007-11-28,1.3682641983032227,1.3811933269668935,1.3380982740195082,1.3402528411069015,6045604
2007-11-29,1.3876571655273438,1.3898117325599038,1.353181244876594,1.3768833809879473,4712934
2007-11-30,1.3531813621520996,1.3941218505183317,1.3424075766789767,1.3941218505183317,2743046
2007-12-03,1.3596458435058594,1.3682642850155486,1.3359437052891923,1.3596458435058594,2741803
2007-12-04,1.3618004322052002,1.3768834377383499,1.3402528622382905,1.3768834377383499,4354644
2007-12-05,1.3876571655273438,1.4092046482991736,1.351026591537071,1.3618003760764674,7248151
2007-12-06,1.3747289180755615,1.387657357745326,1.3639551320437826,1.3833481367763303,4825373
2007-12-07,1.394121766090393,1.3984309865749753,1.376883416933649,1.38334798126973,5541093
2007-12-10,1.4566091299057007,1.4566091299057007,1.3682642790932296,1.3682642790932296,16439414
2007-12-11,1.508323311805725,1.5212517499899532,1.4652281726304368,1.4652281726304368,29509945
2007-12-12,1.4910848140716553,1.5104776409064995,1.4846209412258153,1.5083230741625206,14437345
2007-12-13,1.4544544219970703,1.5212516954485629,1.4479905483645668,1.4932402530009594,15853168
2007-12-14,1.471692681312561,1.484621119008025,1.422133065997881,1.443680634770912,7460278
2007-12-17,1.4910848140716553,1.5061685074185418,1.4609188082891102,1.4716925050785217,8048221
2007-12-18,1.46307373046875,1.4997043084516948,1.4522998584480562,1.4932404340355367,4199186
2007-12-19,1.4889302253723145,1.501858662827782,1.4673826569992807,1.4673826569992807,4682596
2007-12-20,1.4953947067260742,1.5040131467118956,1.486775576284607,1.4932401398830968,5733238
2007-12-21,1.5126323699951172,1.5147871095842589,1.48031110354407,1.4846211005641194,7364427
2007-12-24,1.5277162790298462,1.5578821162546226,1.5104778440071764,1.5126324110408609,11624743
2007-12-25,1.5406445264816284,1.5643466623311995,1.5234062642722728,1.5298708283681872,7588173
2007-12-26,1.5815843343734741,1.5837395917393775,1.5320253253179603,1.5406444560284884,10259192
2007-12-27,1.5729660987854004,1.61175124265277,1.5729660987854004,1.5945128063748146,11311581
2007-12-28,1.5708107948303223,1.5837399251527835,1.5535732202360308,1.5729662252639098,7732935
2008-01-02,1.618215799331665,1.6246795008715935,1.564346786641984,1.570810660795851,8639534
2008-01-03,1.6656198501586914,1.6763935476752359,1.6009771472176804,1.616060151126927,12310566
2008-01-04,1.7151788473129272,1.7281072855477915,1.639762439767758,1.6591554423479171,14458799
2008-01-07,1.7237977981567383,1.7345716681710006,1.682857402807585,1.6979410970098137,10732145
2008-01-08,1.6376078128814697,1.7367263535714152,1.620370241092247,1.7345717865582062,14157800
2008-01-09,1.691476821899414,1.691476821899414,1.635453413246367,1.6397625477137971,8130336
2008-01-10,1.6979410648345947,1.7453453324978414,1.6807028040928669,1.695785807553626,10770550
2008-01-11,1.680703043937683,1.7108697456197828,1.6440724682432608,1.693631309804133,7280495
2008-01-14,1.704405426979065,1.7216436926670649,1.6591557131573935,1.680703286346454,8170377
2008-01-15,1.7496548891067505,1.758274020710858,1.704405181794408,1.7065597489280164,19748356
2008-01-16,1.7345715761184692,1.777666708660663,1.706559446522406,1.751809145816415,18400519
2008-01-17,1.799214482307434,1.799214482307434,1.687167504533896,1.7302617789735721,30503296
2008-01-18,1.8186066150665283,1.8315350527088365,1.7518093420200886,1.7776669077603993,23906171
2008-01-21,1.7000956535339355,1.842308630967346,1.6634652552094922,1.8293801941655734,24624119
2008-01-22,1.5298709869384766,1.6591555503139714,1.5298709869384766,1.6591555503139714,13781500
2008-01-23,1.6009774208068848,1.609596552906949,1.4889304296454962,1.5083234337171545,15975022
2008-01-24,1.760428786277771,1.760428786277771,1.5686562366743257,1.600977509144622,30396408
2008-01-25,1.7625831365585327,1.8164519696365347,1.7022504301663426,1.7668929608143784,36851828
2008-01-28,1.585894227027893,1.758273914234282,1.585894227027893,1.7561193472311487,21194836
2008-01-29,1.635453224182129,1.654846053183112,1.5751205154223855,1.5751205154223855,10158748
2008-01-30,1.6160603761672974,1.682857655299387,1.5729660979418818,1.6397625140042755,8310560
2008-01-31,1.534179925918579,1.6203701992330841,1.5277162250459295,1.6182156322755343,7332121
2008-02-01,1.4458352327346802,1.5427991216758243,1.4005855272176337,1.5298708563174326,9161312
2008-02-04,1.5665013790130615,1.5729659430143048,1.4695374069563916,1.4867756689132994,7654664
2008-02-05,1.5621923208236694,1.5858944600946254,1.527716481884097,1.5535731884748265,5641503
2008-02-13,1.5557273626327515,1.598822495644158,1.5320252293517744,1.5449536656868528,4382064
2008-02-14,1.5815843343734741,1.592358031994238,1.5600367665180295,1.5729658941186135,4384732
2008-02-15,1.5557273626327515,1.5794294959137283,1.5255606659564234,1.5729657955879073,5541785
2008-02-18,1.5945124626159668,1.6052863319297677,1.5665011964240345,1.5751203263978555,7154498
2008-02-19,1.6203703880310059,1.6268342622707164,1.5945128197048746,1.5945128197048746,9512596
2008-02-20,1.5902035236358643,1.6268340968952122,1.5880487840323732,1.6117510922846978,7434110
2008-02-21,1.6203703880310059,1.6397625285919597,1.568656114448447,1.581584553383631,8772556
2008-02-22,1.6009774208068848,1.644072563465372,1.5514185763756418,1.6268342992652434,7346367
2008-02-25,1.6074416637420654,1.6893219350767503,1.6052864064603147,1.6376076706745306,19402944
2008-02-26,1.6246793270111084,1.6548460261255855,1.5514183544717663,1.6289893239795308,10056748
2008-02-27,1.6634654998779297,1.6763937659673256,1.6160603615626854,1.6268342330960677,10308144
2008-02-28,1.64407217502594,1.680702744187366,1.6268339148986375,1.6785480048249293,8106853
2008-02-29,1.6763938665390015,1.691476873317159,1.6440725952276845,1.6440725952276845,9915605
2008-03-03,1.7108697891235352,1.7216434881311409,1.6613100832327925,1.67854834687284,12324342
2008-03-04,1.7453455924987793,1.79490460698398,1.6979413177738047,1.721643455136292,21957143
2008-03-05,1.753964900970459,1.766893166948859,1.6677746198991394,1.730261900481495,18610452
2008-03-06,1.7431907653808594,1.835844733866522,1.7410355081002513,1.7992143360195068,23029426
2008-03-07,1.691476821899414,1.7388810985478869,1.6807031226611246,1.7237980922282246,12796842
2008-03-10,1.6677744388580322,1.719488705455472,1.6505361773783014,1.6914765737043889,7723306
2008-03-11,1.7281075716018677,1.730262139050393,1.6289897013415005,1.654846409477365,7509082
2008-03-12,1.6742390394210815,1.7668930139222072,1.6720837820005456,1.7539647490634953,7745461
2008-03-13,1.6095963716506958,1.6720838208883662,1.5514184016707957,1.6591553831150552,9142163
2008-03-14,1.6052863597869873,1.6332983169206314,1.5880486173819177,1.5988224868826821,4527895
2008-03-17,1.46307373046875,1.6074419929749613,1.4609191632013458,1.6074419929749613,8538106
2008-03-18,1.3747289180755615,1.5018589200561459,1.3316338602554212,1.4436808552352307,8181028
2008-03-19,1.443680763244629,1.4716928122790813,1.3855026158238206,1.4027409658199639,7620822
2008-03-20,1.5040132999420166,1.5147871709380236,1.3661096154235615,1.4307522372508517,7787129
2008-03-21,1.5061687231063843,1.532025426489825,1.4760020225482637,1.4932402851076996,8259602
2008-03-24,1.4781564474105835,1.5384898427230969,1.4760018805653214,1.523406148667145,6100405
2008-03-25,1.5040132999420166,1.5104778641991217,1.443680675309345,1.4652281583804654,4704544
2008-03-26,1.4867756366729736,1.536334646194357,1.4673826355454649,1.5147870781363588,4492793
2008-03-27,1.4092046022415161,1.4824665245902802,1.3962762510921027,1.4824665245902802,5533016
2008-03-28,1.443680763244629,1.4544545485899076,1.363955045133263,1.3898118365182348,3661119
2008-03-31,1.4005852937698364,1.4372165523748013,1.3919668543999177,1.411359076591306,3664782
2008-04-01,1.2928485870361328,1.4178239231190863,1.2885385897271555,1.3898117887406378,5757773
2008-04-02,1.238979697227478,1.325169893159151,1.2174322129747868,1.3143961078793205,5455238
2008-04-03,1.2648365497589111,1.279920246893802,1.2131230511036593,1.2389797572777985,4161420
2008-04-07,1.323014497756958,1.3294790621171115,1.232515084677036,1.2411343024409869,7220183
2008-04-08,1.327324390411377,1.3488719584347377,1.305776822388016,1.3122413862386852,6073411
2008-04-09,1.2626818418502808,1.342407468155506,1.2519080572481367,1.3187052455991457,4969470
2008-04-10,1.2842292785644531,1.2863839318390402,1.228205790523328,1.2497533589527274,4309902
2008-04-11,1.3143959045410156,1.3316335613100034,1.2756100763971052,1.2820746400086247,4266558
2008-04-14,1.3100861310958862,1.3165506953834862,1.219586719031664,1.2928485588311056,9244468
2008-04-15,1.3100861310958862,1.3100861310958862,1.3100861310958862,1.3100861310958862,0
2008-04-16,1.2777646780014038,1.320859813626114,1.2669916708578506,1.320859813626114,6222205
2008-04-17,1.2863837480545044,1.3014674408121094,1.2389793977261105,1.2713007457524867,5568444
2008-04-18,1.249753475189209,1.2799201773644515,1.2088129877972233,1.2799201773644515,5883292
2008-04-21,1.249753475189209,1.3359436706161836,1.2303605582307091,1.3100861890839441,9516491
2008-04-22,1.1851106882095337,1.249753304367383,1.1247779825613404,1.249753304367383,8082086
2008-04-23,1.2088128328323364,1.2217419603223538,1.1441709065814296,1.1808014781787715,7272726
2008-04-24,1.3187049627304077,1.3251695255486906,1.2669914809272318,1.2928482649822923,17948327
2008-04-25,1.2928485870361328,1.342407514601696,1.2820748020612247,1.2928485870361328,13112198
2008-04-28,1.249753475189209,1.2691463921477086,1.2303605582307091,1.249753475189209,6629545
2008-04-29,1.2540630102157593,1.2713013643277589,1.228206212657178,1.2497537884924685,6077702
2008-04-30,1.2885385751724243,1.2928485724327181,1.2519080864221517,1.2519080864221517,9574733
2008-05-05,1.3143959045410156,1.3273243413084073,1.251907942323554,1.2993122104706567,10442718
2008-05-06,1.3208599090576172,1.3316336937421955,1.288538555003882,1.303622336881293,9981881
2008-05-07,1.297157883644104,1.3876573029893102,1.297157883644104,1.3402529397637428,17802509
2008-05-08,1.3079314231872559,1.3122413336311562,1.2583725020393055,1.2626817220275608,9983598
2008-05-09,1.3208599090576172,1.3424074784267739,1.282074767512136,1.3208599090576172,10894255
2008-05-12,1.3294790983200073,1.3445621040921423,1.2626819065465007,1.2993123963199915,8162424
2008-05-13,1.3079314231872559,1.320859773607667,1.2713008524597167,1.282074636039478,10662845
2008-05-14,1.3445619344711304,1.3488719313080968,1.3057767961280446,1.3122413598487075,10265519
2008-05-15,1.3294790983200073,1.3725742389366558,1.3294790983200073,1.3488721014728293,10873551
2008-05-16,1.3100861310958862,1.342407485315482,1.2842293411638905,1.3316337005756167,6889982
2008-05-19,1.3079314231872559,1.3143959004718062,1.2842292028801277,1.3079314231872559,3387481
2008-05-20,1.2260512113571167,1.318705185055734,1.2174320805027599,1.307931487255188,6382027
2008-05-21,1.2411342859268188,1.2432888529949824,1.1657185696674948,1.1894207061705173,7101413
2008-05-22,1.230360507965088,1.2648364293748415,1.2109682822545957,1.2217420670311823,7242738
2008-05-23,1.2454441785812378,1.266991747700445,1.1851107779107446,1.2195866986261568,7825312
2008-05-26,1.2713009119033813,1.3014676109055985,1.217432077792724,1.2346703394630647,13636025
2008-05-27,1.2605271339416504,1.2820747022133436,1.223896561323436,1.2820747022133436,7751741
2008-05-28,1.2562180757522583,1.2799202140328023,1.2303605934792297,1.2756103028105745,7170965
2008-05-29,1.2475988864898682,1.2971578143125622,1.2454442330520674,1.2562180180828741,7879001
2008-05-30,1.249753475189209,1.2691463921477086,1.217432205845949,1.238979689972466,5978269
2008-06-02,1.230360507965088,1.2475988570513081,1.2174321561085075,1.2454442036643492,4039176
2008-06-03,1.2626818418502808,1.266991752703172,1.2152774830445239,1.232515055088957,5747784
2008-06-04,1.2432887554168701,1.2583725361564406,1.217432053875018,1.2583725361564406,4188495
2008-06-05,1.238979697227478,1.2454442618390718,1.2195867801554203,1.238979697227478,2586286
2008-06-06,1.238979697227478,1.256218047118902,1.2217421240987774,1.2368251300468442,4409237
2008-06-10,1.1377063989639282,1.2066583254697014,1.116158916536689,1.2066583254697014,7130581
2008-06-11,1.1204687356948853,1.13339708600317,1.0730636913430793,1.1183133921103277,6357701
2008-06-12,1.0752192735671997,1.1161590730143116,1.0493617904490966,1.0989214126223772,7523197
2008-06-13,1.0967658758163452,1.111849656713124,1.0450523858867076,1.0903020887448254,4853382
2008-06-16,1.0903021097183228,1.1053851141426145,1.0493616262226566,1.0687545413355262,5356562
2008-06-17,1.0127310752868652,1.0903021332648715,1.0041119441792523,1.0838375691667557,6062952
2008-06-18,1.0428977012634277,1.0622899249638038,0.9696359551152505,1.0019572197877586,8151118
2008-06-19,0.9394699335098267,1.0321239882604183,0.9394699335098265,1.012730988091493,6169632
2008-06-20,0.9782551527023315,0.9911835904124302,0.8834465231879784,0.9286962277872485,6859547
2008-06-23,0.9653267860412598,0.9954934854491915,0.9394699973367163,0.9653267860412598,2942419
2008-06-24,0.9804098010063171,0.9868743650561977,0.9286962230439714,0.9674813633622498,3717712
2008-06-25,1.0191956758499146,1.0213503292434636,0.9804098433988577,1.0191956758499146,4267633
2008-06-26,1.0105767250061035,1.0299696446968034,0.9890291515368559,1.0213505117407273,4209569
2008-06-27,0.9243864417076111,0.9868745032175987,0.9114580022535758,0.9739460637635634,4100651
2008-06-30,0.9222317337989807,0.9480885248774727,0.9049941607698818,0.9480885248774727,1811003
2008-07-01,0.9222317337989807,0.9330055190165581,0.9049941607698818,0.9265409544423179,2250198
2008-07-02,0.9373145699501038,0.9416245665757936,0.9157670034163424,0.9222315668201114,2175768
2008-07-03,0.9696359634399414,0.9782550940101445,0.9114578246210754,0.9416246090028726,4348330
2008-07-04,0.9523983001708984,0.9696359570489909,0.9394699496286335,0.9523983001708984,2834015
2008-07-07,0.9933382868766785,0.9933382868766785,0.954553141305515,0.9610169294681662,4047039
2008-07-08,1.0084218978881836,1.0105765512963643,0.9782551966482659,0.9933382020403604,6118176
2008-07-09,1.0364333391189575,1.0428978171700007,0.9954935435489325,1.008421895502258,9322619
2008-07-10,1.0019574165344238,1.0407433387695255,0.9998028492546875,1.0127312023098107,5769993
2008-07-11,1.0062665939331055,1.0127311585627963,0.969636103629802,0.9976481525725053,4760505
2008-07-14,1.0213502645492554,1.0213502645492554,0.9911835654250026,1.0041119165022194,3535704
2008-07-15,1.0105767250061035,1.0321242984753511,0.9911838053154035,1.0191958579621796,4005523
2008-07-16,0.9696359634399414,0.9998026615147816,0.9157670446783489,0.9998026615147816,4806963
2008-07-17,0.9782551527023315,0.9825643730181445,0.9437792325017726,0.969636021615008,2996044
2008-07-18,1.0019574165344238,1.0019574165344238,0.9480885739644628,0.9696361455152365,5158806
2008-07-21,1.0450525283813477,1.0450525283813477,0.9868744666848853,1.0062666073062254,16184142
2008-07-22,1.0342785120010376,1.053671425055187,1.0213501622191254,1.0385877317764713,8976172
2008-07-23,1.0342785120010376,1.0472068617829497,1.0278139487288003,1.0385877317764713,7560194
2008-07-24,1.047206997871399,1.0493616511925967,1.0235048619616351,1.0342786464093994,7667395
2008-07-25,1.0235048532485962,1.0428977686578365,1.0213502862527029,1.040743201661943,4189987
2008-07-28,1.0321240425109863,1.045052393510976,1.0191956052040372,1.0191956052040372,4001602
2008-07-29,0.9954933524131775,1.0235047043447025,0.9911834422857583,1.0235047043447025,5084026
2008-07-30,1.0041121244430542,1.0299696087149353,0.9954936822439096,1.0019574707397791,5953903
2008-07-31,0.9696359634399414,1.0062664484472132,0.9610167465627811,1.0062664484472132,4948759
2008-08-01,0.9696359634399414,0.9825643140674181,0.9394699558207573,0.9610167465627811,5073502
2008-08-04,0.9804098010063171,0.9825643679997381,0.9459338809818425,0.9825643679997381,3649910
2008-08-05,0.9674814343452454,0.97825521947939,0.9502438614496351,0.9674814343452454,3585466
2008-08-06,0.9674814343452454,0.97825521947939,0.9545530820596015,0.9674814343452454,4142806
2008-08-07,0.9696359634399414,0.9761005271349863,0.9480883959353044,0.9674813102578261,3645045
2008-08-08,0.9093033075332642,0.973945927279614,0.9071486542331745,0.9696360165307026,8102169
2008-08-11,0.8295778632164001,0.9222318590446461,0.8188040765356656,0.9157672935924718,5076832
2008-08-12,0.8295778632164001,0.8511254365778692,0.8209586439964555,0.8231132977642257,2698032
2008-08-13,0.8101847171783447,0.8295776313517783,0.7649350156417813,0.8231130677064313,3101784
2008-08-14,0.8015654683113098,0.8209583817091838,0.7929470286076872,0.8080300316981265,1291846
2008-08-15,0.7994109392166138,0.816649200347577,0.7929470659807659,0.8037208497271825,1458838
2008-08-18,0.7347683310508728,0.8037209528905022,0.7347683310508728,0.7929471677611934,1981116
2008-08-19,0.7412328720092773,0.7498520897140599,0.7175307353535891,0.7283045201404128,1878092
2008-08-20,0.7972562313079834,0.8037207945557268,0.7283043998147298,0.7455419693067635,4799941
2008-08-21,0.7606257200241089,0.8015654207051953,0.7563157236656982,0.7821731989146764,2845617
2008-08-22,0.7563158869743347,0.7649351047897435,0.7218399650893302,0.7541613198646401,2418235
2008-08-25,0.7692451477050781,0.7692451477050781,0.7326138756650513,0.7541614492108826,2277686
2008-08-26,0.7520066499710083,0.7972563557896646,0.7369236448500284,0.7735542193490932,6731978
2008-08-27,0.732613742351532,0.7498520914950755,0.7110661727267059,0.730459088957408,4541335
2008-08-28,0.7304590940475464,0.7369236584237246,0.7175307420578849,0.7304590940475464,2224373
2008-08-29,0.7498521208763123,0.7563159086980219,0.7239953297570647,0.7304591175787744,2302587
2008-09-01,0.7412328720092773,0.7520066567961009,0.7239952996693654,0.7476974363250536,2352735
2008-09-02,0.7541612386703491,0.7649350224355284,0.7218398873748113,0.7326136711399905,2766116
2008-09-03,0.7606257200241089,0.7649349396199895,0.7347681584681828,0.7498519374253512,2391728
2008-09-04,0.7541612386703491,0.7735541530160203,0.7433874549051698,0.7476973654232443,2394369
2008-09-05,0.7261497378349304,0.7412327404150513,0.7132213882612912,0.7412327404150513,4259307
2008-09-08,0.6765902638435364,0.7304591026051065,0.6636618685489315,0.7196853607448827,2531508
2008-09-09,0.6895186305046082,0.6938285844966446,0.6701264051726091,0.6701264051726091,1153283
2008-09-10,0.6852093935012817,0.7046023088185934,0.6744356091963051,0.6744356091963051,1503831
2008-09-11,0.6701264381408691,0.6873640541294852,0.6636618736393717,0.680900223237214,1404002
2008-09-12,0.6852093935012817,0.6852093935012817,0.6679717787788225,0.6701263889179834,1428396
2008-09-16,0.6722809672355652,0.6852093610677533,0.657197963366202,0.6852093610677533,1798366
2008-09-17,0.6679719090461731,0.7002925346550734,0.6593527331994525,0.674435740724227,1921573
2008-09-18,0.6270315051078796,0.6636620474306107,0.6011747507027937,0.6528883026664608,4313547
2008-09-19,0.6270315051078796,0.6270315051078796,0.6270315051078796,0.6270315051078796,0
2008-09-22,0.6895186305046082,0.6895186305046082,0.6895186305046082,0.6895186305046082,1102197
2008-09-23,0.6571979522705078,0.6895185695007294,0.6571979522705078,0.6787455194967391,5628188
2008-09-24,0.661507248878479,0.6636618591287935,0.6270313271993004,0.6442689428110261,2609701
2008-09-25,0.6679719090461731,0.6873641376896501,0.6507336005062211,0.6615073437588038,3582845
2008-09-26,0.6701264381408691,0.6765902690331403,0.6528881316965107,0.6679718278434454,3254586
2008-10-06,0.648578941822052,0.667971859482393,0.6442689874138344,0.648578941822052,2009871
2008-10-07,0.6421143412590027,0.6485789057067273,0.6205667712455475,0.6421143412590027,1712561
2008-10-08,0.6227220892906189,0.6421143146105538,0.6162575251111808,0.6334958738502225,1727957
2008-10-09,0.6205667853355408,0.6356505248529684,0.6033292122524124,0.6313405705868876,1862448
2008-10-10,0.5666986107826233,0.6097930162731777,0.5666986107826233,0.6033291855737365,2193283
2008-10-13,0.5731624364852905,0.5753170466996539,0.5300673409147131,0.5537695204911063,2308390
2008-10-14,0.5710077881813049,0.5904007460353455,0.5645432675137211,0.5774723520023681,2317052
2008-10-15,0.5710077881813049,0.5774723520023681,0.5623886574430831,0.5710077881813049,1750828
2008-10-16,0.536531925201416,0.5580794953680447,0.5322227046117805,0.5580794953680447,1851696
2008-10-17,0.5429964065551758,0.55161484641485,0.5365318430513071,0.5386864530162256,884520
2008-10-20,0.5602340698242188,0.5623886799812043,0.534377280722035,0.5451510651161413,2012438
2008-10-21,0.5710077881813049,0.5817815721436442,0.558079437301807,0.5623886574430831,3473457
2008-10-22,0.5602340698242188,0.5774723751449792,0.5559248495102477,0.5666985907508728,1941273
2008-10-23,0.5602340698242188,0.5602340698242188,0.5386865010360062,0.5451510651161413,1902314
2008-10-24,0.5623887181282043,0.5645433284313378,0.5494603227001754,0.5623887181282043,2424744
2008-10-27,0.506365180015564,0.5580794475530737,0.506365180015564,0.5580794475530737,2577960
2008-10-28,0.5257580876350403,0.5257580876350403,0.49128216868527347,0.50205595269311,2916984
2008-10-29,0.506365180015564,0.527912705182566,0.5020559597951325,0.527912705182566,1545018
2008-10-30,0.5085197687149048,0.5149843323825285,0.497746718617418,0.5063651586954074,1820229
2008-10-31,0.48912757635116577,0.5149843654644011,0.48912757635116577,0.510675145148588,1640016
2008-11-03,0.4805084466934204,0.4934368424495746,0.4761992259777846,0.48912762173393876,1621334
2008-11-04,0.4632701277732849,0.4805084342545919,0.45249707626307534,0.47619921365050805,2437690
2008-11-05,0.48266303539276123,0.4891275997853781,0.46111550871647317,0.46327011897760756,2552729
2008-11-06,0.48266303539276123,0.48266303539276123,0.4654254628479558,0.4740439038924931,2851309
2008-11-07,0.506365180015564,0.5300673152927817,0.46758004035767353,0.46758004035767353,5461149
2008-11-10,0.5408411026000977,0.5451510564547706,0.4977467424710161,0.4977467424710161,7360775
2008-11-11,0.5494603514671326,0.5494603514671326,0.5236035592573443,0.5343773449463005,4851806
2008-11-12,0.5580794215202332,0.5623886415396516,0.5343772441951753,0.5365318542048846,5039166
2008-11-13,0.5796270966529846,0.5968647148295325,0.5429965592731553,0.5451511698440589,12963790
2008-11-14,0.6011746525764465,0.6097930946162884,0.5666986835891835,0.5882462559073852,9967151
2008-11-17,0.6248767375946045,0.6248767375946045,0.5817816398811172,0.5990192560623652,13140778
2008-11-18,0.5623887181282043,0.6378051276955045,0.5623887181282043,0.6205667780519805,9636318
2008-11-19,0.609792947769165,0.6141028582070065,0.5623886366819851,0.5623886366819851,8604046
2008-11-20,0.6334959268569946,0.6485789330588106,0.5925554385365136,0.5925554385365136,13655093
2008-11-21,0.609792947769165,0.6270312517627202,0.5839361606577376,0.6184120781892037,10767375
2008-11-24,0.5774723887443542,0.6141029199498059,0.5774723887443542,0.6054837886631872,5013264
2008-11-25,0.5753170251846313,0.5925553734732751,0.5623886739262144,0.5882461532056994,3415860
2008-11-26,0.5860908627510071,0.5882462066899325,0.5645433353891346,0.5645433353891346,3137215
2008-11-27,0.5990192294120789,0.6248767097939222,0.5904007885095053,0.6162575352821469,9071603
2008-11-28,0.5817815661430359,0.6011745237970537,0.5710077822918195,0.5904007399458373,4090877
2008-12-01,0.6119483709335327,0.6162575917798836,0.5666986607632596,0.5688532711864349,9819828
2008-12-02,0.6722809672355652,0.6722809672355652,0.5947099569402562,0.5990191770146064,35264439
2008-12-03,0.6916739344596863,0.7067568953864669,0.6550426720324446,0.6744355867029767,35088930
2008-12-04,0.6787455677986145,0.7326137129350324,0.6701263935729268,0.6787455677986145,38004291
2008-12-05,0.6981377005577087,0.7046022206217021,0.6636617418190633,0.6679716951670693,14523976
2008-12-08,0.7196852564811707,0.7196852564811707,0.6895185592448005,0.6916739028226652,23018032
2008-12-09,0.6852093935012817,0.7239952672893858,0.6787455630837992,0.7239952672893858,13457660
2008-12-10,0.7067568302154541,0.7067568302154541,0.6765901343809778,0.6830546975959246,10926595
2008-12-11,0.6787455677986145,0.7196853184010895,0.6744356138811819,0.7153760980928344,7971038
2008-12-12,0.6787455677986145,0.6787455677986145,0.6485788679667772,0.6765902240353094,13069109
2008-12-15,0.7153761982917786,0.7153761982917786,0.674435708345809,0.6830548837787389,25806443
2008-12-16,0.6981377005577087,0.7089114403606276,0.6550426118856072,0.7089114403606276,14175534
2008-12-17,0.7239953279495239,0.752006686170418,0.6895186715511059,0.6938286257997106,30283932
2008-12-18,0.7972562313079834,0.7972562313079834,0.7089114436805836,0.7261497467817012,75017560
2008-12-19,0.8769819140434265,0.8769819140434265,0.7929470732457173,0.7972562933401112,101758886
2008-12-22,0.9028387069702148,0.9480884095021563,0.8403514335068589,0.8748273521323123,83456892
2008-12-23,0.8144947290420532,0.8877557939194831,0.812339385152566,0.8834465733589494,51663662
2008-12-24,0.8274229764938354,0.8618988942903903,0.777863364578844,0.7994109318737556,44681639
2008-12-25,0.7800180315971375,0.8274230827453449,0.7563158944043864,0.8144947305835389,28679770
2008-12-26,0.7606257200241089,0.8080299837080724,0.7541611570212318,0.7821731989146764,21586333
2008-12-29,0.7692451477050781,0.7800181577151627,0.7326138756650513,0.7541614492108826,20663600
2008-12-30,0.7627803683280945,0.7843279358323866,0.732613670253737,0.7649350215101752,27722160
2008-12-31,0.7670896649360657,0.7929471455336339,0.7390783077040864,0.7541613130186269,25835046
2009-01-05,0.8015654683113098,0.8015654683113098,0.7563157685843686,0.7821732453690592,32369776
2009-01-06,0.8295778632164001,0.8446608711256949,0.7800181510412876,0.790791937722022,34535642
2009-01-07,0.8058755397796631,0.8317322422034843,0.7994109757923836,0.8317322422034843,26037073
2009-01-08,0.7476973533630371,0.7907917109660367,0.7412327897645474,0.7907917109660367,23325956
2009-01-09,0.7907918691635132,0.7907918691635132,0.745542158902755,0.745542158902755,19624664
2009-01-12,0.8037208318710327,0.8188038353372653,0.7757087013090374,0.7907917047752699,26494870
2009-01-13,0.8080301880836487,0.8080301880836487,0.7541613477717288,0.7929471820740562,23171625
2009-01-14,0.8252677321434021,0.8274230760194484,0.7929471540759977,0.8188039444963943,36848259
2009-01-15,0.8188039064407349,0.8575890471152242,0.8058755549848927,0.8188039064407349,32684830
2009-01-16,0.8037208318710327,0.838196749218314,0.8015654882823269,0.8101847049632737,23810055
2009-01-19,0.7972562313079834,0.8123392340739394,0.7800178850533903,0.8037207945557268,14959549
2009-01-20,0.7929471135139465,0.7972563338271755,0.7778634183527697,0.7843279824317915,8354976
2009-01-21,0.7821733355522156,0.7972563403816979,0.780017991768703,0.7907917762495287,8989579
2009-01-22,0.7821733355522156,0.7907917762495287,0.7692449840505431,0.7821733355522156,11810561
2009-01-23,0.8188039064407349,0.8188039064407349,0.7713995483368215,0.7821733327794547,19240129
2009-02-02,0.823113203048706,0.8360415557025668,0.8080301968750108,0.8295777677570039,21252551
2009-02-03,0.8446606397628784,0.8446606397628783,0.8101847217032578,0.8188038522553375,30349307
2009-02-04,0.870517373085022,0.8834465009250025,0.8468152378804714,0.8489705815932417,41235062
2009-02-05,0.8360416889190674,0.8705176179483826,0.8209586803420162,0.8705176179483826,28315230
2009-02-06,0.8640537858009338,0.8662083532494592,0.8381969913580893,0.8403516451135947,28418846
2009-02-09,0.898529589176178,0.9136125949192616,0.8532798814911822,0.8683628872342658,33834245
2009-02-10,0.9028387069702148,0.9049940506388287,0.8662081351318137,0.8942202667323407,26702954
2009-02-11,0.8856011629104614,0.9222316495533776,0.8769819456484312,0.8899103831601526,31940751
2009-02-12,0.91792231798172,0.91792231798172,0.8769818392915631,0.885601055508289,27819556
2009-02-13,0.9351602792739868,0.9394701908652059,0.9028389199306054,0.9200772716908028,29234688
2009-02-16,0.9610168933868408,0.9696361115808443,0.9179225285562276,0.9394700993529002,29410936
2009-02-17,0.9071487188339233,0.9523984264182914,0.9049941516873623,0.9480885153624584,24128774
2009-02-18,0.8597442507743835,0.9114577344767164,0.8554343406877095,0.9006840380968876,19534341
2009-02-19,0.8877555727958679,0.9006840080199373,0.8705172276290472,0.8834463533086815,15794089
2009-02-20,0.9028387069702148,0.9049940506388287,0.8812911391572389,0.8856011360388003,12952826
2009-02-23,0.9545531272888184,0.9545531272888184,0.8877558461674218,0.9049941966425428,26749759
2009-02-24,1.029969573020935,1.0493618009062773,0.9308510181424225,0.9437793714489254,72981410
2009-02-25,1.0041121244430542,1.0515164046686198,0.9696361979720284,1.0127312570980218,55902866
2009-02-26,0.9286962151527405,1.029969407372214,0.9028387359355874,1.0019572748729864,37909404
2009-02-27,0.8381969332695007,0.9200772225834503,0.8360415892075247,0.9200772225834503,28449217
2009-03-02,0.8425059914588928,0.8511252083677883,0.7972562894078545,0.8101847263898898,15244081
2009-03-03,0.8640537858009338,0.8963751456591543,0.8511254317330016,0.8511254317330016,30021096
2009-03-04,0.9028387069702148,0.9028387069702148,0.8425060004128483,0.8489705642003992,31255025
2009-03-05,0.8942204117774963,0.9136126390673343,0.8662082756333194,0.9028388534133068,24813509
2009-03-06,0.9847196340560913,0.9847196340560913,0.8748273186038871,0.87913653855767,70581325
2009-03-09,0.9480884671211243,1.027814093123751,0.9480884671211244,1.0019573036204217,82652149
2009-03-10,0.9696359634399414,0.9782550940101445,0.8726726864316882,0.9265408284306674,33228501
2009-03-11,0.9437792301177979,0.978255150231271,0.9330054457463011,0.978255150231271,27612708
2009-03-12,0.9222317337989807,0.9416247370659514,0.889910464453217,0.9049941607698818,20898148
2009-03-13,0.8856011629104614,0.937314654036464,0.8834465096321354,0.9243863028317035,18614389
2009-03-16,0.8963750004768372,0.9071486990442907,0.8662082129531374,0.8856012156024178,13778442
2009-03-17,0.91792231798172,0.9351599736526182,0.8834464024912708,0.8942201854180646,21801736
2009-03-18,0.9200769662857056,0.9459337517339295,0.9157669698181433,0.9157669698181433,20399893
2009-03-19,0.9459338188171387,0.9480883856689662,0.9157670347620013,0.9179223783764336,19671708
2009-03-20,0.9459338188171387,0.9588621693046212,0.9157670347620013,0.9480883856689662,21087054
2009-03-23,0.9588621854782104,0.9674813161004648,0.9373146178434474,0.9459338347726592,20521653
2009-03-24,0.9588621854782104,0.969635969295592,0.9480884016608289,0.9631720960171678,20883240
2009-03-25,0.9200769662857056,0.9610166680035978,0.9179223132797243,0.9502436618945417,16090055
2009-03-26,0.9373145699501038,0.9373145699501038,0.8963748667301916,0.9200770000420322,12675364
2009-03-27,0.9480884671211243,0.9610168187193072,0.9373146825598722,0.9394700263594744,17909834
2009-03-30,0.9545531272888184,0.9631722593728927,0.9416247743905954,0.9567076945424065,15358449
2009-03-31,0.9588621854782104,0.9588621854782104,0.9265408340260658,0.9330053977601503,12464417
2009-04-01,0.9782551527023315,0.9954935011839409,0.9588622372162967,0.9588622372162967,26400060
2009-04-02,0.991183340549469,1.0148854703763532,0.9631719051861232,0.9782549060984413,32702218
2009-04-03,0.9998026490211487,1.0041118690245738,0.9610167345538209,0.9868742985552259,28246034
2009-04-07,1.0364333391189575,1.0515162581683999,0.9933381996901228,0.9998027640481321,50890170
2009-04-08,0.9998026490211487,1.0881473985039332,0.9998026490211487,1.0235047831047597,58582413
2009-04-09,1.0019574165344238,1.0191957672187517,0.9567077061531402,0.984719842612855,26921522
2009-04-10,1.040743112564087,1.0773736827950415,0.9954934120178223,1.0041118518774965,40265850
2009-04-13,1.0493618249893188,1.077373962636587,1.0299695966589215,1.0450526039401868,36738898
2009-04-14,1.0579807758331299,1.0730637805238596,1.0235048556869588,1.047206991451415,30989736
2009-04-15,1.1204687356948853,1.1312425191812063,1.0385877740621523,1.051516124370437,51457516
2009-04-16,1.088147521018982,1.1247780959997256,1.0730638252439406,1.0946113949053682,35225621
2009-04-17,1.198039174079895,1.198039174079895,1.0881475341214193,1.092456754661909,84971046
2009-04-20,1.3187049627304077,1.3187049627304077,1.2217417851798307,1.2282055712356055,77258264
2009-04-21,1.3251696825027466,1.450145002256003,1.286383854524244,1.3855023871599432,152833188
2009-04-22,1.3251696825027466,1.450145002256003,1.3251696825027466,1.3855023871599432,152833188
2009-04-23,1.2454441785812378,1.2777647554973774,1.193729909126784,1.193729909126784,67559909
2009-04-24,1.1958845853805542,1.2282058533715978,1.1700277953858287,1.2088129372244343,40561506
2009-04-27,1.0946115255355835,1.210968432854642,1.0903023045327216,1.210968432854642,33759727
2009-04-28,1.0946115255355835,1.1053853116520338,1.0666001649518781,1.0773739510683285,28759852
2009-04-29,1.1312427520751953,1.1420157610168098,1.0816831306983659,1.096766050933802,30007333
2009-04-30,1.1786466836929321,1.2174319038397694,1.109694855161198,1.1290870768533536,46647488
2009-05-04,1.2088128328323364,1.2282057473047434,1.142015562927,1.1592539105075963,36475965
2009-05-05,1.221742033958435,1.2303604746590382,1.1894206805036194,1.208812905689161,35058478
2009-05-06,1.2734555006027222,1.279920064606951,1.2088128813040737,1.2238965762907372,42445485
2009-05-07,1.2346705198287964,1.2734556648763995,1.2066584699828173,1.2734556648763995,37227647
2009-05-08,1.2109681367874146,1.2303603601684219,1.1872652262388654,1.2282057070402899,25971580
2009-05-11,1.1441709995269775,1.2174321486729551,1.1420156556974606,1.2066583639621702,22098128
2009-05-12,1.1894207000732422,1.1958845738585266,1.124778078407004,1.1312426426480031,12211365
2009-05-13,1.1937298774719238,1.2001944414799373,1.1700277419446392,1.1894206572060284,13579594
2009-05-14,1.1937298774719238,1.2023490947663655,1.1570993906912634,1.1829560931980152,16465024
2009-05-15,1.238979697227478,1.254062703175545,1.1958846424151262,1.19803920959576,31653343
2009-05-18,1.2260512113571167,1.2389795624108124,1.1851107281802415,1.2303604315564556,20889714
2009-05-19,1.2562180757522583,1.282074867569517,1.2174322407240858,1.228205939942515,37320393
2009-05-20,1.228205919265747,1.2734556278353162,1.2260513520722758,1.2669918399479323,26325784
2009-05-21,1.1700279712677002,1.2282060379989588,1.1614088385908876,1.2174323379203884,24787502
2009-05-22,1.1829559803009033,1.1958844166273963,1.1678730635075203,1.1764921936724217,11950911
2009-05-25,1.1614086627960205,1.1721824475508114,1.1096950828603864,1.1441710042003943,13139259
2009-05-26,1.1851106882095337,1.2217419499515927,1.163563120721265,1.163563120721265,18259758
2009-05-27,1.1829559803009033,1.2023489800184548,1.1700276302813633,1.2023489800184548,9976811
2009-06-01,1.1915754079818726,1.1980391957560734,1.1764924022080439,1.1915754079818726,13980499
2009-06-02,1.2045036554336548,1.2217420036252398,1.1958845244913427,1.198039091459519,19379344
2009-06-03,1.228205919265747,1.2389797046097715,1.2001945606903144,1.206658434884668,26097691
2009-06-04,1.2152776718139648,1.2454443769541281,1.1937300992626858,1.223896804402849,18838975
2009-06-05,1.1958845853805542,1.2282058533715978,1.1829561472297088,1.2152775015277175,18302615
2009-06-08,1.1872652769088745,1.208812844793258,1.1764922697293096,1.1958844939379367,9941840
2009-06-09,1.1958845853805542,1.200194496298995,1.1527894463165425,1.1808015801518315,14220739
2009-06-10,1.219586730003357,1.2238966409501149,1.1851108084009576,1.1958845932377462,21779761
2009-06-11,1.221742033958435,1.2368250387936752,1.2023491183171902,1.2174321231524303,23825077
2009-06-12,1.2411342859268188,1.2475988502009567,1.215277496048668,1.221742060322806,36529083
2009-06-15,1.3187049627304077,1.335943307839805,1.2454439163450028,1.2475985692348912,74920046
2009-06-16,1.297157883644104,1.3208600221034017,1.2691464380788777,1.3014677948988358,35362908
2009-06-17,1.3036223649978638,1.3294790690478866,1.2734555773550842,1.2993123677120733,28931078
2009-06-18,1.2691463232040405,1.3143960287809355,1.2583726248795244,1.3036223304564196,30294704
2009-06-19,1.2432887554168701,1.2669916668222792,1.2282057514399214,1.2669916668222792,26613004
2009-06-22,1.2325149774551392,1.2540625453021863,1.2282057573293883,1.2411341944692664,16690736
2009-06-23,1.228205919265747,1.2411343581102128,1.2023492141907557,1.2217421313783632,19853571
2009-06-24,1.2648365497589111,1.2648365497589111,1.2195868392658136,1.2282059714757891,21127532
2009-06-25,1.2325149774551392,1.2648363292257099,1.2282057573293883,1.2626817623163136,15955638
2009-06-26,1.2432887554168701,1.2540625392887315,1.2260511845408566,1.2346703152066953,14369456
2009-06-29,1.221742033958435,1.243288826165646,1.2195866901740997,1.2368250387936752,17865415
2009-06-30,1.2066582441329956,1.2325149451204926,1.2023490241202957,1.2174320277738722,12196917
2009-07-01,1.219586730003357,1.2217420738580815,1.2045037246755361,1.206658378074535,12338235
2009-07-02,1.2131229639053345,1.2325151037606668,1.2045037460079282,1.2195867516028769,14201063
2009-07-03,1.2325149774551392,1.2411341944692664,1.2088128426986957,1.2131228395870723,16716050
2009-07-06,1.2411342859268188,1.2475988502009567,1.2174321494237963,1.2475988502009567,15535269
2009-07-07,1.2519080638885498,1.2605271951843395,1.2260512741499305,1.2303604945699684,24231832
2009-07-08,1.2669918537139893,1.2713010744547222,1.2346704973307396,1.2475989363156745,25122074
2009-07-09,1.2863837480545044,1.2906936581366506,1.251907833368323,1.2713007457524867,26905945
2009-07-10,1.2669918537139893,1.2993124333345025,1.2648365097343717,1.2885386478734193,25204284
2009-07-13,1.2756099700927734,1.2885383194758113,1.26052696773502,1.2669915308078081,24046092
2009-07-14,1.3079314231872559,1.3143959004718062,1.275610072447972,1.275610072447972,33971743
2009-07-15,1.2993122339248657,1.307931450846249,1.2885384501172699,1.3057767976530787,27771270
2009-07-16,1.2885385751724243,1.3100861448788492,1.2756102232238942,1.3036223572859305,25523682
2009-07-17,1.3187049627304077,1.3294787450215222,1.284229049274121,1.2885382687469529,38742372
2009-07-20,1.3337883949279785,1.340252959832474,1.3057770352502867,1.3208600418817464,33511332
2009-07-21,1.2734555006027222,1.331633642204103,1.2605271493569148,1.3251697686555635,31766582
2009-07-22,1.2885385751724243,1.2971577929303193,1.2756102232238942,1.277764790319212,15454978
2009-07-23,1.297157883644104,1.2993124508900964,1.2734556588778345,1.290694009292183,17353486
2009-07-24,1.2734555006027222,1.3014676331421544,1.2519080183744802,1.3014676331421544,18858910
2009-07-27,1.297157883644104,1.297157883644104,1.2713010916318421,1.2756103124307987,18471603
2009-07-28,1.3402528762817383,1.3553358819729306,1.284229383656074,1.2971578222033266,45099757
2009-07-29,1.2260512113571167,1.3467173171789137,1.206658296395254,1.3467173171789137,31552392
2009-07-30,1.2475988864898682,1.2540626741893355,1.1894207407672008,1.2411343220276954,19043438
2009-07-31,1.2863837480545044,1.3014674408121094,1.2454439607750103,1.2454439607750103,23074128
2009-08-03,1.3079314231872559,1.3122413336311562,1.275610072447972,1.2863838560277332,23153850
2009-08-04,1.3143959045410156,1.3143959045410156,1.2756100763971052,1.3100859940837721,24171994
2009-08-05,1.3337883949279785,1.3510267456004514,1.2993124703457912,1.3273246067862419,36549969
2009-08-06,1.305776834487915,1.335943533568509,1.284229266264885,1.3208598388003725,24673541
2009-08-07,1.327324390411377,1.383347877396805,1.30362225546099,1.307931475622001,56540084
2009-08-10,1.3747289180755615,1.389811925076336,1.3294792066174357,1.353181432318979,47461888
2009-08-11,1.3359438180923462,1.3855027522411985,1.3251700316862742,1.3833481848353362,23295515
2009-08-12,1.2325149774551392,1.3359435102576653,1.2195866266222193,1.3316335996762472,24858566
2009-08-13,1.2174317836761475,1.2497530418113387,1.1958842207147273,1.2325146979986106,17962492
2009-08-14,1.124778151512146,1.2389797067280546,1.0989213600859773,1.219586789507291,20583813
2009-08-17,1.0385879278182983,1.1161589905283984,1.0342787072294646,1.1161589905283984,18513744
2009-08-18,1.0665998458862305,1.0752189757694115,1.021350147608607,1.021350147608607,10367340
2009-08-19,0.9847196340560913,1.0816829087356674,0.9739458505625167,1.06659990528831,13825402
2009-08-20,1.029969573020935,1.0321242266495398,0.9868745153884178,0.9868745153884178,12595128
2009-08-21,1.0687544345855713,1.0773736509530936,1.0148856053160984,1.0364331715466684,17224230
2009-08-24,1.0795283317565918,1.0859928957524019,1.0536715429916892,1.068754547503021,14903310
2009-08-25,1.0558263063430786,1.0773738770965369,1.0170403855431553,1.0773738770965369,17152773
2009-08-26,1.0967658758163452,1.103230439650495,1.0385878220525577,1.0601353900208565,16558496
2009-08-27,1.114004373550415,1.131242723688544,1.0838376707667992,1.096766023412286,16981947
2009-08-28,1.0838375091552734,1.1140042074407186,1.0644452851530235,1.1140042074407186,13879958
2009-08-31,0.9933382868766785,1.0730639220669924,0.9911837195914526,1.0687547011895673,11997770
2009-09-01,1.0041121244430542,1.0191958223566924,0.9825645517265684,0.9933383380848113,9237863
2009-09-02,1.029969573020935,1.0342787939711697,0.9890290827100475,0.9976482150663158,8742531
2009-09-03,1.0622901916503906,1.0687547569128557,1.0127312576924603,1.023505044057027,12368069
2009-09-04,1.0622901916503906,1.0622901916503906,1.0622901916503906,1.0622901916503906,0
2009-09-07,1.0752192735671997,1.0903022803520008,1.0622901436267649,1.0709093622041153,14577699
2009-09-08,1.0838375091552734,1.0859928528080922,1.055826154522647,1.073063725327739,11490625
2009-09-09,1.0795283317565918,1.0881474627278018,1.05798076324945,1.0859928957524019,10835855
2009-09-10,1.077373743057251,1.0881474407866223,1.05582617498459,1.0816829632281217,11201242
2009-09-11,1.0946115255355835,1.1053853116520338,1.07090938595474,1.07090938595474,12742128
2009-09-14,1.1204687356948853,1.1355517391320882,1.0903020383648399,1.1010758218511612,19220238
2009-09-15,1.1312427520751953,1.146325758617604,1.1118498342389649,1.1226236199433333,20115805
2009-09-16,1.1851106882095337,1.1980390388271898,1.1204687625073402,1.1312425462514746,43800503
2009-09-17,1.3036223649978638,1.3036223649978638,1.2562180048069793,1.2562180048069793,27235064
2009-09-18,1.3316336870193481,1.4199784448045896,1.2971577660780733,1.4199784448045896,154997438
2009-09-21,1.3359438180923462,1.3855027522411985,1.2260514729327436,1.271301185962893,51528986
2009-09-22,1.2540630102157593,1.333788661055576,1.251908442507609,1.3079319498039852,24462789
2009-09-23,1.2174317836761475,1.2885381718230373,1.1958842207147273,1.2432884794793206,23943645
2009-09-24,1.1764923334121704,1.210968254018037,1.1420156360436347,1.187265341174872,20386968
2009-09-25,1.1614086627960205,1.1872653664568724,1.1463256575829943,1.1678732270925762,12804855
2009-09-28,1.1183134317398071,1.195884485714891,1.1140042116362203,1.1764922616396072,9774757
2009-09-29,1.0687544345855713,1.1226233501619962,1.0342785184919536,1.1161587868491887,15925160
2009-09-30,1.077373743057251,1.1010758780618677,1.070909179191791,1.0881474407866223,11644318
2009-10-09,1.1527894735336304,1.1527894735336304,1.0859929730453723,1.096765981303037,15467891
2009-10-12,1.1764923334121704,1.2023491228293848,1.133397195310688,1.1592539847279024,19429515
2009-10-13,1.1808013916015625,1.1808013916015625,1.142015479193602,1.1635630452848942,15388091
2009-10-14,1.1764923334121704,1.1980391257002425,1.1657185488867998,1.1786469004419253,17933082
2009-10-15,1.1937298774719238,1.195884530758352,1.1614086109571589,1.1851107464844435,15935004
2009-10-16,1.1851106882095337,1.2023490356438025,1.163563120721265,1.195884471953668,15592211
2009-10-19,1.2174317836761475,1.219586350097024,1.1743366577533074,1.187265005654894,20166202
2009-10-20,1.2368251085281372,1.2497534607636693,1.2066584067011001,1.213122971200221,21552562
2009-10-21,1.2066582441329956,1.2432887287613692,1.2045035909731676,1.2282057251077927,20612366
2009-10-22,1.2346705198287964,1.23682517339191,1.185110898668013,1.2023492491635621,26813952
2009-10-23,1.305776834487915,1.305776834487915,1.2174320809557635,1.2303604320142698,47664382
2009-10-26,1.2562180757522583,1.327324576900862,1.2519081645300305,1.3079316593867758,32193463
2009-10-27,1.2045036554336548,1.2497533592716268,1.2045036554336548,1.2497533592716268,20243734
2009-10-28,1.230360507965088,1.2389796393547154,1.1915753660883817,1.1958845865553345,18838024
2009-10-29,1.1894207000732422,1.210968269397643,1.1851107891963262,1.210968269397643,16787416
2009-10-30,1.1894207000732422,1.2174321431829274,1.1894207000732422,1.206658358520727,12869307
2009-11-02,1.2109681367874146,1.2131227899155466,1.142015525488132,1.167873089164813,15492197
2009-11-03,1.2411342859268188,1.2454441968258285,1.2023491442630752,1.2109682756053763,20382015
2009-11-04,1.2605271339416504,1.2669916978668228,1.234670345459283,1.2432887858806314,22647676
2009-11-05,1.2734555006027222,1.279920064606951,1.2389795808217117,1.2605271493569148,22950782
2009-11-06,1.2583727836608887,1.2756103579272935,1.2519082186226247,1.2756103579272935,23382263
2009-11-09,1.2669918537139893,1.2734556416716032,1.2475989363156745,1.260527288993639,17182075
2009-11-10,1.2583727836608887,1.2734557042974803,1.2562181300310755,1.2713011369746423,16871974
2009-11-11,1.290693998336792,1.2928486518714677,1.238979724295443,1.2583727280981485,26652339
2009-11-12,1.3143959045410156,1.3316335613100034,1.2820746400086247,1.2928484236217404,53045633
2009-11-13,1.3122413158416748,1.325169666086822,1.2799199655405573,1.3036221855263648,27633113
2009-11-16,1.3445619344711304,1.3725740657818193,1.3445619344711304,1.346717278117443,62140881
2009-11-17,1.3424075841903687,1.3531813697237758,1.325169924348985,1.3380983634207082,30156356
2009-11-18,1.3402528762817383,1.3510266613780832,1.3294790911853933,1.3467174407832356,22814934
2009-11-19,1.3790379762649536,1.3941217582480385,1.3316337030713479,1.3380982673710637,38545567
2009-11-20,1.385502576828003,1.4092047140451718,1.3574912190377055,1.3790380123590875,39167530
2009-11-23,1.4264429807662964,1.4372167651830368,1.372574144989556,1.3811932760913033,41337717
2009-11-24,1.3187049627304077,1.4566087028624997,1.3036220472734068,1.422132789406213,49091320
2009-11-25,1.3790379762649536,1.3811933201043278,1.3100861335512333,1.3100861335512333,29773920
2009-11-26,1.3618004322052002,1.4221331447935333,1.3251698567051409,1.3790380048597135,45493832
2009-11-27,1.3208599090576172,1.3941217484811075,1.316550688627465,1.3359436046280635,34339109
2009-11-30,1.363955020904541,1.368264241522408,1.3230145337513672,1.3230145337513672,25303061
2009-12-01,1.4048954248428345,1.4178238626933717,1.357491152724198,1.363954940114651,34599169
2009-12-02,1.4609191417694092,1.4716928410181056,1.400585649213966,1.404895560448302,57052897
2009-12-03,1.467382788658142,1.467382788658142,1.422133167197086,1.4415260840411712,39020674
2009-12-04,1.385502576828003,1.476002077737484,1.3574912190377055,1.463073639255392,44363709
2009-12-07,1.4393715858459473,1.4393715858459473,1.3682643069845306,1.3725743045713161,26411427
2009-12-08,1.4652280807495117,1.54064448327012,1.4587635168349136,1.508323217222408,97875247
2009-12-09,1.4156688451766968,1.4501447568828048,1.3962759344688425,1.4350610654290235,35826067
2009-12-10,1.4178239107131958,1.4329069161024044,1.391967120443349,1.4156692573054275,20642260
2009-12-11,1.4027408361434937,1.4285976251381332,1.3919670517941982,1.4199784077833806,18961101
2009-12-14,1.3790379762649536,1.4113593305451255,1.3402528344477518,1.4027408896244424,19229377
2009-12-15,1.3919670581817627,1.3962762784975853,1.3704194893842925,1.38334792709442,13360015
2009-12-16,1.411359190940857,1.4178237546011319,1.387657056688545,1.3919669671782937,21149516
2009-12-17,1.3531813621520996,1.4156693351576068,1.3531813621520996,1.4135139911755807,15313099
2009-12-18,1.2950031757354736,1.348872101507676,1.2906939551173897,1.329479098354353,15211630
2009-12-21,1.3187049627304077,1.3251695255486906,1.2950028315652355,1.2950028315652355,11428048
2009-12-22,1.3036223649978638,1.3445620744879276,1.3036223649978638,1.3208599375459686,13748713
2009-12-23,1.3596458435058594,1.3682642850155486,1.2950032168346395,1.3036224351070678,20460054
2009-12-24,1.4027408361434937,1.4135138437301331,1.3488720007039774,1.3596456987463112,32209648
2009-12-25,1.4307523965835571,1.450145314751842,1.3725743325344952,1.3898119066375876,43789912
2009-12-28,1.4329068660736084,1.4436806505780884,1.4135138640902258,1.4285976457154907,34848478
2009-12-29,1.4156688451766968,1.439371061445565,1.3919667152147694,1.4285972797013844,21460568
2009-12-30,1.3833478689193726,1.4242875747185904,1.3682640880764854,1.4242875747185904,21226924
2009-12-31,1.4048954248428345,1.4135138655680806,1.3725741576025652,1.3811932887835163,16543917
2010-01-04,1.4264429807662964,1.4436806388210544,1.4048954119328152,1.4048954119328152,23255460
2010-01-05,1.4544544219970703,1.4760019908121702,1.4178238484550723,1.4264429795494669,44679556
2010-01-06,1.4285978078842163,1.465228299606958,1.4242878102741774,1.4436808144589766,26436597
2010-01-07,1.363955020904541,1.428597731827928,1.3531813220576114,1.4135139492934488,23029802
2010-01-08,1.422133207321167,1.4329069927783182,1.3596458385570902,1.3596458385570902,23460934
2010-01-11,1.4609191417694092,1.4975495466010342,1.4135140020054302,1.4329070058809696,53982815
2010-01-12,1.4846211671829224,1.5018587394417062,1.4393714611665536,1.4544544663534367,52505113
2010-01-13,1.5169426202774048,1.5471086343339326,1.4393716368895415,1.4609192089923706,62903490
2010-01-14,1.5686562061309814,1.6225250500705781,1.52125192726469,1.532025627007029,71831020
2010-01-15,1.5471082925796509,1.5794295572871921,1.5298707220242078,1.5665012930636535,41169196
2010-01-18,1.5600367784500122,1.572965906149485,1.5298707701089815,1.5471083412062119,28014342
2010-01-19,1.5320254564285278,1.5578821603172581,1.508323319634421,1.5514184590333875,31938144
2010-01-20,1.467382788658142,1.540644631268125,1.4587636569672364,1.5320254995772196,30513940
2010-01-21,1.4781564474105835,1.5018585814614955,1.4566088802049337,1.4566088802049337,14341813
2010-01-22,1.4178239107131958,1.4781566227257588,1.3790379916992141,1.4630736173365502,20997456
2010-01-25,1.422133207321167,1.4436807782354695,1.4027409803856952,1.4027409803856952,11270868
2010-01-26,1.3682641983032227,1.4372168181222253,1.3424074945012605,1.4242876894585543,13669417
2010-01-27,1.346717119216919,1.3768831233963277,1.331633426671637,1.368263907502001,10624047
2010-01-28,1.3661096096038818,1.36826417665719,1.333788255674445,1.346717384133576,9589530
2010-01-29,1.3596458435058594,1.3898118560082788,1.3380983588201,1.348872144316465,12446007
2010-02-01,1.3251696825027466,1.3574910332042542,1.2971576380914134,1.3574910332042542,12945807
2010-02-02,1.3337883949279785,1.3510267456004514,1.3251699532010142,1.3294791740644964,10946436
2010-02-03,1.363955020904541,1.368264241522408,1.3014677402062858,1.3380983162858464,11067228
2010-02-04,1.3833478689193726,1.3962762197788514,1.3488719501685804,1.3618003010280595,12814976
2010-02-05,1.3553359508514404,1.3898118750364898,1.3402529443937259,1.3574912948676254,10826820
2010-02-08,1.3661096096038818,1.3747287408867555,1.3424074732642826,1.3553358249607363,8850038
2010-02-09,1.3596458435058594,1.3790380705119138,1.351026711540402,1.363955064260704,8477400
2010-02-10,1.3661096096038818,1.3704195204731753,1.346717384133576,1.3661096096038818,7560043
2010-02-11,1.357491135597229,1.3898117119740163,1.3510265715256689,1.3682641432143858,6626000
2010-02-12,1.3618004322052002,1.3704195637603245,1.35533586777144,1.3661096527548948,7764886
2010-02-22,1.3682641983032227,1.3811933269668935,1.353181279314848,1.3574911902523246,8319769
2010-02-23,1.3704192638397217,1.3725739167964999,1.3316334392509643,1.3596454812141434,12578341
2010-02-24,1.4048954248428345,1.4092046452054574,1.357491152724198,1.357491152724198,16762287
2010-02-25,1.46307373046875,1.497549568570345,1.3962764489190187,1.4092048019001442,39819450
2010-02-26,1.467382788658142,1.4975494906554068,1.4436807375034453,1.4501452157320769,37805967
2010-03-01,1.4803110361099243,1.488930166687777,1.4479904615868981,1.4673825991640168,38733828
2010-03-02,1.493240237236023,1.504013244767176,1.4522996670442476,1.476001975229227,31200667
2010-03-03,1.5040132999420166,1.5169424284562265,1.4738472897000567,1.4889302948210368,29858371
2010-03-04,1.4329068660736084,1.5212517091350255,1.4221330815691284,1.5083232712980053,26630328
2010-03-05,1.4501451253890991,1.4673826972412762,1.4135138611383355,1.4350614301022968,18611399
2010-03-08,1.4544544219970703,1.4716926841858595,1.4393714172701721,1.4544544219970703,11582252
2010-03-09,1.4458352327346802,1.463073581565926,1.4329068810693246,1.4566090173519104,13730724
2010-03-10,1.4329068660736084,1.4609189992289306,1.4178238612110108,1.4479905613919104,11698485
2010-03-11,1.4199782609939575,1.4436804805438506,1.4027406911359943,1.4372166076144965,10264393
2010-03-12,1.3876571655273438,1.4285976503454065,1.3855025121878204,1.4264429970058832,11144276
2010-03-15,1.372573971748352,1.387656974584396,1.357490968912308,1.3811931017622248,9237234
2010-03-16,1.4199782609939575,1.4199782609939575,1.368263997894916,1.3704193414293082,13021780
2010-03-17,1.4501451253890991,1.4609189961780427,1.4135138611383355,1.4199784252711976,18322426
2010-03-18,1.4652280807495117,1.508323217222408,1.439371378616398,1.4436805988200236,28484759
2010-03-19,1.4695377349853516,1.4867760007901702,1.4479908521061122,1.465228427455088,18578982
2010-03-22,1.4953947067260742,1.5061685766244304,1.458763445503317,1.4695373154016729,24139278
2010-03-23,1.5147873163223267,1.5471085871845787,1.4587637341307043,1.4953950026012341,42815441
2010-03-24,1.4910848140716553,1.5126322076504781,1.4760018111803828,1.4932400712712481,25267855
2010-03-25,1.5212514400482178,1.523406006692684,1.4673824407474814,1.4824663060115975,38099765
2010-03-26,1.5190973281860352,1.5406449022828261,1.4932406190206131,1.5169427606517196,26536413
2010-03-29,1.5040132999420166,1.5298708665147198,1.4824665936335772,1.5298708665147198,22272556
2010-03-30,1.536334753036499,1.5406445776528723,1.4932403043792364,1.499704178234144,31558443
2010-03-31,1.5126323699951172,1.5384899355205055,1.5126323699951172,1.5363346780895977,22452702
2010-04-01,1.5471082925796509,1.562191986731749,1.5083231546812093,1.5169422851867564,31330239
2010-04-02,1.5621923208236694,1.5794298950655563,1.5363349237771409,1.5471086234457574,36881043
2010-04-06,1.5600367784500122,1.5794296069296305,1.5449537742794968,1.5621920358324,23801258
2010-04-07,1.536334753036499,1.5686560210642722,1.5277163121012658,1.5557275828987351,24262761
2010-04-08,1.5643466711044312,1.5794296759339135,1.5298708369480702,1.5363347106245364,32067137
2010-04-09,1.5945124626159668,1.6052863319297677,1.5578818938363115,1.5665011964240345,39370178
2010-04-12,1.6419174671173096,1.7022501640785752,1.5837393367193429,1.594512342149727,65602074
2010-04-13,1.5686562061309814,1.654846321911546,1.4997043551660612,1.6376080570959017,55219889
2010-04-14,1.5643466711044312,1.5837396730452358,1.5471084087983993,1.5578821069722621,27411179
2010-04-15,1.5234061479568481,1.572965845950385,1.5126322780520909,1.5643465428898853,31511229
2010-04-16,1.5234061479568481,1.5427989756942821,1.4910848834703994,1.516942274810164,18603930
2010-04-19,1.4609191417694092,1.5406446888237058,1.4609191417694092,1.5083234184636736,22758553
2010-04-20,1.4975494146347046,1.4975494146347046,1.4436806642173041,1.4609190130310064,15829941
2010-04-21,1.536334753036499,1.5384900105725465,1.4889303071489326,1.4975494385398878,18402541
2010-04-22,1.551418662071228,1.5643469294005803,1.5234065243522013,1.5341802243049567,21089953
2010-04-23,1.525560736656189,1.55788200160567,1.501858602276773,1.5406444309211957,18534586
2010-04-26,1.5492631196975708,1.5535731172091578,1.5104779752836577,1.5234064142929427,21785893
2010-04-27,1.4803110361099243,1.5600367425041826,1.4436805510701434,1.5514183023819867,24539665
2010-04-28,1.5190973281860352,1.5255612034029487,1.4479909032927158,1.4609193441824102,19898229
2010-04-29,1.441525936126709,1.5298707754424188,1.4393713691924825,1.5169423381535476,16615680
2010-04-30,1.3553359508514404,1.454454588899718,1.3230145939198263,1.441526149695439,19207194
2010-05-04,1.357491135597229,1.374728707285946,1.3273244357653917,1.342407440453462,7790086
2010-05-05,1.394121766090393,1.4027408975152822,1.3488720597189323,1.3488720597189323,13278770
2010-05-06,1.3359438180923462,1.4113595461720447,1.3359438180923462,1.3941219712414081,13085614
2010-05-07,1.3359438180923462,1.3359438180923462,1.3359438180923462,1.3359438180923462,0
2010-05-10,1.2734555006027222,1.3251697686555635,1.2325150168174828,1.3100860736688997,16446467
2010-05-11,1.2540630102157593,1.3079319498039852,1.2497537884924685,1.2950035078711994,11717123
2010-05-12,1.2325149774551392,1.2713008930234824,1.2131228395870723,1.2368249743435156,9133817
2010-05-13,1.249753475189209,1.2562180397629483,1.1851108501957202,1.2562180397629483,9793005
2010-05-14,1.2562180757522583,1.27345564927386,1.2303605934792297,1.2303605934792297,10803240
2010-05-17,1.1333972215652466,1.2411342925519566,1.131242654485582,1.238979639165327,13189307
2010-05-18,1.1484802961349487,1.1570995143505265,1.0967660225251272,1.1377065107096451,12735223
2010-05-19,1.1420155763626099,1.1635631442872885,1.116158874603614,1.1377063562213339,8403917
2010-05-20,1.1183134317398071,1.1549446939033874,1.1096949915326333,1.1333971261671676,8650776
2010-05-21,1.1355516910552979,1.1377062577860417,1.0665998594127144,1.079528209173641,10797178
2010-05-24,1.1808013916015625,1.2066581774674787,1.1377062594189782,1.1377062594189782,17021195
2010-05-25,1.202349305152893,1.202349305152893,1.1657187256556696,1.1808017328346914,14279469
2010-05-26,1.1894207000732422,1.204503705156644,1.1786469154110417,1.1958845738585266,12171062
2010-05-27,1.2260512113571167,1.2303604315564556,1.1700277238733965,1.1786468547277533,16492425
2010-05-28,1.2152776718139648,1.2368252443652439,1.2023493181585474,1.2303606791561374,13305757
2010-05-31,1.1484802961349487,1.2217421405953772,1.1463257289252229,1.2023492232614663,11009920
2010-06-01,1.1204687356948853,1.1463255226184095,1.0946112583157217,1.1355517391320882,9312666
2010-06-02,1.1506348848342896,1.1527894519226447,1.109695089411748,1.1226235276254655,7578960
2010-06-03,1.1463255882263184,1.1894206383311168,1.1463255882263184,1.152789375369107,12180161
2010-06-04,1.1614086627960205,1.1678732270925762,1.1247780880734126,1.1377064399038386,6459821
2010-06-07,1.1937298774719238,1.2045036617458327,1.1247780378695373,1.135551822143446,16278171
2010-06-08,1.2066582441329956,1.2174320277738722,1.1764922368258426,1.1937298073322908,16948223
2010-06-09,1.219586730003357,1.2238966409501149,1.1937299398387473,1.2088129451665683,14492520
2010-06-10,1.2454441785812378,1.2648364039011728,1.2045036936863875,1.2109682578658256,22084678
2010-06-11,1.221742033958435,1.249753390300283,1.2195866901740997,1.2454441699499814,10211742
2010-06-15,1.221742033958435,1.221742033958435,1.221742033958435,1.221742033958435,0
2010-06-17,1.2001945972442627,1.2368251750858945,1.1958846859633265,1.2260513894137364,7916751
2010-06-18,1.1527894735336304,1.2109683096556745,1.1420156885132609,1.1980391807438542,6320667
2010-06-21,1.1937298774719238,1.1937298774719238,1.1463256064173548,1.1527893936627172,7440723
2010-06-22,1.221742033958435,1.2260512543087365,1.1829561163689823,1.1915753338322517,10687592
2010-06-23,1.2432887554168701,1.249753319183644,1.1958844861312954,1.204503616797134,12405600
2010-06-24,1.2475988864898682,1.2540626741893355,1.2152775313974482,1.2432888891585288,11152512
2010-06-25,1.238979697227478,1.2519081359949111,1.19803920959576,1.241134350715081,13174465
2010-06-28,1.1808013916015625,1.2497532233431117,1.1721822615967041,1.2497532233431117,17935643
2010-06-29,1.077373743057251,1.2023490682527538,1.075219089818336,1.2023490682527538,17041725
2010-06-30,1.0558263063430786,1.0709093124268014,1.0278141709198845,1.0579808735430904,8696617
2010-07-01,1.0428977012634277,1.068754488603348,1.0385877907875003,1.055826138086866,6892519
2010-07-02,1.040743112564087,1.0515161192352025,0.9825642850100849,1.045052332493924,7158889
2010-07-05,1.0428977012634277,1.0493615744473217,1.0084217834273028,1.0235047871074017,5622086
2010-07-06,1.073063850402832,1.0816830683448124,1.0342787074219195,1.038587928011555,9409354
2010-07-07,1.0859928131103516,1.0859928131103516,1.06444524624294,1.0752190296766457,6400232
2010-07-08,1.073063850402832,1.092456767121159,1.0622900653195178,1.0859929793901895,6623238
2010-07-09,1.1010758876800537,1.10323045463083,1.0515161872363548,1.079528319419169,10162598
2010-07-12,1.114004373550415,1.131242723688544,1.098921367386489,1.1183135942803226,8939864
2010-07-13,1.088147521018982,1.103230526338298,1.0752191690974497,1.103230526338298,7594601
2010-07-14,1.103230357170105,1.1204687036996201,1.0903020072309926,1.0924565739914318,7911351
2010-07-15,1.081682801246643,1.1140040622085823,1.0773735817210761,1.10107571317631,8817510
2010-07-16,1.105385184288025,1.1096950952501006,1.055826257181667,1.0795283940315177,7716498
2010-07-19,1.1506348848342896,1.1570994491690105,1.0924567402586307,1.0967659607423064,21114750
2010-07-20,1.1678731441497803,1.178646841832454,1.1420155792556919,1.1570993601601476,20721812
2010-07-21,1.1808013916015625,1.213122740738501,1.152789262239248,1.1657183887812927,22801779
2010-07-22,1.1872652769088745,1.2045036246600405,1.1635631421113615,1.1764922697293096,16633498
2010-07-23,1.1743367910385132,1.187265140407445,1.1484800059937004,1.180801354104248,13355163
2010-07-26,1.1894207000732422,1.1980391409156452,1.1700277841129243,1.1808015687751248,12507176
2010-07-27,1.1937298774719238,1.2001944414799373,1.1764923059526526,1.1851107464844435,10726934
2010-07-28,1.221742033958435,1.2389796058153444,1.1851107696976146,1.193729900853921,18456123
2010-07-29,1.228205919265747,1.2325151399596597,1.206658434884668,1.2217421313783632,16032337
2010-07-30,1.228205919265747,1.2368251374163002,1.204503781384227,1.2174322202286925,12873168
2010-08-02,1.2691463232040405,1.2713009765619796,1.2238966176271453,1.2282058380360594,22600717
2010-08-03,1.2346705198287964,1.2713010976202581,1.2325151758099044,1.260527311962856,16947255
2010-08-04,1.2475988864898682,1.2497534536207016,1.206658399804442,1.2238966629904542,12798985
2010-08-05,1.2368251085281372,1.2583726787129057,1.2346704550780219,1.2475988936205216,13492110
2010-08-06,1.2626818418502808,1.2648364088953892,1.2088129188395604,1.236825052248812,14335987
2010-08-09,1.2993122339248657,1.307931450846249,1.2540625318082694,1.2540625318082694,27142493
2010-08-10,1.4285978078842163,1.4285978078842163,1.3316338226438946,1.3316338226438946,119066401
2010-08-11,1.5104774236679077,1.5147867291499997,1.3790375649783526,1.415668819249617,117266751
2010-08-12,1.4522994756698608,1.5040130465783181,1.428597429529064,1.4566087816828241,61849932
2010-08-13,1.4307523965835571,1.4609191869476583,1.3747288998369205,1.4415261824723993,41777248
2010-08-16,1.4501451253890991,1.4695374368762797,1.4005855096352768,1.4372167738860406,40675988
2010-08-17,1.4393715858459473,1.456609159597862,1.4178240145072472,1.441526153104478,32973524
2010-08-18,1.4307523965835571,1.450145314751842,1.4092048248058726,1.4372169615605745,28534944
2010-08-19,1.4329068660736084,1.469537439945166,1.4178238612110108,1.4307522127410681,41034221
2010-08-20,1.372573971748352,1.4307520205050988,1.3682639752066585,1.4307520205050988,28572401
2010-08-23,1.3898117542266846,1.4048954498290218,1.372574182013916,1.3790379695193278,15592281
2010-08-24,1.3962763547897339,1.411359360328423,1.3790380053661875,1.400585575341011,19086372
2010-08-25,1.357491135597229,1.3962762760455765,1.3467173512174138,1.3855024916657612,19135640
2010-08-26,1.3962763547897339,1.4027409192258684,1.3294790777431083,1.3574912121540663,20708163
2010-08-27,1.394121766090393,1.3984309865749753,1.3725741964490668,1.3790379840224574,13104255
2010-08-30,1.443680763244629,1.4501452415885236,1.3876572693245126,1.3962764011690993,28603730
2010-08-31,1.4307523965835571,1.4587637565754916,1.4070502575034471,1.4178240433922895,25418994
2010-09-01,1.3768833875656128,1.4587635808302277,1.3596457292322617,1.430752224212975,24701460
2010-09-02,1.3898117542266846,1.4070501032021354,1.3661096177458218,1.3898117542266846,19698809
2010-09-03,1.443680763244629,1.4587636829773523,1.3790380511729559,1.3919671804746852,34615170
2010-09-06,1.4372169971466064,1.456609225339257,1.411359513361063,1.4436808718278786,20943263
2010-09-07,1.441525936126709,1.4544543734155801,1.402740796874014,1.4221330212725238,22552565
2010-09-08,1.471692681312561,1.4953948170875784,1.4264429767645128,1.4329068503843965,33816357
2010-09-09,1.4199782609939575,1.48462096040733,1.4113591308371642,1.4652279607080219,29169198
2010-09-10,1.4199782609939575,1.4329066973082885,1.3833477777436392,1.4156690411433726,19680044
2010-09-13,1.4372169971466064,1.4479907833022116,1.4135140807168363,1.4199786458539188,19758167
2010-09-14,1.4803110361099243,1.4803110361099243,1.4307521141242359,1.4372166778250182,32045694
2010-09-15,1.4307523965835571,1.4803113283531761,1.4264431756717322,1.4803113283531761,22220073
2010-09-16,1.363955020904541,1.4372168635194082,1.3424075369037134,1.4264430783655104,20444165
2010-09-17,1.3510264158248901,1.3725739821012437,1.3467171960132565,1.3661094187747005,10882962
2010-09-20,1.3510264158248901,1.3510264158248901,1.3510264158248901,1.3510264158248901,0
2010-09-21,1.3187049627304077,1.3445617467854685,1.3079312667462386,1.3402525273126367,10680136
2010-09-27,1.3531813621520996,1.3531813621520996,1.3251699169340458,1.3359437024071688,7779209
2010-09-28,1.3316336870193481,1.3553358233304367,1.3273244666109514,1.3553358233304367,7822237
2010-09-29,1.305776834487915,1.346717317680024,1.2950030503764,1.3273244027109452,9895596
2010-09-30,1.327324390411377,1.327324390411377,1.2971576916103207,1.2971576916103207,6124833
2010-10-08,1.3531813621520996,1.361800494098963,1.3359437024071688,1.3424075766789767,8996114
2010-10-11,1.3682641983032227,1.374728762635058,1.353181279314848,1.3574911902523246,13015191
2010-10-12,1.3704192638397217,1.3790377030529382,1.353181004502121,1.3682639204273597,11551307
2010-10-13,1.3833478689193726,1.3898116559677984,1.3639548679418818,1.3639548679418818,14120423
2010-10-14,1.3208599090576172,1.3704195257433924,1.3208599090576172,1.3704195257433924,15179048
2010-10-15,1.3208599090576172,1.3380982579966219,1.303622336881293,1.3273244733120435,12205848
2010-10-18,1.290693998336792,1.3122415693672018,1.2669918600786776,1.3122415693672018,13705181
2010-10-19,1.3337883949279785,1.3359437389689917,1.2906940286188269,1.2906940286188269,10018979
2010-10-20,1.316550612449646,1.3402527475089514,1.2842292602660783,1.2928484773903406,9683876
2010-10-21,1.3337883949279785,1.3380983925542194,1.312241600154782,1.3165508210182642,9897155
2010-10-22,1.357491135597229,1.3639549229061307,1.3273244357653917,1.342407440453462,13924018
2010-10-25,1.3898117542266846,1.4135138907075475,1.370419528640802,1.374728749080065,25134960
2010-10-26,1.3919670581817627,1.3941217114931552,1.3704194893842925,1.38334792709442,14984978
2010-10-27,1.4005852937698364,1.4221328594127758,1.3811930715784482,1.3941215073958722,23897109
2010-10-28,1.4178239107131958,1.4221331312217664,1.3855025560712817,1.4005855614604903,23088972
2010-10-29,1.422133207321167,1.4329069927783182,1.3855026302105529,1.4005856364068643,19360165
2010-11-01,1.441525936126709,1.4501450669332085,1.402740796874014,1.4221330212725238,27350584
2010-11-02,1.4027408361434937,1.4544544141327724,1.3984309253917513,1.4436806297834768,26465735
2010-11-03,1.4070500135421753,1.4329068017485072,1.394121662592489,1.394121662592489,16570152
2010-11-04,1.4889302253723145,1.5040132297897721,1.40058547122515,1.4070500351807258,49678157
2010-11-05,1.4695377349853516,1.4889305682483216,1.4544547270945272,1.4781568678877608,30897605
2010-11-08,1.493240237236023,1.504013244767176,1.4652281046284603,1.4695374112092752,27126674
2010-11-09,1.482466459274292,1.5255607310550852,1.4695373319318783,1.4910848993570585,25664785
2010-11-10,1.5040132999420166,1.5061687300741484,1.4458352423718315,1.4803111635014454,25532112
2010-11-11,1.4738472700119019,1.544953850997679,1.4738472700119019,1.4910850145790298,37715764
2010-11-12,1.348872184753418,1.4824667491626171,1.3273246131147274,1.4609191775239263,32319292
2010-11-15,1.3768833875656128,1.3855025188066614,1.338098246357495,1.3574911621894088,15833448
2010-11-16,1.363955020904541,1.4027409409022653,1.3424075369037134,1.3790380266763058,18117425
2010-11-17,1.3208599090576172,1.3768833995421028,1.3143960352589068,1.3424074784267739,12132832
2010-11-18,1.3208599090576172,1.3208599090576172,1.3208599090576172,1.3208599090576172,0
2010-11-19,1.3768833875656128,1.3962763033975267,1.3359435930076784,1.3553358183838824,18922263
2010-11-22,1.5147873163223267,1.5147873163223267,1.3704196578395855,1.3704196578395855,33905639
2010-11-23,1.5708107948303223,1.6483817792581188,1.5255610826830999,1.5449540877109789,124556513
2010-11-24,1.5945124626159668,1.6656197239048085,1.5147869344228146,1.5427988910703554,87579592
2010-11-25,1.6397624015808105,1.6936312381994385,1.5514184209277975,1.5708105599866935,76632823
2010-11-26,1.6052863597869873,1.6397621898249368,1.5751203537315916,1.6397621898249368,45504389
2010-11-29,1.6095963716506958,1.641917811311824,1.5621920998152214,1.6009772405212297,46543983
2010-11-30,1.4953947067260742,1.6095962431690098,1.4479904386745182,1.6095962431690098,52452751
2010-12-01,1.4889302253723145,1.5169423577009238,1.4716926539928663,1.4824665244863435,20303928
2010-12-02,1.493240237236023,1.5255608133547864,1.488930240199517,1.5061686748202356,23720857
2010-12-03,1.4781564474105835,1.4997040146162333,1.4415258766046288,1.4889301447064525,17107856
2010-12-06,1.443680763244629,1.4910851253201585,1.415669318358965,1.4760021192804653,14102256
2010-12-07,1.4760022163391113,1.4803113510099148,1.4285978511463753,1.4329070721241544,12372850
2010-12-08,1.4566091299057007,1.4997042717046307,1.450145255647926,1.4738473937620022,12004614
2010-12-09,1.467382788658142,1.5104779292708603,1.4092047285816325,1.4393715168858654,24384521
2010-12-10,1.4695377349853516,1.4781568678877608,1.4242879345500552,1.4415262866618543,14727259
2010-12-13,1.5104774236679077,1.5126319901020144,1.4695370365284304,1.4803107317683568,23314549
2010-12-14,1.5320254564285278,1.5492630288691058,1.4932403142884667,1.5104778867290447,24359764
2010-12-15,1.508323311805725,1.5341800155602505,1.5018587474857497,1.5277163143099286,19699189
2010-12-16,1.5126323699951172,1.5406445024957252,1.5083232360446779,1.5126323699951172,15762610
2010-12-17,1.493240237236023,1.5234062463713405,1.4846211062326249,1.5190969397905256,12334428
2010-12-20,1.4522994756698608,1.5040130465783181,1.4156689936484748,1.4932400404667603,15312988
2010-12-21,1.482466459274292,1.482466459274292,1.432906760752725,1.4458351113325283,11389566
2010-12-22,1.4803110361099243,1.5190968647893897,1.4760019023557835,1.4932401635114887,17104177
2010-12-23,1.443680763244629,1.48031125366791,1.4393715425502147,1.4695375546296008,11953663
2010-12-24,1.4393715858459473,1.4587637268563929,1.4178240145072472,1.443680806669981,8242305
2010-12-27,1.3790379762649536,1.4652281680384471,1.3747287558046122,1.4372168109813026,10681520
2010-12-28,1.3402528762817383,1.3941218017634627,1.3402528762817383,1.3811933632162101,10222689
2010-12-29,1.3618004322052002,1.3682642198762587,1.3402528622382905,1.3467174266720507,5963425
2010-12-30,1.372573971748352,1.385502321541355,1.3467171858553946,1.3596455356483976,7520936
2010-12-31,1.3898117542266846,1.3919670980555159,1.3661096177458218,1.372574182013916,6458840
2011-01-04,1.4005852937698364,1.4048952039103924,1.379037728126897,1.3919668543999177,9202613
2011-01-05,1.4048954248428345,1.4092046452054574,1.3876571624809324,1.4005855140245065,8003546
2011-01-06,1.4178239107131958,1.430752262694636,1.3962763409519197,1.4048954724247895,10104659
2011-01-07,1.4242877960205078,1.4285977935874141,1.4027410015439403,1.4221332287719148,9241878
2011-01-10,1.3661096096038818,1.4242876669262263,1.3639549562436097,1.4221330998729182,8479427
2011-01-11,1.3768833875656128,1.387657172156478,1.351026597991213,1.363954949624931,8725590
2011-01-12,1.4005852937698364,1.4027406372213873,1.3618001589314632,1.3768831614378922,9727032
2011-01-13,1.394121766090393,1.4221331233051098,1.3898117688431206,1.4048954646040905,8066856
2011-01-14,1.346717119216919,1.3941214688780337,1.331633426671637,1.3941214688780337,9360217
2011-01-17,1.2734555006027222,1.3531812107393064,1.2691462803393494,1.3424074264717047,7565513
2011-01-18,1.2863837480545044,1.2950028777632094,1.2713007457524867,1.273455312412292,3993353
2011-01-19,1.338098168373108,1.3402527352903926,1.282074681640979,1.2885384686997916,8660964
2011-01-20,1.2993122339248657,1.3359434958826961,1.2820746631516742,1.3316335853476535,9131132
2011-01-21,1.3036223649978638,1.3165507170228752,1.2863840156870618,1.2993123677120733,6132631
2011-01-24,1.2734555006027222,1.3036222864273213,1.2713009336245165,1.3036222864273213,5542044
2011-01-25,1.279919981956482,1.288538421926694,1.2562178479736315,1.2777646383548065,5495095
2011-01-26,1.2928485870361328,1.303622372011041,1.2756102376325926,1.2756102376325926,4776374
2011-01-27,1.2993122339248657,1.307931450846249,1.2734554462302912,1.2906937937660998,6968250
2011-01-28,1.3079314231872559,1.3187051204600615,1.2928484196192391,1.3036222031990006,5611717
2011-01-31,1.316550612449646,1.3208598326304595,1.299312264508081,1.3122413922688327,7116248
2011-02-01,1.316550612449646,1.325169743266949,1.3079314816323433,1.3100860485692702,4181950
2011-02-09,1.3143959045410156,1.3251696881541313,1.2928484236217404,1.30146755408058,5400316
2011-02-10,1.348872184753418,1.3639551051498178,1.3165508272953819,1.3187053945839091,9542393
2011-02-11,1.3618004322052002,1.3618004322052002,1.342407515666621,1.3467174266720507,9428099
2011-02-14,1.3747289180755615,1.3790381390445572,1.357491343743777,1.3639551320437826,10258721
2011-02-15,1.3661096096038818,1.3941217431197388,1.3596457358300296,1.3747287408867555,10284825
2011-02-16,1.385502576828003,1.385502576828003,1.3596457861707862,1.3596457861707862,10417579
2011-02-17,1.3876571655273438,1.3919670763551337,1.3682641634811106,1.3855025121878204,11463869
2011-02-18,1.372573971748352,1.387656974584396,1.357490968912308,1.3833477548052657,9228307
2011-02-21,1.394121766090393,1.394121766090393,1.3596457582326298,1.3682641992017943,10907416
2011-02-22,1.3531813621520996,1.3962764177376206,1.35102670862584,1.3941218505183317,13640917
2011-02-23,1.385502576828003,1.387657230268051,1.3467174339956616,1.3531813080088382,9804389
2011-02-24,1.4135136604309082,1.4156690039086106,1.3790377448591875,1.387656961096232,15973265
2011-02-25,1.4178239107131958,1.4285976955938338,1.3962763409519197,1.4070501258325578,13325158
2011-02-28,1.4285978078842163,1.4415261608818486,1.411359457276545,1.4156693685796111,11645961
2011-03-01,1.422133207321167,1.4393715574963093,1.40920476834095,1.4307523392552528,11658659
2011-03-02,1.4264429807662964,1.4285976340812896,1.396276280831068,1.417823849664549,12640971
2011-03-03,1.4048954248428345,1.4630735677841784,1.3984309469966765,1.43937143172486,14552348
2011-03-04,1.4307523965835571,1.4350616174953819,1.3941219043121797,1.4048956038940477,8243659
2011-03-07,1.4479906558990479,1.4544545300115885,1.4264430854837258,1.4264430854837258,12566389
2011-03-08,1.4609191417694092,1.4609191417694092,1.4393715706580734,1.445835358672434,10489436
2011-03-09,1.4479906558990479,1.4695375358586205,1.4415260913307577,1.4609190945798787,10150109
2011-03-10,1.4264429807662964,1.4458352058290853,1.4221330699875734,1.4436806388210544,11160623
2011-03-11,1.441525936126709,1.4673826380905326,1.4113592372248385,1.4221330212725238,16751508
2011-03-14,1.493240237236023,1.493240237236023,1.43721674878355,1.4415259690574036,26216954
2011-03-15,1.4652280807495117,1.4846210820376269,1.4221330305835755,1.4846210820376269,18394471
2011-03-16,1.4997042417526245,1.5083233735086343,1.4566091008143882,1.4566091008143882,21274495
2011-03-17,1.458763599395752,1.506168735517876,1.4436806805272226,1.4716927279566914,18575366
2011-03-18,1.4738472700119019,1.4932402720684417,1.4501451338879516,1.4630735717737426,12279828
2011-03-21,1.4458352327346802,1.4760020195382455,1.4264430073110206,1.4738472798761921,12730431
2011-03-22,1.443680763244629,1.4522998087822458,1.417823971859657,1.445835330438351,8344072
2011-03-23,1.46307373046875,1.4652282977361544,1.4350615941693676,1.4458353798830887,8554049
2011-03-24,1.4867756366729736,1.495394767464524,1.463073501684486,1.4716926324760362,13880086
2011-03-25,1.4867756366729736,1.495394767464524,1.4760019389509338,1.4781565058814232,12517854
2011-03-28,1.5298709869384766,1.5492631277108815,1.4846212775579906,1.4975495440202031,37420185
2011-03-29,1.5557273626327515,1.6117509319792362,1.521251532405876,1.5298706625765008,54978850
2011-03-30,1.5190973281860352,1.577275484803627,1.5126327625132543,1.5621924763796171,25051921
2011-03-31,1.4695377349853516,1.542799415279047,1.45876386201083,1.5083235741252525,18720058
2011-04-01,1.4910848140716553,1.5040130776050455,1.4609188082891102,1.4630733750330889,10614024
2011-04-06,1.4997042417526245,1.514787247637313,1.4673827997419784,1.4867758030395162,12868658
2011-04-07,1.5040132999420166,1.5040132999420166,1.478156596438959,1.4932402920156551,11229398
2011-04-08,1.5126323699951172,1.521251673579528,1.495394798509828,1.5018586720494087,13487224
2011-04-11,1.5061687231063843,1.5341799935423441,1.5040132929842238,1.5104778572114226,13994998
2011-04-12,1.525560736656189,1.547108304160481,1.5104777328468384,1.5104777328468384,14402670
2011-04-13,1.536334753036499,1.5384900105725465,1.4975494385398878,1.5320254462619172,13446239
2011-04-14,1.5104774236679077,1.5384895491333523,1.5061682907996947,1.5341795531957456,13812674
2011-04-15,1.5040132999420166,1.5104778641991217,1.478156596438959,1.4932402920156551,13032942
2011-04-18,1.5384902954101562,1.5384902954101562,1.4867760153317837,1.5018590233701294,15465579
2011-04-19,1.54495370388031,1.5665012709187,1.5190968305709347,1.525560703670458,27235444
2011-04-20,1.5621923208236694,1.5815846349992795,1.5341801838434177,1.5406447488724868,18892826
2011-04-21,1.5902035236358643,1.609596352681207,1.5535729503765163,1.5708105219765982,32217316
2011-04-22,1.557882308959961,1.6246795915263836,1.5449540420890329,1.6160604592558514,24246919
2011-04-25,1.5234061479568481,1.5665012823480544,1.516942274810164,1.5600367187457238,14825815
2011-04-26,1.4738472700119019,1.534179980145593,1.4609190047400376,1.519096975226097,13942068
2011-04-27,1.4867756366729736,1.5040132078004005,1.4673826355454649,1.4803110728119127,9262169
2011-04-28,1.4092046022415161,1.4932402224705918,1.3984309043612044,1.4932402224705918,11245086
2011-04-29,1.4372169971466064,1.4415262181651292,1.4005857272054578,1.4092048596983135,6739484
2011-05-03,1.4695377349853516,1.4716929928993459,1.42644327877103,1.437217065438571,5913808
2011-05-04,1.4285978078842163,1.4781567389115633,1.4242878102741774,1.4544546001864538,9081804
2011-05-05,1.4350615739822388,1.452299838018435,1.4199785676389103,1.4307523532010757,5665437
2011-05-06,1.4522994756698608,1.4587633483823557,1.4048952107743669,1.4307519962285955,5338253
2011-05-09,1.4609191417694092,1.4695375833265376,1.4436807914366376,1.4501452699067698,6305957
2011-05-10,1.4738472700119019,1.4760020096595337,1.445835223057871,1.4522997009216567,5566663
2011-05-11,1.4738472700119019,1.4738472700119019,1.4738472700119019,1.4738472700119019,0
2011-05-12,1.4501451253890991,1.4867756991841596,1.4436806475631998,1.4652281302201984,10709586
2011-05-13,1.4803110361099243,1.4846210329336362,1.4436805510701434,1.4458351179472138,8288122
2011-05-16,1.5061687231063843,1.5190969884911405,1.463073584549579,1.4760020225482637,13442879
2011-05-17,1.4910848140716553,1.5234060770537932,1.4760018111803828,1.5040130776050455,10452146
2011-05-18,1.5277162790298462,1.532025413097215,1.4781565766790818,1.4824665738160845,14989598
2011-05-19,1.508323311805725,1.540644579880226,1.5040133145691903,1.5363347552576219,10270367
2011-05-20,1.5061687231063843,1.5190969884911405,1.4867757208805008,1.5040132929842238,7203278
2011-05-23,1.422133207321167,1.519097103821587,1.422133207321167,1.4975495329072845,12102007
2011-05-24,1.458763599395752,1.4652281636762217,1.4135138934135503,1.4242876781415323,9713776
2011-05-25,1.467382788658142,1.4867757918091953,1.445835304658751,1.4501452157320769,11571423
2011-05-26,1.6139060258865356,1.6139060258865356,1.4652284416305248,1.4652284416305248,92323734
2011-05-27,1.5406445264816284,1.6785482075615272,1.514787133167595,1.6268341113891591,102265796
2011-05-30,1.3876571655273438,1.4889302741400692,1.3876571655273438,1.4867757071075092,49713209
2011-05-31,1.4048954248428345,1.428597647209116,1.3143960146612212,1.3359435836927096,34888677
2011-06-01,1.4307523965835571,1.4630737542500838,1.3747288998369205,1.381193464813938,32035943
2011-06-02,1.3661096096038818,1.4113593152297725,1.3359435994904303,1.398430963533319,20870808
2011-06-03,1.3747289180755615,1.3941219228081092,1.357491343743777,1.366109785681768,13474090
2011-06-07,1.3790379762649536,1.3919671048643851,1.3682641915048963,1.3682641915048963,11505029
2011-06-08,1.4027408361434937,1.4070500564395418,1.3596456987463112,1.3855024877409505,14789849
2011-06-09,1.3531813621520996,1.404895549684484,1.3467174878802917,1.3876572857907572,14200048
2011-06-10,1.3553359508514404,1.359645862121061,1.3230145939198263,1.3359437235798828,12092512
2011-06-13,1.3424075841903687,1.3510267161854599,1.3187053595852383,1.3445621514217132,6667909
2011-06-14,1.363955020904541,1.3725742389029894,1.3445621040591629,1.3467174479773265,9040909
2011-06-15,1.3531813621520996,1.3833480650452088,1.3531813621520996,1.361800494098963,8354340
2011-06-16,1.3251696825027466,1.3510264696203038,1.3165505520806646,1.3445619060363536,7293531
2011-06-17,1.2928485870361328,1.3337882967464425,1.2906939336095113,1.3230145117715344,5734092
2011-06-20,1.2475988864898682,1.2950031608747614,1.228205883559088,1.2928485937439282,12058075
2011-06-21,1.2605271339416504,1.2626817872004676,1.234670345459283,1.254062570016478,6951161
2011-06-22,1.2475988864898682,1.2648364592201422,1.2411343220276954,1.260527238651508,4988225
2011-06-23,1.2756099700927734,1.2950028825485993,1.2195864898486524,1.2519078379944648,10590689
2011-06-24,1.2993122339248657,1.3187051483468872,1.2648363156158655,1.2669916592646953,11613981
2011-06-27,1.3143959045410156,1.3251696881541313,1.2993122104706567,1.3057767740821762,9154296
2011-06-28,1.3251696825027466,1.3337881224691843,1.3079314216585827,1.3143958989355775,6644413
2011-06-29,1.3079314231872559,1.3316335571874283,1.3036222031990006,1.320859773607667,7125713
2011-06-30,1.316550612449646,1.325169743266949,1.3014676082076435,1.3014676082076435,6730698
2011-07-01,1.3294790983200073,1.34240753693664,1.3143960925478726,1.3143960925478726,8332104
2011-07-04,1.3553359508514404,1.3553359508514404,1.3273245914964191,1.3273245914964191,8630405
2011-07-05,1.3510264158248901,1.3618001989630668,1.344561852498347,1.3553356356365236,9330457
2011-07-06,1.357491135597229,1.3661095762137392,1.3359435668375985,1.357491135597229,8404122
2011-07-07,1.346717119216919,1.3639546879361002,1.3380979896295395,1.3531809917192439,7333505
2011-07-08,1.357491135597229,1.361800355905484,1.338098220145207,1.3488720045250222,7711562
2011-07-11,1.3618004322052002,1.3661096527548948,1.3402528622382905,1.3531813006500761,8611599
2011-07-12,1.3251696825027466,1.3553356896035227,1.323014338902015,1.3531811227653912,8327682
2011-07-13,1.3553359508514404,1.359645862121061,1.3273245914964191,1.3316338123102622,6746822
2011-07-14,1.372573971748352,1.3768831915274826,1.353181058677566,1.3553356254136555,9107773
2011-07-15,1.3768833875656128,1.3790379546084657,1.3596457292322617,1.3725741671729434,9250688
2011-07-18,1.3704192638397217,1.3876569190286865,1.3682639204273597,1.376883136403108,7607621
2011-07-19,1.3553359508514404,1.3682643037487472,1.3510267300375973,1.3682643037487472,5821999
2011-07-20,1.3596458435058594,1.3725742825331322,1.3402529260440368,1.3596458435058594,7530388
2011-07-21,1.348872184753418,1.35964588426579,1.3359437453385719,1.348872184753418,7821270
2011-07-22,1.3682641983032227,1.3876572008430046,1.346717405438737,1.346717405438737,13757970
2011-07-25,1.297157883644104,1.3876573029893102,1.2928486628451474,1.3682642990219973,17795645
2011-07-26,1.316550612449646,1.316550612449646,1.2842292602660783,1.2950030443272675,6616629
2011-07-27,1.3337883949279785,1.340252959832474,1.3014678143868044,1.3014678143868044,6123640
2011-07-28,1.327324390411377,1.331633610572388,1.3122413862386852,1.3208598265607077,4936908
2011-07-29,1.2993122339248657,1.3359434958826961,1.2993122339248657,1.3273243652682705,5252315
2011-08-01,1.3143959045410156,1.323014344544208,1.2950029904690605,1.2971576436233365,3529451
2011-08-02,1.2885385751724243,1.3100861448788492,1.2691463493240096,1.3036223572859305,8080504
2011-08-03,1.3014676570892334,1.3122414415550732,1.277764744377039,1.2820747414823663,5426497
2011-08-04,1.3100861310958862,1.3165506953834862,1.2971577792833708,1.299312346356021,4356720
2011-08-05,1.3100861310958862,1.3100861310958862,1.3100861310958862,1.3100861310958862,0
2011-08-08,1.1808013916015625,1.271300789434404,1.178646738560775,1.271300789434404,14557381
2011-08-09,1.1549447774887085,1.1743370029674407,1.1010759405565376,1.1204688564909833,8630065
2011-08-10,1.1635631322860718,1.189420610540997,1.1570993452943057,1.172182349242352,6944444
2011-08-11,1.1851106882095337,1.1894205987191895,1.1226234156878188,1.1226234156878188,6121358
2011-08-12,1.2109681367874146,1.2368249237015017,1.1872652262388654,1.1872652262388654,8276778
2011-08-15,1.2238967418670654,1.2260513954437273,1.19803925911464,1.2131230424488924,6636325
2011-08-16,1.2260512113571167,1.2454441263189795,1.2195866474489494,1.2260512113571167,6010196
2011-08-17,1.2260512113571167,1.2346703422114735,1.2109682070502716,1.2174320805027599,3941044
2011-08-18,1.2088128328323364,1.2346703110497521,1.2066582659405258,1.2260511804129328,6520056
2011-08-19,1.1958845853805542,1.2023491496838374,1.1743370158485482,1.1851108006145512,4862014
2011-08-22,1.1851106882095337,1.2109681662074583,1.1829560350290553,1.1894205987191895,3821324
2011-08-23,1.2174317836761475,1.2174317836761475,1.18942034883822,1.18942034883822,4680298
2011-08-24,1.2131229639053345,1.2368251010907225,1.2109683104681757,1.2174321844726852,4789646
2011-08-25,1.238979697227478,1.2454442618390718,1.2152775594871839,1.2238966912794111,5521824
2011-08-26,1.2454441785812378,1.260527183521007,1.228205829842196,1.2411342677453643,5678386
2011-08-29,1.219586730003357,1.2368250791859023,1.2174321629113238,1.2368250791859023,5001732
2011-08-30,1.2045036554336548,1.2389795750541777,1.2023490884654786,1.2260512238685528,5266759
2011-08-31,1.2066582441329956,1.2131228077611724,1.189420587319591,1.2045035909731676,3775524
2011-09-01,1.202349305152893,1.2238967911641185,1.1980393073701854,1.2109684376485454,2769641
2011-09-02,1.1894207000732422,1.2088129255778455,1.1808015687751248,1.2001944847354424,3148659
2011-09-05,1.1570994853973389,1.1851108434831876,1.148480267397433,1.1851108434831876,2334894
2011-09-06,1.1527894735336304,1.1614086914252537,1.139861121384515,1.1549448174250811,1724056
2011-09-07,1.1851106882095337,1.1851106882095337,1.1570993337937434,1.1657184643573992,2603791
2011-09-08,1.172182321548462,1.1937298024348577,1.172182321548462,1.1872652388332028,1989956
2011-09-09,1.1808013916015625,1.193729741381045,1.1635630452848942,1.1721822615967041,1963980
2011-09-13,1.1592541933059692,1.1700279797698063,1.1527896279839391,1.1635634144477764,1880329
2011-09-14,1.1592541933059692,1.1592541933059692,1.1592541933059692,1.1592541933059692,0
2011-09-15,1.1764923334121704,1.187265341174872,1.1721824225899913,1.1786469004419253,3211172
2011-09-16,1.1764923334121704,1.189420684967296,1.1743369896197464,1.1764923334121704,2167247
2011-09-19,1.1441709995269775,1.1764923536593324,1.1420156556974606,1.1764923536593324,1844640
2011-09-20,1.1484802961349487,1.1592540815602523,1.1377065107096451,1.150634949651645,1601036
2011-09-21,1.1851106882095337,1.1851106882095337,1.146325550049609,1.150634770103609,3743070
2011-09-22,1.1506348848342896,1.1808015858941587,1.1484802314389688,1.1808015858941587,3581894
2011-09-23,1.1377063989639282,1.146325616332925,1.1140042632316232,1.1377063989639282,2992127
2011-09-26,1.1204687356948853,1.144170869489491,1.1140041721594458,1.1312425191812063,2670877
2011-09-27,1.1377063989639282,1.139861052268994,1.116158916536689,1.1269327009037895,2285750
2011-09-28,1.1075397729873657,1.1463256927377552,1.1010759852552683,1.1463256927377552,3374958
2011-09-29,1.0536715984344482,1.1053851786853512,1.0515162545829877,1.1053851786853512,5108816
2011-09-30,1.0665998458862305,1.0687544125896504,1.0385877169193678,1.0644451928758605,2794868
2011-10-10,1.0558263063430786,1.073063879626813,1.0558263063430786,1.073063879626813,1832715
2011-10-11,1.0622901916503906,1.0881476759374493,1.049361837888262,1.0752193221753208,3914057
2011-10-12,1.1010758876800537,1.107539674839343,1.0450524000770656,1.064445315080214,5290763
2011-10-13,1.1096951961517334,1.1140044170499068,1.0924568453404837,1.0989214102970217,4089372
2011-10-14,1.1010758876800537,1.1096950185527596,1.0924566705003877,1.107539674839343,2641598
2011-10-17,1.1010758876800537,1.111849671810496,1.0924566705003877,1.0989212344223174,2023509
2011-10-18,1.0709092617034912,1.1161589682671804,1.0666000412006027,1.0946113985343164,4517016
2011-10-19,1.0579807758331299,1.0795283445965596,1.0407432041413738,1.0730637805238596,4688416
2011-10-20,1.0170403718948364,1.0601355128234318,1.0105765840745728,1.0601355128234318,5152344
2011-10-21,0.9976480603218079,1.0235048492311596,0.9868743623150106,1.0213502822437233,2914658
2011-10-24,1.0170403718948364,1.0213503693067216,0.9610168785629939,0.999802798842424,7333630
2011-10-25,1.0428977012634277,1.0515161413039822,1.0019572197877586,1.0084217834273028,7589322
2011-10-26,1.0450525283813477,1.0687546665029923,1.029969522190606,1.0342787429281748,8594836
2011-10-27,1.0536715984344482,1.064445383254921,1.0428978136139755,1.0622900394034605,5433775
2011-10-28,1.0687544345855713,1.0752189978983788,1.0536714316678089,1.070909087640286,5683104
2011-10-31,1.0795283317565918,1.0859928957524019,1.0622899835072108,1.070909200785382,5186455
2011-11-01,1.0752192735671997,1.088147626744868,1.0622901436267649,1.0730639295042743,4519109
2011-11-02,1.105385184288025,1.114004315756448,1.0428978188999303,1.0644453886500902,11241525
2011-11-03,1.1420155763626099,1.2088128470538044,1.1118496544623377,1.1118496544623377,23466045
2011-11-04,1.1355516910552979,1.1506346938539194,1.1226233412943714,1.1420154775544804,10502089
2011-11-07,1.1398611068725586,1.146325671246166,1.1269327548880383,1.131242665853364,8048275
2011-11-08,1.114004373550415,1.144171076334031,1.1096951528205075,1.1355519444184516,7387632
2011-11-09,1.1441709995269775,1.1463256529007768,1.1032305140576373,1.124778083479207,7666051
2011-11-10,1.1463255882263184,1.17218237662971,1.1269326732726752,1.1312425839258664,13456601
2011-11-11,1.1377063989639282,1.1570994007000255,1.1333971786607586,1.146325616332925,6592350
2011-11-14,1.1657183170318604,1.1678729699400299,1.139860842301849,1.1441707522668108,7902958
2011-11-15,1.1743367910385132,1.180801354104248,1.1570992220318002,1.165718351762951,9029190
2011-11-16,1.1678731441497803,1.262681770064268,1.1420155792556919,1.1808014950620298,24758764
2011-11-17,1.1463255882263184,1.1808015074804135,1.1204687998229268,1.154944719077022,13135365
2011-11-18,1.1463255882263184,1.1463255882263184,1.1463255882263184,1.1463255882263184,0
2011-11-21,1.114004373550415,1.1161590270688542,1.0816831035553307,1.114004373550415,7897760
2011-11-22,1.1096951961517334,1.111849849754307,1.0924568453404837,1.1010760638995956,4502322
2011-11-23,1.1118495464324951,1.1183133328628938,1.0989211105021948,1.1075395499473597,4398018
2011-11-24,1.103230357170105,1.1118495735883387,1.0795282240523194,1.0989211373422738,4124578
2011-11-25,1.098921537399292,1.126932986849292,1.0946116255468392,1.101076191251075,3266131
2011-11-28,1.088147521018982,1.1096950906804095,1.0859929539281636,1.1053851797360819,2816802
2011-11-29,1.1161588430404663,1.1161588430404663,1.0924566225619303,1.0967658425813487,4243824
2011-11-30,1.0493618249893188,1.118313677124274,1.0191958104267882,1.118313677124274,6190920
2011-12-01,1.0558263063430786,1.0924567968732897,1.0536716528360968,1.0859930089662844,5517573
2011-12-02,1.0278141498565674,1.0601355053243833,0.9933382272328939,1.0579808518615574,3796443
2011-12-05,0.9998026490211487,1.0299693467190227,0.9911835185586509,1.0278140031081848,2421629
2011-12-06,1.0062665939331055,1.010576591376131,0.9847198000758491,0.9911836742497839,2016120
2011-12-07,1.0127310752868652,1.023504859710938,1.0019572908627925,1.0084218549609083,1935050
2011-12-08,1.0170403718948364,1.0299695010608034,0.9847197929611098,1.012731151245671,2480570
2011-12-09,1.0084218978881836,1.0256595566884588,1.00411198692306,1.0127311183975787,1976869
2011-12-12,0.991183340549469,1.0170400368376435,0.991183340549469,0.9998024694640351,1489824
2011-12-13,0.9416245818138123,0.9868742823916762,0.9286961452526823,0.9868742823916762,5452268
2011-12-14,0.9416245818138123,0.958862152000834,0.9351600183054292,0.9416245818138123,3019248
2011-12-15,0.9286962151527405,0.943779219662067,0.9157670871628394,0.9286962151527406,2847690
2011-12-16,0.9653267860412598,0.9653267860412598,0.9157670851468566,0.9157670851468566,2257325
2011-12-19,0.9739457964897156,0.9911834521104192,0.9480883205287333,0.9545528837096167,5602047
2011-12-20,0.9631720781326294,0.989028865370571,0.9631720781326293,0.9739458617499592,2644763
2011-12-21,0.9502438902854919,0.9847198138856226,0.9480885463058745,0.9696361172280409,2220019
2011-12-22,0.9243864417076111,0.9437793598095856,0.8834466423574207,0.9265410090026692,3432612
2011-12-23,0.9330054521560669,0.9502438007125601,0.9200771006967692,0.9243863210313015,2533698
2011-12-26,0.9330054521560669,0.9545530210470925,0.9330054521560669,0.9394700162670473,2233385
2011-12-27,0.9157669544219971,0.9394698632282893,0.9136123877591891,0.9265407371124709,1641847
2011-12-28,0.9028387069702148,0.9200770546642537,0.8834464828258526,0.9200770546642537,2399738
2011-12-29,0.9028387069702148,0.9049940506388287,0.8942202667323407,0.8942202667323407,1533470
2011-12-30,0.9028387069702148,0.9028387069702148,0.9028387069702148,0.9028387069702148,0
2012-01-04,0.8791366219520569,0.9200771066795765,0.8791366219520569,0.9157671095543551,2554836
2012-01-05,0.8252677321434021,0.8769820034399277,0.8188039444963943,0.8726727829062669,3118805
2012-01-06,0.8425059914588928,0.8425059914588927,0.8144946369186883,0.8360414277400458,2244312
2012-01-09,0.8834465146064758,0.8834465146064758,0.829577679443146,0.8360414667005972,3277528
2012-01-10,0.9157669544219971,0.9179222978473418,0.8812910396877678,0.8834463831131125,4178280
2012-01-11,0.9157669544219971,0.9437790828608538,0.907148515156868,0.9157669544219971,4711526
2012-01-12,0.9200769662857056,0.9330053158563425,0.9071485304081185,0.9157669698181433,3571273
2012-01-13,0.8748274445533752,0.9200771518657177,0.868362880082876,0.9200771518657177,3188673
2012-01-16,0.8554344177246094,0.8791365518947494,0.853279764561553,0.8618988950555163,1727520
2012-01-17,0.8899104595184326,0.8942203705936203,0.8188039607957504,0.8252677485714284,12260858
2012-01-18,0.8597442507743835,0.8942201654967843,0.8597442507743835,0.883446382810007,7514633
2012-01-19,0.8618988990783691,0.874827335958788,0.8468152048761404,0.8597443322122126,3698284
2012-01-20,0.870517373085022,0.8748273700548822,0.859744365720452,0.864053585927672,3553126
2012-01-30,0.8683629035949707,0.8834466000779889,0.8618990294051924,0.870517470786917,2794202
2012-01-31,0.8683629035949707,0.8791366889313689,0.8532798975677102,0.8640536829041084,2067441
2012-02-01,0.8640537858009338,0.8748275724203406,0.8618991320454285,0.8683630070049646,2821318
2012-02-02,0.8769819140434265,0.8791365672441023,0.8618989101039071,0.8618989101039071,2955660
2012-02-03,0.8920651078224182,0.9006843266080731,0.8748275333208699,0.8748275333208699,5492219
2012-02-06,0.904994010925293,0.9071485777367343,0.8899103171061142,0.8963748806099829,4997008
2012-02-07,0.8791366219520569,0.904994101801454,0.8705174044642825,0.8985295376484377,4429410
2012-02-08,0.9093033075332642,0.9093033075332642,0.8769819545066083,0.8834465185556094,5695670
2012-02-09,0.91792231798172,0.9308507539255321,0.9028386248722369,0.9028386248722369,6683708
2012-02-10,0.9200769662857056,0.9265407526897491,0.9093031834140998,0.9200769662857055,5441254
2012-02-13,0.9330054521560669,0.9373146724905992,0.904994095916724,0.9093033162512563,5423255
2012-02-14,0.9330054521560669,0.9373146724905992,0.9179224473760217,0.9330054521560669,5497806
2012-02-15,0.9588621854782104,0.9588621854782104,0.9222316139427688,0.9265408340260658,8086995
2012-02-16,0.9653267860412598,0.9804097905173823,0.9480884378321195,0.9631721327639287,9064980
2012-02-17,0.9459338188171387,0.9653267329296649,0.9394699456477437,0.9653267329296649,6505030
2012-02-20,0.9480884671211243,0.9674813828997344,0.9480884671211244,0.9610168187193072,6173146
2012-02-21,0.9567077159881592,0.961016936898904,0.9265410119385923,0.961016936898904,5424168
2012-02-22,0.9739457964897156,0.9739457964897156,0.9523982306988726,0.9567074504134107,9438045
2012-02-23,0.9696359634399414,0.9782550940101445,0.9567075265055076,0.973945873952871,8341445
2012-02-24,0.9847196340560913,0.9890288540098743,0.9653267201993112,0.9653267201993112,7909302
2012-02-27,0.9825640916824341,0.9998024352282212,0.9761003062129592,0.9761003062129592,9990331
2012-02-28,0.9653267860412598,0.9825643574877526,0.9567075687832092,0.9804097905173823,6490149
2012-02-29,0.9480884671211243,0.9696360362436287,0.9437792467402993,0.9653268158628037,4613323
2012-03-01,0.9631720781326294,0.9825643017565229,0.9437791640530883,0.9480883840563701,6251411
2012-03-02,0.9782551527023315,0.9782551527023315,0.9610168042207221,0.9631721479878074,6687243
2012-03-05,0.9782551527023315,0.9890289371010427,0.9739459323865185,0.9782551527023315,6354764
2012-03-06,0.9954933524131775,1.0019571387674402,0.9610166606023024,0.97825500650774,10187093
2012-03-07,0.9998026490211487,1.0127309994870715,0.9717905181715091,0.9890288654034605,11783587
2012-03-08,1.0019574165344238,1.0170404231762564,0.9933382843457464,1.0019574165344238,9257115
2012-03-09,1.0127310752868652,1.014885728603325,0.9911835927456822,1.0019572908627925,9164799
2012-03-12,1.0084218978881836,1.0127311183975787,0.9911836349391459,1.0105765512963643,7035493
2012-03-13,1.0235048532485962,1.0235048532485962,0.9976480642377519,1.004111937839356,8879347
2012-03-14,0.9567077159881592,1.0342787844930392,0.9437793628001317,1.0299695635822943,10427346
2012-03-15,0.9351602792739868,0.9674815523103895,0.9265410602403987,0.9588624195837802,6897754
2012-03-16,0.9674814343452454,0.9674814343452454,0.9351601652497794,0.9373147324012785,6928104
2012-03-19,0.9825640916824341,0.984719434832384,0.956707309972722,0.9674810912865968,5590798
2012-03-20,0.9588621854782104,0.989028883735228,0.9523983121997862,0.9804097531129736,6234597
2012-03-21,0.9567077159881592,0.9739460668496985,0.9308510096121042,0.9631722809635564,4147248
2012-03-22,0.9653267860412598,0.9696360062889613,0.9480884378321195,0.9480884378321195,3466085
2012-03-23,0.9610168933868408,0.9998028142645501,0.9502438847512364,0.9567076726712049,10409794
2012-03-26,0.9523983001708984,0.9610167402286406,0.9394699496286335,0.9610167402286406,4385384
2012-03-27,0.9631720781326294,0.9739458617499592,0.9523982945152993,0.9523982945152993,5284534
2012-03-28,0.911457896232605,0.9588622550236235,0.9028387649852129,0.9588622550236235,11885653
2012-03-29,0.8877555727958679,0.9200769197768784,0.874827223878744,0.9136123569370612,4736921
2012-03-30,0.8748274445533752,0.8963750146427422,0.8511253073303997,0.8877557967316672,5033028
2012-04-05,0.9006842374801636,0.9049941485209169,0.8705174494039185,0.8748274467516394,4051306
2012-04-06,0.9093033075332642,0.9200770918754828,0.8963749561979176,0.9006841764911352,3645479
2012-04-09,0.9093033075332642,0.9093033075332642,0.9093033075332642,0.9093033075332642,0
2012-04-10,0.9998026490211487,0.9998026490211487,0.939469944081048,0.9653267313198495,17279411
2012-04-11,1.098921537399292,1.098921537399292,1.0321243335565706,1.0342789011013698,77874279
2012-04-12,1.098921537399292,1.098921537399292,1.098921537399292,1.098921537399292,0
2012-04-13,1.081682801246643,1.0967657168882257,1.0536713639588957,1.0687543659074246,52055028
2012-04-16,1.077373743057251,1.0946113141964078,1.0450523909482594,1.0665999590209205,33253500
2012-04-17,1.0278141498565674,1.0730638576361795,1.0170403647006288,1.0579808518615574,26943971
2012-04-18,1.0342785120010376,1.053671425055187,1.0148855989468883,1.0235047289533667,21894250
2012-04-19,1.0558263063430786,1.0687546589198196,1.0256596037198729,1.0256596037198729,24891431
2012-04-20,1.0558263063430786,1.060135527050072,1.0256596037198729,1.0450525209663495,20972962
2012-04-23,1.0105767250061035,1.0536717856376179,0.997648284492932,1.0385880871970323,17591148
2012-04-24,0.9847196340560913,1.0235047713140117,0.9265408061787961,0.9976479843730798,21570632
2012-04-25,1.0170403718948364,1.0213503693067216,0.9610168785629939,0.9696360966240446,18807297
2012-04-26,0.991183340549469,1.0170400368376435,0.9868741213199478,1.0148854703763532,13829121
2012-04-27,0.9739457964897156,1.0148855846050562,0.9696358863195763,1.0105763648905182,7978121
2012-05-02,0.9954933524131775,0.9954933524131775,0.9588620939198647,0.9761004398253021,11707846
2012-05-03,1.0019574165344238,1.008421981443365,0.973946056837468,0.9911837170660102,9203960
2012-05-04,1.0170403718948364,1.025659589955887,0.9954935781932586,0.999802798842424,15008810
2012-05-07,1.0170403718948364,1.0191957158286544,0.9976481453643569,1.0148858047237381,8124080
2012-05-08,1.0084218978881836,1.0299694676535824,0.9976481130054842,1.0213503361790637,7059037
2012-05-09,0.9782551527023315,0.9998027214997538,0.9674813683036203,0.9998027214997538,12154044
2012-05-10,0.9739457964897156,0.9868742323958812,0.9696358863195763,0.9717904530233702,7084842
2012-05-11,0.9545531272888184,0.9761006985780879,0.952398473728258,0.9761006985780879,7783090
2012-05-14,0.9437792301177979,0.9717905861647022,0.9416246631188149,0.9631721455548463,7253860
2012-05-15,0.9696359634399414,0.9696359634399414,0.9351600453078277,0.9416246090028726,8368684
2012-05-16,0.9696359634399414,0.9696359634399414,0.9696359634399414,0.9696359634399414,0
2012-05-17,0.9804098010063171,0.980409801006317,0.9502437917313404,0.9545530120251442,8027843
2012-05-18,0.9567077159881592,0.9804099413693028,0.9502439277755289,0.9696361554831607,5408766
2012-05-21,0.9523983001708984,0.9696359570489909,0.9437791696575046,0.9567075201997695,3360732
2012-05-22,0.9674814343452454,0.9674814343452454,0.9502438614496351,0.9588623026695678,4211014
2012-05-23,0.9437792301177979,0.9674813658597742,0.9394700098128699,0.9610168017932055,6932526
2012-05-24,0.9416245818138123,0.9502437121351412,0.9286961452526823,0.9480883685596045,5427965
2012-05-25,0.911457896232605,0.9459339033803906,0.9093033291881665,0.9416246829845498,6314861
2012-05-28,0.9416245818138123,0.9437791486267582,0.8834464446748185,0.9093032314901238,6184671
2012-05-29,0.9459338188171387,0.9502437292833986,0.9308508151708723,0.9416245988065274,5988376
2012-05-30,0.9459338188171387,0.9459338188171387,0.9459338188171387,0.9459338188171387,0
2012-05-31,0.9480884671211243,0.9567075983384823,0.9308508951421165,0.9394700263594744,4383718
2012-06-01,0.9480884671211243,0.9653268158628037,0.9373146825598722,0.9459339000841936,3641379
2012-06-04,0.9006842374801636,0.9394700708752068,0.8877557989624177,0.9394700708752068,4902720
2012-06-05,0.9006842374801636,0.9157671568299643,0.8963750168951511,0.9049941485209169,3418252
2012-06-06,0.8942204117774963,0.9114579855048955,0.8920650677592794,0.9006842861578404,4270287
2012-06-07,0.8942204117774963,0.9157672063228008,0.8899105005038129,0.9049941974315237,3584548
2012-06-08,0.9006842374801636,0.9093033691059295,0.8899104524084078,0.9006842374801636,3275334
2012-06-11,0.911457896232605,0.9200771137869609,0.8985295445893721,0.911457896232605,3861352
2012-06-12,0.9006842374801636,0.913612589690942,0.8963750168951511,0.9114579362449519,2778289
2012-06-13,0.91792231798172,0.9200769709987382,0.9049939683448583,0.9049939683448583,3672496
2012-06-14,0.9157669544219971,0.9243861704496629,0.9093031681266246,0.9114577347894326,3370063
2012-06-15,0.9157669544219971,0.9222315174799063,0.90499394849406,0.9222315174799063,2669540
2012-06-18,0.9200769662857056,0.9286960961513301,0.9157669698181433,0.9157669698181433,2770477
2012-06-19,0.911457896232605,0.9222316808313994,0.9071486758367642,0.9222316808313994,2666076
2012-06-20,0.9136126041412354,0.9243863893833963,0.9049941628348954,0.9157671713143358,3300259
2012-06-21,0.8963750004768372,0.9136125729568987,0.883446562195893,0.904994131944732,3920175
2012-06-25,0.870517373085022,0.9006841585165228,0.868362806134892,0.8963749383093028,3738181
2012-06-26,0.8812912702560425,0.88344661424528,0.857589132011203,0.8726728287361092,3249388
2012-06-27,0.8748274445533752,0.8877557967316672,0.8748274445533751,0.8769820116869836,2167586
2012-06-28,0.8748274445533752,0.8748274445533751,0.8748274445533751,0.8748274445533751,0
2012-06-29,0.8662081956863403,0.8683628490499147,0.827423054230574,0.8554344973336473,5640600
2012-07-02,0.8726727962493896,0.8769820168489382,0.8575891000859995,0.868362885194098,2615712
2012-07-03,0.8748274445533752,0.8856012295980586,0.8662082266423001,0.8726727911127994,2239359
2012-07-04,0.8662081956863403,0.879136633709572,0.861898975266156,0.8748274132893876,2542135
2012-07-05,0.8403515219688416,0.8705174468882351,0.8360415246335761,0.8662082263156756,2221588
2012-07-06,0.8511252999305725,0.8554345204672917,0.8252677327291249,0.8532798670454488,4988760
2012-07-09,0.8080301880836487,0.8489706758823682,0.8058756208942262,0.8446607647407968,4099156
2012-07-10,0.8123393654823303,0.8166492763942395,0.7994110136580431,0.8037209245699523,2103262
2012-07-11,0.816649317741394,0.8209585384157599,0.8058756187532089,0.8101848394275748,2235609
2012-07-12,0.8317322134971619,0.8317322134971618,0.8015655150997882,0.8144946426281126,3209952
2012-07-13,0.823113203048706,0.8338869884897027,0.8166493287961727,0.8188039823160073,1987913
2012-07-16,0.7735541462898254,0.8231130678597662,0.7713994931238732,0.8231130678597662,4063284
2012-07-17,0.786482572555542,0.7929471368246057,0.7670896565110331,0.775708787846569,1786370
2012-07-18,0.7972562313079834,0.7972562313079834,0.7735540985682063,0.7821732285420274,2452873
2012-07-19,0.816649317741394,0.8231131919064276,0.7886372688372657,0.7907918360209639,3413991
2012-07-20,0.8123393654823303,0.8252677173066174,0.8080301450261412,0.8123393654823303,2538681
2012-07-23,0.8144947290420532,0.8209585167293704,0.7778634629941179,0.8037209440314983,3351694
2012-07-24,0.823113203048706,0.8252677702615702,0.803720976142312,0.803720976142312,3625890
2012-07-25,0.8080301880836487,0.823113194093241,0.8037209673978342,0.823113194093241,2497004
2012-07-26,0.8037208318710327,0.8144946153780898,0.7994109214562166,0.8080300518302084,1872276
2012-07-27,0.7994109392166138,0.8101847229630303,0.7972562860356788,0.8037208497271825,1455326
2012-07-30,0.7735541462898254,0.7994109336577719,0.7692449262648774,0.7994109336577719,2392803
2012-07-31,0.7563158869743347,0.7757088034078803,0.7498520993382847,0.7735542362981858,2577244
2012-08-01,0.7649351358413696,0.7713996141955687,0.7584712616359599,0.7584712616359599,1793561
2012-08-02,0.7520066499710083,0.7670896550919883,0.7455420857139035,0.7649350880295018,1950849
2012-08-03,0.8274229764938354,0.8274229764938354,0.7476973572532699,0.7498520104144136,12179580
2012-08-06,0.8856011629104614,0.8899103831601526,0.8317322417434849,0.8597443741939798,31478687
2012-08-07,0.8662081956863403,0.8748274132893876,0.8575890643902574,0.8726727599258133,19635349
2012-08-08,0.8597442507743835,0.8705172566986245,0.8425059050319149,0.8618988174364522,14233957
2012-08-09,0.8640537858009338,0.8662083532494592,0.8446608663176255,0.8597445645969031,11419628
2012-08-10,0.8489705324172974,0.8618988827457732,0.8468151888293737,0.8554344055071927,6615705
2012-08-13,0.8317322134971619,0.8489705611288325,0.8295776465989676,0.8489705611288325,5746870
2012-08-14,0.8403515219688416,0.844660742541401,0.812339387419538,0.8403515219688416,7043171
2012-08-15,0.8554344177246094,0.876981898731693,0.8231130667535497,0.8403514140484328,13859939
2012-08-16,0.8274229764938354,0.8618988942903903,0.8231130660228546,0.8575889838194095,6113788
2012-08-17,0.8295778632164001,0.8360416519057502,0.8188040765356656,0.8295778632164001,3411421
2012-08-20,0.8144947290420532,0.8252677372899042,0.7907918151314561,0.8209585167293704,6128640
2012-08-21,0.8274229764938354,0.8338868496703105,0.8037208423447363,0.8144946259921921,5029284
2012-08-22,0.8123393654823303,0.8338869349816806,0.8080301450261412,0.8274230611439146,5688140
2012-08-23,0.8274229764938354,0.8317321965091667,0.8080300623600676,0.8166491928463796,4958872
2012-08-24,0.8662081956863403,0.9093033343249696,0.8209584899911011,0.8231131433546754,25291220
2012-08-27,0.8015654683113098,0.8554343845044499,0.8015654683113098,0.8360413847996231,13343890
2012-08-28,0.8058755397796631,0.8101847600317376,0.7843279713009554,0.8015655427649404,6596281
2012-08-29,0.8101847171783447,0.8317321982103728,0.8037208439886486,0.8058754971541995,5798210
2012-08-30,0.7907918691635132,0.8231132264035839,0.7821734274535774,0.8058756525279283,6282289
2012-08-31,0.7972562313079834,0.8080300143148331,0.7929470115488771,0.7929470115488771,3857001
2012-09-03,0.8144947290420532,0.8188039496025871,0.7994110330152276,0.7994110330152276,3231422
2012-09-04,0.8101847171783447,0.8338868513759236,0.8058754971541995,0.8144946276581408,4249445
2012-09-05,0.8274229764938354,0.8640535474515341,0.8015654987279431,0.8015654987279431,7884982
2012-09-06,0.8381969332695007,0.8532799400476583,0.8274231473967371,0.8317323683021309,5013889
2012-09-07,0.8532798290252686,0.8726727446413508,0.8403514775354354,0.8425060445543091,12235722
2012-09-10,0.8834465146064758,0.8899103881708884,0.8597443790348627,0.8877557348804305,14412340
2012-09-11,0.898529589176178,0.9136125949192616,0.8597444460149202,0.8726727982996834,16093899
2012-09-12,0.9071487188339233,0.9286962890528269,0.872672796359007,0.8942203665779106,20528528
2012-09-13,0.8683629035949707,0.9049941707507854,0.8640536829041084,0.8985296061052495,12449660
2012-09-14,0.870517373085022,0.8812911572122323,0.8618989326705819,0.8748273700548822,9337944
2012-09-17,0.8317322134971619,0.8726726957620439,0.8295776465989676,0.8662081319978817,6980352
2012-09-18,0.8338869214057922,0.8468152730196026,0.8317322680592936,0.8317322680592936,4004525
2012-09-19,0.8532798290252686,0.8834465291123103,0.8295776930644759,0.8425060445543091,7453528
2012-09-20,0.8295778632164001,0.8769821448609181,0.8252678652250156,0.8575892252672193,7947569
2012-09-21,0.8101847171783447,0.8274229781862276,0.7972562803433016,0.8144946276581408,5672916
2012-09-24,0.823113203048706,0.831732334969868,0.7994110649538487,0.8080301968750108,4352117
2012-09-25,0.8123393654823303,0.8338869349816806,0.8101847984077183,0.8252677173066174,4342353
2012-09-26,0.786482572555542,0.820958493748933,0.7821733521156328,0.8080301419734879,3898305
2012-09-27,0.8188039064407349,0.8188039064407349,0.775708768670202,0.775708768670202,4658771
2012-09-28,0.8295778632164001,0.8338870844449603,0.8101849436227013,0.8144948553071054,3536067
2012-10-08,0.8252677321434021,0.8403515143831299,0.8144947239627334,0.8274230760194484,2621475
2012-10-09,0.8511252999305725,0.8532798670454488,0.8231131656142485,0.8231131656142485,5580953
2012-10-10,0.8618988990783691,0.8662081191176387,0.8468152048761404,0.85112520167802,6003732
2012-10-11,0.8532798290252686,0.9006841872538166,0.8511252620063948,0.8554344823511051,9830264
2012-10-12,0.8532798290252686,0.8683628338409383,0.8403514775354354,0.864053613496228,5480375
2012-10-15,0.8575890064239502,0.8618989170085326,0.8425060023636016,0.8532797862950354,3018173
2012-10-16,0.8597442507743835,0.8683626900365556,0.8489704680876061,0.8618988174364522,4315167
2012-10-17,0.8683629035949707,0.8726728147415906,0.8489706768768479,0.8575891182585724,5394016
2012-10-18,0.8748274445533752,0.881291232261168,0.8575890950381925,0.8705174472164845,7162898
2012-10-19,0.8748274445533752,0.8791366651275595,0.8662082266423001,0.8705174472164845,4527636
2012-10-22,0.8726727962493896,0.8769820168489382,0.8640536645945494,0.8726727962493896,4031714
2012-10-23,0.8662081956863403,0.879136633709572,0.8640536286297303,0.8726727599258133,4421642
2012-10-24,0.8726727962493896,0.8856012348107464,0.8554345329397092,0.8575891000859995,6767748
2012-10-25,0.8532798290252686,0.8812911853307714,0.8532798290252686,0.8618989601703915,5719462
2012-10-26,0.823113203048706,0.85758912658456,0.8144947615833086,0.85758912658456,5016476
2012-10-29,0.8295778632164001,0.8532800040386591,0.8252678652250156,0.8295778632164001,4264790
2012-10-30,0.8381969332695007,0.8446608077810785,0.8231132360355511,0.8446608077810785,2031795
2012-10-31,0.8403515219688416,0.8403515219688416,0.8295777369282206,0.8360415246335761,3141482
2012-11-01,0.8554344177246094,0.8554344177246094,0.8317321972475131,0.8403514140484328,3730954
2012-11-02,0.8597442507743835,0.8640534704054695,0.8489704680876061,0.8532796877186922,3102120
2012-11-05,0.8683629035949707,0.8812912561233152,0.8532798975677102,0.8597444622132461,5932405
2012-11-06,0.8640537858009338,0.87051757445349,0.8468154337661509,0.87051757445349,4524656
2012-11-07,0.8575890064239502,0.868362790355384,0.8511252193840573,0.8640535702264692,2493909
2012-11-08,0.8295778632164001,0.8554346578064295,0.8274232094486298,0.8554346578064295,3343788
2012-11-09,0.8338869214057922,0.8425060526335687,0.8295777010197584,0.8317322680592936,2497024
2012-11-12,0.8425059914588928,0.8468152115320325,0.8338868608569545,0.8338868608569545,1998497
2012-11-13,0.8274229764938354,0.8446606333177662,0.8252676328770422,0.8446606333177662,2079840
2012-11-14,0.846815288066864,0.846815288066864,0.8188039309950041,0.8231131514576095,3015684
2012-11-15,0.8209583759307861,0.8489705055976927,0.8188038091735221,0.8489705055976927,4827312
2012-11-16,0.8015654683113098,0.8209583817091838,0.7907916850726818,0.8209583817091838,4530781
2012-11-19,0.8037208318710327,0.8101847049632737,0.7864824848160943,0.8015654882823269,2858123
2012-11-20,0.8015654683113098,0.8188038149367545,0.8015654683113098,0.8123392515499378,2887577
2012-11-21,0.8317322134971619,0.8317322134971618,0.7972562949964419,0.8037208587606041,4058567
2012-11-22,0.8188039064407349,0.8317322578965771,0.8144946861073543,0.8231131267741155,2260275
2012-11-23,0.816649317741394,0.8274231030365485,0.8101848394275748,0.8231131919064276,2155104
2012-11-26,0.8080301880836487,0.8209585405968489,0.8015656234456852,0.8144947527216121,1988112
2012-11-27,0.7692451477050781,0.8123395180339096,0.7649352359837982,0.8080302967684795,4575648
2012-11-28,0.7649351358413696,0.7713996141955687,0.7520066969747908,0.7692450469984121,3399634
2012-11-29,0.7476973533630371,0.7713994873888153,0.7455420097574581,0.7670895769402587,1586635
2012-11-30,0.7584713101387024,0.7627805311155518,0.745542179989572,0.7498521777292002,1766929
2012-12-03,0.7390782237052917,0.7713994882068106,0.7369235705530738,0.7584711377587235,2670864
2012-12-04,0.7541612386703491,0.7584711491884236,0.7304590179553032,0.736923581658065,3124450
2012-12-05,0.775708794593811,0.784328012311283,0.7476974374258363,0.7541613112954063,5081223
2012-12-06,0.775708794593811,0.7886372327886746,0.7670896631833044,0.7735542275085979,2681280
2012-12-07,0.7907918691635132,0.7929472132002676,0.7713996417068872,0.7757088625618551,5179409
2012-12-10,0.7972562313079834,0.8123392340739394,0.7886371013341624,0.7886371013341624,4356404
2012-12-11,0.7929471135139465,0.8015655541404044,0.7864825494349249,0.7929471135139465,3986055
2012-12-12,0.7929471135139465,0.7994109871372711,0.7843279824317915,0.7929471135139465,3089852
2012-12-13,0.7821733355522156,0.7972563403816979,0.780017991768703,0.7929471200330414,2285808
2012-12-14,0.8123393654823303,0.8123393654823303,0.7800180112333048,0.7864825755267909,5324313
2012-12-17,0.816649317741394,0.8188039712320616,0.8058756187532089,0.8101848394275748,5130081
2012-12-18,0.8101847171783447,0.8231130677064313,0.8037208439886486,0.8166491945167353,4680049
2012-12-19,0.8080301880836487,0.8166493199110345,0.8015656234456852,0.8080301880836487,3486134
2012-12-20,0.8080301880836487,0.8123394087694631,0.7972564027598708,0.8037209673978342,3061238
2012-12-21,0.8274229764938354,0.836041416524498,0.8080300623600676,0.8144946259921921,13575653
2012-12-24,0.8360416889190674,0.8403516871012645,0.8188041127858392,0.8274232460803905,4924493
2012-12-25,0.9200769662857056,0.9200769662857055,0.8403513527864026,0.8425059194854337,41609930
2012-12-26,0.898529589176178,0.9351601651860834,0.8920650246524399,0.9243863800526725,46044132
2012-12-27,0.8812912702560425,0.9006842740478863,0.8769820494960758,0.8942203997544509,25644941
2012-12-28,0.8856011629104614,0.8856011629104614,0.8705173816647271,0.8812911658981224,13266882
2012-12-31,0.8769819140434265,0.8856011309948341,0.8705173502926947,0.8812911341378203,9670120
2013-01-04,0.8726727962493896,0.8834465813574881,0.8597444439950008,0.8812912374484868,11483939
2013-01-07,0.8856011629104614,0.8877557298818266,0.866208161415036,0.8726727253987401,9492477
2013-01-08,0.8834465146064758,0.8920649551543851,0.8726727303124175,0.8877557348804305,10005199
2013-01-09,0.8791366219520569,0.8877557531328683,0.8726727482547457,0.8748274015895039,10235598
2013-01-10,0.8856011629104614,0.8856011629104614,0.8769819456484312,0.8769819456484312,8771992
2013-01-11,0.8683629035949707,0.8877558207688512,0.8554345510666261,0.8856012535769049,8922456
2013-01-14,0.8856011629104614,0.8877557298818266,0.8618989411653448,0.866208161415036,9266124
2013-01-15,0.8942204117774963,0.9028388534133068,0.8834466261234689,0.8834466261234689,13109695
2013-01-16,0.8877555727958679,0.896374788532751,0.872672570981678,0.894220135635685,10526624
2013-01-17,0.8812912702560425,0.8877558350052467,0.8748274822695781,0.8856012677787489,5594316
2013-01-18,0.8899104595184326,0.8942203705936203,0.8769820208973936,0.8856012388989911,7581766
2013-01-21,0.9006842374801636,0.9093033691059295,0.8856012318233952,0.8899104524084078,10675546
2013-01-22,0.8877555727958679,0.9028385746100577,0.8791364433659303,0.9006840080199373,6074396
2013-01-23,0.8856011629104614,0.9006841673935478,0.866208161415036,0.8877557298818266,6598532
2013-01-24,0.8575890064239502,0.894220268802834,0.8489705661661207,0.8856011380893368,9683872
2013-01-25,0.8575890064239502,0.8618989170085326,0.8468152224925164,0.855434439512972,2982769
2013-01-28,0.8726727962493896,0.8748274497026479,0.8532798794864509,0.8554345329397092,4547985
2013-01-29,0.8834465146064758,0.8856011678969338,0.8726727303124175,0.8748273836028756,3775356
2013-01-30,0.8856011629104614,0.8899103831601526,0.8769819456484312,0.8856011629104614,4282548
2013-01-31,0.8791366219520569,0.8856011861050733,0.8748274015895039,0.8856011861050733,3848345
2013-02-01,0.8812912702560425,0.8856012677787489,0.8748274822695781,0.8791367030295447,4411125
2013-02-04,0.8791366219520569,0.8877557531328683,0.8769819686172988,0.8877557531328683,4879267
2013-02-05,0.8834465146064758,0.8834465146064758,0.868362819582772,0.8748273836028756,3884186
2013-02-06,0.8899104595184326,0.8920650266746691,0.8812912415168351,0.8834465854357862,5473255
2013-02-07,0.8963750004768372,0.8985295675763959,0.8812912183336402,0.8920650032080597,4662302
2013-02-08,0.898529589176178,0.904994153699916,0.8920650246524399,0.8985295891761779,5055422
2013-02-18,0.9093033075332642,0.911457874526392,0.8963749561979176,0.9006841764911352,6523208
2013-02-19,0.8942204117774963,0.909303418249429,0.8856012796859076,0.909303418249429,5713680
2013-02-20,0.911457896232605,0.911457896232605,0.885601192946139,0.885601192946139,5633100
2013-02-21,0.8877555727958679,0.9093031374498749,0.8812910099560507,0.9071484845528089,5795334
2013-02-22,0.8899104595184326,0.8985295912130618,0.8877558060552276,0.8877558060552276,4336452
2013-02-25,0.904994010925293,0.904994010925293,0.8877556639877184,0.8942202274915871,4396096
2013-02-26,0.8899104595184326,0.9071487229076909,0.8877558060552276,0.9006842446762666,5024799
2013-02-27,0.8856011629104614,0.8985295141152219,0.8812911658981224,0.8963749471438567,4718293
2013-02-28,0.9157669544219971,0.9243861704496629,0.887755602745677,0.8920648223782416,11129700
2013-03-01,0.9243864417076111,0.9243864417076111,0.9049942140614273,0.9157672231506659,9514804
2013-03-04,0.8942204117774963,0.9243864247213617,0.8899105005038129,0.922231771158923,8131297
2013-03-05,0.9157669544219971,0.9200769508170983,0.8942201658035862,0.8942201658035862,6394278
2013-03-06,0.9351602792739868,0.9480886331359863,0.915767273792605,0.915767273792605,10941003
2013-03-07,0.9157669544219971,0.9351599531401366,0.9093031681266246,0.9222315174799063,9227423
2013-03-08,0.9373145699501038,0.9394699134907613,0.9114577835532308,0.9157670034163424,10470280
2013-03-11,0.9459338188171387,0.9761005165653199,0.9286961620120887,0.9394699456477437,12387429
2013-03-12,0.911457896232605,0.9588622550236235,0.8985295445893721,0.9459339033803906,8899833
2013-03-13,0.8834465146064758,0.9114578704520435,0.8403514637372042,0.9049940831945923,8695562
2013-03-14,0.8877555727958679,0.896374788532751,0.872672570981678,0.8812910099560507,3837126
2013-03-15,0.8812912702560425,0.8963750532879198,0.8748274822695781,0.8877558350052467,4173214
2013-03-18,0.8683629035949707,0.8856012535769049,0.8662082500960546,0.8834466000779889,2510370
2013-03-19,0.8683629035949707,0.8769820354324529,0.8425061122313119,0.8683629035949707,3787190
2013-03-20,0.8856011629104614,0.8877557298818266,0.8640535944436708,0.868362814693362,4510423
2013-03-21,0.8920651078224182,0.8963751055966382,0.8856013194587541,0.8856013194587541,4329390
2013-03-22,0.9028387069702148,0.9093032707577657,0.8899103561577374,0.8942202667323407,5565436
2013-03-25,0.9071487188339233,0.9114579394340132,0.8985295871780005,0.9028388077780902,4439813
2013-03-26,0.8942204117774963,0.909303418249429,0.881291282105252,0.909303418249429,4637055
2013-03-27,0.8899104595184326,0.9028388118325031,0.8834465854357862,0.8963750240568251,3269451
2013-03-28,0.870517373085022,0.8899103743893125,0.864053585927672,0.8877557211322226,3262896
2013-03-29,0.8683629035949707,0.8769820354324529,0.8618990294051924,0.8748274682405066,3498657
2013-04-01,0.8748274445533752,0.881291232261168,0.868362880082876,0.868362880082876,2058050
2013-04-02,0.8662081956863403,0.881291200766182,0.8662081956863403,0.881291200766182,2883031
2013-04-03,0.8425059914588928,0.8662081259259575,0.831732207666906,0.8662081259259575,6258591
2013-04-08,0.8338869214057922,0.8381968322475349,0.8123393522572417,0.8381968322475349,2602615
2013-04-09,0.8425059914588928,0.8489705551777398,0.8338868608569545,0.8338868608569545,2017952
2013-04-10,0.8446606397628784,0.8511252034443302,0.8360414229038419,0.8511252034443302,2484232
2013-04-11,0.8446606397628784,0.8640535540446221,0.8446606397628783,0.8511252034443302,4148276
2013-04-12,0.8338869214057922,0.8446607059800675,0.8188039164454831,0.8188039164454831,2497834
2013-04-15,0.8188039064407349,0.8403514753260014,0.8188039064407349,0.8360414782299578,2323107
2013-04-16,0.8338869214057922,0.8338869214057922,0.8080301318712079,0.8188039164454831,2502884
2013-04-17,0.8403515219688416,0.844660742541401,0.8209585190203956,0.8317323040610166,2295958
2013-04-18,0.8403515219688416,0.8425060891016376,0.8274230834884572,0.8295777369282206,1733390
2013-04-19,0.8511252999305725,0.8554345204672917,0.8403515149795582,0.8403515149795582,2599151
2013-04-22,0.8511252999305725,0.8532798670454488,0.8403515149795582,0.8468153026311537,3282384
2013-04-23,0.8295778632164001,0.8597445694908334,0.8252678652250156,0.8575892252672193,2772315
2013-04-24,0.846815288066864,0.8489706319073704,0.8252677185354297,0.8252677185354297,3595536
2013-04-25,0.823113203048706,0.8489706851191624,0.823113203048706,0.8425061204108646,3677546
2013-04-26,0.8123393654823303,0.8317322816001036,0.8101847984077183,0.8295777145254916,2439239
2013-05-02,0.8209583759307861,0.8252675957522666,0.8101846790749428,0.8144945893520417,1968872
2013-05-03,0.8360416889190674,0.8381970332381032,0.8209586803420162,0.8274232460803905,2693832
2013-05-06,0.8425059914588928,0.8468152115320325,0.831732207666906,0.8468152115320325,2978411
2013-05-07,0.846815288066864,0.8511252852921557,0.8360415033011469,0.8425060676042586,2679936
2013-05-08,0.8554344177246094,0.8554344177246094,0.842505980904533,0.8468152009236897,3777100
2013-05-09,0.8575890064239502,0.8575890064239502,0.8425060023636016,0.8511252193840573,2883414
2013-05-10,0.8618988990783691,0.8662081191176387,0.85112520167802,0.8532797685441765,4296132
2013-05-13,0.8575890064239502,0.8662081371374474,0.8532797862950354,0.8662081371374474,3870081
2013-05-14,0.8511252999305725,0.8662082191113395,0.8446607355162774,0.8662082191113395,3453105
2013-05-15,0.8640537858009338,0.8640537858009338,0.8489707779774962,0.8489707779774962,3608028
2013-05-16,0.870517373085022,0.8791365902621022,0.859744365720452,0.864053585927672,6589853
2013-05-17,0.8769819140434265,0.8812911341378203,0.8532797794594572,0.8662081301983009,5762010
2013-05-20,0.8899104595184326,0.8985295912130618,0.8769820208973936,0.8791366743605985,8156262
2013-05-21,0.9157669544219971,0.9394698632282893,0.885601036082869,0.8963748187733428,15107991
2013-05-22,0.8963750004768372,0.9265409249308769,0.8899104361085011,0.9179224839187101,10127204
2013-05-23,0.9200769662857056,0.9523982285935729,0.8899102706768693,0.8942201808374816,19002718
2013-05-24,0.9200769662857056,0.9265407526897491,0.9028386202475064,0.9136124031191122,12210102
2013-05-27,0.9243864417076111,0.9265410090026692,0.9049942140614273,0.922231788105579,5794840
2013-05-28,0.9157669544219971,0.9265407371124709,0.9006840384059073,0.9243861704496629,8904863
2013-05-29,0.9394699335098267,0.9394699335098265,0.9114578029753886,0.9136124561063342,10266355
2013-05-30,0.9308507442474365,0.9480883134321645,0.9179223084380419,0.9480883134321645,7075239
2013-05-31,0.9265409111976624,0.9437792601849107,0.9200771236878268,0.9243863441300387,6305839
2013-06-03,0.9006842374801636,0.9286962858034511,0.8985295840341736,0.9222317213167077,6741184
2013-06-04,0.8920651078224182,0.9093034590867517,0.8834466657995487,0.9006843266080731,6463823
2013-06-05,0.9006842374801636,0.9006842374801636,0.8877557989624177,0.894220363449161,3898009
2013-06-06,0.870517373085022,0.8963749383093028,0.870517373085022,0.8963749383093028,3888491
2013-06-07,0.870517373085022,0.8812911572122323,0.8532798018004617,0.8748273700548822,4088931
2013-06-13,0.8403515219688416,0.8640536591828796,0.8209585190203956,0.8640536591828796,3723924
2013-06-14,0.8425059914588928,0.8511252083677883,0.8295776407838148,0.8403514245758016,6254556
2013-06-17,0.8425059914588928,0.8489705551777398,0.8338868608569545,0.8403514245758016,3226500
2013-06-18,0.8446606397628784,0.8489705502667455,0.8360414229038419,0.8468152066335062,3877275
2013-06-19,0.846815288066864,0.8511252852921557,0.8123393666918924,0.8446607209890439,4668787
2013-06-20,0.823113203048706,0.8425061204108646,0.823113203048706,0.8403515531980005,1926059
2013-06-21,0.8209583759307861,0.8274229392721014,0.8015654626694112,0.8101846790749428,2407278
2013-06-24,0.7606257200241089,0.8209583329512965,0.7584710670726946,0.8209583329512965,3209539
2013-06-25,0.7476973533630371,0.7713994873888153,0.6873639581145017,0.7606257901043706,6313070
2013-06-26,0.7520066499710083,0.7584712142281133,0.7326137339623746,0.7455420857139035,5058375
2013-06-27,0.7455421090126038,0.7649351119342467,0.732613756857055,0.7563158940383343,4426487
2013-06-28,0.7347683310508728,0.7563159013094904,0.7283045432923086,0.7347683310508728,2845281
2013-07-01,0.7476973533630371,0.7476973533630371,0.7283044393301698,0.7369235697716369,2313968
2013-07-02,0.7541612386703491,0.7584711491884236,0.7433874549051698,0.7476973654232443,2927027
2013-07-03,0.7627803683280945,0.769244932023036,0.7304590170716563,0.7476973645187439,3040322
2013-07-04,0.7670896649360657,0.7735542292761304,0.7498520925313891,0.7606258773586917,3024174
2013-07-05,0.7692451477050781,0.7778635902359382,0.7649352359837982,0.7670898034630227,2725904
2013-07-08,0.7347683310508728,0.7541613341589584,0.7196853684670158,0.7541613341589584,3045883
2013-07-09,0.7369236350059509,0.745542075754698,0.7218399396307478,0.7239952834271233,2689646
2013-07-10,0.7606257200241089,0.7670895062644558,0.7326135918237163,0.7326135918237163,3022148
2013-07-11,0.7778634428977966,0.7821733538027195,0.7606258706452621,0.7606258706452621,4160694
2013-07-12,0.7735541462898254,0.7843279299613247,0.7649350157842784,0.7713994931238732,4026949
2013-07-15,0.7821733355522156,0.7864825559008721,0.7670896402670305,0.7735542043991996,3586000
2013-07-16,0.8058755397796631,0.8144946707394993,0.7757087540341583,0.7821733180214377,7548176
2013-07-17,0.7843281030654907,0.8144948075719416,0.7800181053267026,0.8144948075719416,5271440
2013-07-18,0.7907918691635132,0.7994110876362059,0.7713996417068872,0.7821734274535774,6018418
2013-07-19,0.8037208318710327,0.823113055296441,0.784327917989984,0.7929470483639757,11607351
2013-07-22,0.8360416889190674,0.8489708203958158,0.7800181855743269,0.7951019709142367,12409908
2013-07-23,0.8274229764938354,0.836041416524498,0.8101847155212113,0.8252676328770422,9360419
2013-07-24,0.8360416889190674,0.8360416889190674,0.8123395470474649,0.8274232460803905,8623940
2013-07-25,0.8101847171783447,0.848970545525212,0.8080300640127939,0.8317321982103728,6360244
2013-07-26,0.8037208318710327,0.8188038353372653,0.7951017014970411,0.8101847049632737,4738863
2013-07-29,0.8015654683113098,0.825267601560995,0.7929470286076872,0.7994109015388806,6099293
2013-07-30,0.8080301880836487,0.8188039734074265,0.7972564027598708,0.8080301880836487,4215341
2013-07-31,0.8274229764938354,0.836041416524498,0.80587549550588,0.80587549550588,5729670
2013-08-01,0.8489705324172974,0.8618988827457732,0.8188038350401385,0.8274229654110026,10741909
2013-08-02,0.8360416889190674,0.8575892632344928,0.831732467499729,0.8489708203958158,9324540
2013-08-05,0.8489705324172974,0.8618988827457732,0.83819674891415,0.8403514020464334,6043507
2013-08-06,0.8575890064239502,0.8618989170085326,0.8381967822346869,0.8489705661661207,6736410
2013-08-07,0.9437792301177979,0.9437792301177979,0.857589041452786,0.8597443852144269,73059430
2013-08-08,0.9351602792739868,0.9480886331359863,0.909303485243009,0.924386492826193,42920105
2013-08-09,0.9222317337989807,0.9330055190165581,0.9028388168389787,0.9243863872741337,30495575
2013-08-12,0.9136126041412354,0.9373147417986579,0.8985295982459043,0.9136126041412352,30788637
2013-08-13,0.91792231798172,0.9200769709987382,0.8877556222183569,0.9136124077990306,16600792
2013-08-14,0.9006842374801636,0.9179225007316952,0.8963750168951511,0.9157671568299643,13766571
2013-08-15,0.8812912702560425,0.9071487524901195,0.8618990432269384,0.8877558350052467,26160291
2013-08-16,0.8662081956863403,0.8963749826087023,0.859744408209546,0.8705174161065247,20232868
2013-08-19,0.898529589176178,0.9006842426344984,0.846815316967444,0.8575891021008549,14630226
2013-08-20,0.8877555727958679,0.8985293551228714,0.8769817904688644,0.894220135635685,11243302
2013-08-21,0.9222317337989807,0.954553089451713,0.8791366792356395,0.8856012438098798,35097622
2013-08-22,1.014885663986206,1.014885663986206,0.9093032565469644,0.913612476598556,39526855
2013-08-23,1.0859928131103516,1.1161588198374375,1.0191955456966753,1.0428976793755282,107059918
2013-08-26,1.073063850402832,1.0946114205694606,1.029969486832284,1.0450524925052338,61191947
2013-08-27,1.098921537399292,1.135552120098327,1.0299696797047877,1.055826475303005,63666697
2013-08-28,1.0235048532485962,1.0752191217259797,1.0062665048352495,1.0665999906727872,46325704
2013-08-29,1.0342785120010376,1.0450522950487087,1.008421726130262,1.0278139487288003,28524935
2013-08-30,0.9847196340560913,1.0364332079379552,0.9653267201993112,1.0191955513602289,28974462
2013-09-02,0.9933382868766785,1.0041120726795159,0.9739460593189906,0.9739460593189906,14678307
2013-09-03,1.0127310752868652,1.0256595130273978,0.9911835927456822,0.9976480705368357,19674795
2013-09-04,0.9976480603218079,1.0127310649174008,0.9804097982830862,1.0127310649174008,17732611
2013-09-05,1.0019574165344238,1.0127312023098107,0.9761007104241776,0.9933382843457464,14410384
2013-09-06,1.0127310752868652,1.019195639384981,0.9825643753311069,0.9998027238532954,18905339
2013-09-09,1.0062665939331055,1.0170403792430964,0.9911836742497839,1.0127311585627963,14659629
2013-09-10,1.0084218978881836,1.0407432525362819,0.9998027664136647,1.0062665540242743,16061676
2013-09-11,1.1096951961517334,1.1096951961517334,1.1096951961517334,1.1096951961517334,13075063
2013-09-12,1.221742033958435,1.221742033958435,1.221742033958435,1.221742033958435,4397322
2013-09-13,1.3445619344711304,1.3445619344711304,1.3445619344711304,1.3445619344711304,7392514
2013-09-16,1.4781564474105835,1.4781564474105835,1.4781564474105835,1.4781564474105835,5717050
2013-09-17,1.6268341541290283,1.6268341541290283,1.6268341541290283,1.6268341541290283,5221641
2013-09-18,1.7431907653808594,1.7905950330361746,1.6613098036339464,1.7905950330361746,214580358
2013-09-23,1.6268341541290283,1.7194888234084529,1.5686560101740754,1.70009582106692,156061002
2013-09-24,1.6483817100524902,1.6828577208633988,1.5621922871740297,1.5772752937712549,129682738
2013-09-25,1.73888099193573,1.7884406958490875,1.6009773049127247,1.616060310307636,142655533
2013-09-26,1.6526918411254883,1.7216436957012915,1.6311442678984525,1.7022508625355632,74373724
2013-09-27,1.6160603761672974,1.6807030881099647,1.5751206651313043,1.6807030881099647,47700293
2013-09-30,1.661310076713562,1.687167644686103,1.59666822814947,1.626834240024512,53722260
2013-10-08,1.6742390394210815,1.7151787461899108,1.6139056407597752,1.6742390394210815,76424769
2013-10-09,1.842308759689331,1.842308759689331,1.6397623725734307,1.680702943147962,87433909
2013-10-10,1.8789398670196533,2.0103789727315915,1.8358447330338208,1.913415870639973,156976189
2013-10-11,1.8810943365097046,1.9349633375115929,1.7949042456117055,1.8875582092611247,87160274
2013-10-14,1.8961776494979858,1.9974509322546292,1.818606675824706,1.8379996781639196,82236218
2013-10-15,1.8983322381973267,1.9241896301310772,1.8315349682318187,1.911260502629413,50513450
2013-10-16,1.7625831365585327,1.9134159382225044,1.7087149939361952,1.874629936514718,50054729
2013-10-17,1.6074416637420654,1.7776667699593167,1.5902034029940821,1.7539646361190926,50259135
2013-10-18,1.6376078128814697,1.6656199458759888,1.5966681051937714,1.6139056769829945,24900079
2013-10-21,1.6979410648345947,1.70440493792449,1.609596229984087,1.6462268004511411,30125894
2013-10-22,1.635453224182129,1.7151787619428551,1.6052865245744117,1.7022504969654044,31215922
2013-10-23,1.6203703880310059,1.6742392288221546,1.5751206791439205,1.6440725260788434,19246389
2013-10-24,1.592357873916626,1.637607572045693,1.547108175787559,1.620370002791524,18821009
2013-10-25,1.5665013790130615,1.611751083040775,1.5083232374385507,1.594512648469945,21702676
2013-10-28,1.5600367784500122,1.5902034772467155,1.5255607731859602,1.5665013422997485,15291192
2013-10-29,1.4910848140716553,1.55788190677991,1.4048952397563634,1.5514182065479736,31631305
2013-10-30,1.4781564474105835,1.5018585814614955,1.4307520930018038,1.458763447050196,19970422
2013-10-31,1.443680763244629,1.4975495173570834,1.4113594072087925,1.4738473794728035,14012140
2013-11-01,1.3984309434890747,1.4501451262963276,1.3531812385117652,1.4307522106482746,16509013
2013-11-04,1.3919670581817627,1.4005854988134079,1.3682641456172024,1.3790379300159377,9948879
2013-11-05,1.4458352327346802,1.463073581565926,1.361800385914603,1.3941217397662937,23952025
2013-11-06,1.441525936126709,1.4932402031239502,1.4221330212725238,1.4932402031239502,21764352
2013-11-07,1.4242877960205078,1.4652282849435734,1.3919672159242826,1.4652282849435734,13193070
2013-11-08,1.3682641983032227,1.4135139046449667,1.346717405438737,1.4005855527439857,13118904
2013-11-11,1.316550612449646,1.3618003156313299,1.299312264508081,1.3574910954505166,11215394
2013-11-12,1.3208599090576172,1.3294790403736372,1.2777647703193036,1.2971577726268666,12395449
2013-11-13,1.2454441785812378,1.3424074628549998,1.2454441785812378,1.3122414529754611,18724624
2013-11-14,1.2713009119033813,1.2820746959869047,1.1980390765670708,1.2303604288176408,20609111
2013-11-15,1.2928485870361328,1.3100861596769717,1.2713010170863166,1.2799201486346032,28322313
2013-11-18,1.3036223649978638,1.3143960636078453,1.2777647978781776,1.2885385827951255,38105393
2013-11-19,1.3316336870193481,1.3445620387002506,1.295003112720393,1.3036223302998626,33116697
2013-11-20,1.3790379762649536,1.3876571939483227,1.3100861335512333,1.3316337030713479,40977239
2013-11-21,1.357491135597229,1.374728707285946,1.3359435668375985,1.3661095762137392,23573299
2013-11-22,1.3747289180755615,1.3984311437771049,1.3187054205856568,1.353181432318979,32018256
2013-11-25,1.3510264158248901,1.3704193290419509,1.3294788495485366,1.3704193290419509,20841975
2013-11-26,1.348872184753418,1.376883544564664,1.3337884012872825,1.3682643260338458,18438567
2013-11-27,1.3747289180755615,1.389811925076336,1.335943771680219,1.3553359996499892,28780735
2013-11-28,1.3919670581817627,1.4005854988134079,1.3618003582969496,1.3768833630115074,30149831
2013-11-29,1.3661096096038818,1.3876571788901733,1.3510266045471562,1.3790379613003356,25649907
2013-12-02,1.230360507965088,1.3143960464838562,1.230360507965088,1.3143960464838562,27394876
2013-12-03,1.2260512113571167,1.2432887826101513,1.1678731569272072,1.206658296395254,21796797
2013-12-04,1.2411342859268188,1.262681855361678,1.2088129317745302,1.228205847834261,16732467
2013-12-05,1.2411342859268188,1.288538558932864,1.2260512807660977,1.2346704121083991,19769863
2013-12-06,1.2432887554168701,1.249753319183644,1.2131228337699307,1.2389795353117827,12660036
2013-12-09,1.2519080638885498,1.2519080638885498,1.2346704054457205,1.2432888462857958,9932170
2013-12-10,1.2519080638885498,1.2519080638885498,1.2519080638885498,1.2519080638885498,0
2013-12-11,1.2260512113571167,1.2691462614801814,1.2088128633414434,1.2691462614801814,15387140
2013-12-12,1.2519080638885498,1.2777647673202048,1.21527748949064,1.21527748949064,22684206
2013-12-13,1.2626818418502808,1.2756101934975332,1.232515055088957,1.2519080572481367,11880852
2013-12-16,1.2540630102157593,1.2842297199535544,1.228206212657178,1.2669921426044681,14920389
2013-12-17,1.2475988864898682,1.260527238651508,1.2174321848352487,1.2562180180828741,10864499
2013-12-18,1.2583727836608887,1.3036224949473885,1.2411344326317093,1.2411344326317093,13280904
2013-12-19,1.2519080638885498,1.27992011113942,1.2346704054457205,1.2713009798436303,10491479
2013-12-20,1.230360507965088,1.2562179884409357,1.2109682822545957,1.2368250722747216,9330988
2013-12-23,1.219586730003357,1.2432888667689677,1.1980391603297795,1.215277509512325,10637840
2013-12-24,1.2174317836761475,1.2346700411819367,1.2023487830467454,1.2346700411819367,7280784
2013-12-25,1.2346705198287964,1.2475989590493122,1.2023492491635621,1.2238967341713942,24840748
2013-12-26,1.219586730003357,1.2497534311147245,1.206658378074535,1.2497534311147245,14286750
2013-12-27,1.2131229639053345,1.2238966626259655,1.2023491788777365,1.2023491788777365,16928667
2013-12-30,1.1592541933059692,1.2131231256251551,1.154944972164162,1.2131231256251551,25638950
2013-12-31,1.1463255882263184,1.1635631594720466,1.0989212316170476,1.0989212316170476,27149384
2014-01-02,1.1441709995269775,1.150634873341411,1.1226235164123723,1.1333972148161926,10090456
2014-01-03,1.1678731441497803,1.1808014950620298,1.1355517921808822,1.1441709229409391,21028560
2014-01-06,1.1506348848342896,1.1808015858941587,1.1161589632907445,1.1657185805920864,16999187
2014-01-07,1.1570994853973389,1.1614087060159346,1.126932783392962,1.1377064822417136,8895788
2014-01-08,1.1743367910385132,1.176492134466467,1.1420154429279656,1.1614084416695811,15417914
2014-01-09,1.2928485870361328,1.2928485870361328,1.163563253644202,1.1721824714994555,89976865
2014-01-10,1.2519080638885498,1.2820747645029211,1.2217420537298929,1.2713009798436303,71743902
2014-01-13,1.2066582441329956,1.251907945549374,1.1700276731976658,1.2368249418957977,40957086
2014-01-14,1.238979697227478,1.238979697227478,1.1764924157988228,1.2045037742073534,36925308
2014-01-15,1.2626818418502808,1.2863839780996773,1.2023491313972714,1.2389796192939204,54066344
2014-01-16,1.230360507965088,1.2799201250741028,1.226051287498135,1.249753424131302,35716840
2014-01-17,1.3531813621520996,1.3531813621520996,1.2066584493436354,1.2174322348167583,95992340
2014-01-20,1.4889302253723145,1.4889302253723145,1.3208598479955516,1.3596456782037174,125461795
2014-01-21,1.6376078128814697,1.6376078128814697,1.5061686956262876,1.5083232626394967,78736926
2014-01-22,1.801369071006775,1.801369071006775,1.687167524857423,1.7130242279238364,169151855
2014-01-23,1.7712023258209229,1.7992144582714176,1.704405053449186,1.7992144582714176,108671105
2014-01-24,1.7776665687561035,1.928498657713589,1.7151784416125209,1.7345714396055498,132148786
2014-01-27,1.7905950546264648,1.859546890115864,1.6656198204368204,1.7410355290929722,95713645
2014-01-28,1.7582741975784302,1.8315353563643553,1.730262060200779,1.7690478973998898,64168954
2014-01-29,1.8035235404968262,1.8099881042951544,1.7237978328995593,1.786285279081007,67932916
2014-01-30,1.7518091201782227,1.8056779487606283,1.7388806841731181,1.7841303828048856,54655460
2014-02-07,1.7755111455917358,1.8207608414898702,1.5772747935948879,1.713023881289291,113528960
2014-02-10,1.753964900970459,1.7884407372166888,1.7108697604347993,1.7237980264131993,94489664
2014-02-11,1.6893218755722046,1.7712021440227452,1.6677743093170805,1.736726141582889,76860268
2014-02-12,1.6893218755722046,1.7130240085775468,1.6483813098121742,1.6957857484367627,62940585
2014-02-13,1.7410356998443604,1.848773374109287,1.7022505582869736,1.7022505582869736,116153987
2014-02-14,1.6677744388580322,1.6936311406219584,1.572965899472605,1.6936311406219584,71833658
2014-02-17,1.704405426979065,1.7108699923795143,1.6203705647361715,1.6440727053687825,58811400
2014-02-18,1.7884408235549927,1.7884408235549927,1.659155568320608,1.691476838975718,81744804
2014-02-19,1.9672837257385254,1.9672837257385254,1.7582735127656948,1.771201947516077,107732654
2014-02-20,1.8832491636276245,2.12458066989102,1.8767846001192414,2.068557099564972,146197588
2014-02-21,1.812143087387085,1.8810949405886384,1.760428809104518,1.7927502546078669,69378435
2014-02-24,1.7518091201782227,1.8379993840011928,1.7237976814477312,1.8121425119909838,63030562
2014-02-25,1.680703043937683,1.8229167302915847,1.6419179011104648,1.7324173157010248,76593084
2014-02-26,1.633298635482788,1.6763937766634063,1.5686560963257996,1.654846206073097,49130326
2014-02-27,1.5471082925796509,1.650536132507088,1.5298707220242078,1.6440722593161876,45652323
2014-02-28,1.5665013790130615,1.5729659430143048,1.4867756689132994,1.547108377465021,32982546
2014-03-03,1.575120449066162,1.5880487134989747,1.5363346200842314,1.5363346200842314,33729521
2014-03-04,1.6376078128814697,1.669929079902407,1.529870831524763,1.5514184004100295,59494411
2014-03-05,1.5988224744796753,1.6289891707566704,1.5945124779166513,1.6268339135543028,28229752
2014-03-06,1.5621923208236694,1.592358334667896,1.5298710492038705,1.592358334667896,24752196
2014-03-07,1.5686562061309814,1.5880490382811425,1.5406447594148511,1.5643468988479967,21446369
2014-03-10,1.4781564474105835,1.5535728463234018,1.4760018805653214,1.540644409568359,23361932
2014-03-11,1.5061687231063843,1.5837396963263481,1.4479905794983754,1.4544544532698611,19100282
2014-03-12,1.4458352327346802,1.5298708563174326,1.3941217397662937,1.5147871608412762,24411434
2014-03-13,1.5406445264816284,1.5471084001218438,1.4135138530594722,1.4393714189874303,35983059
2014-03-14,1.536334753036499,1.5902035906207643,1.5104778767054248,1.5104778767054248,33610090
2014-03-17,1.5643466711044312,1.5858942400660827,1.506168700965572,1.508323267986419,23775044
2014-03-18,1.534179925918579,1.5772750625758316,1.5212516611036764,1.5578820612047553,28870151
2014-03-19,1.4781564474105835,1.521251581821883,1.4544543133596717,1.5083231450668402,30245883
2014-03-20,1.4135136604309082,1.482466354643856,1.4135136604309082,1.4630733554546203,20908392
2014-03-21,1.4264429807662964,1.4350614214123447,1.3618003605728155,1.4092046322558396,19619886
2014-03-24,1.4393715858459473,1.4544545923393313,1.4242878025898118,1.426443146611094,14911112
2014-03-25,1.4522994756698608,1.4587633483823557,1.4113590834868617,1.4264427765225824,14215978
2014-03-26,1.46307373046875,1.4652282977361544,1.4372169381995266,1.4479907239132477,15229186
2014-03-27,1.4027408361434937,1.4760019828313637,1.4027408361434937,1.4458351967780199,15783055
2014-03-28,1.3251696825027466,1.4113591742775005,1.3208597720638835,1.3962761707271123,22809060
2014-03-31,1.3251696825027466,1.3424073391982219,1.2950029849463263,1.3251696825027466,9699557
2014-04-01,1.3553359508514404,1.3661097364953116,1.3187053731059832,1.3251699379360113,10633492
2014-04-02,1.3359438180923462,1.35749139090449,1.3273246853991147,1.3553360467358233,8390766
2014-04-03,1.3682641983032227,1.3962763322622334,1.3230144919614784,1.3359436206251492,15845706
2014-04-04,1.4005852937698364,1.428597422549286,1.3445618129734833,1.3661093786164227,16389085
2014-04-08,1.3984309434890747,1.4264429902964602,1.376883374511633,1.3833479386485394,16459117
2014-04-09,1.4178239107131958,1.4329069161024044,1.3833479889704794,1.3833479889704794,13590756
2014-04-10,1.5600367784500122,1.5600367784500122,1.4048953589104924,1.4178237961542925,50304643
2014-04-11,1.6591557264328003,1.7130245735294927,1.5621924230690136,1.5729662960567286,97609864
2014-04-14,1.6160603761672974,1.6591555174624089,1.5686561004933408,1.6591555174624089,50932129
2014-04-15,1.5557273626327515,1.6074416258147828,1.551418229082204,1.590203365473533,38286984
2014-04-16,1.5557273626327515,1.5923579322488066,1.5384897927471257,1.5471082324621266,27298078
2014-04-17,1.575120449066162,1.5815843223616952,1.5234061830375034,1.555727448268239,28455393
2014-04-18,1.5665013790130615,1.5902035145155236,1.5492629444422317,1.5578820754206855,19293469
2014-04-21,1.4975494146347046,1.5514184239729967,1.4889302833813356,1.5514184239729967,24415342
2014-04-22,1.4566091299057007,1.516942535560932,1.4092047673705779,1.5126325380620036,24046495
2014-04-23,1.4522994756698608,1.4587633483823557,1.4307519962285955,1.4436804321091847,10389640
2014-04-24,1.3790379762649536,1.4609190338850706,1.3747287558046122,1.4587636037387313,15931483
2014-04-25,1.3531813621520996,1.3811934115189493,1.3337883584251427,1.3790380675369232,13290997
2014-04-28,1.363955020904541,1.3962763763662345,1.329479098287398,1.3359436628234287,14362528
2014-04-29,1.4997042417526245,1.4997042417526245,1.3510266787100667,1.3618004639446257,17925979
2014-04-30,1.493240237236023,1.5945126530845106,1.488930240199517,1.5600368195266099,49101702
2014-05-05,1.5427991151809692,1.5514184190207527,1.4242876575042727,1.4910850182815407,36362316
2014-05-06,1.5384902954101562,1.5729663095151087,1.5147874639292507,1.5255611643951852,39039870
2014-05-07,1.5880488157272339,1.6893220969543323,1.486775707114062,1.50832327619295,74328223
2014-05-08,1.5621923208236694,1.6225250389679213,1.551418621155053,1.5686561953969398,41183046
2014-05-09,1.5234061479568481,1.572965845950385,1.5083231443635758,1.5514182787547819,27798624
2014-05-12,1.622524619102478,1.6720836247535846,1.5190967838201845,1.532025220076995,60944698
2014-05-13,1.6462270021438599,1.6483815692331618,1.5772751590264646,1.620370298318992,41253008
2014-05-14,1.6117510795593262,1.6526914769302632,1.5988226420404548,1.6332984754241122,22603361
2014-05-15,1.5535727739334106,1.6246791727728855,1.5471082106292875,1.5945124765222707,21438926
2014-05-16,1.6052863597869873,1.626833926174611,1.5341797877198113,1.5341797877198113,30622344
2014-05-19,1.5298709869384766,1.598822834625247,1.5212518549404304,1.5966682673931638,26645001
2014-05-20,1.5665013790130615,1.6031317794483988,1.5341799399182234,1.547108377465021,23933001
2014-05-21,1.650536298751831,1.7130242676018095,1.540644574565018,1.5686560179202755,57533901
2014-05-22,1.7755111455917358,1.7970587102457427,1.6203699229029018,1.6354529247170917,87399130
2014-05-23,1.7561192512512207,1.8078328266202985,1.725952553033312,1.7410355569144367,69287877
2014-05-26,1.760428786277771,1.7733572262203077,1.7237982064405835,1.7625835262681937,43857001
2014-05-27,1.7108697891235352,1.797059208570442,1.6720839548543374,1.7604286319445825,56328501
2014-05-28,1.7776665687561035,1.8056778330781245,1.691476310454996,1.7044047456318276,67392907
2014-05-29,1.7173336744308472,1.7604286433545224,1.6979413613193468,1.7539649417498826,41947654
2014-05-30,1.5945124626159668,1.687167289918508,1.544953630410335,1.6850118601229198,66633665
2014-06-03,1.592357873916626,1.6139054396329864,1.553572738946097,1.5815841773653958,31081824
2014-06-04,1.6052863597869873,1.6139054899103797,1.568655790371666,1.5794294872585253,24755260
2014-06-05,1.6483817100524902,1.6763938464293602,1.5837398586610774,1.5902037330951158,32707775
2014-06-06,1.5988224744796753,1.6526913037238893,1.5902033444231463,1.6526913037238893,22304560
2014-06-09,1.5621923208236694,1.6139059066190784,1.5578823231143737,1.5858944600946254,19735873
2014-06-10,1.5966678857803345,1.6052863252627534,1.549262757428151,1.5514181872147874,23979201
2014-06-11,1.6009774208068848,1.6117512927784787,1.579429849477641,1.5837398470625348,20561597
2014-06-12,1.5794296264648438,1.603131761704971,1.5729659256047517,1.603131761704971,17008760
2014-06-13,1.6052863597869873,1.6332983169206314,1.5578819208709016,1.5621919174673606,28896406
2014-06-16,1.6117510795593262,1.6182156435466057,1.5815843801207823,1.5988226420404548,20042373
2014-06-17,1.6591557264328003,1.6677748593457644,1.592358438887603,1.6009775718005672,47350299
2014-06-18,1.64407217502594,1.657000611200561,1.6268339148986375,1.6505360478854427,23300917
2014-06-19,1.5169426202774048,1.6828577689557178,1.4975496155095127,1.644072622489688,39210192
2014-06-20,1.5427991151809692,1.5514184190207527,1.4479905704497498,1.5040132835855071,21651853
2014-06-23,1.5492631196975708,1.562192249162623,1.5298709790254688,1.5341801134673467,15013504
2014-06-24,1.5277162790298462,1.5621921133916252,1.5234062818928436,1.549262985050251,17005164
2014-06-25,1.4889302253723145,1.5255607981628059,1.4652280900372905,1.5255607981628059,17981181
2014-06-26,1.5169426202774048,1.527716492635795,1.4867759157650735,1.4867759157650735,12449455
2014-06-27,1.5384902954101562,1.5471087379410162,1.508323588877615,1.516942721864325,13976504
2014-06-30,1.5384902954101562,1.5492633054202407,1.5234065969159607,1.5384902954101562,15799143
2014-07-01,1.622524619102478,1.6591551884967741,1.5427989169576704,1.5427989169576704,42882215
2014-07-02,1.6117510795593262,1.622524777491719,1.5837396375490265,1.613905646531883,25623615
2014-07-03,1.6160603761672974,1.6483816458316614,1.5902036711408967,1.5945128055197415,26194344
2014-07-04,1.5966678857803345,1.6246791518559314,1.5880485832284086,1.6052863252627534,16708258
2014-07-07,1.6009774208068848,1.6160604272936492,1.579429849477641,1.6160604272936492,12263566
2014-07-08,1.6483817100524902,1.674239279155996,1.5880489932078057,1.6031319998050308,37674376
2014-07-09,1.5902035236358643,1.6483814929301226,1.5858942170428052,1.6332984883196084,21478366
2014-07-10,1.592357873916626,1.6139054396329864,1.583739434517341,1.5858940012136873,12676409
2014-07-11,1.6311439275741577,1.6419177982467792,1.5858942231137039,1.5945126637188902,19228655
2014-07-14,1.654845952987671,1.654845952987671,1.6139055578659476,1.6332983856927592,22036687
2014-07-15,1.6246793270111084,1.6505362017710832,1.6139056291944522,1.6505362017710832,17711709
2014-07-16,1.5708107948303223,1.6246796395025969,1.5600370949414488,1.6246796395025969,22529986
2014-07-17,1.5772751569747925,1.594512729350374,1.553573020270058,1.5708105926456393,8756697
2014-07-18,1.5815843343734741,1.6052864691391546,1.5621920238839329,1.5665013303183215,8741789
2014-07-21,1.5406445264816284,1.5923581048122222,1.5277162613594235,1.5923581048122222,11763346
2014-07-22,1.557882308959961,1.5686561811446391,1.540644734874689,1.5449540420890329,8864110
2014-07-23,1.536334753036499,1.5665014539839464,1.5320254462619172,1.5643467142896903,10200486
2014-07-24,1.5320254564285278,1.5427991549713036,1.508323319634421,1.5363347632317066,9392446
2014-07-25,1.557882308959961,1.5815846206295152,1.5255610376338224,1.5255610376338224,9811767
2014-07-28,1.5794296264648438,1.581584366032128,1.5535729242713525,1.5600367977453646,12598518
2014-07-29,1.5880488157272339,1.5988226865736412,1.5729659834296141,1.5815844241738186,14698703
2014-07-30,1.592357873916626,1.5988224370751638,1.5708103082002658,1.5858940012136873,13640014
2014-07-31,1.6160603761672974,1.6268342477980449,1.5902036711408967,1.592358238330319,22109162
2014-08-01,1.5794296264648438,1.6225247630383703,1.5686559286284223,1.6052865012722555,16183171
2014-08-04,1.585894227027893,1.5880487940310266,1.55788209416437,1.568655964863583,12015591
2014-08-05,1.6397624015808105,1.6397624015808105,1.56865599294499,1.5880488224595957,29311309
2014-08-06,1.7216435670852661,1.723798134371656,1.6074420071395135,1.626834321014652,54623355
2014-08-07,1.6656198501586914,1.7173334256241888,1.6505361557937839,1.6807028540679383,40598631
2014-08-08,1.6677744388580322,1.708715007798037,1.6440723040116754,1.6505361773783014,26220801
2014-08-11,1.672084093093872,1.6914769255248037,1.6548463458705114,1.6548463458705114,17519456
2014-08-12,1.6828575134277344,1.689322077520709,1.6613099445967252,1.6720838153191921,18922747
2014-08-13,1.6570008993148804,1.6828576035461043,1.6160603264682454,1.6807030364229416,20633437
2014-08-14,1.702250599861145,1.7345718684072216,1.633298583311373,1.6526915860985254,48777939
2014-08-15,1.7259527444839478,1.7647385776152402,1.6763937305029322,1.6893221689327622,51709358
2014-08-18,1.7410356998443604,1.7647385267381028,1.717333563406334,1.7237979550488156,37764138
2014-08-19,1.73888099193573,1.7647385589780475,1.7151788550646903,1.741035731651279,35119902
2014-08-20,1.7087152004241943,1.7388810394239023,1.702250635873138,1.7302619077123886,24954686
2014-08-21,1.7905950546264648,1.850927759642516,1.7130240886637178,1.7130240886637178,69514559
2014-08-22,1.7776665687561035,1.7819757019205997,1.7453451355862428,1.7690472667437678,30986796
2014-08-25,1.7367264032363892,1.781976109314132,1.7302618389422701,1.777666975164486,20532855
2014-08-26,1.7000956535339355,1.764738355384535,1.6914765230521747,1.7345716576192411,21738158
2014-08-27,1.702250599861145,1.7173336053488788,1.6871675943734115,1.697941293017459,15634271
2014-08-28,1.661310076713562,1.702250650623624,1.6526916353831147,1.6957860860165503,20258232
2014-08-29,1.6785483360290527,1.682857642990317,1.6440724994274358,1.6548461983654412,11720217
2014-09-01,1.7151788473129272,1.7173335870187378,1.6742391381303865,1.6807030120199558,14319799
2014-09-02,1.7410356998443604,1.7453455244245868,1.7151788237301497,1.7216433879865605,22197403
2014-09-03,1.7475003004074097,1.7604285661191879,1.719488856648969,1.749654867514429,27861180
2014-09-04,1.799214482307434,1.855237884887241,1.732417209043341,1.7475002137279239,51598522
2014-09-05,1.799214482307434,1.814297314378093,1.7712023494827205,1.788440611623148,29056164
2014-09-09,1.812143087387085,1.8315354023244337,1.7884409471850986,1.7970593894166789,22901272
2014-09-10,1.863856315612793,1.86601088260151,1.7927499087256686,1.8056781737275862,44992187
2014-09-11,1.809988021850586,1.8832491623124952,1.7992143247238346,1.8617015954450835,43985333
2014-09-12,1.827225685119629,1.8379995554091997,1.7884405461011956,1.7992144163907664,29597067
2014-09-15,1.842308759689331,1.844464189762542,1.8056781861915998,1.8164520568930922,29459532
2014-09-16,1.7518091201782227,1.8573922106227512,1.7345715507325532,1.8423085174417577,36358969
2014-09-17,1.7647385597229004,1.7647385597229006,1.73241729136209,1.7582739953456603,17328380
2014-09-18,1.7647385597229004,1.7712024336444117,1.743190989944383,1.756119428243134,13898720
2014-09-19,1.7819761037826538,1.7927499748069053,1.7561194002118106,1.7625832740301446,14460213
2014-09-22,1.8444644212722778,1.8810948267537855,1.760428702571801,1.7884408389572213,52859577
2014-09-23,1.889714002609253,1.9284991453326417,1.8186067280878229,1.8272258596656066,44219844
2014-09-24,1.9349639415740967,1.9715943489445054,1.8660112259198003,1.878940356370101,57762811
2014-09-25,1.9091062545776367,1.9457375227814668,1.8961778153724416,1.9371183906973926,26907326
2014-09-26,1.95220148563385,2.064248481665568,1.8961779013110152,1.9500467456686605,57558221
2014-09-29,1.9802134037017822,2.0017601105114333,1.9435821378948983,1.95435583652759,32470761
2014-09-30,2.068557024002075,2.1030330261862806,1.9672839294115056,1.9672839294115056,47184711
2014-10-08,2.0664026737213135,2.0771763715905665,2.0103790995733566,2.0513196693182802,29446898
2014-10-09,2.053474187850952,2.094414756630371,2.018998355482389,2.0577834942831057,24743826
2014-10-10,1.9952961206436157,2.044855131474883,1.9715939850286617,2.044855131474883,25580573
2014-10-13,2.0319268703460693,2.0362368677648943,1.9715941562679158,1.9974510337299816,19928217
2014-10-14,1.9823675155639648,2.0297717786614258,1.967283823100365,2.0297717786614258,15475867
2014-10-15,1.9608205556869507,1.9823681272668445,1.915570845244515,1.9823681272668445,23751675
2014-10-16,1.954356074333191,1.982368212028499,1.9414276344008314,1.9565106417079636,15587927
2014-10-17,1.8961776494979858,1.967284231520218,1.846618809494007,1.954355793445981,19809417
2014-10-20,1.9672837257385254,1.9737482883414863,1.885403466372221,1.8961771619975394,14744173
2014-10-21,1.9737486839294434,1.9931415125557028,1.9543556826892645,1.9823678147710695,13698488
2014-10-22,1.9737486839294434,2.018998387238823,1.9608202465878835,1.9608202465878835,17491911
2014-10-23,1.889714002609253,1.9737488525067861,1.8746301339667792,1.9715941127658236,16506833
2014-10-24,1.8336904048919678,1.9091061224210595,1.8186067090215658,1.9026422484938081,16298257
2014-10-27,1.8487738370895386,1.86385684598607,1.7776674099685916,1.8315355701353038,12650104
2014-10-28,1.9608205556869507,1.9694396878872762,1.8530828704014282,1.8638565698844018,20039073
2014-10-29,2.025463104248047,2.025463104248047,1.9672842687435232,1.9780579673425716,33214201
2014-10-30,1.9974507093429565,2.0405456707283602,1.973748575518635,2.0168435369040387,19583874
2014-10-31,2.006070375442505,2.01684407551255,1.9737491026184135,1.9909873679583978,14547046
2014-11-03,2.0664026737213135,2.100878506902923,2.008224532613427,2.0448551053688866,33353160
2014-11-04,2.003915548324585,2.0599389540418507,1.995296244157743,2.057783696465306,17795541
2014-11-05,2.0103795528411865,2.0427009989641034,1.9694398369354427,2.003915850504066,14890488
2014-11-06,2.006070375442505,2.0146895081124967,1.9586660951343065,2.0039158080424517,19717867
2014-11-07,2.0146894454956055,2.059939156997382,1.9759036086070452,1.9996057480244778,24223274
2014-11-10,2.0082249641418457,2.0577839849896775,1.993141956497768,2.014689529480348,17675757
2014-11-11,2.208616256713867,2.208616256713867,1.9629747472242323,2.00391531526468,72061281
2014-11-12,2.245246410369873,2.324971929069582,2.1525922845558787,2.187068282504172,82370013
2014-11-13,2.171985626220703,2.2366274637533934,2.1418189290379814,2.2366274637533934,39387636
2014-11-14,2.0707123279571533,2.167675420116742,2.0491647631713765,2.154747157427503,33191235
2014-11-17,2.1051886081695557,2.1375091855365005,2.027617634440738,2.0642482090106355,29279154
2014-11-18,2.0319268703460693,2.1073432807855754,2.0060701654979414,2.0901050172496554,35040596
2014-11-19,2.05993914604187,2.0814867180116163,2.0189987420379576,2.0211533093595873,25706120
2014-11-20,2.0728671550750732,2.0836408525150363,2.0254628863392345,2.0534741544553112,19155632
2014-11-21,2.154747486114502,2.1913778857804456,2.0642480799599467,2.0642480799599467,42675709
2014-11-24,2.1655216217041016,2.169830929053257,2.128891042017676,2.1525931818147748,30882237
2014-11-25,2.1849141120910645,2.2086162463049264,2.1461281111036397,2.1569019810874894,26205594
2014-11-26,2.1439740657806396,2.180604645749077,2.1138073605787224,2.180604645749077,28837744
2014-11-27,2.118117094039917,2.1482831050207847,2.090104959718578,2.1439737981763276,24410641
2014-11-28,2.079331398010254,2.128890932887367,2.049165385042756,2.1224263680461806,29761959
2014-12-01,2.0082249641418457,2.079331557972258,1.9823682563134568,2.0707131156666825,31044706
2014-12-02,2.0448548793792725,2.062093139292812,2.003915177228454,2.0146888739070383,20763425
2014-12-03,2.0470097064971924,2.0707127052748,1.9823678634305244,2.068557275209288,28574864
2014-12-04,2.0491647720336914,2.06424777400535,2.0383909032872616,2.0491647720336914,28351256
2014-12-05,1.9478915929794312,2.0534739921603506,1.8810943289031083,2.0513194254565565,31709976
2014-12-08,1.8918685913085938,1.9371182989987046,1.8703210210393362,1.9241898604055119,27531107
2014-12-09,1.7712023258209229,1.911260571478492,1.769047586235636,1.8961775669954055,37915570
2014-12-10,1.8315351009368896,1.84230879925584,1.766893083637116,1.7712023903507679,16148445
2014-12-11,1.8703211545944214,1.8724757218998698,1.809988436851309,1.8207614459924994,18349114
2014-12-12,1.9004877805709839,1.904796915004746,1.8638565129912357,1.8638565129912357,15132670
2014-12-15,1.9069513082504272,1.9263441358171578,1.883249174419202,1.9026420019859327,16349665
2014-12-16,1.922034740447998,1.9392730050346756,1.8746302895974036,1.906951733623014,22736407
2014-12-17,1.853082537651062,1.917725068169205,1.842308667488761,1.909105937516581,23043441
2014-12-18,1.8142974376678467,1.8530827533567886,1.8078330457724205,1.837999747647247,14541996
2014-12-19,1.7668930292129517,1.8293803049241908,1.745345460624835,1.803523602369081,16620414
2014-12-22,1.6117510795593262,1.7647384532689152,1.5902035110806185,1.7647384532689152,27016012
2014-12-23,1.6203703880310059,1.6570009650140276,1.6074419490958216,1.6160603905441222,10752534
2014-12-24,1.6699291467666626,1.6720838864800731,1.6376078784515764,1.6376078784515764,11728106
2014-12-25,1.6785483360290527,1.682857642990317,1.6548461983654412,1.6720839440523116,11314877
2014-12-26,1.661310076713562,1.6699292084997628,1.6419179364177865,1.6613100767135618,10347741
2014-12-29,1.592357873916626,1.6720835736235296,1.5729657379661108,1.6656197009205909,17526919
2014-12-30,1.551418662071228,1.6074420744395106,1.5471086642482632,1.5923583766637903,12173676
2014-12-31,1.5729660987854004,1.5794298003571339,1.5471085306754373,1.5621922271488753,7534803
2015-01-05,1.5880488157272339,1.5945126894388688,1.5406445435043188,1.555727548415865,15015161
2015-01-06,1.6419174671173096,1.6440720336806085,1.5514180764476329,1.5815840797004874,20238466
2015-01-07,1.6289894580841064,1.6613100363530673,1.6052866304804765,1.654846162358783,13623980
2015-01-08,1.64407217502594,1.6656197412642122,1.6139054787240166,1.628989172102786,16651400
2015-01-09,1.622524619102478,1.6634651850907594,1.622524619102478,1.6376076221215186,13690847
2015-01-12,1.5945124626159668,1.6139054619035886,1.5578818938363115,1.6139054619035886,12997252
2015-01-13,1.6742390394210815,1.734571747626703,1.583739631884807,1.590203505393281,29844732
2015-01-14,1.64407217502594,1.6613097446976268,1.6268339148986375,1.6591551779490938,14987545
2015-01-15,1.64407217502594,1.6677743080127452,1.628989172102786,1.6419176082774072,9562650
2015-01-16,1.6871671676635742,1.7022501693365908,1.6397620425495636,1.646226605328874,18408196
2015-01-19,1.6591557264328003,1.730262148899577,1.6009775718005672,1.6483818534450851,27188505
2015-01-20,1.7496548891067505,1.7561194535772495,1.6548461676009136,1.6699291732197814,36518539
2015-01-21,1.7733569145202637,1.773356914520264,1.7259526430631338,1.7453454721822472,33871615
2015-01-22,1.7712023258209229,1.7819760237473572,1.7431908838261152,1.766893019264271,23588003
2015-01-23,1.7431907653808594,1.7712022054723628,1.7324170681864695,1.7712022054723628,19787359
2015-01-26,1.760428786277771,1.7625835262681937,1.7302620811839435,1.7302620811839435,14921581
2015-01-27,1.7755111455917358,1.777666575251312,1.7367260125334185,1.760428143777546,22308867
2015-01-28,1.7561192512512207,1.7841305195141788,1.7518092544108934,1.7733568220177218,16826147
2015-01-29,1.7884408235549927,1.8035238300269252,1.7281074167557056,1.7281074167557056,24209949
2015-01-30,1.7431907653808594,1.7992143360195068,1.7431907653808594,1.7884404662112068,14954059
2015-02-02,1.73888099193573,1.7539648604003022,1.702250589385328,1.7216434194392018,11050304
2015-02-03,1.809988021850586,1.8229164584026876,1.7388807577444823,1.7388807577444823,24036815
2015-02-04,1.7755111455917358,1.8207608414898702,1.7690472732074833,1.8207608414898702,15682847
2015-02-05,1.799214482307434,1.850927887817324,1.7733569164828689,1.7776669135527858,33044568
2015-02-06,1.8509281873703003,1.891868764505244,1.7884409010632236,1.7992147734911461,54059043
2015-02-09,1.7776665687561035,1.863855963987758,1.7259523102071046,1.8509275288109264,34545756
2015-02-10,1.7561192512512207,1.769047515633054,1.7087149822668108,1.7324171167590159,19983983
2015-02-11,1.8078327178955078,1.8164518479882252,1.7475000155438163,1.756119145636534,20885400
2015-02-12,1.8229167461395264,1.8401543190353618,1.7819761727539123,1.8013691758709558,20278013
2015-02-13,1.825071096420288,1.8466186641283902,1.816451965768698,1.816451965768698,26886538
2015-02-16,1.8854039907455444,1.8961776893672708,1.8142974072282156,1.8293804126847,34773863
2015-02-17,1.894023060798645,1.9004876249897815,1.8530826621366727,1.8746300586809452,27218197
2015-02-25,1.9047966003417969,1.9349634708317187,1.878939899257267,1.8983322093032733,27238972
2015-02-26,1.9306535720825195,1.9349635690928686,1.8789399946734326,1.891868432179185,28351995
2015-02-27,1.9823675155639648,1.9974505175719908,1.915570254153392,1.9177248207712014,43152217
2015-03-02,2.023308038711548,2.0427010449126928,1.9629753156837597,1.9759037563325714,45418296
2015-03-03,2.036236524581909,2.122425928982011,1.9866768273432172,2.0146889577144975,59344588
2015-03-04,2.176295042037964,2.176295042037964,2.0082246546117677,2.0082246546117677,66039284
2015-03-05,2.1418190002441406,2.2043062730428193,2.0965692981935207,2.1762948321959166,51795660
2015-03-06,2.0513195991516113,2.141819003385589,2.003915330148391,2.141819003385589,56456981
2015-03-09,2.057783365249634,2.0879500619083546,1.9931413562258773,2.0254627922725206,33246632
2015-03-10,2.2646398544311523,2.2646398544311523,2.0405458927530424,2.0534743307911887,54531046
2015-03-11,2.4908883571624756,2.4908883571624756,2.3271271080387823,2.3702222462771974,110655854
2015-03-12,2.523209810256958,2.74083903393271,2.4779601047468587,2.564149518601829,193393599
2015-03-13,2.676196336746216,2.7149821661496047,2.4521023898177,2.488733652303804,148008151
2015-03-16,2.846421241760254,2.876587940045582,2.577077768063388,2.624482727609403,158139324
2015-03-17,2.773160934448242,2.915373775730134,2.72144665614023,2.801172209472823,135477014
2015-03-18,2.745147943496704,2.8140997753103645,2.665422242319179,2.7429933767606145,99166139
2015-03-19,2.6998984813690186,2.7042084782887863,2.6611133422808115,2.7042084782887863,62911796
2015-03-20,2.7063634395599365,2.755922283564431,2.6761967363903922,2.691279742747278,60350287
2015-03-23,2.7990169525146484,2.8011715193893254,2.676196283823215,2.7106721156406723,97087687
2015-03-24,2.7063634395599365,2.8334934361133803,2.5641497461938343,2.8011719930908607,84603204
2015-03-25,2.7429935932159424,2.7903978626565453,2.6287918808127415,2.734374289908,76708027
2015-03-26,2.596470594406128,2.7063629994947185,2.585696896893096,2.704208432606027,61385973
2015-03-27,2.633101224899292,2.639565788779668,2.585696954780681,2.590006088654535,27295521
2015-03-30,2.6201729774475098,2.6460298539312066,2.564149572452235,2.633101415689358,41314808
2015-03-31,2.639565944671631,2.6611135140666025,2.5921616717533382,2.622327682018939,39076275
2015-04-01,2.693434238433838,2.7042081072645883,2.630946282534388,2.6460292846240927,46548610
2015-04-02,2.7774696350097656,2.7817789417609062,2.689124790184032,2.695589354459497,68141982
2015-04-03,2.749458074569702,2.766695644985272,2.7149820706690058,2.7623863386883354,51257804
2015-04-07,2.807636260986328,2.8119455676226517,2.6998985892744156,2.7623865562447936,77505691
2015-04-08,2.652494430541992,2.824873953124713,2.60724472387241,2.82271938602171,64000335
2015-04-09,2.559839963912964,2.6524941056192013,2.4973520019346243,2.6524941056192013,43147954
2015-04-10,2.6438751220703125,2.648185119338847,2.512435999554789,2.5426020103140945,30133299
2015-04-13,2.734374523162842,2.7903981006904583,2.624482970881102,2.6611135458463258,52572646
2015-04-14,2.8765878677368164,2.9950985374836994,2.671886929536557,2.686969933072249,100296833
2015-04-15,2.7020528316497803,2.9412304548281054,2.7020528316497803,2.8636594924154797,56101778
2015-04-16,2.635256290435791,2.6869705672823705,2.521054727405789,2.630947155746634,41578871
2015-04-17,2.5921614170074463,2.686969953526678,2.5813875470618033,2.66326781939687,44531101
2015-04-20,2.447793483734131,2.5792334797055725,2.443484349194753,2.5792334797055725,43909746
2015-04-21,2.574923276901245,2.579233274166888,2.4521025954797935,2.456412592745437,33232701
2015-04-22,2.689124822616577,2.7365292688180096,2.5749232728370077,2.5770780125455306,52639218
2015-04-23,2.6675779819488525,2.7322205319158828,2.6223282660175182,2.689125383528551,43168046
2015-04-24,2.790398359298706,2.8658147737642183,2.5986256448144927,2.648185353051551,86354173
2015-04-27,2.8141000270843506,2.876587991666559,2.736529058316641,2.8334930281971555,79243547
2015-04-28,2.6266374588012695,2.820564716757116,2.5856970604344984,2.7645411409181118,59593611
2015-04-29,2.6805057525634766,2.7042087529697842,2.546912060189136,2.607244773409648,39436313
2015-04-30,2.9476945400238037,2.9476945400238037,2.6869701795907184,2.6869701795907184,134153533
2015-05-04,2.9476945400238037,2.9476945400238037,2.9476945400238037,2.9476945400238037,0
2015-05-05,2.9476945400238037,2.9476945400238037,2.9476945400238037,2.9476945400238037,0
2015-05-06,2.9476945400238037,2.9476945400238037,2.9476945400238037,2.9476945400238037,0
2015-05-07,2.9476945400238037,2.9476945400238037,2.9476945400238037,2.9476945400238037,0
2015-05-08,2.9476945400238037,2.9476945400238037,2.9476945400238037,2.9476945400238037,0
2015-05-11,2.9476945400238037,2.9476945400238037,2.9476945400238037,2.9476945400238037,0
2015-05-12,2.9476945400238037,2.9476945400238037,2.9476945400238037,2.9476945400238037,0
2015-05-13,2.9476945400238037,2.9476945400238037,2.9476945400238037,2.9476945400238037,0
2015-05-14,2.9476945400238037,2.9476945400238037,2.9476945400238037,2.9476945400238037,0
2015-05-15,2.9476945400238037,2.9476945400238037,2.9476945400238037,2.9476945400238037,0
2015-05-18,2.9476945400238037,2.9476945400238037,2.9476945400238037,2.9476945400238037,0
2015-05-19,2.9476945400238037,2.9476945400238037,2.9476945400238037,2.9476945400238037,0
2015-05-20,2.9476945400238037,2.9476945400238037,2.9476945400238037,2.9476945400238037,0
2015-05-21,2.9476945400238037,2.9476945400238037,2.9476945400238037,2.9476945400238037,0
2015-05-22,2.9476945400238037,2.9476945400238037,2.9476945400238037,2.9476945400238037,0
2015-05-25,2.9476945400238037,2.9476945400238037,2.9476945400238037,2.9476945400238037,0
2015-05-26,2.9476945400238037,2.9476945400238037,2.9476945400238037,2.9476945400238037,0
2015-05-27,2.9476945400238037,2.9476945400238037,2.9476945400238037,2.9476945400238037,0
2015-05-28,2.9476945400238037,2.9476945400238037,2.9476945400238037,2.9476945400238037,0
2015-05-29,2.9476945400238037,2.9476945400238037,2.9476945400238037,2.9476945400238037,0
2015-06-01,2.9476945400238037,2.9476945400238037,2.9476945400238037,2.9476945400238037,0
2015-06-02,2.9476945400238037,2.9476945400238037,2.9476945400238037,2.9476945400238037,0
2015-06-03,2.9476945400238037,2.9476945400238037,2.9476945400238037,2.9476945400238037,0
2015-06-04,2.9476945400238037,2.9476945400238037,2.9476945400238037,2.9476945400238037,0
2015-06-05,2.9476945400238037,2.9476945400238037,2.9476945400238037,2.9476945400238037,0
2015-06-08,2.9476945400238037,2.9476945400238037,2.9476945400238037,2.9476945400238037,0
2015-06-09,2.9476945400238037,2.9476945400238037,2.9476945400238037,2.9476945400238037,0
2015-06-10,2.9476945400238037,2.9476945400238037,2.9476945400238037,2.9476945400238037,0
2015-06-11,2.9476945400238037,2.9476945400238037,2.9476945400238037,2.9476945400238037,0
2015-06-12,2.9476945400238037,2.9476945400238037,2.9476945400238037,2.9476945400238037,0
2015-06-15,2.9476945400238037,2.9476945400238037,2.9476945400238037,2.9476945400238037,0
2015-06-16,2.9476945400238037,2.9476945400238037,2.9476945400238037,2.9476945400238037,0
2015-06-17,2.9476945400238037,2.9476945400238037,2.9476945400238037,2.9476945400238037,0
2015-06-18,2.9476945400238037,2.9476945400238037,2.9476945400238037,2.9476945400238037,0
2015-06-19,2.9476945400238037,2.9476945400238037,2.9476945400238037,2.9476945400238037,0
2015-06-23,2.9476945400238037,2.9476945400238037,2.9476945400238037,2.9476945400238037,0
2015-06-24,2.9476945400238037,2.9476945400238037,2.9476945400238037,2.9476945400238037,0
2015-06-25,2.9476945400238037,2.9476945400238037,2.9476945400238037,2.9476945400238037,0
2015-06-26,2.9476945400238037,2.9476945400238037,2.9476945400238037,2.9476945400238037,0
2015-06-29,2.9476945400238037,2.9476945400238037,2.9476945400238037,2.9476945400238037,0
2015-06-30,2.9476945400238037,2.9476945400238037,2.9476945400238037,2.9476945400238037,0
2015-07-01,2.9476945400238037,2.9476945400238037,2.9476945400238037,2.9476945400238037,0
2015-07-02,2.9476945400238037,2.9476945400238037,2.9476945400238037,2.9476945400238037,0
2015-07-03,2.9476945400238037,2.9476945400238037,2.9476945400238037,2.9476945400238037,0
2015-07-06,2.9476945400238037,2.9476945400238037,2.9476945400238037,2.9476945400238037,0
2015-07-07,2.9476945400238037,2.9476945400238037,2.9476945400238037,2.9476945400238037,0
2015-07-08,2.9476945400238037,2.9476945400238037,2.9476945400238037,2.9476945400238037,0
2015-07-09,2.9476945400238037,2.9476945400238037,2.9476945400238037,2.9476945400238037,0
2015-07-10,2.9476945400238037,2.9476945400238037,2.9476945400238037,2.9476945400238037,0
2015-07-13,2.9476945400238037,2.9476945400238037,2.9476945400238037,2.9476945400238037,0
2015-07-14,2.9476945400238037,2.9476945400238037,2.9476945400238037,2.9476945400238037,0
2015-07-15,2.9476945400238037,2.9476945400238037,2.9476945400238037,2.9476945400238037,0
2015-07-16,2.9476945400238037,2.9476945400238037,2.9476945400238037,2.9476945400238037,0
2015-07-17,2.9476945400238037,2.9476945400238037,2.9476945400238037,2.9476945400238037,0
2015-07-20,2.9476945400238037,2.9476945400238037,2.9476945400238037,2.9476945400238037,0
2015-07-21,2.9476945400238037,2.9476945400238037,2.9476945400238037,2.9476945400238037,0
2015-07-22,2.9476945400238037,2.9476945400238037,2.9476945400238037,2.9476945400238037,0
2015-07-23,2.9476945400238037,2.9476945400238037,2.9476945400238037,2.9476945400238037,0
2015-07-24,2.9476945400238037,2.9476945400238037,2.9476945400238037,2.9476945400238037,0
2015-07-27,2.9476945400238037,2.9476945400238037,2.9476945400238037,2.9476945400238037,0
2015-07-28,2.9476945400238037,2.9476945400238037,2.9476945400238037,2.9476945400238037,0
2015-07-29,2.9476945400238037,2.9476945400238037,2.9476945400238037,2.9476945400238037,0
2015-07-30,2.9476945400238037,2.9476945400238037,2.9476945400238037,2.9476945400238037,0
2015-07-31,2.9476945400238037,2.9476945400238037,2.9476945400238037,2.9476945400238037,0
2015-08-03,2.9476945400238037,2.9476945400238037,2.9476945400238037,2.9476945400238037,0
2015-08-04,2.9476945400238037,2.9476945400238037,2.9476945400238037,2.9476945400238037,0
2015-08-05,2.9476945400238037,2.9476945400238037,2.9476945400238037,2.9476945400238037,0
2015-08-06,2.9476945400238037,2.9476945400238037,2.9476945400238037,2.9476945400238037,0
2015-08-07,2.9476945400238037,2.9476945400238037,2.9476945400238037,2.9476945400238037,0
2015-08-10,2.9476945400238037,2.9476945400238037,2.9476945400238037,2.9476945400238037,0
2015-08-11,2.9476945400238037,2.9476945400238037,2.9476945400238037,2.9476945400238037,0
2015-08-12,2.9476945400238037,2.9476945400238037,2.9476945400238037,2.9476945400238037,0
2015-08-13,2.9476945400238037,2.9476945400238037,2.9476945400238037,2.9476945400238037,0
2015-08-14,2.9476945400238037,2.9476945400238037,2.9476945400238037,2.9476945400238037,0
2015-08-17,2.9476945400238037,2.9476945400238037,2.9476945400238037,2.9476945400238037,0
2015-08-18,2.9476945400238037,2.9476945400238037,2.9476945400238037,2.9476945400238037,0
2015-08-19,2.9476945400238037,2.9476945400238037,2.9476945400238037,2.9476945400238037,0
2015-08-20,2.9476945400238037,2.9476945400238037,2.9476945400238037,2.9476945400238037,0
2015-08-21,2.9476945400238037,2.9476945400238037,2.9476945400238037,2.9476945400238037,0
2015-08-24,2.9476945400238037,2.9476945400238037,2.9476945400238037,2.9476945400238037,0
2015-08-25,2.9476945400238037,2.9476945400238037,2.9476945400238037,2.9476945400238037,0
2015-08-26,2.9476945400238037,2.9476945400238037,2.9476945400238037,2.9476945400238037,0
2015-08-27,2.9476945400238037,2.9476945400238037,2.9476945400238037,2.9476945400238037,0
2015-08-28,2.9476945400238037,2.9476945400238037,2.9476945400238037,2.9476945400238037,0
2015-08-31,2.9476945400238037,2.9476945400238037,2.9476945400238037,2.9476945400238037,0
2015-09-01,2.9476945400238037,2.9476945400238037,2.9476945400238037,2.9476945400238037,0
2015-09-02,3.2428951263427734,3.2428951263427734,3.2428951263427734,3.2428951263427734,18621970
2015-09-07,3.5682623386383057,3.5682623386383057,3.5682623386383057,3.5682623386383057,3066725
2015-09-08,3.9259510040283203,3.92595100402832,3.92595100402832,3.92595100402832,2923908
2015-09-09,4.318113803863525,4.318113803863525,4.318113803863525,4.318113803863525,2362946
2015-09-10,4.749063491821289,4.749063491821289,4.749063491821289,4.749063491821289,6404082
2015-09-11,5.223107814788818,5.223107814788818,5.223107814788818,5.223107814788818,5279772
2015-09-14,5.7445573806762695,5.7445573806762695,5.455821573619812,5.7445573806762695,299313799
2015-09-15,5.169239044189453,5.169239044189453,5.169239044189453,5.169239044189453,11807712
2015-09-16,5.473059177398682,5.645439388167457,4.652100421618631,4.652100421618631,262830395
2015-09-17,6.0203657150268555,6.0203657150268555,5.171394840273122,5.296370085256208,231800560
2015-09-18,6.164733409881592,6.593528520796157,5.796271702691692,6.020366018602034,196751536
2015-09-21,5.817819595336914,6.020366173639348,5.548475910152639,5.860914391638785,151223943
2015-09-22,5.878152370452881,6.367280212249537,5.770415378593125,5.774724513039631,145169482
2015-09-23,6.466398239135742,6.466398239135742,5.628201208280681,5.688533920448624,159477524
2015-09-24,6.141031265258789,6.701265657712955,6.141031265258789,6.597838152281509,164656443
2015-09-25,5.54847526550293,6.225066250655608,5.526927524627639,5.9901987750287935,161811172
2015-09-28,5.753175735473633,5.845829704435107,5.39764286316343,5.496760532633001,91209350
2015-09-29,5.4342732429504395,5.6971524906442506,5.3437738411288915,5.610962912935939,86342104
2015-09-30,5.04210901260376,5.559248903075583,5.039954445743185,5.440737368909196,90393176
2015-10-08,5.214489459991455,5.343774533766963,5.095978602667728,5.171395010779396,94740065
2015-10-09,5.587260723114014,5.735938974435797,5.108907116820206,5.128299947219912,115593750
2015-10-12,5.891080379486084,6.033294242378411,5.451511732883462,5.51615461752499,126446278
2015-10-13,5.843676567077637,6.000972748722548,5.669142121406926,5.774724546658094,95230430
2015-10-14,5.789806365966797,6.1819703191294755,5.727319095749435,5.873842065947352,95503894
2015-10-15,6.369434356689453,6.369434356689453,5.666986147412418,5.666986147412418,112644661
2015-10-16,7.00723934173584,7.00723934173584,6.567671087115478,6.679717545119731,172148508
2015-10-19,7.229178428649902,7.528688425812344,6.8240860239498975,7.110667238955085,168132867
2015-10-20,7.013705253601074,7.153763522189993,6.789611609585324,7.005086293848769,102294870
2015-10-21,6.313410758972168,7.317523195804368,6.313410758972168,7.162381256354119,109085477
2015-10-22,6.6581711769104,6.78745625523558,6.0462223125054395,6.162578606815798,121881043
2015-10-23,6.5784454345703125,6.701265771978333,6.281090315701028,6.507338850759803,97306930
2015-10-26,6.339267730712891,6.571980298217897,6.145340821277283,6.571980298217897,71412408
2015-10-27,6.763753414154053,6.839169822851765,5.9686515161220095,6.205673923067045,94794601
2015-10-28,6.233684539794922,6.714193309908696,6.1647321906686985,6.57197947821714,65179403
2015-10-29,6.610767364501953,6.85640876717478,6.123794384506836,6.166889185732988,89885265
2015-10-30,6.81977653503418,7.181774167766739,6.270316039766741,6.5030286063931895,88672721
2015-11-02,7.173154830932617,7.476973960751148,6.356505288162894,6.438385733649307,107059656
2015-11-03,6.97061014175415,7.8519016712813015,6.893038817011719,7.196858688159959,122343023
2015-11-04,7.668748378753662,7.668748378753663,6.830550905640661,6.830550905640661,102204893
2015-11-05,7.864830493927002,8.29577984520024,7.668747959114829,7.787259168806124,120320689
2015-11-06,8.272078514099121,8.51125517384193,7.71399826045425,7.757093060796762,100906807
2015-11-09,8.341028213500977,8.616835560639606,8.099696698447717,8.23113598088711,85397534
2015-11-10,8.341028213500977,8.341028213500977,8.341028213500977,8.341028213500977,0
2015-11-11,8.341028213500977,8.341028213500977,8.341028213500977,8.341028213500977,0
2015-11-12,8.341028213500977,8.341028213500977,8.341028213500977,8.341028213500977,0
2015-11-13,8.341028213500977,8.341028213500977,8.341028213500977,8.341028213500977,0
2015-11-16,8.341028213500977,8.341028213500977,8.341028213500977,8.341028213500977,0
2015-11-17,9.17491626739502,9.17491626739502,9.17491626739502,9.17491626739502,1627990
2015-11-18,10.092839241027832,10.092839241027832,9.28911772231287,9.911840418987435,131223439
2015-11-19,11.1012601852417,11.1012601852417,9.590781386787713,9.911839820995626,93684171
2015-11-20,12.210955619812012,12.210955619812012,11.435245941502513,11.644255847241496,38564702
2015-11-23,11.754148483276367,13.432697257696807,11.570994765764421,13.359434389780732,145766695
2015-11-24,11.359829902648926,12.094598300602584,11.073248001679785,11.592541763731225,90011960
2015-11-25,11.420164108276367,11.75414997591024,11.032309574587217,11.159439046494855,68007868
2015-11-26,11.034462928771973,11.58823393223928,10.730643786584382,11.420163210235168,74612381
2015-11-27,11.114189147949219,11.441710963342528,10.77373923958054,10.907334136697516,82033123
2015-11-30,10.741418838500977,11.312427130864194,10.11869610035684,11.204689104919803,72636254
2015-12-01,9.825651168823242,10.65953878471401,9.668354294010664,10.55826549218842,60560747
2015-12-02,10.80821418762207,10.80821418762207,9.696364450673423,9.696364450673423,85222569
2015-12-03,10.773736953735352,11.191758093088318,10.347096857408898,10.989211568528054,72005472
2015-12-04,10.831917762756348,11.415854122157144,10.45052659060322,10.558264611646136,66284897
2015-12-07,10.737110137939453,10.90302529292784,10.428981105232097,10.666003544307884,42923546
2015-12-08,11.176677703857422,11.346902661720247,10.730644677454128,10.857774149919182,72723957
2015-12-09,10.76727294921875,11.105568586922022,10.45914469865429,10.946117526858664,50248961
2015-12-10,10.202731132507324,10.620752367006201,10.129469636329846,10.388039785298764,47520940
2015-12-11,9.47011661529541,10.017422910067863,9.308510621613825,9.9118404932386,63222264
2015-12-14,9.655425071716309,9.836423891521669,9.373152971218769,9.373152971218769,44051851
2015-12-15,9.66188907623291,9.868744770765273,9.47442621094666,9.57138966672152,39196647
2015-12-16,9.823493957519531,10.060516325295152,9.711446819165785,9.711446819165785,37308804
2015-12-17,10.806060791015625,10.806060791015625,10.10576745791619,10.187647911295372,32555507
2015-12-18,11.327509880065918,11.88774359763157,10.989214184791637,11.741220603743198,107313739
2015-12-21,10.398813247680664,11.096950965350874,10.297539966331954,11.096950965350874,74258116
2015-12-22,10.549643516540527,10.984902575392633,10.441906207769877,10.448370252968552,48732348
2015-12-23,10.097147941589355,10.532407060708158,9.911839993409803,10.379420033452776,51342614
2015-12-24,10.42466926574707,10.881475414679041,9.653269427793814,9.939850640612194,55546794
2015-12-25,10.168253898620605,10.342788656130336,10.127314021921388,10.239360472673107,25139923
2015-12-28,9.96570873260498,10.558264748998823,9.857971400616233,10.420360715489164,35796159
2015-12-29,9.74161434173584,9.954934767003445,9.45934294083255,9.954934767003445,36738633
2015-12-30,9.694208145141602,9.965706321784035,9.487352490145781,9.70713692565315,33686960
2015-12-31,9.168452262878418,9.750234429515924,9.049941745668919,9.709294545645403,47131324
2016-01-04,8.252685546875,9.062870541937663,8.252685546875,9.062870541937663,35763181
2016-01-05,7.638580799102783,8.052291478966449,7.427415289658947,7.541616657265697,52483925
2016-01-06,8.02859115600586,8.18804225887391,7.4338808534400505,7.7139980849780745,56644247
2016-01-07,7.224868297576904,7.754936605764087,7.224868297576904,7.754936605764087,12667364
2016-01-08,7.024477005004883,7.5136054605527445,6.5461231100230535,7.328296137474538,48356283
2016-01-11,6.322030067443848,6.93182329810648,6.322030067443848,6.681872803758567,45133075
2016-01-12,6.953371524810791,6.953371524810791,6.141031671111369,6.270316751900676,80902217
2016-01-13,6.334959030151367,7.035251692794139,6.326340071152456,7.024477821431564,62718704
2016-01-14,6.716348648071289,6.8951932507805,5.850140184954243,6.011746179674075,66043508
2016-01-15,6.712039947509766,6.944752539702971,6.447005740011204,6.464243658658423,57045744
2016-01-18,7.261500835418701,7.384321184014145,6.550434242088439,6.5612081143498875,70306084
2016-01-19,7.369236946105957,7.40371277921884,6.966298747846015,7.112821729031449,76883244
2016-01-20,7.171000003814697,7.5157597056896694,7.1128215193103355,7.233487622103274,51806173
2016-01-21,6.455625057220459,7.1322158182276345,6.453470144656151,7.0266333880462275,50176980
2016-01-22,6.733587741851807,6.89519374823062,6.302637701052537,6.582754916866965,44640640
2016-01-25,6.686181545257568,6.852096647026507,6.571979497185242,6.787454812064037,35760295
2016-01-26,6.018210411071777,6.610765675270884,6.018210411071778,6.550432968970925,43465830
2016-01-27,6.153961181640625,6.162579451557522,5.429965748506433,6.016056434764964,52486714
2016-01-28,5.7768778800964355,6.106553869765667,5.63466508038676,6.007436203074615,36279741
2016-01-29,6.354351043701172,6.354351043701172,6.056995928467982,6.2595424965984,26154592
2016-02-01,6.526731014251709,6.869336531834378,6.399600851687049,6.869336531834378,68517704
2016-02-02,6.8090033531188965,7.08912056437635,6.401755975105354,6.42114880602825,55493833
2016-02-03,7.030941009521484,7.188237149211331,6.4642419909846085,6.595681949829887,59276296
2016-02-04,7.293821334838867,7.62996212507808,6.905966789318469,7.041715914773396,56712243
2016-02-05,6.985692501068115,7.433879727461599,6.983537588812448,7.261499865666635,36584385
2016-02-15,6.869335651397705,6.938287314274323,6.507338040384163,6.636622408277822,29091720
2016-02-16,7.326143264770508,7.515761066077894,6.875800382516655,6.955526621739901,49576225
2016-02-17,7.584712505340576,7.584712505340576,7.196858645737721,7.304595291939586,61701336
2016-02-18,7.3455352783203125,7.7570917609235535,7.336916319696108,7.563164846651104,49702541
2016-02-19,7.283045768737793,7.433878555565527,7.194701975194949,7.261498720944972,38712156
2016-02-22,7.425261497497559,7.647200910672118,7.332607856425006,7.584712591860346,42619792
2016-02-23,7.127906322479248,7.451118334343565,6.998621241551213,7.336916950145788,37247894
2016-02-24,7.102046966552734,7.248569929334886,6.897346215313644,7.11066661420401,34163448
2016-02-25,7.102046966552734,7.670900903289979,7.0093933493130764,7.112820835661233,98953992
2016-02-26,6.763753414154053,7.168845865948698,6.466398294524289,7.160226906993737,63249207
2016-02-29,6.087162494659424,6.765908076490363,6.087162494659424,6.765908076490363,43063503
2016-03-01,6.121638298034668,6.184125920444825,5.710081126485613,6.033293799846761,41200373
2016-03-02,6.395290851593018,6.494409211490547,6.035448155255615,6.121637733229274,43962871
2016-03-03,6.334959030151367,6.74651553064697,6.2746256267032425,6.302637416063642,42662844
2016-03-04,6.410374164581299,6.722812953343798,5.843675763294461,6.2918636617604085,52806085
2016-03-07,6.582754135131836,6.712039201063943,6.438386064674736,6.4857906809106005,37894311
2016-03-08,6.513801574707031,6.582753929934092,6.1410307739671,6.582753929934092,36186756
2016-03-09,6.227220058441162,6.462088208911439,6.205673009453832,6.27031553732709,30042831
2016-03-10,5.998818397521973,6.3306493629190514,5.990199438308636,6.2487689051644795,25703737
2016-03-11,5.921246528625488,6.026828941875555,5.843675902851996,5.882461560966589,18182250
2016-03-14,6.233684539794922,6.300481286518179,5.985888308150083,5.9901981320447995,35377930
2016-03-15,6.041911602020264,6.22291038827714,6.011744907492259,6.203517562541679,28541462
2016-03-16,6.041911602020264,6.242302523557027,5.951412208891826,6.22291038827714,24651093
2016-03-17,6.285399436950684,6.410374686447603,6.009592061211524,6.0763888201896705,46710259
2016-03-18,6.662479400634766,6.701265056922155,6.268160863231839,6.289708603492758,68693509
2016-03-21,6.895192623138428,6.923204409194749,6.4685517864208,6.7508238686378474,62722558
2016-03-22,6.8068461418151855,6.959833825103745,6.703418665764669,6.722811490138023,39875865
2016-03-23,6.921048164367676,6.987845600373391,6.716347413442694,6.716347413442694,35380712
2016-03-24,6.647397518157959,6.852098323347579,6.638778558690683,6.852098323347579,42171706
2016-03-25,6.610767364501953,6.774528299617171,6.483637183042925,6.6603262132980685,27073452
2016-03-28,6.442696571350098,6.8456341258857725,6.4211488279276665,6.677564074740399,36704589
2016-03-29,6.2703166007995605,6.559052077481113,6.227221114604454,6.442696474212732,29169440
2016-03-30,6.511647701263428,6.524575793871617,6.330648881103151,6.341422751913778,28608084
2016-03-31,6.649550914764404,6.80900268079968,6.615075081174839,6.75082419377552,47299711
2016-04-01,7.315369129180908,7.315369129180908,6.531041073449928,6.531041073449928,112760820
2016-04-05,7.571784496307373,7.679521834170331,7.315369245538302,7.433880455278709,106983213
2016-04-06,7.472665309906006,7.528688885246825,7.302440362105591,7.4554273929481685,69061977
2016-04-07,7.211941719055176,7.573939394540255,7.207631894129985,7.485594197675809,50748868
2016-04-08,6.966299057006836,7.097739039652543,6.832705542993444,7.089120080991818,43955567
2016-04-11,7.239952087402344,7.283046185453713,7.024476763956045,7.074036288580828,41540536
2016-04-12,7.336915969848633,7.367082668822759,7.002930130788736,7.151608023036461,43723182
2016-04-13,7.369236946105957,7.487748140273253,7.257190488489089,7.315368284253158,63360228
2016-04-14,7.395095348358154,7.429571188591838,7.2464181147364375,7.369238468182892,43311088
2016-04-15,7.315369129180908,7.375702534552665,7.192548096460788,7.375702534552665,32753364
2016-04-18,7.298130512237549,7.882066845905093,7.218404973971108,7.295975600011395,73901352
2016-04-19,7.076192378997803,7.2291794215158856,7.020168799381434,7.114977349885038,38964159
2016-04-20,6.427613258361816,7.151608564956892,6.3694347681722565,7.14729804984013,49777079
2016-04-21,6.507338523864746,6.744360918296822,6.3694344974099035,6.3694344974099035,33117033
2016-04-22,6.679717540740967,6.9576804995176715,6.638777661418633,6.780990818635571,35344821
2016-04-25,6.520266532897949,6.647396686986093,6.4642429581378025,6.511647574508364,21912985
2016-04-26,6.673253536224365,6.703420235698538,6.425457965644901,6.522421419764879,28737317
2016-04-27,6.6667890548706055,6.830549252946304,6.6064563503164,6.615074617654216,27024768
2016-04-28,6.744359970092773,6.80684689259044,6.4750160013117695,6.7809900207258735,26913001
2016-04-29,7.069726467132568,7.110667034071182,6.617229461501572,6.6581700284401855,38725347
2016-05-03,7.132214069366455,7.153761808814287,6.856406732894646,7.071881365550417,33652909
2016-05-04,7.020167827606201,7.276583034725744,7.018012915506387,7.067571751068182,31814791
2016-05-05,7.067572116851807,7.136524474424917,6.972763574565354,7.020168190936426,18229921
2016-05-06,6.584909915924072,7.149454179899273,6.571981131443206,7.069727941436193,34603964
2016-05-09,6.1130194664001465,6.4620890227886845,6.069924672542216,6.4620890227886845,28630754
2016-05-10,6.513801574707031,6.679717381132781,6.113018987539805,6.113018987539805,38919333
2016-05-11,6.261697292327881,6.56767136069143,6.207827937589229,6.507338650022138,22734260
2016-05-12,6.203518390655518,6.244458959441261,6.011745710006172,6.181970650194002,14251839
2016-05-13,6.175506591796875,6.324184481679337,6.097935969111894,6.20567329029109,14051086
2016-05-16,6.2164483070373535,6.222912354172722,6.115175013122877,6.119484147727858,12712432
2016-05-17,6.227220058441162,6.291863276770054,6.143185393615998,6.240148840198067,13551585
2016-05-18,6.059150695800781,6.270316217705793,5.936329672377853,6.240149517303446,15194514
2016-05-19,6.095781326293945,6.270316098115776,6.0613048020106515,6.063460404694497,18522504
2016-05-20,6.125947952270508,6.151804136873804,5.994507974317727,6.072078599494681,11341888
2016-05-23,6.194899082183838,6.2056729518052345,6.097935636502527,6.097935636502527,12466033
2016-05-24,6.093626499176025,6.201364517075598,6.065615401641642,6.201364517075598,9956825
2016-05-25,6.065615177154541,6.1798165466908745,6.0440674362809625,6.162577939718603,9028975
2016-05-26,6.100090980529785,6.141030859443723,5.897544426761083,6.061304632872511,14454824
2016-05-27,6.044067859649658,6.130257448269932,5.988044281818616,6.050531906182247,10357623
2016-05-30,5.992353439331055,6.0419129708222865,5.957877603748839,6.033294011926733,7442430
2016-05-31,6.339267730712891,6.367279518156824,5.994508013432152,5.994508013432152,30514716
2016-06-01,6.354351043701172,6.440541322432145,6.248768625450063,6.341422950687748,22330620
2016-06-02,6.412529468536377,6.412529468536377,6.28109017513691,6.360815716096166,16750372
2016-06-03,6.690491199493408,6.834859954786587,6.382362932093523,6.414683852090601,33005236
2016-06-06,6.5784454345703125,6.722813514538496,6.507338850759803,6.703420684325496,19427069
2016-06-07,6.567669868469238,6.632312389012658,6.54612213146958,6.578443736969067,12586338
2016-06-08,6.841324806213379,7.002931512903861,6.546124566079415,6.56982653322974,38969841
2016-06-13,6.451315402984619,6.7745274051915665,6.451315402984619,6.74436139354393,26179261
2016-06-14,6.263851642608643,6.44700538110894,6.141031306470635,6.431922375746231,25612980
2016-06-15,6.3328022956848145,6.4642422600000895,6.0505309210694325,6.0763877934456465,17721654
2016-06-16,6.2660064697265625,6.4879458652338045,6.222911676093604,6.2983273923373515,16221478
2016-06-17,6.296174049377441,6.4103754410600295,6.255233471869467,6.291864914640494,10431435
2016-06-20,6.386671543121338,6.42114737241783,6.276779319397066,6.291863012555985,11707694
2016-06-21,6.291864395141602,6.548278949720961,6.246614686632802,6.438386701848769,15252068
2016-06-22,6.485790252685547,6.55043278138357,6.246613656004069,6.294017578654395,16937770
2016-06-23,6.526731014251709,6.582754592747277,6.423302816224834,6.503029049713924,19985824
2016-06-24,6.824086666107178,7.002930578302145,6.5288857749145155,6.612921140705389,41454870
2016-06-27,7.00723934173584,7.028787082733731,6.619384836963595,6.634467841388708,31972063
2016-06-28,7.707533836364746,7.707533836364746,6.992157423814795,7.024478349878263,51194021
2016-06-29,7.408022403717041,7.860519427254443,7.371391659408982,7.8389716869124095,45723948
2016-06-30,7.167094707489014,7.466628661405964,7.054227495989409,7.453605173860871,39786151
2016-07-01,7.123682498931885,7.323371289019729,7.08895413465803,7.193139922992776,24885779
2016-07-04,7.175778388977051,7.240894450088677,6.915314840044051,7.010818581811372,27646956
2016-07-05,7.075931072235107,7.188798958368606,6.9977922479595325,7.158411985573606,23267571
2016-07-06,7.306008338928223,7.449263213472183,7.0585676584801895,7.062908356989821,42725460
2016-07-07,7.214845657348633,7.3277135501185855,7.097637066286979,7.31469006421695,27327840
2016-07-08,7.158412456512451,7.1801173391492,7.0759315377476835,7.175775945313888,13467881
2016-07-11,7.1627516746521,7.284301635250029,7.054225197355533,7.141046100987536,26766393
2016-07-12,7.3363938331604,7.362440801010178,7.036861353532723,7.058566232723324,28997774
2016-07-13,7.449264049530029,7.635930103200319,7.266939390369923,7.314691252415041,33274785
2016-07-14,7.3754658699035645,7.501356561007378,7.310349827312173,7.479650981639144,14867408
2016-07-15,7.266938209533691,7.375465404006044,7.25391541914603,7.345077733912724,10960061
2016-07-18,7.3320536613464355,7.3320536613464355,7.088954406590964,7.258255536677001,17919121
2016-07-19,7.3841471672058105,7.418875534043764,7.167093483442133,7.266937885857867,17597768
2016-07-20,7.497014999389648,7.588177317877695,7.340737335278678,7.462286629587211,23334472
2016-07-21,7.423216342926025,7.596858875220469,7.392828673732693,7.497014471314658,14596790
2016-07-22,7.297326564788818,7.444922839795556,7.249575401532911,7.431900048185156,13551636
2016-07-25,7.1887993812561035,7.249574721447717,7.141047526966484,7.223527749643731,12779239
2016-07-26,7.2886433601379395,7.353759394797758,7.1410471076441135,7.188798959129744,8447206
2016-07-27,6.759033679962158,7.314689627514915,6.598414638006451,7.292984746325704,17491815
2016-07-28,6.550662517547607,6.897947557444995,6.294539783235455,6.759033402383401,22271313
2016-07-29,6.759033679962158,6.837173199680347,6.43779490053752,6.6808948557571926,18460498
2016-08-01,6.633144378662109,6.711283219056909,6.54632274937674,6.7026018211930785,8572932
2016-08-02,6.789420127868652,6.902288005174826,6.6114376120285785,6.6114376120285785,9474832
2016-08-03,6.776398181915283,6.876242587519877,6.737329115731404,6.741669813968166,7022492
2016-08-04,6.763375759124756,6.819809012348036,6.663530652582634,6.819809012348036,6284693
2016-08-05,6.68523645401001,6.798104355240077,6.68523645401001,6.798104355240077,6409814
2016-08-08,6.724305629730225,6.75035190568954,6.559345186474643,6.65918959207531,5951314
2016-08-09,6.8719024658203125,6.8719024658203125,6.689577823288058,6.7243061941488085,9360555
2016-08-10,6.828492641448975,6.9891117194719055,6.7807407792888075,6.902290088679476,7755116
2016-08-11,6.702601432800293,6.828492127231444,6.68523655153876,6.828492127231444,4894256
2016-08-12,6.767716407775879,6.793763380472777,6.633143627903927,6.685236182271143,5672793
2016-08-15,6.889266490936279,6.928336255002121,6.7373295241994375,6.7590344077256725,10310800
2016-08-16,6.937018394470215,6.989111650637972,6.867561646931037,6.923995602063306,10541044
2016-08-17,6.919653415679932,7.006474331441255,6.880582960317501,6.98911014828899,8102792
2016-08-18,6.8154683113098145,6.937017605682364,6.793763427928507,6.937017605682364,9244856
2016-08-19,6.867560863494873,6.880583654416171,6.772057846523276,6.819809007252427,6519959
2016-08-22,6.732989311218262,6.893608398642413,6.728647916443512,6.867562116534179,5577353
2016-08-23,6.676554203033447,6.811126985186192,6.641825832866713,6.750352337394407,5935450
2016-08-24,6.689577579498291,6.759034318688564,6.67655409314347,6.685236185542254,5078134
2016-08-25,6.576709747314453,6.706941830087006,6.511593705928177,6.689577645119106,7786672
2016-08-26,6.602756023406982,6.685236249744179,6.585391838442656,6.637484393335634,5636796
2016-08-29,6.611438751220703,6.654849213236367,6.546322014927272,6.6070966617492015,5922107
2016-08-30,6.663529872894287,6.728645906470196,6.611438019752059,6.611438019752059,5846636
2016-08-31,6.667871475219727,6.750351694264183,6.602755439604287,6.715623327406146,5420148
2016-09-01,6.620118618011475,6.706940217489134,6.602754437218568,6.66787046294853,4909217
2016-09-02,6.620118618011475,6.641824191759172,6.598413739776906,6.598413739776906,3875753
2016-09-05,6.589732646942139,6.646166590818686,6.5636863718098635,6.624461013785172,4644716
2016-09-06,6.659191131591797,6.6635318308319,6.51159483818679,6.615780661623683,6671170
2016-09-07,6.602756023406982,6.676554157262016,6.5984153249225495,6.65918997229769,4925329
2016-09-08,6.585391998291016,6.6418259485515545,6.533299442133586,6.602756183676825,4951161
2016-09-09,6.555004596710205,6.641825518011298,6.546321809066827,6.607096453977592,4840172
2016-09-12,6.3292694091796875,6.4638428931997005,6.3292694091796875,6.450819406015612,10084819
2016-09-13,6.350974082946777,6.403066633222158,6.294540139058498,6.329268505908751,7954626
2016-09-14,6.35965633392334,6.372679819574948,6.2250835612519015,6.307563782343413,5361232
2016-09-19,6.350974082946777,6.489888245861028,6.33795129313455,6.3596561746593405,5551622
2016-09-20,6.33795166015625,6.416090490094229,6.264152833056024,6.355315149073637,5187737
2016-09-21,6.33795166015625,6.381362121232906,6.320586780212313,6.381362121232906,4839513
2016-09-22,6.316246032714844,6.407408348023127,6.298881152906022,6.398726255875351,6818281
2016-09-23,6.277177333831787,6.3379526846766225,6.277177333831787,6.316247102872983,3819214
2016-09-26,6.142602920532227,6.294539866684162,6.1426029205322275,6.294539866684162,6206484
2016-09-27,6.233765602111816,6.2771760614061165,6.125239106119444,6.146943988009971,6145315
2016-09-28,6.19035530090332,6.281517615506025,6.164308329148321,6.2381064595898685,3743673
2016-09-29,6.172990798950195,6.24678962942071,6.164308706338366,6.194696378236424,3936691
2016-09-30,6.19035530090332,6.194695999186977,6.164308329148321,6.177331815025821,3647747
2016-10-10,6.355315208435059,6.394384971525615,6.172990574696842,6.225083823988676,8668880
2016-10-11,6.455160617828369,6.472525500625192,6.32926991226678,6.368339681411201,7811926
2016-10-12,6.919653415679932,7.075931064050313,6.381361651420059,6.403066532603778,29725780
2016-10-13,7.023838520050049,7.2495742922313005,6.7763978666682165,6.83717320326158,38159941
2016-10-14,6.910971641540527,7.0238395440866634,6.806786527356395,6.95004140711624,14313596
2016-10-17,6.772058010101318,6.945700558848189,6.728646851279618,6.910971492688166,13613189
2016-10-18,6.8067851066589355,6.858877652878358,6.689576529908644,6.750351167164637,16835437
2016-10-19,6.693918704986572,6.837174281975585,6.6331440543179,6.811127307604249,13313129
2016-10-20,6.754693508148193,6.815468855702254,6.641826297215444,6.685236762958809,12692547
2016-10-21,6.598415374755859,6.776398619741034,6.54632212395616,6.728646762971852,11685271
2016-10-24,6.672213554382324,6.746011689294796,6.524617284557381,6.598415419469853,9883534
2016-10-25,6.698258876800537,6.772057704362968,6.6331435325343735,6.6722132955046956,7174364
2016-10-26,6.9587225914001465,6.989110260159619,6.689577052718765,6.741669603009375,23944616
2016-10-27,6.989110469818115,7.062907903853627,6.88926606434271,6.919653734013749,15369295
2016-10-28,6.997793674468994,7.101979490254735,6.928336927620745,6.989111581112963,14134375
2016-10-31,6.785081386566162,6.99779371839417,6.750353012924047,6.99779371839417,22748542
2016-11-01,7.197482109069824,7.249575361765661,6.763376074855591,6.772058167719343,29302845
2016-11-02,7.431900501251221,7.505697947740124,7.115002351883785,7.115002351883785,41457081
2016-11-03,7.505696773529053,7.76181953322999,7.345077722247869,7.423216550989543,36891293
2016-11-04,7.44492244720459,7.701044522340861,7.41453477586053,7.510038488362837,25089956
2016-11-07,7.401510238647461,7.609880408370366,7.327712122447368,7.453602781078188,22293178
2016-11-08,7.479650974273682,7.549107715362338,7.249575171660854,7.423217024382494,28421665
2016-11-09,7.714067459106445,7.848640230303985,7.29298496184403,7.449262614872192,34782871
2016-11-10,8.00492000579834,8.009261400246306,7.661976273917031,7.7227509275949755,33104937
2016-11-11,8.057011604309082,8.21328925304948,7.857322802072015,7.922438836803793,29980577
2016-11-14,8.378251075744629,8.582280592858927,7.948485767463375,8.052670875220478,52566709
2016-11-15,8.417320251464844,8.465072107556566,8.2046086393065,8.378251183310974,35518346
2016-11-16,8.330499649047852,8.40429778526426,8.208949654894944,8.36956871871106,31942543
2016-11-17,8.130810737609863,8.37825142202999,7.987555165252962,8.213290270236595,24068120
2016-11-18,7.8008904457092285,8.135152083443451,7.7748441656211105,8.13081138451878,28799636
2016-11-21,7.978874206542969,8.191585836450798,7.7705025799396275,7.844300719463029,33502163
2016-11-22,7.987553596496582,8.109103565544562,7.883367809382145,7.987553596496581,30239910
2016-11-23,7.822594165802002,8.087399017178967,7.813912073732918,8.022283674417467,17882988
2016-11-24,7.7574782371521,7.909415893778077,7.744455446621073,7.879028223350227,13947776
2016-11-25,7.609882354736328,7.809571876154603,7.549107706356257,7.761820018956465,17918675
2016-11-28,7.596858024597168,7.705385203703451,7.583835236053368,7.601199417787212,10575494
2016-11-29,7.5013556480407715,7.6793388733505905,7.4362396133744495,7.614223534197493,14665252
2016-11-30,7.353759765625,7.553448577711077,7.3233720957812025,7.505696723817469,14976813
2016-12-01,7.640270233154297,7.666316511735347,7.2799623361797865,7.379806751830474,23934123
2016-12-02,7.5534491539001465,8.004919364660594,7.531743574425518,7.640270080772035,31922152
2016-12-05,6.980428695678711,7.401511914448781,6.928336141453533,7.384147729707055,26619803
2016-12-06,6.785081386566162,7.023839998625756,6.646167891997704,6.989111624983641,30760519
2016-12-07,6.8719024658203125,6.902289442566812,6.672213637857682,6.746011773693435,19008013
2016-12-08,6.724305629730225,6.897948164972245,6.706941445757349,6.8284914290807395,12183385
2016-12-09,6.633144378662109,6.75469368594291,6.559346237199224,6.746012288079078,13607712
2016-12-12,6.220742225646973,6.637484033206268,6.159967581569276,6.633143334957347,22436074
2016-12-13,6.294541358947754,6.350975313772999,6.13826298232145,6.233766705181613,14185723
2016-12-14,6.172990798950195,6.333609860025702,6.159968007789105,6.311904976252781,9366294
2016-12-15,6.2988810539245605,6.372679879290876,6.168649673754394,6.168649673754394,11633149
2016-12-16,6.698258876800537,6.897948390030362,6.3422923982292625,6.346633096607476,26106270
2016-12-19,6.511593818664551,6.685236366863159,6.429114286395687,6.685236366863159,14088558
2016-12-20,6.576709747314453,6.628802302218156,6.468183243508426,6.533299284894701,11973897
2016-12-21,6.550662517547607,6.624460640689292,6.5115927592930225,6.555003910915093,9546742
2016-12-22,6.511593818664551,6.594074046446722,6.390043826271532,6.54632218920161,9938171
2016-12-23,6.602756023406982,6.7894213595301345,6.4855474271411335,6.555004862511734,22572698
2016-12-26,6.181672096252441,6.576708998050077,6.034076540840395,6.546321330061577,31429098
2016-12-27,6.081827640533447,6.18167203956496,5.951596269305309,6.077486942582449,23555988
2016-12-28,6.01237154006958,6.055782001700539,5.838728998032459,5.995007355417196,19440912
2016-12-29,6.025393486022949,6.203377397025899,5.903844210497858,5.929890483824663,16732163
2016-12-30,6.194695472717285,6.242446627345598,5.986324584978996,5.999347374236461,15776678
2017-01-03,6.151285171508789,6.225084001401572,6.016713084835573,6.146944472993509,20031829
2017-01-04,6.39004373550415,6.437795592070971,6.038417945541124,6.177332121229466,26742270
2017-01-05,6.294541358947754,6.363998106109058,6.277177172157428,6.350975313772999,9476071
2017-01-06,6.2988810539245605,6.424771735845684,6.194695949788427,6.303222447686862,9629550
2017-01-09,6.238106727600098,6.411749272185201,6.229424635146507,6.3119048612122635,10016850
2017-01-10,6.029736518859863,6.277177226015084,5.9819846570200745,6.264153738053914,21551922
2017-01-11,6.034076690673828,6.116556214166135,5.981983444898114,5.981983444898114,18224223
2017-01-12,5.999348163604736,6.073146297484429,5.843069803360287,6.029735835059109,13531716
2017-01-13,6.003689289093018,6.003689289093018,5.8647751200315374,6.003689289093018,11691138
2017-01-16,5.973301887512207,5.9819832834751185,5.417645598743758,5.960278402541407,17185964
2017-01-17,5.92555046081543,5.947255343302879,5.721520601007796,5.843069542618021,12078042
2017-01-18,5.890821933746338,5.912527513725097,5.808341703545714,5.912527513725097,8634754
2017-01-19,5.890821933746338,5.890821933746338,5.695474148234157,5.851752863503232,8523935
2017-01-20,5.899503707885742,5.947255563950987,5.821364528351387,5.830046968527778,9496485
2017-01-23,5.895163536071777,5.990666561220657,5.8343888837043085,5.9038456292671295,11214230
2017-01-24,5.895163536071777,5.895163536071777,5.808341908604897,5.886481442876424,10154395
2017-01-25,5.890821933746338,5.895163327947421,5.817024144191216,5.86043495639207,10123548
2017-01-26,5.882140159606934,5.8995036487591115,5.834388304020272,5.869116673351195,7065908
2017-02-03,5.895163536071777,5.9038456292671295,5.847411675740661,5.882140744035425,5124372
2017-02-06,5.895163536071777,5.908186328108129,5.851753070095014,5.890822141717424,12655512
2017-02-07,5.895163536071777,5.9038456292671295,5.812683650715927,5.877798654167718,17755405
2017-02-08,5.882140159606934,5.895162950349388,5.834388304020272,5.856093187095457,7379821
2017-02-09,5.882140159606934,5.886480858016657,5.851752488685734,5.869116673351195,13518513
2017-02-10,5.8734564781188965,5.890820660142412,5.825704977554232,5.882139264643833,15856211
2017-02-13,5.8604350090026855,5.864775707729407,5.808341755688675,5.856093614762628,13807962
2017-02-14,5.8604350090026855,5.864775707729407,5.8126834976854,5.847411521795849,19173804
2017-02-15,5.461056709289551,5.730202272753667,5.45671531527563,5.730202272753667,87068155
2017-02-16,5.200592994689941,5.448034027334329,5.191910902001599,5.448034027334329,82435825
2017-02-17,5.252685546875,5.348189261888354,5.191910898102247,5.196252292199814,48109565
2017-02-20,5.21795654296875,5.278731883930404,5.126794227039544,5.274390490070311,42108292
2017-02-21,5.200592994689941,5.235321713199968,5.165864623936572,5.1832284615566,43948096
2017-02-22,5.191910743713379,5.226639113407969,5.170205164897614,5.200592836137026,36054592
2017-02-23,5.135477066040039,5.1962524117240605,5.126794625401848,5.1962524117240605,39683253
2017-02-24,5.09206485748291,5.118111824497983,4.996561861975817,5.113770083734522,64160362
2017-02-27,5.148499488830566,5.1745464593634445,5.083384149038068,5.1007479846278825,99318747
2017-02-28,5.361210823059082,5.404621621448665,5.170203797004097,5.170203797004097,203420873
2017-03-01,5.361210823059082,5.404621621448665,5.296094451596432,5.378575351068847,116577893
2017-03-02,5.235321521759033,5.378576741391559,5.226639081631526,5.3438476763948195,83084134
2017-03-03,5.213615894317627,5.252685309621134,5.135476715953972,5.2483442634763,49325577
2017-03-06,5.2570271492004395,5.278732381764726,5.183228662968525,5.239662615392341,48696090
2017-03-07,5.213615894317627,5.257026703522609,5.187569617448623,5.2483442634763,43239633
2017-03-08,5.148499488830566,5.2266386616461205,5.135476351320744,5.213615524136298,50071528
2017-03-09,5.105090141296387,5.196252465248108,5.092066306326615,5.161523397850942,47837171
2017-03-10,5.079042434692383,5.122453241045881,5.048655461431184,5.100748011747441,40814390
2017-03-13,5.048655986785889,5.0920661021433355,4.992222384737557,5.0920661021433355,46636018
2017-03-14,5.122453212738037,5.1528408813445425,5.039973341859767,5.048655433531164,85307920
2017-03-15,5.061679363250732,5.1398185482796235,5.026950991129745,5.12245401446246,50397498
2017-03-16,5.05299711227417,5.08772548330962,5.013927694859289,5.0747023441713255,97138718
2017-03-17,5.09206485748291,5.196250986760354,5.026949526484643,5.052995797986577,255099304
2017-03-20,4.96183443069458,5.122453482841367,4.9488112925007846,5.109430344647571,137669399
2017-03-21,4.831602573394775,4.94012872214351,4.79687351028193,4.94012872214351,96299231
2017-03-22,4.84028434753418,4.88369515817823,4.7404406306498155,4.796873884646781,61080652
2017-03-23,4.757803916931152,4.848966226191617,4.731757642215766,4.84028378686321,59952271
2017-03-24,4.948812007904053,4.970517241364768,4.744781770103275,4.775169444704962,104754664
2017-03-27,5.148499488830566,5.317800971971497,4.888035695364259,4.940128593160167,205917174
2017-03-28,5.152841567993164,5.230980751204891,5.0182684336405625,5.139818428750654,115425539
2017-03-29,5.061679363250732,5.204933898249804,5.057337968978938,5.1398185482796235,55613975
2017-03-30,5.131136417388916,5.196252462391974,4.996563280899709,5.039974093487303,86239964
2017-03-31,5.283073425292969,5.361212610236928,5.148500287957076,5.244004006699325,113133291
2017-04-05,5.2570271492004395,5.317801800380442,5.1528416851351935,5.296096220059486,84412174
2017-04-06,5.213615894317627,5.252685309621134,5.170205085112645,5.2483442634763,51685349
2017-04-07,5.278731346130371,5.361211561449537,5.157181372103916,5.187569039488831,89012530
2017-04-10,5.174546718597412,5.322142632192935,5.165864278732609,5.3134605400847645,54406818
2017-04-11,5.126794815063477,5.230980976766083,4.9965634170227595,5.165864929989047,61516934
2017-04-12,5.100748062133789,5.183227934282617,5.06167864901066,5.092065622572028,40533039
2017-04-13,5.105090141296387,5.1702054908219,5.0790431668701785,5.1094308400251975,35013241
2017-04-14,5.096407413482666,5.157182060855867,5.018268233389044,5.135476829651152,33376986
2017-04-17,4.948812007904053,5.100748989885744,4.762145609115163,5.100748989885744,157369868
2017-04-18,5.044314861297607,5.165864860002213,4.8836954437100975,4.905401024179495,77382229
2017-04-19,5.174546718597412,5.1919105550571185,4.996562787110027,5.035631853840159,80968624
2017-04-20,5.413304805755615,5.426327943577864,5.1745465835011375,5.1745465835011375,145154691
2017-04-21,5.448033809661865,5.508808456052053,5.3178013812701055,5.382917421587663,86030824
2017-04-24,5.495785236358643,5.712838237202107,5.222298288372692,5.339506533250994,134741854
2017-04-25,5.495785236358643,5.634699059526602,5.374235249860462,5.456715125885934,78572595
2017-04-26,5.604310989379883,5.6260162183651,5.448033340686318,5.500125542494226,67227207
2017-04-27,5.565240383148193,5.6129918766702795,5.374233713546771,5.591286652342059,72974811
2017-04-28,5.48710298538208,5.5956298372984605,5.378576828979,5.582606003016791,81428928
2017-05-02,5.686792373657227,5.704156211588332,5.37857703442935,5.478420754377355,71321308
2017-05-03,5.560901641845703,5.708497219187967,5.543537108519365,5.643381523301674,56410746
2017-05-04,5.404623031616211,5.578265227211383,5.391599893028321,5.565242088623493,63151119
2017-05-05,5.391599655151367,5.526172081288902,5.343847453589306,5.382917215385865,53238082
2017-05-08,5.556560516357422,5.617335168789762,5.365553422585751,5.400281795404231,84707790
2017-05-09,5.647722244262695,5.665086776588461,5.439351333919925,5.552218881375873,58415070
2017-05-10,5.469738960266113,5.682450567267612,5.413305013117982,5.647722198411309,75297647
2017-05-11,5.5218305587768555,5.54353613468258,5.382916750865854,5.400280585628554,54797846
2017-05-12,5.526172161102295,5.621675870092499,5.474079608296694,5.5218311150351616,45968643
2017-05-15,5.612993240356445,5.643380909555228,5.539195807467821,5.56524173523305,56639761
2017-05-16,5.591288089752197,5.634698897325242,5.439351132638109,5.62601645760533,71404116
2017-05-17,5.7302021980285645,5.756249170745824,5.560901396202765,5.569582793090798,158581594
2017-05-18,5.699814796447754,5.738884209334149,5.621675622918345,5.669427127557272,75114330
2017-05-19,5.660745143890381,5.769272342806249,5.647722352969517,5.708497000131236,50582007
2017-05-22,5.482761859893799,5.630358116620725,5.439351052956682,5.621675677028004,75581009
2017-05-23,5.461056709289551,5.578265305992524,5.430669037732002,5.439351478003195,54969542
2017-05-24,5.478420734405518,5.534854685441695,5.283073298373608,5.461056896537713,60493235
2017-05-25,5.5088090896606445,5.543537463020832,5.430669554086858,5.469739669630434,42704338
2017-05-26,5.456715106964111,5.53485428436866,5.400281160017316,5.508808355575993,31033979
2017-05-31,5.591288089752197,5.860434331640494,5.582605650032286,5.652063429008436,155026675
2017-06-01,5.864775657653809,5.981984259461225,5.560901710897788,5.573924850236761,169718856
2017-06-02,5.934232234954834,5.951597115768175,5.751907593791199,5.877798284973078,104811897
2017-06-05,5.895163536071777,5.973303070343305,5.838729582545308,5.947256095243893,77946677
2017-06-06,5.934232234954834,5.955937814336528,5.834388517236311,5.890821771704757,39757304
2017-06-07,6.251131057739258,6.27283594404605,5.9038459216967,5.9038459216967,130360776
2017-06-08,6.285858631134033,6.485547454581978,6.129580270280577,6.216401890982853,89881335
2017-06-09,6.507252216339111,6.55066267348134,6.28151714368631,6.28151714368631,95273673
2017-06-12,6.442136287689209,6.594073237915783,6.4117486194386055,6.472523955939813,66485264
2017-06-13,6.498570919036865,6.550663473973256,6.363997442181241,6.442136970099126,54605465
2017-06-14,6.324929714202881,6.502912995712898,6.316247619873452,6.468184618395182,57305676
2017-06-15,6.21205997467041,6.394384597751106,6.1816723056525475,6.298880892559674,58587342
2017-06-16,6.285858631134033,6.311904908690726,6.133921664296676,6.212060496966754,52638324
2017-06-19,6.285858631134033,6.285858631134033,6.285858631134033,6.285858631134033,0
2017-06-20,5.760589599609375,5.843069473562103,5.691132863649184,5.691132863649184,74171526
2017-06-21,5.782295227050781,5.895162771712787,5.604311296353182,5.76493034739823,69958151
2017-06-22,5.812682628631592,5.990665507840356,5.738884153934238,5.751906943680703,65501100
2017-06-23,5.838728904724121,5.838728904724121,5.695473688118024,5.7953180960302655,47759295
2017-06-26,5.782295227050781,5.869116495503855,5.669427334632145,5.838728825503468,70205452
2017-06-27,5.960278511047363,6.034076637694543,5.764930058251762,5.817023303570096,63385729
2017-06-28,5.916868209838867,6.008030522172765,5.873457055003108,5.934231698054624,35728707
2017-06-29,5.877798080444336,5.981983884132496,5.851752498913903,5.934232028462369,34938135
2017-06-30,5.973301887512207,5.999347466427375,5.8170231976720785,5.838728426362398,31993222
2017-07-03,5.973301887512207,6.025393740855759,5.912526551666095,5.999347466427375,33548445
2017-07-04,5.817023754119873,5.973302458909389,5.790977477199941,5.960278972692781,37266984
2017-07-05,5.895163536071777,5.934232607694187,5.773613535823486,5.847411675740661,35521318
2017-07-06,5.795807361602783,5.952450571249301,5.783275718396293,5.9273880018931235,45321072
2017-07-07,5.657960891723633,5.864730295722321,5.538911189066751,5.814604086260036,69894085
2017-07-10,5.651694297790527,5.720617788117525,5.545177317148104,5.639163373370954,43705676
2017-07-11,5.595303535461426,5.67675867786266,5.426128683954981,5.639164107070829,54253896
2017-07-12,5.5890374183654785,5.6391636280056705,5.501316999655604,5.595303060122364,29634100
2017-07-13,5.551443576812744,5.614100715586371,5.513849006725855,5.601569431243003,24139760
2017-07-14,5.545178413391113,5.57024098424166,5.4762549094384205,5.563975700057446,16056810
2017-07-17,5.388534069061279,5.5326463502315635,5.206828292992038,5.526380707993671,54131356
2017-07-18,5.369737148284912,5.451192295548174,5.2318912170531515,5.451192295548174,28129984
2017-07-19,5.501316547393799,5.545177111671339,5.300813517958175,5.3258760829253315,28848338
2017-07-20,5.463721752166748,5.501316315086633,5.3634704209464745,5.495050674109427,34996875
2017-07-21,5.463721752166748,5.532645237029313,5.401064625338036,5.426127547775186,32033295
2017-07-24,5.401064872741699,5.501316567082472,5.382267590420719,5.476253643497278,23631957
2017-07-25,5.444925308227539,5.476254234989132,5.376002888348522,5.388533813702077,24297556
2017-07-26,5.457457065582275,5.507582915929492,5.401065215045386,5.476253990566209,19789124
2017-07-27,5.670492172241211,5.689289457152233,5.388533974161036,5.451191829550038,69391828
2017-07-28,5.651694297790527,5.877260976136706,5.576505524517918,5.7018205051672854,49849117
2017-07-31,5.563974857330322,5.689289126716477,5.476254079997604,5.689289126716477,31021087
2017-08-01,5.476253509521484,5.59530248327072,5.407330381716314,5.570239560298688,36361798
2017-08-02,5.4699883460998535,5.50131655233695,5.4261277817829034,5.50131655233695,31451625
2017-08-03,5.388534069061279,5.469989210795853,5.325876929625569,5.469989210795853,46044744
2017-08-04,5.3509392738342285,5.4010654852172175,5.332142347910035,5.376002917318293,19922973
2017-08-07,5.4261274337768555,5.444924356313567,5.325875746134461,5.350938309516744,30247791
2017-08-08,5.451192378997803,5.501317879598901,5.376003590303518,5.444926019181868,27952923
2017-08-09,5.576505661010742,5.64542915302474,5.426128110784822,5.457457035978159,55340937
2017-08-10,5.557708263397217,5.601568829472288,5.495051131354781,5.589037187946788,28654968
2017-08-11,5.626631736755371,5.914855188618518,5.3885334167272285,5.513848397484852,64240239
2017-08-14,5.745681285858154,5.833402073362105,5.520114929457576,5.607835358433117,62637466
2017-08-15,5.770745277404785,5.8208704203312625,5.676759200303915,5.764478917482113,34153184
2017-08-16,5.833401203155518,5.9211216190452305,5.639163446709744,5.720617862515652,51528714
2017-08-17,5.802072525024414,5.914855511931432,5.758212315214631,5.783275241030454,47719947
2017-08-18,5.701821804046631,5.808339526010576,5.689290159715635,5.701821804046631,31764996
2017-08-21,5.708086967468262,5.739415896399902,5.607835255355181,5.670492396161655,43017279
2017-08-22,5.758212566375732,5.789541493908292,5.664226500834829,5.689289427743844,40207353
2017-08-23,5.670492172241211,5.764478238267936,5.65796124651451,5.745680953356913,20648733
2017-08-24,5.4699883460998535,5.683023016738815,5.43865942280608,5.664225734468219,60003561
2017-08-25,5.526381015777588,5.563975588355507,5.376003442522742,5.457457871737013,25515525
2017-08-28,5.689289093017578,5.764477869320932,5.488786048070334,5.5138486149764185,67584216
2017-08-29,5.708086967468262,5.789541752456442,5.645429826661788,5.683024039439991,39854840
2017-08-30,5.870995998382568,5.939919496501411,5.708086791944083,5.708086791944083,117623390
2017-08-31,5.870995998382568,5.908590568533138,5.83340178676039,5.870995998382568,40037910
2017-09-01,5.952450752258301,5.983779681963012,5.808339181435962,5.870996323788559,45221632
2017-09-04,5.90232515335083,5.983779580438566,5.858464580802718,5.927388081572318,38207415
2017-09-05,5.827136039733887,5.952450315238703,5.820869680607552,5.908590462223372,46980513
2017-09-06,6.18428373336792,6.259472159626783,5.814604734808264,5.8271363782036785,82802155
2017-09-07,6.134157180786133,6.347191892481836,6.090297683601453,6.184283754539397,91954711
2017-09-08,6.265738010406494,6.328395153881803,6.077765862923731,6.127891721115345,69904662
2017-09-11,6.2970662117004395,6.5351634727549435,6.259471643144608,6.303331853616952,83428308
2017-09-12,6.159219264984131,6.359723393018053,6.1216254132184815,6.340926467135228,52753848
2017-09-13,6.096561431884766,6.178016202185637,6.046435584866539,6.159218561393379,36540666
2017-09-14,6.090297222137451,6.140422357979085,6.0464362941625,6.090297222137451,31454997
2017-09-15,6.052703380584717,6.140423095906077,5.852199227838735,6.065233948994228,114566235
2017-09-18,6.18428373336792,6.253205800136466,5.9837795902117215,6.027639804303064,42804686
2017-09-19,6.203080177307129,6.297066240599661,6.096562113067304,6.165485608578765,49144736
2017-09-20,6.290800094604492,6.315863380290965,6.134156889498576,6.190548385972163,42045325
2017-09-21,6.221877574920654,6.503835786177907,6.196814288182386,6.29080035860147,50036324
2017-09-22,6.2594709396362305,6.303331145179081,6.134155964219991,6.190547452187463,21379584
2017-09-25,6.284534931182861,6.359724076913167,6.140422999413804,6.234409073048269,29086760
2017-09-26,6.265738010406494,6.322129511239956,6.190548864590654,6.253206008065963,25480460
2017-09-27,6.24067497253418,6.284534467742889,6.215611686786706,6.2532055398227415,27190232
2017-09-28,6.215611934661865,6.2657377910990215,6.134157149055182,6.246940863831392,35313423
2017-09-29,6.2970662117004395,6.347191347032543,6.1905481479494595,6.1905481479494595,46174887
2017-10-09,6.485038757324219,6.616619397260998,6.3409268327430235,6.347191758008432,56491224
2017-10-10,6.579024314880371,6.704338585697405,6.459974968841769,6.459974968841769,47508394
2017-10-11,6.785793304443359,6.942436500125879,6.5476953315009645,6.579024257460164,74645894
2017-10-12,6.798325061798096,6.911108055820585,6.754464849221175,6.842185991431806,56871280
2017-10-13,6.792060375213623,6.8672495265121425,6.72940322716945,6.829654950862882,42151993
2017-10-16,6.986297130584717,7.0552206284363885,6.804591356832085,6.804591356832085,93144049
2017-10-17,6.829652786254883,7.155471143521262,6.8171207869724615,7.017624887867922,58418046
2017-10-18,6.892309665679932,6.961233149547315,6.704337570851267,6.848449462416134,38877126
2017-10-19,7.074017524719238,7.130409020957436,6.835919538447132,6.860982824028985,61227099
2017-10-20,7.268256664276123,7.268256664276123,6.973767126449265,7.061487566877885,44478794
2017-10-23,7.569010257720947,7.594074259810098,7.274521498723534,7.287052065654583,59239758
2017-10-24,7.381039619445801,7.581543789003839,7.312117543601786,7.569011785429838,51504762
2017-10-25,7.612872123718262,7.612872123718262,7.280788037730226,7.41863361269264,44311953
2017-10-26,7.6755290031433105,7.694325930791181,7.462494288240134,7.5878085733395935,42338031
2017-10-27,7.59407377243042,7.67552783018033,7.468758789424588,7.644198905164692,33521046
2017-10-30,7.612872123718262,7.750718415737527,7.462494546167296,7.59407519542071,48772184
2017-10-31,7.456226348876953,7.6880593764229905,7.26825424399675,7.644198453757157,55989751
2017-11-01,7.443696975708008,7.713123919691539,7.312117042187547,7.468760264080436,51768249
2017-11-02,7.412367820739746,7.656732186030757,7.362241962564962,7.393570892820516,48623637
2017-11-03,7.456226348876953,7.637932812535373,7.399834860824227,7.399834860824227,46256824
2017-11-06,7.807107448577881,7.9574849785698065,7.274520094293576,7.37477178095486,92489710
2017-11-07,7.807107448577881,7.894827853670661,7.600337717414437,7.83217001171489,55555612
2017-11-08,7.656731605529785,7.888563233851143,7.606605034098549,7.800843526488436,52173949
2017-11-09,7.543948173522949,7.731920313621451,7.418633174438344,7.675528815003262,58029807
2017-11-10,7.619136333465576,7.719388032977397,7.468758784197845,7.5314159171285535,77769238
2017-11-13,7.706857681274414,7.769514821778037,7.562745756176322,7.637934181369308,75848671
2017-11-14,7.756981372833252,7.8760314233985795,7.637932756381262,7.738184449306096,83460788
2017-11-15,7.59407377243042,7.769513888170525,7.34970944801054,7.756981887930239,59712609
2017-11-16,7.587808609008789,7.719389254332906,7.368508250525424,7.537682751322006,52492966
2017-11-17,7.913626670837402,8.214382519889917,7.57527696807802,7.612871538841683,108829437
2017-11-20,8.195585250854492,8.258242393622073,7.976284175582719,8.183053965712341,75281743
2017-11-21,8.571527481079102,8.627919684776412,8.082800307451226,8.195583280732533,89878530
2017-11-22,8.47754192352295,8.609122544700186,8.38355586797588,8.552731054783283,62406320
2017-11-23,7.863499641418457,8.446212891552493,7.857234000069492,8.402353402109737,78841713
2017-11-24,7.963752269744873,8.18931897000703,7.850968561085408,7.8822974885558335,57821834
2017-11-27,7.443696975708008,8.082802583051068,7.381039113305365,8.06400565456439,68652211
2017-11-28,7.662995338439941,7.756981390401925,7.468758310382735,7.475023234515974,55323423
2017-11-29,7.612872123718262,7.813375560452883,7.50635404552825,7.694326196731169,37876902
2017-11-30,7.518884658813477,7.800842833518981,7.236926484107971,7.5878074335594645,40502089
2017-12-01,8.107863426208496,8.201849482722855,7.60660421911301,7.637933143636698,96048765
2017-12-04,7.9324235916137695,8.145458278092583,7.8822970237939805,8.089066785616234,70810035
2017-12-05,7.9324235916137695,8.176787203715767,7.8133742478910495,7.8384375318009445,62671789
2017-12-06,8.107863426208496,8.15798999226908,7.8321708981588145,7.951220237703465,62294713
2017-12-07,7.957485198974609,8.101597092173865,7.882296073367761,8.02014232560922,60147056
2017-12-08,8.145458221435547,8.226912280198492,7.813374193543878,7.89482896936355,91754031
2017-12-11,8.421150207519531,8.67804508449142,8.132925690130811,8.132925690130811,114140067
2017-12-12,8.345963478088379,8.609124049380679,8.320899473878715,8.421151905433254,63590412
2017-12-13,8.483808517456055,8.496340518777583,8.13292682158882,8.32716531297634,70140963
2017-12-14,8.59659194946289,8.828423569103059,8.364759612765967,8.458745675830754,95924826
2017-12-15,8.627922058105469,8.715641774200101,8.383557687016248,8.565264196107634,128251767
2017-12-18,8.345963478088379,8.590327121808667,8.164256259608136,8.496341049834953,62034424
2017-12-19,8.483808517456055,8.546465655836585,8.220647962612407,8.37729116709212,45645376
2017-12-20,8.527669906616211,8.602858339640655,8.421152541548405,8.571530124654169,45752529
2017-12-21,8.7720308303833,8.803359752646546,8.44621247683817,8.44621247683817,82922228
2017-12-22,8.66551399230957,8.797094612844393,8.552731013026406,8.778297688649431,37506751
2017-12-25,8.55273151397705,8.828423336934465,8.446213452796536,8.765766202224608,37688125
2017-12-26,8.55899715423584,8.627920647755614,8.30836789838379,8.577794079528468,57103952
2017-12-27,8.427416801452637,8.546465432976982,8.377290948643951,8.53393486609576,37600270
2017-12-28,8.79709529876709,8.878550077409802,8.364759555062832,8.46501125936613,89092357
2017-12-29,8.822158813476562,8.991334030811789,8.715641455850516,8.797096243238354,52885891
2018-01-02,8.822158813476562,9.091585745878282,8.75950167082421,8.840956458212048,66095571
2018-01-03,8.640453338623047,8.953740523257405,8.602858761737819,8.866020082877508,87330367
2018-01-04,8.55899715423584,8.684312140690233,8.465011093659228,8.678045781869288,87515830
2018-01-05,8.640453338623047,8.834691866353912,8.471278818224887,8.552733615300063,68789467
2018-01-08,8.465011596679688,8.75950107943753,8.333430960642104,8.558997662841278,83738335
2018-01-09,8.421150207519531,8.47127605466177,8.220646818950577,8.47127605466177,74848346
2018-01-10,8.502606391906738,8.584060458897318,8.371025752381774,8.433682892464558,62448105
2018-01-11,8.345963478088379,8.690578836306383,8.245711046533838,8.577795119703834,64071259
2018-01-12,8.490074157714844,8.552732013138325,8.33969659540069,8.47754287345286,42349477
2018-01-15,8.571527481079102,8.615387685589978,8.264506049502964,8.552730557884436,68007387
2018-01-16,8.615389823913574,8.690578969467355,8.320899601375293,8.439949679382808,61108356
2018-01-17,8.590325355529785,8.721905972649719,8.408618891467498,8.640450485415462,56923416
2018-01-18,8.458746910095215,8.652984706497227,8.408621050283626,8.49634148421812,62616865
2018-01-19,8.270772933959961,8.458745046095414,8.164254877908288,8.427416121720604,68406831
2018-01-22,8.784564971923828,8.960005115037475,8.220648535996007,8.352228464067036,112197976
2018-01-23,9.392339706420898,9.411137348785434,8.77203184952595,8.872284269004423,134617321
2018-01-24,9.429933547973633,9.44873047183404,9.179304311218136,9.429933547973633,101373859
2018-01-25,9.436201095581055,9.743221859668914,9.185571110181462,9.442466737657528,96763400
2018-01-26,9.323418617248535,9.436202340677067,9.235698182489745,9.417404694910545,56172213
2018-01-29,9.07905387878418,9.49885835687582,8.947473242297525,9.386074646862923,76156252
2018-01-30,8.997597694396973,9.147975233921963,8.903611642561769,9.116647028014675,39501205
2018-01-31,8.960003852844238,9.097850838179857,8.847220868369114,8.960003852844238,53728514
2018-02-01,8.941207885742188,9.129180024711157,8.809627245052548,9.085319811147944,57540224
2018-02-02,9.292088508605957,9.354745646757953,8.815893254771304,8.941207531075294,74489121
2018-02-05,9.035192489624023,9.310885010999211,8.866017305171212,9.1417098265464,78206276
2018-02-06,8.68431282043457,8.947473380413319,8.358493686739067,8.740704317783104,89036778
2018-02-07,8.502606391906738,8.95373909120502,8.38982267928957,8.79709588246966,60703594
2018-02-08,8.540199279785156,8.884814586848034,8.383556088766888,8.433681938575003,61539873
2018-02-09,8.176787376403809,8.32716493186885,7.7131227092607,8.239444511916723,90518511
2018-02-12,8.86601734161377,8.884814265716148,8.195583676501878,8.208114959236799,73775276
2018-02-13,8.703106880187988,9.147973787228658,8.60285448596893,8.866015676312914,56959678
2018-02-14,8.809625625610352,8.92240860143652,8.652982444283639,8.759499778903537,33843026
2018-02-22,9.035192489624023,9.267024804550582,8.859751663829506,9.022661206940612,74080279
2018-02-23,8.765765190124512,9.210632874664368,8.740702625957002,9.035192057265176,75048295
2018-02-26,9.060256004333496,9.235696117569242,8.78456347589013,8.884814456984337,86644486
2018-02-27,9.279557228088379,9.448731716283282,9.097851455669435,9.097851455669435,82541548
2018-02-28,9.411137580871582,9.642969917335291,9.091584823361414,9.160508318636525,78130389
2018-03-01,9.386073112487793,9.404870752945415,9.147975164125674,9.335947266361908,49768866
2018-03-02,9.135444641113281,9.492591951867624,9.116647716150094,9.304619834008859,42162248
2018-03-05,9.285822868347168,9.29208779291738,8.960003767292823,9.135444601073864,48158888
2018-03-06,9.285822868347168,9.329682359735706,9.16050788463832,9.285822868347168,45139318
2018-03-07,9.003865242004395,9.310886002791866,8.960004313827024,9.273291433680383,45399914
2018-03-08,9.179306030273438,9.292089028670686,9.01013081562075,9.104116886637396,44845917
2018-03-09,9.179306030273438,9.273292101290084,9.041459744978571,9.235697529472063,58922554
2018-03-12,9.511390686035156,9.511390686035156,9.13544637880757,9.292089601133444,73465767
2018-03-13,9.267026901245117,9.567782773090796,9.216901042113646,9.461264695011675,54225715
2018-03-14,9.154243469238281,9.235697538356062,9.097851969985413,9.179306039103194,28651927
2018-03-15,9.154243469238281,9.173040396636965,9.022662826277045,9.035194111209501,34157697
2018-03-16,8.909878730773926,9.204367475712834,8.89734673032761,9.154242342154491,42432920
2018-03-19,8.696842193603516,8.9788003586834,8.671779628026652,8.928675227529672,40511832
2018-03-20,8.997597694396973,9.05398918208676,8.60285584645512,8.67804497474595,57456584
2018-03-21,8.627922058105469,9.085320435171285,8.565264196107634,8.991334359231386,50755684
2018-03-22,8.66551399230957,8.803360254242714,8.627920143919646,8.671779633707892,41974950
2018-03-23,8.490074157714844,8.584060223793287,8.176787748824554,8.358493521793667,58775490
2018-03-26,8.540199279785156,8.621654054619611,8.233178539342543,8.490073429977041,51613900
2018-03-27,8.64671802520752,8.840955798282147,8.527668674291936,8.634186023967034,51438907
2018-03-28,8.358494758605957,8.847222804765359,8.33343218637346,8.471278484822843,57008408
2018-03-29,8.258241653442383,8.508870919105828,7.857234828380869,8.408619929897215,103365051
2018-03-30,8.07653522491455,8.333430851488284,7.970018592931856,8.270773713886852,94198819
2018-04-02,7.957485198974609,8.314632470022172,7.850967151522133,8.126660373061695,121179154
2018-04-03,7.569010257720947,7.932423946878382,7.368507562745655,7.932423946878382,190396666
2018-04-04,7.506352424621582,7.713122176529461,7.412366369315283,7.543946990155442,154787996
2018-04-09,7.268256664276123,7.706858866419225,7.243194091043325,7.6128727826824045,133276329
2018-04-10,7.424900054931641,7.4624946290008936,7.036423745625165,7.318381975559278,140431527
2018-04-11,7.775778770446777,7.813373333383037,7.462492419110117,7.462492419110117,117412033
2018-04-12,7.612872123718262,7.79457791509848,7.575277550066308,7.79457791509848,67792453
2018-04-13,7.500086784362793,7.700589441605922,7.443694582916438,7.637932316401406,62914239
2018-04-16,7.274521350860596,7.587807746528589,7.255723708204198,7.424898906828043,83449635
2018-04-17,6.986297130584717,7.393570324366395,6.9612345619526765,7.268255330035852,88621504
2018-04-18,6.673011302947998,7.111612745812955,6.466242225454037,7.0928158176978116,222999600
2018-04-19,6.867247581481934,6.948701635751826,6.735666962505925,6.792058451479447,113653677
2018-04-20,6.566492080688477,6.886044822318365,6.272002622564944,6.867247897481138,244012338
2018-04-23,6.428646564483643,6.503834981279694,6.265737013488206,6.491303697989807,146085702
2018-04-24,6.9173736572265625,7.017625355831145,6.403583164085546,6.428646447265047,205116944
2018-04-25,7.036423206329346,7.387304914673779,7.01762627926381,7.387304914673779,233069673
2018-04-26,6.8359198570251465,7.1178780684131615,6.829654214601876,7.036423282797029,107575524
2018-04-27,7.036423206329346,7.074017777517222,6.854716709801951,6.948702779243238,159636090
2018-05-02,7.0990800857543945,7.174269225363848,6.9549688827737,7.124144088366583,95179839
2018-05-03,6.986297130584717,7.067751912752408,6.8484508519381535,7.048954986278379,108935971
2018-05-04,6.92363977432251,7.048954764714125,6.898577206478243,6.992563270007764,59735043
2018-05-07,6.9173736572265625,7.00509335571304,6.779527392381085,6.892310374047063,113334589
2018-05-08,7.199331283569336,7.324645538812343,6.867247288179052,6.936170773913696,226531480
2018-05-09,7.142940521240234,7.318380639779973,7.067751386825541,7.161737446315544,117006409
2018-05-10,7.124143600463867,7.224394584649407,7.048954466003802,7.155471808941621,67998043
2018-05-11,7.2181291580200195,7.249457364319028,7.117876746693157,7.1805345934045315,94550881
2018-05-14,7.424900054931641,7.543948702917941,7.224395898914574,7.261990472983828,149675865
2018-05-15,7.5564799308776855,7.7256544212585325,7.456227504619632,7.518885360663013,110624803
2018-05-16,7.487555503845215,7.66299561465652,7.462492938182184,7.543946993643731,73208091
2018-05-17,7.330913543701172,7.518885685847357,7.318381541716428,7.468759829078828,50717042
2018-05-18,7.387304782867432,7.393570425110816,7.2745217883729145,7.3058499995898405,49319890
2018-05-21,7.518884658813477,7.5690097916784,7.399835317089128,7.537681583637823,70059259
2018-05-22,7.412367820739746,7.518885896785893,7.2995848191106925,7.518885896785893,53488518
2018-05-23,7.236926078796387,7.449960749767956,7.2055971554537,7.449960749767956,66203530
2018-05-24,7.136673927307129,7.324646040092632,7.105345719880682,7.2870514741241905,53242640
2018-05-25,7.243192672729492,7.312116169737373,7.142940965315096,7.142940965315096,67637031
2018-05-28,7.355976581573486,7.437431372901128,7.193066998918203,7.274522507302707,55538182
2018-05-29,7.261990547180176,7.537683137095663,7.236927975582513,7.312117124489234,76197147
2018-05-30,7.2494587898254395,7.349710503808744,6.986297502826648,7.130409431309752,70748724
2018-05-31,7.8259053230285645,7.8259053230285645,7.29958354549632,7.29958354549632,171635678
2018-06-01,7.694326400756836,7.788312478850466,7.581543393867228,7.738186618337655,79404969
2018-06-04,7.857235908508301,7.907361768531748,7.594075322649415,7.725655257050426,105429763
2018-06-05,7.907360076904297,7.970017926321814,7.725653604295577,7.8071083783043225,82524836
2018-06-06,7.8259053230285645,8.089066570323043,7.813374039935507,7.894828814153804,70317188
2018-06-07,7.844702243804932,7.926156293480975,7.750716195130797,7.894828088627361,55075330
2018-06-08,7.744453430175781,7.869767730240824,7.669264276491226,7.819641866803424,57910258
2018-06-11,7.631669044494629,7.769515336378044,7.581543185360374,7.731920762763139,41897527
2018-06-12,7.9324235916137695,8.051472218279757,7.644199053405273,7.6817936207417485,74045329
2018-06-13,7.944953918457031,8.064003975647328,7.832170936904546,7.944953918457031,61298835
2018-06-14,7.763248443603516,7.9637518478560825,7.669262383228033,7.9637518478560825,51369526
2018-06-15,7.738185882568359,7.807109382380571,7.644199813411198,7.763249168970109,34652817
2018-06-19,7.49382209777832,7.631668377616309,7.205598253678015,7.487556455566156,82949000
2018-06-20,7.8133745193481445,7.869766013783681,7.368507488738068,7.443695908966532,77145416
2018-06-21,7.650466442108154,7.90736137222084,7.6442000824945335,7.819640942312071,50157716
2018-06-22,7.581542015075684,7.719388285681186,7.493821595867023,7.612870941094988,41893228
2018-06-25,7.418632984161377,7.706857546369115,7.2995843475827105,7.669262975902297,64988737
2018-06-26,7.43116569519043,7.481291554913102,6.948703309406535,7.393571121134212,58127209
2018-06-27,7.030157566070557,7.406101805602528,6.9737653564953765,7.406101805602528,81933170
2018-06-28,6.798325061798096,7.105346549836543,6.798325061798096,6.967500269888618,72036613
2018-06-29,7.262508392333984,7.262508392333984,6.829945414351075,6.829945414351075,65621261
2018-07-02,7.194206714630127,7.5736480153695265,7.06519733820743,7.270095264268745,66352241
2018-07-03,7.247330188751221,7.376340310259954,6.845122546020626,7.338396029158509,86007587
2018-07-04,7.1790313720703125,7.46740692513173,7.141087087033566,7.247330940391048,60359360
2018-07-05,6.9665446281433105,7.300452755725437,6.890656055465658,7.194208898722136,61952471
2018-07-06,7.224564552307129,7.323218678729796,6.905833720662577,7.034843853648564,70027801
2018-07-09,7.3915181159973145,7.4598176821090645,7.224564425198611,7.232152702978903,74563761
2018-07-10,7.437050819396973,7.49017237833757,7.361162257715866,7.421872817569967,37623325
2018-07-11,7.345985412597656,7.406695976030115,7.216975284371928,7.224564285732736,45600915
2018-07-12,7.550884246826172,7.596417536471547,7.32321924605347,7.368752535698845,63209268
2018-07-13,7.755781650543213,7.786136930587871,7.520527687401891,7.543293966503644,63741565
2018-07-16,7.687482833862305,7.869614531765409,7.6647165525561745,7.755782401507727,44593365
2018-07-17,7.7026591300964355,7.8013139681305,7.497761177046411,7.8013139681305,43503722
2018-07-18,7.543295860290527,7.801316167311051,7.512940572625004,7.740605591980004,52052145
2018-07-19,8.294589042663574,8.294589042663574,8.294589042663574,8.294589042663574,18407727
2018-07-20,8.324945449829102,8.803041754153737,8.135224728607918,8.803041754153737,399570809
2018-07-23,8.362886428833008,8.522251076805095,8.157987783622904,8.324942154861489,170022226
2018-07-24,8.279412269592285,8.393245138091466,8.180757406383846,8.279412269592285,124261033
2018-07-25,8.613320350646973,8.72715248487187,8.241467216476389,8.332533068601718,166276476
2018-07-26,8.393244743347168,8.590553736757244,8.347711453343555,8.537432168192272,92452898
2018-07-27,8.385653495788574,8.636084714437413,8.370475495275603,8.598140436881883,69510813
2018-07-30,8.195935249328613,8.378066966847067,8.021391810578095,8.28700110808784,92546344
2018-07-31,8.044158935546875,8.324945518420444,7.9379150702458805,8.256645942421741,98689974
2018-08-01,8.013800621032715,8.286998098079444,7.998622621555583,8.08209944749926,78172546
2018-08-02,7.907558917999268,8.089690618241846,7.824082069653179,7.983447488297196,81020651
2018-08-03,7.770958423614502,8.044156649986371,7.748192145992485,7.960679092494115,65575084
2018-08-06,7.679893970489502,7.991035807608991,7.604006123526751,7.801315104611542,82032968
2018-08-07,8.082101821899414,8.082101821899414,7.687483128009982,7.778548980446004,119460717
2018-08-08,7.9606804847717285,8.180756470213039,7.862025632852929,8.082101618294239,66851145
2018-08-09,8.180756568908691,8.241467136402381,7.86961472957177,7.937914298933935,75634622
2018-08-10,8.097278594970703,8.180755432749336,8.01380175719207,8.15798915403279,47579468
2018-08-13,7.991034984588623,8.082100825801012,7.793726023825266,7.975857706250045,57140013
2018-08-14,7.839258193969727,8.006212589779865,7.831669193313144,7.97585731088047,44254249
2018-08-15,7.710247993469238,7.945501945164236,7.664715437481128,7.854436109461087,54784762
2018-08-16,7.3383965492248535,7.71024893817257,7.3080412669378365,7.611594089808009,127447764
2018-08-17,6.883065700531006,7.406695156883717,6.8527104221719295,7.383928155319217,191086569
2018-08-20,6.738879680633545,6.9589556744545105,6.549158971349021,6.9437776703227545,149980611
2018-08-21,7.050021171569824,7.0955544579355685,6.7540566195100755,6.79958990587582,122516604
2018-08-22,6.981721878051758,7.05002144841893,6.913422307684586,6.9968998820120465,59686196
2018-08-23,7.0120768547058105,7.133497986154513,6.9134220044719825,7.042432137567986,59602152
2018-08-24,6.867888450622559,7.012075842471845,6.75405561352656,7.00448684192006,94020594
2018-08-27,7.1107330322265625,7.1638546062192665,6.883068006400858,6.921012297993003,94173133
2018-08-28,7.156265735626221,7.254920596123989,7.072788156275052,7.141087730752515,68880366
2018-08-29,6.496036529541016,6.829944614475506,6.450503247004645,6.829944614475506,364976933
2018-08-30,6.587102890014648,6.708524021378175,6.442914753725186,6.473270036566068,169968985
2018-08-31,6.518803119659424,6.579513683450326,6.359437708776554,6.571924682044711,92193542
2018-09-03,6.412559986114502,6.50362584195402,6.3139051280232525,6.435326269142609,98132233
2018-09-04,6.533980369567871,6.571924652699507,6.42014824389997,6.458092527031606,95676635
2018-09-05,6.359437942504883,6.511214357560374,6.344259939135816,6.4884480762338095,72100546
2018-09-06,6.063473224639893,6.412559331590702,5.995174020663261,6.397382052363457,207412780
2018-09-07,5.911696434020996,6.1545386758751475,5.790275313093921,6.071061836169525,185554609
2018-09-10,5.759920597076416,5.911697013102552,5.706798670535509,5.904108373233005,119635072
2018-09-11,5.721975803375244,5.813041644893912,5.684031521810723,5.7675087241345775,83152568
2018-09-12,5.744743347167969,5.866164488267742,5.668854772117067,5.714388061893025,88874414
2018-09-13,5.6157331466674805,5.843397783912658,5.41083479221505,5.828220141429646,189570284
2018-09-14,5.828219890594482,5.88134181793053,5.592966261300885,5.638499186790272,137313358
2018-09-17,5.706798553466797,5.858574966379407,5.699209913752923,5.828219683796885,92016610
2018-09-18,5.942052364349365,5.949641366169333,5.623321525181219,5.630910527001187,116001640
2018-09-19,6.13936185836792,6.184894420269204,5.911696877680429,5.957229801445225,135311064
2018-09-20,6.124183177947998,6.23042701684604,6.078650621082367,6.169716458540571,97687576
2018-09-21,6.306316375732422,6.374615219685748,6.0482957465106715,6.146950959053926,97427914
2018-09-25,6.154539585113525,6.222839156656956,6.078651735186327,6.2000728740515045,66979825
2018-09-26,6.275961399078369,6.404970815327723,6.200072826012096,6.22283910844115,114566506
2018-09-27,6.253194332122803,6.367027190615423,6.230428049915103,6.275961338057564,67910424
2018-09-28,6.45809268951416,6.465681691076823,6.268371992809704,6.275960994372368,82846325
2018-10-08,6.033117294311523,6.291137526998318,6.033117294311523,6.215248967833872,89589155
2018-10-09,5.896518707275391,6.146950308303452,5.752330947361106,6.086239748731853,84335898
2018-10-10,5.858574867248535,6.00276263800752,5.775098022490838,5.934463434284269,52760645
2018-10-11,5.532255172729492,5.684031576726992,5.463955609998872,5.5853770950603625,131297286
2018-10-12,5.752331733703613,5.828219943542013,5.539844746156095,5.5702000300914545,92798379
2018-10-15,5.638499736785889,5.8737533890268105,5.57778916354482,5.866164748303457,70740677
2018-10-16,5.562611103057861,5.744743170985349,5.524667178559637,5.653676956089839,48308186
2018-10-17,5.729564189910889,5.752330466917021,5.524665887538448,5.691619912416068,60895136
2018-10-18,5.562611103057861,5.684032240433831,5.547433460885865,5.684032240433831,52969210
2018-10-19,5.676443576812744,5.676443576812744,5.175581025343939,5.570200082047989,115609087
2018-10-22,5.92687463760376,6.078651415055479,5.67644337095147,5.6992100142214595,108330330
2018-10-23,5.6081438064575195,5.919286001400154,5.532255598616701,5.911696999684313,100058477
2018-10-24,5.418422698974609,5.592965744831246,5.342534496833353,5.5626104639747425,107796201
2018-10-25,5.372889995574951,5.471544843291049,5.14522537991877,5.18316930159638,94647197
2018-10-26,5.221113681793213,5.4791335843134705,5.198347038874375,5.441189661933424,79795041
2018-10-29,4.864439010620117,5.2514694424226365,4.841672727492643,5.2514694424226365,121450250
2018-10-30,4.4470534324646,4.651951779663874,4.378753862776999,4.4394644305599655,253993867
2018-10-31,4.553296089172363,4.5836513674844355,4.439463614570362,4.469818892882434,119107883
2018-11-01,4.68230676651001,4.811316895796179,4.568474278206713,4.614007201155331,182308254
2018-11-02,5.137635707855225,5.145224708318266,4.7581943694261435,4.917559760515434,218378869
2018-11-05,4.9251484870910645,5.2287016356292755,4.856849291020979,5.076925242291903,179426417
2018-11-06,4.765784740447998,4.925149815504521,4.667129877237742,4.925149815504521,164683748
2018-11-07,4.773372650146484,4.8947937789694445,4.743017367940744,4.796139292732543,123510431
2018-11-08,4.659539699554443,4.894793294285815,4.6064181418862615,4.8720270158175865,152801064
2018-11-09,4.340809345245361,4.484997116964159,4.264921139567971,4.484997116964159,318998571
2018-11-12,4.431875228881836,4.431875228881836,4.2952761068173935,4.333220387804957,201828187
2018-11-13,4.743017196655273,4.826494400638184,4.302865258703823,4.333220539813337,353709836
2018-11-14,4.629185199737549,4.7809619831543655,4.606418917436322,4.689895768358862,197503006
2018-11-15,4.68230676651001,4.697484407492882,4.614007201155331,4.659540124103948,133083274
2018-11-16,4.720251083374023,4.811317298761899,4.705073441119967,4.712662443178763,167301612
2018-11-19,4.78855037689209,4.811317019885328,4.667129245897525,4.743017452769128,142400679
2018-11-20,4.553296089172363,4.7430167595545445,4.530529449506578,4.7430167595545445,166282194
2018-11-21,4.560885906219482,4.598829829970959,4.43946440936959,4.4698196931161815,107856273
2018-11-22,4.606418609619141,4.66712917418356,4.515352400909004,4.583651966975729,109846123
2018-11-23,4.4470534324646,4.60641885382665,4.4394644305599655,4.5912412118809085,107088468
2018-11-26,4.431875228881836,4.500174428050575,4.401519948837178,4.454641507983588,66297495
2018-11-27,4.401519775390625,4.4849966112922,4.318042577625582,4.462230333087577,79291384
2018-11-28,4.4774088859558105,4.500175168805023,4.287688173515849,4.401520673352534,115717933
2018-11-29,4.355987071990967,4.545707770844863,4.348398432205839,4.522941489625964,89822454
2018-11-30,4.363575458526611,4.386342098399718,4.280098261476506,4.348397819232361,88976303
2018-12-03,4.735428333282471,4.743017334712493,4.409108870925113,4.4849970759078115,256801001
2018-12-04,4.6671295166015625,4.689895799051782,4.60641894758293,4.689895799051782,138052325
2018-12-05,4.621596813201904,4.651952099178308,4.530530593409139,4.560886241249096,110937401
2018-12-06,4.4470534324646,4.568474568030532,4.424286788614223,4.538119284139049,129351646
2018-12-07,4.462230205535889,4.515351761070522,4.439463566118577,4.462230205535889,58111546
2018-12-10,4.469819068908691,4.515351988169935,4.363575590632458,4.378753230386205,65978480
2018-12-11,4.644362926483154,4.697484855926109,4.454642215154299,4.462231217301952,148879036
2018-12-12,4.644362926483154,4.659540568914921,4.583652356756087,4.651951928630807,83556996
2018-12-13,4.6671295166015625,4.735428725815757,4.614007587778492,4.6671295166015625,103283363
2018-12-14,4.735428333282471,4.856849823118294,4.606418565743636,4.667129129729794,162370564
2018-12-17,4.811316967010498,4.84926088909755,4.674717834279279,4.697484477022319,128305888
2018-12-18,4.629185199737549,4.773372981144934,4.576063633125666,4.720251052669519,127676408
2018-12-19,4.530529975891113,4.689895386477266,4.484997053132713,4.651951465110351,80080383
2018-12-20,4.545708179473877,4.598830110199143,4.492586610612159,4.492586610612159,63529795
2018-12-21,4.333220481872559,4.522941167201958,4.234565638654034,4.522941167201958,195584934
2018-12-24,4.302865982055664,4.325632265783277,4.211800123418103,4.325632265783277,84920650
2018-12-25,4.340809345245361,4.386342630515305,4.189032933890579,4.249743498432492,79141218
2018-12-26,4.257331848144531,4.3711643201648895,4.249742847806896,4.325631041865983,49533290
2018-12-27,4.0448455810546875,4.348398797063633,4.037256940632826,4.318043511649094,162781824
2018-12-28,3.976545810699463,4.082789666244095,3.877891318927344,4.044845380426222,150775494
2019-01-02,3.80959153175354,4.1055557139036605,3.786824889189604,3.9917235866745036,227598645
2019-01-03,3.87030291557312,3.9082472072591994,3.771648046680182,3.771648046680182,206124112
2019-01-04,3.9841341972351074,4.082789035632925,3.802002521913112,3.8171801615232783,191068196
2019-01-07,4.0220794677734375,4.090378681908579,3.984135178471145,4.037257111121642,132393865
2019-01-08,4.219388008117676,4.302865211178579,3.984134401185575,4.029667322346934,221678413
2019-01-09,4.211799621582031,4.363576034560469,4.128322413512135,4.181444338986344,191837346
2019-01-10,4.264921188354492,4.333220755177178,4.166266338913615,4.1966219833953184,128935494
2019-01-11,4.2421555519104,4.3180437699869545,4.21938890555565,4.264921836401583,92642914
2019-01-14,4.07520055770874,4.189033050320438,3.9917237100752114,4.173855408763113,184854262
2019-01-15,4.181443214416504,4.226976126064278,4.0220778427175885,4.0751993920416165,135993900
2019-01-16,4.318042755126953,4.371164676227198,4.18903263378599,4.211799274789947,229204550
2019-01-17,4.310454368591309,4.40910922389843,4.295276726379716,4.310454368591309,126291597
2019-01-18,4.3711652755737305,4.378753915706568,4.257332778672919,4.272510420802125,115201430
2019-01-21,4.469819068908691,4.500174348416187,4.3559865898238455,4.4166975107023125,120902674
2019-01-22,4.340809345245361,4.500174758099637,4.30286542333842,4.469819475828681,117504694
2019-01-23,4.257331848144531,4.378752958639072,4.219387570183261,4.340808680677801,111203731
2019-01-24,4.295276641845703,4.340809567584363,4.226977434169477,4.2876880018210235,79930627
2019-01-25,4.386342525482178,4.47740837011443,4.249743396670299,4.25733239798807,138915471
2019-01-28,4.3711652755737305,4.454642126352598,4.340809629451787,4.439464484223392,109561185
2019-01-29,4.295276641845703,4.378753853298343,4.196622150343703,4.371165213273663,103159065
2019-01-30,4.264921188354492,4.325631753590875,4.242154907322605,4.272510189940796,69096093
2019-01-31,4.128322601318359,4.3028656651156565,4.082789675353438,4.3028656651156565,156109817
2019-02-01,4.287687301635742,4.287687301635742,4.12832190664326,4.181443825595243,137894515
2019-02-11,4.705073356628418,4.705073356628418,4.257332737242301,4.280099019282792,205587791
2019-02-12,4.818905353546143,4.887204916323987,4.614007027076101,4.651951309033458,252962736
2019-02-13,4.887205123901367,4.940327048525249,4.750606354407323,4.7809616365171115,224909620
2019-02-14,5.046570777893066,5.046570777893066,4.8113171493300255,4.8720277164606784,189071146
2019-02-15,4.811316967010498,4.993448661500777,4.796139325802975,4.993448661500777,272962164
2019-02-18,5.0238037109375,5.038981351441162,4.826494384389895,4.8568496653972195,205385361
2019-02-19,4.89479398727417,5.076926050123,4.8416724220852165,5.046570766625449,193031810
2019-02-20,5.016215801239014,5.046571086661593,4.856850371838703,4.91756094268386,154860849
2019-02-21,5.228702545166016,5.388067966823725,4.96309362969101,5.023804197586608,264329219
2019-02-22,5.312180042266846,5.342535327845001,5.114870324145288,5.16040361437607,194309980
2019-02-25,5.479133605957031,5.5929660972738535,5.357712474879627,5.410834400657749,332593931
2019-02-26,5.410834789276123,5.486723001649963,5.319768934427516,5.479133999480809,217902221
2019-02-27,5.243879318237305,5.3577117951114515,5.167991120942363,5.319767877395715,266933968
2019-02-28,5.114870548248291,5.236292057744424,5.0541599744320065,5.221114414290352,166276362
2019-03-01,5.221113681793213,5.221113681793213,5.054159265357769,5.1376364735754905,169309340
2019-03-04,5.236291408538818,5.433600748978947,5.190758483821866,5.289412973110171,325320908
2019-03-05,5.304591178894043,5.304591178894043,5.12245946065418,5.228702962960766,200892393
2019-03-06,5.251469135284424,5.395656913491774,5.145225642555044,5.357712628013805,320673677
2019-03-07,5.167991638183594,5.228702202095796,5.122458715249441,5.221113562538523,238937635
2019-03-08,4.909971714019775,5.122459064044539,4.894794072008259,5.069337136072466,271441828
2019-03-11,5.038981914520264,5.061748558751553,4.909971774891202,4.909971774891202,186433300
2019-03-12,5.312180042266846,5.448778827368544,5.069337395778056,5.069337395778056,486976913
2019-03-13,5.114870548248291,5.28941362890189,5.084515261340149,5.274235985447819,264560422
2019-03-14,5.107280731201172,5.137636011118225,4.970681971574432,5.084514090331641,161459202
2019-03-15,5.130047798156738,5.205936004252412,5.069336871416688,5.130047798156738,150399901
2019-03-18,5.304591178894043,5.327357824605805,5.069337528569108,5.1604037495525965,301210839
2019-03-19,5.167991638183594,5.312179408406828,5.14522535764827,5.289412766008,256514105
2019-03-20,5.380479335784912,5.388067975852815,5.10728141793338,5.175580987862145,389485951
2019-03-21,5.3349456787109375,5.4260115182277024,5.266646118141623,5.342534317738928,340465979
2019-03-22,5.266646862030029,5.350124074309556,5.167992007687273,5.350124074309556,207935939
2019-03-25,5.016215801239014,5.152814585640618,5.008626798951596,5.152814585640618,332071955
2019-03-26,4.932738304138184,5.069337080751142,4.909971660437595,5.046570798914078,188215314
2019-03-27,4.841672897338867,4.970683045798726,4.76578468114588,4.932738756770452,290465913
2019-03-28,4.78855037689209,4.826494661259648,4.705073168401569,4.818905659640731,186625076
2019-03-29,4.758195400238037,4.818905969640829,4.4849974760619356,4.492586478169054,467691595
2019-04-01,5.038981914520264,5.069337198919627,4.750606712726311,4.7657843549259935,399556957
2019-04-02,5.008626461029053,5.160403239765401,4.9630935359672055,5.054159386090901,235260068
2019-04-03,5.076925277709961,5.137635835468444,4.93273752210183,5.008625719299934,191608809
2019-04-04,5.380479335784912,5.524667115710345,5.061748491935379,5.10728141793338,522396998
2019-04-08,5.4715447425842285,5.539844306955744,5.319768334940304,5.403245178212712,420168398
2019-04-09,5.456366539001465,5.684031126983993,5.388066981674975,5.501899456597971,323516534
2019-04-10,5.517077445983887,5.570199367483364,5.365301044361787,5.471544525497257,231851606
2019-04-11,5.29700231552124,5.524667315612504,5.175581175133122,5.50190067085796,293230150
2019-04-12,5.312180042266846,5.357712970634079,5.2287028259951445,5.274235754362378,184354440
2019-04-15,5.160403251647949,5.40324551920365,5.152814249855073,5.395656879274296,230518155
2019-04-16,5.251469135284424,5.251469135284424,5.054159429780622,5.084514713417588,170606946
2019-04-17,5.1983466148376465,5.281823816246011,5.1755803356394,5.251468536072694,113839274
2019-04-18,5.130047798156738,5.213524643930224,5.084514512635823,5.190758363033278,112935425
2019-04-19,5.266646862030029,5.289413144193108,5.107281439434355,5.1452257255241935,152382583
2019-04-22,5.1983466148376465,5.410833937914352,5.190757975726059,5.281823816246011,207775292
2019-04-23,5.395656585693359,5.494311070588251,5.137636328590943,5.175580611763711,330441191
2019-04-24,5.3349456787109375,5.403244877416771,5.243879477330693,5.372889597577849,172743486
2019-04-25,4.963092803955078,5.221113036446711,4.917559885608932,5.160402478651849,406235970
2019-04-26,4.68230676651001,4.849260817321608,4.659540124103948,4.834083176338735,346100094
2019-05-06,4.4774088859558105,4.530530453846334,4.340809741406372,4.409109313681091,241003133
2019-05-07,4.507763385772705,4.583651585156728,4.431875186388682,4.469819105148955,138858308
2019-05-08,4.4470534324646,4.538119284139049,4.371165222735892,4.401520506627375,117179277
2019-05-09,4.333220481872559,4.4622306057947085,4.318042841520747,4.40152004438746,97691100
2019-05-10,4.4774088859558105,4.492586528476466,4.280099171323751,4.363576386119125,133927785
2019-05-13,4.3711652755737305,4.431875844090555,4.340809629451787,4.401520559832143,81470537
2019-05-14,4.302865982055664,4.371165556965613,4.280099336464496,4.310454622677017,93403306
2019-05-15,4.348398685455322,4.3711653298636595,4.29527675641156,4.325632041046985,87614076
2019-05-16,4.325631141662598,4.348397781337299,4.295275863338635,4.340808780824578,67405569
2019-05-17,4.325631141662598,4.500174172957107,4.302864863851357,4.3711644210120015,154174192
2019-05-20,4.189032554626465,4.340808952239806,4.067611436535791,4.325631312478472,116815312
2019-05-21,4.2345662117004395,4.257332856240819,4.1435003572659985,4.196622286617858,81080894
2019-05-22,4.219388008117676,4.249743288891915,4.158677446569197,4.219388008117676,55763896
2019-05-23,4.037256717681885,4.2117997801084055,4.014490073946458,4.196622138239296,126400445
2019-05-24,3.9613685607910156,4.060023424190269,3.9158356304214137,4.044845780733735,103251583
2019-05-27,3.9841341972351074,3.999311836845274,3.8703017192271245,3.9613675568881224,114708469
2019-05-28,4.105555534362793,4.105555534362793,3.968956770543328,3.9841344109677133,113750935
2019-05-29,4.105555534362793,4.158677456779886,4.037256333384806,4.060022613089638,83541203
2019-05-30,4.219388008117676,4.242154649630101,4.037256323472239,4.082789244633599,130557639
2019-05-31,4.219388008117676,4.302865211178579,4.189032727343436,4.2117993688558615,89487784
2019-06-03,4.120733261108398,4.24215474891051,4.097966980926659,4.211799467425857,101164748
2019-06-04,4.151088237762451,4.166265877390225,4.044844760368038,4.135910598134678,69781290
2019-06-05,4.128322601318359,4.189033169271588,4.1055559574041345,4.151088883369056,52663066
2019-06-06,4.014490127563477,4.143500266105712,3.9841348434198367,4.120733622066217,71714796
2019-06-10,4.0220794677734375,4.067612397818052,3.991724181077028,4.014490465167555,48341888
2019-06-11,4.173855304718018,4.204210587075977,4.006901251749241,4.022078892928221,92678258
2019-06-12,4.15867805480957,4.196622342258775,4.135911409967339,4.15867805480957,65039158
2019-06-13,4.166266918182373,4.219388851081923,4.113145347146387,4.1738559208238355,73449077
2019-06-14,4.120733261108398,4.189032825380617,4.097966980926659,4.173855184638291,82277312
2019-06-17,4.105555534362793,4.135910815211563,4.067611614233576,4.0979668950823465,36351961
2019-06-18,4.082789421081543,4.113144703167661,4.029667496499082,4.097967062124602,56730918
2019-06-19,4.128322601318359,4.2042108112598955,4.120733599392442,4.173855527283281,73606305
2019-06-20,4.196622371673584,4.226977657100295,4.097967513105,4.12073379624326,107280732
2019-06-21,4.318042755126953,4.325631394219284,4.18903263378599,4.1966216347418035,125856339
2019-06-24,4.249743461608887,4.302865386054519,4.219388179600956,4.287687745050554,63870474
2019-06-25,4.120733261108398,4.249743388349923,4.090377979623745,4.249743388349923,86368849
2019-06-26,4.1131439208984375,4.120732559044949,4.052433368272598,4.082788644585518,47525867
2019-06-27,4.090378284454346,4.15867785381651,4.082789644449398,4.1207335682011905,89234474
2019-06-28,4.014490127563477,4.090378337922577,4.0069014874593325,4.090378337922577,69023270
2019-07-01,4.143500328063965,4.181444614742666,4.067612116570099,4.09037839908649,110883613
2019-07-02,4.120733261108398,4.166266183335378,4.097966980926659,4.166266183335378,91755904
2019-07-03,4.090378284454346,4.113144928196243,4.052434360702553,4.067612002575975,69308565
2019-07-04,4.060022830963135,4.097967114992052,4.060022830963135,4.090378113440864,40481926
2019-07-05,4.052433967590332,4.082789248392519,4.0372563271892385,4.060022606859134,45055844
2019-07-08,3.953779458999634,4.044845309120923,3.9461904572244317,4.037256669209243,72740043
2019-07-09,3.976545810699463,3.9765458106994624,3.915835242881689,3.938601886745118,39785246
2019-07-10,3.9234237670898438,3.9841343275157355,3.915834766104865,3.961367686424284,41868492
2019-07-11,3.9310128688812256,3.9613681526669087,3.915835226988384,3.946190510774067,39750917
2019-07-12,3.9234237670898438,3.946190046317811,3.9082461269833706,3.931012406211338,35232498
2019-07-15,3.953779458999634,3.968957100686515,3.870302248790024,3.915835173850669,51799421
2019-07-16,3.946190595626831,3.9689572398873953,3.908246671010603,3.9386019554489993,34583776
2019-07-17,4.006900310516357,4.022077948130065,3.9234231227092558,3.946189398198104,63751520
2019-07-18,3.89306902885437,3.984134882171031,3.885480026812881,3.984134882171031,55826653
2019-07-19,3.807931900024414,3.95498622272297,3.807931900024414,3.924027456792495,119995307
2019-07-22,3.676356792449951,3.8234111084348594,3.6453980279328744,3.8156712327767983,127480565
2019-07-23,3.7150561809539795,3.7150561809539795,3.6531382703900306,3.6608781476071464,54894588
2019-07-24,3.7382748126983643,3.800192349868565,3.715055920788356,3.7227954284058145,60999349
2019-07-25,3.7227959632873535,3.7614946141076655,3.6763578037375906,3.738275349803941,63210551
2019-07-26,3.7460148334503174,3.784713111141265,3.6995766787865922,3.7227955715896313,62622822
2019-07-29,3.7460148334503174,3.784713111141265,3.7227955715896313,3.7227955715896313,59335156
2019-07-30,4.032382965087891,4.086560987677879,3.6531375450731463,3.660877420753538,307675703
2019-07-31,3.916287899017334,4.001424696773128,3.908548391434606,4.001424696773128,130575094
2019-08-01,3.90854811668396,3.931767006857607,3.8466302150864875,3.900808240587674,101021337
2019-08-02,3.854369878768921,3.877589136720563,3.8001918562534787,3.807931731923221,83386679
2019-08-05,3.761493444442749,3.8466298592813244,3.753753569062385,3.8466298592813244,82601959
2019-08-06,3.753754138946533,3.7614940155019427,3.6686173421251635,3.691836602733765,88856358
2019-08-07,3.753754138946533,3.8234115517147114,3.753754138946533,3.7692335229997256,53016390
2019-08-08,3.86984920501709,3.9085478446902924,3.7692330371128264,3.792452294728264,67816876
2019-08-09,3.924027681350708,3.978205340300634,3.8156716253356113,3.831151009186679,107881330
2019-08-12,3.9395077228546143,3.9549871092897773,3.86985029936754,3.9008090722378657,53801791
2019-08-13,3.81567120552063,3.908547867466007,3.8079316989754375,3.908547867466007,46465350
2019-08-14,3.769232749938965,3.893068166023776,3.73827398818215,3.869848910177389,72728902
2019-08-15,3.792452096939087,3.792452096939087,3.691835934282296,3.707315315532759,45961143
2019-08-16,3.776973009109497,3.8311506631662255,3.753753750901193,3.7924523915625037,50263514
2019-08-19,3.885329008102417,3.893068884498809,3.761493938221103,3.8001922130302037,83748559
2019-08-20,3.931766986846924,4.001424395128557,3.8775893306790796,3.893068713735264,121783948
2019-08-21,3.862110137939453,3.954986818786089,3.8388912445210366,3.9008087857136897,77080103
2019-08-22,4.009164810180664,4.047863461114949,3.8853297176832493,3.9008091042454263,181345155
2019-08-23,3.9704654216766357,4.0633417151637,3.9395066571809476,4.009163692767454,136753598
2019-08-26,3.893068552017212,3.939506699256725,3.8543699114554903,3.9162874411081745,85181614
2019-08-27,4.009164810180664,4.040123583305017,3.9008091042454263,3.908548982055358,153564870
2019-08-28,4.078821182250977,4.102040440634495,3.9782050110183826,3.985944886832086,147280943
2019-08-29,4.2258758544921875,4.303272773811937,4.047862755527952,4.078821523255852,216921171
2019-08-30,4.1562180519104,4.287792986915353,4.117519780416794,4.233614963955199,104578962
2019-09-02,4.303272724151611,4.380669642578191,4.179437654669084,4.179437654669084,128010130
2019-09-03,4.318752288818359,4.318752288818359,4.233615490452574,4.295533396846185,76456979
2019-09-04,4.287793159484863,4.303272542516817,4.2258756273570475,4.287793159484863,79659358
2019-09-05,4.2258758544921875,4.318752157675887,4.1949170867642875,4.287793389947987,117742301
2019-09-06,4.256834983825684,4.28779375418344,4.202656951170783,4.225876213467927,74476732
2019-09-09,4.427107334136963,4.489025231509278,4.264574006839572,4.303272277507492,150923350
2019-09-10,4.442587375640869,4.5045052822038265,4.3729303304761995,4.442587375640869,82847982
2019-09-11,4.380670070648193,4.473546750893424,4.349711300252335,4.450327488567702,68115195
2019-09-12,4.380670070648193,4.396149455846123,4.2258762186689,4.380670070648193,87361234
2019-09-16,4.295533180236816,4.380669605251823,4.2723139203778775,4.37293009800392,71688087
2019-09-17,4.2413554191589355,4.326492218568729,4.210396650111308,4.280054064997288,65624793
2019-09-18,4.249094486236572,4.3264917698867364,4.21039621346909,4.225875596387603,77788209
2019-09-19,4.2258758544921875,4.272314006084037,4.1949170867642875,4.2568346222200875,53470925
2019-09-20,4.202656269073486,4.287793058268317,4.179437379602456,4.23361503440659,85746926
2019-09-23,4.1407389640808105,4.194916990895283,4.10978019706043,4.187177114611381,54945544
2019-09-24,4.1407389640808105,4.179437607385093,4.10978019706043,4.156218347591,52568526
2019-09-25,4.194916725158691,4.241354872747531,4.117519812510626,4.132999195040239,73860014
2019-09-26,4.2103962898254395,4.287793205821612,4.17169764729855,4.2103962898254395,79127549
2019-09-27,4.132999897003174,4.233615716005802,4.094301249577634,4.1949174376379155,73100800
2019-09-30,4.063342571258545,4.163958761596881,4.063342571258545,4.117520605069417,66871166
2019-10-08,4.016902923583984,4.125258581924485,4.0091630491737575,4.071080937282997,49472018
2019-10-09,3.9704654216766357,4.009163692767454,3.9472461637760774,4.009163692767454,40368394
2019-10-10,3.985944986343384,4.009163876248983,3.939506837474585,3.9704656033871175,46989795
2019-10-11,3.9936840534210205,4.016903309826809,3.947245909667004,3.978204672169682,46581055
2019-10-14,4.218135833740234,4.280053736135611,4.055602124199793,4.055602124199793,144847238
2019-10-15,4.109780788421631,4.233615874321928,4.094301402684094,4.218136488584391,86610950
2019-10-16,4.280054092407227,4.318752369435769,4.086561600091591,4.1484791385833715,144655063
2019-10-17,4.372929096221924,4.434846616251097,4.295532196185458,4.303271701660339,130007658
2019-10-18,4.349710464477539,4.450326633460021,4.334231082253894,4.427107375595762,95547474
2019-10-21,4.357450485229492,4.403888633446904,4.256834312896302,4.3729298679686295,99494903
2019-10-22,4.334231376647949,4.411628293023204,4.295533102989126,4.380669526473103,61193014
2019-10-23,4.249094486236572,4.372929918642275,4.225875596387603,4.31875189389868,74488187
2019-10-24,4.372929096221924,4.473545250798095,4.249093687106048,4.249093687106048,132649045
2019-10-25,4.372929096221924,4.45032599625839,4.357449716214631,4.357449716214631,84988083
2019-10-28,4.365190029144287,4.4116281777561035,4.334231263403077,4.388409287978995,75805502
2019-10-29,4.558682441711426,4.643819230948271,4.349710591081058,4.372929849621141,186932186
2019-10-30,4.6825175285339355,4.713476291610394,4.496764581017617,4.535463219391974,184723141
2019-10-31,4.6438188552856445,4.67477761812961,4.504504422487798,4.605120217201905,149887019
2019-11-01,4.7676544189453125,4.821832444272456,4.597381205007667,4.605120712021486,176362459
2019-11-04,4.79861307144165,4.945667391796674,4.752174923286001,4.7831336887231,145523451
2019-11-05,4.7676544189453125,4.860531086514359,4.752175035860072,4.829571951286274,100268973
2019-11-06,4.7521748542785645,4.790873495041786,4.674777941809713,4.775394112548015,94283611
2019-11-07,4.705737113952637,4.744435758064188,4.682518222731804,4.728956374231092,69064425
2019-11-08,4.628340244293213,4.821832728805375,4.620600367765066,4.744435808812035,91026113
2019-11-11,4.566422939300537,4.690258017554335,4.535464169737088,4.605121216726027,71410461
2019-11-12,4.566422939300537,4.597381708863987,4.535464169737088,4.566422939300537,49348569
2019-11-13,4.566422939300537,4.628340478427436,4.535464169737088,4.581902324082262,50292589
2019-11-14,4.473546028137207,4.5896412138362495,4.427107510988477,4.558682448442158,93424708
2019-11-15,4.519984245300293,4.5741619010390675,4.442586961574729,4.481285603437511,75437258
2019-11-18,4.550942897796631,4.589641169637781,4.473545985056741,4.504504750152697,64775602
2019-11-19,4.705737113952637,4.744435758064188,4.543203399176318,4.550943275621677,94697742
2019-11-20,4.612860202789307,4.728955750760168,4.59738082099703,4.6902571117506895,53164176
2019-11-21,4.581901550292969,4.597380932460544,4.4735458751199495,4.574161674680391,58803964
2019-11-22,4.519984245300293,4.6283399258354425,4.4580667135659215,4.558682518105475,68296728
2019-11-25,4.550942897796631,4.558682404541824,4.465806109253957,4.51224425689789,48813659
2019-11-26,4.504505634307861,4.667039367492937,4.504505634307861,4.558683299331111,69898900
2019-11-27,4.427107334136963,4.519983995666646,4.372929681390359,4.5045046135879625,70751839
2019-11-28,4.334231376647949,4.434847552464585,4.311012486264177,4.419368169189534,83526839
2019-11-29,4.334231376647949,4.372930019364381,4.311012486264177,4.334231376647949,45907224
2019-12-02,4.473546028137207,4.4967649176539775,4.31875183210916,4.341971090683526,99436728
2019-12-03,4.473546028137207,4.512244300351023,4.403888621471706,4.465806152259887,62880657
2019-12-04,4.450326919555664,4.481285685993182,4.380669510542445,4.473546178912605,56477131
2019-12-05,4.450326919555664,4.504504945350123,4.403888769899387,4.450326919555664,73562018
2019-12-06,4.365190029144287,4.450326819461416,4.349710646273682,4.4425869434973135,99342449
2019-12-09,4.341971397399902,4.427107823718882,4.334231520975838,4.372930164980917,69932347
2019-12-10,4.334231376647949,4.365190143198051,4.272313843547746,4.334231376647949,61814180
2019-12-11,4.334231376647949,4.434847552464585,4.326491869539228,4.334231376647949,76876290
2019-12-12,4.280054092407227,4.341971630899008,4.23361556948075,4.318752369435769,77635934
2019-12-13,4.489025592803955,4.51224448326194,4.287793240527503,4.334231390501082,163615070
2019-12-16,4.535463333129883,4.589640985343539,4.465805929932237,4.48128531185865,107779068
2019-12-17,4.535463333129883,4.612860242761947,4.512244075711475,4.535463333129883,104471448
2019-12-18,4.829571723937988,4.9147085114278655,4.543202965812821,4.550942841519895,278218825
2019-12-19,4.821832180023193,4.906968966855095,4.783133539902079,4.8140923043759365,169889579
2019-12-20,4.868270397186279,4.992105456873819,4.798612991583243,4.798612991583243,178627766
2019-12-23,4.705737113952637,4.868270828728955,4.705737113952637,4.852791444895859,86885347
2019-12-24,4.899230003356934,4.953408035801959,4.744436152167793,4.752175660198424,120686914
2019-12-25,4.968886375427246,5.069502542058563,4.876010084255681,4.8914894661176085,147829229
2019-12-26,4.922448635101318,5.046283700191946,4.837311843322709,4.976626291549666,122074085
2019-12-27,4.829571723937988,4.984365916561182,4.775394070218819,4.961146658497547,105159679
2019-12-30,4.876010417938232,4.945667456554996,4.783133751353215,4.783133751353215,179122192
2019-12-31,4.845051288604736,4.89148943388451,4.767654010747543,4.8605306703646605,118898571
2020-01-02,5.054023265838623,5.170118447700978,4.87601018617674,4.914708457111664,230065896
2020-01-03,5.115941047668457,5.278474753185469,5.054023515863424,5.069502898814682,245239816
2020-01-06,5.108201503753662,5.216557191456789,5.007585323500518,5.10046199630368,176191067
2020-01-07,5.115941047668457,5.208817345376007,5.069502898814682,5.09272178871277,111114261
2020-01-08,5.100461959838867,5.224297030614247,5.0153251641519825,5.077242699539672,169312178
2020-01-09,5.35587215423584,5.410049814955582,5.185598557254163,5.193338433961347,268409409
2020-01-10,5.386829853057861,5.433267996904861,5.239775546346913,5.402309234340194,166853324
2020-01-13,5.317173480987549,5.40231027903282,5.262995820551348,5.340392741929944,116449208
2020-01-14,5.293954849243164,5.394570667450696,5.270735587159795,5.332653127305246,70345216
2020-01-15,5.208817481994629,5.3016937821381696,5.092721922286398,5.262995508273833,129705806
2020-01-16,5.100461959838867,5.23203690706652,5.06176331569275,5.177858879073479,120267352
2020-01-17,5.069503307342529,5.185598504303742,4.9921060172915475,5.11594145993854,110765892
2020-01-20,5.007585525512695,5.092722325242773,4.937928479422304,5.092722325242773,106635659
2020-01-21,4.852791786193848,5.069503544156202,4.821833016350318,4.9534079727141425,232902943
2020-01-22,4.868270397186279,4.90696903786743,4.759914719959681,4.829571756505128,181661776
2020-01-23,4.558682441711426,4.8063529335560675,4.489025404206366,4.8063529335560675,275457739
2020-02-03,4.094300746917725,4.14073889669254,4.094300746917725,4.094300746917725,267923762
2020-02-04,3.985944986343384,4.17169758181858,3.893068688605786,3.9936844932927165,535990074
2020-02-05,4.102040767669678,4.256834605708766,4.016903972219368,4.032383356023278,343404505
2020-02-06,4.1639580726623535,4.2103962215065405,4.0091638741241304,4.086561157922042,277200225
2020-02-07,4.117519855499268,4.171697510389756,4.04012257298555,4.125259362316083,166958445
2020-02-10,4.233615398406982,4.287793426926862,4.032383406440164,4.086561434960043,265459079
2020-02-11,4.403889179229736,4.489025979374964,4.187177424966696,4.24909496359681,317200366
2020-02-12,4.403889179229736,4.450327333202322,4.318752379084509,4.365190533057095,184676358
2020-02-13,4.256834983825684,4.372930557196097,4.2413555986468054,4.372930557196097,182749680
2020-02-14,4.303272724151611,4.34197136789371,4.194917038354401,4.256834573095664,166355548
2020-02-17,4.357450485229492,4.3729298679686295,4.264574188794668,4.287793078374577,162129019
2020-02-18,4.380670070648193,4.380670070648193,4.287793759460618,4.349711300252335,157529825
2020-02-19,4.303272724151611,4.365190258892875,4.303272724151611,4.34197136789371,131522478
2020-02-20,4.527723789215088,4.597381197513931,4.295533043314952,4.318751933376164,273513254
2020-02-21,4.458066940307617,4.527723982522811,4.427107803808219,4.489025707749397,169752089
2020-02-24,4.357450485229492,4.44258690576595,4.295532954272943,4.427107523026812,192328696
2020-02-25,4.295533180236816,4.3574507144505,4.187177126305256,4.280053796683396,185649898
2020-02-26,4.380670070648193,4.465806873765632,4.194917448273042,4.233615726739038,267294227
2020-02-27,4.311012268066406,4.403888563015867,4.280053503083253,4.36518992225813,119383228
2020-02-28,4.132999897003174,4.280054240539512,4.102041126685803,4.14073940505369,225066682
2020-03-02,4.218135833740234,4.2490946004091175,4.071081876591844,4.1484787932640526,163981178
2020-03-03,4.179437160491943,4.311012090788502,4.140738521325576,4.264573945223407,162061747
2020-03-04,4.194916725158691,4.210396107688305,4.102040429981012,4.14073870177625,130306384
2020-03-05,4.287793159484863,4.365190074644633,4.1407388361525,4.202656368280316,185931327
2020-03-06,4.2103962898254395,4.249094563294722,4.194916906626205,4.225875673024674,98809659
2020-03-09,4.078821182250977,4.132999205774125,4.047862417111347,4.08656105806468,125316191
2020-03-10,4.117519855499268,4.156218127698532,4.009163807603101,4.04012257298555,141019130
2020-03-11,4.055602073669434,4.148478741576505,4.0401226905278556,4.11751997529335,101754007
2020-03-12,3.947246789932251,4.001424820922819,3.9008086358221825,3.9936849440423194,129526982
2020-03-13,3.877589225769043,3.916287497833703,3.7150555235477305,3.75375379561239,161140468
2020-03-16,3.6531379222869873,3.893068926347617,3.6299190309634577,3.877589542446056,170561296
2020-03-17,3.5215630531311035,3.7150555204667115,3.4673850294163997,3.645398114127463,198235671
2020-03-18,3.3512895107269287,3.598960004402529,3.3435500038614148,3.560261362902167,216171821
2020-03-19,3.304851531982422,3.3899883262183015,3.1732765869972304,3.3280707918858856,274804516
2020-03-20,3.3745086193084717,3.41320689002957,3.304851215329883,3.304851215329883,154654655
2020-03-23,3.2816319465637207,3.397727496449931,3.2042350363254406,3.2274542939257143,171185042
2020-03-24,3.289372205734253,3.3899883853070127,3.1964959026167623,3.3667691249988287,150364027
2020-03-25,3.3822481632232666,3.475124456849824,3.3512893986810806,3.3899880388876054,181212615
2020-03-26,3.343549966812134,3.4054674972805374,3.328070584195033,3.343549966812134,93664035
2020-03-27,3.3512895107269287,3.4132070418814293,3.3435500038614148,3.3977276590928045,106832623
2020-03-30,3.1655373573303223,3.2893724368546375,3.150057972389783,3.2893724368546375,159619266
2020-03-31,3.4209468364715576,3.4519056013127636,3.188755731104924,3.227454371685226,242879496
2020-04-01,3.3977274894714355,3.506083532640058,3.3590292189605666,3.4209467470240202,146527383
2020-04-02,3.4132072925567627,3.4286866764822364,3.3512897568548676,3.397727908631289,85737251
2020-04-03,3.227454662322998,3.3745089930900125,3.17327663444327,3.3280708416463693,369601402
2020-04-07,3.258413076400757,3.2661525829394518,3.1964955478608745,3.21971443653454,276548512
2020-04-08,3.173276424407959,3.2274544487017094,3.1268382760380002,3.2274544487017094,230509241
2020-04-09,3.173276424407959,3.2042351899879318,3.1500575347517783,3.196495683121737,121608767
2020-04-10,3.1345784664154053,3.1810166194439313,3.111359205372325,3.173276742743693,125077185
2020-04-13,3.0339620113372803,3.1190988021100634,2.9797839864714,3.111358926104537,236432295
2020-04-14,3.173276424407959,3.1810163003317506,3.0107429051131036,3.0339619792980828,307566465
2020-04-15,3.328070640563965,3.4209469378396555,3.2119750844405526,3.219714591351394,388686813
2020-04-16,3.297111988067627,3.3899882885337993,3.273892728422278,3.3899882885337993,159943977
2020-04-17,3.3590292930603027,3.413206946782187,3.3125911459882933,3.3435499107029663,197680688
2020-04-20,3.4441661834716797,3.5293029826326316,3.3280709844112253,3.3512898766002612,207027347
2020-04-21,3.3745086193084717,3.4596450363294355,3.3125910909086507,3.436426147708293,99192403
2020-04-22,3.4209468364715576,3.4209468364715576,3.304851283788241,3.3435499243685425,90985223
2020-04-23,3.3977274894714355,3.451905511055747,3.343549836944703,3.4209467470240202,92730033
2020-04-24,3.328070640563965,3.3822482961126514,3.312591257684683,3.36676891323337,63418643
2020-04-27,3.48286509513855,3.5138238664596124,3.3358107468346687,3.3358107468346687,133891072
2020-04-28,3.5680012702941895,3.637658308928563,3.3977276890599435,3.5215631215187404,190929117
2020-04-29,3.668616533279419,3.761493186179028,3.5447814881566675,3.568000743645956,152189322
2020-04-30,3.730534553527832,3.7692328219342417,3.637657897425819,3.7382740595860904,106138671
2020-05-06,3.9782047271728516,4.0478621282957485,3.6608772226042148,3.676356604069573,223321458
2020-05-07,3.854369878768921,4.009163701587919,3.838890496487021,3.9859448126938624,138994944
2020-05-08,3.877589225769043,3.931766880471085,3.8079318193720253,3.877589225769043,104315313
2020-05-11,3.931766986846924,3.978205136015478,3.8698494546221855,3.8775893306790796,82452006
2020-05-12,3.86984920501709,3.954985990863588,3.807931676786029,3.9085478446902924,90389801
2020-05-13,3.885329008102417,3.9317671593079093,3.8234114731617597,3.8311509805005324,60365151
2020-05-14,3.792452096939087,3.8853283844418662,3.792452096939087,3.8775888783454144,69001335
2020-05-15,3.8234119415283203,3.8698500984224706,3.7924531702655537,3.7924531702655537,66257510
2020-05-18,3.784712314605713,3.8234109532097413,3.6995759001689623,3.8001916962358107,67489098
2020-05-19,3.761493444442749,3.792452207849062,3.7150552993332795,3.753753569062385,74798736
2020-05-20,3.862110137939453,3.931767556310016,3.7073162849578214,3.7305355474338944,131825487
2020-05-21,3.792452096939087,3.862109128037391,3.7769727156886237,3.85436962194094,66289895
2020-05-22,3.699575901031494,3.854369717368557,3.6376580054391,3.8234109541011443,87078877
2020-05-25,3.6531379222869873,3.6995764430492937,3.5834808792587753,3.6531379222869877,63878681
2020-05-26,3.854369878768921,3.9085479012843627,3.6453980334344798,3.684096673668022,136220731
2020-05-27,3.81567120552063,3.931766756159165,3.8001918233726637,3.908547867466007,67408396
2020-05-28,3.776973009109497,3.846630045619232,3.7150554792974706,3.8388905389215235,66779205
2020-05-29,3.784712314605713,3.854369716469936,3.730534663429157,3.7537535513455182,56547594
2020-06-01,3.962725877761841,4.086561315169009,3.815671549567939,3.815671549567939,192724855
2020-06-02,3.885329008102417,4.024643461718894,3.8698496243672524,3.97046580317463,105196589
2020-06-03,4.009164810180664,4.055602969867194,3.908548982055358,3.9162884908076028,148698496
2020-06-04,4.109780788421631,4.13300005155677,3.9395075453087216,4.001425088258871,126877171
2020-06-05,4.2413554191589355,4.3032729572541895,4.117520342968427,4.148479112016054,177310389
2020-06-08,4.1639580726623535,4.295533012249683,4.148478689714292,4.2645742463535585,140775476
2020-06-09,4.179437160491943,4.256834069767103,4.148478396781879,4.2103959242020075,96451240
2020-06-10,4.094300746917725,4.218135812983897,4.032383213884638,4.202656429725626,106207969
2020-06-11,4.032382965087891,4.1020403699810775,3.9627255601947042,4.094300494300685,99043162
2020-06-12,4.040122985839844,4.094301015324302,3.9085484040478176,3.9240277883208576,80410992
2020-06-15,3.9395077228546143,4.0788222007710795,3.9008090722378657,4.0788222007710795,154942191
2020-06-16,4.055602073669434,4.078821332910603,3.9549862677779806,3.9627257748199667,90815565
2020-06-17,4.040122985839844,4.094301015324302,3.9704659411399787,4.071082123443557,77628467
2020-06-18,4.055602073669434,4.187177014901647,3.9859450340611358,4.0246433073862775,103307085
2020-06-19,4.032382965087891,4.063341729694288,3.9936843248011016,4.032382965087891,98054102
2020-06-22,4.1407389640808105,4.218135881631762,3.993684636205197,4.024643403225578,192038250
2020-06-23,4.303272724151611,4.334231491522243,4.117520119927821,4.148478887298453,196441414
2020-06-24,4.295533180236816,4.411628372358664,4.241355153271036,4.334231454591561,125845425
2020-06-29,4.187176704406738,4.256834107907283,4.156217940419292,4.233614850387909,108722983
2020-06-30,4.326491832733154,4.341971215876519,4.194916891485744,4.202656398528624,106902700
2020-07-01,4.473546028137207,4.512244300351023,4.264574177198299,4.29553294259239,170751684
2020-07-02,4.48128604888916,4.558682971250582,4.427108018707346,4.427108018707346,156530203
2020-07-03,4.38840913772583,4.496764814110117,4.326491608363381,4.489025307468603,147869763
2020-07-06,4.674777984619141,4.705736749890187,4.41936798660421,4.427107493393175,209161959
2020-07-07,4.6121344566345215,4.768743664067245,4.604304201624588,4.706100130448121,151792506
2020-07-08,4.643455982208252,4.737421651140167,4.588643079831603,4.635625727605114,152927408
2020-07-09,4.768744468688965,4.862709784972251,4.604304978500727,4.635626750595155,205674854
2020-07-10,4.698268890380859,4.886199466771359,4.69043826300549,4.729590653112609,189250405
2020-07-13,4.729591369628906,4.8157264168828045,4.65128695093669,4.690438973590338,206439654
2020-07-14,4.580812931060791,4.78440479942946,4.494677881105974,4.698269749474644,206394095
2020-07-15,4.5964741706848145,4.76874428391419,4.52600037289549,4.619965685537897,179859494
2020-07-16,4.510339260101318,4.792235183818944,4.4790171174144175,4.580813054338253,225285560
2020-07-17,4.432034492492676,4.572982828659686,4.385051838231988,4.510339289645435,150645258
2020-07-20,4.729591369628906,4.74525225336735,4.486847484990576,4.486847484990576,236843049
2020-07-21,4.74525260925293,4.878370317705751,4.706100583662949,4.737422353488913,168844780
2020-07-22,4.91752290725708,5.01931847644403,4.682609251073428,4.807896335232729,265981367
2020-07-23,4.941013813018799,4.980166211642389,4.706100541432096,4.886200529622762,203625324
2020-07-24,4.698268890380859,4.917521602887973,4.643455618907865,4.9096909755126035,166433854
2020-07-27,4.659117698669434,4.7922354112116965,4.588643901088499,4.70610072823667,117072925
2020-07-28,4.831387519836426,4.870539544266523,4.674778301961222,4.682608930878204,136198594
2020-07-29,4.91752290725708,4.925353163324555,4.729591907633166,4.776574564192903,137211285
2020-07-30,4.847047805786133,4.933182846312545,4.823556295320787,4.9096913358471985,83386083
2020-07-31,4.753083229064941,4.8627094232404655,4.580813121975598,4.815726768593812,236247438
2020-08-03,4.713930606842041,4.784404772165745,4.604304417860114,4.737422119744919,243533365
2020-08-04,4.666947364807129,4.713930011292248,4.6043038361603035,4.7060997569038365,119592776
2020-08-05,4.73742151260376,4.784404159003357,4.627794964286483,4.666947356311923,156867381
2020-08-06,4.60430383682251,4.729590894134181,4.549490562556212,4.706099757580684,166409347
2020-08-07,4.565152645111084,4.612135303956887,4.447695811304087,4.565152645111084,147663058
2020-08-10,4.800065040588379,4.81572592271979,4.494677278948549,4.525999416596252,216598575
2020-08-11,4.753083229064941,4.941013847651554,4.706100574418288,4.760913484813576,204163549
2020-08-12,4.7061004638671875,4.807896026517848,4.635626296860244,4.760913372974865,129355620
2020-08-13,4.666947364807129,4.760912657777368,4.635625600483716,4.745251775615661,81847189
2020-08-14,4.792234897613525,4.8313872935951565,4.659117199337885,4.659117199337885,113294579
2020-08-17,5.26989221572876,5.26989221572876,4.807895603159693,4.807895603159693,396256838
2020-08-18,5.168096542358398,5.269892474427539,5.066300610289259,5.269892474427539,213328541
2020-08-19,5.089792728424072,5.191588672604946,5.027149185354294,5.1759277868375015,148228413
2020-08-20,4.980165958404541,5.144605426846077,4.941013561771823,5.0663006335806395,149022524
2020-08-21,5.489145278930664,5.489145278930664,5.246401015842822,5.324705809553702,357862782
2020-08-24,6.037276744842529,6.037276744842529,5.543958324434788,5.559619208889719,552107045
2020-08-25,6.029446125030518,6.38181621249122,5.904159049201812,6.060767893987694,387979634
2020-08-26,5.966802597045898,6.131242071037197,5.865006661073201,6.107750930972691,228681210
2020-08-27,5.841515064239502,6.068598058492962,5.810193297679364,6.013784780320265,196489208
2020-08-28,5.966802597045898,5.990294110495343,5.794532867494744,5.888498174522646,197419287
2020-08-31,5.888498306274414,6.146903093075275,5.880668050539361,6.123411952485168,174608108
2020-09-01,5.786701679229736,5.911989116542079,5.739719030256946,5.872836722372303,137943608
2020-09-02,5.865006446838379,5.951141495160116,5.755380259310211,5.87283707549714,166157539
2020-09-03,5.716228008270264,5.896328353007132,5.692736496615494,5.872836841352362,125101780
2020-09-04,5.669245719909668,5.778872290663803,5.598771922579106,5.630093693256013,149896405
2020-09-07,5.771040439605713,6.068597571430143,5.6692445197629,5.6770751474669074,252621032
2020-09-08,5.849345684051514,5.927650478721186,5.763211007330768,5.825854544358559,140113637
2020-09-09,5.457823276519775,5.849345761513257,5.4343321365157315,5.794532852580531,208348531
2020-09-10,5.410840034484863,5.614431883757615,5.363857386203051,5.52046658719399,164655950
2020-09-11,5.6770758628845215,5.77104116686471,5.40301020624984,5.40301020624984,165701586
2020-09-14,5.684906482696533,5.88066771904198,5.622262573422652,5.747550018585487,147766984
2020-09-15,5.9276509284973145,5.96680295541798,5.614432846207179,5.661415502542955,182915877
2020-09-16,5.888498306274414,5.9668027305496825,5.810193881999146,5.896328935394415,120765392
2020-09-17,5.958971977233887,5.990293744328592,5.72405835063868,5.825854280388931,115370162
2020-09-18,6.240868091583252,6.280020861849584,5.935480665417065,5.935480665417065,160913376
2020-09-21,6.084259033203125,6.280020637223128,6.037276382656894,6.280020637223128,119066117
2020-09-22,6.115581035614014,6.264359621429148,5.958972194432257,5.990293962668609,118993005
2020-09-23,6.170393466949463,6.24869787675646,6.021614901623728,6.084258429469326,94286397
2020-09-24,5.951140880584717,6.233037135644881,5.91981911595413,6.139071841753122,137115196
2020-09-25,6.146902084350586,6.209545613490813,5.935479986809874,6.029445280520216,117844260
2020-09-28,6.123411655426025,6.248698728188525,6.08425925849528,6.186055191807275,82391107
2020-09-29,6.264359474182129,6.303511870249736,6.03727647311382,6.1860550554318365,131160157
2020-09-30,6.295680999755859,6.4836115975348845,6.23303746716285,6.319172137785784,158118083
2020-10-09,6.295680999755859,6.460120459504959,6.287850371489279,6.3896462986453715,121635154
2020-10-12,6.585407257080078,6.616729022103762,6.366154901914297,6.389646038989613,154247031
2020-10-13,7.016083717346191,7.1178796640313315,6.530595873227029,6.577578158300198,194324019
2020-10-14,7.352792263031006,7.728653476169662,7.211843934719084,7.728653476169662,398488237
2020-10-15,7.16486120223999,7.431096612468777,7.047404755030762,7.227504740320895,234735960
2020-10-16,7.29797887802124,7.485910238278473,7.133539404527334,7.211844200198671,171036973
2020-10-19,7.219674110412598,7.313639407802178,7.039573397005215,7.313639407802178,143078503
2020-10-20,7.337131500244141,7.493740349606416,7.164861392560689,7.235335561466187,136859377
2020-10-21,7.493740081787109,7.5563836192931975,7.352792495783347,7.360622377894204,120897817
2020-10-22,7.172691822052002,7.517232027827793,7.055235374992456,7.517232027827793,176524966
2020-10-23,7.219674110412598,7.478078864926395,7.180521716474488,7.321470035943761,135612443
2020-10-26,7.619026184082031,7.634687439844025,7.016082025871044,7.235334379150514,158752168
2020-10-27,7.4859089851379395,7.634687175884172,7.290147775499884,7.634687175884172,144493950
2020-10-28,7.830448627471924,7.924413921389214,7.3841132946723524,7.470247960737424,140020956
2020-10-29,7.689500331878662,7.799126881766525,7.556382645146892,7.689500331878662,150834024
2020-10-30,7.321469783782959,7.673839823550262,7.297977900167303,7.666009195678377,114841906
2020-11-02,7.548552513122559,7.791295994903333,7.305808284572033,7.305808284572033,185662398
2020-11-03,7.54072380065918,7.877433405747068,7.462418998202016,7.626858485946108,129110428
2020-11-04,7.509401321411133,7.658179535936281,7.337131220300538,7.478079552733741,111733098
2020-11-05,7.908753871917725,8.026210309445586,7.540722555950037,7.5563830657945035,194463406
2020-11-06,7.9400763511657715,7.963567491426206,7.7521449887726455,7.885262694864913,135139868
2020-11-09,7.697330474853516,8.049700492393546,7.611195814005423,7.987056966909529,235585058
2020-11-10,7.728652477264404,7.79912663231179,7.5094001312712315,7.697330713551094,101686378
2020-11-11,7.619026184082031,7.791296263615075,7.603365675089814,7.673839832479231,87300441
2020-11-12,7.57204532623291,7.900924291034106,7.368453443875996,7.619027608764557,159504982
2020-11-13,7.4389262199401855,7.564213278898119,7.290148024120084,7.517231005173783,136066047
2020-11-16,7.493740081787109,7.634688414560744,7.344961866902618,7.43892717316175,113629704
2020-11-17,7.493740081787109,7.6190271567992855,7.407605404408706,7.501570710667838,95536072
2020-11-18,7.525062084197998,7.572045112171352,7.423266145897309,7.501570943596269,73099916
2020-11-19,7.415435314178467,7.5563828865138545,7.070895144536852,7.462417589366996,148888056
2020-11-20,7.603366851806641,7.744315188399005,7.360622577316445,7.446758003798398,105881820
2020-11-23,7.431096076965332,7.658179072836913,7.407604938570293,7.595535539270258,112879067
2020-11-24,7.243165493011475,7.4859097462208535,7.117878425588503,7.4859097462208535,147639210
2020-11-25,7.274487495422363,7.423265706112272,7.180522191812444,7.219674588342373,82289547
2020-11-26,7.368452072143555,7.42326497381632,7.211843248242957,7.290148033578145,52693789
2020-11-27,7.39194393157959,7.438926956727127,7.274487488865523,7.337131024549005,61157118
2020-11-30,7.595536231994629,7.7364845687592165,7.3606225863102805,7.3606225863102805,126955574
2020-12-01,8.018380165100098,8.057532562229094,7.556383521871639,7.611197176560179,156438115
2020-12-02,8.159327507019043,8.355088722164854,8.010548565317153,8.065362213361425,135773092
2020-12-03,8.081022262573242,8.323766484124526,7.979226346875589,8.065361754572688,92696633
2020-12-04,8.049700736999512,8.143666028080858,7.963566073534048,8.081022500693294,49646765
2020-12-07,8.065362930297852,8.182819371118224,7.8539404406973725,8.08102344058131,77747758
2020-12-08,8.112346649169922,8.22197322770991,8.010550700547784,8.065364363202763,63755775
2020-12-09,7.979228973388672,8.221973274843803,7.963568460233167,8.214142644881061,56048210
2020-12-10,8.206310272216797,8.315936828104816,7.955736140781113,7.979227278910754,92747001
2020-12-11,7.384114742279053,8.261125070875591,7.384114742279052,8.22980330009607,321346930
2020-12-14,7.376284122467041,7.689501830668858,7.235335780391263,7.313640580826678,219554794
2020-12-15,7.799127101898193,7.916583536202736,7.45458768030702,7.47024818972172,165750662
2020-12-16,7.478079319000244,8.002719488025916,7.297978594657029,7.869601788615232,175315839
2020-12-17,7.321469783782959,7.399773822192484,7.102216683988825,7.376282685346604,135677214
2020-12-18,8.057531356811523,8.057531356811523,7.908753166102591,8.026209593148078,267625439
2020-12-21,7.767805576324463,8.214140936597257,7.728653181423207,8.112345008561919,252110425
2020-12-22,7.54072380065918,7.806959232889609,7.462418998202016,7.799128603289904,152765314
2020-12-23,7.619026184082031,7.752143870979868,7.454587479199761,7.5172310087081815,107406763
2020-12-24,7.658178329467773,7.861770167181927,7.587704174353662,7.6033654296100215,81030799
2020-12-25,7.517232418060303,7.666010641843721,7.462418759386482,7.642519500566322,109741881
2020-12-28,7.509401321411133,7.595535998581496,7.376283617839746,7.5015706925493175,94107335
2020-12-29,7.532893657684326,7.650350868957807,7.3136412421184795,7.478080740485361,99857663
2020-12-30,7.595536231994629,7.673841029479376,7.470249153434948,7.478079782537401,76775509
2020-12-31,7.728652477264404,7.759974240977714,7.548552522605307,7.619025930882942,107474743
2021-01-04,7.861771106719971,7.994888805228533,7.712992897853258,7.775636432825542,147594901
2021-01-05,7.728652477264404,7.869600787359176,7.415434840131301,7.861770159738411,233036439
2021-01-06,8.143667221069336,8.143667221069336,7.579875391989824,7.720822975874771,241072166
2021-01-07,8.331598281860352,8.4412240935727,7.932245190357222,8.151497560551753,208159440
2021-01-08,8.550850868225098,8.926712083774843,8.409902539009016,8.519529100262618,267233117
2021-01-11,8.879729270935059,9.208608188137825,8.511697959442476,8.566510863386334,240713152
2021-01-12,8.840576171875,8.871897935455921,8.535188416883695,8.770102017125486,183172971
2021-01-13,8.715291023254395,9.075491756582093,8.644816853094857,8.848408734273539,154279298
2021-01-14,8.535189628601074,9.020678153183463,8.496037978643981,8.691799215508867,168820996
2021-01-15,8.730952262878418,8.871900614946652,8.449056305511922,8.543021624634086,155781956
2021-01-18,9.326065063476562,9.43569162329728,8.730950733198114,8.730950733198114,215068663
2021-01-19,9.145964622497559,9.310404080496909,8.965863908131695,9.302573452313652,175221158
2021-01-20,9.232099533081055,9.396538995370838,9.02067779400552,9.02067779400552,121034503
2021-01-21,8.973694801330566,9.373047889232854,8.887560129080395,9.169456031074454,171815891
2021-01-22,9.122474670410156,9.263423020487384,8.770104541987054,8.856239976709787,159953753
2021-01-25,9.53748893737793,9.678436538417882,9.02067932443488,9.161626925474835,163899703
2021-01-26,8.80925464630127,9.513994719297465,8.676136960793357,9.490503582669529,258280734
2021-01-27,8.848405838012695,9.036336399078072,8.69179703712488,8.809253451098325,144927354
2021-01-28,8.613494873046875,8.785764979603382,8.378581227155253,8.738781951717101,144532821
2021-01-29,8.503867149353027,8.832746059521854,8.300276047585966,8.70745899788988,127286402
2021-02-01,8.958032608032227,8.997184999241993,8.52735854503404,8.550849681052,148194413
2021-02-02,8.926712036132812,9.091151503750673,8.785764454438825,9.028507968160046,130121461
2021-02-03,9.091151237487793,9.21643905176945,8.864068240930141,8.926711774686057,135353882
2021-02-04,8.69179916381836,9.153795052785302,8.652646767324253,9.106812774408255,133905209
2021-02-05,9.036338806152344,9.388708888705684,8.777934029161901,8.824917055328285,170824098
2021-02-08,9.200777053833008,9.208607681614206,8.707458705164058,9.09898113298674,152385181
2021-02-09,9.513997077941895,9.631454283740284,9.08332289699099,9.192948726278876,153398551
2021-02-10,9.623621940612793,9.733248497152752,9.373047807686968,9.451351850841379,150900957
2021-02-18,10.077787399291992,10.32836151902414,9.772399630791103,10.030805125227106,237040066
2021-02-19,9.654943466186523,10.156092466296483,9.318233923396255,10.093448934628963,168253190
2021-02-22,9.091151237487793,9.701926811762709,9.005016565265866,9.639283278006793,169366632
2021-02-23,8.770103454589844,9.20077833449463,8.730951057003978,9.020678351077466,157063110
2021-02-24,8.527359962463379,8.911051817203425,8.441224538130395,8.785764741922584,170154682
2021-02-25,8.770103454589844,9.114643657221622,8.652647008602116,8.683968777316835,191592707
2021-02-26,8.574342727661133,8.770103980561021,8.488208045222352,8.550851586408722,167513635
2021-03-01,8.981527328491211,9.028509615370965,8.691800736832782,8.730952393642582,165460136
2021-03-02,8.597832679748535,8.99718575965462,8.331598039914292,8.965863993393544,242120314
2021-03-03,8.72312068939209,8.738781199492882,8.355089367400593,8.496037692156875,109460749
2021-03-04,8.308107376098633,8.613495202101213,8.221972692914793,8.613495202101213,183456083
2021-03-05,8.276784896850586,8.370750201400742,8.041872008860127,8.04970189082858,141297004
2021-03-08,7.924415111541748,8.582173014519936,7.8461110615685605,8.339428742032316,206513988
2021-03-09,7.908753871917725,8.14366674697345,7.587704832253254,7.83827971069308,153320105
2021-03-10,8.308107376098633,8.394242806052397,8.010550179504564,8.06536383859421,147750049
2021-03-11,7.712993144989014,8.378580912088404,7.493740018790984,8.221972069639715,486723198
2021-03-12,7.95573616027832,8.167158644272677,7.7991273277472155,7.861770860759657,257831332
2021-03-15,7.82261848449707,8.120175640397166,7.650349141688979,7.814787856159479,199351099
2021-03-16,7.932246685028076,8.01838137428523,7.783467702855747,7.79129833281639,118167630
2021-03-17,8.120176315307617,8.386411726755389,7.869602161836719,7.95573684039987,111478750
2021-03-18,8.26895523071289,8.409902817832114,8.049702100936535,8.190650434825638,121310010
2021-03-19,7.861771106719971,8.135837132301091,7.838279967797825,8.128006503737096,153724980
2021-03-22,8.128005027770996,8.14366553528535,7.7599737665623225,7.8304479173011865,126198952
2021-03-23,7.947904586791992,8.229801198594567,7.8617699258355005,8.143665790868344,92812487
2021-03-24,7.830448627471924,7.97922682281519,7.799126862832828,7.932244549241433,88579563
2021-03-25,7.712993144989014,8.182819672335077,7.540723044910523,8.096684995680766,210271905
2021-03-26,7.908753871917725,8.198480398353627,7.752144292854152,7.8147878257716545,182025776
2021-03-29,7.415435314178467,7.501569983203971,7.117878166495181,7.501569983203971,353216910
2021-03-30,7.619026184082031,7.673839832479231,7.243165007031511,7.337130301294141,298779010
2021-03-31,7.26665735244751,7.642519338778707,7.133539643410408,7.587705681265259,232319582
2021-04-01,7.29797887802124,7.3841143026136855,7.196182942356453,7.204013571277562,118415334
2021-04-02,7.274487495422363,7.438926963432184,7.141369795282515,7.344961659822265,134183652
2021-04-06,7.282317638397217,7.329299913683826,7.204012850559798,7.282317638397217,71208322
2021-04-07,7.423264503479004,7.4702475210572326,7.243164554096876,7.337129842483603,133773118
2021-04-08,7.517232418060303,7.579875959313312,7.352792935578674,7.454588876807294,100522409
2021-04-09,7.431096076965332,7.611196796046834,7.423265448577044,7.532892005703602,86329364
2021-04-12,7.274487495422363,7.634688199311979,7.24316572755239,7.438926963432184,105946899
2021-04-13,7.094388008117676,7.297979139985366,7.00042195123117,7.2275049707054375,130022036
2021-04-14,7.3449625968933105,7.376284368759318,7.047405390781263,7.08655779230626,103989450
2021-04-15,7.125709056854248,7.4310960971278295,7.094387289985937,7.399774330259517,106224156
2021-04-16,7.188353061676025,7.297978879514476,7.125709523834089,7.180522432753314,88043026
2021-04-19,7.611196041107178,7.650348432395344,7.149199466800265,7.196181738930264,153886694
2021-04-20,7.56421422958374,7.650349653520325,7.532892460907674,7.595535998259806,72476014
2021-04-21,7.595536231994629,7.634688630737002,7.3919443559502005,7.399774985052654,76734606
2021-04-22,7.82261848449707,7.869601507752799,7.438926657192929,7.666009651594341,128972930
2021-04-23,7.877431869506836,8.174988268567377,7.720822295134178,8.088853600078252,221702810
2021-04-26,8.206310272216797,8.339427966234458,7.963566769080932,7.971397397380752,191973916
2021-04-27,8.25329303741455,8.276784174810333,8.11234471950027,8.25329303741455,111690188
2021-04-28,8.3864107131958,8.472545381348942,8.174988236679283,8.261123651602217,104306959
2021-04-29,8.339427947998047,8.394241599207101,8.14366672154955,8.292445671841504,132759636
2021-04-30,8.44122314453125,8.558680318292916,8.308105462329879,8.339427225979039,94362969
2021-05-06,8.394242286682129,8.668307578093644,8.22980281312727,8.441224566686445,125287087
2021-05-07,8.229802131652832,8.472545634037635,8.19064973704469,8.456885124256267,104504801
2021-05-10,7.932246685028076,8.253295045714715,7.830450735849634,8.174990239648228,159971284
2021-05-11,7.767805576324463,7.987057942293753,7.681670904957555,7.869601504359803,96060118
2021-05-12,7.885261535644531,7.924413928169344,7.673839810842179,7.752143849122031,71741360
2021-05-13,7.720822334289551,7.853940025119526,7.634687665363602,7.791296493760691,69884181
2021-05-14,7.7521443367004395,7.806957988390645,7.595535503520901,7.681670921847014,96591359
2021-05-17,8.018380165100098,8.261124429883985,7.791297157875754,7.791297157875754,143851059
2021-05-18,8.096684455871582,8.182819126783262,8.034040923068577,8.06536268947008,74687277
2021-05-19,8.057531356811523,8.143666020193564,7.932244302157739,8.104514375691569,64322218
2021-05-20,8.19064998626709,8.32376768392334,7.932245219468449,8.073193545638558,105106518
2021-05-21,8.096684455871582,8.29244568257343,8.010549038190087,8.182819126783262,88444799
2021-05-24,8.065362930297852,8.104515326161255,7.9244146038975325,8.026210534434448,99673539
2021-05-25,8.496037483215332,8.535189130889378,8.018379615185923,8.065362637872514,168774237
2021-05-26,8.065362930297852,8.550850697402481,7.979227510044395,8.456885395392215,203281041
2021-05-27,8.073193550109863,8.143666966464112,7.932245223861692,8.073193550109863,93167098
2021-05-28,8.151497840881348,8.355089707876987,8.057532536137943,8.073193793646775,115849761
2021-05-31,8.018380165100098,8.104515588137861,7.877432580913519,8.073193819788637,116549974
2021-06-01,7.893094539642334,8.026212266238623,7.8539421353310725,7.987059861927362,100454276
2021-06-02,7.697330474853516,7.932244068803446,7.619025694613629,7.908752933439372,127097748
2021-06-03,7.642518043518066,7.853939768246883,7.611196278863066,7.697330944971876,83633212
2021-06-04,7.791296482086182,7.8069577382873225,7.532891728925731,7.6425182820243265,109039452
2021-06-07,7.9400763511657715,7.971398120436312,7.69733207924167,7.783466758043185,110250510
2021-06-08,7.838280200958252,8.002719671844435,7.799127803743472,7.932245506211804,83847113
2021-06-09,7.603366851806641,7.8852627782214775,7.58770559362087,7.869602266805599,93650521
2021-06-10,7.619026184082031,7.791296263615075,7.579874538216601,7.650348695606018,108317283
2021-06-11,7.57204532623291,7.673841267411368,7.438927614443383,7.673841267411368,107662290
2021-06-15,7.3449625968933105,7.587706142162384,7.204014250111302,7.5642149999553645,124194388
2021-06-16,7.26665735244751,7.391944432301275,7.25099684085074,7.36845329152117,65874519
2021-06-17,7.125709056854248,7.313639658064117,7.078726033166867,7.211843729049648,115700346
2021-06-18,7.086556434631348,7.297978167529271,7.078725806472587,7.188352360385831,114489525
2021-06-21,6.961269378662109,7.0943870704250935,6.851642824630885,7.078725814090717,169635848
2021-06-22,7.000421047210693,7.063065325968575,6.929947633801464,7.016082303592615,125007909
2021-06-23,7.305809497833252,7.384114293406956,7.016082949042348,7.016082949042348,191096260
2021-06-24,7.00825309753418,7.3527933401533785,6.984761954964221,7.329301450813461,141952682
2021-06-25,7.16486120223999,7.172691831192573,6.875134651923333,6.969099959044691,127933931
2021-06-28,7.26665735244751,7.297979122410951,7.031743704336749,7.16486141337385,128291558
2021-06-29,7.384114742279053,7.454588913225457,7.235335770998882,7.282318800553125,128009902
2021-06-30,7.368452072143555,7.438926229591268,7.2353343851356025,7.36062144425608,78777281
2021-07-01,7.196183204650879,7.376283942551513,7.094388012045624,7.368453313344985,84477847
2021-07-02,6.961269378662109,7.172691111787564,6.922116984595972,7.125708836324042,106747496
2021-07-05,6.687203884124756,6.969099799015755,6.561916810839867,6.969099799015755,209242377
2021-07-06,6.667360782623291,6.691173331513267,6.476864933282789,6.619737198769774,148464797
2021-07-07,6.707047462463379,6.802295385079005,6.5959252645600825,6.5959252645600825,108766567
2021-07-08,6.476863861083984,6.746733314789666,6.460989588081758,6.746733314789666,161054988
2021-07-09,6.548300743103027,6.643548663076217,6.349867387251421,6.4848021297875675,158620391
2021-07-12,6.580050468444824,6.68323591088886,6.40542889223467,6.611799777122741,135690410
2021-07-13,6.707047462463379,6.7229224947142505,6.5086141011066925,6.556238440896105,116812704
2021-07-14,6.651485919952393,6.762608867408573,6.5483004880923295,6.762608867408573,95958484
2021-07-15,6.707047462463379,6.738796770001921,6.516551617232127,6.651486363511731,104124141
2021-07-16,6.5324249267578125,6.69910895593318,6.508613138865072,6.675297168040438,85883473
2021-07-19,6.5324249267578125,6.587986774458328,6.413365230331017,6.429240260234905,79312411
2021-07-20,6.445115089416504,6.532425490533873,6.413365783831719,6.492739426275258,61655129
2021-07-21,6.524489402770996,6.6514866381692155,6.437178235712295,6.437178235712295,104647739
2021-07-22,6.667360782623291,6.841982356333692,6.4927399658761065,6.5244892740995235,147552948
2021-07-23,6.3419294357299805,6.714984331056193,6.310180131253055,6.683235026579268,222151192
2021-07-26,6.175245761871338,6.389553755824833,6.056185681123494,6.19112041407228,225955484
2021-07-27,5.7545671463012695,6.222869973114374,5.7545671463012695,6.175246014562774,219734826
2021-07-28,5.992686748504639,6.048247838964907,5.714879782277126,5.722817297189474,199903439
2021-07-29,6.1117472648620605,6.389554268386185,6.0958726113876756,6.103810127365665,218052122
2021-07-30,5.953000068664551,6.111746585769652,5.849814643305459,6.111746585769652,118880209
2021-08-02,6.167308330535889,6.270493760488295,5.913313513379557,5.953000333663273,125166349
2021-08-03,6.079997539520264,6.222869789439614,6.048248234756312,6.127621496666191,108186314
2021-08-04,6.087935447692871,6.191120884073128,5.873627437470118,6.111747238561182,135136057
2021-08-05,5.913313865661621,6.1434965286644,5.905376728220968,6.032373955124132,105343809
2021-08-06,5.794253826141357,5.9371256983064535,5.778379173678569,5.897438877908698,83315086
2021-08-09,6.270493507385254,6.365741796525244,5.7307545900243415,5.762504272058706,211222925
2021-08-10,6.413365840911865,6.460990178194485,6.072060613596962,6.19112069984035,176235251
2021-08-11,6.397491455078125,6.603861561141434,6.365742149763527,6.421303244823286,110202440
2021-08-12,6.1117472648620605,6.4133660593569655,6.103810127365665,6.373679236430207,149967976
2021-08-13,6.0244364738464355,6.143496178032175,5.9926871689326955,6.079997568204695,96575298
2021-08-16,6.175245761871338,6.270493675076988,5.976812420118785,6.056185681123494,101752042
2021-08-17,6.000624179840088,6.2069950359248685,5.9847495277167635,6.175245731678219,101181969
2021-08-18,5.913313865661621,6.079997915212818,5.88156455893583,6.040311471046375,104399694
2021-08-19,5.881564140319824,6.079997482473466,5.857752351211063,5.921250960143178,98862415
2021-08-20,5.635507106781006,5.88156441721786,5.540259188898659,5.8736272799684555,175313575
2021-08-23,6.0720601081848145,6.1196840630218405,5.635506621123087,5.659318787782374,197885468
2021-08-24,6.222869873046875,6.254619178237394,5.992687221174826,6.016499010826929,139427150
2021-08-25,6.349867343902588,6.381616650343574,6.167308642626125,6.222870118138644,131878550
2021-08-26,6.1117472648620605,6.611799417027573,6.040311513468126,6.611799417027573,236807971
2021-08-27,5.881564140319824,6.191120426586231,5.841877698978035,6.1117467869395234,195007682
2021-08-30,5.706943511962891,5.945063318248552,5.635507380836392,5.913314010743798,242391942
2021-08-31,5.706943511962891,5.8498153957342875,5.635507380836392,5.706943511962891,183482371
2021-09-01,5.802190780639648,5.8339400845666365,5.61169495707772,5.714880005599652,166785642
2021-09-02,5.738692760467529,5.8656899891808765,5.691068799700024,5.833940682002539,136710237
2021-09-03,5.714880466461182,5.794254111161088,5.635507200242863,5.714880466461182,122588699
2021-09-06,5.77044153213501,5.8180654884828975,5.6831307562564355,5.730754712604323,149991056
2021-09-07,5.905375957489014,5.968874562653164,5.762504095869677,5.786315883565464,183952964
2021-09-08,5.94506311416626,6.095872508877656,5.897439154543964,5.9212513235959054,178336238
2021-09-09,5.913313865661621,5.992687510957689,5.818065945484248,5.905376728220968,138116535
2021-09-10,5.960938453674316,6.064123515610241,5.841878359229597,5.905376975338353,141176731
2021-09-13,5.865689277648926,6.024436172765562,5.8339399743219085,5.992686869438545,126117687
2021-09-14,5.7545671463012695,5.913313674806604,5.722817840600202,5.913313674806604,129623977
2021-09-15,5.706943511962891,5.770442126972401,5.65138203458877,5.722818165715268,121315313
2021-09-16,5.691068649291992,5.786316568309716,5.6831311334663885,5.71488043980563,105375857
2021-09-17,5.802190780639648,5.802190780639648,5.651381397745676,5.699005353636158,119863232
2021-09-22,5.738692760467529,5.786316721235035,5.699005937253809,5.714880590842978,68661734
2021-09-23,5.7466301918029785,5.929188906652057,5.714880883001539,5.778379879086033,126608644
2021-09-24,5.77044153213501,5.873626960129547,5.667256104140473,5.722817575787123,119620304
2021-09-27,6.0244364738464355,6.079997568204695,5.754567003598078,5.770441656054948,235865295
2021-09-28,5.873627185821533,6.024436575958753,5.833940364765894,6.024436575958753,137268845
2021-09-29,5.73075532913208,5.833940768227542,5.691068883813395,5.794254322908858,109589854
2021-09-30,5.810128688812256,5.921251260072145,5.738692560904393,5.738692560904393,86021274
2021-10-08,6.056185722351074,6.151433636205126,5.7942537700116485,5.873627031556691,230044421
2021-10-11,5.976812362670898,6.183182839299551,5.9688748474059405,6.103809579057762,138564172
2021-10-12,6.032372951507568,6.095871554394775,5.873626444289552,5.976811863222027,139727280
2021-10-13,6.262557029724121,6.270494546168046,5.921251770749295,6.040311868036854,200625036
2021-10-14,6.270493507385254,6.389553584949076,6.191120248503224,6.191120248503224,166524971
2021-10-15,6.2546186447143555,6.326054386058721,6.151433222406165,6.238743993473213,136602577
2021-10-18,6.095872402191162,6.286368615827976,6.072060612037548,6.2625564471927815,120143577
2021-10-19,6.11968469619751,6.175246171830172,6.048248567310028,6.048248567310028,87809600
2021-10-20,5.968875408172607,6.167308766660369,5.945063238622174,6.151434113120612,127346709
2021-10-21,5.953000068664551,6.064122630638121,5.897438598436989,5.9688747203750605,98885452
2021-10-22,6.122806549072266,6.237098828990566,5.943204394914938,5.9595318634746945,136538429
2021-10-25,6.000349998474121,6.204443538485332,5.918712660325143,6.11464227188269,163438440
2021-10-26,6.073824882507324,6.179953635699167,6.024842470867459,6.130971224059302,113370866
2021-10-27,5.730947494506836,5.8534037157400896,5.714620024294242,5.8289123157824,276779245
2021-10-28,5.763601303100586,5.788092698248759,5.469706507710104,5.7227828302236565,196857600
2021-10-29,6.008513450622559,6.0248409169580475,5.673799806828776,5.706454739499754,183911896
2021-11-01,5.8860578536987305,5.9676951936318,5.779929117146968,5.869730385712116,207212062
2021-11-02,6.0983147621154785,6.245262359045812,5.85340274936081,5.886057684394765,281232420
2021-11-03,6.090151309967041,6.220771051968199,5.992186503466173,6.041168906716607,150148141
2021-11-04,6.335063934326172,6.3840463392685844,6.090151520336558,6.139133925278971,216701833
2021-11-05,6.065659999847412,6.326899876837387,6.008514056549089,6.269753544261521,251368488
2021-11-08,6.228935241699219,6.286081186582434,5.975859286320191,6.041169160059611,171482428
2021-11-09,6.11464262008667,6.261590226400433,6.098315151527092,6.2044438918031295,110243939
2021-11-10,6.065659999847412,6.163625197017117,6.000350127919304,6.114642403793493,114647960
2021-11-11,6.02484130859375,6.073823710784244,5.975858906403255,6.01667738025657,107154651
2021-11-12,5.943203449249268,6.065659249323848,5.877893196124664,6.0411682450199296,151278026
2021-11-15,6.171788215637207,6.204443148846067,5.877893427479957,5.877893427479957,205418282
2021-11-16,6.220771312713623,6.318736123320714,6.139133970541047,6.171788907410077,142529872
2021-11-17,6.0330047607421875,6.253425762062801,6.008513754638521,6.228934755959135,153074984
2021-11-18,5.8860578536987305,6.0166775975916424,5.853402917725503,6.0166775975916424,167013819
2021-11-19,5.918712139129639,5.943203533056414,5.820747341977541,5.8615658128188315,125412170
2021-11-22,5.902385234832764,5.9921865020765015,5.877893838574457,5.918712702579121,106756215
2021-11-23,5.853402614593506,5.935039950298798,5.804420213170331,5.886057548875622,137851693
2021-11-24,5.894221305847168,5.935040169848552,5.7962564993768915,5.8615663703570755,118120096
2021-11-25,5.93503999710083,5.984022398910266,5.8452387324781006,5.877893667017725,107520022
2021-11-26,5.877893924713135,5.959531653918837,5.812584052770607,5.959531653918837,106891086
2021-11-29,5.812583923339844,5.894221261450158,5.796256455717781,5.812583923339844,122117000
2021-11-30,5.771765232086182,5.837075100120831,5.7227828310601945,5.82891117197774,112988357
2021-12-01,5.7962565422058105,5.7962565422058105,5.722783131448972,5.739110599314663,70783801
2021-12-02,5.8044209480285645,5.812584487993862,5.763602080369358,5.788093478820397,105101511
2021-12-03,5.771765232086182,5.82891117197774,5.7227828310601945,5.82891117197774,121612533
2021-12-06,5.641145706176758,5.763601916392883,5.641145706176758,5.755438376659841,149339079
2021-12-07,5.763601303100586,5.771765231242483,5.665636501062932,5.665636501062932,154087324
2021-12-08,5.788093566894531,5.788093566894531,5.681964820787751,5.779929637527435,128482155
2021-12-09,6.310572147369385,6.367718477577326,5.7799288760250205,5.7962563433305,631899720
2021-12-10,6.449356555938721,6.596303778590564,6.179953119771555,6.22893552732217,429980194
2021-12-13,6.63712215423584,6.775905826647869,6.514665949797135,6.571812282342542,336352205
2021-12-14,6.45751953125,6.718759015343984,6.416701056499084,6.686104079832236,214770686
2021-12-15,6.326900005340576,6.457519751849759,6.269753671604033,6.457519751849759,147976600
2021-12-16,6.45751953125,6.539157259306908,6.310572321447134,6.392209660226504,164498033
2021-12-17,6.318735599517822,6.457519264345259,6.310572060616073,6.4085368631021975,97662784
2021-12-20,6.220771312713623,6.367718917901814,6.163625367831596,6.286081186451684,126768414
2021-12-21,6.286080360412598,6.343226687062713,6.204443028967791,6.212606956751023,137589313
2021-12-22,6.302408695220947,6.4411923724413045,6.212607812895174,6.277917687051211,129021308
2021-12-23,6.326900005340576,6.400373807390767,6.163625322204098,6.261590132085985,156700572
2021-12-24,6.392210006713867,6.457519881277461,6.269753797268351,6.310572663509376,117942172
2021-12-27,6.555484771728516,6.64528643424659,6.375882614525056,6.408537552198411,161524418
2021-12-28,6.710596084594727,6.735087092389807,6.4738472104844655,6.571812409497437,219736264
2021-12-29,6.4656829833984375,6.694267515139387,6.4656829833984375,6.694267515139387,126388983
2021-12-30,6.743251323699951,6.80039727063728,6.400374084965707,6.424865093859543,173969620
2021-12-31,6.686103343963623,6.77590499065372,6.620793480128092,6.751413986354143,109877035
2022-01-04,6.939180850982666,6.996326797088413,6.620794625775382,6.661613492374539,186084250
2022-01-05,6.865706443786621,7.14327377801546,6.79223264607251,6.939180241500733,166144466
2022-01-06,6.710596084594727,6.8575429099203085,6.637122282654385,6.841215830908622,117923201
2022-01-07,6.89019775390625,7.045309284485891,6.726923073208015,6.726923073208015,202791249
2022-01-10,6.857542514801025,7.020817966840856,6.735086704326207,6.89019744949798,117146500
2022-01-11,6.7350873947143555,6.865707146891509,6.588139784237489,6.8493800671469325,131758607
2022-01-12,6.702432155609131,6.759578099980961,6.58813948831037,6.735087092186619,85353328
2022-01-13,6.539157390594482,6.784069801127271,6.5309934619138685,6.7024320714313115,85259906
2022-01-14,6.433028221130371,6.563647957022556,6.400373287157326,6.490174160944442,91533585
2022-01-17,6.416701793670654,6.5718129498099005,6.375882924952796,6.473847742742557,100813646
2022-01-18,6.449356555938721,6.506502503442318,6.36771921002103,6.433029086755182,64885156
2022-01-19,6.335063934326172,6.473847220357565,6.294245068902053,6.41670127589686,108608261
2022-01-20,6.620794296264648,6.669777089456836,6.294244936833687,6.367718737344425,168838150
2022-01-21,6.5309929847717285,6.735086515545845,6.506501589796727,6.571811846637559,124480167
2022-01-24,6.702432155609131,6.759578099980961,6.465683670783562,6.498338607361052,122017740
2022-01-25,6.375882625579834,6.669777454427172,6.375882625579834,6.661613525355897,131237392
2022-01-26,6.302408695220947,6.4820112384276065,6.188116415447882,6.375882498285267,116960043
2022-01-27,6.27791690826416,6.408536640372619,6.2534255138550705,6.310571841291275,82522519
2022-01-28,6.220771312713623,6.3513914494672985,6.1554614389755615,6.294245115307718,76762143
2022-02-07,6.27791690826416,6.392209173859062,6.220770580827955,6.343226774318389,72767597
2022-02-08,6.245262622833252,6.32689996386634,6.1391338848514625,6.261590091039869,126388132
2022-02-09,6.36771821975708,6.465683019623494,6.220770630679948,6.23709809732435,178281101
2022-02-10,6.726922512054443,6.767741373462703,6.310571916366747,6.375881783197953,257076170
2022-02-11,6.604466915130615,6.93101625960782,6.571811980682895,6.74325058117219,176244530
2022-02-14,6.522829532623291,6.64528612715578,6.482011057056674,6.628958269796078,101447867
2022-02-15,6.604466915130615,6.645285777829028,6.490174255286069,6.522829189733789,99145999
2022-02-16,6.571812152862549,6.7350868293789015,6.530993289094693,6.6371220234690895,71786746
2022-02-17,6.555484771728516,6.669777442862825,6.53099376311228,6.5391576921694,68347191
2022-02-18,6.612630844116211,6.653448928264111,6.4901742560073625,6.498338184258963,72541247
2022-02-21,6.539157390594482,6.620794341735351,6.490174597065889,6.588139405567986,69577585
2022-02-22,6.343226909637451,6.4983380394639605,6.2697531141202845,6.4983380394639605,112878105
2022-02-23,6.563648223876953,6.637122022942247,6.318735819844329,6.326899748308266,133792053
2022-02-24,6.302408695220947,6.5963035182006715,6.2207713525259,6.579976438939219,155729515
2022-02-25,6.351390361785889,6.490173625073731,6.343226434327934,6.343226434327934,84517995
2022-02-28,6.245262622833252,6.3758823684861925,6.130970345386928,6.3513913608150405,134296659
2022-03-01,6.228935241699219,6.269753718147579,6.13913397066874,6.245262710134074,104430623
2022-03-02,5.959531307220459,6.212607240913722,5.943203840184685,6.204443312757075,183026046
2022-03-03,5.984022617340088,5.992186545911758,5.894221349439417,5.959531610180157,118916358
2022-03-04,5.869730472564697,5.959531742458608,5.845239075583613,5.926876806002194,94816748
2022-03-07,5.812583923339844,5.910548729072221,5.722783046057265,5.828911390961907,105547174
2022-03-08,5.632981777191162,5.869730252252922,5.600326841960404,5.7962564533449505,147150402
2022-03-09,5.739110469818115,5.74727400892799,5.469706672196699,5.673800210551464,142505245
2022-03-10,5.657472133636475,5.91871197472997,5.632981129667469,5.91871197472997,159770183
2022-03-11,5.543180465698242,5.690127673044528,5.396233258351955,5.5595079331811625,177457810
2022-03-14,5.037029266357422,5.486034877562371,5.028865336871973,5.453379938175742,286801462
2022-03-15,4.620677471160889,4.988046064811918,4.620677471160889,4.947227202424852,327207525
2022-03-16,4.996210098266602,5.061519973128508,4.628841857529595,4.759461607253408,267665053
2022-03-17,5.200303554534912,5.347251159501914,5.08601127566534,5.2247949517885965,211457923
2022-03-18,5.175812244415283,5.257449581699312,5.094174517853725,5.159484776958478,151760987
2022-03-21,5.061519622802734,5.241122155519609,5.00437368089262,5.224794687934215,185544802
2022-03-22,5.0860114097595215,5.126830276499346,4.9717191278766,5.053356472078687,139402717
2022-03-23,5.06968355178833,5.134993422137048,5.0207011490267925,5.1186659545498685,116145626
2022-03-24,4.979881763458252,5.0533555545382365,4.963554297582421,5.020700622786575,104544452
2022-03-25,4.9309000968933105,5.028864906672702,4.881917692003615,5.020701367163195,101472201
2022-03-28,4.898244857788086,4.947227259652664,4.832934988635316,4.873753462217034,83430205
2022-03-29,4.841098785400391,4.930900054905597,4.816607777802864,4.914572586748064,90955290
2022-03-30,4.996210098266602,4.996210098266602,4.808444013399839,4.898245285973741,150338246
2022-03-31,4.988046169281006,5.118665908811268,4.930899838597751,4.9635547734803165,126110322
2022-04-01,5.077847480773926,5.11866634751434,4.914572792367393,4.979882667730006,116391949
2022-04-06,5.02886438369751,5.126829572566592,4.996209450500319,5.0615193168947,104986760
2022-04-07,4.898244857788086,5.0370285243764865,4.881917390499893,5.020701057088294,91893907
2022-04-08,4.8655900955200195,4.930899966985651,4.775788827616006,4.930899966985651,97418881
2022-04-11,4.637004852294922,4.873753315484781,4.620677385498294,4.8655897767252245,144156237
2022-04-12,4.849262714385986,4.873753721984866,4.645169167766766,4.65333270720721,160145343
2022-04-13,4.792116641998291,4.890081456280531,4.751298164019475,4.816608040207635,104471952
2022-04-14,4.808443546295166,4.881917343016156,4.743133677777629,4.816607474498619,122874316
2022-04-15,4.808443546295166,4.881917343016156,4.759461144907013,4.78395254023985,80792638
2022-04-18,4.694151401519775,4.7757887393428735,4.63700507040484,4.7757887393428735,124470008
2022-04-19,4.653332233428955,4.80027982117098,4.62067730043684,4.669659699925012,105133093
2022-04-20,4.6043500900268555,4.751297685941854,4.571695155218529,4.669659959643508,149303733
2022-04-21,4.3839287757873535,4.563531293825039,4.375765237300642,4.563531293825039,202526750
2022-04-22,4.555367469787598,4.6043498696557155,4.351273942365017,4.383928875610429,173067640
2022-04-25,4.3186187744140625,4.5145487525157675,4.310455236185131,4.4492385002968735,147073775
2022-04-26,4.171672344207764,4.367601968792972,4.139017406776896,4.359438429074035,134754098
2022-04-27,4.392092704772949,4.400256243261931,4.041051596364172,4.130852855407987,179437031
2022-04-28,4.326783657073975,4.375766065093076,4.236982381066834,4.3431111264136755,97597156
2022-04-29,4.759460926055908,4.759460926055908,4.2288176848348495,4.261472617592068,246705752
2022-05-05,4.808443546295166,4.8492624087573875,4.653332413927254,4.734970138851698,262028772
2022-05-06,4.661496639251709,4.77578891644232,4.563531830231185,4.669660178697979,170696293
2022-05-09,4.6696600914001465,4.710478955701043,4.628841616376791,4.637005155670446,81383904
2022-05-10,4.694151401519775,4.726806336649014,4.514549258308959,4.5798591285674375,165070226
2022-05-11,4.81660795211792,4.9798826396022315,4.669660344104479,4.702315670878902,203994901
2022-05-12,4.718642234802246,4.824770566677588,4.661495910502072,4.7839520972724525,105354943
2022-05-13,4.612514019012451,4.751297686606003,4.563531616793115,4.734970219199558,112496241
2022-05-16,4.612514019012451,4.792116160483352,4.555367688451128,4.661496421231788,139191593
2022-05-17,4.702314853668213,4.71864231957911,4.547203732875946,4.547203732875946,97270568
2022-05-18,4.743134021759033,4.775788958386002,4.6533327513960945,4.726806553445549,120571558
2022-05-19,4.645168781280518,4.694151181680403,4.604349919641856,4.661496248080479,114090596
2022-05-20,4.841098785400391,4.873753721715457,4.645169167509992,4.677824103825058,173760495
2022-05-23,4.653332233428955,4.857425759268427,4.612513761827565,4.824770826276312,237499226
2022-05-24,4.473730087280273,4.669659684589516,4.473730087280273,4.669659684589516,129530512
2022-05-25,4.571695804595947,4.579859734096423,4.457403516532384,4.473730986255751,85390388
2022-05-26,4.76762580871582,4.816608217661555,4.539040844358143,4.5716957836553,233023667
2022-05-27,4.710478782653809,4.881917383575426,4.661496380858707,4.816607514515291,153757341
2022-05-30,4.873753070831299,4.914571930412593,4.775788274969186,4.775788274969186,208947650
2022-05-31,5.241122245788574,5.290104649388392,4.8819175634457,4.8819175634457,304155563
2022-06-01,5.265613079071045,5.314595870330916,5.159484736081398,5.224794605391189,213970584
2022-06-02,5.200303554534912,5.241122420198535,5.134993680895157,5.208467483378658,131857058
2022-06-06,5.371741771697998,5.4370516405258424,5.167648236972223,5.200303171386145,157622738
2022-06-07,5.363578796386719,5.420724742977734,5.314596389618321,5.379906265309518,85877993
2022-06-08,5.3880696296691895,5.420724566451377,5.257449882540438,5.363578621721325,113806769
2022-06-09,5.330923557281494,5.494198237282555,5.265613296003526,5.3472510252816,147331800
2022-06-10,5.224794387817383,5.314595649017556,5.11050212128467,5.306431721055035,233433235
2022-06-13,5.1023383140563965,5.216630583293553,5.004373511853118,5.192139577381495,208803290
2022-06-14,5.077847480773926,5.11866634751434,4.9635551988893525,5.06968394099238,155766805
2022-06-15,5.216631889343262,5.339088117394583,5.037029707004909,5.09417566129194,177131405
2022-06-16,5.175812244415283,5.273777049156117,5.15132084859131,5.208467179328895,135589359
2022-06-17,5.20846700668335,5.216630545502389,5.037028409430817,5.1268296721053614,145038696
2022-06-20,5.306432247161865,5.347251112466438,5.175812501031312,5.22479490583027,124120052
2022-06-21,5.330923557281494,5.420724436643306,5.265613296003526,5.298268232003738,114125154
2022-06-22,5.118666648864746,5.371742625432954,5.1105031086025905,5.3472516153689,142832721
2022-06-23,5.143157005310059,5.143157005310059,5.045191817085838,5.110502072327821,97833381
2022-06-24,5.183975696563721,5.224794559159921,5.102338360648844,5.126829756062069,106634553
2022-06-27,5.306432247161865,5.477870858596991,5.151321103993059,5.216630977058335,193105668
2022-06-28,5.3880696296691895,5.396233558503513,5.232958485315021,5.330923684939137,103331436
2022-06-29,5.428888320922852,5.632981863895308,5.330923513722682,5.330923513722682,159973036
2022-06-30,5.494197845458984,5.64114504698027,5.4697064505666795,5.51868924035129,144020371
2022-07-01,5.404397010803223,5.535017145100591,5.379906003250779,5.469706883313134,73189264
2022-07-04,5.50236177444458,5.50236177444458,5.290104690528038,5.396233427125081,90755919
2022-07-05,5.526853084564209,5.649309287238077,5.437051817366368,5.510525616826196,149687794
2022-07-06,5.355414390563965,5.5023615977883695,5.257449585747696,5.486034130318991,190370042
2022-07-07,5.314595699310303,5.461542900528658,5.273776837666446,5.347250632914382,131105823
2022-07-08,5.420724868774414,5.535017543163922,5.355414991567596,5.363578920857235,126805733
2022-07-11,5.126830101013184,5.428888458860536,5.061519838609455,5.428888458860536,206222685
2022-07-12,5.0860114097595215,5.167648753961608,5.061520011860114,5.118666347440356,84004731
2022-07-13,5.037029266357422,5.1268305443094455,5.004374326970792,5.094175215645232,100037750
2022-07-14,5.1023383140563965,5.151320715158035,4.979882116663538,4.988046044819239,87834799
2022-07-15,5.053355693817139,5.1513204917721955,5.037028227491296,5.094174164992994,79442840
2022-07-18,5.1676483154296875,5.19213971125073,5.037028575790874,5.053356043245725,91827297
2022-07-19,5.1676483154296875,5.2492856527039455,5.126829841431324,5.126829841431324,58162848
2022-07-20,5.151320934295654,5.232958272937911,5.118665998838751,5.1921397982555515,49890248
2022-07-21,5.061519622802734,5.159484817592635,5.061519622802734,5.159484817592635,59641041
2022-07-22,4.988046169281006,5.094174513010579,4.914572371156468,5.061519578128014,83971492
2022-07-25,4.914572715759277,5.004373987621834,4.865590310000853,4.988046519035692,95086082
2022-07-26,4.988046169281006,5.053356039046137,4.914572371156468,4.947227306039034,77923826
2022-07-27,4.922735691070557,5.004373018186676,4.898244298296979,4.996209090836324,79152721
2022-07-28,4.9472270011901855,5.061519266236458,4.9145720683198215,4.9472270011901855,63392210
2022-07-29,4.824771404266357,4.955391541160141,4.7921164673623,4.922736604256084,98617900
2022-08-01,4.881917476654053,4.890081015803453,4.743133807616453,4.81660760634872,49056170
2022-08-02,4.808443546295166,4.881917343016156,4.685987348186023,4.816607474498619,105815399
2022-08-03,4.699920654296875,4.875228557783143,4.674876497485965,4.850184400972233,94170080
2022-08-04,4.841835975646973,4.883575700743653,4.7249637900243115,4.7249637900243115,88513784
2022-08-05,4.916967391967773,4.9336633607767375,4.81679157911399,4.82513976255012,51006625
2022-08-08,4.800095558166504,4.925315521905245,4.7917473748210515,4.9086195532776316,70853025
2022-08-09,4.833487033843994,4.84183521639223,4.750007198677905,4.800095099777558,40419241
2022-08-10,4.750007629394531,4.8167915035831665,4.7082675089949895,4.808443718341231,50769658
2022-08-11,4.975403785705566,4.983751571588245,4.766703963815445,4.7750517496981235,99327900
2022-08-12,4.95035982131958,5.017144101252612,4.908620094182687,4.992099946519808,46957981
2022-08-15,4.841835975646973,4.933663609697658,4.841835975646973,4.925315823903649,71658942
2022-08-16,4.866879463195801,4.8752276465936015,4.8084437716643675,4.8585316778612935,60048670
2022-08-17,4.94201135635376,4.967055109583578,4.783399459666218,4.858531515482233,85848501
2022-08-18,4.883575916290283,4.933663827455021,4.8167920347373,4.9253160412925645,67347947
2022-08-19,4.95035982131958,5.0755797988569284,4.850183998515036,4.87522815324784,117287553
2022-08-22,4.916967391967773,5.025491388257687,4.850183516731918,4.950359329585702,64452177
2022-08-23,4.833487033843994,4.92531505155832,4.825139249359012,4.891923117491884,66030538
2022-08-24,4.816791534423828,4.908619561052798,4.808443749128444,4.825139717782504,56628797
2022-08-25,4.975403785705566,4.983751571588245,4.783399933644121,4.825140057247474,97246178
2022-08-26,4.958707809448242,5.058883628290432,4.925315869834179,5.0087957188693375,62878660
2022-08-29,4.933663845062256,4.950359815510087,4.841836206630856,4.908620088422178,58894944
2022-08-30,4.883575916290283,4.975403952457303,4.850183975513791,4.908620070904319,54419040
2022-08-31,5.058883190155029,5.117319278450317,4.875227538183572,4.891923506544614,201426501
2022-09-01,4.908619403839111,5.050535331884961,4.891923435719792,5.050535331884961,99300971
2022-09-02,4.891923904418945,4.942011813575864,4.858531964980998,4.908619874137918,59033055
2022-09-05,4.716615676879883,4.908619513576125,4.691571525109379,4.900271330298194,146659457
2022-09-06,4.750007629394531,4.7583554146364655,4.683223755205895,4.724963477542148,70431677
2022-09-07,4.649832248687744,4.716616129060592,4.633136278594533,4.716616129060592,89302294
2022-09-08,4.633135795593262,4.691571485795959,4.624787612385285,4.6581795490906215,56254008
2022-09-09,4.699920654296875,4.708268441191599,4.591396638221877,4.633136766885604,61875960
2022-09-13,4.758355140686035,4.833487193854354,4.708267237928244,4.716615420752842,83613148
2022-09-14,4.699920654296875,4.750008569855328,4.683224682444058,4.699920654296875,53639121
2022-09-15,4.649832248687744,4.800095979526651,4.624788094516264,4.708267944982323,96289882
2022-09-16,4.491219997406006,4.6414837169910905,4.482871813952964,4.6414837169910905,103926826
2022-09-19,4.507915496826172,4.549655215555011,4.424435661305239,4.499567314242451,64072078
2022-09-20,4.532959938049316,4.574700061191328,4.49122021297062,4.524612152258904,59909938
2022-09-21,4.4828715324401855,4.516263468028833,4.432783629057216,4.507915683163307,56267990
2022-09-22,4.307563781738281,4.466175678872643,4.290867813516942,4.457827893793614,121217671
2022-09-23,4.290868282318115,4.324260222409048,4.1990406460997125,4.307564252363582,129855797
2022-09-26,4.307563781738281,4.365999869544609,4.232432123773896,4.257475877074264,112394979
2022-09-27,4.558004379272461,4.58304813628791,4.274172479341768,4.3326085758167165,155377304
2022-09-28,4.583047866821289,4.658179929576824,4.499568018239205,4.566351897104872,145554373
2022-09-29,4.532959938049316,4.649832123621625,4.507916182614761,4.608092000479612,73185080
2022-09-30,4.608092308044434,4.674876191078457,4.507916483493397,4.524612454251903,106995355
2022-10-10,4.5413079261779785,4.624787770800804,4.524611957253414,4.608091801876239,86506596
2022-10-11,4.491219997406006,4.5663516581669,4.4494798762673895,4.5663516581669,86232344
2022-10-12,4.5413079261779785,4.5496557116086125,4.382696022362961,4.524611957253414,141147184
2022-10-13,4.507915496826172,4.5746993652429175,4.4912195297219855,4.532959248450824,87232015
2022-10-14,4.699920654296875,4.708268441191599,4.541308722663424,4.558004694516241,136293479
2022-10-17,4.741659641265869,4.783399763383521,4.6414838258594715,4.699919917211523,116874431
2022-10-18,4.733311653137207,4.800095527217057,4.7082675013256186,4.750007621657169,98488758
2022-10-19,4.574699878692627,4.708267630517337,4.5663516951719325,4.691571661539248,88171468
2022-10-20,4.566351890563965,4.649832137089788,4.541308135056871,4.549655920871463,81658935
2022-10-21,4.491219997406006,4.583047627009687,4.466175845110177,4.5663516581669,74010176
2022-10-24,4.2157368659973145,4.516264344626933,4.173996739378193,4.457828645036182,177525842
2022-10-25,4.173996925354004,4.265824969169534,4.132256796875117,4.173996925354004,103788602
2022-10-26,4.173996925354004,4.257476784248411,4.157300953575122,4.190692897132885,117305533
2022-10-27,4.115560054779053,4.2240840500608225,4.090516300829901,4.19904029611167,123454326
2022-10-28,3.9152090549468994,4.073820981470167,3.840076984998153,4.040429038840358,207735875
2022-10-31,3.739900588989258,3.798336678746211,3.5395485655820553,3.7649447411888937,241191640
2022-11-01,4.040428638458252,4.107212517099989,3.681464693663941,3.7565967561675535,235299956
2022-11-02,4.224084377288818,4.332608380977639,3.9986885839692103,4.04042870786901,244639270
2022-11-03,4.182344436645508,4.249128313004483,4.1239083457997525,4.140604314889496,130407602
2022-11-04,4.3910441398620605,4.532959674556307,4.173996149041521,4.1823443324099845,285637466
2022-11-07,4.416087627410889,4.491219680941047,4.299215853746518,4.340955573880731,115246209
2022-11-08,4.332608222961426,4.466175977668067,4.299216284284765,4.416088069653076,112800447
2022-11-09,4.307563781738281,4.382695837765948,4.265824060216575,4.307563781738281,89547175
2022-11-10,4.491219997406006,4.541307903934367,4.265824218996731,4.274172004386476,177197994
2022-11-11,4.758355140686035,4.833487193854354,4.616439615237262,4.633135582823192,239022190
2022-11-14,4.900271892547607,5.017144083468641,4.8084442543339385,4.8084442543339385,259318256
2022-11-15,4.900271892547607,4.9503598037723355,4.850183981322879,4.900271892547607,123799865
2022-11-16,4.916967391967773,4.992099450639759,4.875227668977011,4.891923637785975,97741357
2022-11-17,4.975403785705566,5.042187665020274,4.875227966733505,4.916967692273537,110564911
2022-11-18,5.0004472732543945,5.092275301419251,4.916967428587842,4.9253156120861465,160242560
2022-11-21,4.791747570037842,4.908619753255819,4.716615907184351,4.88357560026245,188557021
2022-11-22,4.808443546295166,4.875227418094275,4.750007459439308,4.808443546295166,85241482
2022-11-23,4.716615676879883,4.775051367572247,4.641483619631657,4.758355399079673,98473351
2022-11-24,4.641483783721924,4.783399719957595,4.624787814639098,4.733311812709117,65043436
2022-11-25,4.616440296173096,4.691571962360246,4.57470017201987,4.674875992311621,72026414
2022-11-28,4.558004379272461,4.674876174159017,4.424436613687825,4.532960224193671,139407859
2022-11-29,4.94201135635376,4.967055109583578,4.616439777923165,4.674875467501593,200766232
2022-11-30,5.0004472732543945,5.050535578117624,4.900271459654532,4.933663397521153,158613956
2022-12-01,5.259235382080078,5.501327130334678,5.234191229680538,5.300975105328248,396616258
2022-12-02,5.017143726348877,5.30097520308591,5.017143726348877,5.26758326464626,197060203
2022-12-05,5.342715263366699,5.401150955928497,5.1507114205280065,5.167407389554706,233063470
2022-12-06,5.359411239624023,5.442891084870147,5.267583210821638,5.334367087018536,181289149
2022-12-07,5.359411239624023,5.534719113672533,5.250887241772412,5.3176711179693115,208618529
2022-12-08,5.543067455291748,5.576459396740352,5.300975680757697,5.342715806600123,180480277
2022-12-09,5.7267231941223145,5.751766949702474,5.45123949436065,5.509675189423235,210170772
2022-12-12,5.518023490905762,5.7434192862466125,5.476283366631656,5.676635405858705,199747799
2022-12-13,5.5096755027771,5.634895481989536,5.5096755027771,5.559763414849406,113955399
2022-12-14,5.735070705413818,5.801854581181612,5.434543264458746,5.509674925665865,175392534
2022-12-15,5.534719467163086,5.785159018896488,5.518023497047526,5.760115262754811,140005057
2022-12-16,5.543067455291748,5.584807581134174,5.434543844615455,5.5180236982369655,103429692
2022-12-19,5.476283073425293,5.71002704033138,5.442891135019181,5.559762919440573,108505705
2022-12-20,5.3343682289123535,5.526372113111121,5.300976283665906,5.5180243258312025,68162504
2022-12-21,5.409499645233154,5.434543800146351,5.342715762882417,5.35106354914459,62644167
2022-12-22,5.5096755027771,5.651591452680304,5.401151494255433,5.426195649323256,123723402
2022-12-23,5.5764594078063965,5.634895504489086,5.459587612504358,5.48463176767218,74315203
2022-12-26,5.459587574005127,5.7183753179521375,5.442891603365427,5.584807552834542,89049385
2022-12-27,5.568111896514893,5.618199811261455,5.467936067021768,5.534719953350518,67868985
2022-12-28,5.584807395935059,5.618199336276345,5.526371301306144,5.559763241647429,71906108
2022-12-29,5.584807395935059,5.659939460734616,5.459587420623571,5.568111425764416,72459855
2022-12-30,5.5764594078063965,5.659939659656908,5.534719679944482,5.626547320078698,48184181
2023-01-03,5.684983730316162,5.810203716935085,5.559763743697239,5.601503871924668,145140200
2023-01-04,5.776810646057129,5.860290488154977,5.626546532217715,5.7183745575569915,134519867
2023-01-05,6.169166088104248,6.210906208084379,5.7768106321568125,5.810202568915603,210486012
2023-01-06,5.7434186935424805,6.227602174451807,5.684982605201833,6.185862054485161,283942038
2023-01-09,5.902030944824219,5.9604666385936165,5.735070853043618,5.751766822415348,119321077
2023-01-10,5.86863899230957,5.9437706552743945,5.785158747583508,5.9020309309746715,89242734
2023-01-11,5.757909774780273,5.962332405146793,5.732356742908626,5.962332405146793,113155566
2023-01-12,5.7834625244140625,5.8260507763953955,5.664215987478671,5.7919803372709975,67800395
2023-01-13,5.979368686676025,5.979368686676025,5.766428205802732,5.817533872474114,94803016
2023-01-16,6.021955966949463,6.081579031970166,5.86012117904017,6.013438154145551,106602367
2023-01-17,5.860121250152588,6.047508666444218,5.77494515183821,6.047508666444218,112852373
2023-01-18,5.791980743408203,5.902709475251025,5.766427709197274,5.851603812980868,70569195
2023-01-19,5.9623332023620605,5.970851016175402,5.706804474085857,5.774945766137438,100992019
2023-01-20,5.9623332023620605,6.004921459125334,5.894192316462198,5.953815388548719,68495322
2023-01-30,5.894191265106201,6.192307790818456,5.851603015939459,6.09009648020025,127365040
2023-01-31,5.91974401473999,5.962332264806411,5.860120952028984,5.902708795943752,93405902
2023-02-01,5.791980743408203,5.936779916764463,5.698286826170399,5.936779916764463,157432063
2023-02-02,5.817532539367676,5.902708630968269,5.740873853851321,5.791979914963319,81281884
2023-02-03,5.774945259094238,5.851603545925088,5.715321786090971,5.826050919032032,66235363
2023-02-06,5.6642165184021,5.774945659011191,5.553487377793009,5.706804368223644,93571696
2023-02-07,5.604592323303223,5.749391887680934,5.570521885349839,5.740874075116759,108753791
2023-02-08,5.596075057983398,5.723839000454046,5.5790398385772,5.647180716201991,52008584
2023-02-09,5.749392509460449,5.757910322945801,5.570522487785099,5.6045929294231,70419895
2023-02-10,5.791980743408203,5.868639033737588,5.7068042334729085,5.740874674986347,69658837
2023-02-13,5.885673999786377,5.962332692949986,5.715321799591336,5.774945272735441,157883591
2023-02-14,5.817532539367676,5.911226443204149,5.7749446966432005,5.894191224884031,82668586
2023-02-15,5.800497531890869,5.851603188708873,5.75790968761836,5.843085782315034,54765320
2023-02-16,5.774945259094238,5.953814865800676,5.740874412984027,5.800497885987294,104051745
2023-02-17,5.655698299407959,5.8345683118334355,5.638663079469898,5.774945245126063,86905788
2023-02-20,5.817532539367676,5.817532539367676,5.621627325610491,5.664215574486608,119954185
2023-02-21,5.698287010192871,5.834568780647753,5.621628311236144,5.82605137307018,105748873
2023-02-22,5.570521831512451,5.681250956866615,5.5449692063702,5.65569792557271,103123880
2023-02-23,5.493863105773926,5.587557011667831,5.47682788707973,5.544969168008166,87785467
2023-02-24,5.434240341186523,5.536451658952318,5.366099462675994,5.502381219697053,131661071
2023-02-27,5.40017032623291,5.451275989131276,5.357582070741752,5.417205547199032,61450271
2023-02-28,5.570521831512451,5.664215738054563,5.408687049722132,5.442757487346236,135083700
2023-03-01,5.740874290466309,5.749392103350001,5.579039907192892,5.613110346424314,101735628
2023-03-02,5.766427993774414,5.766427993774414,5.68976929351017,5.732357550579577,67882667
2023-03-03,5.723838806152344,5.868638369265484,5.672733149668587,5.774944868787756,75931862
2023-03-06,5.502381324768066,5.749392217161383,5.476828291762832,5.732356997208455,135895653
2023-03-07,5.434240341186523,5.553486878579951,5.434240341186523,5.527933846062665,77175763
2023-03-08,5.442757606506348,5.459792825691357,5.349064104064626,5.434240199989674,76568198
2023-03-09,5.442757606506348,5.4938632640613765,5.391651948951319,5.442757606506348,53525765
2023-03-10,5.3831353187561035,5.485346648606427,5.366100097114383,5.3916527265011025,75889782
2023-03-13,5.519416332244873,5.570521990136292,5.391651984440494,5.400169797164896,71883880
2023-03-14,5.442757606506348,5.553486734284741,5.442757606506348,5.527933702431396,64029193
2023-03-15,5.562004089355469,5.655697584088832,5.459792376502918,5.50238062403745,103556344
2023-03-16,5.468310356140137,5.59607469650962,5.459792543911405,5.536451229363424,78001476
2023-03-17,5.638662815093994,5.715321504296867,5.510898468473094,5.536451500257939,149498526
2023-03-20,5.544968605041504,5.953813812193192,5.510897764960586,5.919743378263885,244729438
2023-03-21,5.655698299407959,5.740874399098262,5.544969572886406,5.579040012762527,130468986
2023-03-22,5.740874290466309,5.800497762197133,5.630145566040024,5.706803851234887,150988659
2023-03-23,5.681251525878906,5.766427628470076,5.6386632715074745,5.740874594616878,120676345
2023-03-24,5.6642165184021,5.774945659011191,5.613110854925221,5.689769147064684,111189063
2023-03-27,5.740874290466309,5.885673860275688,5.664216005271446,5.706803851234887,159022006
2023-03-28,5.7834625244140625,5.953814720036051,5.715321646165267,5.7408742724327295,209213732
2023-03-29,5.655698299407959,5.868638751709557,5.638663079469898,5.843086124878306,138348650
2023-03-30,5.7834625244140625,5.7834625244140625,5.604592515935139,5.655698174621736,112866758
2023-03-31,5.851603031158447,5.851603031158447,5.689768252516229,5.791979969551914,102680537
2023-04-03,5.732357025146484,5.826050938420077,5.638663111872892,5.826050938420077,153175134
2023-04-04,5.655698299407959,5.817533091895375,5.604592639593777,5.732356992205072,136464603
2023-04-06,5.408687591552734,5.60459283059252,5.374617150515528,5.60459283059252,179231360
2023-04-07,5.485345840454102,5.587557155245701,5.374616713020704,5.408687151284571,126070768
2023-04-10,5.45127534866333,5.570521881415963,5.425722317140509,5.493863192999156,95449944
2023-04-11,5.723838806152344,5.911226619411109,5.442757492415851,5.502380961389395,354118708
2023-04-12,5.7834625244140625,5.8260507763953955,5.672733394183934,5.723839052870531,184207612
2023-04-13,5.749392509460449,5.970850786259151,5.740874695975099,5.7919807645838,196766273
2023-04-14,5.510898590087891,5.774945101802185,5.493863370572614,5.749392069453434,202837811
2023-04-17,5.425722599029541,5.510898698278106,5.4086873791798284,5.502381291429089,162500884
2023-04-18,5.621628284454346,5.6897691693571595,5.349064744843092,5.442758258508605,219957127
2023-04-19,5.672733306884766,5.8516033126110125,5.579039803810382,5.596075023110421,193551439
2023-04-20,5.6897687911987305,5.69828660432132,5.579040063666865,5.681251384227826,129804435
2023-04-21,5.40017032623291,5.851603884911001,5.3831351052667875,5.800498222012635,248537128
2023-04-24,5.119088649749756,5.4172052006623375,5.067982583968921,5.408687387648305,294325010
2023-04-25,5.323511123657227,5.366099375107151,5.076500240011664,5.102052865960286,223880852
2023-04-26,5.2979583740234375,5.35758184800189,5.212782272733998,5.2894409669703375,130639493
2023-04-27,5.2979583740234375,5.400170101722454,5.255370526454562,5.314993594281326,99723914
2023-04-28,5.485345840454102,5.570521936113767,5.255370179097172,5.289440617361039,179511693
2023-05-04,6.0304741859436035,6.0304741859436035,5.766428045728754,5.7749458596800665,482207956
2023-05-05,6.1752729415893555,6.209343380499094,5.877156398053307,6.030473373147132,530326993
2023-05-08,6.141202449798584,6.217861139761234,5.979367663295027,6.13268463706866,225028386
2023-05-09,5.996403217315674,6.183791046317113,5.987885810261983,6.0900971318163934,129994616
2023-05-10,6.021955966949463,6.132684690338626,5.928262056864784,6.056026405861769,134164968
2023-05-11,6.073061466217041,6.209343218295986,5.962332339577069,6.038991028197304,126440670
2023-05-12,5.9452972412109375,6.090096808808962,5.928262021855386,6.021955931386755,133836788
2023-05-15,5.911226749420166,5.9964028454330895,5.74939196391978,5.979367626230505,158584630
2023-05-16,5.809014797210693,5.928261318552677,5.757909145206986,5.919743506809582,118989356
2023-05-17,5.817532539367676,5.979367316484624,5.783462102727439,5.843085569923675,115644927
2023-05-18,5.7834625244140625,5.843085995957594,5.749392085289665,5.8175329635384605,89900621
2023-05-19,5.681251525878906,5.791980662323275,5.655698492025708,5.783462848988311,95531478
2023-05-22,5.6642165184021,5.715322181878978,5.6045930412698866,5.681251739561059,83868831
2023-05-23,5.613110542297363,5.706804050377431,5.613110542297363,5.66421620292786,65772546
2023-05-24,5.553486347198486,5.638662437186634,5.510898099128595,5.621627219189005,95587406
2023-05-25,5.510898590087891,5.553486841951917,5.43424030534498,5.5364516224366405,90570802
2023-05-26,5.5279340744018555,5.544969700884842,5.476828413407966,5.519416667312052,40278939
2023-05-29,5.493863105773926,5.544969168008166,5.400169606031672,5.519416136891046,84041185
2023-05-30,5.570521831512451,5.604592269136555,5.39165183091008,5.46831051864014,113113460
2023-05-31,5.468310356140137,5.630145133121264,5.357581234076474,5.570521665975067,168054611
2023-06-01,5.493863105773926,5.570521792973635,5.417204824725868,5.442757449691337,109903729
2023-06-02,5.519416332244873,5.579039802860694,5.434240235759175,5.527933738817611,72447766
2023-06-05,5.579039573669434,5.6471804480587116,5.4853456683083515,5.51941610550299,77832576
2023-06-06,5.604592323303223,5.7323566687042415,5.52793363483228,5.5790396979140136,139743708
2023-06-07,5.553486347198486,5.655697655184263,5.519415911203227,5.604592001191375,71880589
2023-06-08,5.681251525878906,5.749392407951842,5.4001701842521985,5.510898914544873,138111579
2023-06-09,5.757909774780273,5.809015432371903,5.63866283424814,5.68976849183977,123653546
2023-06-12,5.766427993774414,5.800498436969251,5.706804515107589,5.783463215371833,105449733
2023-06-13,5.902708530426025,5.9452967785767274,5.732356350126489,5.766426786186396,103279352
2023-06-14,6.141202449798584,6.192308107723129,5.9878854760249505,6.038991133949494,233430816
2023-06-15,6.27748441696167,6.3626605163885674,6.115649624974726,6.158237877764014,214077201
2023-06-16,6.379695892333984,6.498942840600337,6.243414129917227,6.2604493502193215,213159029
2023-06-19,6.3371076583862305,6.49042463175989,6.192308091568608,6.47338941249615,186721099
2023-06-20,6.294519901275635,6.337108155854027,6.217861611646903,6.337108155854027,108891487
2023-06-21,6.04750919342041,6.328590545426946,6.0304739722730965,6.234897032192574,104523713
2023-06-26,5.851603031158447,6.056026059078171,5.817532594197101,6.004920403636151,116443715
2023-06-27,5.894191265106201,5.953814326557665,5.800497360630358,5.911226483542569,85152014
2023-06-28,5.911226749420166,5.970850219705044,5.74939196391978,5.902708936743042,105847329
2023-06-29,5.826050281524658,6.064543335137595,5.766426815045605,5.953814214312913,101353637
2023-06-30,5.800497531890869,5.885673626587543,5.73235665613353,5.800497531890869,115484226
2023-07-03,5.7560834884643555,5.889326246129656,5.693903421936001,5.889326246129656,128416748
2023-07-04,5.8982086181640625,5.942623010006257,5.756083241976287,5.782731961795012,105679850
2023-07-05,5.871560573577881,5.987037234896467,5.818263555223061,5.898208870971766,103353169
2023-07-06,6.022569179534912,6.173577190823848,5.844912022941418,5.862677696244061,193994029
2023-07-07,6.013686656951904,6.120280706088614,5.960389632383549,6.004804031307395,137844529
2023-07-10,6.244639873504639,6.28017121763996,6.075865777078347,6.084748401328661,131248714
2023-07-11,6.253522872924805,6.262405921275076,6.093631814723459,6.235757199791322,106415199
2023-07-12,6.289053916931152,6.457828015371253,6.253522572371872,6.377882278329353,139715989
2023-07-13,6.528890132904053,6.5733045214983195,6.306819037066725,6.3334677549366845,155806267
2023-07-14,6.511125564575195,6.564422585771807,6.448945918296019,6.537774286957037,76558605
2023-07-17,6.395648002624512,6.493359412740734,6.377882330200384,6.493359412740734,68877026
2023-07-18,6.395648002624512,6.466711115888064,6.315702688499458,6.431179347472767,61588440
2023-07-19,6.493359565734863,6.520008286782463,6.368999855835853,6.386765528678569,75554114
2023-07-20,6.440062522888184,6.564422232317595,6.422296850112553,6.493359541215074,78437172
2023-07-21,6.395648002624512,6.502242460736318,6.351234033347714,6.431179347472767,93141290
2023-07-24,6.306819915771484,6.4134139549686555,6.271288569372427,6.368999983753364,63035632
2023-07-25,6.608836650848389,6.626602323690707,6.368999855693558,6.440062547062833,141034602
2023-07-26,6.457828044891357,6.5821877514173135,6.41341365220571,6.5821877514173135,79685220
2023-07-27,6.457828044891357,6.537773782298706,6.422296700169656,6.466711092855303,47879356
2023-07-28,6.466711044311523,6.5022423887665015,6.386765307504305,6.41341360406202,65959225
2023-07-31,6.617719650268555,6.706548443077858,6.502242982037196,6.555540003582533,155198307
2023-08-01,6.688782691955566,6.759845386528379,6.573305601491211,6.671017018312364,106524740
2023-08-02,6.6443681716918945,6.7598452599947,6.599953776631719,6.662133845002552,88861994
2023-08-03,6.697665214538574,6.724313936379265,6.599953799212126,6.617719472583565,63888591
2023-08-04,6.706548690795898,6.795377063319156,6.635485569210201,6.742080039805201,76199648
2023-08-07,6.697665214538574,6.750962234652892,6.591071174309938,6.706548263007826,100374790
2023-08-08,6.679899215698242,6.750961905721567,6.6177191501443104,6.679899215698242,77840806
2023-08-09,6.599954128265381,6.679899874206236,6.564422779751019,6.6621341999490555,55554514
2023-08-10,6.591071128845215,6.65325077343281,6.448945742854071,6.599953753686131,100903951
2023-08-11,6.457828044891357,6.644367816463811,6.39564797984486,6.617719096139015,105127503
2023-08-14,6.555539608001709,6.573305280778121,6.289054092788482,6.413413802223364,125408969
2023-08-15,6.4755940437316895,6.591071131682738,6.386765677448983,6.582188083270937,63010769
2023-08-16,6.457828044891357,6.51112506197391,6.431179324566561,6.466711092855303,69604242
2023-08-17,6.493359565734863,6.520008286782463,6.333468510150421,6.457828220049432,74964982
2023-08-18,6.351233959197998,6.520008057040319,6.333468286981282,6.493359336931726,75705337
2023-08-21,6.395648002624512,6.528890757588989,6.280171343651203,6.351234033347714,88972564
2023-08-22,6.457828044891357,6.484476765216154,6.368999683087104,6.448945420494452,74736890
2023-08-23,6.351233959197998,6.502242384823603,6.342350911306122,6.440062320281578,103154038
2023-08-24,6.573305130004883,6.644367819480551,6.368999685978817,6.395647982748673,108079090
2023-08-25,6.555539608001709,6.653250596488449,6.5200082624488855,6.555539608001709,113137019
2023-08-28,6.608836650848389,6.848673446003219,6.573305305163751,6.7953764274762625,110044480
2023-08-29,6.6443681716918945,6.724313913373385,6.546656756699746,6.591071151759921,104297305
2023-08-30,6.893087387084961,6.919735682814384,6.671016279360322,6.697664575089745,162327908
2023-08-31,6.839790344238281,6.955267428592615,6.813142046967003,6.866439065076608,85652266
2023-09-01,6.733196258544922,6.910853407838596,6.70654796146945,6.822024621408237,68077482
2023-09-04,6.830907821655273,6.866439167592158,6.7776108027499475,6.795376475718389,84888478
2023-09-05,6.777610778808594,6.919736162054083,6.750962057666539,6.822024749289283,80584492
2023-09-06,6.733196258544922,6.777610651760102,6.688782288896787,6.750961931117585,59054970
2023-09-07,6.688782691955566,6.759845386528379,6.662133969707227,6.750962337923243,45657868
2023-09-08,6.573305130004883,6.697664836587301,6.555539457635966,6.662133491849468,45982823
2023-09-11,6.6443681716918945,6.68878256675207,6.582188103321061,6.653250796563691,55930456
2023-09-12,6.564422130584717,6.662133541119914,6.5377738336177815,6.64436786861961,51008947
2023-09-13,6.564422130584717,6.65325049308624,6.546656458084413,6.546656458084413,52006326
2023-09-14,6.528890132904053,6.582187145076972,6.475593120731134,6.564421474352666,75350619
2023-09-15,6.44894552230835,6.564422182693469,6.431179426099973,6.52889083741081,83250544
2023-09-18,6.608836650848389,6.608836650848389,6.413413826015829,6.431179498858148,87217796
2023-09-19,6.431179046630859,6.599953138548567,6.35123373624554,6.599953138548567,89426013
2023-09-20,6.440062522888184,6.502242589386414,6.422296850112553,6.448945571059523,65984274
2023-09-21,6.360116958618164,6.440062700091798,6.324585612089229,6.42229702682733,58830886
2023-09-22,6.520008563995361,6.528891189010858,6.324585730849593,6.351234453030223,65525043
2023-09-25,6.457828044891357,6.537773782298706,6.431179324566561,6.520008109937856,52992016
2023-09-26,6.502242565155029,6.520008237864454,6.44006249888852,6.484476892445605,46718645
2023-09-27,6.537773609161377,6.599953248994155,6.44894524970953,6.47559354576157,60634733
2023-09-28,6.351233959197998,6.56442202579859,6.30681956687269,6.5466563535818745,91899787
2023-10-09,6.4755940437316895,6.511125390244771,6.297937311166276,6.3512343309359,72934827
2023-10-10,6.44894552230835,6.51112516476948,6.289054044969336,6.475593819486821,69821128
2023-10-11,6.457828044891357,6.644367816463811,6.448945420494452,6.475593717252209,89236438
2023-10-12,6.502242565155029,6.599953553273339,6.4667112197361805,6.511125189726218,48953678
2023-10-13,6.422297477722168,6.484477550296855,6.360117405147481,6.475594501257432,55271386
2023-10-16,6.297937870025635,6.44006326868973,6.28905482082558,6.422297593856718,58831840
2023-10-17,6.315703392028809,6.351234740835031,6.1202805500274975,6.297937717625698,81658044
2023-10-18,6.244639873504639,6.377882202228576,6.209108105802284,6.368999577978261,102081165
2023-10-19,6.093631744384766,6.2268745031313975,6.084748696137032,6.217991454883664,73062898
2023-10-20,5.987037181854248,6.102514265716813,5.960388884696454,6.075865968559019,125706401
2023-10-23,6.022569179534912,6.075866199442842,5.942623437889487,6.004803506232269,55956859
2023-10-24,6.013686656951904,6.075866730731868,5.933740908315822,6.040335381019632,86975752
2023-10-25,5.97815465927124,6.280171522656934,5.836029275827174,6.129163090964087,193866588
2023-10-26,6.013686656951904,6.022569706163513,5.898209558603585,5.9248582826713125,87260004
2023-10-27,6.191342830657959,6.2179915522514,5.969271703791837,6.004803473772112,91492226
2023-10-30,6.182459354400635,6.226873743084011,6.049216611917509,6.1558106364772085,111612192
2023-10-31,6.146928310394287,6.217990996873548,6.129162638774472,6.182459653633917,85174783
2023-11-01,6.164694309234619,6.2357569994858695,6.120279916044065,6.15581126116969,79956050
2023-11-02,6.146928310394287,6.226874044466966,6.111396967154658,6.164693982014103,57316611
2023-11-03,6.1113972663879395,6.19134258080797,6.075865921408583,6.129162938877617,77389980
2023-11-06,6.200225353240967,6.217991024940974,6.049216932007391,6.155810962207435,94125864
2023-11-07,6.173576831817627,6.217991224274978,6.155811159548095,6.173576831817627,59830213
2023-11-08,6.191342830657959,6.262405947051448,6.1291631862183635,6.164694532631578,85878223
2023-11-09,6.1202802658081055,6.182460335114961,6.084748918651922,6.182460335114961,77181429
2023-11-10,6.1291632652282715,6.146928938663893,6.049217522984443,6.066983196420064,54728256
2023-11-13,6.013686656951904,6.146929430156342,6.004804031307395,6.129163755300223,57749106
2023-11-14,5.960388660430908,6.084748364144565,5.951505612667845,6.0225687240712515,79974509
2023-11-15,5.97815465927124,6.111397418033579,5.924857640479716,6.031451678062766,97298305
2023-11-16,5.960388660430908,5.995920004349096,5.92485731651272,5.951505612667845,88838155
2023-11-17,5.8982086181640625,5.978154354053202,5.88044294614059,5.933739962211006,75863307
2023-11-20,5.951506614685059,5.987037964585433,5.800498589392017,5.898209589834496,109542658
2023-11-21,5.942623138427734,6.013685828057303,5.924857466020343,5.95150576284791,119389823
2023-11-22,5.995920658111572,6.040335054635525,5.907092288630742,5.933740587691452,84621481
2023-11-23,5.987037181854248,5.995920229951544,5.898208818716523,5.995920229951544,64737365
2023-11-24,5.951506614685059,6.0581010879532835,5.924858314043329,5.987037964585433,54449725
2023-11-27,5.907092094421387,5.951506065918051,5.836029401173073,5.924857767733465,88906721
2023-11-28,5.933740615844727,5.960389338598952,5.871560968696666,5.8982092678838125,63694299
2023-11-29,5.880443572998047,5.942623643492133,5.8182639260710385,5.933740594749945,86070116
2023-11-30,5.809380531311035,5.871560598101557,5.791614858451894,5.853794925242416,90097303
2023-12-01,5.596192359924316,5.80938043053585,5.480715276559548,5.791614757984888,215528959
2023-12-04,5.507363796234131,5.587309537728734,5.400769756619368,5.5695438644596065,157716533
2023-12-05,5.383004665374756,5.551778791463293,5.374122039563311,5.507364391704744,115229298
2023-12-06,5.347472667694092,5.4274184081553685,5.303058273311814,5.418535359852091,144197918
2023-12-07,5.454066753387451,5.489598099775612,5.320823992648317,5.356355762603538,106013723
2023-12-08,5.391887187957764,5.471832506718424,5.365238465992833,5.445184208320559,96403923
2023-12-11,5.462949752807617,5.498481098877337,5.303058271926822,5.391887060668178,132702736
2023-12-12,5.622840881347656,5.658372227867463,5.516246841788236,5.5428951398945605,187079558
2023-12-13,5.560661792755127,5.640607118635225,5.498481718344292,5.59619314282786,100797170
2023-12-14,5.534012317657471,5.640606353414826,5.507363596934609,5.569543662909923,127721994
2023-12-15,5.525129795074463,5.622841215595891,5.471832772126526,5.525129795074463,87242170
2023-12-18,5.436300754547119,5.52512911519651,5.4185350824172405,5.489597770936753,68609885
2023-12-19,5.489597797393799,5.4984808452850675,5.3741211397765705,5.418535108531801,58077404
2023-12-20,5.391887187957764,5.5162469021376195,5.391887187957764,5.498481228683354,62058149
2023-12-21,5.454066753387451,5.489598099775612,5.338590089409458,5.383004060611129,93534636
2023-12-22,5.2764105796813965,5.43630165534431,5.240879229534083,5.4185359802706525,149856236
2023-12-25,5.365238189697266,5.383003862236645,5.2586441544609865,5.311941172079126,82769915
2023-12-26,5.427418231964111,5.454066528874744,5.356355542113033,5.400769511486436,68959440
2023-12-27,5.32970666885376,5.454066372528246,5.2852922771865,5.436300700574748,101180223
2023-12-28,5.5517778396606445,5.560660887516279,5.303058006074353,5.3385897739298525,101691332
2023-12-29,5.61395788192749,5.6317235540020345,5.542894770062278,5.5517778178830675,86661112
2024-01-02,5.454066753387451,5.6406065337088265,5.445184128573941,5.613958235701236,96963122
2024-01-03,5.525129795074463,5.542895469390442,5.427418798120123,5.454067097810547,58088308
2024-01-04,5.471832275390625,5.587309359744959,5.454066602687424,5.525129293500229,63014525
2024-01-05,5.498480796813965,5.551777812990631,5.400769388706561,5.454066404883227,101366511
2024-01-08,5.58730936050415,5.631723754051713,5.445183978859227,5.462949651564842,124987859
2024-01-09,5.498480796813965,5.622840501226186,5.4807151247550765,5.587309157108408,92871083
2024-01-10,5.427418231964111,5.516246594277959,5.427418231964111,5.507363546263052,67825080
2024-01-11,5.454066753387451,5.489598099775612,5.400769733805209,5.41853540699929,57711909
2024-01-12,5.311941146850586,5.436300854035611,5.303058098839563,5.4274182295916304,113551966
2024-01-15,5.285292625427246,5.35635574149052,5.267526952303192,5.3030582985513,69076487
2024-01-16,5.187581539154053,5.30305820054269,5.116518847971184,5.294175575928357,130560608
2024-01-17,5.063221454620361,5.214229886617058,5.063221454620361,5.187581588951203,69871485
2024-01-18,5.160933017730713,5.178698691213361,5.001041956386874,5.045455928309963,116293884
2024-01-19,5.125401020050049,5.187581081128539,5.063220958971558,5.1431666912771865,106953000
2024-01-22,4.95662784576416,5.152050688871709,4.91221387128851,5.143167639836324,102815915
2024-01-23,5.063221454620361,5.089870175853272,4.921096070890319,4.95662741682283,86207865
2024-01-24,5.267526626586914,5.276409674383189,5.063221186509943,5.0721042343062175,107174300
2024-01-25,5.2586445808410645,5.285292880027303,5.178698836148192,5.2675272060474505,97665615
2024-01-26,5.187581539154053,5.249761182155538,5.0721044541983655,5.2319955093598205,153486105
2024-01-29,5.134284496307373,5.231995484434802,5.134284496307373,5.1786984663015545,82545717
2024-01-30,5.054338455200195,5.19646382839329,5.054338455200195,5.187581204352233,97026900
2024-01-31,5.018807888031006,5.134284983391759,5.018807888031006,5.054339236823993,85303189
2024-02-01,5.045455455780029,5.125401190748199,4.929978800741262,5.0099241121424045,107656235
2024-02-02,5.03657341003418,5.125401779328938,4.8944480191625654,5.045456035180117,100032729
2024-02-05,5.03657341003418,5.116519154183,4.9299793668804694,5.018807736175228,137822392
2024-02-06,5.2764105796813965,5.329707604902367,4.9921593549357794,5.009925030009437,165805058
2024-02-07,5.311941146850586,5.365238164215596,5.205347112120564,5.303058098839563,150930375
2024-02-08,5.338589668273926,5.383003635971994,5.276409605216198,5.311940948801464,125464005
2024-02-19,5.534012317657471,5.560661038380333,5.391886936647663,5.445183954526341,129032718
2024-02-20,5.534012317657471,5.569543662909923,5.471832251682157,5.507363596934609,92348021
2024-02-21,5.560661792755127,5.6583727936715915,5.445184693235191,5.507364344078923,135752727
2024-02-22,5.596192359924316,5.605074984416275,5.480715276559548,5.525129246153428,119086447
2024-02-23,5.729434967041016,5.764966313846924,5.53401255960852,5.578426954899438,144535797
2024-02-26,5.61395788192749,5.729434538628513,5.605074834106701,5.729434538628513,98741607
2024-02-27,5.64060640335083,5.658372076134334,5.551778039433307,5.5961924331755935,111519876
2024-02-28,5.507363796234131,5.667255279223337,5.489598122965004,5.6494896059542095,100741780
2024-02-29,5.596192359924316,5.613958032475278,5.462949604008586,5.480715276559548,91466583
2024-03-01,5.605075359344482,5.61395840799768,5.525129615733997,5.578427060519036,111720979
2024-03-04,5.658371925354004,5.68502064560267,5.578426611742085,5.6050749084237115,100898610
2024-03-05,5.64060640335083,5.676137748917839,5.551778039433307,5.622840730567325,105622639
2024-03-06,5.560661792755127,5.667255842973327,5.560661792755127,5.613958817864227,68632116
2024-03-07,5.507363796234131,5.587309537728734,5.498481171383099,5.55177819119048,64379792
2024-03-08,5.516246795654297,5.560661190216136,5.454066727981134,5.498481122542973,62331136
2024-03-11,5.569543838500977,5.569543838500977,5.427418453010381,5.489598097378987,97187827
2024-03-12,5.764966011047363,5.844911748945113,5.534012268939594,5.560660989427857,158931241
2024-03-13,5.676137924194336,5.800498061086102,5.658372250862236,5.747200617522737,90176682
2024-03-14,5.676137924194336,5.7560836659723185,5.640606577530136,5.729434944190637,106276750
2024-03-15,5.685020446777344,5.711668742526985,5.605074712394372,5.693903070838216,67578789
2024-03-18,5.880443572998047,5.889326621740235,5.667255485990457,5.702786833825055,137013688
2024-03-19,5.658371925354004,5.915974385633936,5.640606253043907,5.862677368703643,145113844
2024-03-20,5.907092094421387,5.933740392605973,5.622840897861071,5.640606571173149,204181088
2024-03-21,5.969271659851074,5.99592038124835,5.889326342793361,5.942623362020856,124822108
2024-03-22,5.97815465927124,5.995920332201749,5.8893262946187,5.942623313410224,133726744
2024-03-25,5.889326572418213,6.004803663697097,5.880443523750419,5.995920615029303,97931488
2024-03-26,5.871560573577881,5.942623264717642,5.800497882438121,5.889326246362821,94280111
2024-03-27,5.729434967041016,5.898209076152612,5.729434967041016,5.862677729346704,102540428
2024-03-28,5.773849010467529,5.836029075372083,5.702786321186347,5.729434617883271,63143879
2024-03-29,5.791614532470703,5.773848860611503,5.711668797320788,5.756083188752302,22815853
2024-04-01,5.960388660430908,6.004803052112158,5.800497612799063,5.800497612799063,92562026
2024-04-02,5.960388660430908,6.040334396030346,5.92485731651272,5.96927128462694,74707922
2024-04-03,6.075866222381592,6.129163242490738,5.951506085226519,5.960389133694909,130132833
2024-04-08,6.146928310394287,6.209107949280129,6.004802937435768,6.066982576321609,168556817
2024-04-09,6.200225353240967,6.217991024940974,6.0580999796409065,6.129162666440936,121269039
2024-04-10,6.209108352661133,6.297937140098082,6.146928709735728,6.2179914008316475,124477319
2024-04-11,6.253522872924805,6.324585565458737,6.164694507257391,6.191342805174085,104626330
2024-04-12,6.146928310394287,6.2712880117329926,6.1202795911810535,6.217990996873548,97383209
2024-04-15,6.226874828338623,6.315703197619879,6.129163410345704,6.146929084201955,108913591
2024-04-16,6.200225353240967,6.315702431074528,6.155810962207435,6.253522368340989,135904482
2024-04-17,6.271288871765137,6.280171920576759,6.138046104560364,6.1913431267288574,82722299
2024-04-18,6.217991828918457,6.297937573688874,6.18246048092429,6.244640551697622,78286938
2024-04-19,6.173576831817627,6.226874272193263,6.120279815009029,6.200225552005445,66260750
2024-04-22,6.200225353240967,6.235756696640982,6.129162666440936,6.138045290507428,68445114
2024-04-23,6.1291632652282715,6.3068199995844845,6.120280216726928,6.200225958970757,82740481
2024-04-24,6.217991828918457,6.244640551697622,6.084749062156789,6.138046084148041,79263134
2024-04-25,6.209108352661133,6.3068197647015465,6.155811334339193,6.226874449002162,53821843
2024-04-26,6.0847487449646,6.226874553099465,6.004803427928735,6.182460158638497,142292887
2024-04-29,6.226874828338623,6.262406176051125,6.0403350410644485,6.111397736489453,157543313
2024-04-30,5.773849010467529,6.0936315357998865,5.738317665826939,6.049217143215628,478184585
2024-05-06,5.880443572998047,5.951506268667244,5.764966480752063,5.827146551246149,286755258
2024-05-07,5.889326572418213,5.960389267492273,5.836029551112668,5.880443523750419,122269412
2024-05-08,5.773849010467529,5.8804430443893025,5.738317665826939,5.853794747692379,147573077
2024-05-09,5.871560573577881,5.898208870971766,5.76496611330119,5.76496611330119,99631432
2024-05-10,5.880443572998047,5.960389317409432,5.853795273905637,5.880443572998047,84140008
2024-05-13,5.889326572418213,5.898209197518933,5.809380828676359,5.853795224881183,84859084
2024-05-14,6.066982746124268,6.129162810317426,5.889326024953863,5.898208649228866,181592727
2024-05-15,6.1291632652282715,6.1735772370337925,6.022569224614544,6.040334898050165,115697033
2024-05-16,5.995920658111572,6.1380460492809,5.951506261587618,6.102514701488568,105424176
2024-05-17,6.040334701538086,6.129163065826312,5.995920307610447,5.995920307610447,110931313
2024-05-20,6.075866222381592,6.093631895751307,6.0048035289027295,6.022569202272445,100141682
2024-05-21,6.00480318069458,6.0936315423921545,5.969271412448511,6.049217149759848,77351065
2024-05-22,5.97815465927124,6.031451678062766,5.969271611022459,6.00480338045053,64651735
2024-05-23,5.9159746170043945,5.995920357309985,5.862677597989686,5.978154684305082,97170294
2024-05-24,5.818263530731201,5.93374019156369,5.809380482592599,5.90709189428198,73914053
2024-05-27,5.844912052154541,5.862677725545978,5.7738493585887944,5.827146378763104,58802948
2024-05-28,5.7560834884643555,5.862677525169776,5.7294347675044754,5.827146179601303,77552321
2024-05-29,5.738317966461182,5.782732361372339,5.711669244801075,5.729434918052125,56550655
2024-05-30,5.649489879608154,5.773849598515866,5.622841156630103,5.729435201408142,107555087
2024-05-31,5.631723880767822,5.685020900083874,5.622840832431619,5.631723880767822,77320618
2024-06-03,5.667255878448486,5.747201204829016,5.596193177858191,5.622841478795999,115530505
2024-06-04,5.827146053314209,5.836029101297337,5.658371953738142,5.676137626137357,89105548
2024-06-05,5.800497531890869,5.924857233869896,5.773848812540423,5.836028875313448,91652651
2024-06-06,5.809380531311035,5.871560598101557,5.782732233805849,5.80049790666499,69067337
2024-06-07,5.782732009887695,5.827145978532232,5.676137553293329,5.800497682058917,73116999
2024-06-11,5.711668968200684,5.7649659853728075,5.640606278637851,5.747200312982099,103836770
2024-06-12,5.702786445617676,5.764966088311912,5.685020772909744,5.702786445617676,87358999
2024-06-13,5.702786445617676,5.777699823143203,5.684058101236293,5.758971478761821,121791237
2024-06-14,5.702786445617676,5.8057921164558,5.609144277191815,5.712150394548891,123746940
2024-06-17,5.749607563018799,5.749607563018799,5.655965833299077,5.674694179243021,55705533
2024-06-18,5.665329933166504,5.796428347916111,5.6372371924606774,5.749607262246054,78102712
2024-06-19,5.655965328216553,5.693422016759527,5.618508639673578,5.6840580678832575,72564419
2024-06-20,5.618508815765381,5.6559655054823,5.552959385501292,5.646601556312552,108852275
2024-06-21,5.702786445617676,5.730878738930272,5.590415932810433,5.599780328260599,112569720
2024-06-24,5.637237071990967,5.730878794810958,5.618508727426969,5.6840581566604405,81052855
2024-06-25,5.562323570251465,5.665329686326199,5.496774142473189,5.64660134217797,112849165
2024-06-26,5.627872943878174,5.646601287846199,5.5248668287945675,5.562323516730617,87246613
2024-06-27,5.627872943878174,5.721514663718297,5.590415809423183,5.599780204666666,72685646
2024-06-28,5.674693584442139,5.740243011634784,5.59978020851851,5.609144157249493,71876237
2024-07-01,5.702786445617676,5.712150394548891,5.571687588429051,5.655965361404745,62764360
2024-07-02,5.805791854858398,5.843248541933439,5.674693450095758,5.684057845123984,91668960
2024-07-03,5.890069961547852,5.899434357112674,5.768335498318912,5.805792187540284,69787321
2024-07-04,5.861977577209473,5.964983247715324,5.8338848374685455,5.852613181789514,76693634
2024-07-05,5.824520587921143,5.880706068810139,5.805792243131131,5.8432489327111545,58241905
2024-07-08,5.749607563018799,5.871342034913932,5.721515267362377,5.815156997082099,60430198
2024-07-09,5.693421840667725,5.796427954234504,5.637236809591009,5.74960687174444,77697114
2024-07-10,5.637237071990967,5.71215045024696,5.618508727426969,5.6840581566604405,80660528
2024-07-11,5.375040054321289,5.702786769381007,5.243941636208787,5.674694027954554,355669885
2024-07-12,5.674693584442139,5.70278632367297,5.4405890614213295,5.478045749383144,274255218
2024-07-15,5.581052303314209,5.674694030580761,5.562323957860898,5.6278733902069735,95750478
2024-07-16,5.562323570251465,5.609144207362565,5.515502486621418,5.581051914399694,76223009
2024-07-17,5.618508815765381,5.646601556312552,5.524867091473084,5.562323781190003,82374622
2024-07-18,5.655965328216553,5.712150361031014,5.581051951130603,5.60914424427836,89200597
2024-07-19,5.72151517868042,5.7589718699877395,5.646601796065779,5.655965745633119,93884111
2024-07-22,5.627872943878174,5.740243007686322,5.609144153391208,5.712150268474814,88230695
2024-07-23,5.393768787384033,5.646601671385223,5.393768787384033,5.627873326145098,130402795
2024-07-24,5.309491157531738,5.412497282463537,5.300126761392946,5.4031328863247445,74480820
2024-07-25,5.384404182434082,5.403132526947008,5.262669719840589,5.2907624598694545,72444192
2024-07-26,5.403132438659668,5.421860782866572,5.33758301067603,5.384404094452764,54130386
2024-07-29,5.365675926208496,5.403132615850663,5.272034202103079,5.393768666699603,59096685
2024-07-30,5.272034168243408,5.375039840838332,5.197120789440206,5.356311496137532,92216821
2024-07-31,5.431225299835205,5.449953644461439,5.243941407053913,5.2533058026265085,95829659
2024-08-01,5.34694766998291,5.478046085902712,5.337583274157725,5.431225446333696,58571476
2024-08-02,5.328218936920166,5.36567562445586,5.300126198008927,5.3094905931523195,46388022
2024-08-05,5.449954032897949,5.543595762703277,5.290762868969398,5.300126818690436,141611955
2024-08-06,5.431225299835205,5.5155026273937775,5.33758313018508,5.468681989087672,68231746
2024-08-07,5.384404182434082,5.48741030051465,5.365675837921157,5.412496922462948,45938089
2024-08-08,5.571687698364258,5.609144387866081,5.375039855220206,5.393768646490077,119429317
2024-08-09,5.412497043609619,5.646601578520574,5.38440430295196,5.5997804929307975,117221169
2024-08-12,5.496774196624756,5.552959229622952,5.375039735202523,5.4499535590524015,85962597
2024-08-13,5.534231185913086,5.543595581847607,5.478046149862884,5.506138891147472,52858816
2024-08-14,5.534231185913086,5.562323927197674,5.44058945916275,5.534231185913086,71898237
2024-08-15,5.468681812286377,5.5810518764108785,5.449953468265627,5.515502449078781,99792405
2024-08-16,5.421861171722412,5.478046208372714,5.403132826172311,5.468682258857154,64733672
2024-08-19,5.34694766998291,5.487410481727896,5.337583274157725,5.431225446333696,81172299
2024-08-20,5.272034168243408,5.356311496137532,5.243941427932728,5.337583151436731,102339924
2024-08-21,5.253305435180664,5.309490465129466,5.243941040263067,5.262669383579334,58903072
2024-08-22,5.215848922729492,5.300126247207643,5.197120578787799,5.272033954554574,65142589
2024-08-23,5.215848922729492,5.243941215382562,5.169027839615788,5.1877561835574815,49260873
2024-08-26,5.187756538391113,5.2345776247073,5.131571502723073,5.21584927948462,68630382
2024-08-27,5.169027805328369,5.197120544314034,5.131571117693441,5.169027805328369,48501273
2024-08-28,5.17839241027832,5.197120754854488,5.1222069300308615,5.159664065702152,64934975
2024-08-29,5.17839241027832,5.187756359306926,5.066021896302359,5.17839241027832,101297385
2024-08-30,5.365675926208496,5.421860960671747,5.150299737506555,5.150299737506555,178788692
2024-09-02,5.215848922729492,5.365675674263041,5.215848922729492,5.337582935091031,69280731
2024-09-03,5.309491157531738,5.32821950329034,5.197121082980132,5.215849428738733,83905820
2024-09-04,5.318855285644531,5.4031330676459675,5.262670246483241,5.281398592870338,83931269
2024-09-05,5.384404182434082,5.403132526947008,5.2907624598694545,5.30012640886644,65188756
2024-09-06,5.375040054321289,5.431225537174194,5.346947759413813,5.384404450303099,49326312
2024-09-09,5.150300025939941,5.365676226703644,5.13157168007001,5.346947880833713,104068676
2024-09-10,5.234577655792236,5.262669950533594,5.112843187862422,5.1596642744566505,69570932
2024-09-11,5.262669563293457,5.328218990398294,5.206484531426,5.21584892666338,86704941
2024-09-12,5.047293663024902,5.2907625944028105,5.009836973046603,5.243941508670454,163944223
2024-09-13,4.94428825378418,5.084750625470005,4.92555990779147,5.028565587491877,108859216
2024-09-18,5.019201755523682,5.028565705480253,4.916195626887387,4.953652319751677,64250632
2024-09-19,5.0753865242004395,5.094114869633988,4.888102623345976,5.019201487899793,155352291
2024-09-20,5.197120666503906,5.206484615373325,5.0192011727954515,5.0379295170532385,134079959
2024-09-23,5.243941783905029,5.337583513765675,5.169028400016513,5.187756745988642,121208736
2024-09-24,5.506138801574707,5.515502750837923,5.253305920202346,5.290762610293143,173749189
2024-09-25,5.487410545349121,5.665330049419713,5.468682200000584,5.618508962788883,154555375
2024-09-26,5.9732747077941895,5.9732747077941895,5.496937010348812,5.525517472074787,240699773
2024-09-27,6.2114434242248535,6.344817849473047,6.059015509655489,6.059015509655489,303805351
2024-09-30,6.735415458679199,6.75446894912262,6.411505666870011,6.430559157313431,318060293
2024-10-08,7.097431659698486,7.41181492822096,6.678254876877263,7.41181492822096,449487545
2024-10-09,6.630620956420898,6.992637724875561,6.50677304285414,6.992637724875561,311597897
2024-10-10,6.76399564743042,6.878316593136937,6.516300265066298,6.621094238161744,205064225
2024-10-11,6.535353183746338,6.8116290054804045,6.430558765556204,6.763995055138248,142271878
2024-10-14,6.6401472091674805,6.668727670491695,6.430558825116991,6.563933251330939,167139937
2024-10-15,6.573460578918457,6.754468965711013,6.573460578918457,6.630621050389099,176472892
2024-10-16,6.69730806350708,6.840209005857575,6.459139220561567,6.487719227323259,213656210
2024-10-17,6.6401472091674805,6.8306825580298565,6.6401472091674805,6.716361621275044,119899123
2024-10-18,6.659201145172119,6.773522543863994,6.525826710014493,6.6401476544353155,180656543
2024-10-21,6.668727874755859,6.687781364798607,6.430559022086007,6.668727874755859,193448092
2024-10-22,6.916423797607422,7.135538709068955,6.602040526039868,6.63062098864457,342203824
2024-10-23,6.992637634277344,7.097431601995138,6.916423674384027,6.925950192235175,224388538
2024-10-24,7.097431659698486,7.116485149826723,6.878316296088237,6.92595024854435,147867549
2024-10-25,7.049798011779785,7.202225929568204,6.897369639720338,7.049798011779785,162511232
2024-10-28,7.145065784454346,7.259386727980563,6.954530878577316,7.011691350340425,167241878
2024-10-29,6.992637634277344,7.1641190440373075,6.916423674384027,7.1641190440373075,146973636
2024-10-30,6.945003509521484,7.068851418404172,6.868789551523222,6.916423502407647,100631214
2024-10-31,6.859262466430664,6.954530366627186,6.811628970603419,6.916423388256983,103675037
2024-11-01,6.897369384765625,7.00216380150705,6.811628911314468,6.84020891770785,114111094
2024-11-04,6.916423797607422,6.964057296253869,6.8211558917724435,6.925950315628294,83069223
2024-11-05,7.135538578033447,7.221279510001983,6.859262746435981,6.916423670595694,132529557
2024-11-06,7.164118766784668,7.28796667395389,7.087904809840844,7.11648481655927,110963306
2024-11-07,7.287966728210449,7.287966728210449,7.087904862608007,7.1260118413636135,118205061
2024-11-08,7.135538578033447,7.392761373939055,7.059324618181876,7.354653939742235,121437356
2024-11-11,7.049798011779785,7.078378019229599,6.8783161499967855,7.030744522056232,129225451
2024-11-12,6.887843132019043,7.192699422310613,6.859262670256602,7.040271050029314,129655463
2024-11-13,7.030744552612305,7.068851532225025,6.840209200277674,6.8592626900840346,101408556
2024-11-14,6.945003509521484,7.230806306285991,6.945003509521484,7.002163978020181,123196381
2024-11-15,6.906897068023682,7.1355389598115995,6.897370095396989,6.925950559006008,95479555
2024-11-18,6.811628818511963,6.9640567285893304,6.725887891957941,6.925949751069989,111596673
2024-11-19,6.849736213684082,6.878316221430711,6.735415274155502,6.783048771823561,66081274
2024-11-20,6.840209007263184,6.916423418609063,6.754468532689471,6.84973597903305,80158336
2024-11-21,6.859262466430664,6.887842927343823,6.792575481418317,6.8211554880604615,57719632
2024-11-22,6.668727874755859,6.897369755268821,6.668727874755859,6.8592627751833275,76093381
2024-11-25,6.611567497253418,6.697308430782497,6.5353535360147,6.649674477872778,88596599
2024-11-26,6.544880390167236,6.697308774744162,6.535353871658653,6.573460854235118,69274772
2024-11-27,6.6401472091674805,6.6592006986266155,6.449612314576126,6.506772782953533,85652092
2024-11-28,6.497246742248535,6.668728159967256,6.478193251390899,6.668728159967256,88644676
2024-11-29,6.573460578918457,6.668728031369527,6.478193126467388,6.506773135067185,95830935
2024-12-02,6.649674415588379,6.697308368051934,6.535353474801092,6.592513945194735,99892126
2024-12-03,6.68778133392334,6.7830487836972555,6.563933422081733,6.649674354013774,116967183
2024-12-04,6.668727874755859,6.7258883448841,6.602040432470728,6.649674384713113,75732274
2024-12-05,6.7544684410095215,6.8021019363992625,6.6401470526779205,6.649674024318475,103165911
2024-12-06,6.69730806350708,6.773522020566281,6.649674113209571,6.754468531301481,110533680
2024-12-09,6.554406642913818,6.716361528207805,6.478192686133357,6.706834556474739,196608075
2024-12-10,6.716361999511719,6.95453085829907,6.687781536577976,6.716361999511719,213939000
2024-12-11,6.659201145172119,6.773522543863994,6.602040672961707,6.697308580916778,121830756
2024-12-12,6.70683479309082,6.70683479309082,6.573460364019586,6.6782547854253576,153300163
2024-12-13,6.62109375,6.754468631095163,6.602040260453695,6.64967421145497,165867368
2024-12-16,6.573460578918457,6.744941993330383,6.554407088428244,6.630621050389099,142580241
2024-12-17,6.573460578918457,6.668728031369527,6.544880116047613,6.573460578918457,103904922
2024-12-18,6.62109375,6.735415141548858,6.563933281361083,6.5829867709073895,105243039
2024-12-19,6.592513561248779,6.6020400786240465,6.497246116141054,6.592513561248779,85547782
2024-12-20,6.592513561248779,6.678254488981238,6.554406583205688,6.592513561248779,75624835
2024-12-23,6.554406642913818,6.640147117156329,6.554406642913818,6.5925136213040485,93667758
2024-12-24,6.792575836181641,6.792575836181641,6.516300001432803,6.535353491613032,179703430
2024-12-25,6.69730806350708,6.840209005857575,6.6687276024743705,6.783048538063173,75465823
2024-12-26,6.725888252258301,6.783048721599354,6.668727782917248,6.678254754942938,65721520
2024-12-27,6.544880390167236,6.754469248608859,6.5258268988790045,6.725888784540977,135566631
2024-12-30,6.6020402908325195,6.630620752419,6.497246324981148,6.554406793883085,101846006
2024-12-31,6.69730806350708,6.744941559533572,6.573460156150369,6.602040162912061,150008322
2025-01-02,6.554406642913818,6.725888045669854,6.525826181985638,6.69730803901269,143269872
2025-01-03,6.4400858879089355,6.716361716102618,6.4210319439097585,6.563933344006394,141880677
2025-01-06,6.373398780822754,6.497246697683431,6.325764826869862,6.430559253003593,101240341
2025-01-07,6.373398780822754,6.382925299050701,6.240024345734129,6.3448183175968085,105188938
2025-01-08,6.411505699157715,6.430559189697086,6.268604292976903,6.34481825513439,103259439
2025-01-09,6.240024566650391,6.421032507829099,6.192390611011109,6.421032507829099,104551407
2025-01-10,6.135229587554932,6.2495505257294335,6.125702615571543,6.2400240080170715,76484970
2025-01-13,6.144755840301514,6.1542828118740935,6.0399618786291835,6.078068856377487,59615617
2025-01-14,6.230496883392334,6.259077344371279,6.0875954870396445,6.144755954726517,95442577
2025-01-15,6.173336505889893,6.2495504639191095,6.144756044493424,6.240023946300969,69971896
2025-01-16,6.230496883392334,6.249550372621292,6.116175948018589,6.144755954726517,123869836
2025-01-17,6.259077548980713,6.316238018536163,6.192390107363839,6.211443597215656,115360545
2025-01-20,6.0875959396362305,6.325764799840931,6.059015930803454,6.287657818549863,161492606
2025-01-21,6.163809776306152,6.201917211089825,6.059015807031936,6.116176277800883,105793328
2025-01-22,6.06854248046875,6.1638099341905805,6.0494889897243835,6.125702952701848,85897678
2025-01-23,6.116176128387451,6.230497067132574,6.106649156356509,6.135229618178305,134657554
2025-01-24,6.163809776306152,6.259077681858772,6.03996231677562,6.097122787544567,111574563
2025-01-27,6.306711196899414,6.363871667818228,6.182863282773128,6.192390255061785,134159342
2025-02-05,6.344818115234375,6.401978585592131,6.230497174518864,6.335291597310268,91865026
2025-02-06,6.240024566650391,6.3638720336246015,6.192390611011109,6.316238532256388,129052340
2025-02-07,6.259077548980713,6.3352915083879795,6.1542831276602055,6.230497087067472,119915855
2025-02-10,6.3257646560668945,6.411505589158574,6.230497205004494,6.240024177246253,133681851
2025-02-11,6.363871097564697,6.392451557598589,6.249550165971134,6.335291091801807,123003406
2025-02-12,6.297184467315674,6.373398425980204,6.240023998317276,6.344817964345492,113038189
2025-02-13,6.335291385650635,6.392451854098681,6.211443476877689,6.3067109242911,151499541
2025-02-14,6.4400858879089355,6.497246357093385,6.240024018627852,6.325764495269011,198130816
2025-02-17,6.297184467315674,6.5162998256117115,6.268604005680962,6.468665874310867,199783659
2025-02-18,6.0494890213012695,6.325764865672197,6.030435530457448,6.306711374828377,244725007
2025-02-19,6.0494890213012695,6.087596002988911,5.992328548769807,6.059015993858707,140061196
2025-02-20,6.001855373382568,6.059015844505035,5.944694447989058,6.059015844505035,127417919
2025-02-21,6.0494890213012695,6.116176466390169,5.916114585394524,6.030435530457448,272822505
2025-02-24,6.220970630645752,6.335291570884406,6.001855268052814,6.049488766016735,303068224
2025-02-25,6.15428352355957,6.240024460543896,6.125703059807775,6.1828635330403054,114089054
2025-02-26,6.163809776306152,6.249550709595093,6.12570279579352,6.144756286049836,117557635
2025-02-27,6.125702857971191,6.211443792130428,6.087595877071763,6.173336811231,111600797
2025-02-28,6.0494890213012695,6.2019174023228905,6.039962503014887,6.097122975546348,185558543
2025-03-03,6.163809776306152,6.268604199851409,6.030435344511942,6.059015807031936,178740211
2025-03-04,6.230496883392334,6.230496883392334,6.12570246549756,6.144755954726517,91166484
2025-03-05,6.306711196899414,6.373398640106885,6.182863282773128,6.220970717656713,179359636
2025-03-06,6.411505699157715,6.430559189697086,6.278131265382113,6.34481825513439,131900752
2025-03-07,6.2495503425598145,6.430558716499736,6.230496853422507,6.411505227362429,109780971
2025-03-10,6.2495503425598145,6.287657320834428,6.211443364285201,6.2495503425598145,79913616
2025-03-11,6.278131008148193,6.278131008148193,6.201917049113423,6.220970538872115,69867932
2025-03-12,6.497246742248535,6.554407214821442,6.287657888543488,6.287657888543488,214990140
2025-03-13,6.563933372497559,6.640147331740968,6.49724638529509,6.506772903065001,151031639
2025-03-14,6.6401472091674805,6.77352208965245,6.582986740790075,6.582986740790075,202040623
2025-03-17,6.69730806350708,6.754468531301481,6.63062062394477,6.678254574242279,109680915
2025-03-18,6.744941711425781,6.783048690813529,6.649674262956411,6.735415193714358,106517131
2025-03-19,6.716361999511719,6.773522471108158,6.582987111515648,6.744942008174414,92476381
2025-03-20,6.6020402908325195,6.716361682907418,6.573460283517064,6.6973081932734395,65208147
2025-03-21,6.6020402908325195,6.706834710954916,6.58298680119854,6.58298680119854,84291734
2025-03-24,6.725888252258301,6.783048721599354,6.602040341550505,6.621093831330856,144853785
2025-03-25,6.7544684410095215,6.763994958379065,6.649674024318475,6.725887980358869,102211291
2025-03-26,6.6401472091674805,6.754468600193315,6.592513712655153,6.735415110734179,98443720
2025-03-27,6.69730806350708,6.71636155277188,6.611567134679969,6.621093652176861,57204423
2025-03-28,6.716361999511719,6.81162945217245,6.66872804604583,6.697308508979573,84541297
2025-03-31,6.68778133392334,6.735415285945814,6.621093891946082,6.716361795991031,84908047
2025-04-01,6.6401472091674805,6.716361621275044,6.621093719708345,6.668727670491695,67869661
2025-04-02,6.582987308502197,6.6687282455980545,6.53535380788199,6.621094290706787,85108520
2025-04-03,6.70683479309082,6.72588828295814,6.497246404550308,6.525826412215772,104393589
2025-04-07,6.135229587554932,6.506772863757575,6.059015628771931,6.4972463460452134,229065636
2025-04-08,6.259077548980713,6.287657556622922,6.1542831276602055,6.211443597215656,195843632
2025-04-09,6.220970630645752,6.278131100765079,6.125702726175838,6.19239016845057,183203931
2025-04-10,6.840209007263184,6.840209007263184,6.525826207193865,6.525826207193865,536683111
2025-04-11,6.630620956420898,6.8973698195035675,6.6020404939550925,6.859262839063186,396629616
2025-04-14,6.725888252258301,6.878316170501108,6.621093831330856,6.668727782917248,242292727
2025-04-15,6.792575836181641,6.849736306722328,6.668727922874634,6.763995373775778,144232326
2025-04-16,6.802102565765381,6.830683029060448,6.697308593649259,6.7544690659683395,122764582
2025-04-17,6.840209007263184,6.897369475069331,6.71636155415204,6.744941560919605,103799951
2025-04-18,6.849736213684082,6.887843193526942,6.783048771823561,6.811629233841222,83356791
2025-04-21,6.802102565765381,6.897370019630516,6.783049074992354,6.830683029060448,70874200
2025-04-22,6.70683479309082,6.859262712029375,6.697308275292677,6.783048752560098,98754888
2025-04-23,6.6020402908325195,6.725888200588894,6.544879821930583,6.716361682907418,110035301
2025-04-24,6.6401472091674805,6.68778115995083,6.592513712655153,6.630620691573424,72866479
2025-04-25,6.6020402908325195,6.67825470363946,6.6020402908325195,6.659200759734456,60984980
2025-04-28,6.544880390167236,6.621094355320166,6.5258268988790045,6.582987372743702,95127624
2025-04-29,6.735415458679199,6.763995467208807,6.573460562774605,6.582987080860793,145575136
2025-04-30,6.859262466430664,6.878315955615765,6.716361524677912,6.725888042134955,138130663
2025-05-06,7.106958866119385,7.135538875118122,6.7925760415069565,6.859263032018046,190361228
2025-05-07,7.106958866119385,7.1736463109015265,7.0688518846070325,7.154592820145351,103025069
2025-05-08,7.030744552612305,7.1260120016441055,7.011691062805945,7.07837804999269,78128885
2025-05-09,6.945003509521484,7.049797928904606,6.925950020021919,7.0212174675197465,94928723
2025-05-12,6.945003509521484,7.040270957019312,6.897369558637059,6.983110488520615,99387593
2025-05-13,6.973584175109863,7.030744645282358,6.887843242715603,6.973584175109863,84105883
2025-05-14,7.126012325286865,7.173646279101677,6.935477418569723,6.954530909241438,133187900
2025-05-15,7.059324741363525,7.116485212249627,7.021217760772792,7.116485212249627,76927382
2025-05-16,7.002163887023926,7.097431333283711,6.916423412525628,7.04027086552784,93168779
2025-05-19,6.916423797607422,7.021217767192231,6.868789844689933,7.002164276879443,78729146
2025-05-20,7.059324741363525,7.097431721954259,6.925950309295958,6.935477281579161,94355398
2025-05-21,7.002163887023926,7.116484822535668,6.992637369533456,7.049797837289327,57736203
2025-05-22,7.0212178230285645,7.049798285860553,6.9450038611713225,6.973584324003311,55078487
2025-05-23,7.126012325286865,7.173646279101677,7.068851853271723,7.1164853528154834,118718075
2025-05-26,7.202225685119629,7.230806145870431,7.0497977725047205,7.1355382462151,87727383
2025-05-27,7.116484642028809,7.240332546160683,7.106958124779975,7.192699051374505,82923154
2025-05-28,7.2593865394592285,7.268913511641196,7.059324666348294,7.126012108808951,86917323
2025-05-29,7.202225685119629,7.2689131240241585,7.097431268061373,7.2689131240241585,95835237
2025-05-30,7.116484642028809,7.268913006449195,7.116484642028809,7.164118591085993,76644992
2025-06-03,7.0212178230285645,7.126012247717795,6.964057351635633,7.087905266789174,97715055
2025-06-04,7.011690616607666,7.040270622362964,6.954530150826068,7.021217133769098,68378159
2025-06-05,6.964056968688965,7.068851387615653,6.964056968688965,7.011690919365919,68401419
2025-06-06,6.945003509521484,7.030744439405041,6.916423502407647,6.96405699902105,60124073
2025-06-09,6.925949573516846,6.992637009601602,6.8973691139745235,6.96405655005928,76221813
2025-06-10,6.906897068023682,7.002164522935314,6.878316604414663,6.925950559006008,71997624
2025-06-11,6.916423797607422,6.964057296253869,6.88784333500272,6.916423797607422,61886310
2025-06-12,6.945003509521484,6.973583970906343,6.859262579637928,6.935476991907213,73069117
2025-06-13,6.783048629760742,6.925950028314086,6.72588816119361,6.916423510688409,116791708
2025-06-16,6.7544684410095215,6.77352193001962,6.687781002338673,6.77352193001962,98482386
2025-06-17,6.773521900177002,6.802101906430726,6.706834461799962,6.735414922324696,66883459
2025-06-18,6.7544684410095215,6.849735886060014,6.7449414693689675,6.763994958379065,62564235
2025-06-19,6.68778133392334,6.7830487836972555,6.668727843968557,6.744941803787689,53555922
2025-06-20,6.6782546043396,6.697308093690269,6.592513675126075,6.659200660717911,104845715
2025-06-23,6.62109375,6.706834680093887,6.5829867709073895,6.64967421145497,74536735
2025-06-24,6.7544684410095215,6.783048447389164,6.621093563667823,6.649674024318475,113567504
2025-06-25,6.906897068023682,6.9354775316327,6.773522631147396,6.7830491495030305,124576849
2025-06-26,6.792575836181641,6.916423749488648,6.763995373775778,6.916423749488648,73668094
2025-06-27,6.840209007263184,6.897369475069331,6.773522021958187,6.802102028725752,98041104
2025-06-30,6.954530715942383,6.983110724020056,6.802102340534319,6.83068280288303,105670361
2025-07-01,6.849736213684082,6.983110643134093,6.830682723762652,6.973584125308894,88574052
2025-07-02,6.802102565765381,6.868790010606502,6.783049074992354,6.859263038084462,72451439
2025-07-03,6.830682754516602,6.897369742406337,6.783048802363046,6.792575774502171,80046389
2025-07-04,6.935477256774902,6.954530747002125,6.802102370913299,6.830682833389654,109226692
2025-07-07,7.287966728210449,7.402287664477267,7.145065330741416,7.173645791943631,360742116
2025-07-08,7.345127105712891,7.354653623148735,7.240332688292515,7.326073616570187,148350269
2025-07-09,7.411815166473389,7.4880291294362324,7.24986026804182,7.335600749239493,153733100
2025-07-10,7.345127105712891,7.459448040569111,7.297493155720625,7.4308680339905635,97701207
2025-07-11,7.40228796005249,7.497555410745559,7.287967019220808,7.354654007570437,120150338
2025-07-14,7.411815166473389,7.44039517544893,7.316547258498782,7.402288193967507,111585508
2025-07-15,7.30702018737793,7.430868094957119,7.18317227979874,7.402287633873068,126434466
2025-07-16,7.192699432373047,7.373707358127956,7.145065480792684,7.297493399016198,98163737
2025-07-17,7.154592514038086,7.221279501695991,7.049798092227193,7.202226011755013,95696780
2025-07-18,7.154592514038086,7.2403329916369685,7.126012051991103,7.173646003979064,72091599
2025-07-21,7.202225685119629,7.211752656793567,7.097431268061373,7.1355382462151,91295167
2025-07-22,7.240333080291748,7.240333080291748,7.116485167023412,7.1736460918172895,91684692
2025-07-23,7.230806350708008,7.278439847614044,7.15459239224153,7.2498598403246275,85747940
2025-07-24,7.345127105712891,7.364180594855594,7.23080617085667,7.23080617085667,116439898
2025-07-25,7.154592514038086,7.3641809033888395,7.106958562050125,7.354653931282834,128410227
2025-07-28,7.145065784454346,7.202226256217455,7.078378340261861,7.126012293866642,96299666
2025-07-29,7.183172702789307,7.192699675135337,7.030744779421165,7.1260122315262535,107449992
2025-07-30,7.278439998626709,7.307020460780136,7.126012078531186,7.1545925406846145,97104435
2025-07-31,7.145065784454346,7.278440218568266,7.116485321437267,7.268913700409939,78852697
2025-08-01,7.154592514038086,7.192699493920041,7.135538569826076,7.14506554193208,53088565
2025-08-04,7.297493934631348,7.326074398531495,7.126012514043649,7.14506600522006,97697859
2025-08-05,7.630930423736572,7.6404573961008895,7.2974936593222,7.307020631686517,168793047
2025-08-06,7.430868625640869,7.66903748602332,7.402288162515713,7.602350041578656,131606500
2025-08-07,7.38323450088501,7.630930327997058,7.2784400775475255,7.58329637531519,176687201
2025-08-08,7.46897554397583,7.621403467968465,7.411815072478593,7.449922053476751,152623497
2025-08-11,7.802411079406738,7.916732926237524,7.507082215963034,7.573769202829279,233660371
2025-08-12,7.7643046379089355,7.945313484146742,7.707144619075399,7.802411619978665,158435617
2025-08-13,7.716671466827393,7.80241149368992,7.697617521829873,7.792885429733264,152935332
2025-08-14,7.602350234985352,7.75477861841227,7.592823262277579,7.697617690707762,121317663
2025-08-15,7.640456676483154,7.659509710875184,7.554715296093003,7.592822273419069,101622148
2025-08-18,7.592822551727295,7.735723949073466,7.54518905545925,7.678563935260221,139500319
2025-08-19,7.592822551727295,7.649983019811559,7.4975551049201865,7.583296034182093,113188726
2025-08-20,7.830991744995117,7.859571751517961,7.5642424432461715,7.592822449769015,166905561
2025-08-21,7.8119378089904785,7.907205708879227,7.745250824193571,7.8119378089904785,115047505
2025-08-22,7.9197564125061035,7.949161187235741,7.762929700933457,7.880549734612941,114091197
2025-08-25,8.00797176361084,8.037376538678863,7.870747922025149,7.9393603101984676,113265312
2025-08-26,8.076582908630371,8.174600068129068,7.958962878088482,8.00797145783783,120803641
2025-08-27,8.00797176361084,8.174600380264554,7.998169860334516,8.096187023575858,176153817
2025-08-28,8.096187591552734,8.213807634837249,7.978567548268218,7.98836851747117,183682872
2025-08-29,8.145195960998535,8.233410290056025,8.007972113418573,8.086385473532555,147936584
2025-09-01,8.527460098266602,8.586270580493942,8.115789526957926,8.145195235452048,189543804
2025-09-02,8.351030349731445,8.48825324751106,8.282417966080754,8.48825324751106,114530437
2025-09-03,8.22360897064209,8.360831877612956,8.174600388969232,8.351030909087141,88168385
2025-09-04,8.194202423095703,8.253012902043178,8.086384302246325,8.223608129949866,106913538
2025-09-05,8.145195960998535,8.223609321112518,8.066781666123566,8.213807417408022,108147145
2025-09-08,8.233409881591797,8.311823237815647,8.09618697558053,8.135393653692455,124037168
2025-09-09,8.24321174621582,8.31182319890022,8.174600293531421,8.233409843043496,78247532
2025-09-10,8.115789413452148,8.243211344195204,8.086384640130179,8.223608473567522,78329347
2025-09-11,8.115789413452148,8.145195121535009,8.047177964113922,8.125591316146435,103369684
2025-09-12,7.998169898986816,8.243211873513427,7.949161317129304,8.13539374123566,135278559
2025-09-15,7.949161052703857,8.037376310160747,7.909954375474231,7.99816963293112,107554171
2025-09-16,7.958962917327881,7.968764820278258,7.831540983255722,7.949161014377504,99857716
2025-09-17,8.184402465820312,8.194203434553973,7.968765262743349,7.998170038466264,148029797
2025-09-18,7.89035177230835,8.223609007462784,7.831541287085411,8.135393747008852,109950460
2025-09-19,8.16479778289795,8.174599685341011,7.870747252932133,7.939359635272705,129997593
2025-09-22,8.00797176361084,8.125591798643883,7.9589631819901685,8.11578989536756,87706130
2025-09-23,7.909955024719238,8.047178873666653,7.841343567626029,8.017774097021134,106160567
2025-09-24,7.998169898986816,8.007971802310509,7.841343184851538,7.860946991498923,75485261
2025-09-25,8.22360897064209,8.28241852084076,7.949161287178465,7.968765093751987,165514176
2025-09-26,8.096187591552734,8.213807634837249,7.958963740340294,8.204005730873288,125019590
2025-09-29,8.174600601196289,8.19420347351779,7.978567204176432,8.06678153176464,110404683
2025-09-30,7.900153160095215,8.184401794808021,7.870747452022211,8.145195118804907,157694682
2025-10-09,7.753127574920654,7.919756184867394,7.655110883005059,7.909954281985607,146309197
2025-10-10,7.615904808044434,7.782533431158098,7.606103371768596,7.723723411361597,98111656
2025-10-13,7.537491321563721,7.576698000768746,7.439474623551156,7.498284642358695,138002753
2025-10-14,7.557094097137451,7.645309352454996,7.508085518098715,7.557094097137451,126978321
2025-10-15,7.625706672668457,7.655111448725953,7.517888069903165,7.5570947495668195,155615559
2025-10-16,7.380664348602295,7.625706318819921,7.3120524286843915,7.625706318819921,165163627
2025-10-17,7.420398235321045,7.638937678303927,7.380663877264323,7.400531056292684,132092396
2025-10-20,7.440265655517578,7.499867668205507,7.350863583827538,7.470066661861543,92899162
2025-10-21,7.390597820281982,7.489933716991905,7.370730640939998,7.420398352459499,97336238
2025-10-22,7.380663871765137,7.470066414161605,7.330996161066697,7.380663871765137,83252476
2025-10-23,7.440265655517578,7.450199482189208,7.340929757155907,7.360796936828241,60902753
2025-10-24,7.430332183837891,7.549535259967956,7.410465004482879,7.440265536679936,81317373
2025-10-27,7.559469223022461,7.619070762164036,7.4303323180469185,7.480000504167028,121839319
2025-10-28,7.569402694702148,7.599203701575561,7.4899339746009606,7.5296683346515545,64665357
2025-10-29,7.569402694702148,7.569402694702148,7.470066794575664,7.549535514676852,72543921
2025-10-30,7.7283406257629395,7.837609879309615,7.6290042517446,7.638938078614809,166156562
2025-10-31,7.6985392570495605,7.8177423318647925,7.658804898777817,7.7382736153213045,89821323
2025-11-03,7.7283406257629395,7.74820780583242,7.529668351397198,7.7283406257629395,114379532
2025-11-04,7.718406677246094,7.77800821651518,7.668738491019724,7.698539497489731,94981683
2025-11-05,7.609137058258057,7.668738598361404,7.52966833812026,7.648871418326955,110346421
2025-11-06,7.489933967590332,7.609137047630538,7.440265780738112,7.599203694462655,131590272
2025-11-07,7.440265655517578,7.519734847877841,7.430332302516875,7.450199482189208,78395675
2025-11-10,7.708473205566406,7.787941923368794,7.430332219587125,7.440265572476964,142987137
2025-11-11,7.7482075691223145,7.778008101480652,7.619070665780394,7.7084732101972495,91425270
2025-11-12,7.7283406257629395,7.946879606527227,7.718406798892731,7.718406798892731,97837401
2025-11-13,7.718406677246094,7.787942043228825,7.668738491019724,7.728340503959739,80433467
2025-11-14,7.599203586578369,7.797875383824879,7.599203586578369,7.698539485201624,77153933
2025-11-17,7.539601802825928,7.599203340066455,7.489933618290031,7.5098007973702074,84483391
2025-11-18,7.619070529937744,7.678672067262688,7.529667987114872,7.529667987114872,77270118
2025-11-19,7.509800910949707,7.619070634378745,7.480000378714191,7.5992034549980945,73969312
2025-11-20,7.4998674392700195,7.619070513665319,7.4899336129016225,7.539601797401786,70927961
2025-11-21,7.4998674392700195,7.599203334599435,7.440265428401458,7.460133081138253,96888576
2025-11-24,7.4800004959106445,7.539602034986431,7.400531303472001,7.499867675602573,117884763
2025-11-25,7.400000095367432,7.539999961853027,7.349999904632568,7.480000019073486,146535007
2025-11-26,7.289999961853027,7.380000114440918,7.230000019073486,7.360000133514404,164766292
2025-11-27,7.329999923706055,7.380000114440918,7.239999771118164,7.28000020980835,97300476
2025-11-28,7.349999904632568,7.369999885559082,7.25,7.340000152587891,74190955
2025-12-01,7.460000038146973,7.5,7.309999942779541,7.360000133514404,137660642
2025-12-02,7.269999980926514,7.46999979019165,7.25,7.46999979019165,101998271
2025-12-03,7.260000228881836,7.340000152587891,7.25,7.28000020980835,67918546
2025-12-04,7.21999979019165,7.300000190734863,7.190000057220459,7.260000228881836,77354406
2025-12-05,7.190000057220459,7.21999979019165,7.130000114440918,7.210000038146973,91161367
2025-12-08,7.130000114440918,7.230000019073486,7.119999885559082,7.190000057220459,117767294
2025-12-09,7.03000020980835,7.179999828338623,7.0,7.130000114440918,126808418
2025-12-10,7.090000152587891,7.110000133514404,6.96999979019165,7.03000020980835,176248352
2025-12-11,7.019999980926514,7.119999885559082,6.980000019073486,7.090000152587891,119171792
2025-12-12,7.159999847412109,7.170000076293945,7.0,7.039999961853027,194564283
2025-12-15,7.139999866485596,7.199999809265137,7.050000190734863,7.130000114440918,109551124
2025-12-16,7.070000171661377,7.170000076293945,7.059999942779541,7.099999904632568,78715096
2025-12-17,7.21999979019165,7.260000228881836,7.039999961853027,7.079999923706055,134558739
2025-12-18,7.340000152587891,7.369999885559082,7.170000076293945,7.190000057220459,124945490
2025-12-19,7.309999942779541,7.349999904632568,7.260000228881836,7.340000152587891,72998816
2025-12-22,7.260000228881836,7.309999942779541,7.130000114440918,7.289999961853027,152679160
2025-12-23,7.239999771118164,7.28000020980835,7.179999828338623,7.260000228881836,97992713
2025-12-24,7.139999866485596,7.239999771118164,7.070000171661377,7.230000019073486,143957998
2025-12-25,7.21999979019165,7.230000019073486,7.130000114440918,7.150000095367432,97345034
2025-12-26,7.179999828338623,7.239999771118164,7.150000095367432,7.210000038146973,98425691
2025-12-29,7.190000057220459,7.269999980926514,7.130000114440918,7.159999847412109,106473441
2025-12-30,7.289999961853027,7.380000114440918,7.090000152587891,7.190000057220459,153748060
2025-12-31,7.369999885559082,7.46999979019165,7.28000020980835,7.300000190734863,139947254
2026-01-05,7.239999771118164,7.360000133514404,7.110000133514404,7.340000152587891,181521565
2026-01-06,7.449999809265137,7.489999771118164,7.210000038146973,7.239999771118164,179640627
2026-01-07,7.440000057220459,7.489999771118164,7.389999866485596,7.440000057220459,116145382
2026-01-08,7.619999885559082,7.650000095367432,7.269999980926514,7.429999828338623,221953786
2026-01-09,7.710000038146973,7.739999771118164,7.550000190734863,7.570000171661377,154676003
2026-01-12,8.039999961853027,8.09000015258789,7.75,7.800000190734863,315341191
2026-01-13,8.020000457763672,8.319999694824219,7.909999847412109,8.119999885559082,383276575
2026-01-14,7.800000190734863,8.149999618530273,7.679999828338623,7.900000095367432,324452362
2026-01-15,7.570000171661377,7.849999904632568,7.519999980926514,7.730000019073486,213668457
2026-01-16,7.429999828338623,7.610000133514404,7.369999885559082,7.590000152587891,219748592
2026-01-19,7.400000095367432,7.489999771118164,7.349999904632568,7.400000095367432,160491996
2026-01-20,7.440000057220459,7.46999979019165,7.349999904632568,7.409999847412109,149423849
2026-01-21,7.389999866485596,7.460000038146973,7.369999885559082,7.420000076293945,133681906
2026-01-22,7.400000095367432,7.449999809265137,7.340000152587891,7.389999866485596,142456353
2026-01-23,7.440000057220459,7.550000190734863,7.400000095367432,7.409999847412109,186374449
2026-01-26,7.420000076293945,7.5,7.139999866485596,7.300000190734863,335271964
2026-01-27,7.260000228881836,7.449999809265137,7.260000228881836,7.440000057220459,144917426
