Date,Close,High,Low,Open,Volume
2010-07-15,1.203669786453247,1.2260428089986077,1.203669786453247,1.2260428089986077,4039725100
2010-07-16,1.203669786453247,1.2081443909623193,1.199195181944175,1.2081443909623193,1378955100
2010-07-19,1.2126188278198242,1.2126188278198242,1.1991950161485274,1.1991950161485274,72996505
2010-07-20,1.2126188278198242,1.2126188278198242,1.2036696200389598,1.208144223929392,844226057
2010-07-21,1.2126188278198242,1.2126188278198242,1.2036696200389598,1.208144223929392,622094317
2010-07-22,1.2215681076049805,1.2305173159133485,1.2036696909882447,1.2081442951424286,1065122571
2010-07-23,1.2573648691177368,1.2707886808145878,1.2215680379261342,1.2215680379261342,719041122
2010-07-26,1.2528902292251587,1.2707886443067657,1.2394664179139532,1.266314040536364,704693876
2010-07-27,1.243941068649292,1.2528902765279724,1.2394664647099518,1.2484156725886322,384483985
2010-07-28,1.2707886695861816,1.2752632734455953,1.2439410464296994,1.2439410464296994,796917138
2010-07-29,1.2663143873214722,1.288687518983419,1.2573651773298928,1.270788992317262,894588395
2010-07-30,1.2484157085418701,1.2618395207464845,1.2394665004054606,1.2618395207464845,510624557
2010-08-02,1.2528902292251587,1.2573648329955605,1.2394664179139532,1.2439410216843552,521574632
2010-08-03,1.2215681076049805,1.2573649408384522,1.2215681076049805,1.2528903366842683,566704200
2010-08-04,1.2215681076049805,1.2305173159133485,1.2081442951424286,1.2215681076049805,413863463
2010-08-05,1.217093586921692,1.2215681913827539,1.21261898246063,1.2215681913827539,335500220
2010-08-06,1.217093586921692,1.2215681913827539,1.208144377999568,1.217093586921692,328014909
2010-08-09,1.217093586921692,1.2215681913827539,1.208144377999568,1.217093586921692,459887584
2010-08-10,1.203669786453247,1.2170935999804635,1.199195181944175,1.2126189954713913,506683548
2010-08-11,1.203669786453247,1.2081443909623193,1.199195181944175,1.203669786453247,468119363
2010-08-12,1.1991952657699585,1.2036698705918132,1.1991952657699585,1.1991952657699585,511566731
2010-08-13,1.203669786453247,1.203669786453247,1.199195181944175,1.199195181944175,661554125
2010-08-16,1.2126188278198242,1.2170934317102564,1.1991950161485274,1.1991950161485274,386549165
2010-08-17,1.203669786453247,1.2081443909623193,1.199195181944175,1.2081443909623193,332728091
2010-08-18,1.203669786453247,1.2126189954713913,1.199195181944175,1.203669786453247,395987072
2010-08-19,1.203669786453247,1.2081443909623193,1.199195181944175,1.203669786453247,414253726
2010-08-20,1.1991952657699585,1.2036698705918132,1.1991952657699585,1.1991952657699585,429512133
2010-08-23,1.1991952657699585,1.2036698705918132,1.1991952657699585,1.1991952657699585,146681517
2010-08-24,1.203669786453247,1.2081443909623193,1.199195181944175,1.199195181944175,256305249
2010-08-25,1.1991952657699585,1.2036698705918132,1.1991952657699585,1.1991952657699585,336694514
2010-08-26,1.203669786453247,1.203669786453247,1.199195181944175,1.199195181944175,172732090
2010-08-27,1.203669786453247,1.203669786453247,1.199195181944175,1.203669786453247,153487805
2010-08-30,1.2081444263458252,1.2126190309859473,1.1991952170655813,1.2036698217057031,366137390
2010-08-31,1.203669786453247,1.2081443909623193,1.199195181944175,1.2081443909623193,228897708
2010-09-01,1.1991952657699585,1.2081444754136677,1.1991952657699585,1.1991952657699585,313642952
2010-09-02,1.203669786453247,1.203669786453247,1.199195181944175,1.203669786453247,167608898
2010-09-03,1.203669786453247,1.2081443909623193,1.199195181944175,1.203669786453247,282524064
2010-09-06,1.2081444263458252,1.2081444263458252,1.1991952170655813,1.2036698217057031,243962038
2010-09-07,1.203669786453247,1.2081443909623193,1.199195181944175,1.2081443909623193,171286136
2010-09-08,1.2081444263458252,1.2081444263458252,1.1991952170655813,1.1991952170655813,225396509
2010-09-09,1.203669786453247,1.2081443909623193,1.199195181944175,1.203669786453247,223250224
2010-09-10,1.203669786453247,1.2081443909623193,1.199195181944175,1.199195181944175,284969587
2010-09-13,1.2081444263458252,1.2081444263458252,1.1991952170655813,1.2036698217057031,297385029
2010-09-14,1.203669786453247,1.2081443909623193,1.199195181944175,1.203669786453247,218247123
2010-09-15,1.1991952657699585,1.2036698705918132,1.1991952657699585,1.2036698705918132,179704426
2010-09-16,1.1768219470977783,1.203669569308846,1.1678726330111215,1.1991949656070013,543375075
2010-09-17,1.163398265838623,1.1768221863563284,1.149974452003907,1.1723474750617673,260687413
2010-09-20,1.163398265838623,1.1723474750617673,1.154449056615479,1.163398265838623,165395850
2010-09-21,1.1589235067367554,1.1678727147669254,1.1589235067367554,1.1633981107518403,75221899
2010-09-27,1.1589235067367554,1.1633981107518403,1.1499742987065855,1.1633981107518403,96103715
2010-09-28,1.1499743461608887,1.1589235545603525,1.1499743461608887,1.1544489503606206,88831031
2010-09-29,1.1320761442184448,1.154449169463276,1.1276015391694787,1.1499745644143096,139475527
2010-09-30,1.1678729057312012,1.181296826654438,1.1320760677572155,1.1320760677572155,252475759
2010-10-08,1.1947205066680908,1.2036697151561455,1.1723473787649736,1.1812966939360088,344211815
2010-10-11,1.2081444263458252,1.2215682402661912,1.1857714031452153,1.1947206124254592,572540494
2010-10-12,1.1991952657699585,1.2036698705918132,1.1902460561262493,1.1991952657699585,219468579
2010-10-13,1.2126188278198242,1.2170934317102564,1.1857712044772308,1.1947204122580952,514126409
2010-10-14,1.2484157085418701,1.2618395207464845,1.2439411044736655,1.252890312610075,254199435
2010-10-15,1.3200095891952515,1.3200095891952515,1.2573650203902595,1.2573650203902595,590050399
2010-10-18,1.3200095891952515,1.3871286557545446,1.3155349847579652,1.33343340250711,44118358
2010-10-19,1.315535068511963,1.3244842779562898,1.2707889146073363,1.297636649623309,499667301
2010-10-20,1.315535068511963,1.3513319062892708,1.297636649623309,1.3200096732341264,638194252
2010-10-21,1.2707886695861816,1.3110602110038763,1.2528902541485267,1.3110602110038763,627321283
2010-10-22,1.2573648691177368,1.2707886808145878,1.2394664535219355,1.2663140769156376,406010390
2010-10-25,1.2663143873214722,1.270788992317262,1.2349921523509442,1.2573651773298928,469943317
2010-10-26,1.2349921464920044,1.270788986288498,1.2260429365428809,1.2663143813139364,485825149
2010-10-27,1.2349921464920044,1.2573651713648129,1.2215683315683192,1.2305175415174427,459110492
2010-10-28,1.2528902292251587,1.2573648329955605,1.2305172103731497,1.2439410216843552,316519422
2010-10-29,1.2349921464920044,1.2573651713648129,1.2305175415174427,1.2439413564411277,251290867
2010-11-01,1.243941068649292,1.243941068649292,1.226042652891931,1.2305172568312712,355333694
2010-11-02,1.2394664287567139,1.2484156363758043,1.2170934097089874,1.2394664287567139,361303356
2010-11-03,1.261839747428894,1.2707889571729787,1.2260429084525553,1.2439413279407245,629196329
2010-11-04,1.2707886695861816,1.2842124811644229,1.2573648580079404,1.2618394618673543,434913605
2010-11-05,1.2931621074676514,1.2976367124063077,1.275263581030029,1.2842127909073418,519955389
2010-11-08,1.2931621074676514,1.302111317344964,1.2797381859686854,1.2931621074676514,386973118
2010-11-09,1.2663143873214722,1.2931621239792088,1.2484159673383133,1.2931621239792088,449443013
2010-11-10,1.2394664287567139,1.2528902401853497,1.2305172211376232,1.2528902401853497,477843071
2010-11-11,1.2528902292251587,1.266314040536364,1.2305172103731497,1.2349918141435514,372595022
2010-11-12,1.217093586921692,1.2484158181491256,1.199195169077444,1.2394666092270017,537364098
2010-11-15,1.2305175065994263,1.2305175065994263,1.1991952726663158,1.2126190872090774,296372771
2010-11-16,1.1947205066680908,1.2215681321322551,1.1902459024240635,1.2215681321322551,365620457
2010-11-17,1.1947205066680908,1.2036697151561455,1.1768220896919814,1.1857712981800361,184958217
2010-11-18,1.1947205066680908,1.2036697151561455,1.1902459024240635,1.1947205066680908,171457016
2010-11-19,1.1991952657699585,1.2036698705918132,1.1678729253339823,1.1991952657699585,250148497
2010-11-22,1.1857712268829346,1.1902458308579167,1.1768220189329708,1.1857712268829346,159764457
2010-11-23,1.1723473072052002,1.1857712258008701,1.158923495292504,1.1812966218299714,192567724
2010-11-24,1.181296706199646,1.190245914780607,1.1633981823547426,1.1678727866452232,133059571
2010-11-25,1.1902457475662231,1.1991949548899343,1.1723472262358343,1.181296540242512,168015665
2010-11-26,1.181296706199646,1.190245914780607,1.1723473909357036,1.190245914780607,150307057
2010-11-29,1.1768219470977783,1.1857711545014675,1.1678726330111215,1.1723472367129661,164297355
2010-11-30,1.1678729057312012,1.181296826654438,1.1544490914909566,1.1723475104779493,200038896
2010-12-01,1.1768219470977783,1.181296550799623,1.1589234256074323,1.1678726330111215,113611945
2010-12-02,1.1991952657699585,1.2036698705918132,1.1812968464825402,1.1812968464825402,307260528
2010-12-03,1.1902457475662231,1.1991949548899343,1.181296540242512,1.1991949548899343,138243474
2010-12-06,1.1902457475662231,1.1991949548899343,1.181296540242512,1.1902457475662231,135901606
2010-12-07,1.1902457475662231,1.1991949548899343,1.1723472262358343,1.1857711439043677,139717206
2010-12-08,1.1768219470977783,1.1947203619051567,1.1723472367129661,1.1902457582033121,178817245
2010-12-09,1.1723473072052002,1.1857712258008701,1.1678727032343015,1.1768220178590727,126567958
2010-12-10,1.1768219470977783,1.1768219470977783,1.1589234256074323,1.1678726330111215,244077474
2010-12-13,1.1902457475662231,1.1902457475662231,1.1678726225739786,1.1723472262358343,245473116
2010-12-14,1.1857712268829346,1.1902458308579167,1.1768220189329708,1.1857712268829346,157682700
2010-12-15,1.181296706199646,1.190245914780607,1.1768221019091656,1.1857713104901266,160781824
2010-12-16,1.1768219470977783,1.181296550799623,1.1723472367129661,1.1768219470977783,75509803
2010-12-17,1.1768219470977783,1.1768219470977783,1.1678726330111215,1.1768219470977783,82384021
2010-12-20,1.1678729057312012,1.181296826654438,1.1589236962377047,1.1768222219076898,168332483
2010-12-21,1.1857712268829346,1.1902458308579167,1.1633981003250509,1.1678727043000328,216849245
2010-12-22,1.1723473072052002,1.1857712258008701,1.1723473072052002,1.1857712258008701,98200148
2010-12-23,1.1768219470977783,1.1902457582033121,1.163398029309277,1.1723472367129661,186599908
2010-12-24,1.1768219470977783,1.1857711545014675,1.163398029309277,1.1678726330111215,162311640
2010-12-27,1.1678729057312012,1.1857714314011862,1.1633983009844528,1.181296826654438,150050268
2010-12-28,1.1454999446868896,1.1678729696450325,1.1410253396952612,1.1633983646534038,229639836
2010-12-29,1.1544489860534668,1.158923590391543,1.1454997773773146,1.1499743817153907,115971709
2010-12-30,1.163398265838623,1.167872870450195,1.145499847392335,1.154449056615479,215093946
2010-12-31,1.1991952657699585,1.1991952657699585,1.1544491108684187,1.1633983205121279,387689957
2011-01-04,1.1947205066680908,1.1947205066680908,1.1768220896919814,1.1902459024240635,132367911
2011-01-05,1.1768219470977783,1.1947203619051567,1.1723472367129661,1.1857711545014675,136713371
2011-01-06,1.1678729057312012,1.181296826654438,1.1678729057312012,1.1768222219076898,114108757
2011-01-07,1.1857712268829346,1.1991950388078805,1.1633981003250509,1.1633981003250509,307153039
2011-01-10,1.1768219470977783,1.1902457582033121,1.1723472367129661,1.181296550799623,168495568
2011-01-11,1.1768219470977783,1.1857711545014675,1.1678726330111215,1.1768219470977783,147442156
2011-01-12,1.1902457475662231,1.1902457475662231,1.1768219365806565,1.181296540242512,248191087
2011-01-13,1.1947205066680908,1.1991951109121182,1.1812966939360088,1.1902459024240635,154089602
2011-01-14,1.1857712268829346,1.1947204348328986,1.1812966229079527,1.1902458308579167,108555623
2011-01-17,1.1589235067367554,1.1812966334951551,1.1544489027216704,1.1768220294800702,181175000
2011-01-18,1.163398265838623,1.167872870450195,1.154449056615479,1.158923661227051,117040499
2011-01-19,1.1678729057312012,1.1723475104779493,1.1589236962377047,1.1633983009844528,116573573
2011-01-20,1.1544489860534668,1.1723474034057713,1.1499743817153907,1.1678727990676951,118323569
2011-01-21,1.1723473072052002,1.1812966218299714,1.1499742873507066,1.1544488913216053,132121576
2011-01-24,1.1589235067367554,1.1678727147669254,1.1544489027216704,1.1678727147669254,128018409
2011-01-25,1.163398265838623,1.163398265838623,1.154449056615479,1.158923661227051,85809381
2011-01-26,1.1678729057312012,1.1678729057312012,1.1589236962377047,1.1633983009844528,50351661
2011-01-27,1.1723473072052002,1.1723473072052002,1.1544488913216053,1.1633980992634028,140061760
2011-01-28,1.1678729057312012,1.1678729057312012,1.1589236962377047,1.1678729057312012,74271224
2011-01-31,1.1723473072052002,1.1723473072052002,1.158923495292504,1.1633980992634028,82919777
2011-02-01,1.1723473072052002,1.1768220178590727,1.1633980992634028,1.1678727032343015,83664057
2011-02-09,1.163398265838623,1.1723474750617673,1.163398265838623,1.167872870450195,74017768
2011-02-10,1.1678729057312012,1.1723475104779493,1.1633983009844528,1.1723475104779493,83779258
2011-02-11,1.1678729057312012,1.1723475104779493,1.1633983009844528,1.1678729057312012,151543791
2011-02-14,1.1991952657699585,1.2036698705918132,1.1678729253339823,1.1678729253339823,393967657
2011-02-15,1.1902457475662231,1.1991949548899343,1.1857711439043677,1.1947203512280788,201988411
2011-02-16,1.1947205066680908,1.1947205066680908,1.1812966939360088,1.1902459024240635,142377233
2011-02-17,1.1947205066680908,1.1991951109121182,1.1857712981800361,1.1902459024240635,96829461
2011-02-18,1.1857712268829346,1.1902458308579167,1.1812966229079527,1.1902458308579167,98643369
2011-02-21,1.1857712268829346,1.1857712268829346,1.1723473082750149,1.1812966229079527,144481942
2011-02-22,1.163398265838623,1.1812967909679004,1.158923661227051,1.1812967909679004,263860888
2011-02-23,1.163398265838623,1.167872870450195,1.158923661227051,1.163398265838623,103394996
2011-02-24,1.163398265838623,1.167872870450195,1.158923661227051,1.163398265838623,87094740
2011-02-25,1.1678729057312012,1.1723475104779493,1.1589236962377047,1.1633983009844528,86723714
2011-02-28,1.1678729057312012,1.1723475104779493,1.1633983009844528,1.1678729057312012,80204601
2011-03-01,1.1723473072052002,1.1768220178590727,1.1678727032343015,1.1678727032343015,144376296
2011-03-02,1.1723473072052002,1.1723473072052002,1.1723473072052002,1.1723473072052002,0
2011-03-03,1.1947205066680908,1.2081443194001729,1.1723473787649736,1.1768220896919814,552478297
2011-03-04,1.1991952657699585,1.2036698705918132,1.1902460561262493,1.1902460561262493,223421790
2011-03-07,1.2081444263458252,1.217093635626069,1.1991952170655813,1.1991952170655813,359118041
2011-03-08,1.2081444263458252,1.2126190309859473,1.1991952170655813,1.2081444263458252,149308016
2011-03-09,1.203669786453247,1.2170935999804635,1.199195181944175,1.2081443909623193,178657619
2011-03-10,1.1902457475662231,1.2081441622136457,1.1857711439043677,1.20366955855179,134664037
2011-03-11,1.181296706199646,1.1947205190710875,1.181296706199646,1.1857713104901266,124263500
2011-03-14,1.1768219470977783,1.1857711545014675,1.1723472367129661,1.1768219470977783,135093810
2011-03-15,1.1768219470977783,1.181296550799623,1.163398029309277,1.1768219470977783,192229630
2011-03-16,1.181296706199646,1.1857713104901266,1.1723473909357036,1.1723473909357036,110482208
2011-03-17,1.1723473072052002,1.1768220178590727,1.1678727032343015,1.1768220178590727,123115710
2011-03-18,1.1768219470977783,1.181296550799623,1.1723472367129661,1.1768219470977783,118883772
2011-03-21,1.1857712268829346,1.1857712268829346,1.1723473082750149,1.1768220189329708,120722286
2011-03-22,1.1902457475662231,1.1902457475662231,1.1768219365806565,1.1857711439043677,154554689
2011-03-23,1.1947205066680908,1.1991951109121182,1.1857712981800361,1.1857712981800361,138797825
2011-03-24,1.1991952657699585,1.1991952657699585,1.1902460561262493,1.194720660948104,117044652
2011-03-25,1.2081444263458252,1.2126190309859473,1.1947206124254592,1.1991952170655813,310371791
2011-03-28,1.217093586921692,1.2260427958438158,1.208144377999568,1.21261898246063,363428356
2011-03-29,1.2260427474975586,1.2439411646360223,1.2081443303590949,1.2126189346437108,349966896
2011-03-30,1.2305175065994263,1.2394667162946007,1.2170936920566646,1.2305175065994263,237817162
2011-03-31,1.2349921464920044,1.2439413564411277,1.2170937265937576,1.2305175415174427,224126136
2011-04-01,1.2484157085418701,1.252890312610075,1.230517292269051,1.234991896337256,210775008
2011-04-06,1.279737949371338,1.2886872642771026,1.2439411164801886,1.2484157205915822,591280432
2011-04-07,1.284212589263916,1.3021111128911629,1.270788776555716,1.2797379850278494,339076066
2011-04-08,1.279737949371338,1.2842125534827316,1.266314137037157,1.279737949371338,133550821
2011-04-11,1.284212589263916,1.297636508655096,1.2797379850278494,1.2797379850278494,240611112
2011-04-12,1.2707886695861816,1.2886871917068077,1.2707886695861816,1.2797378773050092,133115724
2011-04-13,1.29763662815094,1.29763662815094,1.2618396842829829,1.2663142889311039,162740750
2011-04-14,1.3244844675064087,1.3423828889565481,1.2931622299686645,1.2976368353311993,483372792
2011-04-15,1.3334335088729858,1.3423827184614225,1.3155350896961124,1.3244842992845491,233277065
2011-04-18,1.3334335088729858,1.346857323255641,1.3200096944903308,1.3289589040787675,252996171
2011-04-19,1.302111029624939,1.3289586533245112,1.302111029624939,1.3244840493745826,160453093
2011-04-20,1.315535068511963,1.3200096732341264,1.2931620449011456,1.306585859067636,167188631
2011-04-21,1.3065859079360962,1.3244843274941804,1.3021113030465752,1.3200097226046592,170416645
2011-04-22,1.2886873483657837,1.3110603703826236,1.2842126372794316,1.3065857659792557,115207274
2011-04-25,1.2886873483657837,1.3021111615758876,1.2797380328760637,1.2886873483657837,138948720
2011-04-26,1.2886873483657837,1.2976365571725197,1.2797380328760637,1.2842126372794316,111671679
2011-04-27,1.29763662815094,1.3155350467434237,1.2886874188546982,1.2931620235028192,226640521
2011-04-28,1.3244844675064087,1.3468574943190832,1.2976368353311993,1.3065860460562693,397912092
2011-04-29,1.315535068511963,1.3244842779562898,1.288687440178982,1.3200096732341264,224555634
2011-05-03,1.315535068511963,1.315535068511963,1.315535068511963,1.315535068511963,0
2011-05-04,1.279737949371338,1.3021110766112836,1.266314137037157,1.29763647249989,156344053
2011-05-05,1.3110604286193848,1.3155350332215128,1.2663142759151154,1.2707888805172436,231634234
2011-05-06,1.3065859079360962,1.3155351177151382,1.288687488378012,1.297636698157054,137392838
2011-05-09,1.2931621074676514,1.3155351321609332,1.288687502528995,1.3065859222836205,72581796
2011-05-10,1.3110604286193848,1.3110604286193848,1.2842126943236276,1.2931620102108725,66342608
2011-05-11,1.302111029624939,1.3110602375247964,1.2931618217250815,1.3065856335748676,68241722
2011-05-12,1.2886873483657837,1.3021111615758876,1.2797380328760637,1.2976365571725197,70266177
2011-05-13,1.29763662815094,1.302111232799061,1.2707888935792246,1.2886874188546982,102669660
2011-05-16,1.2886873483657837,1.3021111615758876,1.2797380328760637,1.2931619527691518,106519735
2011-05-17,1.2931621074676514,1.2976367124063077,1.2707889760913726,1.288687502528995,127319294
2011-05-18,1.3065859079360962,1.3110605128256172,1.2842127768054952,1.288687488378012,98916091
2011-05-19,1.3065859079360962,1.3200097226046592,1.3021113030465752,1.3065859079360962,89248160
2011-05-20,1.3110604286193848,1.3155350332215128,1.3021112194151288,1.3065858240172568,72741915
2011-05-23,1.284212589263916,1.311060321363296,1.2797379850278494,1.3065857171272295,103939624
2011-05-24,1.2752634286880493,1.2886873485834043,1.2707888242839258,1.2797380330921728,104104796
2011-05-25,1.243941068649292,1.279737900164014,1.2394664647099518,1.2752632962246737,168256693
2011-05-26,1.2528902292251587,1.2618394367659622,1.2439410216843552,1.248415625454757,163296891
2011-05-27,1.243941068649292,1.261839484406653,1.2394664647099518,1.2528902765279724,128491024
2011-05-30,1.2707886695861816,1.2752632734455953,1.2349918387108718,1.2394664425702855,135059370
2011-05-31,1.2707886695861816,1.2752632734455953,1.2573648580079404,1.2618394618673543,128988238
2011-06-01,1.2707886695861816,1.2797378773050092,1.2618394618673543,1.2797378773050092,132291057
2011-06-02,1.2394664287567139,1.2663140516139855,1.2215680135185327,1.257364843994895,214605252
2011-06-03,1.2528902292251587,1.2573648329955605,1.2349918141435514,1.2349918141435514,172621507
2011-06-07,1.243941068649292,1.2528902765279724,1.2349918607706114,1.2484156725886322,98117957
2011-06-08,1.243941068649292,1.243941068649292,1.243941068649292,1.243941068649292,0
2011-06-09,1.2215681076049805,1.2394665242217164,1.2126188992966125,1.2349919200675323,196066432
2011-06-10,1.2215681076049805,1.2305173159133485,1.2081442951424286,1.2215681076049805,99907002
2011-06-13,1.2215681076049805,1.2260427117591643,1.2036696909882447,1.2170935034507966,107736510
2011-06-14,1.2215681076049805,1.2215681076049805,1.2215681076049805,1.2215681076049805,0
2011-06-15,1.2215681076049805,1.2215681076049805,1.2215681076049805,1.2215681076049805,0
2011-06-16,1.2215681076049805,1.2215681076049805,1.2215681076049805,1.2215681076049805,0
2011-06-17,1.205134391784668,1.2188290871777503,1.205134391784668,1.2188290871777503,48619015
2011-06-20,1.205134391784668,1.2096992902490287,1.191439587555821,1.205134391784668,126521062
2011-06-21,1.2096995115280151,1.2188293101267653,1.2005697129292652,1.2005697129292652,103744398
2011-06-22,1.2325239181518555,1.24165371608488,1.2051345243527818,1.2096994233192941,139957213
2011-06-23,1.2462184429168701,1.2462184429168701,1.2233939512369527,1.227958849572936,89116028
2011-06-24,1.2736079692840576,1.278172868108755,1.237088778686479,1.2416536775111764,168321173
2011-06-27,1.2781729698181152,1.2781729698181152,1.264478272254281,1.2736080706301705,107279219
2011-06-28,1.2736079692840576,1.278172868108755,1.264478171634663,1.2736079692840576,116087491
2011-06-29,1.2690430879592896,1.2781728857345829,1.2599132901839962,1.273607986846936,142343351
2011-06-30,1.2781729698181152,1.2781729698181152,1.2599133730663363,1.264478272254281,110024209
2011-07-01,1.2507838010787964,1.2827381011780477,1.2416540010504389,1.278173201163869,161490024
2011-07-04,1.264478087425232,1.2690429859459245,1.246218493342462,1.255348290383847,133470600
2011-07-05,1.2507838010787964,1.2644785011213326,1.2462189010646176,1.2644785011213326,110641726
2011-07-06,1.2325239181518555,1.2507835140179047,1.2188292212523186,1.2507835140179047,217111704
2011-07-07,1.2188292741775513,1.246218669165955,1.2096994758480835,1.237088870836487,285278025
2011-07-08,1.2279590368270874,1.2325239358591824,1.2096994406987078,1.2233941377949926,147643439
2011-07-11,1.2233940362930298,1.232523833599743,1.2142642389863165,1.2233940362930298,84512601
2011-07-12,1.2142642736434937,1.223394071210787,1.2005695772925538,1.2188291724271403,192768526
2011-07-13,1.237088680267334,1.237088680267334,1.214264187959697,1.2188290864212243,204725635
2011-07-14,1.2325239181518555,1.2370888171183678,1.223394120218831,1.2325239181518555,148721830
2011-07-15,1.2325239181518555,1.24165371608488,1.2188292212523186,1.2325239181518555,168332399
2011-07-18,1.2462184429168701,1.2462184429168701,1.227958849572936,1.2325237479089197,243729955
2011-07-19,1.2416538000106812,1.2462186992857438,1.2325240014605556,1.2416538000106812,132658658
2011-07-20,1.2416538000106812,1.2507835985608067,1.2325240014605556,1.2416538000106812,129115720
2011-07-21,1.237088680267334,1.2416535787288614,1.2233939848827518,1.237088680267334,155456442
2011-07-22,1.2279590368270874,1.2370888348912772,1.2233941377949926,1.2325239358591824,102860412
2011-07-25,1.205134391784668,1.2279588841064721,1.200569493320307,1.2233939856421112,134785804
2011-07-26,1.2096995115280151,1.2188293101267653,1.2005697129292652,1.2051346122286402,149280144
2011-07-27,1.2096995115280151,1.2142644108273903,1.2005697129292652,1.2051346122286402,73722265
2011-07-28,1.205134391784668,1.2096992902490287,1.200569493320307,1.205134391784668,58993545
2011-07-29,1.2233940362930298,1.2416536309064563,1.2005695430262466,1.2051344416796033,134114067
2011-08-01,1.2233940362930298,1.232523833599743,1.20969934033296,1.2188291376396732,57426465
2011-08-02,1.2096995115280151,1.2188293101267653,1.2051346122286402,1.2142644108273903,33675014
2011-08-03,1.2188292741775513,1.2188292741775513,1.2005696775186157,1.2051345766833494,96388135
2011-08-04,1.2142642736434937,1.2188291724271403,1.209699374859847,1.2188291724271403,23902908
2011-08-05,1.1960047483444214,1.2051346561114045,1.1914398488788238,1.2005697566458071,83635466
2011-08-08,1.17774498462677,1.196004579917763,1.1731800858040218,1.1914396810950147,134383131
2011-08-09,1.1823101043701172,1.1823101043701172,1.154920706315781,1.1640505056672263,139385365
2011-08-10,1.1823101043701172,1.1960048033972854,1.1731803050186718,1.1914399037215626,131527658
2011-08-11,1.1960047483444214,1.2005697566458071,1.1594855526196415,1.164050452085239,130443633
2011-08-12,1.1960047483444214,1.2005697566458071,1.1868749494132265,1.2005697566458071,90820763
2011-08-15,1.205134391784668,1.2096992902490287,1.1823097906270994,1.196004486020182,144515949
2011-08-16,1.2005696296691895,1.2142643266175808,1.1960046218506155,1.2051345286519866,87528569
2011-08-17,1.2005696296691895,1.2096994276347837,1.1960046218506155,1.1960046218506155,59964976
2011-08-18,1.1823101043701172,1.2051347115845241,1.1777452046943944,1.2005698119088013,82376013
2011-08-19,1.173180103302002,1.1823099010836693,1.1594854066295008,1.1640503055203346,86512040
2011-08-22,1.173180103302002,1.1823099010836693,1.1686152044111684,1.173180103302002,64927425
2011-08-23,1.1868751049041748,1.1868751049041748,1.1686155046496187,1.1777453047768967,49217214
2011-08-24,1.17774498462677,1.1914396810950147,1.17774498462677,1.1868747822722665,45265590
2011-08-25,1.205134391784668,1.2142641887133896,1.1823097906270994,1.1823097906270994,211875661
2011-08-26,1.1960047483444214,1.209699555577002,1.1868749494132265,1.2051346561114045,134682577
2011-08-29,1.1868751049041748,1.1914400049678138,1.1777453047768967,1.1914400049678138,113925870
2011-08-30,1.1868751049041748,1.2051348139945335,1.1823102048405358,1.1914400049678138,147188366
2011-08-31,1.1914398670196533,1.1914398670196533,1.1777451684143458,1.1823100679494483,89444724
2011-09-01,1.1868751049041748,1.196004905031453,1.1823102048405358,1.1868751049041748,56096452
2011-09-02,1.17774498462677,1.1868747822722665,1.1731800858040218,1.1823098834495183,70232786
2011-09-05,1.1640504598617554,1.1777451583500362,1.1640504598617554,1.1731802588539426,115272789
2011-09-06,1.168615460395813,1.168615460395813,1.1549207607234946,1.1640505605050402,113208803
2011-09-07,1.17774498462677,1.1823098834495183,1.1640502881585253,1.1686151869812735,104233254
2011-09-08,1.17774498462677,1.1823098834495183,1.1731800858040218,1.17774498462677,53784020
2011-09-09,1.17774498462677,1.1868747822722665,1.1731800858040218,1.17774498462677,67459075
2011-09-13,1.173180103302002,1.1777450021928357,1.1640503055203346,1.1686152044111684,54968842
2011-09-14,1.168615460395813,1.1777452601773586,1.1549207607234946,1.1731803602865858,113628346
2011-09-15,1.1594854593276978,1.1686152575243112,1.1594854593276978,1.1640503584260045,90680229
2011-09-16,1.1640504598617554,1.168615359357849,1.1594855603656617,1.1640504598617554,82412915
2011-09-19,1.150355577468872,1.1640502737678144,1.145790678702558,1.1594853750015002,94923091
2011-09-20,1.1549206972122192,1.1594855968519595,1.1457908979327385,1.150355797572479,54731290
2011-09-21,1.168615460395813,1.1777452601773586,1.150355860832722,1.1549207607234946,141000552
2011-09-22,1.150355577468872,1.1686151725341285,1.145790678702558,1.1594853750015002,102458078
2011-09-23,1.145790696144104,1.145790696144104,1.127531100800895,1.1412257973083018,161772730
2011-09-26,1.1320961713790894,1.1457908699640231,1.1229663723224668,1.1412259704357117,83000210
2011-09-27,1.1320961713790894,1.1412259704357117,1.1229663723224668,1.1366610709074005,94188726
2011-09-28,1.1275311708450317,1.1412258682031764,1.1184013726062687,1.1366609690837948,84269434
2011-09-29,1.1229660511016846,1.1275309493242216,1.1138362546566105,1.1229660511016846,75190040
2011-09-30,1.1229660511016846,1.1320958475467586,1.1138362546566105,1.1229660511016846,130944175
2011-10-10,1.1275311708450317,1.1320960699644134,1.1092715743675057,1.1184013726062687,111113139
2011-10-11,1.150355577468872,1.1777449700667566,1.1412257799362437,1.1640502737678144,214753056
2011-10-12,1.17774498462677,1.1868747822722665,1.1412257940447843,1.1457906928675325,299782688
2011-10-13,1.1823101043701172,1.1868750040458398,1.1594856059915035,1.1731803050186718,151881829
2011-10-14,1.1868751049041748,1.1914400049678138,1.1594857045223406,1.1731804047132577,165999875
2011-10-17,1.1914398670196533,1.1914398670196533,1.1777451684143458,1.1823100679494483,129111710
2011-10-18,1.1960047483444214,1.2005697566458071,1.1686153515508364,1.1777451504820313,216712374
2011-10-19,1.1823101043701172,1.1914399037215626,1.1823101043701172,1.1868750040458398,77799164
2011-10-20,1.1640504598617554,1.1823100578461299,1.1594855603656617,1.1777451583500362,75762719
2011-10-21,1.17774498462677,1.1823098834495183,1.159485389335777,1.1686151869812735,76512113
2011-10-24,1.2005696296691895,1.2096994276347837,1.177745025919427,1.177745025919427,179725146
2011-10-25,1.2142642736434937,1.2188291724271403,1.1960045696731352,1.2005695772925538,142416917
2011-10-26,1.2096995115280151,1.2279591087255155,1.2051346122286402,1.2096995115280151,143202895
2011-10-27,1.2233940362930298,1.2233940362930298,1.20969934033296,1.2142642389863165,96478613
2011-10-28,1.2233940362930298,1.2416536309064563,1.2188291376396732,1.2279589349463864,188242367
2011-10-31,1.2233940362930298,1.232523833599743,1.2188291376396732,1.2233940362930298,95929904
2011-11-01,1.2188292741775513,1.227959072507019,1.2051345766833494,1.2142643750128175,94303176
2011-11-02,1.2233940362930298,1.2233940362930298,1.2005695430262466,1.2051344416796033,86583329
2011-11-03,1.2142642736434937,1.223394071210787,1.209699374859847,1.223394071210787,168736545
2011-11-04,1.2188292741775513,1.2233941733422853,1.2096994758480835,1.2188292741775513,123715707
2011-11-07,1.205134391784668,1.2188290871777503,1.200569493320307,1.2142641887133896,57665749
2011-11-08,1.205134391784668,1.2096992902490287,1.196004486020182,1.205134391784668,69175903
2011-11-09,1.2142642736434937,1.2188291724271403,1.2005695772925538,1.2051344760762004,90277224
2011-11-10,1.2005696296691895,1.2096994276347837,1.1960046218506155,1.2051345286519866,71983594
2011-11-11,1.2096995115280151,1.2096995115280151,1.1960047047941058,1.1960047047941058,48040029
2011-11-14,1.2142642736434937,1.223394071210787,1.2051344760762004,1.209699374859847,93231495
2011-11-15,1.205134391784668,1.2142641887133896,1.196004486020182,1.2142641887133896,62708012
2011-11-16,1.1823101043701172,1.2051347115845241,1.1777452046943944,1.2051347115845241,73819136
2011-11-17,1.1823101043701172,1.1868750040458398,1.1777452046943944,1.1823101043701172,32704233
2011-11-18,1.1640504598617554,1.1823100578461299,1.1640504598617554,1.1777451583500362,50680352
2011-11-21,1.1594854593276978,1.1686152575243112,1.154920560229391,1.1686152575243112,28932644
2011-11-22,1.1594854593276978,1.1640503584260045,1.1503556611310843,1.154920560229391,31302508
2011-11-23,1.168615460395813,1.168615460395813,1.1549207607234946,1.1640505605050402,48604369
2011-11-24,1.173180103302002,1.1777450021928357,1.1549205077386673,1.1594854066295008,47586261
2011-11-25,1.1594854593276978,1.1731801566226179,1.154920560229391,1.1686152575243112,27175679
2011-11-28,1.1640504598617554,1.168615359357849,1.1549206608695681,1.1549206608695681,24454148
2011-11-29,1.173180103302002,1.1777450021928357,1.1640503055203346,1.1686152044111684,41291475
2011-11-30,1.1594854593276978,1.1777450557209246,1.154920560229391,1.1731801566226179,68929752
2011-12-01,1.1868751049041748,1.2005699139308945,1.1686155046496187,1.1777453047768967,115558319
2011-12-02,1.17774498462677,1.1823098834495183,1.1640502881585253,1.17774498462677,44245054
2011-12-05,1.1868751049041748,1.1868751049041748,1.1731804047132577,1.1777453047768967,67092920
2011-12-06,1.168615460395813,1.1868750599589042,1.1640505605050402,1.1823101600681314,46944501
2011-12-07,1.173180103302002,1.1777450021928357,1.1640503055203346,1.1640503055203346,26414722
2011-12-08,1.17774498462677,1.1823098834495183,1.1640502881585253,1.1731800858040218,40819536
2011-12-09,1.1823101043701172,1.1868750040458398,1.1731803050186718,1.1731803050186718,43889359
2011-12-12,1.173180103302002,1.186874799974503,1.173180103302002,1.1823099010836693,23646341
2011-12-13,1.1594854593276978,1.1823099548192313,1.154920560229391,1.1731801566226179,72010616
2011-12-14,1.1594854593276978,1.1640503584260045,1.1503556611310843,1.1594854593276978,31752090
2011-12-15,1.1549206972122192,1.1640504964916998,1.1457908979327385,1.1594855968519595,44753622
2011-12-16,1.173180103302002,1.1777450021928357,1.145790709957,1.1503556088478335,98782104
2011-12-19,1.168615460395813,1.1731803602865858,1.150355860832722,1.1640505605050402,77553658
2011-12-20,1.17774498462677,1.1823098834495183,1.1640502881585253,1.1686151869812735,57551864
2011-12-21,1.1868751049041748,1.1914400049678138,1.1731804047132577,1.1777453047768967,110575173
2011-12-22,1.1868751049041748,1.196004905031453,1.1777453047768967,1.1823102048405358,127337875
2011-12-23,1.17774498462677,1.1914396810950147,1.17774498462677,1.1823098834495183,75772729
2011-12-26,1.17774498462677,1.1823098834495183,1.1731800858040218,1.17774498462677,44124221
2011-12-27,1.1823101043701172,1.1868750040458398,1.1731803050186718,1.1777452046943944,49399179
2011-12-28,1.1823101043701172,1.1823101043701172,1.1640505056672263,1.1777452046943944,77180219
2011-12-29,1.1868751049041748,1.1868751049041748,1.1731804047132577,1.1777453047768967,47704610
2011-12-30,1.1960047483444214,1.1960047483444214,1.182310049947629,1.1868749494132265,101892067
2012-01-04,1.1868751049041748,1.2005699139308945,1.1823102048405358,1.196004905031453,79900877
2012-01-05,1.2096995115280151,1.2142644108273903,1.1868749061953556,1.1868749061953556,143180844
2012-01-06,1.2142642736434937,1.2188291724271403,1.2051344760762004,1.2051344760762004,79769708
2012-01-09,1.2233940362930298,1.2233940362930298,1.2005695430262466,1.20969934033296,89918279
2012-01-10,1.2279590368270874,1.2325239358591824,1.2142643397308028,1.2188292387628976,87197728
2012-01-11,1.2188292741775513,1.232523971671753,1.2188292741775513,1.227959072507019,76799623
2012-01-12,1.2096995115280151,1.2233942094261403,1.2096995115280151,1.2188293101267653,93682230
2012-01-13,1.2096995115280151,1.2142644108273903,1.2051346122286402,1.2096995115280151,69265138
2012-01-16,1.2096995115280151,1.2096995115280151,1.2096995115280151,1.2096995115280151,0
2012-01-17,1.2279590368270874,1.2325239358591824,1.2051345416666128,1.2096994406987078,122383769
2012-01-18,1.2279590368270874,1.2325239358591824,1.2142643397308028,1.2279590368270874,126405639
2012-01-19,1.2325239181518555,1.2370888171183678,1.223394120218831,1.2279590191853431,94004676
2012-01-20,1.2416538000106812,1.2462186992857438,1.227959102185493,1.2370889007356185,152252180
2012-01-30,1.2233940362930298,1.246218529559813,1.2188291376396732,1.246218529559813,116110753
2012-01-31,1.2325239181518555,1.2325239181518555,1.2188292212523186,1.2279590191853431,108784369
2012-02-01,1.2233940362930298,1.2370887322530997,1.2233940362930298,1.2279589349463864,68407516
2012-02-02,1.2462184429168701,1.2462184429168701,1.2233939512369527,1.227958849572936,109422766
2012-02-03,1.2553483247756958,1.2599132234214494,1.241653628838435,1.2462185274841886,131592821
2012-02-06,1.2553483247756958,1.2599132234214494,1.2462185274841886,1.2553483247756958,65516666
2012-02-07,1.2416538000106812,1.2553484978358693,1.2370889007356185,1.2507835985608067,54997159
2012-02-08,1.2553483247756958,1.264478122067203,1.2370887301926814,1.241653628838435,72550673
2012-02-09,1.2462184429168701,1.2599131379248207,1.2416535445808867,1.2553482395888371,51126614
2012-02-10,1.2416538000106812,1.2553484978358693,1.2370889007356185,1.2416538000106812,82018900
2012-02-13,1.237088680267334,1.2416535787288614,1.2325237818058066,1.237088680267334,60565215
2012-02-14,1.2325239181518555,1.2370888171183678,1.2279590191853431,1.2370888171183678,57386848
2012-02-15,1.2325239181518555,1.24165371608488,1.2325239181518555,1.2325239181518555,71977356
2012-02-16,1.2279590368270874,1.2370888348912772,1.2279590368270874,1.2325239358591824,55656638
2012-02-17,1.2325239181518555,1.2370888171183678,1.2279590191853431,1.2325239181518555,41841835
2012-02-20,1.2416538000106812,1.2507835985608067,1.2370889007356185,1.2462186992857438,79268548
2012-02-21,1.2416538000106812,1.2462186992857438,1.2370889007356185,1.2416538000106812,33052260
2012-02-22,1.2416538000106812,1.2462186992857438,1.2325240014605556,1.2416538000106812,80748309
2012-02-23,1.237088680267334,1.2416535787288614,1.237088680267334,1.2416535787288614,59718982
2012-02-24,1.2507838010787964,1.2507838010787964,1.2325242010220814,1.2370891010362601,127666831
2012-02-27,1.2507838010787964,1.2553487010929751,1.2416540010504389,1.2507838010787964,148939340
2012-02-28,1.2599135637283325,1.2599135637283325,1.2462188640920873,1.2462188640920873,112472639
2012-02-29,1.2553483247756958,1.2599132234214494,1.2462185274841886,1.2553483247756958,59775487
2012-03-01,1.2507838010787964,1.2553487010929751,1.2462189010646176,1.2507838010787964,35428077
2012-03-02,1.2507838010787964,1.2553487010929751,1.2462189010646176,1.2507838010787964,74282562
2012-03-05,1.2462184429168701,1.2553482395888371,1.2416535445808867,1.2553482395888371,108813408
2012-03-06,1.237088680267334,1.2507833756519162,1.2325237818058066,1.2462184771903888,75021591
2012-03-07,1.2279590368270874,1.2370888348912772,1.2233941377949926,1.2325239358591824,86397075
2012-03-08,1.237088680267334,1.2416535787288614,1.2279588833442792,1.2279588833442792,77402381
2012-03-09,1.237088680267334,1.2416535787288614,1.2279588833442792,1.237088680267334,89240714
2012-03-12,1.2325239181518555,1.2370888171183678,1.2279590191853431,1.2325239181518555,76810303
2012-03-13,1.237088680267334,1.2416535787288614,1.2279588833442792,1.237088680267334,69344541
2012-03-14,1.2325239181518555,1.2507835140179047,1.2325239181518555,1.24165371608488,157718963
2012-03-15,1.2188292741775513,1.241653770001221,1.2142643750128175,1.232523971671753,230373275
2012-03-16,1.2233940362930298,1.2233940362930298,1.2142642389863165,1.2188291376396732,119618890
2012-03-19,1.2096995115280151,1.2233942094261403,1.2051346122286402,1.2188293101267653,133559682
2012-03-20,1.1960047483444214,1.2142644550425994,1.1960047483444214,1.209699555577002,129373956
2012-03-21,1.1960047483444214,1.2051346561114045,1.1914398488788238,1.2005697566458071,135760404
2012-03-22,1.2096995115280151,1.2096995115280151,1.1960047047941058,1.1960047047941058,169436626
2012-03-23,1.205134391784668,1.2142641887133896,1.200569493320307,1.2096992902490287,109588917
2012-03-26,1.2142642736434937,1.2142642736434937,1.2051344760762004,1.2051344760762004,99912905
2012-03-27,1.2096995115280151,1.2142644108273903,1.2096995115280151,1.2142644108273903,68922578
2012-03-28,1.2096995115280151,1.2188293101267653,1.2096995115280151,1.2096995115280151,95292174
2012-03-29,1.2096995115280151,1.2142644108273903,1.2051346122286402,1.2096995115280151,81570084
2012-03-30,1.2233940362930298,1.2233940362930298,1.2051344416796033,1.2051344416796033,96216187
2012-04-05,1.2096995115280151,1.2188293101267653,1.2005697129292652,1.2142644108273903,140306189
2012-04-06,1.205134391784668,1.2142641887133896,1.200569493320307,1.2096992902490287,44463978
2012-04-09,1.2005696296691895,1.2096994276347837,1.2005696296691895,1.2005696296691895,25765501
2012-04-10,1.205134391784668,1.2096992902490287,1.200569493320307,1.200569493320307,33085724
2012-04-11,1.205134391784668,1.2142641887133896,1.200569493320307,1.205134391784668,73589257
2012-04-12,1.2233940362930298,1.2233940362930298,1.2051344416796033,1.2051344416796033,90991517
2012-04-13,1.2233940362930298,1.2279589349463864,1.2188291376396732,1.2188291376396732,62169651
2012-04-16,1.2142642736434937,1.223394071210787,1.2142642736434937,1.2188291724271403,49999477
2012-04-17,1.2233940362930298,1.2233940362930298,1.2142642389863165,1.2142642389863165,52758440
2012-04-18,1.237088680267334,1.2416535787288614,1.2188290864212243,1.2233939848827518,108941300
2012-04-19,1.237088680267334,1.2416535787288614,1.2325237818058066,1.2325237818058066,59553641
2012-04-20,1.2462184429168701,1.2507833412528537,1.2325237479089197,1.2370886462449031,78028687
2012-04-23,1.237088680267334,1.2462184771903888,1.237088680267334,1.2462184771903888,47812201
2012-04-24,1.2507838010787964,1.2553487010929751,1.2370891010362601,1.2416540010504389,91645537
2012-04-25,1.2507838010787964,1.2507838010787964,1.2416540010504389,1.2462189010646176,47160130
2012-04-26,1.2462184429168701,1.2553482395888371,1.2416535445808867,1.2462184429168701,48934619
2012-04-27,1.2416538000106812,1.2507835985608067,1.2416538000106812,1.2462186992857438,53652242
2012-05-02,1.2462184429168701,1.2507833412528537,1.2416535445808867,1.2507833412528537,124189592
2012-05-03,1.2462184429168701,1.2462184429168701,1.2370886462449031,1.2462184429168701,61399868
2012-05-04,1.2462184429168701,1.2553482395888371,1.2416535445808867,1.2462184429168701,99328053
2012-05-07,1.2462184429168701,1.2507833412528537,1.2416535445808867,1.2462184429168701,81140966
2012-05-08,1.2599135637283325,1.2599135637283325,1.2416539642133388,1.2462188640920873,104131459
2012-05-09,1.2416538000106812,1.2553484978358693,1.2416538000106812,1.2553484978358693,75335044
2012-05-10,1.2507838010787964,1.2553487010929751,1.2416540010504389,1.2462189010646176,55757365
2012-05-11,1.2462184429168701,1.2553482395888371,1.2416535445808867,1.2462184429168701,65724987
2012-05-14,1.2279590368270874,1.2462186329554672,1.2233941377949926,1.2462186329554672,79791979
2012-05-15,1.2279590368270874,1.2325239358591824,1.2188292387628976,1.2279590368270874,64827769
2012-05-16,1.2188292741775513,1.232523971671753,1.2142643750128175,1.227959072507019,73893485
2012-05-17,1.2325239181518555,1.2370888171183678,1.2142643222858063,1.2188292212523186,56869820
2012-05-18,1.2096995115280151,1.2279591087255155,1.2051346122286402,1.2233942094261403,86998188
2012-05-21,1.2096995115280151,1.2188293101267653,1.2051346122286402,1.2188293101267653,60731201
2012-05-22,1.2142642736434937,1.2142642736434937,1.209699374859847,1.2142642736434937,35815030
2012-05-23,1.2096995115280151,1.2188293101267653,1.2096995115280151,1.2142644108273903,26776547
2012-05-24,1.2096995115280151,1.2142644108273903,1.2051346122286402,1.2096995115280151,35709596
2012-05-25,1.205134391784668,1.2142641887133896,1.205134391784668,1.2096992902490287,30339232
2012-05-28,1.2142642736434937,1.2188291724271403,1.209699374859847,1.209699374859847,59969289
2012-05-29,1.2279590368270874,1.2279590368270874,1.2096994406987078,1.2142643397308028,56048991
2012-05-30,1.2279590368270874,1.2279590368270874,1.2188292387628976,1.2233941377949926,52553200
2012-05-31,1.205134391784668,1.2233939856421112,1.205134391784668,1.2188290871777503,74093492
2012-06-01,1.2096995115280151,1.2188293101267653,1.2096995115280151,1.2096995115280151,38416578
2012-06-04,1.1914398670196533,1.2142644735309558,1.1914398670196533,1.2096995739958534,72754086
2012-06-05,1.1960047483444214,1.2005697566458071,1.1914398488788238,1.1960047483444214,37305089
2012-06-06,1.205134391784668,1.205134391784668,1.196004486020182,1.200569493320307,28350647
2012-06-07,1.2005696296691895,1.2096994276347837,1.1960046218506155,1.2051345286519866,36282797
2012-06-08,1.2005696296691895,1.2005696296691895,1.2005696296691895,1.2005696296691895,0
2012-06-11,1.1960047483444214,1.2005697566458071,1.1914398488788238,1.1960047483444214,101420992
2012-06-12,1.1914398670196533,1.196004766554756,1.186874967484551,1.196004766554756,57605537
2012-06-13,1.1960047483444214,1.2005697566458071,1.1914398488788238,1.1960047483444214,76652213
2012-06-14,1.1960047483444214,1.2005697566458071,1.1868749494132265,1.1960047483444214,64759303
2012-06-15,1.2096995115280151,1.2188293101267653,1.1914398054947308,1.1960047047941058,92104704
2012-06-18,1.2188292741775513,1.2188292741775513,1.2096994758480835,1.2142643750128175,51567766
2012-06-19,1.2188292741775513,1.2233941733422853,1.2096994758480835,1.2188292741775513,62349031
2012-06-20,1.2243510484695435,1.2339537928125406,1.219549676298045,1.2339537928125406,45339877
2012-06-21,1.2195494174957275,1.229152159800913,1.2147480463431348,1.2243507886483203,73693713
2012-06-25,1.2195494174957275,1.229152159800913,1.2147480463431348,1.2195494174957275,52361850
2012-06-26,1.2243510484695435,1.229152420641042,1.219549676298045,1.219549676298045,35417862
2012-06-27,1.2291523218154907,1.2291523218154907,1.2195495782445676,1.2243509500300291,37428907
2012-06-28,1.2243510484695435,1.2339537928125406,1.2243510484695435,1.229152420641042,36529432
2012-06-29,1.2435563802719116,1.2435563802719116,1.2243508940088286,1.2243508940088286,66279119
2012-07-02,1.2387548685073853,1.2435562395297504,1.23395349748502,1.2387548685073853,50291950
2012-07-03,1.2339534759521484,1.243556217829308,1.2339534759521484,1.2387548468907281,29959284
2012-07-04,1.2339534759521484,1.2387548468907281,1.2291521050135685,1.2339534759521484,36893152
2012-07-05,1.2339534759521484,1.2339534759521484,1.2291521050135685,1.2291521050135685,35687036
2012-07-06,1.2243510484695435,1.229152420641042,1.219549676298045,1.2243510484695435,33654474
2012-07-09,1.2051454782485962,1.2339537093285464,1.2003441064019378,1.2243509656352296,77200225
2012-07-10,1.2003438472747803,1.2099465888950818,1.1955424764646296,1.2051452180849311,45583100
2012-07-11,1.1907411813735962,1.2051452947200045,1.1859398102581267,1.200343923604535,50195771
2012-07-12,1.1811383962631226,1.1955425090866103,1.17633702532196,1.1907411381454478,77542197
2012-07-13,1.185940146446228,1.1907415189227817,1.1811387739696744,1.1811387739696744,35168221
2012-07-16,1.1907411813735962,1.1907411813735962,1.1811384391426571,1.1907411813735962,60706404
2012-07-17,1.195542812347412,1.2003441845064884,1.1859400680292596,1.1907414401883358,44781615
2012-07-18,1.195542812347412,1.2051455566655647,1.1907414401883358,1.2003441845064884,37963582
2012-07-19,1.195542812347412,1.2051455566655647,1.195542812347412,1.2003441845064884,31775166
2012-07-20,1.195542812347412,1.2003441845064884,1.1859400680292596,1.195542812347412,29811444
2012-07-23,1.1811383962631226,1.1955425090866103,1.17633702532196,1.1907411381454478,34312905
2012-07-24,1.1715357303619385,1.1859398441196196,1.1715357303619385,1.1859398441196196,42578451
2012-07-25,1.1763372421264648,1.1811386139525428,1.1715358703003869,1.1715358703003869,21008247
2012-07-26,1.1763372421264648,1.1811386139525428,1.1715358703003869,1.1715358703003869,24477789
2012-07-27,1.1907411813735962,1.1955425524890655,1.1763370680271878,1.1811384391426571,39118738
2012-07-30,1.195542812347412,1.2051455566655647,1.1859400680292596,1.1907414401883358,42110058
2012-07-31,1.209946632385254,1.209946632385254,1.1955425194370621,1.2003438904197927,41806791
2012-08-01,1.2003438472747803,1.2099465888950818,1.2003438472747803,1.2051452180849311,29344715
2012-08-02,1.2051454782485962,1.2099468500952546,1.2003441064019378,1.2003441064019378,23973558
2012-08-03,1.209946632385254,1.2147480033679845,1.2051452614025233,1.2051452614025233,22008294
2012-08-06,1.2003438472747803,1.2147479597052324,1.2003438472747803,1.2099465888950818,41906372
2012-08-07,1.2003438472747803,1.2099465888950818,1.2003438472747803,1.2051452180849311,30272213
2012-08-08,1.2051454782485962,1.214748221941913,1.2003441064019378,1.2003441064019378,48305563
2012-08-09,1.2147481441497803,1.2147481441497803,1.2051454010714207,1.2051454010714207,34423182
2012-08-10,1.2147481441497803,1.2195495156889602,1.2099467726106004,1.2147481441497803,31022693
2012-08-13,1.2147481441497803,1.2195495156889602,1.2099467726106004,1.2099467726106004,44744665
2012-08-14,1.2195494174957275,1.2243507886483203,1.2147480463431348,1.2147480463431348,66267072
2012-08-15,1.2051454782485962,1.2243509656352296,1.2051454782485962,1.2195495937885712,34835796
2012-08-16,1.209946632385254,1.2147480033679845,1.2051452614025233,1.2051452614025233,14674016
2012-08-17,1.2051454782485962,1.214748221941913,1.2003441064019378,1.2099468500952546,39085931
2012-08-20,1.2003438472747803,1.2099465888950818,1.1907411056544788,1.2003438472747803,30300170
2012-08-21,1.1907411813735962,1.200343923604535,1.1907411813735962,1.1955425524890655,53374096
2012-08-22,1.195542812347412,1.195542812347412,1.1859400680292596,1.1907414401883358,39645032
2012-08-23,1.1907411813735962,1.1955425524890655,1.1859398102581267,1.1907411813735962,55291012
2012-08-24,1.1907411813735962,1.1907411813735962,1.1859398102581267,1.1907411813735962,49099642
2012-08-27,1.195542812347412,1.2003441845064884,1.1859400680292596,1.1859400680292596,53157117
2012-08-28,1.195542812347412,1.2051455566655647,1.1907414401883358,1.195542812347412,30847823
2012-08-29,1.2003438472747803,1.2051452180849311,1.1907411056544788,1.2003438472747803,20337365
2012-08-30,1.195542812347412,1.2003441845064884,1.1907414401883358,1.1907414401883358,62700580
2012-08-31,1.1907411813735962,1.1955425524890655,1.1859398102581267,1.1955425524890655,41167558
2012-09-03,1.1763372421264648,1.190741357604699,1.1763372421264648,1.185939985778621,49676139
2012-09-04,1.1763372421264648,1.1811386139525428,1.1715358703003869,1.1763372421264648,46764250
2012-09-05,1.1619330644607544,1.1763371791680703,1.1571316928916493,1.1763371791680703,66445984
2012-09-06,1.1667343378067017,1.1667343378067017,1.1571315954769112,1.1619329666418066,35686776
2012-09-07,1.195542812347412,1.2003441845064884,1.1619332072338782,1.1667345793929544,141317729
2012-09-10,1.1907411813735962,1.1955425524890655,1.1811384391426571,1.1907411813735962,56756851
2012-09-11,1.185940146446228,1.185940146446228,1.1715360290165673,1.185940146446228,38935765
2012-09-12,1.1811383962631226,1.1907411381454478,1.1715356543807973,1.185939767204285,40304758
2012-09-13,1.1763372421264648,1.185939985778621,1.1715358703003869,1.1763372421264648,30664298
2012-09-14,1.1907411813735962,1.1955425524890655,1.1763370680271878,1.1811384391426571,62367161
2012-09-17,1.1811383962631226,1.1955425090866103,1.17633702532196,1.185939767204285,52193167
2012-09-18,1.1715357303619385,1.1811384728670593,1.1715357303619385,1.1811384728670593,27545157
2012-09-19,1.1715357303619385,1.1763371016144988,1.1619329878568176,1.1715357303619385,56159665
2012-09-20,1.1667343378067017,1.1715357089715968,1.1571315954769112,1.1619329666418066,54102910
2012-09-21,1.1571319103240967,1.1667346552667242,1.1571319103240967,1.1619332827954103,62289792
2012-09-24,1.1571319103240967,1.1619332827954103,1.1523305378527828,1.1571319103240967,58130945
2012-09-25,1.1571319103240967,1.1619332827954103,1.1523305378527828,1.1571319103240967,22952187
2012-09-26,1.1523301601409912,1.1571315310385073,1.142727418345959,1.1523301601409912,35919504
2012-09-27,1.1763372421264648,1.1811386139525428,1.1475290111699965,1.1475290111699965,89659988
2012-09-28,1.1811383962631226,1.185939767204285,1.1667342834396348,1.1667342834396348,72986064
2012-10-08,1.185940146446228,1.185940146446228,1.1715360290165673,1.176337401493121,45962506
2012-10-09,1.195542812347412,1.2051455566655647,1.1811386958701833,1.1859400680292596,74725680
2012-10-10,1.1907411813735962,1.1955425524890655,1.1811384391426571,1.1955425524890655,44281337
2012-10-11,1.195542812347412,1.2003441845064884,1.1811386958701833,1.1907414401883358,48436140
2012-10-12,1.2003438472747803,1.2099465888950818,1.1955424764646296,1.1955424764646296,62289692
2012-10-15,1.2051454782485962,1.2099468500952546,1.1955427345552794,1.2003441064019378,42645468
2012-10-16,1.2003438472747803,1.2099465888950818,1.1955424764646296,1.2051452180849311,31706070
2012-10-17,1.2051454782485962,1.2099468500952546,1.2003441064019378,1.2003441064019378,35832285
2012-10-18,1.2051454782485962,1.214748221941913,1.2003441064019378,1.2099468500952546,62636077
2012-10-19,1.209946632385254,1.209946632385254,1.2003438904197927,1.2051452614025233,48359775
2012-10-22,1.209946632385254,1.2147480033679845,1.2003438904197927,1.2051452614025233,39921766
2012-10-23,1.2051454782485962,1.214748221941913,1.2051454782485962,1.2099468500952546,20417420
2012-10-24,1.2051454782485962,1.2099468500952546,1.2003441064019378,1.2051454782485962,28275591
2012-10-25,1.2003438472747803,1.2099465888950818,1.1955424764646296,1.2003438472747803,30565002
2012-10-26,1.185940146446228,1.2099470088289959,1.1811387739696744,1.2003442638758888,41716092
2012-10-29,1.185940146446228,1.1907415189227817,1.1811387739696744,1.1907415189227817,32231244
2012-10-30,1.1907411813735962,1.1955425524890655,1.1811384391426571,1.1859398102581267,46823373
2012-10-31,1.2003438472747803,1.2051452180849311,1.1859397348443281,1.1907411056544788,34747620
2012-11-01,1.2147481441497803,1.2195495156889602,1.2003440295322407,1.2003440295322407,72312788
2012-11-02,1.2243510484695435,1.2339537928125406,1.209946931955048,1.2147483041265463,88186665
2012-11-05,1.2291523218154907,1.2339536936009523,1.214748206459106,1.2243509500300291,48054403
2012-11-06,1.2339534759521484,1.2339534759521484,1.214747992197829,1.2291521050135685,66408069
2012-11-07,1.2339534759521484,1.2387548468907281,1.2243507340749886,1.2291521050135685,34792580
2012-11-08,1.2339534759521484,1.2387548468907281,1.214747992197829,1.2291521050135685,51590735
2012-11-09,1.2387548685073853,1.2387548685073853,1.2243507554402895,1.2291521264626546,65293173
2012-11-12,1.2387548685073853,1.2435562395297504,1.2291521264626546,1.2291521264626546,74618339
2012-11-13,1.2339534759521484,1.2387548468907281,1.2243507340749886,1.2387548468907281,74274020
2012-11-14,1.2387548685073853,1.2483576105521157,1.2291521264626546,1.23395349748502,71584579
2012-11-15,1.2387548685073853,1.2483576105521157,1.2291521264626546,1.23395349748502,62201524
2012-11-16,1.2387548685073853,1.2387548685073853,1.2147480133955588,1.23395349748502,76516212
2012-11-19,1.2291523218154907,1.238755065386414,1.2195495782445676,1.2291523218154907,39947497
2012-11-20,1.2339534759521484,1.2339534759521484,1.219549363136409,1.2291521050135685,33755716
2012-11-21,1.2387548685073853,1.2435562395297504,1.2291521264626546,1.2291521264626546,38529844
2012-11-22,1.2387548685073853,1.2435562395297504,1.23395349748502,1.2387548685073853,26906430
2012-11-23,1.2387548685073853,1.2483576105521157,1.23395349748502,1.2435562395297504,56000387
2012-11-26,1.2531590461730957,1.2531590461730957,1.2291521898237492,1.2339535610936185,49269456
2012-11-27,1.2531590461730957,1.257960417442965,1.243556303633357,1.2483576749032264,54074587
2012-11-28,1.2675632238388062,1.2675632238388062,1.2483576250525457,1.2531589961306817,78748551
2012-11-29,1.2675632238388062,1.2723645949169422,1.2579603672088178,1.2675632238388062,66760891
2012-11-30,1.248357892036438,1.27236486703516,1.248357892036438,1.2627621228251675,51548022
2012-12-03,1.2531590461730957,1.257960417442965,1.2387549323634879,1.2483576749032264,44719671
2012-12-04,1.2387548685073853,1.253158981574481,1.2387548685073853,1.2483576105521157,58950078
2012-12-05,1.257960319519043,1.2675631757849832,1.2387548359345861,1.2435562068307005,128807896
2012-12-06,1.257960319519043,1.2627618048888691,1.2483575777268145,1.257960319519043,77340557
2012-12-07,1.257960319519043,1.2723645466810976,1.2531589486229289,1.257960319519043,194680417
2012-12-10,1.2819671630859375,1.2819671630859375,1.257960196479742,1.2627616813799416,144023798
2012-12-11,1.2819671630859375,1.2915699039389354,1.2723644222329396,1.2723644222329396,75300462
2012-12-12,1.2867687940597534,1.2915701654584428,1.2771660512623744,1.2819674226610638,93613906
2012-12-13,1.2867687940597534,1.2915701654584428,1.2771660512623744,1.2867687940597534,61081373
2012-12-14,1.3395839929580688,1.3443853647636137,1.2867689030970761,1.2867689030970761,191904263
2012-12-17,1.3155769109725952,1.3443851369235822,1.3059741689889328,1.3347823949399198,158831873
2012-12-18,1.3299809694290161,1.3395837110190392,1.3011727446589465,1.3107754862489698,191191081
2012-12-19,1.320378303527832,1.3347824167385625,1.310775561387345,1.3251796745980755,99547092
2012-12-20,1.3155769109725952,1.3251796529562576,1.3059741689889328,1.3203782819644263,60827694
2012-12-21,1.3011727333068848,1.3251795870724952,1.2963713625537625,1.315576845566251,112759693
2012-12-24,1.3107753992080688,1.3203781401604304,1.3011726582557073,1.305974028731888,54838548
2012-12-25,1.3443852663040161,1.3587893806657272,1.3059742946727864,1.31077566612669,143619829
2012-12-26,1.3299809694290161,1.3443850818140508,1.3203782278389928,1.3443850818140508,107126546
2012-12-27,1.3155769109725952,1.3347823949399198,1.3107755399807641,1.3251796529562576,109688219
2012-12-28,1.325179934501648,1.3347826785254924,1.3107758184658813,1.3155771904778035,165537699
2012-12-31,1.3443852663040161,1.3491866377579198,1.3203784090344974,1.3251797804884013,178108658
2013-01-04,1.3875977993011475,1.392399171016083,1.3443853393929963,1.358789454537803,368017259
2013-01-07,1.3779947757720947,1.392399003659344,1.3731934046342509,1.3827962613836562,139115899
2013-01-08,1.3635907173156738,1.3875976884461694,1.3539879746529644,1.3827963171148148,103867372
2013-01-09,1.3539880514144897,1.368392166225165,1.344385308207373,1.3635907946216066,101774321
2013-01-10,1.3539880514144897,1.3587894230180482,1.3491866798109313,1.3539880514144897,124676468
2013-01-11,1.3395839929580688,1.3539881083747034,1.3299812493469794,1.3539881083747034,98337578
2013-01-14,1.3635907173156738,1.3779948313097379,1.3299811179961911,1.3347824893275457,201038834
2013-01-15,1.3635907173156738,1.373193459978383,1.3539879746529644,1.3635907173156738,181549522
2013-01-16,1.334782600402832,1.3587894590573604,1.3251798569410207,1.3587894590573604,147653427
2013-01-17,1.3299809694290161,1.3347823402240278,1.3203782278389928,1.3347823402240278,83781233
2013-01-18,1.3443852663040161,1.3539880092118235,1.329981151942305,1.3347825233962087,93251278
2013-01-21,1.334782600402832,1.349186715595549,1.3251798569410207,1.349186715595549,149396644
2013-01-22,1.3491865396499634,1.382796251857038,1.3251796841261365,1.329981055230902,300367081
2013-01-23,1.3587894439697266,1.363590815647319,1.3395839572593564,1.3491867006145415,231953813
2013-01-24,1.3731935024261475,1.3972004742987396,1.3539880165070541,1.3587893879868276,424746568
2013-01-25,1.3539880514144897,1.3731935378287234,1.344385308207373,1.368392166225165,181620525
2013-01-28,1.397200345993042,1.4020017170319026,1.34918652113072,1.3539878921695805,390946991
2013-01-29,1.397200345993042,1.4068030880707634,1.3827962328764598,1.3923989749541812,313601945
2013-01-30,1.4452141523361206,1.4500155236937666,1.3972004387596606,1.4020018101173066,558564709
2013-01-31,1.4788236618041992,1.4932277750001695,1.4452140643469353,1.4500154354122587,502788908
2013-02-01,1.507631778717041,1.5124331490691396,1.4596179607223563,1.474022071778652,388129256
2013-02-04,1.550844669342041,1.5748515297318773,1.5028309485623685,1.5076323206403357,501872987
2013-02-05,1.5316388607025146,1.5460429739239336,1.5124333764072895,1.536440231776321,343187375
2013-02-06,1.536440372467041,1.5556458585208985,1.5172348864131835,1.5316390009535767,233170779
2013-02-07,1.507631778717041,1.541241371181731,1.4788234421307507,1.531638630477534,315462031
2013-02-08,1.4884265661239624,1.5172349101287725,1.4836251945354488,1.5028307953632316,233158698
2013-02-18,1.4836254119873047,1.522036504798975,1.478824039695064,1.4980295288640266,253638924
2013-02-19,1.4740222692489624,1.4932277532302574,1.459618156262991,1.4836250112396099,153695983
2013-02-20,1.4644197225570679,1.4836252090996556,1.4452142360144802,1.4740224658283618,182687910
2013-02-21,1.4164060354232788,1.4596183810356398,1.392399176749745,1.454817009300933,304538788
2013-02-22,1.397200345993042,1.411604459109624,1.3827962328764598,1.411604459109624,140840005
2013-02-25,1.3923990726470947,1.416405929525757,1.3827963298956298,1.3923990726470947,113446564
2013-02-26,1.3779947757720947,1.4308099727620953,1.3731934046342509,1.3875976325215,210810749
2013-02-27,1.4068031311035156,1.4164058734749756,1.3779947895154168,1.3827962751748655,182134519
2013-02-28,1.4404128789901733,1.450015622358876,1.3972005338310112,1.4116046488840652,224303301
2013-03-01,1.4164060354232788,1.4452142658315195,1.392399176749745,1.4404128940968126,143711219
2013-03-04,1.3683921098709106,1.4164059384028782,1.3443852528417888,1.387597709967932,252133397
2013-03-05,1.4260083436965942,1.4452138247742,1.3635904157206784,1.3683917859900798,284866650
2013-03-06,1.411604642868042,1.4308101295235969,1.397200527876376,1.426008757859708,198033012
2013-03-07,1.3779947757720947,1.4068031170728756,1.3683920334964068,1.4020017459350318,151992957
2013-03-08,1.3779947757720947,1.397200374797188,1.3683920334964068,1.3827962613836562,106002985
2013-03-11,1.3683921098709106,1.3779948526825594,1.3539879956534375,1.373193481276735,113421953
2013-03-12,1.3539880514144897,1.382796395509569,1.344385308207373,1.3635907946216066,147414033
2013-03-13,1.3443852663040161,1.3635907521196309,1.329981151942305,1.3491866377579198,137056845
2013-03-14,1.3635907173156738,1.3635907173156738,1.3347824893275457,1.3395838606589003,125330023
2013-03-15,1.3779947757720947,1.3875976325215,1.3443851778071874,1.363590662358563,197468499
2013-03-18,1.3443852663040161,1.3731934950274383,1.3443852663040161,1.3683921235735346,122096977
2013-03-19,1.3491865396499634,1.3587892818594942,1.3395837974404325,1.3491865396499634,115664743
2013-03-20,1.3875977993011475,1.3972005427310186,1.3491867111079319,1.3491867111079319,217933889
2013-03-21,1.3827964067459106,1.397200521673631,1.3731935489870342,1.387597778388484,94853933
2013-03-22,1.3827964067459106,1.387597778388484,1.3731935489870342,1.3827964067459106,63032306
2013-03-25,1.3923990726470947,1.4020018153985596,1.3875977012713623,1.3875977012713623,73721207
2013-03-26,1.3731935024261475,1.3923991028189664,1.3587893879868276,1.3875977313391932,107099867
2013-03-27,1.3539880514144897,1.3875977671131274,1.3491866798109313,1.3779949094322819,174173086
2013-03-28,1.296371340751648,1.3443850474753842,1.2675631167174062,1.3443850474753842,396446248
2013-03-29,1.296371340751648,1.3059740820963952,1.2915699700792744,1.296371340751648,90165202
2013-04-01,1.2867687940597534,1.3011729082558219,1.2867687940597534,1.2915701654584428,83033786
2013-04-02,1.2915700674057007,1.3011728094740638,1.2819673253373376,1.286768696371519,86506218
2013-04-03,1.3107753992080688,1.325179510636611,1.2963712877795266,1.3011726582557073,129304479
2013-04-08,1.3011727333068848,1.3059741040600068,1.2915699918006405,1.2963713625537625,100115775
2013-04-09,1.3059741258621216,1.3155768675286752,1.3059741258621216,1.3059741258621216,84066400
2013-04-10,1.3011727333068848,1.3107754748131288,1.3011727333068848,1.3059741040600068,74964121
2013-04-11,1.296371340751648,1.3155768234411425,1.2915699700792744,1.3107754527687687,62444115
2013-04-12,1.3011727333068848,1.3059741040600068,1.2963713625537625,1.3011727333068848,48095717
2013-04-15,1.3059741258621216,1.3107754966953984,1.3011727550288448,1.3059741258621216,98561691
2013-04-16,1.3011727333068848,1.3107754748131288,1.2963713625537625,1.3059741040600068,64064773
2013-04-17,1.2915700674057007,1.3059741805082452,1.286768696371519,1.3059741805082452,71236875
2013-04-18,1.2915700674057007,1.2963714384398821,1.2819673253373376,1.286768696371519,59191017
2013-04-19,1.3155769109725952,1.3251796529562576,1.2915700560134393,1.2963714270052706,128326069
2013-04-22,1.3107753992080688,1.3203781401604304,1.305974028731888,1.3155767696842495,70838481
2013-04-23,1.2915700674057007,1.3155769225766083,1.286768696371519,1.3107755515424269,75154022
2013-04-24,1.3155769109725952,1.3155769109725952,1.2867686850216082,1.2915700560134393,114833392
2013-04-25,1.3011727333068848,1.315576845566251,1.2915699918006405,1.315576845566251,116132266
2013-04-26,1.2915700674057007,1.3059741805082452,1.286768696371519,1.3059741805082452,98526496
2013-05-02,1.296371340751648,1.3011727114240217,1.2771658580621534,1.2915699700792744,116325999
2013-05-03,1.3059741258621216,1.3155768675286752,1.2963713841955677,1.2963713841955677,104708757
2013-05-06,1.3059741258621216,1.3203782383619522,1.3011727550288448,1.3059741258621216,90823085
2013-05-07,1.3107753992080688,1.3155767696842495,1.305974028731888,1.305974028731888,63628732
2013-05-08,1.320378303527832,1.3251796745980755,1.310775561387345,1.3155769324575886,85803032
2013-05-09,1.3155769109725952,1.3251796529562576,1.3107755399807641,1.3203782819644263,59961270
2013-05-10,1.3155769109725952,1.3251796529562576,1.3059741689889328,1.3155769109725952,102102390
2013-05-13,1.3107753992080688,1.3155767696842495,1.3011726582557073,1.3155767696842495,68128350
2013-05-14,1.296371340751648,1.3107754527687687,1.2915699700792744,1.3059740820963952,83140144
2013-05-15,1.3011727333068848,1.3011727333068848,1.2915699918006405,1.3011727333068848,26566646
2013-05-16,1.3059741258621216,1.3107754966953984,1.291570013362291,1.2963713841955677,74500587
2013-05-17,1.320378303527832,1.3251796745980755,1.3011728192468581,1.3059741903171016,166120263
2013-05-20,1.325179934501648,1.3443854225493366,1.3203785624897257,1.325179934501648,112160845
2013-05-21,1.325179934501648,1.3347826785254924,1.3203785624897257,1.325179934501648,69171978
2013-05-22,1.325179934501648,1.3347826785254924,1.3155771904778035,1.325179934501648,60604011
2013-05-23,1.3107753992080688,1.325179510636611,1.3011726582557073,1.3203781401604304,109718453
2013-05-24,1.3107753992080688,1.3155767696842495,1.3011726582557073,1.3107753992080688,95862456
2013-05-27,1.3059741258621216,1.3107754966953984,1.3011727550288448,1.3059741258621216,87805765
2013-05-28,1.3155769109725952,1.3203782819644263,1.3011727979971017,1.3011727979971017,155911476
2013-05-29,1.3155769109725952,1.3251796529562576,1.3107755399807641,1.3203782819644263,135766490
2013-05-30,1.3107753992080688,1.3203781401604304,1.3107753992080688,1.3107753992080688,127680505
2013-05-31,1.3107753992080688,1.3203781401604304,1.3107753992080688,1.3107753992080688,83002608
2013-06-03,1.3155769109725952,1.3203782819644263,1.3059741689889328,1.3107755399807641,109532023
2013-06-04,1.3107753992080688,1.3203781401604304,1.3107753992080688,1.3155767696842495,109128883
2013-06-05,1.3155769109725952,1.3203782819644263,1.3107755399807641,1.3107755399807641,96319277
2013-06-06,1.3059741258621216,1.3203782383619522,1.3059741258621216,1.3155768675286752,70882302
2013-06-07,1.296371340751648,1.3155768234411425,1.296371340751648,1.3107754527687687,73833499
2013-06-13,1.2915700674057007,1.2963714384398821,1.2723645832689745,1.2915700674057007,167106854
2013-06-14,1.3011727333068848,1.3059741040600068,1.2819672502943962,1.2867686210475184,127995524
2013-06-17,1.2819671630859375,1.3059740152184325,1.2819671630859375,1.3011726447919334,75311072
2013-06-18,1.2915700674057007,1.3011728094740638,1.2819673253373376,1.2963714384398821,66292716
2013-06-19,1.2819671630859375,1.2963712743654345,1.2771657926594384,1.2915699039389354,57537475
2013-06-20,1.248357892036438,1.2819676112451526,1.2435565199314418,1.2819676112451526,117388580
2013-06-21,1.2339534759521484,1.2531589597064678,1.2291521050135685,1.243556217829308,97462493
2013-06-24,1.1907411813735962,1.2387548925282907,1.1859398102581267,1.2339535214128212,174631476
2013-06-25,1.2051454782485962,1.2195495937885712,1.1667345034753291,1.1859399908619628,180370689
2013-06-26,1.209946632385254,1.2147480033679845,1.185939777471601,1.209946632385254,156376937
2013-06-27,1.2291523218154907,1.2435564371718755,1.2051454628881828,1.2099468346736444,189908200
2013-06-28,1.2580463886260986,1.2682743981330187,1.2171343505984176,1.2427043743657182,215581054
2013-07-01,1.2733885049819946,1.2785025101454763,1.2324764636741394,1.252932484328067,123624058
2013-07-02,1.2785024642944336,1.2938444792346673,1.2631604493542001,1.2733884593143558,124937306
2013-07-03,1.2631604671478271,1.2785024823041775,1.2478184519914768,1.2785024823041775,111485860
2013-07-04,1.2631604671478271,1.2733884772520607,1.2529324570435936,1.2529324570435936,67818764
2013-07-05,1.2682743072509766,1.2682743072509766,1.263160302863976,1.2682743072509766,35214164
2013-07-08,1.2733885049819946,1.2733885049819944,1.252932484328067,1.2631604946550308,83033739
2013-07-09,1.2733885049819946,1.2836165153089583,1.2631604946550308,1.2682744998185127,52090541
2013-07-10,1.283616542816162,1.2887305480892344,1.2682745269969455,1.2733885322700178,73986954
2013-07-11,1.3143004179000854,1.3347564365557307,1.2785023852527067,1.283616389916618,126513662
2013-07-12,1.283616542816162,1.3143005744545957,1.2836165428161623,1.3091865691815234,124340934
2013-07-15,1.2887303829193115,1.3040723967722214,1.2785023736840382,1.2887303829193115,103686284
2013-07-16,1.2938443422317505,1.2989583466703154,1.2733883244774908,1.2785023289160558,82071867
2013-07-17,1.298958420753479,1.314300434944171,1.2887304112930178,1.2887304112930178,68861489
2013-07-18,1.2887303829193115,1.309186401389858,1.2836163783016747,1.2989583921545846,81118256
2013-07-19,1.2887303829193115,1.309186401389858,1.2836163783016747,1.293844387536948,80342455
2013-07-22,1.2887303829193115,1.293844387536948,1.2733883690664014,1.2785023736840382,78505680
2013-07-23,1.2938443422317505,1.30407235110888,1.2836163333546207,1.2938443422317505,79473005
2013-07-24,1.2887303829193115,1.2989583921545846,1.2785023736840382,1.293844387536948,77398045
2013-07-25,1.283616542816162,1.298958558635379,1.2836165428161623,1.2938445533623066,58800876
2013-07-26,1.2682743072509766,1.288730324798979,1.2682743072509766,1.2836163204119784,58016460
2013-07-29,1.2478182315826416,1.2682742481778528,1.2375902232850362,1.2682742481778528,66468869
2013-07-30,1.2529324293136597,1.2733884490693934,1.2427044194357926,1.2529324293136594,79840707
2013-07-31,1.2529324293136597,1.26827444413046,1.2478184243747261,1.2631604391915265,41718736
2013-08-01,1.2682743072509766,1.2733883116379772,1.2478182897029741,1.2529322940899748,70328756
2013-08-02,1.2580463886260986,1.278502407639939,1.2580463886260986,1.2733884028864788,56825599
2013-08-05,1.2631604671478271,1.268274472199944,1.2529324570435936,1.2631604671478271,34822578
2013-08-06,1.2631604671478271,1.268274472199944,1.2529324570435936,1.2580464620957104,54746828
2013-08-07,1.2529324293136597,1.26827444413046,1.2529324293136594,1.258046434252593,53456699
2013-08-08,1.2529324293136597,1.2631604391915265,1.2478184243747261,1.2529324293136594,50788274
2013-08-09,1.2580463886260986,1.2580463886260986,1.2478183791191784,1.2580463886260986,51368078
2013-08-12,1.2733885049819946,1.2785025101454763,1.252932484328067,1.2580464894915488,82349744
2013-08-13,1.2733885049819946,1.2785025101454763,1.2631604946550308,1.2733885049819944,96002156
2013-08-14,1.2733885049819946,1.2836165153089583,1.2733885049819944,1.2785025101454763,66726859
2013-08-15,1.2682743072509766,1.2836163204119784,1.2682743072509766,1.2785023160249778,55277205
2013-08-16,1.2785024642944336,1.3961247007637214,1.2631604493542001,1.2733884593143558,227717881
2013-08-19,1.2785024642944336,1.2887304742545895,1.2733884593143558,1.2785024642944336,73750902
2013-08-20,1.283616542816162,1.2938445533623066,1.2733885322700178,1.27850253754309,80998623
2013-08-21,1.2733885049819946,1.2887305204724402,1.2682744998185127,1.2887305204724402,54302556
2013-08-22,1.2682743072509766,1.2785023160249778,1.263160302863976,1.2733883116379772,63501802
2013-08-23,1.2631604671478271,1.2733884772520607,1.2478184519914768,1.2733884772520607,75195991
2013-08-26,1.2682743072509766,1.2733883116379772,1.2529322940899748,1.2580462984769754,74301859
2013-08-27,1.2631604671478271,1.2733884772520607,1.2529324570435936,1.268274472199944,59343598
2013-08-28,1.2529324293136597,1.2631604391915265,1.2529324293136594,1.2631604391915265,68146750
2013-08-29,1.2580463886260986,1.2631603933795585,1.2478183791191784,1.2631603933795585,59228809
2013-08-30,1.2631604671478271,1.2631604671478271,1.2529324570435936,1.2529324570435936,67333885
2013-09-02,1.2580463886260986,1.2631603933795585,1.2529323838726385,1.2631603933795585,87987064
2013-09-03,1.2733885049819946,1.2733885049819944,1.2580464894915488,1.2631604946550308,81638965
2013-09-04,1.2682743072509766,1.2733883116379772,1.2580462984769754,1.2682743072509766,67247682
2013-09-05,1.2631604671478271,1.268274472199944,1.2580464620957104,1.268274472199944,54577931
2013-09-06,1.2631604671478271,1.268274472199944,1.2580464620957104,1.2580464620957104,73339281
2013-09-09,1.3910105228424072,1.3910105228424072,1.2785023053410933,1.2785023053410933,652657229
2013-09-10,1.3705546855926514,1.4063527207073203,1.3398705335668666,1.4063527207073203,434423280
2013-09-11,1.3500984907150269,1.3654405037776716,1.3398703600791158,1.3603264994234567,253900226
2013-09-12,1.3654403686523438,1.4012383955892398,1.3347562236361061,1.3500983571079597,498535985
2013-09-13,1.3449844121932983,1.3603264244099267,1.334756282121405,1.3500984162655079,212479183
2013-09-16,1.3449844121932983,1.3552124203377172,1.334756282121405,1.3500984162655079,137279816
2013-09-17,1.304072380065918,1.3449845384103782,1.2989583755137961,1.3398704119307705,150837737
2013-09-18,1.298958420753479,1.314300434944171,1.2938444160232485,1.3091864302139402,107176377
2013-09-23,1.309186577796936,1.3194145884103883,1.3040725724902098,1.3040725724902098,87058699
2013-09-24,1.2887303829193115,1.309186401389858,1.2836163783016747,1.309186401389858,158177544
2013-09-25,1.2887303829193115,1.293844387536948,1.2836163783016747,1.2887303829193115,74729566
2013-09-26,1.2733885049819946,1.2887305204724402,1.2682744998185127,1.2836165153089583,113412603
2013-09-27,1.2733885049819946,1.2785025101454763,1.2682744998185127,1.2733885049819944,67336710
2013-09-30,1.2785024642944336,1.2836164692745116,1.2733884593143558,1.2733884593143558,51735274
2013-10-08,1.283616542816162,1.2836165428161623,1.2631605217238733,1.2733885322700178,102511304
2013-10-09,1.283616542816162,1.2836165428161623,1.2733885322700178,1.27850253754309,70254663
2013-10-10,1.2682743072509766,1.2836163204119784,1.2682743072509766,1.2836163204119784,86991702
2013-10-11,1.283616542816162,1.2887305480892344,1.2682745269969455,1.27850253754309,156052869
2013-10-14,1.283616542816162,1.2836165428161623,1.2733885322700178,1.2836165428161623,96617087
2013-10-15,1.2733885049819946,1.2836165153089583,1.2733885049819944,1.2785025101454763,67168731
2013-10-16,1.2733885049819946,1.2785025101454763,1.2682744998185127,1.2733885049819944,76399323
2013-10-17,1.2733885049819946,1.2836165153089583,1.2733885049819944,1.2785025101454763,63216227
2013-10-18,1.2733885049819946,1.2836165153089583,1.2682744998185127,1.2733885049819944,70740221
2013-10-21,1.283616542816162,1.2887305480892344,1.2682745269969455,1.2733885322700178,93050184
2013-10-22,1.2785024642944336,1.2836164692745116,1.2733884593143558,1.2836164692745116,60978571
2013-10-23,1.2785024642944336,1.2938444792346673,1.2733884593143558,1.2785024642944336,100231888
2013-10-24,1.2682743072509766,1.2836163204119784,1.2682743072509766,1.2785023160249778,88537461
2013-10-25,1.2682743072509766,1.288730324798979,1.2682743072509766,1.2682743072509766,157899194
2013-10-28,1.2733885049819946,1.2785025101454763,1.2682744998185127,1.2733885049819944,83874962
2013-10-29,1.298958420753479,1.3245284444046321,1.2785024018325566,1.2785024018325566,246150664
2013-10-30,1.3143004179000854,1.3194144225639968,1.2887303945805293,1.2938443992444404,143111671
2013-10-31,1.304072380065918,1.3143003891701615,1.2989583755137961,1.3143003891701615,92830237
2013-11-01,1.309186577796936,1.3194145884103883,1.2836165512633053,1.309186577796936,143969859
2013-11-04,1.309186577796936,1.3194145884103883,1.2989585671834838,1.314300583103662,77765394
2013-11-05,1.309186577796936,1.309186577796936,1.2887305565700313,1.2989585671834838,84573366
2013-11-06,1.2938443422317505,1.30407235110888,1.2938443422317505,1.2989583466703154,60966205
2013-11-07,1.304072380065918,1.304072380065918,1.2938443709616743,1.2989583755137961,62301763
2013-11-08,1.304072380065918,1.3091863846180396,1.2938443709616743,1.2989583755137961,75763661
2013-11-11,1.304072380065918,1.3091863846180396,1.2989583755137961,1.304072380065918,60539691
2013-11-12,1.304072380065918,1.3143003891701615,1.304072380065918,1.304072380065918,62335386
2013-11-13,1.2887303829193115,1.309186401389858,1.2836163783016747,1.3040723967722214,79285970
2013-11-14,1.2887303829193115,1.293844387536948,1.2836163783016747,1.2887303829193115,69984574
2013-11-15,1.298958420753479,1.3040724254837097,1.2887304112930178,1.2887304112930178,85882650
2013-11-18,1.324528455734253,1.329642460508227,1.2938444270904073,1.2989584318643814,168711180
2013-11-19,1.319414496421814,1.3245285013719954,1.3091864865214506,1.3245285013719954,118013232
2013-11-20,1.324528455734253,1.324528455734253,1.30918644141233,1.3194144509602785,82630763
2013-11-21,1.339870572090149,1.3449846991810661,1.3091865411096495,1.314300546273066,145150090
2013-11-22,1.3296425342559814,1.3449846713563374,1.3296425342559814,1.33987054437122,103053083
2013-11-25,1.3296425342559814,1.3449846713563374,1.3245285291983624,1.3296425342559814,69730643
2013-11-26,1.324528455734253,1.3347564652822015,1.324528455734253,1.329642460508227,39787386
2013-11-27,1.324528455734253,1.3347564652822015,1.3194144509602785,1.324528455734253,50118638
2013-11-28,1.339870572090149,1.3449846991810661,1.3245285565998992,1.3296425617633156,78515605
2013-11-29,1.339870572090149,1.3449846991810661,1.3347565669267323,1.3449846991810661,64896395
2013-12-02,1.3654403686523438,1.3705543725004716,1.3398702274842342,1.3398702274842342,162731810
2013-12-03,1.3603264093399048,1.3705544173710154,1.3500984013087942,1.3603264093399048,102204920
2013-12-04,1.3603264093399048,1.3705544173710154,1.3500984013087942,1.3552124053243495,99424703
2013-12-05,1.3500984907150269,1.3603264994234567,1.334756355724901,1.3603264994234567,82654490
2013-12-06,1.3500984907150269,1.350098490715027,1.334756355724901,1.3398703600791158,90672203
2013-12-09,1.3347564935684204,1.350098630142966,1.3347564935684204,1.350098630142966,74080791
2013-12-10,1.3347564935684204,1.3449846252606155,1.32964248868607,1.3347564935684204,55477823
2013-12-11,1.3143004179000854,1.3398704412196418,1.304072408572263,1.3296424318918194,95646137
2013-12-12,1.304072380065918,1.3143003891701615,1.2989583755137961,1.3091863846180396,81003132
2013-12-13,1.2938443422317505,1.30407235110888,1.2887303377931856,1.2989583466703154,82596805
2013-12-16,1.2938443422317505,1.30407235110888,1.2887303377931856,1.2989583466703154,64550023
2013-12-17,1.298958420753479,1.298958420753479,1.2836164065627873,1.298958420753479,93901607
2013-12-18,1.2938443422317505,1.2938443422317505,1.2887303377931856,1.2938443422317505,46034969
2013-12-19,1.2887303829193115,1.293844387536948,1.2836163783016747,1.293844387536948,80112715
2013-12-20,1.2529324293136597,1.288730463886194,1.2478184243747261,1.288730463886194,142569916
2013-12-23,1.2631604671478271,1.268274472199944,1.2529324570435936,1.2631604671478271,67986908
2013-12-24,1.2580463886260986,1.2682743981330187,1.2580463886260986,1.2631603933795585,52862514
2013-12-25,1.2631604671478271,1.268274472199944,1.2580464620957104,1.2631604671478271,38640846
2013-12-26,1.2478182315826416,1.2631602440290501,1.2375902232850362,1.2580462398802472,69320929
2013-12-27,1.2580463886260986,1.2682743981330187,1.2427043743657182,1.2478183791191784,99197709
2013-12-30,1.2580463886260986,1.2682743981330187,1.2529323838726385,1.2631603933795585,67745326
2013-12-31,1.2682743072509766,1.2785023160249778,1.2529322940899748,1.2580462984769754,77204467
2014-01-02,1.2631604671478271,1.268274472199944,1.2529324570435936,1.268274472199944,58007158
2014-01-03,1.2580463886260986,1.2631603933795585,1.2478183791191784,1.2580463886260986,65319035
2014-01-06,1.2478182315826416,1.2580462398802472,1.2324762191362335,1.2580462398802472,103628249
2014-01-07,1.2427045106887817,1.2427045106887817,1.232476500059862,1.237590505374322,62578367
2014-01-08,1.2375900745391846,1.2427040780733356,1.2324760710050333,1.2375900745391846,80706713
2014-01-09,1.2324763536453247,1.2427043630591872,1.2324763536453247,1.2375903583522558,62909567
2014-01-10,1.2324763536453247,1.2375903583522558,1.2222483442314622,1.2324763536453247,91387731
2014-01-13,1.2324763536453247,1.2375903583522558,1.2222483442314622,1.2273623489383936,67092204
2014-01-14,1.2324763536453247,1.2375903583522558,1.2273623489383936,1.2324763536453247,60804750
2014-01-15,1.2222484350204468,1.2375904502808501,1.222248435020447,1.232476445194049,61573127
2014-01-16,1.2171342372894287,1.2273622458441735,1.2069061068072042,1.2222482415668012,121063060
2014-01-17,1.2069061994552612,1.2171343307226474,1.2017921947853127,1.21202020412521,67601324
2014-01-20,1.2069061994552612,1.2171343307226474,1.2017921947853127,1.2069061994552612,59263005
2014-01-21,1.2120200395584106,1.2171341654614578,1.2069060355828363,1.2120200395584109,52002070
2014-01-22,1.2222484350204468,1.227362440107248,1.212020302919346,1.212020302919346,118387537
2014-01-23,1.2069061994552612,1.2171343307226474,1.2069061994552612,1.2171343307226474,80176963
2014-01-24,1.2120200395584106,1.2171341654614578,1.2069060355828363,1.2069060355828363,66719628
2014-01-27,1.2069061994552612,1.21202020412521,1.2017921947853127,1.2069061994552612,48672063
2014-01-28,1.2120200395584106,1.2171341654614578,1.2069060355828363,1.2120200395584109,72620764
2014-01-29,1.2273623943328857,1.2273623943328857,1.2120202577171673,1.2171343845407363,68347386
2014-01-30,1.2171342372894287,1.2273622458441735,1.2120201110845767,1.2222482415668012,33810844
2014-02-07,1.2120200395584106,1.2120200395584109,1.2017920316072617,1.2120200395584109,52286491
2014-02-10,1.2171342372894287,1.2222482415668012,1.2120201110845767,1.2120201110845767,94072423
2014-02-11,1.2324763536453247,1.2375903583522558,1.2120202128901099,1.217134339524531,175977031
2014-02-12,1.2324763536453247,1.2375903583522558,1.2222483442314622,1.2273623489383936,92337401
2014-02-13,1.2324763536453247,1.2427043630591872,1.2222483442314622,1.2273623489383936,119629365
2014-02-14,1.2324763536453247,1.2324763536453247,1.2222483442314622,1.2324763536453247,66736373
2014-02-17,1.2273623943328857,1.2324763992289607,1.2273623943328857,1.2324763992289607,61490710
2014-02-18,1.2171342372894287,1.232476250121546,1.2171342372894287,1.2273622458441735,66523489
2014-02-19,1.2324763536453247,1.2427043630591872,1.2120202128901099,1.217134339524531,143612592
2014-02-20,1.2171342372894287,1.2375902543989183,1.2120201110845767,1.2273622458441735,120760769
2014-02-21,1.2171342372894287,1.2222482415668012,1.2120201110845767,1.2171342372894287,60483535
2014-02-24,1.2017924785614014,1.2120204903164118,1.1915644668063907,1.2120204903164118,108632662
2014-02-25,1.1966780424118042,1.2069060504892788,1.1915640383730668,1.2017920464505414,98793217
2014-02-26,1.1966780424118042,1.2017920464505414,1.1864500343343294,1.1915640383730668,69147661
2014-02-27,1.1966780424118042,1.2017920464505414,1.1864500343343294,1.1915640383730668,96786673
2014-02-28,1.1915640830993652,1.1966780873300609,1.1864500788686698,1.1966780873300609,75320115
2014-03-03,1.1915640830993652,1.1966780873300609,1.1864500788686698,1.1966780873300609,104470687
2014-03-04,1.1966780424118042,1.1966780424118042,1.181336030295592,1.1864500343343294,106243284
2014-03-05,1.1864500045776367,1.1966780123985885,1.1864500045776367,1.1915640084881125,53351922
2014-03-06,1.1864500045776367,1.1915640084881125,1.181336000667161,1.1864500045776367,55706964
2014-03-07,1.1915640830993652,1.1966780873300609,1.1864500788686698,1.1915640830993652,71083237
2014-03-10,1.171108365058899,1.1915643872023278,1.1659943595230415,1.1864503816664707,89045402
2014-03-11,1.171108365058899,1.171108365058899,1.1659943595230415,1.171108365058899,64490541
2014-03-12,1.171108365058899,1.176222370594756,1.1608803539871844,1.171108365058899,90609177
2014-03-13,1.2069061994552612,1.2478183587423388,1.1711081667656214,1.1762221714355698,273061306
2014-03-14,1.2069061994552612,1.2171343307226474,1.186450180775467,1.2017921947853127,184976226
2014-03-17,1.1966780424118042,1.2069060504892788,1.1915640383730668,1.2017920464505414,94974164
2014-03-18,1.1966780424118042,1.1966780424118042,1.1864500343343294,1.1966780424118042,93141226
2014-03-19,1.1915640830993652,1.1966780873300609,1.1864500788686698,1.1915640830993652,56793853
2014-03-20,1.1915640830993652,1.2017920915607563,1.1864500788686698,1.1915640830993652,96472241
2014-03-21,1.2273623943328857,1.2375904041250354,1.1864502332367934,1.1915642381328682,306111540
2014-03-24,1.2273623943328857,1.2375904041250354,1.2171343845407363,1.2324763992289607,172079569
2014-03-25,1.2273623943328857,1.2324763992289607,1.2171343845407363,1.222248389436811,91715585
2014-03-26,1.2273623943328857,1.2324763992289607,1.222248389436811,1.2273623943328857,101473574
2014-03-27,1.2273623943328857,1.2427044090211101,1.2171343845407363,1.2273623943328857,116135826
2014-03-28,1.2427045106887817,1.2529325213177014,1.2273624947454023,1.2273624947454023,136644447
2014-03-31,1.2375900745391846,1.2478180816074866,1.2324760710050333,1.2427040780733356,95415444
2014-04-01,1.2375900745391846,1.2478180816074866,1.2324760710050333,1.2375900745391846,55792290
2014-04-02,1.2478182315826416,1.2478182315826418,1.2375902232850362,1.242704227433839,64383049
2014-04-03,1.2222484350204468,1.2478184604544522,1.2069062978325447,1.2478184604544522,190123974
2014-04-04,1.2273623943328857,1.2324763992289607,1.2120202577171673,1.2171343845407363,65625517
2014-04-08,1.2478182315826416,1.2580462398802472,1.222248210838628,1.2273622149874306,172573022
2014-04-09,1.2529324293136597,1.2529324293136594,1.2427044194357926,1.2478184243747261,76897135
2014-04-10,1.2580463886260986,1.2733884028864788,1.2427043743657182,1.2478183791191784,160322901
2014-04-11,1.2631604671478271,1.268274472199944,1.2529324570435936,1.2580464620957104,134009772
2014-04-14,1.2631604671478271,1.268274472199944,1.2529324570435936,1.2631604671478271,61366797
2014-04-15,1.2427045106887817,1.2580465266321612,1.237590505374322,1.2529325213177014,68512987
2014-04-16,1.2478182315826416,1.2529322357314445,1.2375902232850362,1.242704227433839,54125128
2014-04-17,1.2478182315826416,1.2529322357314445,1.242704227433839,1.2529322357314445,40772855
2014-04-18,1.2375900745391846,1.2427040780733356,1.2324760710050333,1.2427040780733356,76094499
2014-04-21,1.2273623943328857,1.2478184139171848,1.2273623943328857,1.2375904041250354,67548038
2014-04-22,1.2324763536453247,1.2375903583522558,1.2273623489383936,1.2273623489383936,55624172
2014-04-23,1.2375900745391846,1.2375900745391846,1.2273620674708823,1.2324760710050333,54581486
2014-04-24,1.2273623943328857,1.2375904041250354,1.2273623943328857,1.2324763992289607,51559030
2014-04-25,1.2324763536453247,1.2427043630591872,1.2273623489383936,1.2324763536453247,86433812
2014-04-28,1.2375900745391846,1.2427040780733356,1.2273620674708823,1.2324760710050333,92814167
2014-04-29,1.2427045106887817,1.2478185160032416,1.232476500059862,1.237590505374322,85845206
2014-04-30,1.2375900745391846,1.2478180816074866,1.2324760710050333,1.2427040780733356,47872942
2014-05-05,1.2222484350204468,1.232476445194049,1.2171344299336457,1.232476445194049,106293750
2014-05-06,1.2222484350204468,1.227362440107248,1.2171344299336457,1.222248435020447,63954878
2014-05-07,1.2171342372894287,1.2222482415668012,1.2171342372894287,1.2171342372894287,46398822
2014-05-08,1.2222484350204468,1.232476445194049,1.2171344299336457,1.222248435020447,51441079
2014-05-09,1.2273623943328857,1.2375904041250354,1.222248389436811,1.2273623943328857,78057644
2014-05-12,1.2375900745391846,1.2478180816074866,1.2273620674708823,1.2324760710050333,93779086
2014-05-13,1.2427045106887817,1.2478185160032416,1.237590505374322,1.237590505374322,63140502
2014-05-14,1.2427045106887817,1.2478185160032416,1.237590505374322,1.2427045106887817,38293172
2014-05-15,1.2478182315826416,1.2478182315826418,1.242704227433839,1.242704227433839,44806888
2014-05-16,1.2529324293136597,1.258046434252593,1.2427044194357926,1.2478184243747261,73314380
2014-05-19,1.2478182315826416,1.2529322357314445,1.2375902232850362,1.2529322357314445,57990499
2014-05-20,1.2529324293136597,1.2529324293136594,1.2427044194357926,1.2478184243747261,69663649
2014-05-21,1.2580463886260986,1.2580463886260986,1.2427043743657182,1.2478183791191784,48794715
2014-05-22,1.2580463886260986,1.2682743981330187,1.2529323838726385,1.2529323838726385,52063589
2014-05-23,1.2631604671478271,1.2631604671478271,1.2529324570435936,1.2580464620957104,31764281
2014-05-26,1.2580463886260986,1.2682743981330187,1.2580463886260986,1.2631603933795585,43154995
2014-05-27,1.2631604671478271,1.268274472199944,1.2529324570435936,1.2580464620957104,56066897
2014-05-28,1.2682743072509766,1.2785023160249778,1.2580462984769754,1.263160302863976,66213104
2014-05-29,1.2733885049819946,1.2785025101454763,1.2682744998185127,1.2733885049819944,44196537
2014-05-30,1.2733885049819946,1.2785025101454763,1.2682744998185127,1.2733885049819944,45785204
2014-06-03,1.283616542816162,1.2836165428161623,1.2682745269969455,1.2733885322700178,60776682
2014-06-04,1.2682743072509766,1.2836163204119784,1.2682743072509766,1.2785023160249778,61728947
2014-06-05,1.2887303829193115,1.293844387536948,1.2682743644487648,1.2682743644487648,68929128
2014-06-06,1.283616542816162,1.298958558635379,1.2733885322700178,1.2887305480892344,79721931
2014-06-09,1.2887303829193115,1.2989583921545846,1.2785023736840382,1.2785023736840382,62253590
2014-06-10,1.304072380065918,1.304072380065918,1.2836163618574308,1.2887303664095524,80869850
2014-06-11,1.304072380065918,1.3091863846180396,1.2938443709616743,1.2989583755137961,61825570
2014-06-12,1.304072380065918,1.304072380065918,1.2989583755137961,1.2989583755137961,46601286
2014-06-13,1.319414496421814,1.319414496421814,1.2989584766210873,1.2989584766210873,107204469
2014-06-16,1.319414496421814,1.3245285013719954,1.304072481571269,1.319414496421814,126600142
2014-06-17,1.3143004179000854,1.3194144225639968,1.304072408572263,1.3143004179000857,87823418
2014-06-18,1.2887303829193115,1.3143004060074945,1.2836163783016747,1.309186401389858,122176717
2014-06-19,1.2733885049819946,1.2938445256359221,1.2682744998185127,1.2887305204724402,86149348
2014-06-20,1.283616542816162,1.2887305480892344,1.2682745269969455,1.2733885322700178,57660435
2014-06-23,1.2785024642944336,1.2887304742545895,1.2733884593143558,1.2887304742545895,58205880
2014-06-24,1.2785024642944336,1.2836164692745116,1.2785024642944336,1.2836164692745116,34026304
2014-06-25,1.283616542816162,1.2836165428161623,1.27850253754309,1.27850253754309,36246002
2014-06-26,1.2938443422317505,1.2938443422317505,1.2785023289160558,1.2836163333546207,53135820
2014-06-27,1.2887303829193115,1.293844387536948,1.2836163783016747,1.293844387536948,45202761
2014-06-30,1.2887303829193115,1.293844387536948,1.2887303829193115,1.293844387536948,59697623
2014-07-01,1.2938443422317505,1.2938443422317505,1.2836163333546207,1.2938443422317505,74836398
2014-07-02,1.2887303829193115,1.2989583921545846,1.2836163783016747,1.2887303829193115,115497351
2014-07-03,1.2980810403823853,1.303581378772795,1.287080363601566,1.2925807019919757,96506264
2014-07-04,1.2980810403823853,1.303581378772795,1.2925807019919757,1.2980810403823855,51629880
2014-07-07,1.3035813570022583,1.3035813570022583,1.2925806804051563,1.2980810187037073,87780477
2014-07-08,1.3035813570022583,1.3090818264392186,1.2925806804051563,1.3035813570022583,67936533
2014-07-09,1.2925806045532227,1.3035812805047766,1.2925806045532224,1.3035812805047766,67700113
2014-07-10,1.2980810403823853,1.2980810403823855,1.2925807019919757,1.2925807019919757,45614801
2014-07-11,1.2925806045532227,1.3035812805047766,1.2925806045532224,1.2980809425289996,54611032
2014-07-14,1.2980810403823853,1.2980810403823855,1.2925807019919757,1.2980810403823855,83630539
2014-07-15,1.3035813570022583,1.3035813570022583,1.2980810187037073,1.2980810187037073,69094815
2014-07-16,1.3035813570022583,1.3035813570022583,1.2980810187037073,1.3035813570022583,87282035
2014-07-17,1.3035813570022583,1.3035813570022583,1.2925806804051563,1.3035813570022583,65306186
2014-07-18,1.2980810403823853,1.303581378772795,1.2925807019919757,1.2980810403823855,63066428
2014-07-21,1.2980810403823853,1.303581378772795,1.2925807019919757,1.2980810403823855,57422013
2014-07-22,1.2980810403823853,1.303581378772795,1.2925807019919757,1.2980810403823855,128271711
2014-07-23,1.2980810403823853,1.303581378772795,1.2925807019919757,1.2980810403823855,140037306
2014-07-24,1.320082426071167,1.32558276404903,1.298080943021313,1.298080943021313,181943422
2014-07-25,1.3475841283798218,1.353084466408376,1.3200824382370504,1.3255827762656047,145703809
2014-07-28,1.3915870189666748,1.397087357731823,1.34758430884549,1.3530846476106382,296383132
2014-07-29,1.3860865831375122,1.3970872598974597,1.3750859063775644,1.3915869215174859,179429158
2014-07-30,1.369585633277893,1.3915869878464668,1.3640852946357496,1.3805863105621798,193424954
2014-07-31,1.3860865831375122,1.386086583137512,1.358584891237643,1.3695855679975906,183175160
2014-08-01,1.3860865831375122,1.4135882750373812,1.3750859063775644,1.3805862447575383,240168007
2014-08-04,1.3915870189666748,1.397087357731823,1.3805863414363786,1.3915870189666748,154113973
2014-08-05,1.3915870189666748,1.402587696496971,1.3860866802015268,1.397087357731823,134652981
2014-08-06,1.3915870189666748,1.397087357731823,1.3750860026712306,1.3915870189666748,137825800
2014-08-07,1.369585633277893,1.3970873264886103,1.369585633277893,1.3915869878464668,125412902
2014-08-08,1.3750855922698975,1.3805859293934417,1.3640849180228087,1.3750855922698975,108872959
2014-08-11,1.3860865831375122,1.3915869215174859,1.3750859063775644,1.3805862447575383,80385796
2014-08-12,1.38058602809906,1.391586703132647,1.3750856905822668,1.3860863656158535,77972802
2014-08-13,1.38058602809906,1.3860863656158535,1.3695853530654734,1.38058602809906,128507426
2014-08-14,1.3750855922698975,1.386086266516986,1.369585255146353,1.3750855922698975,123949250
2014-08-15,1.3860865831375122,1.386086583137512,1.3695855679975906,1.3805862447575383,95062662
2014-08-18,1.3750855922698975,1.386086266516986,1.3750855922698975,1.386086266516986,96714845
2014-08-19,1.38058602809906,1.3860863656158535,1.3750856905822668,1.3750856905822668,152261756
2014-08-20,1.3750855922698975,1.3805859293934417,1.369585255146353,1.3805859293934417,69961731
2014-08-21,1.3640851974487305,1.3805862121995125,1.35858485919847,1.375085873949252,119562627
2014-08-22,1.3640851974487305,1.3695855356989912,1.35858485919847,1.3640851974487305,112642374
2014-08-25,1.3530844449996948,1.3695854588242764,1.3530844449996948,1.3640851208827494,98612284
2014-08-26,1.3530844449996948,1.358584782941222,1.3475841070581678,1.3530844449996948,95495822
2014-08-27,1.3475841283798218,1.353084466408376,1.3420837903512675,1.3475841283798218,55448850
2014-08-28,1.3255828619003296,1.3475842154358686,1.3255828619003296,1.3420838770519838,75657677
2014-08-29,1.3365836143493652,1.3420839530446953,1.3255829369587053,1.3310832756540354,90323038
2014-09-01,1.3420838117599487,1.3475841498762435,1.3310831355273594,1.3420838117599487,110201076
2014-09-02,1.3585848808288574,1.3640852191666903,1.3420838658153584,1.3420838658153584,146745469
2014-09-03,1.3750855922698975,1.3805859293934417,1.3585845808992643,1.3640849180228087,140760393
2014-09-04,1.38058602809906,1.3860863656158535,1.3695853530654734,1.3750856905822668,95434550
2014-09-05,1.3860865831375122,1.3915869215174859,1.3805862447575383,1.386086583137512,111097256
2014-09-09,1.38058602809906,1.391586703132647,1.38058602809906,1.391586703132647,87943423
2014-09-10,1.369585633277893,1.3805863105621798,1.3640852946357496,1.3805863105621798,118472541
2014-09-11,1.3640851974487305,1.3805862121995125,1.3640851974487305,1.3695855356989912,156334158
2014-09-12,1.3750855922698975,1.3750855922698975,1.3585845808992643,1.3640849180228087,74291406
2014-09-15,1.3640851974487305,1.3695855356989912,1.35858485919847,1.3695855356989912,113939965
2014-09-16,1.3750855922698975,1.3915866036405304,1.3640849180228087,1.369585255146353,271938203
2014-09-17,1.369585633277893,1.3750859719200363,1.3640852946357496,1.369585633277893,174592386
2014-09-18,1.3750855922698975,1.3805859293934417,1.3585845808992643,1.3640849180228087,176363915
2014-09-19,1.3750855922698975,1.3750855922698975,1.3640849180228087,1.3750855922698975,126936859
2014-09-22,1.3475841283798218,1.3695854804940388,1.3475841283798218,1.3695854804940388,121634838
2014-09-23,1.3530844449996948,1.358584782941222,1.3475841070581678,1.3475841070581678,88711696
2014-09-24,1.3640851974487305,1.375085873949252,1.3475841826979484,1.3530845209482092,181587220
2014-09-25,1.369585633277893,1.3805863105621798,1.3640852946357496,1.3750859719200363,156237203
2014-09-26,1.369585633277893,1.3750859719200363,1.3640852946357496,1.3640852946357496,83087175
2014-09-29,1.3640851974487305,1.375085873949252,1.35858485919847,1.3695855356989912,143507132
2014-09-30,1.369585633277893,1.369585633277893,1.358584955993606,1.369585633277893,136327921
2014-10-08,1.369585633277893,1.369585633277893,1.358584955993606,1.369585633277893,125732847
2014-10-09,1.369585633277893,1.3750859719200363,1.3640852946357496,1.369585633277893,108967225
2014-10-10,1.3640851974487305,1.3695855356989912,1.35858485919847,1.3640851974487305,124969592
2014-10-13,1.3530844449996948,1.3640851208827494,1.3475841070581678,1.358584782941222,130343204
2014-10-14,1.3530844449996948,1.3640851208827494,1.3475841070581678,1.3475841070581678,133029512
2014-10-15,1.3585848808288574,1.3640852191666903,1.3475842041531914,1.3530845424910243,134971671
2014-10-16,1.3640851974487305,1.375085873949252,1.3530845209482092,1.35858485919847,196460267
2014-10-17,1.3530844449996948,1.3640851208827494,1.3475841070581678,1.3640851208827494,165356143
2014-10-20,1.3585848808288574,1.3640852191666903,1.3530845424910243,1.3585848808288574,117215108
2014-10-21,1.3530844449996948,1.3640851208827494,1.3475841070581678,1.358584782941222,157141146
2014-10-22,1.3530844449996948,1.358584782941222,1.3475841070581678,1.3530844449996948,119390104
2014-10-23,1.3475841283798218,1.3585848044369304,1.3475841283798218,1.3585848044369304,125577452
2014-10-24,1.3475841283798218,1.353084466408376,1.3420837903512675,1.3475841283798218,72385253
2014-10-27,1.3365836143493652,1.3475842917400251,1.3310832756540354,1.3420839530446953,116632835
2014-10-28,1.3475841283798218,1.3475841283798218,1.331083114294159,1.3365834523227134,108501444
2014-10-29,1.3640851974487305,1.3640851974487305,1.3475841826979484,1.3475841826979484,182275203
2014-10-30,1.3750855922698975,1.386086266516986,1.35308424377572,1.3585845808992643,293295230
2014-10-31,1.408087968826294,1.424588984343194,1.3750859377924933,1.3750859377924933,636079753
2014-11-03,1.3970870971679688,1.408087772646583,1.3915867594286615,1.4025874349072758,317516547
2014-11-04,1.3970870971679688,1.4025874349072758,1.3860864216893545,1.3970870971679688,220868369
2014-11-05,1.3750855922698975,1.3970869407640747,1.369585255146353,1.3915866036405304,332531899
2014-11-06,1.3750855922698975,1.3805859293934417,1.369585255146353,1.3750855922698975,155934885
2014-11-07,1.369585633277893,1.3970873264886103,1.3640852946357496,1.3750859719200363,346261239
2014-11-10,1.402587652206421,1.4080879907978807,1.3750859592491216,1.3805862978405814,494305657
2014-11-11,1.479592204093933,1.5235949033228302,1.4080876867085874,1.4080876867085874,1288103959
2014-11-12,1.4575906991958618,1.4630910360134988,1.435589220786941,1.457590699195862,452892357
2014-11-13,1.452090859413147,1.4850928916152049,1.4465905207128043,1.463091536813833,506919023
2014-11-14,1.468591570854187,1.4740919084134823,1.4410897519193182,1.457590895735596,350516464
2014-11-17,1.4355896711349487,1.4905931877044287,1.4300893325918422,1.4850928491613222,361587944
2014-11-18,1.3970870971679688,1.4410897990824256,1.3915867594286615,1.4410897990824256,438078270
2014-11-19,1.3970870971679688,1.4025874349072758,1.3860864216893545,1.3970870971679688,197656967
2014-11-20,1.3970870971679688,1.4025874349072758,1.3860864216893545,1.3915867594286615,220368648
2014-11-21,1.4135881662368774,1.4190885041935035,1.3860864764537477,1.3970871523669997,278777440
2014-11-24,1.408087968826294,1.4190886458375607,1.3860866148037603,1.3915869533093936,502357849
2014-11-25,1.4355896711349487,1.4410900096780552,1.4025876398763095,1.408087978419416,436383565
2014-11-26,1.4630911350250244,1.479592146594605,1.4300889807474804,1.4355893179373405,456933881
2014-11-27,1.479592204093933,1.4905928789011573,1.4520905170758724,1.479592204093933,594608703
2014-11-28,1.5675976276397705,1.573097965131411,1.4685915527902456,1.4740918902818858,1486854150
2014-12-01,1.551096796989441,1.6281016620375546,1.545596458853033,1.5730981495350718,1069536829
2014-12-02,1.6281018257141113,1.6556035191609542,1.529095598167059,1.540096275545796,1100345115
2014-12-03,1.60610032081604,1.672104378918307,1.578598498801689,1.6336020116919845,1215175101
2014-12-04,1.6776046752929688,1.683105013331107,1.5950996047208967,1.6171009568734493,1079702220
2014-12-05,1.8206135034561157,1.8316141789767015,1.655603239508931,1.6941056038309816,1802728626
2014-12-08,1.84811532497406,1.8976184995100047,1.7271078855578539,1.787611605265957,1508335718
2014-12-09,1.6776046752929688,1.8536156236517924,1.6611036611785543,1.804112581308549,1829491902
2014-12-10,1.705106258392334,1.7216074026087764,1.5950995045386827,1.6776045699289213,1190955709
2014-12-11,1.6776046752929688,1.7161070415599358,1.6556033231404164,1.6776046752929688,738801272
2014-12-12,1.6721044778823853,1.7051065088867554,1.6666041393816569,1.6776048163831137,537403723
2014-12-15,1.650102972984314,1.6611036489798037,1.628101620993334,1.6611036489798037,502633131
2014-12-16,1.705106258392334,1.705106258392334,1.6611035568508734,1.6721042322362385,729979991
2014-12-17,1.7821111679077148,1.8151131950023176,1.69410563118371,1.710606644731011,1611248144
2014-12-18,1.7381086349487305,1.7931120188142173,1.7216076197890844,1.7876116804276685,802369225
2014-12-19,1.7821111679077148,1.793111843605916,1.7271077894167108,1.7381084651149117,947006665
2014-12-22,1.9581223726272583,1.9581223726272585,1.7986124224888604,1.809613099661273,2362692374
2014-12-23,1.84811532497406,1.9361208665969796,1.8261139723529318,1.8811174850441585,1433843808
2014-12-24,1.7656102180480957,1.8646164340415747,1.7381085278105746,1.848115288760659,922113276
2014-12-25,1.837114691734314,1.8481153683027869,1.765610294039239,1.7986123237446583,936537059
2014-12-26,1.90311861038208,1.9141192853788696,1.8151130792693722,1.8371144292629515,950674854
2014-12-29,1.892118215560913,1.9911243051923584,1.8591161856837646,1.95812227531521,1227369554
2014-12-30,1.947121262550354,1.9746229493669207,1.87561687682728,1.89211788891722,934092254
2014-12-31,2.0406274795532227,2.0736295094046038,1.9251202439349782,1.952621935477796,1363736707
2015-01-05,2.1396336555480957,2.1561346701290747,2.0461277751174753,2.0846301424730926,1440479628
2015-01-06,2.172635555267334,2.271641767992956,2.079129680407669,2.0956306940055396,1509285929
2015-01-07,2.1396336555480957,2.1946370374846915,2.1011311570540716,2.145133993741755,963318748
2015-01-08,2.0516278743743896,2.161634756574364,2.0406271992682314,2.1451337439151263,845680805
2015-01-09,2.068129062652588,2.211137982314901,2.0021250064107834,2.0351270345316856,1649017796
2015-01-12,2.0186257362365723,2.0681287714476,1.9801232443784995,2.0351267479735817,825547123
2015-01-13,2.013125419616699,2.0351267688247967,1.9911239392702162,2.0076250823146746,437598437
2015-01-14,2.0516278743743896,2.0846298996928647,2.018625849055915,2.018625849055915,650140985
2015-01-15,2.1231319904327393,2.1286323272808145,2.0241259271673813,2.0461272745596832,800204224
2015-01-16,2.167135000228882,2.1946366868026725,2.123132170572431,2.139633313655091,1003820022
2015-01-19,1.9526214599609375,2.079129341388171,1.9526214599609373,2.0186256347282834,1024136180
2015-01-20,1.9636225700378418,2.0021250685115453,1.9141195263210313,1.9416212172748148,750624506
2015-01-21,2.073629379272461,2.10113106908939,1.9526218129395725,1.9746231647931156,1012054031
2015-01-22,2.0516278743743896,2.068128887033627,2.0131255115028357,2.068128887033627,706251415
2015-01-23,2.0571279525756836,2.1121313211719417,2.040626941996806,2.0571279525756836,896948135
2015-01-26,2.0406274795532227,2.0516281561703495,2.007625449701841,2.0516281561703495,539173270
2015-01-27,1.9911242723464966,2.0406274474840176,1.9526219047916304,2.0406274474840176,666068061
2015-01-28,1.9691226482391357,2.007625141629234,1.958121973310076,1.9746229857036657,376861155
2015-01-29,1.925120234489441,1.9526219258973228,1.908619219644712,1.9306205727710175,525151028
2015-01-30,1.90311861038208,1.9526216478676337,1.897618272883685,1.9361206353724492,365558794
2015-02-02,1.8316142559051514,1.8811174289653352,1.8206135799225334,1.8591160770000987,415574624
2015-02-03,1.8701167106628418,1.8811173863965198,1.83161421445657,1.842614890190248,372506404
2015-02-04,1.84811532497406,1.8976184995100047,1.842614986818778,1.8756171468888765,315805990
2015-02-05,1.8261138200759888,1.9636223936298096,1.8151131446827546,1.9581220559331924,1161271875
2015-02-06,1.7711102962493896,1.8206133314141524,1.749108947287273,1.8096126569330941,569160598
2015-02-09,1.7766108512878418,1.7931118650323181,1.7326081479692377,1.7601098375433653,502297961
2015-02-10,1.7986125946044922,1.8096132728295988,1.7601102208166193,1.771110899041726,477545782
2015-02-11,1.793111801147461,1.8041124765851808,1.7821111257097413,1.798612138866321,267805257
2015-02-12,1.787611722946167,1.7986123999809163,1.765610368876668,1.7931120614635416,265354154
2015-02-13,1.8206135034561157,1.8426148544972873,1.787611476894358,1.793111814654651,849197063
2015-02-16,1.8096132278442383,1.820613905795878,1.7986125498925989,1.8151135668200582,320472804
2015-02-17,1.8206135034561157,1.8371145167369944,1.8096128279355297,1.8151131656958226,369734272
2015-02-25,1.8206135034561157,1.8206135034561157,1.8206135034561157,1.8206135034561157,0
2015-02-26,1.8426151275634766,1.8481154661388917,1.7876117418093251,1.8041127575355707,579857823
2015-02-27,1.837114691734314,1.8536157065870236,1.8261140151658408,1.8426150300185504,433135313
2015-03-02,1.84811532497406,1.84811532497406,1.8261139723529318,1.84811532497406,522923527
2015-03-03,1.7821111679077148,1.837114546398719,1.782111167907715,1.837114546398719,574248517
2015-03-04,1.7711102962493896,1.7931116452115066,1.7546092845278023,1.782110970730448,474576998
2015-03-05,1.7271077632904053,1.7656101276516754,1.7051062810884259,1.7601097898857796,610891421
2015-03-06,1.7326081991195679,1.738108537196775,1.7161070537495418,1.721607522965153,443968200
2015-03-09,1.8096132278442383,1.8316145837475175,1.705106656165237,1.7326084821827614,1175954350
2015-03-10,1.760109782218933,1.7876114709286173,1.7546094444769962,1.7876114709286173,722650178
2015-03-11,1.7711102962493896,1.7986119824520357,1.7546092845278023,1.7601096217683314,666394055
2015-03-12,1.8261138200759888,1.848115170862457,1.7821111185030525,1.7931117938962866,1237632473
2015-03-13,1.8261138200759888,1.864616315090703,1.8096128069861377,1.8316141577726057,923046449
2015-03-16,1.84811532497406,1.8536156631293421,1.8206136341976495,1.837114648663496,826117197
2015-03-17,1.8701167106628418,1.8756170485296808,1.848115228057087,1.859116034929164,1002348154
2015-03-18,1.9361207485198975,1.9416210863397336,1.8701166946818637,1.8756170325016996,1339413101
2015-03-19,1.9141196012496948,1.9471216316861073,1.9031189244375573,1.9416212932800385,1053768652
2015-03-20,1.9581223726272583,1.9746233883858773,1.9141196639376081,1.9141196639376081,1265646044
2015-03-23,1.9911242723464966,1.9966247417070278,1.963622581235878,1.9801235959022492,1186262388
2015-03-24,2.0516278743743896,2.11213158745826,1.9691226799398112,1.9911240301521278,2121240477
2015-03-25,2.0021250247955322,2.0846300958554007,1.9911242175158126,2.0406273912901374,1769962026
2015-03-26,2.0076253414154053,2.02962669346296,1.952621830158116,1.9801235202175596,1264754411
2015-03-27,2.0021250247955322,2.018626039007506,1.9801235413744966,2.00762536286619,1007100474
2015-03-30,2.0571279525756836,2.062628289435309,1.9966242471197995,2.0131252576986767,1612000807
2015-03-31,2.0186257362365723,2.095630457675949,2.0076250617452325,2.07912944593894,1550134305
2015-04-01,2.0296270847320557,2.0406277628765306,2.002125389370868,2.0076257284431054,1022280686
2015-04-02,2.0076253414154053,2.0406273694867374,1.9911241962413369,2.0351270314748486,1034508356
2015-04-03,2.013125419616699,2.013125419616699,1.9856236019681919,1.9911239392702162,936586254
2015-04-07,2.073629379272461,2.073629379272461,2.0296266755653747,2.0351270135287605,1718875626
2015-04-08,2.0956311225891113,2.0956311225891113,2.040627732680641,2.073629766625723,1622981187
2015-04-09,2.073629379272461,2.134133228008106,2.068129041309075,2.095630731126004,1611898445
2015-04-10,2.0956311225891113,2.1011314615799583,2.057128749653182,2.068129427634876,1339776019
2015-04-13,2.156134843826294,2.1781361983733514,2.106631664956998,2.134133489279237,2474038260
2015-04-14,2.1286325454711914,2.1451336888452026,2.1121315332355683,2.1451336888452026,1530056065
2015-04-15,2.1451337337493896,2.189136433965495,2.1176319149759326,2.128632590029959,2391276125
2015-04-16,2.18363618850708,2.18363618850708,2.1121316665026746,2.134133148676766,1791901149
2015-04-17,2.2166383266448975,2.2331392086377098,2.183636169244088,2.2166383266448975,2204309897
2015-04-20,2.172635555267334,2.249640416529129,2.1616348795354203,2.249640416529129,2846928515
2015-04-21,2.194636821746826,2.20013715939979,2.1506341205231165,2.161634795829044,1262194333
2015-04-22,2.2221384048461914,2.2276388733772325,2.189136380490271,2.205637523806619,1592638179
2015-04-23,2.2056379318237305,2.222138815915773,2.1891367854548642,2.222138815915773,1301567915
2015-04-24,2.156134843826294,2.1781361983733514,2.128633019504055,2.1726358597365873,1380512393
2015-04-27,2.2001373767852783,2.211138053178132,2.156134671213863,2.16163500941029,1506752067
2015-04-28,2.26064133644104,2.3376460748819943,2.200137482241877,2.2111381591620134,3004523653
2015-04-29,2.2111380100250244,2.2276391554306714,2.1781359814905383,2.21663847925251,1354372950
2015-04-30,2.178136110305786,2.2221388176207597,2.1726357718914144,2.2111381407920163,1139362708
2015-05-04,2.172635555267334,2.178135893133291,2.1506342038035067,2.178135893133291,955254706
2015-05-05,2.073629379272461,2.1671352557884207,2.0571283653823036,2.1671352557884207,1340400821
2015-05-06,2.0461277961730957,2.1176321934264846,2.029626781422314,2.0736294874243995,1025812805
2015-05-07,2.0076253414154053,2.051628045510515,2.0021250034035165,2.046127707498626,897443970
2015-05-08,2.0351266860961914,2.0351266860961914,2.002124663625589,2.024126011939324,713341760
2015-05-11,2.0571279525756836,2.062628289435309,2.007624920839051,2.0351266051371804,1016831907
2015-05-12,2.062628746032715,2.0736294221871505,2.040627393723844,2.062628746032715,889964966
2015-05-13,2.0461277961730957,2.0791298256746598,2.040627457922835,2.0681291491741387,811695211
2015-05-14,2.0406274795532227,2.057128494478913,2.0351271412446588,2.0516281561703495,660773872
2015-05-15,2.013125419616699,2.040627106126821,1.9966244077106259,2.0351267688247967,706681828
2015-05-18,1.985624074935913,2.002125221910879,1.9801237363237298,1.9966248832986957,596731116
2015-05-19,2.0351266860961914,2.040627023174625,1.97462284709504,1.9801231841734739,786131856
2015-05-20,2.0296270847320557,2.057128780093243,2.0186264065875803,2.035127423804293,909401221
2015-05-21,2.0241265296936035,2.029626868178977,2.013125852722857,2.029626868178977,693155391
2015-05-22,2.084630250930786,2.084630250930786,2.0351272046123396,2.040627543092167,1209892186
2015-05-25,2.1396336555480957,2.145133993741755,2.0846301424730926,2.0901304806667524,1228721605
2015-05-26,2.1451337337493896,2.161634746330429,2.1121315774489196,2.161634746330429,1023789707
2015-05-27,2.1286325454711914,2.1506340262570767,2.1121315332355683,2.139633351433328,956347118
2015-05-28,2.0186257362365723,2.1341329495340218,2.0131253989909026,2.1231321439042983,1654293072
2015-05-29,2.0021250247955322,2.0351270532194796,1.969122865233181,2.0131257009368477,1163127127
2015-06-01,2.073629379272461,2.0791297172358467,1.9856238407198872,2.0021249857484458,1332846350
2015-06-02,2.068129062652588,2.0846300767130392,2.0351270345316856,2.0626287246324377,1204272467
2015-06-03,2.0571279525756836,2.0846296368738124,2.0296262682775543,2.079129300014187,983487687
2015-06-04,2.1176319122314453,2.1396333934493748,2.0406271869530603,2.062628537032599,1991367285
2015-06-05,2.1176319122314453,2.1616347435289134,2.0846298871121376,2.1451337309692593,1571894753
2015-06-08,2.266141414642334,2.282642560220748,2.106631477250512,2.1231324916905208,3602374323
2015-06-09,2.2221384048461914,2.2936429220890737,2.189136380490271,2.266141103987419,2486029548
2015-06-10,2.194636821746826,2.2056376281911474,2.178135808787935,2.20013715939979,1437692958
2015-06-11,2.172635555267334,2.2001372445971183,2.1561345416694637,2.1891365688652047,1185249050
2015-06-12,2.18363618850708,2.18363618850708,2.1506341619535374,2.1726355129892325,1234531621
2015-06-15,2.1286325454711914,2.183636050728323,2.123132208059317,2.1781357133164483,1239574687
2015-06-16,2.1011312007904053,2.1506343767021874,2.079129847557795,2.11213187740671,1193247296
2015-06-17,2.1231319904327393,2.1396331321153403,2.0901299693442867,2.1286323272808145,1159486954
2015-06-18,2.0571279525756836,2.1121313211719417,2.046127278856432,2.1121313211719417,998386176
2015-06-19,1.9581223726272583,2.0571285983173873,1.9471216954548458,2.0351272439725623,1017721164
2015-06-23,2.0351266860961914,2.0351266860961914,1.9361204875460039,1.97462284709504,1004187633
2015-06-24,2.062628746032715,2.062628746032715,2.018626041414973,2.040627393723844,963995235
2015-06-25,2.0296270847320557,2.1176325098878555,2.013126067515343,2.101131492671143,1108228070
2015-06-26,1.9416210651397705,2.0351269381944213,1.8811173497821942,2.002124911635743,1434696470
2015-06-29,1.947121262550354,1.9966244299585614,1.8426147215090127,1.9801232867302343,1619700290
2015-06-30,2.0406274795532227,2.046127817861786,1.9086192290092876,1.9471215971692326,1676155247
2015-07-01,1.9746230840682983,2.029626592591952,1.9636224085912468,2.013125579376375,1132060003
2015-07-02,1.9966247081756592,2.018626060694663,1.8976184907017375,1.985623900777752,1416172314
2015-07-03,1.9306201934814453,2.0021247082325724,1.8976181702755637,1.9691225538883075,1407513412
2015-07-06,2.1231319904327393,2.1231319904327393,2.007624916623155,2.0901299693442867,4372088022
2015-07-07,2.266141414642334,2.304643912807426,2.073629448370495,2.0901304628105035,3741099332
2015-07-08,2.161635160446167,2.2661415934802607,2.0406275805314325,2.172635837607651,3975365115
2015-07-09,2.271641969680786,2.321144883731117,2.084630203357608,2.161635071456283,3028478700
2015-07-10,2.267038345336914,2.3936241202321558,2.1922375229877744,2.2267609161410222,3427356098
2015-07-13,2.174976110458374,2.215253407730625,2.157714411627409,2.2094995081203033,2140817636
2015-07-14,2.1346988677978516,2.1692222663429885,2.0829136327963544,2.140452767555374,1519114513
2015-07-15,2.1864840984344482,2.1922379985414944,2.1059294969358056,2.1174372971498974,1551969176
2015-07-16,2.163468837738037,2.2325157870489023,2.140453233695689,2.1864844417803853,1216628980
2015-07-17,2.163468837738037,2.174976639759211,2.134699332685102,2.169222738748624,813272388
2015-07-20,2.1462063789367676,2.1634680758899596,2.134698580967973,2.157714176905562,731852904
2015-07-21,2.1289446353912354,2.146206331966652,2.1059290399573465,2.1346985342497073,729855160
2015-07-22,2.1116833686828613,2.128945068772174,2.1059294686530907,2.1174372687126324,547586530
2015-07-23,2.1289446353912354,2.1346985342497073,2.1059290399573465,2.111682938815819,634324016
2015-07-24,2.100175380706787,2.1289448782814446,2.100175380706787,2.1231909787665133,641667943
2015-07-27,1.9678359031677246,2.0886679515634703,1.956328102099921,2.082913913845759,1037223454
2015-07-28,1.9850971698760986,2.0368822633361816,1.9333119392322358,1.9448198749627006,861345515
2015-07-29,1.9908511638641357,1.99660506341122,1.9620816661287148,1.9793433647699674,521866292
2015-07-30,1.962082028388977,1.9908515314361266,1.956328127779547,1.9850976308266968,425132011
2015-07-31,1.9793435335159302,1.9850974335535545,1.9390660960687622,1.9505740333278088,543469490
2015-08-03,2.019620180130005,2.03112797648076,1.9620811983762314,1.9678350965516087,878813695
2015-08-04,2.0253748893737793,2.0253748893737793,1.9966053869760454,2.0138670884146856,332668092
2015-08-05,1.9850971698760986,2.0196205655161537,1.9850971698760984,2.0138666662428113,281082078
2015-08-06,1.9735894203186035,1.9966050179832757,1.9678355209024356,1.9735894203186035,220807608
2015-08-07,1.9850971698760986,1.9966049684227836,1.9735893713294135,1.979343270602756,248147745
2015-08-10,2.019620180130005,2.0253740783053824,1.9678350965516087,1.973588994726986,556307892
2015-08-11,2.002358913421631,2.0138667122311062,1.9850972152074184,2.0081128128263686,429786968
2015-08-12,1.9793435335159302,1.9908513335911788,1.9735896334783058,1.9908513335911788,298020067
2015-08-13,1.9850971698760986,1.9850971698760984,1.9563276735093857,1.979343270602756,337145173
2015-08-14,1.9735894203186035,1.9793433197347716,1.9678355209024356,1.9735894203186035,292240863
2015-08-17,1.962082028388977,1.9735898296078367,1.950574227170117,1.9678359289984069,389115880
2015-08-18,1.933312177658081,1.9735896147224763,1.9275582776751385,1.9563279147736483,559367622
2015-08-19,1.9218041896820068,1.9333119885220837,1.8757729943216999,1.9160502902619687,615498702
2015-08-20,1.9102964401245117,1.9505738742876568,1.9102964401245117,1.9333120383984308,383943510
2015-08-21,1.9102964401245117,1.9390659379669106,1.8872808418505926,1.8987886409875523,598079151
2015-08-24,1.7319252490997314,1.887280659632841,1.7204174510738548,1.887280659632841,973909787
2015-08-25,1.5765700340270996,1.737679363547209,1.5593083348482084,1.6686325668316437,934437718
2015-08-26,1.6283551454544067,1.6743864808412428,1.5765700474759816,1.611093446128265,850767887
2015-08-27,1.7146638631820679,1.7261716632960042,1.599585724858908,1.6341091252007165,799960741
2015-08-28,1.7319252490997314,1.7434330471256083,1.691647956009163,1.7204174510738548,691107385
2015-08-31,1.7204177379608154,1.7261716379332408,1.6743865381814105,1.7146638379883896,552897259
2015-09-01,1.8182340860366821,1.847003584496293,1.6974020553225262,1.7146637543982928,1449029979
2015-09-02,1.939065933227539,1.9505738695201584,1.7491871107480126,1.7606949098568454,1995668817
2015-09-07,1.7952181100845337,1.8815267311086552,1.7837103122391538,1.875772832185965,644333591
2015-09-08,1.8124805688858032,1.8297422716048142,1.7664492244512884,1.7837109271702993,429955721
2015-09-09,1.8239877223968506,1.8297416212580742,1.78946419204574,1.8067260258131803,404205268
2015-09-10,1.8239877223968506,1.8354955201192977,1.8009721269519567,1.8067260258131803,279667339
2015-09-11,1.8067264556884766,1.8239881563792315,1.7952185180441704,1.8124803559187281,184052594
2015-09-14,1.8067264556884766,1.8527576575304903,1.76069511666266,1.8067264556884763,521679834
2015-09-15,1.8182340860366821,1.8239879857286043,1.783710550701359,1.7894644503932813,486950951
2015-09-16,1.8239877223968506,1.8470033178417447,1.7837102931845166,1.8067260258131803,336386036
2015-09-17,1.8124805688858032,1.8354961725111512,1.800972767073129,1.812480568885803,255866060
2015-09-18,1.8067264556884766,1.8239881563792315,1.8009725554582248,1.8124803559187281,254358721
2015-09-21,1.7952181100845337,1.8067260451136853,1.7837103122391538,1.8009721461909953,263096179
2015-09-22,1.8067264556884766,1.8124803559187281,1.7894646178139186,1.7952185180441704,191081585
2015-09-23,1.7837107181549072,1.8009725560349932,1.7779568179228127,1.795218518619096,182413705
2015-09-24,1.7779566049575806,1.7894644040433547,1.7722027054146932,1.7837105045004675,141032322
2015-09-25,1.7894642353057861,1.7894642353057861,1.7606947403041704,1.7722025383048166,206546996
2015-09-28,1.772202730178833,1.7837105294254134,1.7664488305555428,1.7779566298021232,92848533
2015-09-29,1.7434333562850952,1.7664489564181582,1.7376794562518296,1.7664489564181582,194315252
2015-09-30,1.7434333562850952,1.7606950563848927,1.7376794562518296,1.7434333562850954,147061790
2015-10-08,1.772202730178833,1.7837105294254134,1.7606949309322526,1.772202730178833,217589328
2015-10-09,1.7779566049575806,1.7837105045004675,1.766448805871806,1.7722027054146932,183710093
2015-10-12,1.8124805688858032,1.8182344697921402,1.7779570262639623,1.7837109271702993,330039979
2015-10-13,1.8009719848632812,1.812479781677814,1.7952179492722555,1.8067258832705475,162429565
2015-10-14,1.7837107181549072,1.8009725560349932,1.7837107181549072,1.795218518619096,162436580
2015-10-15,1.8009719848632812,1.8067258832705475,1.777956254050456,1.7837101524577226,170440456
2015-10-16,1.8067264556884766,1.8124803559187281,1.7952185180441704,1.8067264556884763,246333664
2015-10-19,1.8009719848632812,1.812479781677814,1.789464050864989,1.812479781677814,282719883
2015-10-20,1.8067264556884766,1.8067264556884763,1.7952185180441704,1.7952185180441704,188113447
2015-10-21,1.8354957103729248,1.8412496098305542,1.795218276985736,1.8067262130847788,606820562
2015-10-22,1.8124805688858032,1.8297422716048142,1.800972767073129,1.812480568885803,312783220
2015-10-23,1.8182340860366821,1.8239879857286043,1.8067262866528377,1.81248018634476,259948542
2015-10-26,1.8239877223968506,1.8354955201192977,1.8124799246744039,1.8297416212580742,268570118
2015-10-27,1.8124805688858032,1.8239883706984772,1.806726667979466,1.8182344697921402,226456249
2015-10-28,1.8124805688858032,1.8182344697921402,1.800972767073129,1.812480568885803,196550502
2015-10-29,1.8009719848632812,1.812479781677814,1.800971984863281,1.8067258832705475,148840396
2015-10-30,1.8067264556884766,1.8124803559187281,1.7952185180441704,1.8009725554582248,161541681
2015-11-02,1.7894642353057861,1.8124799684908521,1.7894642353057861,1.8009721704902057,215639907
2015-11-03,1.766448974609375,1.7952184750719773,1.7606950745168546,1.7894645749794569,216745120
2015-11-04,1.8124805688858032,1.812480568885803,1.7606953235449512,1.7664492244512884,406719323
2015-11-05,1.8412495851516724,1.8700190820542115,1.7952182529238274,1.8067261888686255,812518478
2015-11-06,1.8412495851516724,1.84700348453218,1.818233987629641,1.8297417863906567,489429058
2015-11-09,1.9160504341125488,1.944820070556451,1.8585114355923316,1.8585114355923316,1016779465
2015-11-10,1.8930349349975586,1.9160505356250133,1.8815271346838314,1.8987888351544222,464592428
2015-11-11,1.8815269470214844,1.8930347461874308,1.8585113486895914,1.8930347461874308,362290922
2015-11-12,1.8585115671157837,1.8815271681526424,1.852757666856569,1.8757732678934278,221999862
2015-11-13,1.847003698348999,1.8700192985354116,1.8412497983023957,1.852757598395602,232790702
2015-11-16,1.8585115671157837,1.858511567115784,1.8297420658197103,1.8354959660789252,205150005
2015-11-17,1.8642652034759521,1.887280801254801,1.8527574045865276,1.85851130403124,387493871
2015-11-18,1.8700193166732788,1.8815271168781027,1.847003716263631,1.858511516468455,361593828
2015-11-19,1.8642652034759521,1.8700191029206643,1.8470035051418154,1.8642652034759521,264656769
2015-11-20,1.8585115671157837,1.8700193676342132,1.8470037665973544,1.8642654673749985,312610785
2015-11-23,1.847003698348999,1.8585114984422053,1.8412497983023957,1.852757598395602,222600480
2015-11-24,1.8412495851516724,1.84700348453218,1.8297417863906567,1.8412495851516724,308058204
2015-11-25,1.8585115671157837,1.858511567115784,1.8297420658197103,1.8354959660789252,274433263
2015-11-26,1.8527575731277466,1.8642653730640097,1.847003673159615,1.8527575731277466,198603831
2015-11-27,1.8009719848632812,1.8527570705286796,1.7837101524577226,1.847003172121413,304923267
2015-11-30,1.8124805688858032,1.8239883706984772,1.7894648280766363,1.800972767073129,327123992
2015-12-01,1.7952181100845337,1.8067260451136853,1.789464211161844,1.8067260451136853,205291453
2015-12-02,1.8642652034759521,1.8700191029206643,1.7894643735109093,1.7952182729556216,663576740
2015-12-03,1.9218041896820068,1.9505738239659822,1.847003497221508,1.8527573966415463,1064056422
2015-12-04,1.8987889289855957,1.9218045307503968,1.887281128103195,1.9102967298679963,549862401
2015-12-07,1.8815269470214844,1.9045425453533773,1.875773047438511,1.8987886457704042,177933178
2015-12-08,1.847003698348999,1.8757731985820147,1.8297419982091894,1.8700192985354116,239619891
2015-12-09,1.8585115671157837,1.8700193676342132,1.8297420658197103,1.8354959660789252,160781232
2015-12-10,1.8585115671157837,1.8757732678934278,1.8412498663381398,1.852757666856569,175665673
2015-12-11,1.8585115671157837,1.8642654673749985,1.8354959660789252,1.8470037665973544,242398577
2015-12-14,1.8872807025909424,1.8872807025909422,1.8412495094396777,1.8412495094396777,277725633
2015-12-15,1.8642652034759521,1.887280801254801,1.85851130403124,1.8815269018100889,127982773
2015-12-16,1.8642652034759521,1.8757730023653767,1.85851130403124,1.8700191029206643,112936081
2015-12-17,1.8815269470214844,1.8872808466044575,1.8642652482725646,1.8642652482725646,211274050
2015-12-18,1.8872807025909424,1.9218040974543906,1.870019005159218,1.870019005159218,271338760
2015-12-21,1.9045426845550537,1.9218043845656188,1.875773184537445,1.875773184537445,357199463
2015-12-22,1.9045426845550537,1.9102965845585753,1.8872809845444884,1.9045426845550535,181691228
2015-12-23,1.8987889289855957,1.9218045307503968,1.887281128103195,1.8987889289855957,263533868
2015-12-24,1.8872807025909424,1.9045424000226665,1.870019005159218,1.8987885008787584,247053926
2015-12-25,1.8815269470214844,1.8930347461874308,1.875773047438511,1.8872808466044575,121916669
2015-12-28,1.8412495851516724,1.887280780195735,1.8412495851516724,1.881526880815227,254659904
2015-12-29,1.8642652034759521,1.8642652034759521,1.8412496056971033,1.8470035051418154,145928282
2015-12-30,1.8585115671157837,1.8642654673749985,1.8470037665973544,1.858511567115784,126880332
2015-12-31,1.8585115671157837,1.8700193676342132,1.852757666856569,1.858511567115784,158248128
2016-01-04,1.7952181100845337,1.864265034340585,1.789464211161844,1.864265034340585,191312700
2016-01-05,1.8182340860366821,1.8239879857286043,1.7722027513175147,1.783710550701359,321545621
2016-01-06,1.8297419548034668,1.835495854713574,1.8067263551630375,1.8124802550731447,168419990
2016-01-07,1.7894642353057861,1.8239877664914985,1.783710336305463,1.8182338674911753,67693020
2016-01-08,1.8182340860366821,1.8239879857286043,1.7894644503932813,1.8067262866528377,269691052
2016-01-11,1.7779566049575806,1.8124801393986898,1.7779566049575803,1.8067262398558026,286388562
2016-01-12,1.8009719848632812,1.8067258832705475,1.777956254050456,1.789464050864989,176341923
2016-01-13,1.7952181100845337,1.8124799440363752,1.789464211161844,1.8009721461909953,153620760
2016-01-14,1.7952181100845337,1.795218110084534,1.760694716548394,1.7779564133164638,273862605
2016-01-15,1.766448974609375,1.7894645749794569,1.7606950745168546,1.7894645749794569,214673803
2016-01-18,1.766448974609375,1.7894645749794569,1.7434333742392931,1.7549411744243342,213964440
2016-01-19,1.7894642353057861,1.7952181343061093,1.7606947403041704,1.7722025383048166,143495734
2016-01-20,1.7894642353057861,1.7952181343061093,1.7722025383048166,1.783710336305463,188436819
2016-01-21,1.7779566049575806,1.8009723403129154,1.7722027054146932,1.7722027054146932,172707114
2016-01-22,1.7894642353057861,1.7894642353057861,1.7664486393044934,1.783710336305463,151552019
2016-01-25,1.7837107181549072,1.7837107181549072,1.7664490174586238,1.7779568179228127,161366523
2016-01-26,1.6974022388458252,1.7779568432423078,1.685894438217756,1.7722029429282733,220748676
2016-01-27,1.6974022388458252,1.708910039473894,1.6628788369616183,1.6974022388458252,239965022
2016-01-28,1.6743863821029663,1.7031558792833368,1.674386382102966,1.6974019798472626,159022593
2016-01-29,1.7204177379608154,1.7261716379332408,1.6743865381814105,1.6743865381814105,198777082
2016-02-01,1.6916483640670776,1.720417866071523,1.6801405632652993,1.720417866071523,100792967
2016-02-02,1.7031562328338623,1.7089101334643626,1.685894530942361,1.6916484315728615,118978571
2016-02-03,1.680140495300293,1.6974021958046903,1.668632694964028,1.691648295636558,104308968
2016-02-04,1.685894250869751,1.6974020502189953,1.680140351195129,1.685894250869751,86465184
2016-02-05,1.680140495300293,1.691648295636558,1.6743865951321606,1.6858943954684256,65693012
2016-02-15,1.6628787517547607,1.6743865517931633,1.6398630144941577,1.6513708145325605,91231105
2016-02-16,1.6974022388458252,1.6974022388458252,1.6628788369616183,1.6686327372756529,128065212
2016-02-17,1.7089096307754517,1.7146635297133985,1.6858940350236646,1.6916479339616115,138060751
2016-02-18,1.7089096307754517,1.7146635297133985,1.6974018328995581,1.7146635297133985,146301356
2016-02-19,1.6974022388458252,1.7146639397879286,1.6916483385317906,1.7031561391598595,122387769
2016-02-22,1.726171612739563,1.7434333124049035,1.703156013185776,1.7146638129626695,167722947
2016-02-23,1.7146638631820679,1.7261716632960042,1.7031560630681317,1.7261716632960042,126381163
2016-02-24,1.7146638631820679,1.720417763239036,1.7031560630681317,1.7031560630681317,95247885
2016-02-25,1.680140495300293,1.7146638963090879,1.668632694964028,1.7146638963090879,231515194
2016-02-26,1.7031562328338623,1.7089101334643626,1.6801406303118607,1.685894530942361,140532474
2016-02-29,1.7204177379608154,1.7204177379608152,1.6743865381814105,1.6974021380711128,260584606
2016-03-01,1.7204177379608154,1.7319255379056666,1.7031560380435384,1.7146638379883896,142663210
2016-03-02,1.7549408674240112,1.7549408674240115,1.7204174729082335,1.7261713719941965,220580175
2016-03-03,1.772202730178833,1.772202730178833,1.743433232062382,1.7491871316856722,186818827
2016-03-04,1.8412495851516724,1.84700348453218,1.7549409572602728,1.7664487560212883,527131148
2016-03-07,1.8297419548034668,1.835495854713574,1.8124802550731447,1.8297419548034668,170029581
2016-03-08,1.8297419548034668,1.835495854713574,1.7779567184287057,1.8239880548933594,224940796
2016-03-09,1.847003698348999,1.852757598395602,1.795218460745772,1.8124802980693797,231588339
2016-03-10,1.8124805688858032,1.8354961725111512,1.806726667979466,1.8297422716048142,117998586
2016-03-11,1.8354957103729248,1.8412496098305542,1.8009723136271494,1.8067262130847788,138208556
2016-03-14,1.8354957103729248,1.8412496098305542,1.818234012000037,1.8297418109152956,147144611
2016-03-15,1.8354957103729248,1.8412496098305542,1.8067262130847788,1.835495710372925,178768173
2016-03-16,1.8700193166732788,1.8700193166732788,1.823988115853983,1.823988115853983,452161580
2016-03-17,1.847003698348999,1.8700192985354116,1.8412497983023957,1.8642653984888085,178954399
2016-03-18,1.8527575731277466,1.8527575731277466,1.8354958732233515,1.8527575731277466,229670454
2016-03-21,1.847003698348999,1.8585114984422053,1.8412497983023957,1.8470036983489988,244457300
2016-03-22,1.8297419548034668,1.8527575544438961,1.8297419548034668,1.8470036545337887,120630301
2016-03-23,1.8297419548034668,1.8412497546236815,1.8239880548933594,1.8297419548034668,92469604
2016-03-24,1.8182340860366821,1.8297418854205265,1.81248018634476,1.8297418854205265,80972356
2016-03-25,1.8182340860366821,1.8297418854205265,1.81248018634476,1.8182340860366821,56264415
2016-03-28,1.8124805688858032,1.8297422716048142,1.812480568885803,1.8182344697921402,85593474
2016-03-29,1.8124805688858032,1.8239883706984772,1.806726667979466,1.8182344697921402,107390436
2016-03-30,1.8412495851516724,1.84700348453218,1.8124800882491332,1.818233987629641,125128853
2016-03-31,1.8412495851516724,1.84700348453218,1.8297417863906567,1.8412495851516724,82084460
2016-04-01,1.8412495851516724,1.84700348453218,1.818233987629641,1.8354956857711644,115540568
2016-04-05,1.847003698348999,1.852757598395602,1.8239880981625862,1.8297419982091894,154261933
2016-04-06,1.8297419548034668,1.8412497546236815,1.8297419548034668,1.835495854713574,80577683
2016-04-07,1.8182340860366821,1.8354957851124487,1.81248018634476,1.8354957851124487,85265479
2016-04-08,1.8182340860366821,1.8239879857286043,1.8067262866528377,1.81248018634476,77771453
2016-04-11,1.8239877223968506,1.8354955201192977,1.8124799246744039,1.8124799246744039,98695041
2016-04-12,1.8182340860366821,1.8297418854205265,1.81248018634476,1.8239879857286043,61799224
2016-04-13,1.8354957103729248,1.8470035092881834,1.818234012000037,1.818234012000037,190848393
2016-04-14,1.8354957103729248,1.8470035092881834,1.8297418109152956,1.8412496098305542,74704127
2016-04-15,1.8297419548034668,1.8412497546236815,1.8239880548933594,1.835495854713574,72866592
2016-04-18,1.8182340860366821,1.8297418854205265,1.81248018634476,1.8239879857286043,77449645
2016-04-19,1.8182340860366821,1.8239879857286043,1.81248018634476,1.8182340860366821,68066749
2016-04-20,1.8067264556884766,1.8239881563792315,1.7722029171231635,1.81823425614898,238400690
2016-04-21,1.7894642353057861,1.806726069490529,1.7894642353057861,1.8009721704902057,77542574
2016-04-22,1.8009719848632812,1.8067258832705475,1.789464050864989,1.789464050864989,84042303
2016-04-25,1.8009719848632812,1.8067258832705475,1.7837101524577226,1.800971984863281,80715873
2016-04-26,1.8009719848632812,1.8067258832705475,1.7952179492722555,1.800971984863281,55355835
2016-04-27,1.7952181100845337,1.8067260451136853,1.795218110084534,1.8067260451136853,40773997
2016-04-28,1.8009719848632812,1.8067258832705475,1.7952179492722555,1.800971984863281,60728490
2016-04-29,1.7952181100845337,1.8009721461909953,1.789464211161844,1.795218110084534,70840648
2016-05-03,1.8067264556884766,1.8124803559187281,1.7894646178139186,1.7952185180441704,108140341
2016-05-04,1.8009719848632812,1.8067258832705475,1.7952179492722555,1.800971984863281,70887845
2016-05-05,1.8009719848632812,1.800971984863281,1.789464050864989,1.800971984863281,67952928
2016-05-06,1.7837107181549072,1.8009725560349932,1.7837107181549072,1.8009725560349932,114428566
2016-05-09,1.766448974609375,1.7837106748869365,1.7606950745168546,1.7837106748869365,97234757
2016-05-10,1.766448974609375,1.7722028747018954,1.7549411744243342,1.7606950745168546,85097736
2016-05-11,1.766448974609375,1.7722028747018954,1.7549411744243342,1.766448974609375,94672027
2016-05-12,1.7549408674240112,1.7664486655959373,1.7491869683380483,1.7606947665099744,83904533
2016-05-13,1.7549408674240112,1.7664486655959373,1.7491869683380483,1.7549408674240115,69974225
2016-05-16,1.760694980621338,1.760694980621338,1.7491871810499926,1.7549410808356654,47121242
2016-05-17,1.760694980621338,1.760694980621338,1.7549410808356654,1.760694980621338,57909586
2016-05-18,1.760694980621338,1.7664488804070106,1.74343328126432,1.7549410808356654,137448774
2016-05-19,1.766448974609375,1.7722028747018954,1.7549411744243342,1.7606950745168546,90608094
2016-05-20,1.772202730178833,1.772202730178833,1.7606949309322526,1.7664488305555428,76828475
2016-05-23,1.7779566049575806,1.7837105045004675,1.766448805871806,1.7722027054146932,84463424
2016-05-24,1.7779566049575806,1.7837105045004675,1.7722027054146932,1.7837105045004675,55033433
2016-05-25,1.7837107181549072,1.7894646183870015,1.7779568179228127,1.7837107181549072,44418676
2016-05-26,1.7837107181549072,1.7894646183870015,1.7779568179228127,1.7837107181549072,70441921
2016-05-27,1.7837107181549072,1.7894646183870015,1.7779568179228127,1.7837107181549072,66533373
2016-05-30,1.8009719848632812,1.800971984863281,1.777956254050456,1.789464050864989,78085853
2016-05-31,1.8354957103729248,1.8412496098305542,1.795218276985736,1.795218276985736,153315787
2016-06-01,1.8182340860366821,1.8354957851124487,1.8182340860366821,1.8354957851124487,110451631
2016-06-02,1.8182340860366821,1.8239879857286043,1.8182340860366821,1.8182340860366821,63400105
2016-06-03,1.8354957103729248,1.835495710372925,1.812480112542408,1.8239879114576665,83598677
2016-06-06,1.8297419548034668,1.835495854713574,1.8239880548933594,1.835495854713574,67287944
2016-06-07,1.8239877223968506,1.8354955201192977,1.8239877223968508,1.8354955201192977,49912395
2016-06-08,1.8297419548034668,1.8297419548034668,1.8182341549832521,1.8297419548034668,61774463
2016-06-13,1.8124805688858032,1.8297422716048142,1.806726667979466,1.8182344697921402,95433991
2016-06-14,1.8182340860366821,1.8297418854205265,1.8067262866528377,1.8067262866528377,88728185
2016-06-15,1.8182340860366821,1.8297418854205265,1.8067262866528377,1.81248018634476,75842421
2016-06-16,1.8182340860366821,1.8239879857286043,1.81248018634476,1.8182340860366821,59561973
2016-06-17,1.8239877223968506,1.8297416212580742,1.8124799246744039,1.8182338235356272,67923175
2016-06-20,1.8297419548034668,1.8297419548034668,1.8182341549832521,1.8297419548034668,40558594
2016-06-21,1.8239877223968506,1.8297416212580742,1.8182338235356272,1.8239877223968508,55378295
2016-06-22,1.8239877223968506,1.8297416212580742,1.8182338235356272,1.8239877223968508,71536468
2016-06-23,1.8297419548034668,1.835495854713574,1.8239880548933594,1.8297419548034668,56892488
2016-06-24,1.8239877223968506,1.8354955201192977,1.8124799246744039,1.8297416212580742,82645973
2016-06-27,1.8239877223968506,1.8239877223968508,1.8124799246744039,1.8182338235356272,56943797
2016-06-28,1.8239877223968506,1.8239877223968508,1.8124799246744039,1.8182338235356272,49843140
2016-06-29,1.8297419548034668,1.835495854713574,1.8182341549832521,1.8239880548933594,68868497
2016-06-30,1.8412495851516724,1.84700348453218,1.8297417863906567,1.8354956857711644,108019322
2016-07-01,1.8527575731277466,1.8585114730958783,1.8412497731914832,1.847003673159615,80896224
2016-07-04,1.8815269470214844,1.8815269470214844,1.8470035495236448,1.852757449106618,109684873
2016-07-05,1.8815269470214844,1.8872808466044575,1.870019147855538,1.8815269470214844,89546909
2016-07-06,1.8872807025909424,1.8930346017348503,1.870019005159218,1.8815268034470343,153789504
2016-07-07,1.8792788982391357,1.8914032670380558,1.8732167138396758,1.8914032670380558,159307876
2016-07-08,1.8610923290252686,1.8792788820671458,1.8610923290252688,1.8732166977198534,86560614
2016-07-11,1.8671543598175049,1.8792787275149798,1.8610921759687675,1.8671543598175049,76033200
2016-07-12,1.8974651098251343,1.9035272926714129,1.8671540510599012,1.8671540510599012,147877927
2016-07-13,1.9095901250839233,1.9156523099923148,1.8853412409164676,1.8914034258248593,177260784
2016-07-14,1.8914028406143188,1.9035273512136004,1.8853406575816003,1.9035273512136004,104013117
2016-07-15,1.8914028406143188,1.8974651681808818,1.8853406575816003,1.8914028406143188,88991442
2016-07-18,1.8914028406143188,1.9035273512136004,1.8853406575816003,1.8853406575816003,122083081
2016-07-19,1.8792788982391357,1.8974655959713929,1.8792788982391357,1.8914032670380558,95579130
2016-07-20,1.8732165098190308,1.88534087729743,1.867154326079831,1.8792786935582302,67466723
2016-07-21,1.8792788982391357,1.885341082638596,1.8671545294402156,1.8732167138396758,65674020
2016-07-22,1.8732165098190308,1.8792786935582302,1.867154326079831,1.8792786935582302,59655938
2016-07-25,1.8792788982391357,1.8792788982391357,1.8671545294402156,1.8671545294402156,72608616
2016-07-26,1.8914028406143188,1.8914028406143188,1.8732162915161632,1.8732162915161632,72561301
2016-07-27,1.8914028406143188,1.8914028406143188,1.8671541084834447,1.8914028406143188,161162063
2016-07-28,1.8792788982391357,1.885341082638596,1.8792788982391357,1.885341082638596,62827748
2016-07-29,1.8853408098220825,1.8853408098220825,1.8792786262998453,1.8853408098220825,48203837
2016-08-01,1.8914028406143188,1.8914028406143188,1.8792784745488817,1.8792784745488817,111596431
2016-08-02,1.8914028406143188,1.8914028406143188,1.8853406575816003,1.8853406575816003,61500970
2016-08-03,1.8853408098220825,1.89140299334432,1.8853408098220825,1.8853408098220825,45542309
2016-08-04,1.8914028406143188,1.8914028406143188,1.8792784745488817,1.8914028406143188,92000551
2016-08-05,1.8914028406143188,1.8914028406143188,1.8792784745488817,1.8853406575816003,62573060
2016-08-08,1.8914028406143188,1.8914028406143188,1.8792784745488817,1.8853406575816003,74935412
2016-08-09,1.8974651098251343,1.9035272926714129,1.8853405995987371,1.8914027824450157,134206982
2016-08-10,1.903527855873108,1.9035278558731077,1.8914033420593994,1.897465671233195,71929204
2016-08-11,1.9156520366668701,1.9338385887971858,1.8974654845365546,1.9035276685799931,204257332
2016-08-12,1.9459631443023682,1.945963144302368,1.9095900365385943,1.91565222116589,222881675
2016-08-15,1.9702117443084717,1.9944604811130024,1.9459630075039407,1.9520251917050733,268905612
2016-08-16,1.9399007558822632,1.9762738598249254,1.9277763879013756,1.9762738598249254,319968648
2016-08-17,1.9277763366699219,1.9399007043285994,1.9217141528405832,1.9399007043285994,95122068
2016-08-18,1.9277763366699219,1.9338385204992605,1.9217141528405832,1.9277763366699219,91453652
2016-08-19,1.9277763366699219,1.9338385204992605,1.9217141528405832,1.9277763366699219,60776699
2016-08-22,1.9399007558822632,1.9459629398727067,1.921714203910932,1.9277763879013756,151831428
2016-08-23,1.9459631443023682,1.9580875135569593,1.9338387750477768,1.9399009596750725,127377522
2016-08-24,1.9459631443023682,1.9520253289296636,1.9399009596750725,1.945963144302368,85073061
2016-08-25,1.9520251750946045,1.9520251750946043,1.9338386226459618,1.9399008067955095,90156645
2016-08-26,1.9399007558822632,1.9520251238631505,1.9399007558822632,1.9459629398727067,55690783
2016-08-29,1.9277763366699219,1.945962888157938,1.9217141528405832,1.9399007043285994,95611937
2016-08-30,1.9459631443023682,1.945963144302368,1.9217144057931854,1.927776590420481,106156065
2016-08-31,1.9459631443023682,1.945963144302368,1.9338387750477768,1.945963144302368,61647959
2016-09-01,1.9277763366699219,1.945962888157938,1.9277763366699219,1.9399007043285994,115587683
2016-09-02,1.9338384866714478,1.9399006703947432,1.9277763029481523,1.9277763029481523,122936770
2016-09-05,1.9338384866714478,1.9459628541180387,1.9277763029481523,1.9338384866714478,101759298
2016-09-06,1.9399007558822632,1.9520251238631505,1.9338385718918194,1.9399007558822632,112287622
2016-09-07,1.9399007558822632,1.9459629398727067,1.9338385718918194,1.9399007558822632,95702628
2016-09-08,1.9399007558822632,1.9459629398727067,1.9338385718918194,1.9399007558822632,81824367
2016-09-09,1.9338384866714478,1.9399006703947432,1.9277763029481523,1.9338384866714478,68568390
2016-09-12,1.903527855873108,1.9277765944327592,1.897465671233195,1.9277765944327592,160720621
2016-09-13,1.9095901250839233,1.9156523099923148,1.89746575526714,1.9095901250839233,85634337
2016-09-14,1.8853408098220825,1.909589688444888,1.8792786262998453,1.9035275049226505,93511753
2016-09-19,1.8914028406143188,1.8974651681808818,1.8853406575816003,1.8853406575816003,69143781
2016-09-20,1.8914028406143188,1.8974651681808818,1.8853406575816003,1.8914028406143188,71121001
2016-09-21,1.8974651098251343,1.9035272926714129,1.8914027824450157,1.8914027824450157,75293125
2016-09-22,1.903527855873108,1.9095900405130206,1.897465671233195,1.9035278558731077,62899824
2016-09-23,1.9095901250839233,1.9095901250839233,1.9035279401755316,1.9035279401755316,40569999
2016-09-26,1.8914028406143188,1.909589534246319,1.8853406575816003,1.9035273512136004,84775159
2016-09-27,1.9095901250839233,1.9095901250839233,1.8853412409164676,1.8914034258248593,86341547
2016-09-28,1.8974651098251343,1.9095894755176916,1.8974651098251343,1.9035272926714129,47569839
2016-09-29,1.903527855873108,1.9035278558731077,1.897465671233195,1.897465671233195,45060002
2016-09-30,1.8974651098251343,1.9035272926714129,1.8974651098251343,1.9035272926714129,33962241
2016-10-10,1.9095901250839233,1.9095901250839233,1.89746575526714,1.9035279401755316,114761876
2016-10-11,1.903527855873108,1.9095900405130206,1.9035278558731077,1.9095900405130206,65399176
2016-10-12,1.903527855873108,1.9095900405130206,1.9035278558731077,1.9035278558731077,59452884
2016-10-13,1.903527855873108,1.9095900405130206,1.897465671233195,1.9035278558731077,64381473
2016-10-14,1.903527855873108,1.9035278558731077,1.897465671233195,1.9035278558731077,39449642
2016-10-17,1.8974651098251343,1.9035272926714129,1.8914027824450157,1.9035272926714129,64333366
2016-10-18,1.903527855873108,1.9095900405130206,1.8914033420593994,1.897465671233195,96381049
2016-10-19,1.903527855873108,1.9095900405130206,1.9035278558731077,1.9035278558731077,51461301
2016-10-20,1.903527855873108,1.9095900405130206,1.9035278558731077,1.9095900405130206,35978872
2016-10-21,1.903527855873108,1.9095900405130206,1.897465671233195,1.9035278558731077,61694054
2016-10-24,1.9217140674591064,1.9338384345791,1.9035275167791161,1.9035275167791161,158085860
2016-10-25,1.9277763366699219,1.9338385204992605,1.9156519690112446,1.9217141528405832,122688277
2016-10-26,1.9156520366668701,1.9338385887971858,1.9156520366668703,1.9277764047537473,58386844
2016-10-27,1.9095901250839233,1.9217144949007066,1.9035279401755316,1.9156523099923148,60076542
2016-10-28,1.9217140674591064,1.9217140674591064,1.909589700339113,1.909589700339113,75342845
2016-10-31,1.9156520366668701,1.9217142207103088,1.9035276685799931,1.9156520366668703,58793007
2016-11-01,1.9217140674591064,1.9217140674591064,1.909589700339113,1.9156518838991097,58970735
2016-11-02,1.9156520366668701,1.9217142207103088,1.9095898526234318,1.9156520366668703,56221316
2016-11-03,1.9095901250839233,1.9156523099923148,1.9035279401755316,1.9095901250839233,61370320
2016-11-04,1.9095901250839233,1.9156523099923148,1.9035279401755316,1.9095901250839233,78585054
2016-11-07,1.9156520366668701,1.9156520366668703,1.9035276685799931,1.9095898526234318,84575746
2016-11-08,1.9277763366699219,1.9338385204992605,1.909589785181906,1.9156519690112446,162749332
2016-11-09,1.9095901250839233,1.9277766798090983,1.9035279401755316,1.9277766798090983,159785367
2016-11-10,1.9217140674591064,1.9217140674591064,1.909589700339113,1.9156518838991097,66484276
2016-11-11,1.9217140674591064,1.9217140674591064,1.909589700339113,1.9156518838991097,118755354
2016-11-14,1.9217140674591064,1.9277762510191032,1.909589700339113,1.9156518838991097,112898670
2016-11-15,1.9156520366668701,1.9277764047537473,1.9095898526234318,1.9217142207103088,121691539
2016-11-16,1.9156520366668701,1.9217142207103088,1.9156520366668703,1.9156520366668703,70128054
2016-11-17,1.9156520366668701,1.9217142207103088,1.9095898526234318,1.9156520366668703,61158518
2016-11-18,1.9217140674591064,1.9217140674591064,1.909589700339113,1.9156518838991097,61143604
2016-11-21,1.9277763366699219,1.9277763366699219,1.909589785181906,1.9156519690112446,165474105
2016-11-22,1.9338384866714478,1.9399006703947432,1.9217141192248568,1.9277763029481523,205152956
2016-11-23,1.9459631443023682,1.9520253289296636,1.927776590420481,1.9338387750477768,382595132
2016-11-24,1.9338384866714478,1.9459628541180387,1.9277763029481523,1.9399006703947432,130423726
2016-11-25,1.9520251750946045,1.9520251750946043,1.9338386226459618,1.9338386226459618,217657407
2016-11-28,1.9520251750946045,1.976273911692794,1.9399008067955095,1.9520251750946043,576308093
2016-11-29,1.9580875635147095,1.964149748296673,1.9399010091688191,1.9459631939507827,235999225
2016-11-30,1.9459631443023682,1.9580875135569593,1.9399009596750725,1.9580875135569593,192196689
2016-12-01,1.9520251750946045,1.9580873592441517,1.9399008067955095,1.9459629909450569,188386350
2016-12-02,1.9520251750946045,1.9580873592441517,1.9338386226459618,1.9520251750946043,328466512
2016-12-05,1.9641494750976562,1.9702116590364138,1.9399007393426266,1.9459629232813842,269141242
2016-12-06,1.9702117443084717,1.9702117443084715,1.958087375906206,1.9641495601073389,190380683
2016-12-07,1.9641494750976562,1.9702116590364138,1.958087291158899,1.9641494750976562,114615593
2016-12-08,1.9641494750976562,1.9702116590364138,1.9520251072201416,1.9641494750976562,159378394
2016-12-09,1.9762738943099976,1.994460446598676,1.9580873420213196,1.9580873420213196,406737161
2016-12-12,1.9762738943099976,2.006584814791128,1.9459629738288675,1.9762738943099978,529845531
2016-12-13,1.9459631443023682,1.9702118828115505,1.9338387750477768,1.964149698184255,317417258
2016-12-14,1.9459631443023682,1.9580875135569593,1.9399009596750725,1.945963144302368,262273108
2016-12-15,1.9217140674591064,1.9459628016990933,1.909589700339113,1.9399006181390965,279745546
2016-12-16,1.9095901250839233,1.9217144949007066,1.9035279401755316,1.9095901250839233,222400531
2016-12-19,1.903527855873108,1.9156522251529335,1.897465671233195,1.9095900405130206,131827552
2016-12-20,1.8914028406143188,1.909589534246319,1.8792784745488817,1.9035273512136004,186491997
2016-12-21,1.8974651098251343,1.9035272926714129,1.8914027824450157,1.8914027824450157,153741767
2016-12-22,1.8974651098251343,1.8974651098251343,1.8853405995987371,1.8974651098251343,77549700
2016-12-23,1.8914028406143188,1.8974651681808818,1.8853406575816003,1.8914028406143188,92872276
2016-12-26,1.8974651098251343,1.8974651098251343,1.8732162339061798,1.8853405995987371,150179606
2016-12-27,1.8853408098220825,1.8974653214004134,1.8853408098220825,1.89140299334432,69413045
2016-12-28,1.8792788982391357,1.8914032670380558,1.8732167138396758,1.885341082638596,129494611
2016-12-29,1.8732165098190308,1.8792786935582302,1.8732165098190305,1.8732165098190305,165922943
2016-12-30,1.8792788982391357,1.885341082638596,1.8732167138396758,1.8792788982391357,208957655
2017-01-03,1.8914028406143188,1.8974651681808818,1.8732162915161632,1.8792784745488817,196745138
2017-01-04,1.8914028406143188,1.9035273512136004,1.8853406575816003,1.8914028406143188,170690299
2017-01-05,1.8974651098251343,1.9035272926714129,1.8914027824450157,1.8974651098251343,109437941
2017-01-06,1.8974651098251343,1.8974651098251343,1.8914027824450157,1.8974651098251343,102296721
2017-01-09,1.8974651098251343,1.8974651098251343,1.8914027824450157,1.8974651098251343,119532777
2017-01-10,1.8974651098251343,1.8974651098251343,1.8914027824450157,1.8914027824450157,111609416
2017-01-11,1.8914028406143188,1.8974651681808818,1.8853406575816003,1.8914028406143188,133704108
2017-01-12,1.8914028406143188,1.8914028406143188,1.8853406575816003,1.8914028406143188,70075474
2017-01-13,1.8914028406143188,1.8974651681808818,1.8853406575816003,1.8853406575816003,191591852
2017-01-16,1.9156520366668701,1.9338385887971858,1.8853409719158092,1.8914031559592477,591583755
2017-01-17,1.903527855873108,1.9095900405130206,1.9035278558731077,1.9095900405130206,109513815
2017-01-18,1.9095901250839233,1.9156523099923148,1.9035279401755316,1.9095901250839233,129814355
2017-01-19,1.9156520366668701,1.9217142207103088,1.9095898526234318,1.9095898526234318,167112903
2017-01-20,1.9156520366668701,1.9217142207103088,1.9095898526234318,1.9095898526234318,104237950
2017-01-23,1.9217140674591064,1.9217140674591064,1.9156518838991097,1.9156518838991097,119371911
2017-01-24,1.9277763366699219,1.9338385204992605,1.9156519690112446,1.9156519690112446,144529885
2017-01-25,1.9338384866714478,1.9338384866714478,1.9277763029481523,1.9277763029481523,84775030
2017-01-26,1.9459631443023682,1.945963144302368,1.9338387750477768,1.9338387750477768,98947846
2017-02-03,1.9277763366699219,1.945962888157938,1.9277763366699219,1.945962888157938,88652597
2017-02-06,1.9277763366699219,1.9338385204992605,1.9217141528405832,1.9338385204992605,106306087
2017-02-07,1.9217140674591064,1.9338384345791,1.9217140674591064,1.9277762510191032,91980936
2017-02-08,1.9277763366699219,1.9277763366699219,1.9156519690112446,1.9217141528405832,116506103
2017-02-09,1.9277763366699219,1.9338385204992605,1.9217141528405832,1.9217141528405832,113199983
2017-02-10,1.9399007558822632,1.9399007558822632,1.9277763879013756,1.9338385718918194,149270768
2017-02-13,1.9520251750946045,1.9580873592441517,1.9338386226459618,1.9399008067955095,176128841
2017-02-14,1.9520251750946045,1.9580873592441517,1.9459629909450569,1.9520251750946043,86673124
2017-02-15,1.9944604635238647,2.0005226476715348,1.9459629903425018,1.9520251744901722,497143912
2017-02-16,1.9944604635238647,2.0005226476715348,1.9823360952285238,1.9944604635238645,243804235
2017-02-17,1.9762738943099976,1.994460446598676,1.9702117102137717,1.994460446598676,214869941
2017-02-20,1.9762738943099976,2.006584814791128,1.9641495261175457,1.9702117102137717,912210255
2017-02-21,1.9823360443115234,1.9944604122954457,1.9762738603195626,1.9823360443115237,350056784
2017-02-22,1.9823360443115234,1.9823360443115237,1.9702116763276016,1.9762738603195626,221398308
2017-02-23,1.9883980751037598,1.9944602586286486,1.9762737080539814,1.9823358915788705,202438748
2017-02-24,1.9823360443115234,1.9883982283034847,1.9762738603195626,1.9823360443115237,125103305
2017-02-27,1.9702117443084717,1.9823361127107368,1.9641495601073389,1.9762739285096043,158222143
2017-02-28,1.9702117443084717,1.9762739285096043,1.9641495601073389,1.9641495601073389,144799906
2017-03-01,1.9762738943099976,1.9823360784062238,1.9702117102137717,1.9702117102137717,174962270
2017-03-02,1.9762738943099976,1.9823360784062238,1.9702117102137717,1.9762738943099978,113370365
2017-03-03,1.9641494750976562,1.9702116590364138,1.958087291158899,1.9641494750976562,116940438
2017-03-06,1.9641494750976562,1.9702116590364138,1.958087291158899,1.9641494750976562,135016647
2017-03-07,1.9641494750976562,1.9702116590364138,1.958087291158899,1.9641494750976562,113073542
2017-03-08,1.9702117443084717,1.9702117443084715,1.958087375906206,1.958087375906206,116928433
2017-03-09,1.9580875635147095,1.9702119330786363,1.9580875635147095,1.964149748296673,171183467
2017-03-10,1.9641494750976562,1.9641494750976562,1.9520251072201416,1.958087291158899,130213879
2017-03-13,1.9762738943099976,1.9762738943099978,1.9520251579250936,1.9580873420213196,150292826
2017-03-14,1.9762738943099976,1.9823360784062238,1.9702117102137717,1.9702117102137717,121986936
2017-03-15,1.9762738943099976,1.9762738943099978,1.9641495261175457,1.9762738943099978,118779168
2017-03-16,1.9883980751037598,1.9944602586286486,1.9702115245290923,1.9762737080539814,257193708
2017-03-17,1.9762738943099976,1.9883982625024499,1.9641495261175457,1.9823360784062238,178306031
2017-03-20,1.9762738943099976,1.9762738943099978,1.9641495261175457,1.9762738943099978,150539076
2017-03-21,1.9702117443084717,1.9762739285096043,1.9702117443084715,1.9762739285096043,153049006
2017-03-22,1.9641494750976562,1.9702116590364138,1.9520251072201416,1.9641494750976562,180504099
2017-03-23,1.9641494750976562,1.9702116590364138,1.958087291158899,1.958087291158899,167456328
2017-03-24,1.9702117443084717,1.9702117443084715,1.958087375906206,1.9641495601073389,149426652
2017-03-27,1.9883980751037598,1.9944602586286486,1.964149341004203,1.964149341004203,300351233
2017-03-28,1.9883980751037598,1.9944602586286486,1.9823358915788705,1.9883980751037595,113115553
2017-03-29,1.9944604635238647,2.0005226476715348,1.9823360952285238,1.9883982793761943,284878423
2017-03-30,1.9944604635238647,2.0005226476715348,1.9762739110808536,1.9944604635238645,269849549
2017-03-31,2.024771213531494,2.036895580804496,1.9823359280759874,1.9883981117124883,418130518
2017-04-05,2.0308337211608887,2.0368959057645317,2.0126471673499595,2.0187093519536026,252120653
2017-04-06,2.024771213531494,2.0308333971679953,2.0126468462584923,2.0308333971679953,187654165
2017-04-07,2.036895751953125,2.0429579360989965,2.012647015369639,2.024771383661382,267581871
2017-04-10,2.024771213531494,2.036895580804496,2.024771213531494,2.036895580804496,177405735
2017-04-11,2.024771213531494,2.024771213531494,2.006584662621991,2.018709029894993,145569874
2017-04-12,2.0126469135284424,2.0187090973675637,2.0005225458502003,2.0187090973675637,221404407
2017-04-13,2.0126469135284424,2.0187090973675637,2.006584729689321,2.0126469135284424,157260791
2017-04-14,2.006584882736206,2.012647067037704,1.988398329831712,2.012647067037704,188707104
2017-04-17,2.0005228519439697,2.006585036710647,1.9823362976439385,1.9944606671772926,226674407
2017-04-18,1.9823360443115234,2.0005225962874067,1.9823360443115237,1.9944604122954457,128958406
2017-04-19,1.9702117443084717,1.9823361127107368,1.958087375906206,1.9762739285096043,274228718
2017-04-20,1.9762738943099976,1.9823360784062238,1.9641495261175457,1.9702117102137717,144801914
2017-04-21,1.9944604635238647,2.0005226476715348,1.9702117269331831,1.9762739110808536,327792364
2017-04-24,2.0126469135284424,2.0126469135284424,1.988398178171958,1.988398178171958,257519002
2017-04-25,2.018709182739258,2.018709182739258,2.000522630452781,2.006584814548273,150161559
2017-04-26,2.0308337211608887,2.0368959057645317,2.0065849827463165,2.0126471673499595,279794567
2017-04-27,2.049020290374756,2.055082474596355,2.024771408954486,2.024771408954486,305639947
2017-04-28,2.049020290374756,2.049020290374756,2.0308335931760855,2.042957961619284,163982182
2017-05-02,2.018709182739258,2.042957919121227,2.018709182739258,2.042957919121227,146888877
2017-05-03,2.006584882736206,2.0187092513392018,2.000522698434708,2.0187092513392018,102842676
2017-05-04,2.0126469135284424,2.0126469135284424,2.0005225458502003,2.006584729689321,85642843
2017-05-05,2.018709182739258,2.018709182739258,1.9944604463572881,2.006584814548273,168709183
2017-05-08,2.0429577827453613,2.0429577827453613,2.0065846806004624,2.0126468642912787,267158553
2017-05-09,2.036895751953125,2.0429579360989965,2.0308335678072535,2.036895751953125,111072299
2017-05-10,2.049020290374756,2.055082474596355,2.0308335931760855,2.0308335931760855,174072806
2017-05-11,2.067207098007202,2.0793314679458104,2.0429582135960946,2.0429582135960946,213515245
2017-05-12,2.097517728805542,2.103579912924997,2.0550824399693584,2.061144624088813,286483804
2017-05-15,2.0853934288024902,2.1157043503915633,2.0793312444846754,2.0975177974381194,150600502
2017-05-16,2.067207098007202,2.0853936529151147,2.0550827280685935,2.0853936529151147,199943004
2017-05-17,2.067207098007202,2.067207098007202,2.0550827280685935,2.061144913037898,187748373
2017-05-18,2.0732691287994385,2.079331313317933,2.055082575243955,2.055082575243955,136762409
2017-05-19,2.079331159591675,2.0853933436619885,2.067206791451048,2.0732689755213616,101788160
2017-05-22,2.0914552211761475,2.0975174043578932,2.07326867163091,2.079330854812656,128055556
2017-05-23,2.1217663288116455,2.1278285125411815,2.0914554101639657,2.0914554101639657,239176843
2017-05-24,2.1217663288116455,2.1278285125411815,2.1035797776230374,2.1157041450821095,161139599
2017-05-25,2.1096420288085938,2.1763260519657184,2.097517660961844,2.115704212731969,548672678
2017-05-26,2.1278281211853027,2.1338903037998658,2.1096415733416136,2.1157037559561767,222596426
2017-05-31,2.146014928817749,2.1642014788630357,2.1217661954240334,2.1217661954240334,249434623
2017-06-01,2.1702637672424316,2.1702637672424316,2.1460150326751872,2.1520772163169983,193849111
2017-06-02,2.164201498031616,2.1884502316401053,2.1520771312273714,2.170263681433738,163338277
2017-06-05,2.097517728805542,2.164201754119545,2.0793311764471776,2.15813957000009,369873795
2017-06-06,2.1035799980163574,2.109642182381032,2.085393444922334,2.091455629287008,147043046
2017-06-07,2.1278281211853027,2.1338903037998658,2.0975172081124875,2.1035793907270506,224811959
2017-06-08,2.1278281211853027,2.1338903037998658,2.1035793907270506,2.1217659385707397,150493947
2017-06-09,2.1217663288116455,2.1460150637297892,2.1157041450821095,2.1278285125411815,266314346
2017-06-12,2.1096420288085938,2.127828580578719,2.103579844885219,2.1217663966553437,190704416
2017-06-13,2.115704298019409,2.1217664821871605,2.0975177455161553,2.109642113851658,135701581
2017-06-14,2.1096420288085938,2.1217663966553437,2.097517660961844,2.115704212731969,115998982
2017-06-15,2.0853934288024902,2.109642166073749,2.0793312444846754,2.103579981755934,171284917
2017-06-16,2.0914552211761475,2.0975174043578932,2.079330854812656,2.0853930379944017,114531244
2017-06-19,2.0914552211761475,2.0914552211761475,2.0914552211761475,2.0914552211761475,0
2017-06-20,2.1035799980163574,2.1035799980163574,2.0793312605576593,2.085393444922334,152705858
2017-06-21,2.1035799980163574,2.1157043667457067,2.0975178136516828,2.1035799980163574,116429111
2017-06-22,2.1217663288116455,2.139952880000253,2.1035797776230374,2.1035797776230374,355651605
2017-06-23,2.1278281211853027,2.1338903037998658,2.1035793907270506,2.1157037559561767,237970010
2017-06-26,2.1217663288116455,2.1581394311888613,2.1157041450821095,2.1278285125411815,335907076
2017-06-27,2.115704298019409,2.1278286663549117,2.0975177455161553,2.1217664821871605,274646178
2017-06-28,2.1035799980163574,2.127828735475056,2.1035799980163574,2.109642182381032,191537305
2017-06-29,2.1217663288116455,2.1278285125411815,2.1035797776230374,2.1096419613525734,121992099
2017-06-30,2.1338911056518555,2.1338911056518555,2.115704550974207,2.115704550974207,145882974
2017-07-03,2.1338911056518555,2.139953290544405,2.121766735866757,2.127828920759306,153121656
2017-07-04,2.1338911056518555,2.139953290544405,2.121766735866757,2.1338911056518555,209252144
2017-07-05,2.1338911056518555,2.139953290544405,2.121766735866757,2.1338911056518555,162387326
2017-07-06,2.1399528980255127,2.146015081806112,2.1278285304643147,2.133890714244914,175888322
2017-07-07,2.146014928817749,2.146014928817749,2.1338905621208912,2.1338905621208912,119731530
2017-07-10,2.1399528980255127,2.146015081806112,2.133890714244914,2.146015081806112,134611066
2017-07-11,2.1702637672424316,2.1702637672424316,2.1338906653915646,2.1399528490333757,278889688
2017-07-12,2.176326036453247,2.1945125880937413,2.158139484812753,2.1642016686929177,359688933
2017-07-13,2.208143711090088,2.220870751937546,2.182689629395172,2.189053149818901,312294837
2017-07-14,2.2208707332611084,2.2335977740015385,2.201780172150464,2.2081436925206788,209720100
2017-07-17,2.29086971282959,2.309960427787677,2.2208709809504072,2.227234502030333,529429225
2017-07-18,2.2717785835266113,2.297232661503875,2.2463245055493473,2.284505622515243,319321791
2017-07-19,2.265415906906128,2.290869994353875,2.265415906906128,2.265415906906128,300478191
2017-07-20,2.28450608253479,2.28450608253479,2.259051999431965,2.278142561759084,184857777
2017-07-21,2.29086971282959,2.3035967549894414,2.271779149589813,2.2781426706697387,194029631
2017-07-24,2.2972331047058105,2.3290508600342172,2.284506063261768,2.2908695839837896,235767756
2017-07-25,2.3481414318084717,2.3672319940526503,2.3035966348537533,2.3035966348537533,344109012
2017-07-26,2.3799588680267334,2.4181399898275733,2.3417777462258935,2.3481412665260333,309487569
2017-07-27,2.367232084274292,2.3863226472460637,2.34177800031193,2.379959126255473,197838004
2017-07-28,2.367232084274292,2.379959126255473,2.3354144793213396,2.3545050422931113,146075224
2017-07-31,2.360868453979492,2.386322536763373,2.354504933283522,2.3672319746754624,159243782
2017-08-01,2.3799588680267334,2.3799588680267334,2.3545047868261735,2.3608683071263132,161328897
2017-08-02,2.411776542663574,2.4245035836497966,2.373595419704907,2.3799589401980183,269735129
2017-08-03,2.392686367034912,2.4435945391893825,2.3799593239962946,2.4117769315928386,216760280
2017-08-04,2.392686367034912,2.4054134100735296,2.3799593239962946,2.392686367034912,141457412
2017-08-07,2.3735952377319336,2.392685797747679,2.34814115771094,2.3863222777424307,207749825
2017-08-08,2.367232084274292,2.379959126255473,2.34177800031193,2.3735956052648826,207954629
2017-08-09,2.3226871490478516,2.367231790453097,2.316323628847102,2.3608682702523476,210667795
2017-08-10,2.31632399559021,2.329051038006779,2.2908697590387592,2.31632399559021,193745317
2017-08-11,2.3226871490478516,2.329050669248601,2.2717788357235675,2.3035964367273145,320361924
2017-08-14,2.2972331047058105,2.309960297868154,2.2908695839837896,2.3035966254278315,191594673
2017-08-15,2.3226871490478516,2.367231790453097,2.2908693963258155,2.2908693963258155,358819445
2017-08-16,2.309960126876831,2.335414207880715,2.3035964549075696,2.322687167378773,184352501
2017-08-17,2.3226871490478516,2.3226871490478516,2.3035964367273145,2.309960108646353,106143039
2017-08-18,2.31632399559021,2.329051038006779,2.303596801455328,2.3099604743819255,107758358
2017-08-21,2.3226871490478516,2.329050669248601,2.297232916526565,2.316323628847102,139332104
2017-08-22,2.3481414318084717,2.3545049525565314,2.3163238280681746,2.3290508695642935,124643220
2017-08-23,2.386322498321533,2.3990495395084506,2.3417778541673213,2.34814137476078,172980994
2017-08-24,2.411776542663574,2.4245035836497966,2.3799589401980183,2.3863224606911295,203189931
2017-08-25,2.4881391525268555,2.50086619459864,2.405413227341946,2.405413227341946,391557205
2017-08-28,2.4563207626342773,2.5199561083126567,2.4372302044462444,2.488138511332602,336839110
2017-08-29,2.4817750453948975,2.4881385649279806,2.4372302569450404,2.4563208155442906,159194312
2017-08-30,2.449957847595215,2.5008661670396646,2.4308672846979116,2.4817756041423613,205764709
2017-08-31,2.399049758911133,2.4626849706654155,2.3799591953848482,2.4435944071391305,493372589
2017-09-01,2.3545045852661133,2.4245033025753333,2.3417775457553462,2.399049223553799,471051991
2017-09-04,2.386322498321533,2.3990495395084506,2.3417778541673213,2.34814137476078,241436188
2017-09-05,2.449957847595215,2.4563213685609826,2.386322637937537,2.3926861589033046,299517950
2017-09-06,2.449957847595215,2.469048562210826,2.424503763732144,2.4372308056636793,157280387
2017-09-07,2.4372308254241943,2.4499578674589175,2.4181402623721087,2.443594346441556,121672875
2017-09-08,2.418140411376953,2.4435944970148706,2.4117768899674736,2.4308674541959117,131726131
2017-09-11,2.4308671951293945,2.462684798785872,2.411776632935508,2.4308671951293945,255797303
2017-09-12,2.443594217300415,2.4499577379814723,2.418140134576187,2.437230696619358,159537877
2017-09-13,2.4308671951293945,2.449957757323281,2.4308671951293945,2.4435942365919856,162726096
2017-09-14,2.411776542663574,2.4499576656222413,2.3863224606911295,2.437230624636019,191787932
2017-09-15,2.392686367034912,2.4117769315928386,2.3672322809576767,2.3990498885542206,197382934
2017-09-18,2.3545045852661133,2.4054127433091823,2.3417775457553462,2.3926857037984153,211488512
2017-09-19,2.367232084274292,2.379959126255473,2.329050958330749,2.367232084274292,326338970
2017-09-20,2.360868453979492,2.3926860574593434,2.354504933283522,2.360868453979492,189805650
2017-09-21,2.399049758911133,2.4054132800865613,2.354505110683135,2.3672321530339917,181981501
2017-09-22,2.411776542663574,2.4245035836497966,2.3926859811842407,2.3926859811842407,173774977
2017-09-25,2.449957847595215,2.4626848895267504,2.3926861589033046,2.40541320083484,248580730
2017-09-26,2.449957847595215,2.469048562210826,2.4372308056636793,2.4372308056636793,152669676
2017-09-27,2.4308671951293945,2.4563212780545767,2.4181401536668035,2.4435942365919856,123295039
2017-09-28,2.443594217300415,2.4499577379814723,2.41177661389513,2.430867175938301,137598084
2017-09-29,2.4308671951293945,2.449957757323281,2.424503674398099,2.43723071586069,118830975
2017-10-09,2.411776542663574,2.500865981285427,2.3799589401980183,2.4881389402992045,570390271
2017-10-10,2.4054126739501953,2.4245032326658786,2.3799585956626177,2.4054126739501953,313181771
2017-10-11,2.443594217300415,2.456321258662529,2.399049572533016,2.4054130932140727,260060775
2017-10-12,2.418140411376953,2.4563215398338296,2.405413368557994,2.437230975605391,287907508
2017-10-13,2.392686367034912,2.424503974631456,2.392686367034912,2.418140453112147,241286705
2017-10-16,2.418140411376953,2.424503932786432,2.392686325739035,2.3990498471485147,205655022
2017-10-17,2.392686367034912,2.424503974631456,2.392686367034912,2.418140453112147,201405339
2017-10-18,2.4308671951293945,2.43723071586069,2.3926860707416218,2.405413112204213,283180977
2017-10-19,2.449957847595215,2.449957847595215,2.418140242766376,2.424503763732144,213462065
2017-10-20,2.4372308254241943,2.4499578674589175,2.4245037833894707,2.4372308254241943,167208611
2017-10-23,2.4054126739501953,2.4372302718096672,2.4054126739501953,2.430866752237773,183068633
2017-10-24,2.418140411376953,2.424503932786432,2.405413368557994,2.4117768899674736,151674473
2017-10-25,2.399049758911133,2.424503843612846,2.3863227165602763,2.418140322437418,167610932
2017-10-26,2.3545045852661133,2.3926857037984153,2.3417775457553462,2.3926857037984153,464512645
2017-10-27,2.367232084274292,2.3863226472460637,2.34177800031193,2.3481415213025207,433694548
2017-10-30,2.3799588680267334,2.3990494289271536,2.3608683071263132,2.3672318274264534,352471989
2017-10-31,2.3799588680267334,2.4054129492272933,2.3735953477265936,2.3863223883268736,255221592
2017-11-01,2.3735952377319336,2.3863222777424307,2.34814115771094,2.379958757737182,266254957
2017-11-02,2.367232084274292,2.3735956052648826,2.34177800031193,2.367232084274292,253702751
2017-11-03,2.367232084274292,2.3735956052648826,2.34177800031193,2.367232084274292,281564641
2017-11-06,2.341778039932251,2.360868603227014,2.329050997735742,2.3545050821287594,211838164
2017-11-07,2.360868453979492,2.3672319746754624,2.3290508504996406,2.341777891891581,309800326
2017-11-08,2.360868453979492,2.3672319746754624,2.341777891891581,2.354504933283522,288301543
2017-11-09,2.341778039932251,2.3545050821287594,2.3354145188339968,2.3545050821287594,179893578
2017-11-10,2.309960126876831,2.341777728131686,2.2972329346565985,2.335414207880715,280435397
2017-11-13,2.31632399559021,2.3354145592150632,2.284506237830475,2.3099604743819255,621472564
2017-11-14,2.2972331047058105,2.309960297868154,2.2908695839837896,2.309960297868154,179561824
2017-11-15,2.2972331047058105,2.3035966254278315,2.2781425425397472,2.2972331047058105,262014266
2017-11-16,2.2717785835266113,2.297232661503875,2.2654150640322954,2.297232661503875,216688269
2017-11-17,2.3290505409240723,2.3354140607742084,2.265415190704429,2.2717787105545653,586414026
2017-11-20,2.335414409637451,2.3481414512388836,2.303596653915566,2.316323847235302,332776931
2017-11-21,2.3290505409240723,2.3672316600248897,2.3163235012237995,2.3354140607742084,528448604
2017-11-22,2.418140411376953,2.424503932786432,2.33541463305372,2.3417781544631997,592729933
2017-11-23,2.411776542663574,2.469048378819871,2.3863224606911295,2.4245035836497966,579685967
2017-11-24,2.418140411376953,2.437230975605391,2.392686325739035,2.3990498471485147,266517546
2017-11-27,2.418140411376953,2.424503932786432,2.360868718691638,2.4117768899674736,442469838
2017-11-28,2.386322498321533,2.4054130601019095,2.3735954571346154,2.3990495395084506,194356450
2017-11-29,2.386322498321533,2.4054130601019095,2.3735954571346154,2.386322498321533,170367257
2017-11-30,2.3799588680267334,2.3990494289271536,2.3799588680267334,2.3863223883268736,200157471
2017-12-01,2.3799588680267334,2.3926859086270134,2.3545047868261735,2.3863223883268736,274105035
2017-12-04,2.3799588680267334,2.3863223883268736,2.3608683071263132,2.3735953477265936,139679886
2017-12-05,2.424503803253174,2.443594366461666,2.3735956346971943,2.3799591557666915,470299636
2017-12-06,2.418140411376953,2.4308674541959117,2.392686325739035,2.418140411376953,268523210
2017-12-07,2.4054126739501953,2.41177619352209,2.3735950760907234,2.41177619352209,194956872
2017-12-08,2.3799588680267334,2.3990494289271536,2.3672318274264534,2.3926859086270134,219147720
2017-12-11,2.3735952377319336,2.379958757737182,2.360868197721437,2.3735952377319336,185331150
2017-12-12,2.3545045852661133,2.379958664287648,2.3545045852661133,2.3735951445322643,147030831
2017-12-13,2.360868453979492,2.3672319746754624,2.341777891891581,2.354504933283522,151063294
2017-12-14,2.360868453979492,2.386322536763373,2.3481414125875513,2.3672319746754624,173303719
2017-12-15,2.335414409637451,2.3608684928403165,2.3290508888367345,2.3608684928403165,201482986
2017-12-18,2.335414409637451,2.3481414512388836,2.3290508888367345,2.3417779304381674,163353929
2017-12-19,2.360868453979492,2.360868453979492,2.3290508504996406,2.335414371195611,207420630
2017-12-20,2.360868453979492,2.3672319746754624,2.341777891891581,2.354504933283522,201968025
2017-12-21,2.3545045852661133,2.3672316247768808,2.3481410655107298,2.3545045852661133,181089656
2017-12-22,2.335414409637451,2.3608684928403165,2.3290508888367345,2.3545049720396,154276662
2017-12-25,2.341778039932251,2.360868603227014,2.3354145188339968,2.341778039932251,203594676
2017-12-26,2.392686367034912,2.392686367034912,2.3417781948804417,2.3417781948804417,284825589
2017-12-27,2.386322498321533,2.4181401012888273,2.3672319365411565,2.392686018914992,308549244
2017-12-28,2.4054126739501953,2.4181397130939843,2.3735950760907234,2.3799585956626177,303524040
2017-12-29,2.4372308254241943,2.4563213884762796,2.411776741354747,2.411776741354747,316021711
2018-01-02,2.449957847595215,2.5072296880054323,2.3990496798690724,2.443594326629447,798519102
2018-01-03,2.469048500061035,2.481775541672211,2.437230744314791,2.437230744314791,307349820
2018-01-04,2.4626846313476562,2.488138864260504,2.4499575907503783,2.4690483033645867,315142711
2018-01-05,2.4626846313476562,2.481775343961865,2.4499575907503783,2.4626846313476562,245416444
2018-01-08,2.4563207626342773,2.4754114725405802,2.4435937238422554,2.4690479531445693,232632304
2018-01-09,2.4372308254241943,2.469048582229312,2.4308673044068323,2.4499578674589175,252669509
2018-01-10,2.4881391525268555,2.494502673562748,2.4245037904496227,2.4308673114855153,419277096
2018-01-11,2.5390470027923584,2.545410523031205,2.4817753206427406,2.488138840881587,400649025
2018-01-12,2.551774501800537,2.570864913094119,2.539047308074302,2.5454108290782655,345296151
2018-01-15,2.6217732429504395,2.6535910016524626,2.5517746593046042,2.558138028983028,551516422
2018-01-16,2.6408636569976807,2.659954067287476,2.577228450304028,2.6154095743202195,842961967
2018-01-17,2.685408115386963,2.74904362469783,2.6344999506875473,2.6408636229932725,854712838
2018-01-18,2.780860662460327,2.793587701742934,2.710862098124264,2.717225466047292,807656817
2018-01-19,2.844496011734009,2.850859683435566,2.7681337719347288,2.8126785635359264,605978854
2018-01-22,2.7744972705841064,2.882677255270587,2.761770231411376,2.825405427275027,801325467
2018-01-23,2.8508596420288086,2.876313721592199,2.755406691947812,2.780860771511203,1634806191
2018-01-24,2.8826777935028076,2.9781304534022217,2.850860037911932,2.8890411625590193,1209899069
2018-01-25,2.8890411853790283,2.9144952686781433,2.812678935481683,2.876314143729471,743198079
2018-01-26,2.8508596420288086,2.9526759602823707,2.812678522683723,2.876313721592199,1872299833
2018-01-29,2.869950771331787,2.933585979506599,2.8381330155260773,2.869950771331787,927279362
2018-01-30,2.812678813934326,2.876314019432176,2.8063151416662437,2.8699506506006887,541575208
2018-01-31,2.8381330966949463,2.8444964659761123,2.787224928699154,2.806315339979268,501671611
2018-02-01,2.869950771331787,2.8890411820659265,2.8190423013553296,2.831769342990292,723162950
2018-02-02,2.869950771331787,2.869950771331787,2.8063152597203675,2.8508600571610394,489790553
2018-02-05,3.0226752758026123,3.0290389483486106,2.825405978425782,2.838133020081171,988659824
2018-02-06,2.9972214698791504,3.016311882410712,2.920859212879632,2.9590403413793913,1094262169
2018-02-07,2.8381330966949463,3.067220156112626,2.806315339979268,2.990857600682322,1121848552
2018-02-08,2.7426798343658447,2.838132790787903,2.653590549975663,2.819042078128858,949595158
2018-02-09,2.6472270488739014,2.691771845663519,2.5454107172823215,2.6535907213166765,1043073097
2018-02-12,2.602682590484619,2.6472270844360324,2.5772285072447807,2.6345000428161134,568372852
2018-02-13,2.6408636569976807,2.7044988636913327,2.6154095743202195,2.62813661565895,643302114
2018-02-14,2.6472270488739014,2.6663177627656243,2.609045924527059,2.640863679867729,263621773
2018-02-22,2.7426798343658447,2.749043506397721,2.7044987124843383,2.7172257531115074,538001201
2018-02-23,2.761770725250244,2.768134094256184,2.717225928462252,2.742680011359218,336781464
2018-02-26,2.7490437030792236,2.812678910767876,2.710862578466032,2.7808611552052467,678188769
2018-02-27,2.6726810932159424,2.749043644244631,2.653590683036219,2.7426799718936574,637944839
2018-02-28,2.62813663482666,2.653590717689765,2.6090459209610306,2.634500003824135,398306847
2018-03-01,2.62813663482666,2.653590717689765,2.5963188795294783,2.6090459209610306,341324990
2018-03-02,2.6154096126556396,2.6345000232252533,2.589955529605085,2.6026825711303623,282575780
2018-03-05,2.5899553298950195,2.628136451526726,2.5708646173608756,2.609045738992582,382280471
2018-03-06,2.570864677429199,2.6090457999530083,2.5454105957466595,2.6090457999530083,1074824873
2018-03-07,2.577228307723999,2.615409429627896,2.570864635688391,2.5835916763230236,606135909
2018-03-08,2.5581374168395996,2.5835914963355906,2.545410377091604,2.570864456587595,514695212
2018-03-09,2.5581374168395996,2.577228128179874,2.539046857217606,2.5645010884318786,380517393
2018-03-12,2.5645017623901367,2.5835921753108626,2.5517747192974385,2.570865132218165,641826057
2018-03-13,2.62813663482666,2.653590717689765,2.5899555105320036,2.5963188795294783,1035192962
2018-03-14,2.602682590484619,2.621773001196194,2.5899555488647,2.621773001196194,398079971
2018-03-15,2.62813663482666,2.634500003824135,2.5899555105320036,2.5899555105320036,385821742
2018-03-16,2.5899553298950195,2.628136451526726,2.5835916579047775,2.621772779536484,355618753
2018-03-19,2.5963189601898193,2.5963189601898193,2.564501507340761,2.5835919183628735,283758637
2018-03-20,2.6090457439422607,2.6154094159445753,2.577228294240435,2.577228294240435,309835597
2018-03-21,2.6090457439422607,2.6344998250783545,2.6026823753765287,2.6090457439422607,429239931
2018-03-22,2.5835916996002197,2.6154094531917584,2.5581376181016235,2.6154094531917584,418370567
2018-03-23,2.5135929584503174,2.5326835194449324,2.488138877124164,2.526319999113394,743976979
2018-03-26,2.4308671951293945,2.5135931163545373,2.411776632935508,2.5008660748919467,633863321
2018-03-27,2.443594217300415,2.475411972424001,2.418140134576187,2.4626847793435864,498773221
2018-03-28,2.4563207626342773,2.488138511332602,2.4245031656542224,2.4245031656542224,486014334
2018-03-29,2.5199568271636963,2.539047390797565,2.4308673784873283,2.4499579421211974,500473017
2018-03-30,2.4881391525268555,2.532683799778102,2.481775631490963,2.513593236670425,296604016
2018-04-02,2.443594217300415,2.5008660551482293,2.437230696619358,2.481775493105058,386442724
2018-04-03,2.4372308254241943,2.4563213884762796,2.4245037833894707,2.4245037833894707,341661925
2018-04-04,2.424503803253174,2.456321408600661,2.424503803253174,2.4372308453921687,289406163
2018-04-09,2.4372308254241943,2.443594346441556,2.4181402623721087,2.4308673044068323,221068224
2018-04-10,2.5072290897369385,2.51359260918426,2.4245031852034904,2.437230224098133,462527542
2018-04-11,2.5390470027923584,2.5581375635088976,2.488138840881587,2.4945023611204338,506444601
2018-04-12,2.4817750453948975,2.5390467211926477,2.475411525861814,2.5326832016595646,303296288
2018-04-13,2.4626846313476562,2.507229425156421,2.4563211110490175,2.5008659048577817,258994406
2018-04-16,2.386322498321533,2.4499577042561214,2.3799589777280743,2.4499577042561214,602186025
2018-04-17,2.3735952377319336,2.3990493177529273,2.3672317177266855,2.3863222777424307,326388736
2018-04-18,2.399049758911133,2.4117768012619893,2.3735956742094197,2.399049758911133,367428339
2018-04-19,2.4054126739501953,2.4245032326658786,2.3863221152345124,2.3926856348064067,310849222
2018-04-20,2.3799588680267334,2.3990494289271536,2.3608683071263132,2.3926859086270134,309258138
2018-04-23,2.392686367034912,2.3990498885542206,2.360868759438368,2.3735958024769857,232439519
2018-04-24,2.443594217300415,2.4626847793435864,2.3926860518519586,2.399049572533016,455273272
2018-04-25,2.424503803253174,2.4372308453921687,2.411776761114179,2.430867324322671,176251591
2018-04-26,2.411776542663574,2.4308671041429077,2.3863224606911295,2.4245035836497966,209466790
2018-04-27,2.424503803253174,2.424503803253174,2.399049718975184,2.411776761114179,175445075
2018-05-02,2.4563207626342773,2.4754114725405802,2.4372302044462444,2.4499572432382664,291520797
2018-05-03,2.443594217300415,2.469048451742944,2.437230696619358,2.4499577379814723,199810002
2018-05-04,2.4372308254241943,2.4499578674589175,2.4245037833894707,2.4372308254241943,162354037
2018-05-07,2.4563207626342773,2.4626842820302883,2.4308666850502334,2.4435937238422554,236547559
2018-05-08,2.4817750453948975,2.5008656039941477,2.4435937764781235,2.449957296011207,294574631
2018-05-09,2.4817750453948975,2.4881385649279806,2.4626843350773737,2.4817750453948975,168319473
2018-05-10,2.475411891937256,2.4945024533597073,2.456321178796509,2.488138932885557,158532093
2018-05-11,2.4881391525268555,2.50086619459864,2.4690485894191783,2.481775631490963,225616023
2018-05-14,2.5072290897369385,2.5199561286315815,2.494502050842296,2.494502050842296,246056766
2018-05-15,2.494502544403076,2.5199566272286913,2.475411982283865,2.513593106522287,257400675
2018-05-16,2.449957847595215,2.4817756041423613,2.4372308056636793,2.4817756041423613,272397046
2018-05-17,2.449957847595215,2.4563213685609826,2.4372308056636793,2.4563213685609826,159198059
2018-05-18,2.4817750453948975,2.4817750453948975,2.4372302569450404,2.4435937764781235,242118150
2018-05-21,2.494502544403076,2.50086606510948,2.481775502990269,2.4881390236966725,272470182
2018-05-22,2.475411891937256,2.488138932885557,2.456321178796509,2.488138932885557,250203739
2018-05-23,2.4372308254241943,2.469048582229312,2.4308673044068323,2.462684909493641,269919631
2018-05-24,2.411776542663574,2.44359414512913,2.405413022170463,2.44359414512913,284082938
2018-05-25,2.423996925354004,2.4373522671569265,2.410641424342848,2.4306745962554652,214018724
2018-05-28,2.4106414318084717,2.4239969328609887,2.40396376088633,2.4239969328609887,165698683
2018-05-29,2.4173190593719482,2.423996889382545,2.3705753637553815,2.4039637177672146,279521501
2018-05-30,2.3772528171539307,2.4039634979206603,2.3705751469622482,2.397285827728978,188621715
2018-05-31,2.3972859382629395,2.4039636087625156,2.3772529267642115,2.3972859382629395,230815831
2018-06-01,2.403963804244995,2.4239969765809786,2.3839307911172476,2.3839307911172476,200551413
2018-06-04,2.4440298080444336,2.4573851491368983,2.4039636255588146,2.410641296105047,261490283
2018-06-05,2.4507079124450684,2.457385584173464,2.430674897259881,2.4507079124450684,189377865
2018-06-06,2.4306743144989014,2.4507073248811184,2.4173188150358755,2.4507073248811184,183499373
2018-06-07,2.4440298080444336,2.4573851491368983,2.4239967964057363,2.437352137498201,170552477
2018-06-08,2.3972859382629395,2.4373521204686193,2.3906082677633633,2.430674449969043,206044530
2018-06-11,2.403963804244995,2.403963804244995,2.3705754490320827,2.3906084621598302,199983283
2018-06-12,2.403963804244995,2.4106414752875778,2.3906084621598302,2.3972861332024125,123617543
2018-06-13,2.3972859382629395,2.4039636087625156,2.3772529267642115,2.4039636087625156,166430791
2018-06-14,2.4106414318084717,2.417319102730614,2.3839307481199046,2.3906084190420462,221058734
2018-06-15,2.423996925354004,2.4440299380583883,2.3972860825399254,2.4039637534413867,240162677
2018-06-19,2.423996925354004,2.4373522671569265,2.3839307407370023,2.410641424342848,622179037
2018-06-20,2.390608549118042,2.417319234259971,2.390608549118042,2.410641562974489,194687167
2018-06-21,2.3972859382629395,2.4106412792620917,2.383930597263787,2.3906082677633633,201454769
2018-06-22,2.390608549118042,2.390608549118042,2.370575535261595,2.3839308778325594,174533790
2018-06-25,2.357219934463501,2.4039636283412307,2.35054226390954,2.397285957787269,201040446
2018-06-26,2.3104758262634277,2.3438641730459233,2.283765148837431,2.3438641730459233,286805371
2018-06-27,2.290443181991577,2.310476193242975,2.2637325003230466,2.303798522825842,293027533
2018-06-28,2.263732671737671,2.290443355428791,2.257055000814891,2.270410342660451,207258963
2018-06-29,2.2971208095550537,2.303798479847612,2.2570547877997047,2.2570547877997047,203746659
2018-07-02,2.2169888019561768,2.290443340847363,2.2103111310759083,2.290443340847363,274961664
2018-07-03,2.210310697555542,2.223666036696623,2.1702446801322988,2.2169883671260826,357701551
2018-07-04,2.2169888019561768,2.2436994854772507,2.196955789315371,2.2036334601956398,271614699
2018-07-05,2.243699312210083,2.250376982574676,2.1969556196579325,2.2169886307517115,316403552
2018-07-06,2.263732671737671,2.277088013583231,2.216988816069978,2.230344157915538,297744985
2018-07-09,2.3505423069000244,2.3572199775761176,2.2637325881108112,2.2704102587869044,337278461
2018-07-10,2.3371870517730713,2.357220064540424,2.310476368083268,2.3438647226955225,197795245
2018-07-11,2.3104758262634277,2.323831164976426,2.283765148837431,2.303798156906929,199419425
2018-07-12,2.357219934463501,2.370575275571424,2.30379857003181,2.3104762405857717,243266113
2018-07-13,2.3371870517730713,2.3638977354628747,2.3305093808506205,2.3638977354628747,137258482
2018-07-16,2.2837657928466797,2.3371871627632017,2.2770881216071146,2.3305094915236366,198456962
2018-07-17,2.277088165283203,2.290443508018498,2.263732822547908,2.2837658366508506,133322141
2018-07-18,2.277088165283203,2.3238318648567353,2.277088165283203,2.2837658366508506,171987786
2018-07-19,2.2503771781921387,2.29044336307073,2.237021836302019,2.2837656921256704,215490867
2018-07-20,2.3638978004455566,2.377253142657592,2.230344219116967,2.2436995613290023,454729804
2018-07-23,2.403963804244995,2.430674647623561,2.3371870938191703,2.343864764861753,478078732
2018-07-24,2.4173190593719482,2.4373522309872784,2.3906083761624815,2.4039637177672146,364771344
2018-07-25,2.4306743144989014,2.4373519846263068,2.4106411449084697,2.4306743144989014,208247007
2018-07-26,2.3972859382629395,2.4440297909681954,2.383930597263787,2.430674449969043,234360935
2018-07-27,2.3972859382629395,2.4039636087625156,2.3705752562646354,2.3972859382629395,149993976
2018-07-30,2.4106414318084717,2.4373522747052725,2.3772530771977625,2.3906084190420462,227224077
2018-07-31,2.4306743144989014,2.4306743144989014,2.3906081345262526,2.3972858046536585,177942944
2018-08-01,2.403963804244995,2.464063002836473,2.3972861332024125,2.430674647623561,249580600
2018-08-02,2.3371870517730713,2.40396376099758,2.32383170992817,2.3972860900751294,286634240
2018-08-03,2.357219934463501,2.390608287233308,2.330509252247656,2.337186922801617,291308699
2018-08-06,2.3772528171539307,2.430674337895605,2.357219806578884,2.357219806578884,370226615
2018-08-07,2.423996925354004,2.423996925354004,2.363897728032618,2.3839307407370023,219173618
2018-08-08,2.390608549118042,2.4239970647536953,2.3839308778325594,2.4239970647536953,151853473
2018-08-09,2.423996925354004,2.4306745962554652,2.370575398934079,2.377253069835541,202161571
2018-08-10,2.4106414318084717,2.4239969328609887,2.3972860899641883,2.4239969328609887,141156083
2018-08-13,2.3772528171539307,2.3906081575372955,2.343864466195519,2.3906081575372955,226469144
2018-08-14,2.370575428009033,2.3772530989923957,2.3438647440755824,2.370575428009033,151039798
2018-08-15,2.3305091857910156,2.3705752079722635,2.3305091857910156,2.363897537608722,185955652
2018-08-16,2.3438644409179688,2.3438644409179688,2.303798420199969,2.3171537604393024,217783097
2018-08-17,2.3371870517730713,2.3638977354628747,2.3305093808506205,2.3505423936179732,178054486
2018-08-20,2.3839306831359863,2.3839306831359863,2.3371869879551865,2.343864658695301,173729502
2018-08-21,2.3972859382629395,2.417318949761668,2.3772529267642115,2.383930597263787,174802351
2018-08-22,2.3839306831359863,2.3972860246162147,2.370575341655758,2.3972860246162147,105746244
2018-08-23,2.3839306831359863,2.403963695356329,2.370575341655758,2.3839306831359863,132731997
2018-08-24,2.4106414318084717,2.4306746037831304,2.370575406275621,2.3772530771977625,217332460
2018-08-27,2.4306743144989014,2.4306743144989014,2.3972858046536585,2.4173188150358755,222435206
2018-08-28,2.4173190593719482,2.444029901789645,2.4106413885695814,2.4306745601849116,119002748
2018-08-29,2.4306743144989014,2.4373519846263068,2.4173188150358755,2.4239966443714955,167476035
2018-08-30,2.403963804244995,2.4373523186661434,2.403963804244995,2.4239969765809786,133069639
2018-08-31,2.423996925354004,2.4373522671569265,2.3972860825399254,2.4039637534413867,209631344
2018-09-03,2.4306743144989014,2.4373519846263068,2.4173188150358755,2.4173188150358755,148081451
2018-09-04,2.437351942062378,2.450707282083963,2.410641102810997,2.4306742720515855,177334906
2018-09-05,2.403963804244995,2.4373523186661434,2.3972861332024125,2.430674647623561,170748913
2018-09-06,2.3839306831359863,2.4173190368365574,2.377253012395872,2.403963695356329,153655364
2018-09-07,2.3972859382629395,2.4106412792620917,2.383930597263787,2.3906082677633633,105213549
2018-09-10,2.403963804244995,2.4106414752875778,2.3839307911172476,2.3906084621598302,150185816
2018-09-11,2.3972859382629395,2.423996779469467,2.3906082677633633,2.3972859382629395,104978364
2018-09-12,2.3839306831359863,2.3972860246162147,2.377253012395872,2.3906083538761007,92921865
2018-09-13,2.423996925354004,2.423996925354004,2.3906084116384636,2.3972860825399254,151202179
2018-09-14,2.423996925354004,2.4306745962554652,2.410641424342848,2.423996925354004,137008350
2018-09-17,2.4173190593719482,2.423996889382545,2.4039637177672146,2.4173190593719482,87544812
2018-09-18,2.4306743144989014,2.4373519846263068,2.4106411449084697,2.4173188150358755,152371181
2018-09-19,2.437351942062378,2.450707282083963,2.423996602040793,2.4306742720515855,236821341
2018-09-20,2.4507079124450684,2.470740927630256,2.4373525689882767,2.4373525689882767,214560058
2018-09-21,2.6243269443511963,2.6243269443511963,2.4507073593859494,2.4573850296073734,634606314
2018-09-25,2.577583074569702,2.5909385741221995,2.5508723938811375,2.577583074569702,303368552
2018-09-26,2.5709054470062256,2.617649298194134,2.5575501064406,2.5775831172890387,443585943
2018-09-27,2.564227819442749,2.577583160230871,2.537517137866505,2.564227819442749,301259526
2018-09-28,2.597616195678711,2.6310045459145375,2.564227686234672,2.564227686234672,346135041
2018-10-08,2.530839681625366,2.5575503654617977,2.504128997788935,2.544195023543582,301125903
2018-10-09,2.504128932952881,2.530839616097728,2.490773591380457,2.5174842745253043,189849834
2018-10-10,2.5108067989349365,2.530839812850984,2.4840961137135396,2.504129127629587,196747371
2018-10-11,2.437351942062378,2.4907733021487166,2.4173187728217895,2.4440296120731704,319757060
2018-10-12,2.497451066970825,2.510806407499422,2.4306743643278423,2.444029704856439,279280889
2018-10-15,2.470740795135498,2.497451480616707,2.444030109654289,2.497451480616707,200300039
2018-10-16,2.497451066970825,2.5174840777637204,2.4707403859136323,2.4707403859136323,188043159
2018-10-17,2.517484426498413,2.530839768877059,2.4707407281731513,2.51080675530909,256452060
2018-10-18,2.457385301589966,2.5108066692740194,2.457385301589966,2.5108066692740194,198848864
2018-10-19,2.530839681625366,2.5508726945026896,2.4373522881978573,2.4573853010751807,359411714
2018-10-22,2.597616195678711,2.6176492058202068,2.5308393359988455,2.544194676093176,452242063
2018-10-23,2.5441951751708984,2.5976167052357773,2.537517503813819,2.5842612033133747,229529201
2018-10-24,2.584261178970337,2.6243273659436444,2.537517479911094,2.537517479911094,354661593
2018-10-25,2.5909388065338135,2.597616477304953,2.5375172811564677,2.544194951927607,243831810
2018-10-26,2.610971689224243,2.610971689224243,2.5575501664990354,2.590938677905373,275911214
2018-10-29,2.550872802734375,2.6243273456094176,2.537517460249502,2.604294331882108,273838406
2018-10-30,2.564227819442749,2.5842608306249324,2.544194808260566,2.550872478654627,267306425
2018-10-31,2.584261178970337,2.5909390094727565,2.5508728224994495,2.570905836381982,251974031
2018-11-01,2.550872802734375,2.5909389893972348,2.5441951314919384,2.584261158946558,258187840
2018-11-02,2.584261178970337,2.6042943520611117,2.537517479911094,2.5775835076761595,516992958
2018-11-05,2.550872802734375,2.5775834877041213,2.5308397890070653,2.5709058164616847,297731815
2018-11-06,2.530839681625366,2.544195023543582,2.510806668748043,2.544195023543582,218909340
2018-11-07,2.5241620540618896,2.5508727383575334,2.510806711914068,2.5375173962097115,193498226
2018-11-08,2.530839681625366,2.544195023543582,2.517484339707151,2.544195023543582,165084080
2018-11-09,2.437351942062378,2.510806312181094,2.423996602040793,2.510806312181094,512566416
2018-11-12,2.4306743144989014,2.4373519846263068,2.4106411449084697,2.4306743144989014,310294892
2018-11-13,2.437351942062378,2.4440296120731704,2.4039634328002046,2.410641102810997,256412783
2018-11-14,2.3972859382629395,2.430674449969043,2.3906082677633633,2.430674449969043,319015822
2018-11-15,2.4106414318084717,2.4106414318084717,2.3906084190420462,2.3972860899641883,220732798
2018-11-16,2.403963804244995,2.4239969765809786,2.3906084621598302,2.4106414752875778,289304412
2018-11-19,2.437351942062378,2.4440296120731704,2.4039634328002046,2.410641102810997,272481558
2018-11-20,2.403963804244995,2.430674647623561,2.3972861332024125,2.430674647623561,245105155
2018-11-21,2.4173190593719482,2.4173190593719482,2.3906083761624815,2.3906083761624815,162048935
2018-11-22,2.403963804244995,2.41731914633016,2.3972861332024125,2.41731914633016,104892646
2018-11-23,2.3839306831359863,2.403963695356329,2.377253012395872,2.3972860246162147,185915135
2018-11-26,2.3972859382629395,2.4039636087625156,2.383930597263787,2.3906082677633633,164640904
2018-11-27,2.3839306831359863,2.403963695356329,2.377253012395872,2.403963695356329,115391951
2018-11-28,2.390608549118042,2.397286220403524,2.3772532065470773,2.3839308778325594,145702869
2018-11-29,2.370575428009033,2.4039637829258464,2.370575428009033,2.3972861119424835,160272721
2018-11-30,2.3839306831359863,2.3839306831359863,2.3638976709156436,2.377253012395872,164599831
2018-12-03,2.4173190593719482,2.423996889382545,2.4039637177672146,2.4173190593719482,304720205
2018-12-04,2.4106414318084717,2.417319102730614,2.40396376088633,2.4106414318084717,142843262
2018-12-05,2.403963804244995,2.41731914633016,2.3906084621598302,2.3972861332024125,159251823
2018-12-06,2.3839306831359863,2.403963695356329,2.377253012395872,2.3972860246162147,233534573
2018-12-07,2.390608549118042,2.397286220403524,2.3839308778325594,2.390608549118042,119030593
2018-12-10,2.3772528171539307,2.383930487345613,2.3705751469622482,2.3772528171539307,122183090
2018-12-11,2.3772528171539307,2.383930487345613,2.3705751469622482,2.3772528171539307,108471143
2018-12-12,2.3839306831359863,2.3906083538761007,2.377253012395872,2.3839306831359863,108516834
2018-12-13,2.3972859382629395,2.4106412792620917,2.3772529267642115,2.383930597263787,167477390
2018-12-14,2.3839306831359863,2.3972860246162147,2.3839306831359863,2.3906083538761007,163037865
2018-12-17,2.390608549118042,2.390608549118042,2.370575535261595,2.3772532065470773,201917455
2018-12-18,2.370575428009033,2.3839307699757586,2.357220086042308,2.3772530989923957,178317755
2018-12-19,2.357219934463501,2.370575275571424,2.357219934463501,2.370575275571424,161101002
2018-12-20,2.3438644409179688,2.3638974512769684,2.303798420199969,2.3572197811573017,288997870
2018-12-21,2.3438644409179688,2.3505421110376354,2.3104760903196357,2.337186770798302,281734035
2018-12-24,2.357219934463501,2.370575275571424,2.317153911139733,2.330509252247656,220042303
2018-12-25,2.3772528171539307,2.3906081575372955,2.343864466195519,2.3505421363872014,319300873
2018-12-26,2.3972859382629395,2.4039636087625156,2.3705752562646354,2.3705752562646354,216006167
2018-12-27,2.403963804244995,2.41731914633016,2.3972861332024125,2.4106414752875778,268651346
2018-12-28,2.403963804244995,2.444029989708726,2.403963804244995,2.4106414752875778,205642311
2019-01-02,2.3505423069000244,2.4173190136609572,2.343864636223931,2.410641342984864,198899698
2019-01-03,2.3638978004455566,2.3705754715515743,2.3371871160214863,2.343864787127504,147048862
2019-01-04,2.3972859382629395,2.4039636087625156,2.350542244765907,2.357219915265483,204976550
2019-01-07,2.3839306831359863,2.403963695356329,2.370575341655758,2.3572200001755292,226877469
2019-01-08,2.357219934463501,2.3839306166793466,2.35054226390954,2.3839306166793466,195106588
2019-01-09,2.370575428009033,2.390608440959121,2.357220086042308,2.3638977570256703,289708174
2019-01-10,2.3438644409179688,2.3772527915163018,2.337186770798302,2.370575121396635,273770773
2019-01-11,2.357219934463501,2.357219934463501,2.337186922801617,2.3438645933555784,206216594
2019-01-14,2.3371870517730713,2.3638977354628747,2.3305093808506205,2.357220064540424,165913296
2019-01-15,2.357219934463501,2.357219934463501,2.330509252247656,2.337186922801617,173063112
2019-01-16,2.3505423069000244,2.3572199775761176,2.3371869655478377,2.3505423069000244,148983626
2019-01-17,2.357219934463501,2.370575275571424,2.35054226390954,2.357219934463501,249369770
2019-01-18,2.390608549118042,2.4039638916890063,2.3572201926906304,2.3638978639761126,353170342
2019-01-21,2.390608549118042,2.4239970647536953,2.390608549118042,2.390608549118042,291304550
2019-01-22,2.3839306831359863,2.3972860246162147,2.377253012395872,2.3972860246162147,136111972
2019-01-23,2.3972859382629395,2.4039636087625156,2.3772529267642115,2.383930597263787,165453400
2019-01-24,2.4106414318084717,2.417319102730614,2.3972860899641883,2.40396376088633,155817732
2019-01-25,2.4507079124450684,2.457385584173464,2.417319394594837,2.423997225531485,276101150
2019-01-28,2.457385301589966,2.4840959854319924,2.437352288708446,2.4640629725504724,220707245
2019-01-29,2.4640626907348633,2.477418031128422,2.4373520099477455,2.4507073503413044,165201103
2019-01-30,2.457385301589966,2.4707406435109793,2.4507076306294593,2.4640629725504724,159900539
2019-01-31,2.484095811843872,2.497451152831617,2.464062800362255,2.4707404708561276,251356505
2019-02-01,2.484095811843872,2.497451152831617,2.4707404708561276,2.4907734823377448,176772422
2019-02-11,2.470740795135498,2.4774184665058003,2.4573854523948935,2.470740795135498,203141064
2019-02-12,2.484095811843872,2.4907734823377448,2.464062800362255,2.47741814135,186859970
2019-02-13,2.5108067989349365,2.5174844702402854,2.4707407711028413,2.4840961137135396,246742300
2019-02-14,2.4774181842803955,2.5108065373283335,2.4774181842803955,2.5108065373283335,220081343
2019-02-15,2.437351942062378,2.484095632137924,2.437351942062378,2.477417962127132,266914752
2019-02-18,2.470740795135498,2.4774184665058003,2.444030109654289,2.450707781024591,349713973
2019-02-19,2.4640626907348633,2.490773371521981,2.4507073503413044,2.477418031128422,302487986
2019-02-20,2.470740795135498,2.4774184665058003,2.4573854523948935,2.470740795135498,201068400
2019-02-21,2.457385301589966,2.4840959854319924,2.457385301589966,2.4707406435109793,216428418
2019-02-22,2.457385301589966,2.4640629725504724,2.4239969467874327,2.4507076306294593,353510569
2019-02-25,2.5909388065338135,2.6042941480760926,2.4640629026739327,2.470740573445072,950189816
2019-02-26,2.530839681625366,2.5842610492982288,2.5241620106662586,2.570905707380013,735600412
2019-02-27,2.550872802734375,2.5976166606396713,2.5241621177646287,2.5308397890070653,604074661
2019-02-28,2.5375173091888428,2.5575503217235696,2.530839638343934,2.5508726508786603,347213872
2019-03-01,2.5709054470062256,2.5709054470062256,2.5174840847437228,2.5508724361577872,524432633
2019-03-04,2.584261178970337,2.6310050372378218,2.557550493793627,2.584261178970337,914699980
2019-03-05,2.564227819442749,2.577583160230871,2.550872478654627,2.57090548983681,460860398
2019-03-06,2.5709054470062256,2.5775831172890387,2.5508724361577872,2.564227776723413,540351574
2019-03-07,2.5375173091888428,2.570905663413387,2.530839638343934,2.5642279925684783,530042371
2019-03-08,2.4640626907348633,2.5174840523090993,2.4640626907348633,2.5174840523090993,556763570
2019-03-11,2.4774181842803955,2.4840958548899827,2.4573851724516325,2.46406284306122,430845277
2019-03-12,2.497451066970825,2.5241617480280185,2.4774180561779304,2.484095726442229,451901902
2019-03-13,2.4774181842803955,2.497451196109158,2.46406284306122,2.497451196109158,367129728
2019-03-14,2.470740795135498,2.490773809246405,2.4640631237651958,2.470740795135498,297425598
2019-03-15,2.4774181842803955,2.497451196109158,2.470740513670808,2.470740513670808,274260627
2019-03-18,2.504128932952881,2.5108066037390926,2.4707405790218218,2.484095920594245,374789081
2019-03-19,2.497451066970825,2.5174840777637204,2.490773396706527,2.510806407499422,240269726
2019-03-20,2.4907736778259277,2.5041290198618658,2.47741833578999,2.4907736778259277,239019783
2019-03-21,2.4774181842803955,2.497451196109158,2.4774181842803955,2.4907735254995704,251745348
2019-03-22,2.484095811843872,2.4907734823377448,2.464062800362255,2.484095811843872,228546009
2019-03-25,2.4440298080444336,2.4707404902293635,2.4440298080444336,2.464062819683131,339843323
2019-03-26,2.4507079124450684,2.457385584173464,2.4373525689882767,2.457385584173464,246438583
2019-03-27,2.4640626907348633,2.477418031128422,2.4507073503413044,2.4507073503413044,262892504
2019-03-28,2.4507079124450684,2.46406325590186,2.4440302407166725,2.457385584173464,206865101
2019-03-29,2.4907736778259277,2.4974513488438967,2.4440299807001455,2.4507076517181146,390197104
2019-04-01,2.517484426498413,2.524162097687736,2.4840960705517974,2.4907737417411204,587266643
2019-04-02,2.504128932952881,2.530839616097728,2.490773591380457,2.524161945311516,495862088
2019-04-03,2.497451066970825,2.5041287372351237,2.4707403859136323,2.484095726442229,446371399
2019-04-04,2.530839681625366,2.530839681625366,2.4974513268298275,2.504128997788935,675944536
2019-04-08,2.530839681625366,2.570905707380013,2.517484339707151,2.5375173525844743,627843137
2019-04-09,2.5241620540618896,2.5375173962097115,2.510806711914068,2.5241620540618896,270014712
2019-04-10,2.517484426498413,2.530839768877059,2.504129084119767,2.517484426498413,255750265
2019-04-11,2.4907736778259277,2.5308397039337414,2.4907736778259277,2.5174843618978033,277319532
2019-04-12,2.497451066970825,2.5041287372351237,2.484095726442229,2.490773396706527,222190608
2019-04-15,2.5241620540618896,2.5575504094314443,2.5174843829879787,2.5174843829879787,550800450
2019-04-16,2.597616195678711,2.597616195678711,2.510806325857349,2.510806325857349,757167479
2019-04-17,2.5909388065338135,2.6176494896183713,2.5709056350121653,2.5842609765544444,502880017
2019-04-18,2.564227819442749,2.5842608306249324,2.557550149048688,2.5842608306249324,245128346
2019-04-19,2.5709054470062256,2.5842607875718513,2.5575501064406,2.564227776723413,250975387
2019-04-22,2.5241620540618896,2.5775834226531775,2.5174843829879787,2.570905751579266,328456286
2019-04-23,2.517484426498413,2.5375174400663822,2.51080675530909,2.524162097687736,301897122
2019-04-24,2.517484426498413,2.530839768877059,2.4974514129304435,2.524162097687736,329860442
2019-04-25,2.497451066970825,2.5174840777637204,2.490773396706527,2.5174840777637204,306619171
2019-04-26,2.484095811843872,2.497451152831617,2.47741814135,2.4907734823377448,262923716
2019-05-06,2.437351942062378,2.484095632137924,2.4173187728217895,2.477417962127132,610123206
2019-05-07,2.4440298080444336,2.4573851491368983,2.430674466951969,2.450707478590666,275761947
2019-05-08,2.4106414318084717,2.4306746037831304,2.4106414318084717,2.4306746037831304,245611404
2019-05-09,2.3972859382629395,2.417318949761668,2.3906082677633633,2.4039636087625156,239386564
2019-05-10,2.437351942062378,2.450707282083963,2.39060809277862,2.410641102810997,313570503
2019-05-13,2.403963804244995,2.4239969765809786,2.3972861332024125,2.4239969765809786,189496607
2019-05-14,2.390608549118042,2.410641562974489,2.390608549118042,2.390608549118042,227471068
2019-05-15,2.4106414318084717,2.4239969328609887,2.3906084190420462,2.40396376088633,255584178
2019-05-16,2.4173190593719482,2.4306745601849116,2.3972860469648483,2.4039637177672146,246612382
2019-05-17,2.4106414318084717,2.4306746037831304,2.40396376088633,2.417319102730614,289635862
2019-05-20,2.437351942062378,2.4440296120731704,2.4039634328002046,2.4039634328002046,312331077
2019-05-21,2.4507079124450684,2.46406325590186,2.430674897259881,2.4373525689882767,227540672
2019-05-22,2.4507079124450684,2.46406325590186,2.4440302407166725,2.4507079124450684,165985902
2019-05-23,2.457385301589966,2.4640629725504724,2.437352288708446,2.4507076306294593,240320900
2019-05-24,2.4640626907348633,2.477418031128422,2.4507073503413044,2.457385020538084,209079771
2019-05-27,2.470740795135498,2.4774184665058003,2.444030109654289,2.4573854523948935,230033685
2019-05-28,2.484095811843872,2.4907734823377448,2.464062800362255,2.4707404708561276,321528176
2019-05-29,2.457385301589966,2.4840959854319924,2.4507076306294593,2.477418314471486,228557639
2019-05-30,2.4774181842803955,2.4840958548899827,2.4507075018420448,2.46406284306122,204351116
2019-05-31,2.457385301589966,2.477418314471486,2.4507076306294593,2.477418314471486,207123887
2019-06-03,2.4907736778259277,2.4907736778259277,2.4573853227360836,2.464062993754052,246018844
2019-06-04,2.504128932952881,2.504128932952881,2.484095920594245,2.490773591380457,212909361
2019-06-05,2.517484426498413,2.5375174400663822,2.504129084119767,2.51080675530909,255237134
2019-06-06,2.517484426498413,2.524162097687736,2.504129084119767,2.524162097687736,143683130
2019-06-10,2.530839681625366,2.5375173525844743,2.510806668748043,2.510806668748043,227794172
2019-06-11,2.5441951751708984,2.550872846527978,2.53083983245674,2.537517503813819,271599122
2019-06-12,2.5441951751708984,2.557550517885057,2.53083983245674,2.537517503813819,220016021
2019-06-13,2.5241620540618896,2.5508727383575334,2.5241620540618896,2.5508727383575334,199022585
2019-06-14,2.5108067989349365,2.537517484156333,2.504129127629587,2.530839812850984,219216215
2019-06-17,2.5375173091888428,2.5441949800337516,2.5041289549642984,2.510806625809207,240431940
2019-06-18,2.550872802734375,2.5575504739768116,2.5308397890070653,2.537517460249502,320183506
2019-06-19,2.5536012649536133,2.5885820699252444,2.546605103959287,2.5885820699252444,482920206
2019-06-20,2.567594051361084,2.581586375880627,2.5396094023219984,2.553601726841541,557328071
2019-06-21,2.546604871749878,2.5675933528190447,2.539608711393489,2.560597192462656,418751318
2019-06-24,2.5605971813201904,2.5605971813201904,2.539608700342355,2.5466048606683,211389155
2019-06-25,2.546604871749878,2.560597192462656,2.5326123842354797,2.553601032106267,316850550
2019-06-26,2.5326125621795654,2.546605050677091,2.518620240483672,2.546605050677091,241612737
2019-06-27,2.5326125621795654,2.546605050677091,2.525616401331619,2.5326125621795654,293532986
2019-06-28,2.518620491027832,2.532612814115636,2.504628167940028,2.532612814115636,283583756
2019-07-01,2.5326125621795654,2.539608889829144,2.525616401331619,2.5326125621795654,343989287
2019-07-02,2.546604871749878,2.546604871749878,2.525616223879091,2.5326123842354797,297112690
2019-07-03,2.5605971813201904,2.5605971813201904,2.5326123732147905,2.5466048606683,292418636
2019-07-04,2.5605971813201904,2.5675933416461354,2.5466048606683,2.5605971813201904,225548232
2019-07-05,2.5536012649536133,2.560597425947939,2.546605103959287,2.560597425947939,159652038
2019-07-08,2.518620491027832,2.5466053040050887,2.5116243294839298,2.5466053040050887,315446519
2019-07-09,2.5046279430389404,2.5186202648703153,2.5046279430389404,2.5186202648703153,185049896
2019-07-10,2.511624336242676,2.5186204978054043,2.4976320131172183,2.511624336242676,122350036
2019-07-11,2.511624336242676,2.5186204978054043,2.504628174679947,2.511624336242676,128905193
2019-07-12,2.518620491027832,2.5256166525717343,2.504628167940028,2.518620491027832,165900185
2019-07-15,2.511624336242676,2.5186204978054043,2.4906358515544897,2.5186204978054043,279921905
2019-07-16,2.5046279430389404,2.511624103954628,2.4976317821232534,2.5046279430389404,127118988
2019-07-17,2.497631788253784,2.5046279491866437,2.4906356273209243,2.5046279491866437,125189039
2019-07-18,2.483639717102051,2.497632040380242,2.483639717102051,2.4906358787411467,183895031
2019-07-19,2.497631788253784,2.5046279491866437,2.4836394663880648,2.4906356273209243,164821689
2019-07-22,2.497631788253784,2.5116241101195036,2.4836394663880648,2.497631788253784,217378877
2019-07-23,2.511624336242676,2.5186204978054043,2.4976320131172183,2.4976320131172183,210022699
2019-07-24,2.511624336242676,2.525616659368133,2.4976320131172183,2.5186204978054043,277058569
2019-07-25,2.511624336242676,2.5186204978054043,2.4976320131172183,2.504628174679947,215801553
2019-07-26,2.511624336242676,2.5186204978054043,2.4976320131172183,2.511624336242676,202154415
2019-07-29,2.518620491027832,2.5256166525717343,2.504628167940028,2.5116243294839298,200120401
2019-07-30,2.525616407394409,2.5326125682591503,2.511624085664927,2.518620246529668,229704558
2019-07-31,2.518620491027832,2.5256166525717343,2.5116243294839298,2.5256166525717343,236235988
2019-08-01,2.5046279430389404,2.5186202648703153,2.4976317821232534,2.511624103954628,212269241
2019-08-02,2.483639717102051,2.4906358787411467,2.4766435554629553,2.483639717102051,264946137
2019-08-05,2.4486589431762695,2.476643590124305,2.4486589431762695,2.476643590124305,303806487
2019-08-06,2.4206736087799072,2.427669768530073,2.3996851295294093,2.4206736087799072,293539625
2019-08-07,2.3996856212615967,2.427670265996741,2.3926894600778104,2.4206741048129548,184721682
2019-08-08,2.4206736087799072,2.4206736087799072,2.3996851295294093,2.4066812892795753,232095186
2019-08-09,2.4206736087799072,2.434665928280239,2.4136774490297412,2.4206736087799072,209008028
2019-08-12,2.434666395187378,2.434666395187378,2.4136779119118223,2.4136779119118223,179997357
2019-08-13,2.41367769241333,2.4276700133245797,2.406681531957705,2.420673852868955,161807887
2019-08-14,2.406681776046753,2.4346664207074946,2.3996856148815673,2.4276702595423094,273300635
2019-08-15,2.3996856212615967,2.3996856212615967,2.378697137710238,2.378697137710238,207257165
2019-08-16,2.3926894664764404,2.4066817888814316,2.3926894664764404,2.3996856276789362,199304121
2019-08-19,2.3996856212615967,2.4066817824453826,2.364704815342666,2.3926894600778104,461904833
2019-08-20,2.3996856212615967,2.4066817824453826,2.3926894600778104,2.3926894600778104,198732350
2019-08-21,2.3926894664764404,2.3996856276789362,2.3926894664764404,2.3996856276789362,108424751
2019-08-22,2.385693311691284,2.3996856341339137,2.3786971504699697,2.3996856341339137,160324045
2019-08-23,2.385693311691284,2.3926894729125987,2.3717009892486547,2.385693311691284,134898887
2019-08-26,2.3647050857543945,2.378697409722035,2.3647050857543945,2.3647050857543945,196295693
2019-08-27,2.385693311691284,2.3996856341339137,2.3717009892486547,2.3717009892486547,270240520
2019-08-28,2.378697395324707,2.3926897192076573,2.371701233383232,2.3926897192076573,156862885
2019-08-29,2.3717010021209717,2.385693324639544,2.3717010021209717,2.3786971633802576,112191675
2019-08-30,2.378697395324707,2.3926897192076573,2.378697395324707,2.3856935572661824,179458761
2019-09-02,2.385693311691284,2.3926894729125987,2.3717009892486547,2.3786971504699697,233125497
2019-09-03,2.385693311691284,2.3926894729125987,2.3786971504699697,2.3926894729125987,166996557
2019-09-04,2.41367769241333,2.41367769241333,2.3786968901352052,2.38569305059083,248845930
2019-09-05,2.434666395187378,2.4486587173710817,2.4066817508199705,2.4136779119118223,358071894
2019-09-06,2.441662549972534,2.448658711046315,2.427670227824972,2.441662549972534,214380851
2019-09-09,2.441662549972534,2.4626510331938776,2.427670227824972,2.4556548721200966,326948859
2019-09-10,2.434666395187378,2.44166255627923,2.4136779119118223,2.44166255627923,268309081
2019-09-11,2.462650775909424,2.462650775909424,2.4346661345379834,2.4416622948808437,270219081
2019-09-12,2.469647169113159,2.476643330115681,2.455654847108115,2.469647169113159,190130750
2019-09-16,2.462650775909424,2.476643096595144,2.455654615566564,2.469646936252284,131800173
2019-09-17,2.441662549972534,2.4696471942676586,2.434666388898753,2.4626510331938776,198459239
2019-09-18,2.434666395187378,2.4556548784629335,2.434666395187378,2.44166255627923,138553315
2019-09-19,2.434666395187378,2.4486587173710817,2.434666395187378,2.44166255627923,127115598
2019-09-20,2.441662549972534,2.441662549972534,2.434666388898753,2.441662549972534,207473601
2019-09-23,2.4276702404022217,2.4416625626222754,2.420674079292195,2.434666401512249,127952037
2019-09-24,2.4276702404022217,2.434666401512249,2.420674079292195,2.4276702404022217,101762519
2019-09-25,2.4206736087799072,2.434665928280239,2.4206736087799072,2.434665928280239,111001765
2019-09-26,2.4486589431762695,2.4626512666502873,2.4206742962282335,2.4276704579652426,235863523
2019-09-27,2.441662549972534,2.448658711046315,2.420674066751191,2.441662549972534,211009713
2019-09-30,2.4206736087799072,2.448658247780571,2.4206736087799072,2.434665928280239,150646837
2019-10-08,2.434666395187378,2.44166255627923,2.420674073003674,2.420674073003674,172507730
2019-10-09,2.441662549972534,2.448658711046315,2.420674066751191,2.427670227824972,218890908
2019-10-10,2.441662549972534,2.4556548721200966,2.427670227824972,2.441662549972534,191470591
2019-10-11,2.469647169113159,2.476643330115681,2.4416625251030712,2.4486586861055932,254183971
2019-10-14,2.490635395050049,2.518620036171705,2.4766430744892207,2.4766430744892207,405927642
2019-10-15,2.5046279430389404,2.5186202648703153,2.490635621207566,2.4976317821232534,245334954
2019-10-16,2.511624336242676,2.5396091492952393,2.504628174679947,2.5186204978054043,248873379
2019-10-17,2.511624336242676,2.525616659368133,2.4976320131172183,2.511624336242676,160213283
2019-10-18,2.497631788253784,2.5326125929180825,2.4906356273209243,2.518620271052363,213512765
2019-10-21,2.518620491027832,2.518620491027832,2.4906358448522234,2.4906358448522234,189666747
2019-10-22,2.525616407394409,2.5326125682591503,2.511624085664927,2.525616407394409,186703305
2019-10-23,2.546604871749878,2.553601032106267,2.518620063522702,2.525616223879091,270733781
2019-10-24,2.5536012649536133,2.581585908930918,2.546605103959287,2.5536012649536133,279708136
2019-10-25,2.5605971813201904,2.5605971813201904,2.5186200525629006,2.5605971813201904,191549935
2019-10-28,2.5536012649536133,2.5675935869422655,2.546605103959287,2.560597425947939,202277829
2019-10-29,2.525616407394409,2.553601217655006,2.518620246529668,2.553601217655006,202899906
2019-10-30,2.5326125621795654,2.546605050677091,2.518620240483672,2.525616401331619,151780110
2019-10-31,2.546604871749878,2.546604871749878,2.5326123842354797,2.539608711393489,185131164
2019-11-01,2.5605971813201904,2.5675933416461354,2.5326123732147905,2.539608700342355,173021019
2019-11-04,2.5536012649536133,2.574589747936592,2.5536012649536133,2.560597425947939,134023151
2019-11-05,2.5605971813201904,2.5815856622980258,2.5536010209942455,2.5536010209942455,219858746
2019-11-06,2.574589729309082,2.58158589025279,2.560597407421666,2.560597407421666,138561150
2019-11-07,2.5605971813201904,2.5815856622980258,2.5605971813201904,2.5745895019720804,145672679
2019-11-08,2.525616407394409,2.581585861113971,2.518620246529668,2.567593539384488,204312415
2019-11-11,2.483639717102051,2.5256166869366243,2.483639717102051,2.518620525297529,260894477
2019-11-12,2.490635395050049,2.504627715610877,2.4836392347696346,2.4976315553304627,145827949
2019-11-13,2.497631788253784,2.5046279491866437,2.4836394663880648,2.4836394663880648,172842094
2019-11-14,2.490635395050049,2.504627715610877,2.4766430744892207,2.4976315553304627,174748455
2019-11-15,2.497631788253784,2.5046279491866437,2.4906356273209243,2.497631788253784,138611707
2019-11-18,2.511624336242676,2.511624336242676,2.4836396899917608,2.4976320131172183,169752843
2019-11-19,2.518620491027832,2.5256166525717343,2.4976320063961257,2.4976320063961257,148638436
2019-11-20,2.5046279430389404,2.5186202648703153,2.4976317821232534,2.5186202648703153,157592961
2019-11-21,2.511624336242676,2.525616659368133,2.4906358515544897,2.4976320131172183,189956378
2019-11-22,2.518620491027832,2.532612814115636,2.5116243294839298,2.518620491027832,154868189
2019-11-25,2.546604871749878,2.553601032106267,2.525616223879091,2.525616223879091,194810621
2019-11-26,2.546604871749878,2.5675933528190447,2.546604871749878,2.553601032106267,254088670
2019-11-27,2.5605971813201904,2.5605971813201904,2.5466048606683,2.5536010209942455,109121239
2019-11-28,2.546604871749878,2.560597192462656,2.539608711393489,2.560597192462656,137938467
2019-11-29,2.5326125621795654,2.5605973723729845,2.5326125621795654,2.546605050677091,216240805
2019-12-02,2.5326125621795654,2.546605050677091,2.5326125621795654,2.5326125621795654,120396297
2019-12-03,2.539608955383301,2.546605116411837,2.5256164665245913,2.532612627553128,126300404
2019-12-04,2.525616407394409,2.539608895925524,2.525616407394409,2.5326125682591503,116511990
2019-12-05,2.5326125621795654,2.539608889829144,2.525616401331619,2.539608889829144,144662203
2019-12-06,2.525616407394409,2.539608895925524,2.518620246529668,2.539608895925524,91737829
2019-12-09,2.525616407394409,2.5326125682591503,2.511624085664927,2.525616407394409,133984769
2019-12-10,2.525616407394409,2.5326125682591503,2.518620246529668,2.525616407394409,152707709
2019-12-11,2.525616407394409,2.5326125682591503,2.518620246529668,2.5326125682591503,157484384
2019-12-12,2.525616407394409,2.5326125682591503,2.511624085664927,2.5326125682591503,196178457
2019-12-13,2.5605971813201904,2.5675933416461354,2.5256162128888455,2.5326123732147905,259315828
2019-12-16,2.546604871749878,2.560597192462656,2.539608711393489,2.553601032106267,152624950
2019-12-17,2.5605971813201904,2.5815856622980258,2.539608700342355,2.5536010209942455,207725824
2019-12-18,2.574589729309082,2.574589729309082,2.560597407421666,2.560597407421666,159226990
2019-12-19,2.5815858840942383,2.588582045021256,2.5675935622402015,2.57458972316722,166233146
2019-12-20,2.595578193664551,2.595578193664551,2.5745897109828255,2.581585871876734,132013445
2019-12-23,2.5815858840942383,2.602574366875293,2.57458972316722,2.5955782059482746,184262426
2019-12-24,2.574589729309082,2.58158589025279,2.574589729309082,2.58158589025279,76969896
2019-12-25,2.567594051361084,2.581586375880627,2.5605978891013126,2.5745902136208554,97558103
2019-12-26,2.595578193664551,2.595578193664551,2.5605973891950082,2.567593550088917,127617677
2019-12-27,2.6095705032348633,2.6235628249571707,2.5885820206514016,2.5885820206514016,216008974
2019-12-30,2.602574348449707,2.609570509327194,2.574589704939758,2.609570509327194,216000829
2019-12-31,2.5815858840942383,2.602574366875293,2.57458972316722,2.5955782059482746,196703080
2020-01-02,2.6095705032348633,2.6235628249571707,2.5955781815125554,2.5955781815125554,205512470
2020-01-03,2.602574348449707,2.6165666702046813,2.5955781875722197,2.6165666702046813,111814276
2020-01-06,2.5815858840942383,2.602574366875293,2.5675935622402015,2.5955782059482746,251080218
2020-01-07,2.602574348449707,2.623562831082168,2.574589704939758,2.5815858658172455,291294955
2020-01-08,2.5815858840942383,2.5815858840942383,2.5815858840942383,2.5815858840942383,168214884
2020-01-09,2.574589729309082,2.5955782121402065,2.5675935683653743,2.5885820511964983,129099347
2020-01-10,2.574589729309082,2.5885820511964983,2.5675935683653743,2.58158589025279,102724818
2020-01-13,2.574589729309082,2.574589729309082,2.574589729309082,2.574589729309082,166226509
2020-01-14,2.574589729309082,2.574589729309082,2.574589729309082,2.574589729309082,131418569
2020-01-15,2.5536012649536133,2.574589747936592,2.5536012649536133,2.5675935869422655,103306490
2020-01-16,2.525616407394409,2.560597378519747,2.525616407394409,2.560597378519747,182015981
2020-01-17,2.5326125621795654,2.546605050677091,2.518620240483672,2.525616401331619,99263777
2020-01-20,2.5326125621795654,2.539608889829144,2.525616401331619,2.5326125621795654,87250009
2020-01-21,2.5046279430389404,2.5326125867016898,2.4976317821232534,2.5326125867016898,195067423
2020-01-22,2.497631788253784,2.5046279491866437,2.476643305455205,2.497631788253784,178800980
2020-01-23,2.462650775909424,2.4906354172808642,2.455654615566564,2.4906354172808642,243127436
2020-02-03,2.35770845413208,2.3786971041893032,2.287746843280128,2.3087353265357136,477726568
2020-02-04,2.3926894664764404,2.3996856276789362,2.343716171257331,2.343716171257331,321948123
2020-02-05,2.3926894664764404,2.4066817888814316,2.371700982868954,2.3926894664764404,248194123
2020-02-06,2.3996856212615967,2.4066817824453826,2.378697137710238,2.3996856212615967,191076262
2020-02-07,2.378697395324707,2.3856935572661824,2.3647050714417572,2.3856935572661824,199168477
2020-02-10,2.3717010021209717,2.3786971633802576,2.3577085128007575,2.3647048408616853,158609776
2020-02-11,2.3926894664764404,2.3996856276789362,2.371700982868954,2.3786971440714493,179148338
2020-02-12,2.3996856212615967,2.3996856212615967,2.378697137710238,2.3926894600778104,123211353
2020-02-13,2.385693311691284,2.3996856341339137,2.3786971504699697,2.3996856341339137,123277241
2020-02-14,2.3996856212615967,2.3996856212615967,2.378697137710238,2.378697137710238,112313558
2020-02-17,2.4276702404022217,2.434666401512249,2.392689434852088,2.392689434852088,189505766
2020-02-18,2.41367769241333,2.4276700133245797,2.406681531957705,2.420673852868955,159354952
2020-02-19,2.434666395187378,2.44166255627923,2.4066817508199705,2.4136779119118223,158263116
2020-02-20,2.4556546211242676,2.4556546211242676,2.4206738193307977,2.434666140048186,199422933
2020-02-21,2.441662549972534,2.4556548721200966,2.434666388898753,2.441662549972534,143243525
2020-02-24,2.4206736087799072,2.448658247780571,2.4206736087799072,2.434665928280239,186010540
2020-02-25,2.3996856212615967,2.4066817824453826,2.3926894600778104,2.4066817824453826,210579001
2020-02-26,2.41367769241333,2.420673852868955,2.3786968901352052,2.38569305059083,218918963
2020-02-27,2.4206736087799072,2.427669768530073,2.4066812892795753,2.4066812892795753,170022334
2020-02-28,2.385693311691284,2.434666440240487,2.385693311691284,2.406681795355228,253585883
2020-03-02,2.4206736087799072,2.427669768530073,2.3926889697792433,2.3926889697792433,181282521
2020-03-03,2.434666395187378,2.44166255627923,2.420674073003674,2.427670234095526,190756755
2020-03-04,2.441662549972534,2.448658711046315,2.427670227824972,2.434666388898753,140680791
2020-03-05,2.462650775909424,2.469646936252284,2.4416622948808437,2.4416622948808437,229182326
2020-03-06,2.4486589431762695,2.4626512666502873,2.4346666197022513,2.455655104913278,151993255
2020-03-09,2.3996856212615967,2.427670265996741,2.3926894600778104,2.427670265996741,282171772
2020-03-10,2.4206736087799072,2.427669768530073,2.3856928100290773,2.3856928100290773,207809322
2020-03-11,2.3996856212615967,2.427670265996741,2.3996856212615967,2.427670265996741,158365714
2020-03-12,2.3996856212615967,2.4066817824453826,2.378697137710238,2.3926894600778104,185871971
2020-03-13,2.378697395324707,2.399685881149132,2.3437164188156743,2.3647050714417572,290398330
2020-03-16,2.35770845413208,2.399685587444889,2.35770845413208,2.3856932652744987,259602687
2020-03-17,2.378697395324707,2.3926897192076573,2.350712580757149,2.357708742698624,279297235
2020-03-18,2.3507120609283447,2.3856930297018,2.3437159005339776,2.3786968693074333,214330968
2020-03-19,2.3157312870025635,2.364704577157873,2.3087351265234655,2.3437159289189555,253594646
2020-03-20,2.3367199897766113,2.357708473201958,2.315731506351264,2.3297238286348287,245826690
2020-03-23,2.294743299484253,2.3157317854390946,2.294743299484253,2.3157317854390946,176363185
2020-03-24,2.3437161445617676,2.3437161445617676,2.3087353389477308,2.315731500070538,213795149
2020-03-25,2.35770845413208,2.3717009431041083,2.3437161319616897,2.364704782018913,167423154
2020-03-26,2.35770845413208,2.3717009431041083,2.3367199708764943,2.3437161319616897,135757601
2020-03-27,2.3717010021209717,2.39268948589883,2.3577085128007575,2.3717010021209717,168381375
2020-03-30,2.385693311691284,2.385693311691284,2.3507123387830697,2.3577085000043847,218104609
2020-03-31,2.35770845413208,2.399685587444889,2.3437161319616897,2.392689426359694,165190034
2020-04-01,2.3647050857543945,2.385693571705855,2.3577087569689157,2.3577087569689157,111666535
2020-04-02,2.378697395324707,2.378697395324707,2.350712580757149,2.357708742698624,104786774
2020-04-03,2.378697395324707,2.3856935572661824,2.3647050714417572,2.371701233383232,115780429
2020-04-07,2.3926894664764404,2.3996856276789362,2.385693305273945,2.3996856276789362,122096677
2020-04-08,2.378697395324707,2.3856935572661824,2.371701233383232,2.3856935572661824,96615864
2020-04-09,2.378697395324707,2.3926897192076573,2.371701233383232,2.3856935572661824,72232000
2020-04-10,2.385693311691284,2.385693311691284,2.3717009892486547,2.385693311691284,90758039
2020-04-13,2.378697395324707,2.3926897192076573,2.371701233383232,2.378697395324707,92047901
2020-04-14,2.3926894664764404,2.3926894664764404,2.3786971440714493,2.385693305273945,83178366
2020-04-15,2.3926894664764404,2.3926894664764404,2.385693305273945,2.385693305273945,86267240
2020-04-16,2.3996856212615967,2.4066817824453826,2.378697137710238,2.378697137710238,106371186
2020-04-17,2.406681776046753,2.406681776046753,2.392689453716382,2.406681776046753,123078194
2020-04-20,2.3926894664764404,2.4066817888814316,2.3926894664764404,2.3996856276789362,112027490
2020-04-21,2.385693311691284,2.3926894729125987,2.3786971504699697,2.385693311691284,103995997
2020-04-22,2.3926894664764404,2.3996856276789362,2.3786971440714493,2.385693305273945,84810504
2020-04-23,2.378697395324707,2.3926897192076573,2.3647050714417572,2.3926897192076573,117940836
2020-04-24,2.378697395324707,2.378697395324707,2.3647050714417572,2.378697395324707,61244538
2020-04-27,2.385693311691284,2.3996856341339137,2.3717009892486547,2.3717009892486547,137867838
2020-04-28,2.378697395324707,2.3856935572661824,2.3647050714417572,2.3856935572661824,122904867
2020-04-29,2.406681776046753,2.406681776046753,2.3786971313860112,2.3856932925511964,144993202
2020-04-30,2.4206736087799072,2.427669768530073,2.4066812892795753,2.4136774490297412,118473509
2020-05-06,2.3926894664764404,2.3996856276789362,2.3786971440714493,2.3926894664764404,226361303
2020-05-07,2.385693311691284,2.3926894729125987,2.3786971504699697,2.385693311691284,131475071
2020-05-08,2.3926894664764404,2.3926894664764404,2.3786971440714493,2.3926894664764404,134273116
2020-05-11,2.3926894664764404,2.3996856276789362,2.3786971440714493,2.3926894664764404,131582721
2020-05-12,2.385693311691284,2.3996856341339137,2.385693311691284,2.3926894729125987,78839002
2020-05-13,2.385693311691284,2.385693311691284,2.3786971504699697,2.385693311691284,69012112
2020-05-14,2.3717010021209717,2.385693324639544,2.3717010021209717,2.3786971633802576,79468142
2020-05-15,2.3717010021209717,2.3786971633802576,2.3717010021209717,2.3786971633802576,93688825
2020-05-18,2.3717010021209717,2.3786971633802576,2.3647048408616853,2.3717010021209717,96288527
2020-05-19,2.378697395324707,2.3856935572661824,2.371701233383232,2.378697395324707,89759979
2020-05-20,2.385693311691284,2.385693311691284,2.3717009892486547,2.3786971504699697,96843403
2020-05-21,2.378697395324707,2.3856935572661824,2.371701233383232,2.3856935572661824,82631670
2020-05-22,2.35770845413208,2.3786971041893032,2.35770845413208,2.3786971041893032,127162933
2020-05-25,2.3717010021209717,2.3717010021209717,2.3577085128007575,2.3647048408616853,70311257
2020-05-26,2.3647050857543945,2.3717012477382147,2.3647050857543945,2.3717012477382147,83279123
2020-05-27,2.378697395324707,2.3856935572661824,2.3647050714417572,2.371701233383232,103589163
2020-05-28,2.3996856212615967,2.3996856212615967,2.378697137710238,2.3856932988940245,162505708
2020-05-29,2.378697395324707,2.399685881149132,2.378697395324707,2.3926897192076573,96201395
2020-06-01,2.3926894664764404,2.3996856276789362,2.3786971440714493,2.385693305273945,109345482
2020-06-02,2.3996856212615967,2.3996856212615967,2.3856932988940245,2.3926894600778104,90373963
2020-06-03,2.3926894664764404,2.413677950083927,2.3926894664764404,2.3996856276789362,148983016
2020-06-04,2.385693311691284,2.406681795355228,2.385693311691284,2.3996856341339137,98478704
2020-06-05,2.3926894664764404,2.3926894664764404,2.385693305273945,2.3926894664764404,73067661
2020-06-08,2.385693311691284,2.3926894729125987,2.3786971504699697,2.385693311691284,117445201
2020-06-09,2.3926894664764404,2.3926894664764404,2.3786971440714493,2.385693305273945,147120706
2020-06-10,2.378697395324707,2.3926897192076573,2.378697395324707,2.3926897192076573,107119972
2020-06-11,2.3647050857543945,2.385693571705855,2.3647050857543945,2.378697409722035,184507195
2020-06-12,2.3647050857543945,2.3647050857543945,2.3507125949850955,2.3577087569689157,300063791
2020-06-15,2.329723834991455,2.3577084796349403,2.329723834991455,2.350712318474069,234611693
2020-06-16,2.3437161445617676,2.3507123056845747,2.33671998343896,2.3437161445617676,133918000
2020-06-17,2.3507120609283447,2.3507120609283447,2.336719740139611,2.3437159005339776,90960316
2020-06-18,2.3437161445617676,2.3507123056845747,2.3297238223161525,2.3437161445617676,168454316
2020-06-19,2.3437161445617676,2.3507123056845747,2.33671998343896,2.3437161445617676,201198910
2020-06-22,2.3507120609283447,2.3577082213227114,2.336719740139611,2.3437159005339776,199926753
2020-06-23,2.3437161445617676,2.3507123056845747,2.33671998343896,2.3437161445617676,122107607
2020-06-24,2.35770845413208,2.364704782018913,2.3437161319616897,2.350712293046885,171274838
2020-06-29,2.35770845413208,2.364704782018913,2.3437161319616897,2.35770845413208,164591544
2020-06-30,2.3647050857543945,2.3647050857543945,2.3507125949850955,2.3577087569689157,152992065
2020-07-01,2.3717010021209717,2.3786971633802576,2.3577085128007575,2.3647048408616853,179974646
2020-07-02,2.41367769241333,2.41367769241333,2.364704569223955,2.37170072967958,327696423
2020-07-03,2.4556546211242676,2.4556546211242676,2.413677658972104,2.413677658972104,371692267
2020-07-06,2.630559206008911,2.644551528902444,2.462651164484868,2.4696473259316347,692382560
2020-07-07,2.6095705032348633,2.7005205944298627,2.602574342373709,2.65854362926294,501185052
2020-07-08,2.595578193664551,2.6305589981340933,2.581585871876734,2.602574354558459,461270911
2020-07-09,2.546604871749878,2.6025741546009895,2.539608711393489,2.5955779942446005,531172647
2020-07-10,2.47436261177063,2.5627327991065125,2.47436261177063,2.555368631459823,548927959
2020-07-13,2.466998338699341,2.489091016270909,2.4522700040353613,2.466998338699341,629893377
2020-07-14,2.4375414848327637,2.4669981519306505,2.4301773180582917,2.4596339851561786,451347504
2020-07-15,2.4154489040374756,2.4522697366831303,2.4154489040374756,2.444905570153999,405786647
2020-07-16,2.4080851078033447,2.4375417784494666,2.4007209401418144,2.422813443126406,395619375
2020-07-17,2.4154489040374756,2.4228130705666064,2.400720570979214,2.4154489040374756,242578693
2020-07-20,2.4449057579040527,2.4522699249986952,2.4080849224308394,2.4154490895254823,350214702
2020-07-21,2.430177688598633,2.4522701922905936,2.4228135207013124,2.4522701922905936,208622973
2020-07-22,2.4228134155273438,2.4522700858379154,2.415449247949701,2.4301775831049865,258983062
2020-07-23,2.4080851078033447,2.422813443126406,2.393356772480284,2.415449275464875,338177527
2020-07-24,2.3786284923553467,2.408085163685036,2.371264324522924,2.408085163685036,310450471
2020-07-27,2.3712639808654785,2.3933564811609713,2.3712639808654785,2.385992314395807,181384780
2020-07-28,2.3786284923553467,2.3933568280201913,2.371264324522924,2.3786284923553467,166485812
2020-07-29,2.3933568000793457,2.400720967825796,2.371264296839994,2.371264296839994,201071042
2020-07-30,2.3786284923553467,2.3933568280201913,2.371264324522924,2.385992660187769,203399995
2020-07-31,2.3786284923553467,2.3933568280201913,2.371264324522924,2.3786284923553467,219950570
2020-08-03,2.3859922885894775,2.3859922885894775,2.3712639552184474,2.3859922885894775,210190867
2020-08-04,2.4080851078033447,2.415449275464875,2.378628437157223,2.378628437157223,398255740
2020-08-05,2.3859922885894775,2.4007206219605077,2.3786281219039624,2.3933564552749926,203689022
2020-08-06,2.3933568000793457,2.400720967825796,2.3786284645864444,2.3933568000793457,190830091
2020-08-07,2.3786284923553467,2.3933568280201913,2.371264324522924,2.3933568280201913,178201649
2020-08-10,2.3786284923553467,2.3933568280201913,2.371264324522924,2.3786284923553467,190710047
2020-08-11,2.3786284923553467,2.3933568280201913,2.3786284923553467,2.385992660187769,231982530
2020-08-12,2.3859922885894775,2.3859922885894775,2.3712639552184474,2.3786281219039624,195918381
2020-08-13,2.3859922885894775,2.3933564552749926,2.3786281219039624,2.3859922885894775,154615735
2020-08-14,2.3933568000793457,2.400720967825796,2.3786284645864444,2.385992632332895,168527897
2020-08-17,2.430177688598633,2.437541856495953,2.3933568491120316,2.400721017009352,458069327
2020-08-18,2.4080851078033447,2.4301776107879363,2.4007209401418144,2.422813443126406,278792146
2020-08-19,2.3933568000793457,2.4080851355722466,2.3933568000793457,2.4080851355722466,198384408
2020-08-20,2.3859922885894775,2.3933564552749926,2.3786281219039624,2.3933564552749926,159807213
2020-08-21,2.3859922885894775,2.3933564552749926,2.3786281219039624,2.3933564552749926,142477178
2020-08-24,2.3786284923553467,2.3933568280201913,2.3786284923553467,2.385992660187769,129657506
2020-08-25,2.3786284923553467,2.385992660187769,2.3786284923553467,2.385992660187769,110487145
2020-08-26,2.3786284923553467,2.385992660187769,2.371264324522924,2.3786284923553467,141627305
2020-08-27,2.3712639808654785,2.378628147630643,2.3638998141003142,2.378628147630643,194114700
2020-08-28,2.3786284923553467,2.385992660187769,2.363900156690502,2.371264324522924,173854818
2020-08-31,2.3638999462127686,2.385992447742956,2.3638999462127686,2.3786282805662267,228893501
2020-09-01,2.3638999462127686,2.3712641133894974,2.3565357790360393,2.3638999462127686,144609423
2020-09-02,2.3491716384887695,2.3638999730091834,2.3418074712285626,2.3638999730091834,248703068
2020-09-03,2.3344433307647705,2.356535832798985,2.3344433307647705,2.349171665454247,176171754
2020-09-04,2.3270790576934814,2.334443224703642,2.31235072367316,2.3270790576934814,158929975
2020-09-07,2.3123507499694824,2.334443251251203,2.3123507499694824,2.3197149170633895,133297141
2020-09-08,2.3418073654174805,2.3418073654174805,2.3123506977076085,2.3123506977076085,154322460
2020-09-09,2.3344433307647705,2.3418074981095085,2.3270791634200325,2.3270791634200325,132893077
2020-09-10,2.3270790576934814,2.341807391713803,2.3197148906833207,2.341807391713803,124434460
2020-09-11,2.3270790576934814,2.334443224703642,2.3197148906833207,2.3270790576934814,103323266
2020-09-14,2.3270790576934814,2.334443224703642,2.3197148906833207,2.3270790576934814,92604120
2020-09-15,2.3270790576934814,2.334443224703642,2.3197148906833207,2.3270790576934814,86195014
2020-09-16,2.3344433307647705,2.3344433307647705,2.3197149960752945,2.3270791634200325,106070970
2020-09-17,2.3344433307647705,2.3418074981095085,2.3270791634200325,2.3344433307647705,107962823
2020-09-18,2.3565359115600586,2.3565359115600586,2.3270792411965933,2.3344434087874597,204192290
2020-09-21,2.3491716384887695,2.3638999730091834,2.3418074712285626,2.3565358057489765,147606024
2020-09-22,2.3344433307647705,2.349171665454247,2.3270791634200325,2.3418074981095085,133495158
2020-09-23,2.3270790576934814,2.334443224703642,2.3270790576934814,2.334443224703642,94759450
2020-09-24,2.3197150230407715,2.3270791904711143,2.3123508556104286,2.3270791904711143,135611697
2020-09-25,2.3197150230407715,2.3270791904711143,2.3123508556104286,2.3197150230407715,170132720
2020-09-28,2.3491716384887695,2.3491716384887695,2.312350802187735,2.3197149694479418,234250419
2020-09-29,2.3344433307647705,2.349171665454247,2.3344433307647705,2.349171665454247,96549668
2020-09-30,2.3344433307647705,2.349171665454247,2.3197149960752945,2.3418074981095085,186881015
2020-10-09,2.3344433307647705,2.349171665454247,2.3270791634200325,2.3418074981095085,113031530
2020-10-12,2.3491716384887695,2.3565358057489765,2.3270791367081487,2.3344433039683556,197601332
2020-10-13,2.3344433307647705,2.349171665454247,2.3270791634200325,2.3418074981095085,180409485
2020-10-14,2.3344433307647705,2.3344433307647705,2.3197149960752945,2.3344433307647705,206025071
2020-10-15,2.3418073654174805,2.3418073654174805,2.3197148646350763,2.3270790315625445,139277502
2020-10-16,2.3491716384887695,2.3638999730091834,2.3344433039683556,2.3418074712285626,366034090
2020-10-19,2.3638999462127686,2.385992447742956,2.3565357790360393,2.3565357790360393,405585266
2020-10-20,2.3418073654174805,2.3638998661998842,2.3418073654174805,2.3565356992724165,210863092
2020-10-21,2.3638999462127686,2.3638999462127686,2.3344432775058523,2.3491716118593104,192068951
2020-10-22,2.3638999462127686,2.3786282805662267,2.3565357790360393,2.3638999462127686,211567497
2020-10-23,2.3786284923553467,2.385992660187769,2.363900156690502,2.363900156690502,227266763
2020-10-26,2.3786284923553467,2.3933568280201913,2.363900156690502,2.3786284923553467,196192411
2020-10-27,2.3638999462127686,2.3712641133894974,2.3565357790360393,2.3712641133894974,113615245
2020-10-28,2.3418073654174805,2.3638998661998842,2.3418073654174805,2.3565356992724165,123130771
2020-10-29,2.3197150230407715,2.3344433579014567,2.3197150230407715,2.3344433579014567,167850048
2020-10-30,2.3197150230407715,2.3344433579014567,2.3197150230407715,2.3270791904711143,161391215
2020-11-02,2.3344433307647705,2.3418074981095085,2.3197149960752945,2.3270791634200325,144823849
2020-11-03,2.3418073654174805,2.3565356992724165,2.3344431984900123,2.3491715323449482,160954920
2020-11-04,2.3344433307647705,2.349171665454247,2.3344433307647705,2.349171665454247,119375737
2020-11-05,2.3418073654174805,2.3491715323449482,2.3344431984900123,2.3491715323449482,134203551
2020-11-06,2.3565359115600586,2.3565359115600586,2.3344434087874597,2.349171743969192,153600891
2020-11-09,2.3638999462127686,2.3712641133894974,2.3491716118593104,2.3565357790360393,187192263
2020-11-10,2.3638999462127686,2.3786282805662267,2.3638999462127686,2.3712641133894974,157541147
2020-11-11,2.3786284923553467,2.385992660187769,2.3565359888580795,2.371264324522924,244281435
2020-11-12,2.3638999462127686,2.3786282805662267,2.3638999462127686,2.3786282805662267,127584149
2020-11-13,2.3418073654174805,2.3638998661998842,2.3418073654174805,2.3638998661998842,154093460
2020-11-16,2.3491716384887695,2.3565358057489765,2.3418074712285626,2.3491716384887695,108945517
2020-11-17,2.3491716384887695,2.3565358057489765,2.3418074712285626,2.3491716384887695,123346530
2020-11-18,2.3638999462127686,2.3786282805662267,2.3491716118593104,2.3565357790360393,204092112
2020-11-19,2.3786284923553467,2.3786284923553467,2.3565359888580795,2.363900156690502,143500394
2020-11-20,2.3565359115600586,2.378628414332657,2.3565359115600586,2.371264246741791,127999308
2020-11-23,2.3859922885894775,2.3859922885894775,2.356535621847417,2.356535621847417,249323252
2020-11-24,2.3786284923553467,2.3933568280201913,2.3786284923553467,2.3786284923553467,128675905
2020-11-25,2.3712639808654785,2.3933564811609713,2.3638998141003142,2.385992314395807,153247443
2020-11-26,2.3786284923553467,2.385992660187769,2.363900156690502,2.371264324522924,136631201
2020-11-27,2.4449057579040527,2.4449057579040527,2.378628254052269,2.385992421146912,578934062
2020-11-30,2.4228134155273438,2.5406402723452333,2.4228134155273438,2.459634253415558,750705220
2020-12-01,2.47436261177063,2.4890911226396155,2.408085102950422,2.415449270597112,409982894
2020-12-02,2.4522695541381836,2.4743620520810286,2.4375412221762867,2.4743620520810286,244126446
2020-12-03,2.4375414848327637,2.4596339851561786,2.42281315128382,2.444905651607235,231280748
2020-12-04,2.4080851078033447,2.4375417784494666,2.4007209401418144,2.4375417784494666,201699058
2020-12-07,2.3859922885894775,2.415448955331538,2.3786281219039624,2.408084788646023,264575580
2020-12-08,2.3712639808654785,2.400720647926135,2.3638998141003142,2.385992314395807,195223444
2020-12-09,2.3786284923553467,2.385992660187769,2.371264324522924,2.3786284923553467,143305533
2020-12-10,2.3786284923553467,2.3933568280201913,2.371264324522924,2.3786284923553467,193437946
2020-12-11,2.3712639808654785,2.385992314395807,2.3638998141003142,2.385992314395807,208543599
2020-12-14,2.3712639808654785,2.385992314395807,2.3712639808654785,2.378628147630643,139590321
2020-12-15,2.3491716384887695,2.3786283075295973,2.3418074712285626,2.3712641402693904,187867461
2020-12-16,2.3418073654174805,2.3491715323449482,2.3270790315625445,2.3491715323449482,209685906
2020-12-17,2.3418073654174805,2.3491715323449482,2.3270790315625445,2.3344431984900123,176380111
2020-12-18,2.3344433307647705,2.349171665454247,2.3270791634200325,2.3418074981095085,163284776
2020-12-21,2.3344433307647705,2.3418074981095085,2.3270791634200325,2.3344433307647705,137205954
2020-12-22,2.3197150230407715,2.3344433579014567,2.3123508556104286,2.3270791904711143,266340713
2020-12-23,2.3123507499694824,2.3197149170633895,2.3049865828755753,2.3197149170633895,234051821
2020-12-24,2.3123507499694824,2.3197149170633895,2.3049865828755753,2.3197149170633895,89172343
2020-12-25,2.3197150230407715,2.3197150230407715,2.304986688180086,2.3123508556104286,120116303
2020-12-28,2.3123507499694824,2.3197149170633895,2.3049865828755753,2.3197149170633895,162816555
2020-12-29,2.3123507499694824,2.3197149170633895,2.3049865828755753,2.3123507499694824,163133678
2020-12-30,2.3049864768981934,2.312350643653515,2.297622134567287,2.312350643653515,244114200
2020-12-31,2.3123507499694824,2.327079084157296,2.2976222402060755,2.3049865828755753,259822373
2021-01-04,2.3049864768981934,2.312350643653515,2.297622134567287,2.3049864768981934,253791724
2021-01-05,2.3049864768981934,2.3049864768981934,2.2902579678119657,2.3049864768981934,212200506
2021-01-06,2.3049864768981934,2.312350643653515,2.297622134567287,2.3049864768981934,223077047
2021-01-07,2.3123507499694824,2.3197149170633895,2.2976222402060755,2.3049865828755753,265171731
2021-01-08,2.3123507499694824,2.3197149170633895,2.3049865828755753,2.3123507499694824,194969059
2021-01-11,2.3197150230407715,2.3270791904711143,2.304986688180086,2.3123508556104286,287207519
2021-01-12,2.3197150230407715,2.3270791904711143,2.304986688180086,2.3197150230407715,235845629
2021-01-13,2.3270790576934814,2.334443224703642,2.31235072367316,2.3197148906833207,235177366
2021-01-14,2.3418073654174805,2.3565356992724165,2.3270790315625445,2.3270790315625445,241565920
2021-01-15,2.3565359115600586,2.3859925819235235,2.3344434087874597,2.341807576378326,445389509
2021-01-18,2.3491716384887695,2.3638999730091834,2.3270791367081487,2.3491716384887695,298821506
2021-01-19,2.3565359115600586,2.371264246741791,2.3344434087874597,2.341807576378326,321825623
2021-01-20,2.3418073654174805,2.3638998661998842,2.3344431984900123,2.3491715323449482,193065581
2021-01-21,2.3270790576934814,2.3491715587239637,2.3270790576934814,2.341807391713803,175611002
2021-01-22,2.3123507499694824,2.334443251251203,2.3123507499694824,2.327079084157296,164904192
2021-01-25,2.3123507499694824,2.3197149170633895,2.3049865828755753,2.3123507499694824,171858466
2021-01-26,2.3049864768981934,2.3197148104088363,2.3049864768981934,2.312350643653515,159395974
2021-01-27,2.3197150230407715,2.3344433579014567,2.304986688180086,2.3123508556104286,167316787
2021-01-28,2.3123507499694824,2.3197149170633895,2.3049865828755753,2.3123507499694824,137600722
2021-01-29,2.3197150230407715,2.3344433579014567,2.304986688180086,2.3123508556104286,234836660
2021-02-01,2.3344433307647705,2.3418074981095085,2.312350828730556,2.3197149960752945,212143605
2021-02-02,2.3197150230407715,2.3491716927621424,2.3197150230407715,2.3418075253317996,157196193
2021-02-03,2.3123507499694824,2.327079084157296,2.3123507499694824,2.3197149170633895,152066367
2021-02-04,2.3197150230407715,2.3270791904711143,2.304986688180086,2.3123508556104286,188994996
2021-02-05,2.3491716384887695,2.3638999730091834,2.312350802187735,2.3197149694479418,437397816
2021-02-08,2.3418073654174805,2.3565356992724165,2.3270790315625445,2.3491715323449482,282975356
2021-02-09,2.3270790576934814,2.341807391713803,2.31235072367316,2.334443224703642,315499247
2021-02-10,2.3638999462127686,2.3786282805662267,2.3344432775058523,2.3344432775058523,389293614
2021-02-18,2.3712639808654785,2.400720647926135,2.3638998141003142,2.385992314395807,371403378
2021-02-19,2.3786284923553467,2.385992660187769,2.363900156690502,2.371264324522924,235821273
2021-02-22,2.4007205963134766,2.40808476292032,2.36389976327926,2.38599226309979,403266343
2021-02-23,2.3933568000793457,2.422813471065148,2.385992632332895,2.385992632332895,405909706
2021-02-24,2.3712639808654785,2.400720647926135,2.3712639808654785,2.3933564811609713,317561432
2021-02-25,2.4080851078033447,2.4080851078033447,2.378628437157223,2.378628437157223,309709272
2021-02-26,2.4007205963134766,2.4154489295271633,2.38599226309979,2.393356429706633,380885823
2021-03-01,2.3933568000793457,2.4154493033186974,2.385992632332895,2.400720967825796,215737184
2021-03-02,2.3638999462127686,2.400720782096414,2.3638999462127686,2.400720782096414,256137101
2021-03-03,2.4154489040374756,2.4228130705666064,2.363899738333559,2.363899738333559,364578628
2021-03-04,2.430177688598633,2.4522701922905936,2.408085184906672,2.408085184906672,453185406
2021-03-05,2.466998338699341,2.474362506031331,2.422813334707403,2.4301775020393923,437777386
2021-03-08,2.47436261177063,2.5038194579329947,2.4522701088305605,2.47436261177063,456822788
2021-03-09,2.4522695541381836,2.511183057561337,2.4522695541381836,2.481726218061977,387930235
2021-03-10,2.47436261177063,2.4817267794173197,2.437541773537181,2.4522701088305605,206706777
2021-03-11,2.489090919494629,2.5259117547229772,2.4596340757363584,2.4964550865402986,398670980
2021-03-12,2.489090919494629,2.5038192535859682,2.4596340757363584,2.4817265768733674,222746942
2021-03-15,2.518547773361206,2.533276108538415,2.4743625922539745,2.489091103006788,310914793
2021-03-16,2.511183738708496,2.5332762426438324,2.496455402751605,2.5185479066869414,218045807
2021-03-17,2.503819704055786,2.5111838724263658,2.4669986866272646,2.503819704055786,224101293
2021-03-18,2.496454954147339,2.51854745411273,2.4890907874922084,2.496454954147339,175002219
2021-03-19,2.459634304046631,2.511183653726868,2.4449059685881656,2.4964553182684024,269543900
2021-03-22,2.496454954147339,2.496454954147339,2.4522697786409746,2.4596339452961047,209832595
2021-03-23,2.496454954147339,2.51854745411273,2.4743622786063653,2.496454954147339,176861044
2021-03-24,2.503819704055786,2.503819704055786,2.4743628549978443,2.4964555356852065,223654717
2021-03-25,2.459634304046631,2.511183653726868,2.459634304046631,2.5038194859976355,232617936
2021-03-26,2.4522695541381836,2.4743620520810286,2.4375412221762867,2.46699788610008,213906069
2021-03-29,2.489090919494629,2.4964550865402986,2.4375415745993494,2.444905741645019,252092496
2021-03-30,2.489090919494629,2.4964550865402986,2.466998242782028,2.489090919494629,207678889
2021-03-31,2.503819704055786,2.503819704055786,2.4743628549978443,2.481727023368424,215634028
2021-04-01,2.489090919494629,2.5038192535859682,2.4817265768733674,2.4964550865402986,131927119
2021-04-02,2.466998338699341,2.4964551836028983,2.4522700040353613,2.489091016270909,222853120
2021-04-06,2.459634304046631,2.4669984717758635,2.452270136317398,2.459634304046631,98961506
2021-04-07,2.466998338699341,2.466998338699341,2.4375416693713823,2.4522700040353613,179495928
2021-04-08,2.459634304046631,2.4669984717758635,2.452270136317398,2.459634304046631,136878645
2021-04-09,2.47436261177063,2.47436261177063,2.4522701088305605,2.4596342764772503,168993883
2021-04-12,2.503819704055786,2.503819704055786,2.4669986866272646,2.4743628549978443,192694200
2021-04-13,2.496454954147339,2.5111832874575994,2.4817264452614958,2.5038191208024694,174065200
2021-04-14,2.466998338699341,2.4964551836028983,2.4596341713673513,2.4964551836028983,169921172
2021-04-15,2.466998338699341,2.474362506031331,2.4522700040353613,2.4596341713673513,129151123
2021-04-16,2.466998338699341,2.474362506031331,2.4596341713673513,2.466998338699341,86774400
2021-04-19,2.466998338699341,2.4817266733633203,2.4596341713673513,2.466998338699341,157188622
2021-04-20,2.4522695541381836,2.46699788610008,2.4522695541381836,2.46699788610008,160963782
2021-04-21,2.4522695541381836,2.459633720119132,2.444905388157235,2.4522695541381836,111339053
2021-04-22,2.430177688598633,2.4596343601879136,2.4228135207013124,2.4596343601879136,192221877
2021-04-23,2.4007205963134766,2.437541429347693,2.4007205963134766,2.43017726274085,200712826
2021-04-26,2.3859922885894775,2.415448955331538,2.3859922885894775,2.408084788646023,183402970
2021-04-27,2.3786284923553467,2.3933568280201913,2.371264324522924,2.385992660187769,135003064
2021-04-28,2.3712639808654785,2.385992314395807,2.3638998141003142,2.385992314395807,159644455
2021-04-29,2.3786284923553467,2.385992660187769,2.363900156690502,2.371264324522924,285228224
2021-04-30,2.3565359115600586,2.3859925819235235,2.349171743969192,2.378628414332657,260285200
2021-05-06,2.3638999462127686,2.3712641133894974,2.3565357790360393,2.3565357790360393,152610095
2021-05-07,2.3933568000793457,2.400720967825796,2.363900129093543,2.363900129093543,220665130
2021-05-10,2.3859922885894775,2.3933564552749926,2.3712639552184474,2.3933564552749926,150554246
2021-05-11,2.4007205963134766,2.40808476292032,2.3786280964929465,2.38599226309979,161816273
2021-05-12,2.4080851078033447,2.415449275464875,2.385992604818753,2.393356772480284,131970748
2021-05-13,2.4080851078033447,2.4080851078033447,2.393356772480284,2.4007209401418144,105838097
2021-05-14,2.4228134155273438,2.4228134155273438,2.4007209127944154,2.408085080372058,141880300
2021-05-17,2.4080851078033447,2.422813443126406,2.4007209401418144,2.415449275464875,151239919
2021-05-18,2.3933568000793457,2.4080851355722466,2.385992632332895,2.4080851355722466,170160941
2021-05-19,2.3859922885894775,2.3933564552749926,2.3786281219039624,2.3933564552749926,155371942
2021-05-20,2.3933568000793457,2.400720967825796,2.3786284645864444,2.385992632332895,159066900
2021-05-21,2.3859922885894775,2.4007206219605077,2.3786281219039624,2.3933564552749926,117533798
2021-05-24,2.3859922885894775,2.3933564552749926,2.3786281219039624,2.3859922885894775,93092807
2021-05-25,2.4080851078033447,2.415449275464875,2.385992604818753,2.393356772480284,382064232
2021-05-26,2.4154489040374756,2.4228130705666064,2.400720570979214,2.4080847375083447,236646078
2021-05-27,2.4080851078033447,2.422813443126406,2.4080851078033447,2.415449275464875,172984660
2021-05-28,2.4154489040374756,2.4228130705666064,2.400720570979214,2.4154489040374756,209558119
2021-05-31,2.4007205963134766,2.4154489295271633,2.393356429706633,2.4154489295271633,187245978
2021-06-01,2.3933568000793457,2.400720967825796,2.385992632332895,2.400720967825796,178310087
2021-06-02,2.4228134155273438,2.4228134155273438,2.378628410061487,2.3933567452167726,361495367
2021-06-03,2.4228134155273438,2.4375417506826293,2.415449247949701,2.4228134155273438,267426255
2021-06-04,2.4449057579040527,2.4522699249986952,2.422813256620125,2.422813256620125,281208513
2021-06-07,2.4449057579040527,2.4522699249986952,2.422813256620125,2.4449057579040527,280517455
2021-06-08,2.466998338699341,2.466998338699341,2.422813334707403,2.444905836703372,368124274
2021-06-09,2.466998338699341,2.4817266733633203,2.4596341713673513,2.4596341713673513,278743063
2021-06-10,2.4449057579040527,2.4817265933772656,2.43754159080941,2.4596340920933377,254124399
2021-06-11,2.4449057579040527,2.4596340920933377,2.4301774237147673,2.4449057579040527,201129402
2021-06-15,2.4154489040374756,2.4522697366831303,2.4080847375083447,2.444905570153999,220972569
2021-06-16,2.4080851078033447,2.422813443126406,2.4007209401418144,2.415449275464875,224681186
2021-06-17,2.4042599201202393,2.4432902634838682,2.3964538886696074,2.412065951570871,309272058
2021-06-18,2.3808417320251465,2.4042598254549787,2.3808417320251465,2.4042598254549787,260288949
2021-06-21,2.365229845046997,2.388647940212554,2.357423813325145,2.388647940212554,253213497
2021-06-22,2.3730356693267822,2.38084170036626,2.3574236072478265,2.365229638287304,198914404
2021-06-23,2.3730356693267822,2.38084170036626,2.365229638287304,2.365229638287304,177425824
2021-06-24,2.3886475563049316,2.3886475563049316,2.365229464903171,2.3730354953704245,207003086
2021-06-25,2.396453619003296,2.4042596495755366,2.3808415578588145,2.3808415578588145,132684697
2021-06-28,2.3808417320251465,2.4042598254549787,2.373035700881869,2.3964537943117015,142609236
2021-06-29,2.365229845046997,2.380841908490702,2.365229845046997,2.3730358767688498,132939514
2021-06-30,2.365229845046997,2.380841908490702,2.365229845046997,2.365229845046997,164799333
2021-07-01,2.3730356693267822,2.38084170036626,2.365229638287304,2.3730356693267822,110927527
2021-07-02,2.365229845046997,2.380841908490702,2.365229845046997,2.3730358767688498,130582829
2021-07-05,2.3730356693267822,2.3730356693267822,2.3574236072478265,2.365229638287304,149388107
2021-07-06,2.3808417320251465,2.3808417320251465,2.365229669738592,2.373035700881869,131020315
2021-07-07,2.365229845046997,2.380841908490702,2.365229845046997,2.3730358767688498,113428662
2021-07-08,2.357423782348633,2.3808418772064766,2.357423782348633,2.373035845587195,176351173
2021-07-09,2.365229845046997,2.3730358767688498,2.357423813325145,2.365229845046997,195685650
2021-07-12,2.357423782348633,2.373035845587195,2.357423782348633,2.373035845587195,204729217
2021-07-13,2.357423782348633,2.365229813967914,2.3496177507293514,2.357423782348633,185575962
2021-07-14,2.33400559425354,2.365229719483345,2.3261995629460888,2.365229719483345,297413002
2021-07-15,2.3418116569519043,2.349617688363992,2.3340056255398167,2.3340056255398167,158234441
2021-07-16,2.33400559425354,2.3496176568684426,2.33400559425354,2.3418116255609913,135014220
2021-07-19,2.3418116569519043,2.349617688363992,2.3340056255398167,2.3340056255398167,133880534
2021-07-20,2.3418116569519043,2.3418116569519043,2.3340056255398167,2.3418116569519043,103930321
2021-07-21,2.33400559425354,2.3418116255609913,2.3261995629460888,2.33400559425354,187615757
2021-07-22,2.3418116569519043,2.3418116569519043,2.326199594127729,2.3340056255398167,129534451
2021-07-23,2.33400559425354,2.3418116255609913,2.3261995629460888,2.33400559425354,163241891
2021-07-26,2.326199531555176,2.3418115939594015,2.318393500353063,2.3340055627572887,219835199
2021-07-27,2.3105878829956055,2.334005980796311,2.3105878829956055,2.326199948196076,227911352
2021-07-28,2.3183937072753906,2.326199739174211,2.30278164347775,2.31058767537657,306646937
2021-07-29,2.302781581878662,2.326199676948692,2.302781581878662,2.318393645258682,163406246
2021-07-30,2.2871696949005127,2.3105877917767033,2.279363662608449,2.3027817594846396,191968801
2021-08-02,2.294975757598877,2.3027817899943632,2.263751628016932,2.2793636928079044,236233754
2021-08-03,2.2793636322021484,2.287169664390081,2.271557600014216,2.287169664390081,159535785
2021-08-04,2.2793636322021484,2.287169664390081,2.271557600014216,2.271557600014216,132448861
2021-08-05,2.263751268386841,2.2793633306976084,2.263751268386841,2.2715572995422244,152128600
2021-08-06,2.271557331085205,2.271557331085205,2.2637512998214264,2.271557331085205,102400332
2021-08-09,2.2793636322021484,2.287169664390081,2.2637515678262834,2.2637515678262834,167823486
2021-08-10,2.2793636322021484,2.287169664390081,2.271557600014216,2.2793636322021484,142364007
2021-08-11,2.302781581878662,2.3105876135686723,2.279363486808632,2.279363486808632,308205959
2021-08-12,2.294975757598877,2.3027817899943632,2.2871697252033907,2.294975757598877,121160392
2021-08-13,2.2871696949005127,2.2949757271925764,2.279363662608449,2.2871696949005127,90128249
2021-08-16,2.2871696949005127,2.2949757271925764,2.279363662608449,2.2871696949005127,101268763
2021-08-17,2.2871696949005127,2.3027817594846396,2.2871696949005127,2.2871696949005127,178037724
2021-08-18,2.3105878829956055,2.318393915595841,2.2793637525946644,2.2793637525946644,236552293
2021-08-19,2.294975757598877,2.3105878223898495,2.2871697252033907,2.3105878223898495,151186552
2021-08-20,2.3105878829956055,2.318393915595841,2.2871697851948998,2.2949758177951347,211841377
2021-08-23,2.302781581878662,2.3105876135686723,2.302781581878662,2.3105876135686723,127369000
2021-08-24,2.294975757598877,2.3105878223898495,2.294975757598877,2.3027817899943632,117760376
2021-08-25,2.2871696949005127,2.2949757271925764,2.2871696949005127,2.2949757271925764,109946575
2021-08-26,2.2793636322021484,2.2949756965780135,2.2793636322021484,2.287169664390081,122231834
2021-08-27,2.2871696949005127,2.2871696949005127,2.279363662608449,2.279363662608449,128252501
2021-08-30,2.2793636322021484,2.287169664390081,2.271557600014216,2.2793636322021484,197291201
2021-08-31,2.3105878829956055,2.3105878829956055,2.271557719994429,2.2793637525946644,266424336
2021-09-01,2.33400559425354,2.33400559425354,2.302781469023735,2.302781469023735,338156721
2021-09-02,2.326199531555176,2.3340055627572887,2.318393500353063,2.326199531555176,160218107
2021-09-03,2.3496179580688477,2.3496179580688477,2.318393828836383,2.3340058934526153,217275144
2021-09-06,2.3496179580688477,2.357423990376964,2.3340058934526153,2.3418119257607315,160102315
2021-09-07,2.357423782348633,2.373035845587195,2.334005687490789,2.3496177507293514,245622390
2021-09-08,2.3730356693267822,2.38084170036626,2.3496175762083484,2.365229638287304,208800294
2021-09-09,2.3730356693267822,2.38084170036626,2.3574236072478265,2.365229638287304,171636994
2021-09-10,2.3730356693267822,2.404259793484693,2.365229638287304,2.3730356693267822,326372357
2021-09-13,2.365229845046997,2.380841908490702,2.357423813325145,2.365229845046997,233139516
2021-09-14,2.33400559425354,2.380841782098248,2.33400559425354,2.3730357507907964,283614513
2021-09-15,2.326199531555176,2.3418115939594015,2.318393500353063,2.3340055627572887,200771159
2021-09-16,2.3183937072753906,2.3418118029718515,2.3183937072753906,2.326199739174211,263277400
2021-09-17,2.326199531555176,2.3340055627572887,2.318393500353063,2.318393500353063,189527408
2021-09-22,2.302781581878662,2.3105876135686723,2.294975550188652,2.302781581878662,231919577
2021-09-23,2.3105878829956055,2.326199948196076,2.30278185039537,2.3105878829956055,198436817
2021-09-24,2.294975757598877,2.3183938547853358,2.294975757598877,2.3105878223898495,172857251
2021-09-27,2.2871696949005127,2.3027817594846396,2.279363662608449,2.2949757271925764,230452993
2021-09-28,2.302781581878662,2.3105876135686723,2.2871695184986423,2.2871695184986423,216021109
2021-09-29,2.3105878829956055,2.318393915595841,2.2871697851948998,2.2949758177951347,248050713
2021-09-30,2.294975757598877,2.3105878223898495,2.2871697252033907,2.3027817899943632,206052263
2021-10-08,2.3105878829956055,2.318393915595841,2.2949758177951347,2.30278185039537,260039610
2021-10-11,2.33400559425354,2.3418116255609913,2.302781469023735,2.310587500331186,308489727
2021-10-12,2.326199531555176,2.3340055627572887,2.318393500353063,2.326199531555176,240611496
2021-10-13,2.3105878829956055,2.326199948196076,2.3105878829956055,2.326199948196076,142343745
2021-10-14,2.302781581878662,2.318393645258682,2.302781581878662,2.318393645258682,133277879
2021-10-15,2.302781581878662,2.3105876135686723,2.302781581878662,2.3105876135686723,161284978
2021-10-18,2.3105878829956055,2.3105878829956055,2.2949758177951347,2.30278185039537,201259136
2021-10-19,2.302781581878662,2.3105876135686723,2.302781581878662,2.302781581878662,148527619
2021-10-20,2.302781581878662,2.3105876135686723,2.294975550188652,2.302781581878662,148281400
2021-10-21,2.3183937072753906,2.3183937072753906,2.2949756115789297,2.30278164347775,235727462
2021-10-22,2.3105878829956055,2.326199948196076,2.30278185039537,2.318393915595841,167106255
2021-10-25,2.3105878829956055,2.318393915595841,2.30278185039537,2.3105878829956055,143950637
2021-10-26,2.294975757598877,2.3105878223898495,2.294975757598877,2.3105878223898495,217735467
2021-10-27,2.294975757598877,2.3027817899943632,2.2871697252033907,2.294975757598877,161775136
2021-10-28,2.2871696949005127,2.2949757271925764,2.279363662608449,2.2949757271925764,158669249
2021-10-29,2.294975757598877,2.294975757598877,2.2871697252033907,2.294975757598877,148746268
2021-11-01,2.3105878829956055,2.3105878829956055,2.2871697851948998,2.2949758177951347,267299329
2021-11-02,2.2871696949005127,2.3105877917767033,2.279363662608449,2.3105877917767033,304074436
2021-11-03,2.2871696949005127,2.2949757271925764,2.279363662608449,2.2871696949005127,175212782
2021-11-04,2.2793636322021484,2.2949756965780135,2.2793636322021484,2.287169664390081,175747451
2021-11-05,2.2793636322021484,2.287169664390081,2.2793636322021484,2.2793636322021484,140045753
2021-11-08,2.2793636322021484,2.287169664390081,2.2793636322021484,2.2793636322021484,133476075
2021-11-09,2.2793636322021484,2.287169664390081,2.2793636322021484,2.287169664390081,122066587
2021-11-10,2.271557331085205,2.2871693936127624,2.271557331085205,2.2793633623489837,184956370
2021-11-11,2.294975757598877,2.294975757598877,2.271557660412418,2.271557660412418,228879063
2021-11-12,2.2871696949005127,2.2949757271925764,2.279363662608449,2.2871696949005127,150743726
2021-11-15,2.2871696949005127,2.2949757271925764,2.279363662608449,2.2871696949005127,142080997
2021-11-16,2.2871696949005127,2.2949757271925764,2.279363662608449,2.2871696949005127,144486097
2021-11-17,2.2871696949005127,2.2949757271925764,2.279363662608449,2.2871696949005127,177832960
2021-11-18,2.2871696949005127,2.2949757271925764,2.279363662608449,2.2871696949005127,144809838
2021-11-19,2.302781581878662,2.302781581878662,2.2871695184986423,2.2871695184986423,231489241
2021-11-22,2.294975757598877,2.3027817899943632,2.2871697252033907,2.294975757598877,184232654
2021-11-23,2.294975757598877,2.294975757598877,2.2871697252033907,2.294975757598877,145440185
2021-11-24,2.294975757598877,2.294975757598877,2.2871697252033907,2.2871697252033907,127755183
2021-11-25,2.2793636322021484,2.2949756965780135,2.2793636322021484,2.287169664390081,147321479
2021-11-26,2.2793636322021484,2.287169664390081,2.271557600014216,2.287169664390081,204104801
2021-11-29,2.2793636322021484,2.2793636322021484,2.271557600014216,2.271557600014216,242686842
2021-11-30,2.271557331085205,2.2793633623489837,2.271557331085205,2.2793633623489837,196939872
2021-12-01,2.2871696949005127,2.2871696949005127,2.2715576303163854,2.2715576303163854,181093243
2021-12-02,2.2871696949005127,2.2871696949005127,2.279363662608449,2.2871696949005127,180201694
2021-12-03,2.2871696949005127,2.2871696949005127,2.279363662608449,2.279363662608449,157691575
2021-12-06,2.2871696949005127,2.2949757271925764,2.279363662608449,2.2871696949005127,216585245
2021-12-07,2.294975757598877,2.3027817899943632,2.2871697252033907,2.294975757598877,302280664
2021-12-08,2.2871696949005127,2.3027817594846396,2.2871696949005127,2.3027817594846396,256122314
2021-12-09,2.302781581878662,2.302781581878662,2.2871695184986423,2.294975550188652,328748346
2021-12-10,2.294975757598877,2.3027817899943632,2.294975757598877,2.294975757598877,342293485
2021-12-13,2.2871696949005127,2.3027817594846396,2.2871696949005127,2.2949757271925764,257586782
2021-12-14,2.2871696949005127,2.2949757271925764,2.279363662608449,2.2871696949005127,242429570
2021-12-15,2.2871696949005127,2.2949757271925764,2.279363662608449,2.279363662608449,240547258
2021-12-16,2.294975757598877,2.294975757598877,2.2793636928079044,2.2871697252033907,252412362
2021-12-17,2.2871696949005127,2.2949757271925764,2.2871696949005127,2.2949757271925764,210258146
2021-12-20,2.294975757598877,2.294975757598877,2.2871697252033907,2.294975757598877,175776174
2021-12-21,2.294975757598877,2.3027817899943632,2.2871697252033907,2.294975757598877,276515519
2021-12-22,2.294975757598877,2.3105878223898495,2.294975757598877,2.3027817899943632,235006861
2021-12-23,2.294975757598877,2.3027817899943632,2.2871697252033907,2.294975757598877,164013232
2021-12-24,2.294975757598877,2.3027817899943632,2.2871697252033907,2.294975757598877,133179200
2021-12-27,2.294975757598877,2.294975757598877,2.2871697252033907,2.294975757598877,131071501
2021-12-28,2.302781581878662,2.3105876135686723,2.2871695184986423,2.294975550188652,294658456
2021-12-29,2.294975757598877,2.3027817899943632,2.2871697252033907,2.294975757598877,161999103
2021-12-30,2.294975757598877,2.294975757598877,2.2871697252033907,2.294975757598877,183023418
2021-12-31,2.294975757598877,2.294975757598877,2.2871697252033907,2.294975757598877,107307436
2022-01-04,2.294975757598877,2.3027817899943632,2.2871697252033907,2.294975757598877,231024414
2022-01-05,2.3183937072753906,2.3183937072753906,2.2949756115789297,2.2949756115789297,472465072
2022-01-06,2.3105878829956055,2.318393915595841,2.3105878829956055,2.3105878829956055,221426817
2022-01-07,2.33400559425354,2.3418116255609913,2.310587500331186,2.310587500331186,419049015
2022-01-10,2.33400559425354,2.3496176568684426,2.3261995629460888,2.33400559425354,313520683
2022-01-11,2.3418116569519043,2.349617688363992,2.326199594127729,2.3340056255398167,242776320
2022-01-12,2.326199531555176,2.3496176251615144,2.318393500353063,2.3418115939594015,253262375
2022-01-13,2.3496179580688477,2.3496179580688477,2.326199861144499,2.326199861144499,336983734
2022-01-14,2.3183937072753906,2.3496178348706716,2.31058767537657,2.3496178348706716,313231500
2022-01-17,2.302781581878662,2.326199676948692,2.302781581878662,2.318393645258682,201754618
2022-01-18,2.33400559425354,2.33400559425354,2.302781469023735,2.310587500331186,297302007
2022-01-19,2.326199531555176,2.3340055627572887,2.318393500353063,2.326199531555176,215592347
2022-01-20,2.3418116569519043,2.349617688363992,2.326199594127729,2.3340056255398167,361103013
2022-01-21,2.3418116569519043,2.349617688363992,2.326199594127729,2.3418116569519043,228763781
2022-01-24,2.33400559425354,2.3418116255609913,2.3183935316386375,2.33400559425354,287347150
2022-01-25,2.302781581878662,2.3340057086387023,2.302781581878662,2.326199676948692,274827986
2022-01-26,2.3105878829956055,2.318393915595841,2.30278185039537,2.30278185039537,231947200
2022-01-27,2.302781581878662,2.318393645258682,2.294975550188652,2.302781581878662,311217350
2022-01-28,2.3105878829956055,2.326199948196076,2.30278185039537,2.30278185039537,366889077
2022-02-07,2.3418116569519043,2.349617688363992,2.3183935627156416,2.326199594127729,350365400
2022-02-08,2.3886475563049316,2.4042596172394384,2.3418113735014106,2.3418113735014106,573849689
2022-02-09,2.3808417320251465,2.4042598254549787,2.373035700881869,2.3886477631684238,415602903
2022-02-10,2.4042599201202393,2.4042599201202393,2.373035794317712,2.3808418257683437,332191333
2022-02-11,2.4042599201202393,2.412065951570871,2.3886478572189755,2.3964538886696074,338708795
2022-02-14,2.3730356693267822,2.404259793484693,2.365229638287304,2.404259793484693,339775500
2022-02-15,2.357423782348633,2.3808418772064766,2.357423782348633,2.373035845587195,312390766
2022-02-16,2.3730356693267822,2.38084170036626,2.365229638287304,2.365229638287304,184504168
2022-02-17,2.3730356693267822,2.388647731405738,2.365229638287304,2.3730356693267822,267894278
2022-02-18,2.3808417320251465,2.3808417320251465,2.365229669738592,2.365229669738592,187930048
2022-02-21,2.365229845046997,2.380841908490702,2.365229845046997,2.380841908490702,185332109
2022-02-22,2.3496179580688477,2.36523002268508,2.3496179580688477,2.36523002268508,196674954
2022-02-23,2.3496179580688477,2.357423990376964,2.3418119257607315,2.357423990376964,242722355
2022-02-24,2.3183937072753906,2.3496178348706716,2.3183937072753906,2.3418118029718515,339357797
2022-02-25,2.3183937072753906,2.334005771073031,2.31058767537657,2.326199739174211,315008207
2022-02-28,2.326199531555176,2.326199531555176,2.3105874691509505,2.3105874691509505,250824665
2022-03-01,2.3418116569519043,2.3418116569519043,2.3183935627156416,2.3183935627156416,211719687
2022-03-02,2.3418116569519043,2.3418116569519043,2.326199594127729,2.3340056255398167,190007191
2022-03-03,2.3496179580688477,2.357423990376964,2.3340058934526153,2.3418119257607315,223999685
2022-03-04,2.3418116569519043,2.3574237197760795,2.3340056255398167,2.3574237197760795,251834004
2022-03-07,2.3183937072753906,2.3418118029718515,2.3183937072753906,2.334005771073031,325604013
2022-03-08,2.3183937072753906,2.326199739174211,2.31058767537657,2.3183937072753906,337625505
2022-03-09,2.294975757598877,2.326199887180822,2.2871697252033907,2.3183938547853358,436928509
2022-03-10,2.294975757598877,2.3183938547853358,2.294975757598877,2.3105878223898495,222231860
2022-03-11,2.3183937072753906,2.326199739174211,2.2871695796801097,2.2949756115789297,372625107
2022-03-14,2.3183937072753906,2.3418118029718515,2.30278164347775,2.31058767537657,399317547
2022-03-15,2.2871696949005127,2.318393824068767,2.279363662608449,2.318393824068767,476669895
2022-03-16,2.294975757598877,2.3027817899943632,2.263751628016932,2.2871697252033907,419432863
2022-03-17,2.2871696949005127,2.3027817594846396,2.279363662608449,2.3027817594846396,407034154
2022-03-18,2.3105878829956055,2.318393915595841,2.2793637525946644,2.2871697851948998,412635930
2022-03-21,2.294975757598877,2.3183938547853358,2.294975757598877,2.3105878223898495,211464898
2022-03-22,2.33400559425354,2.33400559425354,2.2949754377162837,2.302781469023735,391138100
2022-03-23,2.33400559425354,2.3418116255609913,2.3183935316386375,2.33400559425354,232445190
2022-03-24,2.33400559425354,2.3418116255609913,2.3183935316386375,2.3261995629460888,194144215
2022-03-25,2.326199531555176,2.3418115939594015,2.326199531555176,2.3340055627572887,202145451
2022-03-28,2.357423782348633,2.357423782348633,2.3105875926329453,2.3261996558715077,358056734
2022-03-29,2.365229845046997,2.365229845046997,2.34181174988144,2.3496177816032926,212065525
2022-03-30,2.3808417320251465,2.3808417320251465,2.3574236385953147,2.373035700881869,393457892
2022-03-31,2.4042599201202393,2.412065951570871,2.373035794317712,2.3808418257683437,537523806
2022-04-01,2.4042599201202393,2.412065951570871,2.3886478572189755,2.3964538886696074,326442141
2022-04-06,2.4198720455169678,2.4276780771691975,2.396453950560278,2.396453950560278,473153317
2022-04-07,2.4120659828186035,2.427678045922118,2.3964539197150896,2.4198720143703607,379481184
2022-04-08,2.4198720455169678,2.4198720455169678,2.396453950560278,2.4120660138647376,287115350
2022-04-11,2.396453619003296,2.419871710720018,2.396453619003296,2.419871710720018,348035779
2022-04-12,2.4042599201202393,2.412065951570871,2.3886478572189755,2.3964538886696074,401061660
2022-04-13,2.396453619003296,2.4120656801477773,2.388647588431055,2.4042596495755366,346660989
2022-04-14,2.396453619003296,2.419871710720018,2.396453619003296,2.4120656801477773,330050226
2022-04-15,2.396453619003296,2.4042596495755366,2.388647588431055,2.396453619003296,349508652
2022-04-18,2.3730356693267822,2.3964537624452156,2.3730356693267822,2.388647731405738,274075853
2022-04-19,2.3886475563049316,2.3886475563049316,2.365229464903171,2.3730354953704245,248261290
2022-04-20,2.3886475563049316,2.4042596172394384,2.380841525837678,2.380841525837678,300254664
2022-04-21,2.396453619003296,2.4120656801477773,2.388647588431055,2.388647588431055,415564827
2022-04-22,2.4120659828186035,2.4198720143703607,2.3964539197150896,2.3964539197150896,332052994
2022-04-25,2.3886475563049316,2.4198716781739456,2.3886475563049316,2.4042596172394384,528144423
2022-04-26,2.396453619003296,2.4120656801477773,2.3808415578588145,2.388647588431055,462329568
2022-04-27,2.365229845046997,2.396453971934407,2.3496177816032926,2.396453971934407,462516555
2022-04-28,2.3886475563049316,2.3886475563049316,2.3574234344359177,2.3574234344359177,453661053
2022-04-29,2.3886475563049316,2.4042596172394384,2.3730354953704245,2.3886475563049316,399406129
2022-05-05,2.4042599201202393,2.412065951570871,2.3808418257683437,2.3964538886696074,376936200
2022-05-06,2.3808417320251465,2.3964537943117015,2.3808417320251465,2.3964537943117015,239738115
2022-05-09,2.396453619003296,2.396453619003296,2.3808415578588145,2.3808415578588145,218089813
2022-05-10,2.4120659828186035,2.4198720143703607,2.3886478881633324,2.3886478881633324,389746195
2022-05-11,2.3808417320251465,2.412065856598256,2.373035700881869,2.412065856598256,431728741
2022-05-12,2.365229845046997,2.380841908490702,2.365229845046997,2.380841908490702,228867769
2022-05-13,2.3808417320251465,2.3808417320251465,2.365229669738592,2.373035700881869,202560612
2022-05-16,2.3730356693267822,2.38084170036626,2.365229638287304,2.38084170036626,310214692
2022-05-17,2.357423782348633,2.3808418772064766,2.3496177507293514,2.373035845587195,459353260
2022-05-18,2.357423782348633,2.365229813967914,2.3496177507293514,2.357423782348633,196547407
2022-05-19,2.357423782348633,2.357423782348633,2.34181171911007,2.3496177507293514,284091400
2022-05-20,2.357423782348633,2.365229813967914,2.3496177507293514,2.357423782348633,362682300
2022-05-23,2.3496179580688477,2.36523002268508,2.3496179580688477,2.357423990376964,272528407
2022-05-24,2.365229845046997,2.365229845046997,2.3496177816032926,2.3496177816032926,396047839
2022-05-25,2.365229845046997,2.365229845046997,2.357423813325145,2.357423813325145,254075172
2022-05-26,2.3730356693267822,2.3730356693267822,2.3574236072478265,2.365229638287304,299335190
2022-05-27,2.3730356693267822,2.3730356693267822,2.365229638287304,2.3730356693267822,223678800
2022-05-30,2.357423782348633,2.373035845587195,2.357423782348633,2.373035845587195,360547459
2022-05-31,2.365229845046997,2.365229845046997,2.3496177816032926,2.357423813325145,374277205
2022-06-01,2.3496179580688477,2.36523002268508,2.3496179580688477,2.36523002268508,255056486
2022-06-02,2.3496179580688477,2.357423990376964,2.3496179580688477,2.3496179580688477,248773937
2022-06-06,2.33400559425354,2.357423688175894,2.33400559425354,2.3496176568684426,485609968
2022-06-07,2.33400559425354,2.3418116255609913,2.33400559425354,2.3418116255609913,287600299
2022-06-08,2.33400559425354,2.3418116255609913,2.3261995629460888,2.3418116255609913,334912194
2022-06-09,2.3418116569519043,2.3418116569519043,2.326199594127729,2.3340056255398167,306906421
2022-06-10,2.357423782348633,2.365229813967914,2.334005687490789,2.34181171911007,574591777
2022-06-13,2.3418116569519043,2.3574237197760795,2.3340056255398167,2.349617688363992,344440962
2022-06-14,2.357423782348633,2.357423782348633,2.334005687490789,2.334005687490789,368205980
2022-06-15,2.365229845046997,2.380841908490702,2.3496177816032926,2.357423813325145,526833668
2022-06-16,2.3418116569519043,2.3730357826002546,2.3418116569519043,2.3730357826002546,373659181
2022-06-17,2.3496179580688477,2.357423990376964,2.3418119257607315,2.3418119257607315,304867389
2022-06-20,2.3418116569519043,2.3574237197760795,2.3418116569519043,2.349617688363992,284048633
2022-06-21,2.3496179580688477,2.357423990376964,2.3340058934526153,2.3418119257607315,343795371
2022-06-22,2.3496179580688477,2.36523002268508,2.3496179580688477,2.357423990376964,314131339
2022-06-23,2.357423782348633,2.365229813967914,2.3496177507293514,2.357423782348633,341626440
2022-06-24,2.3496179580688477,2.36523002268508,2.3496179580688477,2.36523002268508,343710070
2022-06-27,2.3496179580688477,2.357423990376964,2.3418119257607315,2.3496179580688477,471793516
2022-06-28,2.3496179580688477,2.357423990376964,2.3418119257607315,2.3496179580688477,275002862
2022-06-29,2.357423782348633,2.365229813967914,2.3496177507293514,2.357423782348633,361608457
2022-06-30,2.357423782348633,2.365229813967914,2.3496177507293514,2.357423782348633,334237332
2022-07-01,2.3496179580688477,2.357423990376964,2.3496179580688477,2.357423990376964,208297761
2022-07-04,2.357423782348633,2.357423782348633,2.3496177507293514,2.3496177507293514,274738402
2022-07-05,2.365229845046997,2.365229845046997,2.3496177816032926,2.357423813325145,259947901
2022-07-06,2.357423782348633,2.365229813967914,2.3496177507293514,2.365229813967914,447248700
2022-07-07,2.357423782348633,2.365229813967914,2.3496177507293514,2.357423782348633,257336251
2022-07-08,2.365229845046997,2.3730358767688498,2.357423813325145,2.365229845046997,301241900
2022-07-11,2.3730356693267822,2.38084170036626,2.365229638287304,2.365229638287304,505724381
2022-07-12,2.3730356693267822,2.388647731405738,2.3730356693267822,2.3730356693267822,536453445
2022-07-13,2.3496179580688477,2.3808420873013123,2.3496179580688477,2.373036054993196,630665655
2022-07-14,2.302781581878662,2.349617772018722,2.294975550188652,2.349617772018722,870201818
2022-07-15,2.3168842792510986,2.3420677800957037,2.3168842792510986,2.333673279814169,572563337
2022-07-18,2.3504621982574463,2.3504621982574463,2.316884198304445,2.325278698292695,287459943
2022-07-19,2.384039878845215,2.384039878845215,2.342067384526585,2.350461883390311,362597698
2022-07-20,2.39243483543396,2.400829335903737,2.3840403349641828,2.39243483543396,266088035
2022-07-21,2.367251396179199,2.4008293989399325,2.367251396179199,2.4008293989399325,273296120
2022-07-22,2.39243483543396,2.400829335903737,2.3672513340246284,2.3756458344944056,302244988
2022-07-25,2.4008290767669678,2.4008290767669678,2.384040077639557,2.3924345772032627,167733964
2022-07-26,2.4008290767669678,2.4176182760350353,2.4008290767669678,2.4008290767669678,252623806
2022-07-27,2.384039878845215,2.409223375436393,2.384039878845215,2.409223375436393,192560416
2022-07-28,2.39243483543396,2.400829335903737,2.3756458344944056,2.3840403349641828,237532044
2022-07-29,2.39243483543396,2.400829335903737,2.3756458344944056,2.400829335903737,230825942
2022-08-01,2.384039878845215,2.3924343777089407,2.375645379981489,2.384039878845215,204907346
2022-08-02,2.358856678009033,2.384040177757735,2.3504621780927994,2.3756456778415007,297661384
2022-08-03,2.3504621982574463,2.3756456982221974,2.3504621982574463,2.367251198233947,215980460
2022-08-04,2.4008290767669678,2.4008290767669678,2.3504620793847355,2.358856578948441,411016647
2022-08-05,2.4008290767669678,2.4008290767669678,2.384040077639557,2.4008290767669678,191457657
2022-08-08,2.384039878845215,2.4008288765726666,2.375645379981489,2.3924343777089407,244449546
2022-08-09,2.384039878845215,2.3924343777089407,2.375645379981489,2.3924343777089407,150098748
2022-08-10,2.384039878845215,2.384039878845215,2.367250881117763,2.384039878845215,117808216
2022-08-11,2.39243483543396,2.400829335903737,2.3756458344944056,2.3840403349641828,202809796
2022-08-12,2.375645637512207,2.3924346370596625,2.3588566379647515,2.384040137285935,270504182
2022-08-15,2.375645637512207,2.384040137285935,2.3672511377384793,2.375645637512207,175760280
2022-08-16,2.367251396179199,2.384040397559566,2.367251396179199,2.3756458968693823,117202888
2022-08-17,2.375645637512207,2.384040137285935,2.3588566379647515,2.375645637512207,255128952
2022-08-18,2.367251396179199,2.384040397559566,2.358856895489016,2.3756458968693823,155213571
2022-08-19,2.375645637512207,2.375645637512207,2.3588566379647515,2.3588566379647515,133513856
2022-08-22,2.367251396179199,2.3756458968693823,2.367251396179199,2.367251396179199,140175002
2022-08-23,2.367251396179199,2.3756458968693823,2.367251396179199,2.3756458968693823,122992256
2022-08-24,2.367251396179199,2.3756458968693823,2.358856895489016,2.367251396179199,181391119
2022-08-25,2.375645637512207,2.375645637512207,2.3588566379647515,2.3672511377384793,172536939
2022-08-26,2.367251396179199,2.3756458968693823,2.367251396179199,2.3756458968693823,126774909
2022-08-29,2.367251396179199,2.3756458968693823,2.358856895489016,2.367251396179199,182687130
2022-08-30,2.367251396179199,2.3756458968693823,2.367251396179199,2.367251396179199,152284514
2022-08-31,2.39243483543396,2.39243483543396,2.3672513340246284,2.3756458344944056,434219545
2022-09-01,2.375645637512207,2.3924346370596625,2.375645637512207,2.384040137285935,150496236
2022-09-02,2.375645637512207,2.3924346370596625,2.375645637512207,2.384040137285935,190654783
2022-09-05,2.384039878845215,2.384039878845215,2.367250881117763,2.375645379981489,153969150
2022-09-06,2.384039878845215,2.3924343777089407,2.375645379981489,2.384039878845215,168132505
2022-09-07,2.375645637512207,2.3924346370596625,2.3672511377384793,2.3924346370596625,203958577
2022-09-08,2.375645637512207,2.384040137285935,2.375645637512207,2.375645637512207,166476486
2022-09-09,2.384039878845215,2.3924343777089407,2.375645379981489,2.384039878845215,308136293
2022-09-13,2.39243483543396,2.400829335903737,2.3840403349641828,2.39243483543396,314404432
2022-09-14,2.39243483543396,2.400829335903737,2.3840403349641828,2.3840403349641828,295085924
2022-09-15,2.409223794937134,2.409223794937134,2.3924347942863347,2.400829294611734,397121729
2022-09-16,2.39243483543396,2.41761853698397,2.39243483543396,2.4092238363735143,419139016
2022-09-19,2.409223794937134,2.409223794937134,2.3924347942863347,2.3924347942863347,292135824
2022-09-20,2.384039878845215,2.417618074440759,2.384039878845215,2.409223375436393,269382560
2022-09-21,2.4008290767669678,2.4092235763306733,2.3756455780758516,2.3924345772032627,253244180
2022-09-22,2.4008290767669678,2.4092235763306733,2.3924345772032627,2.4008290767669678,196000075
2022-09-23,2.4176185131073,2.4260130134941718,2.400829312192879,2.400829312192879,419116350
2022-09-26,2.39243483543396,2.426013037453747,2.39243483543396,2.41761853698397,366754675
2022-09-27,2.375645637512207,2.40082913683339,2.375645637512207,2.3924346370596625,239162491
2022-09-28,2.39243483543396,2.400829335903737,2.3756458344944056,2.3756458344944056,251207652
2022-09-29,2.367251396179199,2.4008293989399325,2.367251396179199,2.4008293989399325,251312431
2022-09-30,2.4008290767669678,2.4008290767669678,2.3756455780758516,2.3756455780758516,260210009
2022-10-10,2.409223794937134,2.4176184954032083,2.3924347942863347,2.3924347942863347,620957911
2022-10-11,2.409223794937134,2.426012995728608,2.3924347942863347,2.409223794937134,393074736
2022-10-12,2.4008290767669678,2.4176182760350353,2.3924345772032627,2.4092235763306733,298419758
2022-10-13,2.4008290767669678,2.4092235763306733,2.3924345772032627,2.4008290767669678,219388382
2022-10-14,2.39243483543396,2.4092238363735143,2.3840403349641828,2.400829335903737,442767746
2022-10-17,2.39243483543396,2.400829335903737,2.3840403349641828,2.39243483543396,175809703
2022-10-18,2.39243483543396,2.400829335903737,2.3840403349641828,2.39243483543396,212057088
2022-10-19,2.384039878845215,2.3924343777089407,2.384039878845215,2.384039878845215,176381773
2022-10-20,2.39243483543396,2.39243483543396,2.3840403349641828,2.3840403349641828,218325380
2022-10-21,2.4008290767669678,2.4092235763306733,2.384040077639557,2.3924345772032627,333806176
2022-10-24,2.39243483543396,2.4092238363735143,2.39243483543396,2.400829335903737,442983981
2022-10-25,2.39243483543396,2.400829335903737,2.3840403349641828,2.39243483543396,320270082
2022-10-26,2.375645637512207,2.40082913683339,2.3672511377384793,2.40082913683339,535902607
2022-10-27,2.3504621982574463,2.3756456982221974,2.3336731982809455,2.3756456982221974,581566465
2022-10-28,2.3504621982574463,2.3588566982456967,2.342067698269196,2.3504621982574463,306746672
2022-10-31,2.3168842792510986,2.350462280377239,2.3168842792510986,2.3420677800957037,423520849
2022-11-01,2.291700839996338,2.325278842024893,2.2749118389820606,2.325278842024893,853481093
2022-11-02,2.283306360244751,2.291700860828197,2.2665173590778593,2.283306360244751,536492219
2022-11-03,2.283306360244751,2.291700860828197,2.274911859661305,2.283306360244751,187457306
2022-11-04,2.3084897994995117,2.316884299855701,2.2833062984309436,2.291700798787133,402034948
2022-11-07,2.3084897994995117,2.3084897994995117,2.3000952991433223,2.3000952991433223,286722263
2022-11-08,2.291700839996338,2.308489841010615,2.291700839996338,2.308489841010615,271550563
2022-11-09,2.3084897994995117,2.3084897994995117,2.291700798787133,2.291700798787133,160843824
2022-11-10,2.3168842792510986,2.3252787795326335,2.291700778406493,2.3000952786880284,334545512
2022-11-11,2.3420677185058594,2.3420677185058594,2.31688421832351,2.325278718384293,408408303
2022-11-14,2.3504621982574463,2.367251198233947,2.342067698269196,2.342067698269196,330314584
2022-11-15,2.3504621982574463,2.3588566982456967,2.342067698269196,2.3588566982456967,186899992
2022-11-16,2.3420677185058594,2.3588567186274254,2.3420677185058594,2.3504622185666424,180113318
2022-11-17,2.3420677185058594,2.3504622185666424,2.333673218445076,2.3420677185058594,196005171
2022-11-18,2.3420677185058594,2.3588567186274254,2.3420677185058594,2.3504622185666424,271923903
2022-11-21,2.3420677185058594,2.3504622185666424,2.333673218445076,2.3420677185058594,192328742
2022-11-22,2.358856678009033,2.3756456778415007,2.3420676781765652,2.3420676781765652,325820338
2022-11-23,2.384039878845215,2.3924343777089407,2.367250881117763,2.375645379981489,345723467
2022-11-24,2.375645637512207,2.40082913683339,2.375645637512207,2.3924346370596625,165855218
2022-11-25,2.409223794937134,2.4176184954032083,2.375645793635535,2.384040293960935,509765415
2022-11-28,2.4008290767669678,2.4008290767669678,2.3756455780758516,2.4008290767669678,346515544
2022-11-29,2.4176185131073,2.4260130134941718,2.392434811806007,2.400829312192879,499383372
2022-11-30,2.4176185131073,2.4260130134941718,2.4092238125797514,2.4092238125797514,349978360
2022-12-01,2.4008290767669678,2.426012775598741,2.4008290767669678,2.426012775598741,294680890
2022-12-02,2.4008290767669678,2.4092235763306733,2.3924345772032627,2.4008290767669678,239654463
2022-12-05,2.4260127544403076,2.4260127544403076,2.392434556337681,2.409223555318667,411425796
2022-12-06,2.4260127544403076,2.4344072539308006,2.409223555318667,2.4260127544403076,323856436
2022-12-07,2.4176185131073,2.434407513881044,2.4176185131073,2.4260130134941718,295295652
2022-12-08,2.4344072341918945,2.4344072341918945,2.409223535783958,2.4176182353470392,205380934
2022-12-09,2.4260127544403076,2.4344072539308006,2.4176182549498146,2.4344072539308006,228034581
2022-12-12,2.4008290767669678,2.426012775598741,2.4008290767669678,2.426012775598741,348297323
2022-12-13,2.4176185131073,2.4260130134941718,2.400829312192879,2.400829312192879,267212344
2022-12-14,2.4260127544403076,2.4344072539308006,2.4176182549498146,2.4344072539308006,183394978
2022-12-15,2.4176185131073,2.4260130134941718,2.4092238125797514,2.4260130134941718,162774250
2022-12-16,2.4344072341918945,2.4344072341918945,2.409223535783958,2.4176182353470392,269709819
2022-12-19,2.4176185131073,2.434407513881044,2.4092238125797514,2.434407513881044,262815645
2022-12-20,2.39243483543396,2.426013037453747,2.39243483543396,2.4092238363735143,236562015
2022-12-21,2.39243483543396,2.4092238363735143,2.39243483543396,2.400829335903737,124825175
2022-12-22,2.4008290767669678,2.4092235763306733,2.3924345772032627,2.4092235763306733,138653557
2022-12-23,2.409223794937134,2.4176184954032083,2.3924347942863347,2.400829294611734,189585146
2022-12-26,2.39243483543396,2.41761853698397,2.39243483543396,2.4092238363735143,210788898
2022-12-27,2.4260127544403076,2.4344072539308006,2.400829055828174,2.400829055828174,356658635
2022-12-28,2.4344072341918945,2.4428017336143224,2.4260127347694667,2.4344072341918945,351024368
2022-12-29,2.4176185131073,2.442802014267916,2.4176185131073,2.434407513881044,237440379
2022-12-30,2.4428021907806396,2.451196691774084,2.417618687800306,2.4260131887937506,385463989
2023-01-03,2.4344072341918945,2.4428017336143224,2.4260127347694667,2.4428017336143224,298768191
2023-01-04,2.4595909118652344,2.467985411899969,2.4260129117262963,2.434407411761031,397245830
2023-01-05,2.4595909118652344,2.4763799119347034,2.4511964118305,2.467985411899969,297218466
2023-01-06,2.4511964321136475,2.467985432322042,2.44280193200945,2.4595909322178446,362164227
2023-01-09,2.4511964321136475,2.4595909322178446,2.44280193200945,2.4595909322178446,225179832
2023-01-10,2.4428021907806396,2.451196691774084,2.434407689787195,2.451196691774084,263467091
2023-01-11,2.4428021907806396,2.451196691774084,2.434407689787195,2.4428021907806396,198161792
2023-01-12,2.4511964321136475,2.4511964321136475,2.4344074319052527,2.44280193200945,286362436
2023-01-13,2.4679853916168213,2.4679853916168213,2.442801891719588,2.4511963916853325,308328340
2023-01-16,2.4428021907806396,2.4763801947544177,2.4428021907806396,2.467985693760973,561153913
2023-01-17,2.4428021907806396,2.451196691774084,2.434407689787195,2.4428021907806396,223444959
2023-01-18,2.4511964321136475,2.4595909322178446,2.44280193200945,2.4511964321136475,222885525
2023-01-19,2.4511964321136475,2.4595909322178446,2.44280193200945,2.4511964321136475,194992239
2023-01-20,2.4511964321136475,2.4511964321136475,2.44280193200945,2.4511964321136475,306483201
2023-01-30,2.4511964321136475,2.467985432322042,2.44280193200945,2.4595909322178446,377949673
2023-01-31,2.4428021907806396,2.4595911927675287,2.4428021907806396,2.451196691774084,231689564
2023-02-01,2.4511964321136475,2.4511964321136475,2.4344074319052527,2.44280193200945,260657052
2023-02-02,2.4511964321136475,2.4595909322178446,2.44280193200945,2.4511964321136475,273986639
2023-02-03,2.4428021907806396,2.4595911927675287,2.4428021907806396,2.451196691774084,259866314
2023-02-06,2.4511964321136475,2.4511964321136475,2.4344074319052527,2.44280193200945,193454209
2023-02-07,2.4511964321136475,2.4511964321136475,2.44280193200945,2.4511964321136475,111893889
2023-02-08,2.4511964321136475,2.4595909322178446,2.44280193200945,2.4511964321136475,227574277
2023-02-09,2.4595909118652344,2.4595909118652344,2.4511964118305,2.4595909118652344,141700529
2023-02-10,2.4595909118652344,2.4595909118652344,2.4511964118305,2.4595909118652344,130485465
2023-02-13,2.4511964321136475,2.4595909322178446,2.44280193200945,2.4511964321136475,288264744
2023-02-14,2.4428021907806396,2.451196691774084,2.4428021907806396,2.451196691774084,117038776
2023-02-15,2.4428021907806396,2.451196691774084,2.4428021907806396,2.451196691774084,194154261
2023-02-16,2.4428021907806396,2.451196691774084,2.4428021907806396,2.4428021907806396,180787064
2023-02-17,2.4511964321136475,2.4595909322178446,2.44280193200945,2.44280193200945,356391117
2023-02-20,2.4679853916168213,2.4679853916168213,2.4511963916853325,2.4511963916853325,339037609
2023-02-21,2.4679853916168213,2.4679853916168213,2.459590891651077,2.4679853916168213,238331801
2023-02-22,2.4595909118652344,2.467985411899969,2.4595909118652344,2.467985411899969,157112359
2023-02-23,2.4595909118652344,2.4763799119347034,2.4595909118652344,2.467985411899969,284611600
2023-02-24,2.4511964321136475,2.467985432322042,2.4511964321136475,2.4595909322178446,263536600
2023-02-27,2.4511964321136475,2.4595909322178446,2.44280193200945,2.4595909322178446,236175780
2023-02-28,2.4595909118652344,2.4595909118652344,2.4428019117957653,2.4595909118652344,185698166
2023-03-01,2.4595909118652344,2.467985411899969,2.4511964118305,2.4595909118652344,338619090
2023-03-02,2.4595909118652344,2.467985411899969,2.4511964118305,2.4595909118652344,222670046
2023-03-03,2.493168830871582,2.493168830871582,2.459590831825338,2.467985331586899,583747432
2023-03-06,2.484774589538574,2.5099580914424635,2.484774589538574,2.5015635908078337,459740136
2023-03-07,2.526747226715088,2.5603252310343803,2.484774721315972,2.493169222395795,855575115
2023-03-08,2.5351414680480957,2.5351414680480957,2.501563467169155,2.5267469678283603,337071855
2023-03-09,2.526747226715088,2.5603252310343803,2.526747226715088,2.526747226715088,409131809
2023-03-10,2.501563549041748,2.5267470505251737,2.501563549041748,2.5183525500306985,341730567
2023-03-13,2.526747226715088,2.526747226715088,2.493169222395795,2.501563723475618,278804114
2023-03-14,2.526747226715088,2.5435362288747343,2.5099582245554415,2.5183527256352645,283681718
2023-03-15,2.5519301891326904,2.560324688433496,2.526746691230274,2.5351411905310792,347694380
2023-03-16,2.5771141052246094,2.6106921078765497,2.543536102572669,2.543536102572669,676203415
2023-03-17,2.585508346557617,2.610691846020633,2.568719346915606,2.585508346557617,503806166
2023-03-20,2.60229754447937,2.627481246001899,2.585508543558136,2.585508543558136,557506630
2023-03-21,2.5603249073028564,2.6274811075907984,2.5603249073028564,2.6106919074133126,447498766
2023-03-22,2.593902826309204,2.593902826309204,2.5603248272849806,2.5687193270410367,293580979
2023-03-23,2.60229754447937,2.60229754447937,2.5771140430975192,2.585508543558136,259443039
2023-03-24,2.5603249073028564,2.593902907376494,2.5603249073028564,2.593902907376494,293850984
2023-03-27,2.5603249073028564,2.5855084073580845,2.5351414072476284,2.5603249073028564,434528031
2023-03-28,2.593902826309204,2.593902826309204,2.5603248272849806,2.5603248272849806,278778801
2023-03-29,2.60229754447937,2.6190865454006036,2.585508543558136,2.585508543558136,359316211
2023-03-30,2.593902826309204,2.627481025474089,2.5855083265531484,2.610691825821316,264246343
2023-03-31,2.610692024230957,2.6274812251596904,2.6022975238369286,2.610692024230957,299611550
2023-04-03,2.60229754447937,2.6190865454006036,2.585508543558136,2.610692044939987,366963472
2023-04-04,2.644270181655884,2.644270181655884,2.5939029799946938,2.6022974802481134,426679776
2023-04-06,2.6694536209106445,2.677848120970651,2.63587562067062,2.644270120730626,418326090
2023-04-07,2.6610589027404785,2.677847901484403,2.644269903996554,2.677847901484403,249052400
2023-04-10,2.6610589027404785,2.677847901484403,2.635875404624592,2.6610589027404785,353460451
2023-04-11,2.6946372985839844,2.6946372985839844,2.652664795519263,2.661059296132207,356700706
2023-04-12,2.711426019668579,2.736609518905483,2.686242520431675,2.6946370201773098,411673090
2023-04-13,2.719820261001587,2.736609258897718,2.703031263105456,2.7114257620535214,281756452
2023-04-14,2.711426019668579,2.736609518905483,2.711426019668579,2.7282150191598484,209895593
2023-04-17,2.7701876163482666,2.7701876163482666,2.694637115952278,2.703031615996277,424177620
2023-04-18,2.8121602535247803,2.828949254430428,2.7617932508078376,2.7701877512606616,517150521
2023-04-19,2.828948974609375,2.854132673617518,2.80376547574189,2.82055447498688,463117054
2023-04-20,2.828948974609375,2.854132673617518,2.7869764764969,2.837343674372528,444196857
2023-04-21,2.7953710556030273,2.862527254633166,2.7953710556030273,2.8289490550477647,465976726
2023-04-24,2.820554733276367,2.8373439341994695,2.795371232102728,2.803765732493941,462033303
2023-04-25,2.8709218502044678,2.8877108504865445,2.81216014907653,2.81216014907653,623594102
2023-04-26,2.845738172531128,2.8709216713856582,2.7953709746814095,2.8709216713856582,670934792
2023-04-27,2.8709218502044678,2.8877108504865445,2.8373438496403147,2.845738349781353,455359201
2023-04-28,2.8709218502044678,2.8877108504865445,2.845738349781353,2.86252735006343,390995268
2023-05-04,3.0052337646484375,3.022022764439941,2.8541327665249057,2.862527266420657,748326071
2023-05-05,3.0388119220733643,3.114362625200048,3.005233920746249,3.0136284210780278,711930769
2023-05-08,3.2654638290405273,3.299041830344278,3.0388119199588624,3.055601120751412,1179848402
2023-05-09,3.2150967121124268,3.3326199199294284,3.1815187099191924,3.290647417187885,1117140060
2023-05-10,3.0304174423217773,3.198307650238205,3.0052339411554145,3.189913149849417,1170821354
2023-05-11,3.0136284828186035,3.0556011854780722,2.980050480803572,3.0220229833223615,544042911
2023-05-12,2.9884450435638428,3.030417546957021,2.963261541527936,2.9968395442424782,458137848
2023-05-15,3.0052337646484375,3.013628264544189,2.862527266420657,2.980050264961182,1002708171
2023-05-16,3.0220227241516113,3.080784422779152,2.988444725016252,2.996839224800092,659366779
2023-05-17,3.0052337646484375,3.0388117642314443,2.980050264961182,3.013628264544189,365120591
2023-05-18,3.0975735187530518,3.1227570188883607,3.013628318161353,3.013628318161353,583925529
2023-05-19,3.0388119220733643,3.0891791242047115,3.0388119220733643,3.0891791242047115,429029818
2023-05-22,3.0304174423217773,3.0723901444063912,3.0052339411554145,3.0304174423217773,390896203
2023-05-23,2.938077926635742,3.038811930910015,2.938077926635742,3.022022930197636,597172740
2023-05-24,2.86252760887146,2.9212891151714975,2.8457386070714494,2.9212891151714975,685244783
2023-05-25,2.8877108097076416,2.8961053097301366,2.8289491094095087,2.8457383095951663,434507964
2023-05-26,2.938077926635742,2.954866927348121,2.870921923786227,2.8793164241424165,306748255
2023-05-29,2.9884450435638428,2.9968395442424782,2.9464725401706646,2.9464725401706646,342975287
2023-05-30,2.938077926635742,2.9884449287728785,2.912894425567174,2.980050428416689,397539821
2023-05-31,2.954866886138916,2.954866886138916,2.9044998847042085,2.93807788566068,382594170
2023-06-01,2.9045000076293945,2.9464725106013576,2.8793165058462162,2.938078010006965,506522761
2023-06-02,2.9045000076293945,2.9296835094125724,2.887711006440609,2.9045000076293945,343754345
2023-06-05,2.9884450435638428,2.9884450435638428,2.896105536098851,2.9045000367774865,435377213
2023-06-06,2.9884450435638428,3.0472067484549754,2.9800505428852073,2.9800505428852073,374261925
2023-06-07,3.0388119220733643,3.0639956232093755,2.9800504197509126,2.9884449200826917,346899745
2023-06-08,3.1143622398376465,3.122756739130714,3.0220225474732585,3.055600744786177,503610593
2023-06-09,3.089179277420044,3.1227572804125416,3.0807847766719196,3.1227572804125416,342519522
2023-06-12,3.072390079498291,3.0891790799211774,3.038811878511846,3.080784579709734,440983239
2023-06-13,3.080784559249878,3.105968059716961,3.0472065586271007,3.0639955589384895,346555050
2023-06-14,2.9884450435638428,3.097573752526789,2.9800505428852073,3.0807847511695177,549349972
2023-06-15,3.0220227241516113,3.0472064236437926,2.988444725016252,2.988444725016252,362613781
2023-06-16,3.0052337646484375,3.0388117642314443,2.9968392647526856,3.0388117642314443,285337886
2023-06-19,2.954866886138916,3.0136283878127412,2.93807788566068,3.005233887573623,439920944
2023-06-20,2.938077926635742,2.9716559280604997,2.9212889259233634,2.9632614277043103,305483909
2023-06-21,2.963261365890503,3.005233866795901,2.921288864985105,2.938077865347264,299818969
2023-06-26,2.9128944873809814,2.9632614905869437,2.9044999868466546,2.9548669900526163,402903699
2023-06-27,2.963261365890503,2.9716558660715826,2.8877108642607863,2.9044998646229456,411394152
2023-06-28,2.954866886138916,2.971655886617152,2.9296833854215625,2.954866886138916,325250945
2023-06-29,2.9296834468841553,2.9548669481298404,2.9212889464689273,2.946472447714612,286425940
2023-06-30,2.963261365890503,2.9716558660715826,2.921288864985105,2.929683365166184,280310298
2023-07-03,3.0388119220733643,3.047206622545818,2.963261419087355,2.971655919419134,358692671
2023-07-04,2.9884450435638428,3.0388120476356564,2.9716560422065714,3.0388120476356564,372932670
2023-07-05,2.9800503253936768,2.9968393255256447,2.9548668251957246,2.9968393255256447,211622606
2023-07-06,2.946472406387329,2.9800504075772762,2.929683405792355,2.9716559072797897,343989671
2023-07-07,2.954866886138916,2.971655886617152,2.93807788566068,2.93807788566068,180537910
2023-07-10,2.946472406387329,2.9716559072797897,2.938077906089842,2.9548669066848157,179716530
2023-07-11,2.963261365890503,2.9716558660715826,2.9464723655283436,2.9548668657094233,184501600
2023-07-12,2.9800503253936768,2.9884448254596605,2.9548668251957246,2.963261325261709,220946288
2023-07-13,3.0304174423217773,3.0304174423217773,2.9800504399890517,2.9800504399890517,317188740
2023-07-14,3.0304174423217773,3.0472066432400284,3.013628441544202,3.0304174423217773,295427855
2023-07-17,3.0388119220733643,3.047206622545818,3.005233920746249,3.0388119220733643,432382887
2023-07-18,3.0407798290252686,3.076553674246682,3.0407798290252686,3.0586667516359753,400172056
2023-07-19,3.0407798290252686,3.049723290330622,3.0139492318802716,3.0407798290252686,272850265
2023-07-20,3.058666467666626,3.0676099281416604,3.0318360862415226,3.040779546716557,208740244
2023-07-21,3.0497231483459473,3.0676100701239,3.0497231483459473,3.0497231483459473,149440001
2023-07-24,3.067610025405884,3.067610025405884,3.03183618237147,3.049723103888677,156123292
2023-07-25,3.1212711334228516,3.1212711334228516,3.0676103629663887,3.0765538247091326,319508954
2023-07-26,3.1123270988464355,3.1302140190397787,3.0944401786530924,3.1123270988464355,178460145
2023-07-27,3.1659882068634033,3.201762051175927,3.1123274403946173,3.1212709014727484,300481230
2023-07-28,3.2285921573638916,3.2375356176745815,3.1481010145676813,3.1570444748783713,327432693
2023-07-31,3.2375357151031494,3.3180270735505344,3.2017618727838313,3.2375357151031494,441307391
2023-08-01,3.2464795112609863,3.2643664330947444,3.210705454364543,3.2285923761983004,214856950
2023-08-02,3.13915753364563,3.2285921361653123,3.1302140733936614,3.2285921361653123,501006450
2023-08-03,3.174931526184082,3.192818447541711,3.1033838407535654,3.1391576834688237,322527600
2023-08-04,3.174931526184082,3.219648829578155,3.174931526184082,3.192818447541711,280590470
2023-08-07,3.1570446491241455,3.1749315707327526,3.1212708059069305,3.1749315707327526,267323724
2023-08-08,3.13915753364563,3.174931374653503,3.1302140733936614,3.148100993897598,197353095
2023-08-09,3.1481010913848877,3.1659880124427286,3.1302141703270463,3.139157630855967,206402403
2023-08-10,3.1481010913848877,3.157044551913808,3.1302141703270463,3.157044551913808,183122565
2023-08-11,3.094440460205078,3.1570446865779123,3.094440460205078,3.1481012256675074,302292001
2023-08-14,3.058666467666626,3.076553388616695,3.040779546716557,3.0676099281416604,279416003
2023-08-15,3.1212711334228516,3.1302145951655955,3.049723439480901,3.058666901223645,319544012
2023-08-16,3.1212711334228516,3.1302145951655955,3.0854972864518766,3.1123276716801076,213216540
2023-08-17,3.103383779525757,3.1302141610328538,3.0765533980186595,3.1123272400281223,245525423
2023-08-18,3.1212711334228516,3.148101518651083,3.09444074819462,3.09444074819462,285772160
2023-08-21,3.067610025405884,3.1391577114747107,3.0586665646472806,3.1391577114747107,317558713
2023-08-22,3.1123270988464355,3.1212705589431073,3.0676097983630775,3.0676097983630775,316327001
2023-08-23,3.1123270988464355,3.1391574791364505,3.1033836387497638,3.1123270988464355,251081448
2023-08-24,3.103383779525757,3.1302141610328538,3.0854968585210254,3.1212707005304883,276357832
2023-08-25,3.1123270988464355,3.1302140190397787,3.0854967185564206,3.0944401786530924,260660614
2023-08-28,3.1659882068634033,3.22859243441032,3.1391578236290103,3.210705512254058,452672599
2023-08-29,3.1123270988464355,3.1659878594264654,3.0944401786530924,3.1570443993297936,397523753
2023-08-30,3.1123270988464355,3.1123270988464355,3.0854967185564206,3.1123270988464355,219117370
2023-08-31,3.094440460205078,3.1302143038466976,3.094440460205078,3.112327382025888,206704566
2023-09-01,3.0765535831451416,3.1033839662667124,3.0765535831451416,3.0944405052261885,213338839
2023-09-04,3.1123270988464355,3.1123270988464355,3.0854967185564206,3.0854967185564206,232213314
2023-09-05,3.0854969024658203,3.103383823725304,3.0854969024658203,3.103383823725304,134652188
2023-09-06,3.094440460205078,3.103383921115483,3.0854969992946732,3.0854969992946732,129955192
2023-09-07,3.094440460205078,3.103383921115483,3.0765535383842684,3.094440460205078,200640294
2023-09-08,3.0854969024658203,3.094440363095562,3.0765534418360785,3.0854969024658203,132714509
2023-09-11,3.0765535831451416,3.085497044185665,3.067610122104618,3.085497044185665,220049148
2023-09-12,3.0765535831451416,3.085497044185665,3.067610122104618,3.0765535831451416,116045524
2023-09-13,3.0854969024658203,3.094440363095562,3.0676099812063367,3.0765534418360785,205895783
2023-09-14,3.1302144527435303,3.139157914079354,3.076553684728586,3.08549714606441,455291387
2023-09-15,3.103383779525757,3.157044542539951,3.103383779525757,3.1391576215352197,355535076
2023-09-18,3.103383779525757,3.1123272400281223,3.0854968585210254,3.1123272400281223,263499145
2023-09-19,3.1570446491241455,3.1570446491241455,3.0944404234940195,3.1033838842983235,363573330
2023-09-20,3.2017617225646973,3.219648642885144,3.1481009616033573,3.1570444217635805,417744050
2023-09-21,3.18387508392334,3.2285923886806196,3.174931622971884,3.2107054667777075,280587564
2023-09-22,3.210705518722534,3.219648979818683,3.15704475214564,3.183875135434087,371428185
2023-09-25,3.2375357151031494,3.2464793889118986,3.2017618727838313,3.210705333363661,329133391
2023-09-26,3.2375357151031494,3.255422849491728,3.2196487939434904,3.2375357151031494,258603641
2023-09-27,3.18387508392334,3.2375358496320756,3.18387508392334,3.2375358496320756,315458964
2023-09-28,3.219648838043213,3.23753575944787,3.1928184559362274,3.201761916638556,263110406
2023-10-09,3.219648838043213,3.25542289408145,3.17493153453157,3.201761916638556,302263792
2023-10-10,3.2285921573638916,3.264366211835565,3.2107052367425113,3.2196486970532017,267048570
2023-10-11,3.264366388320923,3.273309849115134,3.219648871120943,3.237535792709365,370703803
2023-10-12,3.2822530269622803,3.371687627194669,3.2643661069158023,3.3090834070319968,595478698
2023-10-13,3.3269705772399902,3.3538009593271365,3.264366352369982,3.2733098130656977,507283316
2023-10-16,3.3180270195007324,3.3359139403690183,3.282253177764161,3.326970479934875,329202504
2023-10-17,3.3269705772399902,3.335914037935706,3.3090836558485592,3.3090836558485592,202920100
2023-10-18,3.344857692718506,3.35380115393317,3.3090838478598483,3.3180273090745125,313793102
2023-10-19,3.2822530269622803,3.3448572471249527,3.2733095669390413,3.3359137871017137,471854191
2023-10-20,3.2733097076416016,3.2911966284569454,3.237535652781999,3.26436624723393,420766864
2023-10-23,3.264366388320923,3.3001402314977675,3.246479466732501,3.255422927526712,291995071
2023-10-24,3.219648838043213,3.282253276188436,3.201761916638556,3.2733098154861073,402914728
2023-10-25,3.18387508392334,3.2375358496320756,3.1659881620204278,3.2375358496320756,540132729
2023-10-26,3.2375357151031494,3.2464793889118986,3.1659880304645136,3.174931491044343,423721924
2023-10-27,3.2464795112609863,3.282253354928502,3.2196489152814216,3.2464795112609863,419813535
2023-10-30,3.18387508392334,3.2464795238124604,3.1570447010689717,3.2464795238124604,603878656
2023-10-31,3.210705518722534,3.219648979818683,3.165988213241789,3.174931674337938,321090252
2023-11-01,3.2375357151031494,3.2464793889118986,3.192818412204002,3.210705333363661,309276021
2023-11-02,3.2733097076416016,3.2911966284569454,3.237535652781999,3.2464793264185863,297169100
2023-11-03,3.2375357151031494,3.273309770651387,3.2285922545233197,3.273309770651387,293657387
2023-11-06,3.2017617225646973,3.237535563205591,3.1838748022442505,3.237535563205591,374210309
2023-11-07,3.2285921573638916,3.2375356176745815,3.1838748558104415,3.1928183161211314,261554862
2023-11-08,3.219648838043213,3.23753575944787,3.2107053773408842,3.219648838043213,162671061
2023-11-09,3.2464795112609863,3.255422972177865,3.2017619934476635,3.210705454364543,254762976
2023-11-10,3.2464795112609863,3.2911968158453813,3.2375358371151797,3.2464795112609863,307448677
2023-11-13,3.2375357151031494,3.2464793889118986,3.2017618727838313,3.2464793889118986,195194414
2023-11-14,3.2464795112609863,3.2643664330947444,3.2196489152814216,3.2375358371151797,249893769
2023-11-15,3.2375357151031494,3.2643663100715576,3.2285922545233197,3.255422849491728,224659419
2023-11-16,3.264366388320923,3.273309849115134,3.219648871120943,3.237535792709365,311545298
2023-11-17,3.2464795112609863,3.2643664330947444,3.2375358371151797,3.255422972177865,192791475
2023-11-20,3.264366388320923,3.273309849115134,3.246479466732501,3.246479466732501,227433502
2023-11-21,3.2822530269622803,3.2911964869855193,3.2643661069158023,3.2733095669390413,274810201
2023-11-22,3.2733097076416016,3.2911966284569454,3.26436624723393,3.2733097076416016,163343293
2023-11-23,3.2733097076416016,3.2822531680492735,3.26436624723393,3.2733097076416016,175517401
2023-11-24,3.2733097076416016,3.2911966284569454,3.255422786826258,3.2733097076416016,222233000
2023-11-27,3.2464795112609863,3.273309894011623,3.2285923761983004,3.273309894011623,309868793
2023-11-28,3.255422830581665,3.264366291109544,3.2375356962969892,3.255422830581665,185998487
2023-11-29,3.2464795112609863,3.2643664330947444,3.2375358371151797,3.255422972177865,215374800
2023-11-30,3.2733097076416016,3.2733097076416016,3.237535652781999,3.2464793264185863,278503935
2023-12-01,3.264366388320923,3.2911967707035563,3.264366388320923,3.273309849115134,319075564
2023-12-04,3.255422830581665,3.2822532121653016,3.255422830581665,3.2733097516374228,187612717
2023-12-05,3.2285921573638916,3.264366211835565,3.2285921573638916,3.264366211835565,271783205
2023-12-06,3.1570446491241455,3.2285923355585746,3.1570446491241455,3.2285923355585746,516995691
2023-12-07,3.18387508392334,3.192818544874796,3.1391577791660596,3.1570447010689717,353005656
2023-12-08,3.1928181648254395,3.2107050845992258,3.1659877851647606,3.1838747049385465,315602573
2023-12-11,3.174931526184082,3.192818447541711,3.130214222790009,3.192818447541711,396480957
2023-12-12,3.2375357151031494,3.2464793889118986,3.1659880304645136,3.174931491044343,411889614
2023-12-13,3.2375357151031494,3.255422849491728,3.2196487939434904,3.2375357151031494,306981098
2023-12-14,3.2375357151031494,3.2643663100715576,3.2285922545233197,3.2464793889118986,216057045
2023-12-15,3.2017617225646973,3.2554226967549473,3.2017617225646973,3.2464792365947237,266197966
2023-12-18,3.2375357151031494,3.255422849491728,3.174931491044343,3.2017618727838313,308682749
2023-12-19,3.255422830581665,3.255422830581665,3.2196487752412315,3.246479370053786,262120577
2023-12-20,3.2464795112609863,3.282253354928502,3.2464795112609863,3.255422972177865,303765282
2023-12-21,3.2285921573638916,3.246479291214185,3.2196486970532017,3.246479291214185,322125122
2023-12-22,3.2464795112609863,3.255422972177865,3.2285923761983004,3.2375358371151797,285183570
2023-12-25,3.2733097076416016,3.2733097076416016,3.2464793264185863,3.2464793264185863,209268966
2023-12-26,3.2822530269622803,3.2911964869855193,3.2554226468925633,3.2733095669390413,230749363
2023-12-27,3.300140380859375,3.3090838420583597,3.2554230748644515,3.2822534584614056,341089772
2023-12-28,3.2464795112609863,3.318027198596018,3.2375358371151797,3.30014027676226,565540560
2023-12-29,3.255422830581665,3.2733097516374228,3.2375356962969892,3.246479370053786,323725330
2024-01-02,3.2733097076416016,3.2911966284569454,3.2464793264185863,3.255422786826258,347908816
2024-01-03,3.3269705772399902,3.3269705772399902,3.2733098130656977,3.282253273761413,478476267
2024-01-04,3.371687889099121,3.380631349817066,3.3090836640735057,3.326970585509396,388624371
2024-01-05,3.335914134979248,3.380631439758676,3.326970674023362,3.3716879788027905,492790067
2024-01-08,3.3269705772399902,3.3448574986314212,3.3090836558485592,3.335914037935706,393248434
2024-01-09,3.3269705772399902,3.335914037935706,3.282253273761413,3.3269705772399902,383728571
2024-01-10,3.3180270195007324,3.3359139403690183,3.3090835590665897,3.326970479934875,259581257
2024-01-11,3.264366388320923,3.3269706138804005,3.255422927526712,3.31802715308619,375408554
2024-01-12,3.3090834617614746,3.318026921932631,3.255422700734537,3.255422700734537,329581703
2024-01-15,3.3180270195007324,3.326970479934875,3.300140098632447,3.3090835590665897,223625502
2024-01-16,3.344857692718506,3.35380115393317,3.3090838478598483,3.3090838478598483,344926503
2024-01-17,3.3090834617614746,3.3538007626172557,3.3090834617614746,3.3448573024460995,333368559
2024-01-18,3.300140380859375,3.326970764456329,3.2017620944416088,3.300140380859375,745692871
2024-01-19,3.2911970615386963,3.3001405231232197,3.24647975361608,3.2911970615386963,405931444
2024-01-22,3.2911970615386963,3.326970907876789,3.27331013836965,3.2822535999541733,544068685
2024-01-23,3.2911970615386963,3.3090839847077427,3.24647975361608,3.2911970615386963,401466794
2024-01-24,3.3538010120391846,3.3538010120391846,3.291196786185219,3.3001402470214996,490304742
2024-01-25,3.3985180854797363,3.407461545708805,3.3538007843343935,3.362744244563462,449132170
2024-01-26,3.452178716659546,3.470065849672004,3.3806310375253283,3.398517957308883,476095886
2024-01-29,3.496896505355835,3.514783426551196,3.452178989138512,3.4611224497361928,450684032
2024-01-30,3.4700663089752197,3.514783614352956,3.452179173595194,3.4968966922018616,354295063
2024-01-31,3.4790096282958984,3.514783471140455,3.443235572222419,3.461122493644697,380667926
2024-02-01,3.4790096282958984,3.4968965497181768,3.470066167584759,3.4790096282958984,328050261
2024-02-02,3.5237269401550293,3.550557322351671,3.470066175761746,3.4790096364939602,557629443
2024-02-05,3.5952746868133545,3.6042183609257403,3.5058400779787644,3.5147835388622233,661851274
2024-02-06,3.657879114151001,3.6847092834838784,3.586331427319524,3.5952746749445326,687823749
2024-02-07,3.5952746868133545,3.6399922044595763,3.5147835388622233,3.6399922044595763,748710334
2024-02-08,3.541614055633545,3.568444439299989,3.487953288300657,3.568444439299989,495683919
2024-02-19,3.648935317993164,3.648935317993164,3.50583994911746,3.5505572518911177,572990818
2024-02-20,3.7115399837493896,3.7383701538375,3.63104862056933,3.6489355427806918,397118593
2024-02-21,3.738369941711426,3.783087457931359,3.6936528519493326,3.7025960993186153,432909990
2024-02-22,3.7562568187713623,3.765200492493396,3.7204829767988987,3.7383698977851307,290876084
2024-02-23,3.809918165206909,3.845692008653728,3.7562569735788274,3.7562569735788274,369425619
2024-02-26,3.7025959491729736,3.8278048189282496,3.6936527021663528,3.8099178984571846,427076834
2024-02-27,3.7204833030700684,3.7562571481797518,3.6757662099119,3.6936531324667423,310696508
2024-02-28,3.7204833030700684,3.7473139001312674,3.6757662099119,3.7204833030700684,390336077
2024-02-29,3.7473134994506836,3.7473134994506836,3.7025959846160523,3.7115396581661093,295696680
2024-03-01,3.7920308113098145,3.800974485386965,3.7294267986011724,3.7383700462204703,367474144
2024-03-04,3.7920308113098145,3.800974485386965,3.7652006419940687,3.7920308113098145,359837139
2024-03-05,3.8814656734466553,3.8993525943467757,3.7741437215880986,3.7830873952670756,432530191
2024-03-06,3.809918165206909,3.9351266172707757,3.7920308170256467,3.8814658521005474,425783690
2024-03-07,3.8278050422668457,3.8367482897952727,3.800974446765869,3.809918120752144,327328697
2024-03-08,3.818861246109009,3.8456918407516314,3.8099179988666907,3.818861246109009,335741384
2024-03-11,3.7920308113098145,3.827805081160563,3.7652006419940687,3.818861407083413,374205910
2024-03-12,3.7025959491729736,3.7920305515282973,3.7025959491729736,3.7830873045216764,472814058
2024-03-13,3.684709310531616,3.720483154209954,3.67576606284096,3.6936529846801287,283314318
2024-03-14,3.7204833030700684,3.7294269775764257,3.684709457960385,3.684709457960385,241845428
2024-03-15,3.7204833030700684,3.7562571481797518,3.7204833030700684,3.7204833030700684,303804340
2024-03-18,3.693652868270874,3.729426710821762,3.6847091944042307,3.720483036955119,296072984
2024-03-19,3.657879114151001,3.6936529575667394,3.631048518360271,3.6936529575667394,382805956
2024-03-20,3.693652868270874,3.702596115679675,3.6399921044445414,3.6489353518533423,304603699
2024-03-21,3.7025959491729736,3.7294265431084823,3.684709028701909,3.6936527021663528,289826682
2024-03-22,3.738369941711426,3.738369941711426,3.68470917812221,3.7025960993186153,331088177
2024-03-25,3.7652008533477783,3.7741441014690915,3.720483333367583,3.729427007946773,370160929
2024-03-26,3.7830872535705566,3.792030500456729,3.7383697397662448,3.7830872535705566,366546270
2024-03-27,3.8278050422668457,3.854635211309975,3.774143851264892,3.783087525251167,389933579
2024-03-28,3.729426622390747,3.8278049003018957,3.711539701539432,3.8188612266473223,506524869
2024-03-29,3.7830872535705566,3.818861094030879,3.7204828195360835,3.729426492880073,254268099
2024-04-01,3.7830872535705566,3.800974173800718,3.7652003333403954,3.7830872535705566,253839301
2024-04-02,3.818861246109009,3.8546350879939495,3.783087404224068,3.783087404224068,372701218
2024-04-03,3.8367483615875244,3.845692035741151,3.8009745178887298,3.8188614397381273,242020947
2024-04-08,3.8814656734466553,3.8993525943467757,3.8188612370673165,3.8278049107462935,349929180
2024-04-09,3.8278050422668457,3.9082959758540805,3.809918120752144,3.890409054339379,390822351
2024-04-10,3.8367483615875244,3.8635789575905486,3.827805113891754,3.827805113891754,285638906
2024-04-11,3.818861246109009,3.8456918407516314,3.800974325166538,3.836748167051479,258490466
2024-04-12,3.8278050422668457,3.8367482897952727,3.809918120752144,3.818861368280571,296029874
2024-04-15,3.9082956314086914,3.9172393046067437,3.827804704915272,3.827804704915272,404908248
2024-04-16,3.9619569778442383,3.9887875749532133,3.8814660394330605,3.908296210084162,500280119
2024-04-17,3.9887874126434326,3.9977306603439278,3.89040912919085,3.944069894767389,429792204
2024-04-18,4.015617370605469,4.0961087279578265,3.961956607856508,3.970900281543585,498903823
2024-04-19,4.060335159301758,4.069278833590559,3.9977307186537367,4.0066743929425375,303085396
2024-04-22,4.024560928344727,4.131882450750709,4.0066740079437295,4.069278442576129,399069328
2024-04-23,4.024560928344727,4.078221689547718,3.9709001671417354,4.024560928344727,339834801
2024-04-24,4.015617370605469,4.051391638895943,3.988787202459905,4.024561044292546,279718551
2024-04-25,4.069278717041016,4.069278717041016,3.9977306041534257,4.015617525760861,305928148
2024-04-26,3.9798436164855957,4.096108818232992,3.9798436164855957,4.069278649496111,535165949
2024-04-29,3.9440701007843018,3.9887876209961473,3.926183177991139,3.979843946370627,421875192
2024-04-30,3.935126543045044,3.9709003858170844,3.9261828691231115,3.935126543045044,319000625
2024-05-06,3.890408754348755,3.961956434890499,3.8814655075099447,3.944069514755063,452435189
2024-05-07,3.9172396659851074,3.926182913550394,3.854635227196705,3.8814658228082632,418324720
2024-05-08,3.9619569778442383,3.970900652366521,3.908296210084162,3.9172398846064445,388237247
2024-05-09,3.9172396659851074,3.9619567567272385,3.8993527443966856,3.9619567567272385,390411529
2024-05-10,3.9082956314086914,3.935126224545038,3.8993523846684495,3.9082956314086914,291749476
2024-05-13,3.9172396659851074,3.926182913550394,3.8814658228082632,3.9082959919619715,302894385
2024-05-14,3.8814656734466553,3.917239515246896,3.8814656734466553,3.917239515246896,262960886
2024-05-15,3.8814656734466553,3.8904089206677988,3.8725219997676783,3.8814656734466553,171006580
2024-05-16,3.890408754348755,3.908295674484191,3.872521834213319,3.8814655075099447,273656413
2024-05-17,3.9172396659851074,3.9172396659851074,3.8904090703735497,3.8993527443966856,293995274
2024-05-20,3.9082956314086914,3.9619563912235742,3.8993523846684495,3.9261825513469857,379047719
2024-05-21,3.9440701007843018,3.953013775409822,3.8993530070303346,3.9082962551979765,305281277
2024-05-22,3.9530136585235596,3.9709005807878257,3.935126736259294,3.944069984162494,268460900
2024-05-23,3.935126543045044,3.961956711895152,3.9261828691231115,3.953013464431064,269649468
2024-05-24,3.926182746887207,3.9619565885454815,3.926182746887207,3.9351264205306915,269536495
2024-05-27,3.9798436164855957,3.9887872903697845,3.926182852553992,3.935126526438181,391169135
2024-05-28,3.9887874126434326,4.0066743345022795,3.9709004907845866,3.9887874126434326,252308393
2024-05-29,3.9619569778442383,4.006674497539906,3.953013729779829,3.9798439004309305,330722000
2024-05-30,3.926182746887207,3.9887871830181036,3.9172394997015543,3.9619565885454815,326976086
2024-05-31,3.926182746887207,3.9440696677163443,3.9172394997015543,3.926182746887207,216688761
2024-06-03,3.9440701007843018,3.9440701007843018,3.8993530070303346,3.926183177991139,320118345
2024-06-04,3.9440701007843018,3.9619570235774644,3.93512685261666,3.9440701007843018,245781843
2024-06-05,3.970900535583496,3.9798437833848874,3.926183017202958,3.9440699392636014,331084396
2024-06-06,3.9619569778442383,3.9798439004309305,3.953013729779829,3.9619569778442383,399856265
2024-06-07,4.019418239593506,4.028853259217986,3.9816768113717345,4.000547300528645,498968556
2024-06-11,3.934500217437744,4.038288117033,3.925064749334593,4.019417630734579,532843438
2024-06-12,3.925065040588379,3.943935528287057,3.8495830897936663,3.9345005093916754,410313193
2024-06-13,3.9816761016845703,3.991111569535239,3.9156296263613695,3.925064644304168,367846299
2024-06-14,4.009982109069824,4.019417577046946,3.9722411369770914,3.9722411369770914,363099258
2024-06-17,3.934500217437744,4.009982162631427,3.9156297311393233,4.000546694528277,423514900
2024-06-18,3.943934917449951,3.9533703847918815,3.86845297834589,3.9344999000158665,308588929
2024-06-19,3.9816761016845703,3.9816761016845703,3.934500112154837,3.9439351300976355,295415352
2024-06-20,4.000546455383301,4.000546455383301,3.972240952581659,3.981675970212921,253004000
2024-06-21,3.9533708095550537,4.009982269965621,3.9533708095550537,4.000546801609913,340734829
2024-06-24,4.009982109069824,4.019417577046946,3.9439351829536036,3.953370650930725,368522357
2024-06-25,4.019418239593506,4.028853259217986,3.991112280904165,4.009982770061075,331246679
2024-06-26,4.038288593292236,4.057159081816165,4.009982635552375,4.019418104768307,291574363
2024-06-27,4.076029300689697,4.094899787965246,4.038288326138599,4.038288326138599,390084508
2024-06-28,4.113770008087158,4.132640494137233,4.0571585499369345,4.085464054058108,372775669
2024-07-01,4.189251899719238,4.198686917671943,4.104334488605538,4.113769956466114,347487492
2024-07-02,4.264734268188477,4.283604755883243,4.179816848608069,4.1892523174094105,409826334
2024-07-03,4.2364277839660645,4.283604222280231,4.198686813277875,4.274169204562113,346364946
2024-07-04,4.274169445037842,4.302474949692595,4.226993004069408,4.226993004069408,294532089
2024-07-05,4.274169445037842,4.274169445037842,4.274169445037842,4.274169445037842,0
2024-07-08,4.245863437652588,4.274169391863071,4.189251979139499,4.198686997271074,319523738
2024-07-09,4.274169445037842,4.274169445037842,4.189252031257815,4.236428022318364,375290516
2024-07-10,4.293039798736572,4.302474816693872,4.255298827091633,4.264733845048933,274987027
2024-07-11,4.2552995681762695,4.293040546394015,4.226993609558987,4.283605076885604,300371797
2024-07-12,4.340216159820557,4.349651628493315,4.245863722632527,4.2552991913052844,375589323
2024-07-15,4.453438758850098,4.48174471289098,4.340215842502321,4.340215842502321,405399317
2024-07-16,4.444004058837891,4.510050989721758,4.39682761536257,4.462874546246438,358260037
2024-07-17,4.453438758850098,4.48174471289098,4.406262768659129,4.444003740775054,277364758
2024-07-18,4.453438758850098,4.48174471289098,4.406262768659129,4.4628742268330175,294750775
2024-07-19,4.444004058837891,4.45343907758821,4.368522109203703,4.444004058837891,408771452
2024-07-22,4.377957344055176,4.434568809075225,4.330781348159101,4.425133789859182,457134710
2024-07-23,4.472309112548828,4.519485551251473,4.359086199551915,4.36852166725559,488912990
2024-07-24,4.500615119934082,4.53835609138741,4.4345681949368245,4.462874148480754,447234096
2024-07-25,4.453438758850098,4.510050666931862,4.396827300676209,4.5006151989489425,424939788
2024-07-26,4.359086513519287,4.453438947812539,4.302475052943336,4.444003929337161,487745702
2024-07-29,4.434568405151367,4.444003873415909,4.302474998803016,4.349651440309944,387861452
2024-07-30,4.434568405151367,4.462874360037102,4.3968274319089815,4.434568405151367,290689611
2024-07-31,4.330780982971191,4.453438921884349,4.321345514642853,4.444003903463903,515491417
2024-08-01,4.3685221672058105,4.396827673740496,4.255299241251237,4.311910704228524,432391153
2024-08-02,4.387392044067383,4.406262529099395,4.330780588971347,4.359086091565439,320365703
2024-08-05,4.3685221672058105,4.415698161399592,4.33078119188762,4.387392654864906,411757396
2024-08-06,4.311910629272461,4.387392578596703,4.283604673321917,4.368522091265643,356759089
2024-08-07,4.293039798736572,4.34965125620398,4.283604330871402,4.311910284559041,257200532
2024-08-08,4.311910629272461,4.321345647984038,4.283604673321917,4.302475160652977,193205630
2024-08-09,4.349651336669922,4.3590863548017635,4.293039878155235,4.311910364326797,238618616
2024-08-12,4.377957344055176,4.406263301519166,4.330781348159101,4.349651836499117,261855600
2024-08-13,4.396827220916748,4.434568192348044,4.359086249485452,4.3779567352011,293070061
2024-08-14,4.396827220916748,4.425133174444154,4.3779567352011,4.387392203012858,220046871
2024-08-15,4.4156975746154785,4.425133042145143,4.377956604312532,4.396827089464005,279748151
2024-08-16,4.491180896759033,4.491180896759033,4.415698490587563,4.4251339600744775,373228603
2024-08-19,4.613838195800781,4.623273663948335,4.472309322942671,4.491180259237778,416477384
2024-08-20,4.642143726348877,4.661014211012578,4.585532272357773,4.6138377743994035,415826992
2024-08-21,4.594967842102051,4.632708815966338,4.528921362793496,4.623273797454215,391082286
2024-08-22,4.632708549499512,4.661014503223558,4.576097091959292,4.585532559836597,402336003
2024-08-23,4.642143726348877,4.651578743726806,4.557226320408301,4.632708259063104,345371159
2024-08-26,4.642143726348877,4.651578743726806,4.585532272357773,4.632708259063104,273402350
2024-08-27,4.698755741119385,4.7176262280352095,4.6327088119600495,4.64214428037191,381702624
2024-08-28,4.661015033721924,4.727061966656652,4.632709076776205,4.698756009710934,357092958
2024-08-29,4.444004058837891,4.670449907740451,4.434568590179663,4.651579420331905,646856979
2024-08-30,4.264734268188477,4.453439145136142,4.24586378049371,4.406263150853183,888808394
2024-09-02,4.42513370513916,4.444004193117897,4.255299313330524,4.274169801309262,683283521
2024-09-03,4.226993083953857,4.415697951578091,4.189252110429011,4.415697951578091,700503025
2024-09-04,4.264734268188477,4.321345731272776,4.1892523174094105,4.198687336302836,492974830
2024-09-05,4.245863437652588,4.302474896165677,4.2175574834421035,4.264733923823617,345648125
2024-09-06,4.2552995681762695,4.311911035502887,4.245864098667859,4.2552995681762695,282334697
2024-09-09,4.264734268188477,4.283604755883243,4.1892523174094105,4.24586378049371,352387584
2024-09-10,4.340216159820557,4.387392603368526,4.2552991913052844,4.264734210070133,391287451
2024-09-11,4.208122730255127,4.349651610402487,4.189252242896006,4.340216141768973,458307211
2024-09-12,4.226993083953857,4.245863570716281,4.132640650141741,4.198687128856276,366433223
2024-09-13,4.189251899719238,4.255298825019658,4.151510928092676,4.2269928713458,332610579
2024-09-18,4.245863437652588,4.245863437652588,4.189251979139499,4.198686997271074,283111784
2024-09-19,4.245863437652588,4.2836044099946475,4.189251979139499,4.245863437652588,385250181
2024-09-20,4.283604145050049,4.293039612505911,4.236427707586438,4.245863175042301,432598866
2024-09-23,4.359086513519287,4.3685219819025605,4.264734079226035,4.274169547609309,314067992
2024-09-24,4.528921127319336,4.528921127319336,4.368521771781878,4.3873922577328806,596147576
2024-09-25,4.566662311553955,4.689320250984667,4.491180364240319,4.594967816842622,610847482
2024-09-26,4.613838195800781,4.623273663948335,4.528921232012222,4.566662204786668,547069487
2024-09-27,4.434568405151367,4.651579226249032,4.406262900173523,4.642144207892381,825882040
2024-09-30,4.528921127319336,4.623273557074349,4.302474845999432,4.425133229634885,1767690237
2024-10-08,4.491180896759033,4.878026147563557,4.444004449140358,4.73649725461548,1654129811
2024-10-09,4.406262397766113,4.528920771772156,4.387391913296556,4.453438383986088,1039787124
2024-10-10,4.547791957855225,4.62327390737848,4.415698096281619,4.42513356492598,1079928263
2024-10-11,4.557226657867432,4.661014556157123,4.5100506676687555,4.547791639790847,726585464
2024-10-14,4.745932102203369,4.77423760713911,4.604403227800999,4.623273714394123,956934793
2024-10-15,4.642143726348877,4.764802101616855,4.642143726348877,4.727061132289453,597249678
2024-10-16,4.736496448516846,4.755366934371181,4.623273533390835,4.64214401924517,558952197
2024-10-17,4.698755741119385,4.764802670278721,4.698755741119385,4.736496714951035,423090837
2024-10-18,4.679885387420654,4.727061831007084,4.585532950155703,4.708190893646185,699459832
2024-10-21,4.566662311553955,4.651579277327849,4.538356356357394,4.651579277327849,718684413
2024-10-22,4.5855326652526855,4.613838169719571,4.538356224597368,4.566662178972135,495719764
2024-10-23,4.57609748840332,4.594967975884879,4.557227000921761,4.57609748840332,379048777
2024-10-24,4.594967842102051,4.623273797454215,4.557226868237763,4.576097355169907,328284083
2024-10-25,4.547791957855225,4.6044034199976664,4.528921470474411,4.594967951353305,382415051
2024-10-28,4.491180896759033,4.538356894469761,4.453439468719324,4.528921874890794,546379124
2024-10-29,4.5194854736328125,4.52892094117444,4.472309035740386,4.481744503282013,428848378
2024-10-30,4.444004058837891,4.5289214771303055,4.444004058837891,4.510050989721758,386774559
2024-10-31,4.462874412536621,4.500615386222977,4.434568457317907,4.462874412536621,379583735
2024-11-01,4.5100507736206055,4.519485791918841,4.444003845901406,4.453438864199642,455425800
2024-11-04,4.5100507736206055,4.519485791918841,4.444003845901406,4.500615305414483,378411629
2024-11-05,4.528921127319336,4.528921127319336,4.481744687487892,4.4911801554173305,364239869
2024-11-06,4.500615119934082,4.53835609138741,4.481744634207418,4.519485605660746,323639300
2024-11-07,4.528921127319336,4.528921127319336,4.4628742015368905,4.4911801554173305,441466465
2024-11-08,4.491180896759033,4.538356894469761,4.472309957785205,4.51948640540388,464151867
2024-11-11,4.42513370513916,4.472309700132042,4.415698236195831,4.462874681096635,496011583
2024-11-12,4.387392044067383,4.453438516725499,4.377956576597451,4.415697546661475,452765323
2024-11-13,4.396827220916748,4.425133174444154,4.36852171729721,4.387392203012858,336614896
2024-11-14,4.42513370513916,4.453439212153305,4.377957260238356,4.387392729181686,451701588
2024-11-15,4.434568405151367,4.4817448466582945,4.3873924135523295,4.425133386794716,513685557
2024-11-18,4.528921127319336,4.557226631291902,4.453438733607452,4.453438733607452,705066789
2024-11-19,4.48174524307251,4.547792177042538,4.434568797392785,4.528921688752234,568459472
2024-11-20,4.500615119934082,4.519485605660746,4.462874148480754,4.4723091663901515,361954630
2024-11-21,4.500615119934082,4.510050587751348,4.481744634207418,4.491180102024684,218603300
2024-11-22,4.434568405151367,4.519485819900681,4.434568405151367,4.500615333279488,319265800
2024-11-25,4.462874412536621,4.481744899379799,4.434568457317907,4.453438944161085,331071600
2024-11-26,4.538356304168701,4.55722679078011,4.444003871111659,4.462874357723067,505542900
2024-11-27,4.557226657867432,4.585532611912939,4.51948568574534,4.528921153729801,427256585
2024-11-28,4.57609748840332,4.594967975884879,4.519486025958642,4.547791982134936,401482270
2024-11-29,4.538356304168701,4.604403232262576,4.528921285816942,4.594967764002927,428412159
2024-12-02,4.547791957855225,4.547791957855225,4.500615514449236,4.547791957855225,354507693
2024-12-03,4.613838195800781,4.613838195800781,4.5383562502518915,4.5383562502518915,467673140
2024-12-04,4.632708549499512,4.651579035346252,4.585532559836597,4.613838063652771,380647781
2024-12-05,4.642143726348877,4.670449228390507,4.623273241685176,4.623273241685176,277911802
2024-12-06,4.670449733734131,4.717626175451805,4.632708760323148,4.6421442286298396,510451849
2024-12-09,4.727061748504639,4.764802722751917,4.64214433149431,4.670449837225819,505562236
2024-12-10,4.7648024559021,4.793107960048376,4.689320061726986,4.755366987914757,622946558
2024-12-11,4.689320087432861,4.7836729681920085,4.689320087432861,4.7553670139826885,469504266
2024-12-12,4.745932102203369,4.745932102203369,4.661014687580369,4.698755660766617,419912500
2024-12-13,4.717626571655273,4.755367548235881,4.6987560833649695,4.72706204075439,487565968
2024-12-16,4.821413993835449,4.84971949844982,4.708190625654313,4.708190625654313,566716083
2024-12-17,4.811978816986084,4.906331254592103,4.802543798179438,4.821414285700642,428242394
2024-12-18,4.811978816986084,4.896896235785457,4.79310832946488,4.830849304507288,544508325
2024-12-19,4.755366802215576,4.821413725824186,4.745931784504552,4.811978258205302,482170021
2024-12-20,4.755366802215576,4.811978258205302,4.745931784504552,4.755366802215576,504798615
2024-12-23,4.8968963623046875,4.906331381355103,4.755367477285076,4.764802946243414,695987733
2024-12-24,4.953507423400879,4.962942891591713,4.859154991031963,4.8874604957886945,432904076
2024-12-25,5.0101189613342285,5.113906863520406,4.953507501025738,4.962942969364433,566560001
2024-12-26,5.000683784484863,5.028989288788461,4.915766371758313,5.01011880261677,430140127
2024-12-27,5.0101189613342285,5.028989448103725,4.868590085609057,4.9818134561339305,513680713
2024-12-30,5.066730499267578,5.08560098632618,4.98181353245782,4.991248551033171,420717713
2024-12-31,5.038424968719482,5.132777403545936,5.038424968719482,5.066730474213469,463019101
2025-01-02,4.9063310623168945,5.095036380041632,4.878025557098314,5.038424919696579,640437445
2025-01-03,4.85915470123291,4.934636642626314,4.811978262908102,4.896895671929612,533097569
2025-01-06,4.8968963623046875,4.915766850313441,4.764802946243414,4.868590405337596,494520558
2025-01-07,4.962943077087402,4.962943077087402,4.830849216925874,4.878025659827549,526716170
2025-01-08,4.998064041137695,5.055956621526627,4.959468987545074,4.978766514341385,533196411
2025-01-09,4.959468841552734,5.017361420237476,4.911225256026775,4.998063894009229,404790000
2025-01-10,4.920874118804932,4.98841569517388,4.882279063762489,4.959469173847374,354495999
2025-01-13,4.853332996368408,4.920874112562327,4.785791420085142,4.901576585065586,428715940
2025-01-14,4.872630596160889,4.920874185573862,4.834035540594768,4.843684074441621,456482340
2025-01-15,4.891928195953369,4.978766842210732,4.862981673808008,4.8726306678862485,474262127
2025-01-16,4.920874118804932,4.940171646326153,4.862981536241267,4.911225585088995,351748261
2025-01-17,4.872630596160889,4.930523179510069,4.862981602224681,4.901576657790802,339698192
2025-01-20,4.834035396575928,4.891927978200333,4.82438640292719,4.882278984551595,348904694
2025-01-21,4.834035396575928,4.872630450992198,4.795439882070317,4.843683930135325,307439396
2025-01-22,4.756844520568848,4.843683617444098,4.727898461669971,4.834035084507576,474527102
2025-01-23,4.882278919219971,4.901576446169878,4.766493757520525,4.766493757520525,656489943
2025-01-24,4.862981796264648,4.901576853370766,4.795440216284255,4.872630790585864,427648938
2025-01-27,4.978766441345215,5.017361494371975,4.862981282264936,4.862981282264936,564788552
2025-02-05,4.872630596160889,5.007713290642309,4.862981602224681,4.9884157628592485,499457595
2025-02-06,4.862981796264648,4.901576853370766,4.8340357334797455,4.872630790585864,348691239
2025-02-07,4.843684196472168,4.862981724741405,4.805089139933694,4.853333190651469,476028741
2025-02-10,4.843684196472168,4.872630718920706,4.814737674023629,4.843684196472168,328317651
2025-02-11,4.930522918701172,4.930522918701172,4.834035284889759,4.843683818226235,482172342
2025-02-12,4.959468841552734,4.969117834711517,4.891927729798527,4.9305227822550215,380808837
2025-02-13,4.978766441345215,5.007712961159946,4.930522855106427,4.940171388318455,377767628
2025-02-14,5.027010440826416,5.027010440826416,4.959468868614347,4.988415388159325,359921296
2025-02-17,5.055956840515137,5.065605834375884,4.969118196215166,5.017361785250849,393042238
2025-02-18,5.104200839996338,5.142795894885247,5.036659263896074,5.046308257662974,459200967
2025-02-19,5.065606117248535,5.123498703377793,5.065606117248535,5.094552640357852,350572483
2025-02-20,5.084903240203857,5.113849761003361,5.055956719404354,5.0656057130339684,257506127
2025-02-21,4.998064041137695,5.094552135208578,4.988415507784206,5.084903141765757,494717033
2025-02-24,4.959468841552734,5.007712887168011,4.9305227822550215,4.978766367780982,438225855
2025-02-25,4.930522918701172,4.98841549898802,4.920873925275365,4.959468978799931,413169171
2025-02-26,4.940171718597412,5.0077132959544475,4.930523184740324,4.930523184740324,449048190
2025-02-27,4.978766441345215,4.998063967858594,4.901576335291696,4.940171388318455,429727954
2025-02-28,4.949820518493652,5.017361633113486,4.949820518493652,4.969118045540653,526431366
2025-03-03,4.930522918701172,4.978766505562214,4.9015763985130825,4.959468978799931,455197311
2025-03-04,4.901576519012451,4.949820567148844,4.891927985438778,4.930523039912155,414261193
2025-03-05,4.978766441345215,5.017361494371975,4.882278808778316,4.901576335291696,632038292
2025-03-06,4.930522918701172,4.978766505562214,4.920873925275365,4.969117972225737,606352532
2025-03-07,4.920874118804932,4.9498206401314375,4.911225585088995,4.930523112610216,363698681
2025-03-10,4.882278919219971,4.930522966639407,4.862981392270063,4.920873973119786,471574624
2025-03-11,4.91122579574585,4.91122579574585,4.862981744828793,4.872630739047952,433933060
2025-03-12,4.872630596160889,4.901576657790802,4.853333068377828,4.8919281239439485,413644672
2025-03-13,4.901576519012451,4.92087404624914,4.8629814645390725,4.872630458202088,383534700
2025-03-14,4.91122579574585,4.940171858224589,4.901576801526691,4.91122579574585,517636031
2025-03-17,4.949820518493652,4.959469051972484,4.911225464399652,4.920873997878483,380446373
2025-03-18,4.940171718597412,4.959469246400943,4.930523184740324,4.959469246400943,273808270
2025-03-19,4.988415718078613,4.998064251838852,4.940171669009369,4.949820662858958,423575341
2025-03-20,4.959468841552734,5.007712887168011,4.949820308483269,4.988415360939764,289062972
2025-03-21,4.91122579574585,4.969118380792696,4.901576801526691,4.959469386573538,333636660
2025-03-24,4.959468841552734,4.969117834711517,4.901576262867993,4.911225256026775,389400752
2025-03-25,4.988415718078613,4.988415718078613,4.959469196619197,4.969118190468786,256160980
2025-03-26,4.969118118286133,4.98841564561564,4.949820590956626,4.98841564561564,252538632
2025-03-27,4.969118118286133,5.017361706565228,4.9594691245767075,4.969118118286133,351414202
2025-03-28,4.920874118804932,4.969118167652659,4.920874118804932,4.959469173847374,315648172
2025-03-31,4.998064041137695,5.007713034580516,4.920873933952453,4.949820454191585,560112297
2025-04-01,4.949820518493652,4.998064106066486,4.920873997878483,4.988415572587654,479432838
2025-04-02,4.988415718078613,4.998064251838852,4.940171669009369,4.940171669009369,386085415
2025-04-03,5.036659240722656,5.036659240722656,4.969118125022492,4.978766658655654,500442189
2025-04-07,4.853332996368408,4.988415688845593,4.7471963650916615,4.978766695052548,1099362749
2025-04-08,4.930522918701172,4.9498204454634545,4.843683818226235,4.843683818226235,740559077
2025-04-09,4.901576519012451,4.94017157348583,4.853332930965399,4.9112255126754665,579354616
2025-04-10,4.901576519012451,4.9112255126754665,4.872630458202088,4.901576519012451,470964082
2025-04-11,4.949820518493652,4.949820518493652,4.882278943784483,4.911225464399652,486043471
2025-04-14,4.998064041137695,5.017361567934006,4.930522927395274,4.940171460748764,457336353
2025-04-15,5.113849639892578,5.113849639892578,4.988415486214273,4.998064019526042,603848637
2025-04-16,5.181390762329102,5.191039755746934,5.094552122015256,5.113849648761591,502554790
2025-04-17,5.181390762329102,5.191039755746934,5.113849648761591,5.171742229000598,346221134
2025-04-18,5.229634761810303,5.2489322883816225,5.1717421820963425,5.1717421820963425,355933274
2025-04-21,5.181390762329102,5.326122442971284,5.171742229000598,5.219985815821773,443958377
2025-04-22,5.306825160980225,5.335771682479431,5.171742467525746,5.1813910012992475,488773117
2025-04-23,5.287527561187744,5.335771609664944,5.2585810400835555,5.316474082291933,311756974
2025-04-24,5.3936638832092285,5.422609942568051,5.277878265505984,5.287527258685137,396038873
2025-04-25,5.355069160461426,5.451556797748524,5.316474105546587,5.4033127490603015,402521523
2025-04-28,5.412961483001709,5.432259009532812,5.345419910098185,5.345419910098185,315202274
2025-04-29,5.3936638832092285,5.432258935747204,5.355068830671253,5.403312416299063,298269012
2025-04-30,5.229634761810303,5.384014974380863,5.18139071533734,5.374366441139865,655943330
2025-05-06,5.191039562225342,5.248932140306118,5.152444510171491,5.229634614279193,483562362
2025-05-07,5.268229961395264,5.268229961395264,5.171742325856572,5.2103373800720485,498874191
2025-05-08,5.248932838439941,5.316474418562198,5.239283844098459,5.268230367033532,359551185
2025-05-09,5.316473960876465,5.335771487808766,5.248932386568741,5.258580919990226,397102737
2025-05-12,5.326122760772705,5.355069282664067,5.268230177079338,5.306825232874916,362902508
2025-05-13,5.4322590827941895,5.441907616145203,5.306824928605707,5.326122455397063,404077358
2025-05-14,5.44190788269043,5.490151932076485,5.393664293393727,5.4226103549538776,403280989
2025-05-15,5.46120548248291,5.509449532505505,5.422610426500579,5.441907954491745,414514905
2025-05-16,5.3936638832092285,5.461204995106026,5.355068830671253,5.451556462016192,410681078
2025-05-19,5.364717483520508,5.43225905701439,5.3550689502152835,5.384015010220284,304683003
2025-05-20,5.374366760253906,5.412961815688207,5.335771704819606,5.374366760253906,298151512
2025-05-21,5.384015083312988,5.422610137236503,5.3550690229150195,5.374366549876777,267112694
2025-05-22,5.412961483001709,5.432259009532812,5.355068903408399,5.384014963160392,312516336
2025-05-23,5.345419883728027,5.432258982734258,5.345419883728027,5.422609989471645,408539815
2025-05-26,5.306825160980225,5.364717743889287,5.2875276333438705,5.345420216252933,328404738
2025-05-27,5.335771560668945,5.364717621417991,5.297176046187984,5.30682503983056,244988260
2025-05-28,5.326122760772705,5.355069282664067,5.297176238881343,5.335771754766278,246485949
2025-05-29,5.316473960876465,5.34542002123025,5.297175973854829,5.335771487808766,245439721
2025-05-30,5.335771560668945,5.364717621417991,5.297176046187984,5.316474033473135,407222638
2025-06-03,5.374366760253906,5.384015294067805,5.306825183199204,5.326122710916354,361998654
2025-06-04,5.374366760253906,5.403312821784955,5.355069232536756,5.384015294067805,254910639
2025-06-05,5.374366760253906,5.432259343405357,5.355069232536756,5.374366760253906,356117416
2025-06-06,5.412961483001709,5.422610016222598,5.374366429939502,5.384014963160392,280110616
2025-06-09,5.3936638832092285,5.441907468837039,5.335771304402265,5.422609942568051,403543131
2025-06-10,5.422609806060791,5.470853850563437,5.374366221647451,5.384014754494396,419223261
2025-06-11,5.422609806060791,5.441907331843988,5.393663747430648,5.4129612732138455,237239493
2025-06-12,5.4322590827941895,5.4515566095855466,5.40331256256249,5.422610089353846,236750711
2025-06-13,5.403312683105469,5.451556731204806,5.403312683105469,5.432259203982939,305518916
2025-06-16,5.4322590827941895,5.441907616145203,5.335771448837407,5.40331256256249,421998921
2025-06-17,5.44190788269043,5.470854404339933,5.4226103549538776,5.43225934886683,244868740
2025-06-18,5.528747081756592,5.528747081756592,5.441907975417739,5.451556969495106,380723980
2025-06-19,5.538395404815674,5.5576933922354455,5.490151816534275,5.538395404815674,303338373
2025-06-20,5.5673418045043945,5.586639331414194,5.509449223774997,5.538395284095029,327799909
2025-06-23,5.683127403259277,5.721722460048626,5.538395710254537,5.55769369873858,443980699
2025-06-24,5.750668525695801,5.7699660525569545,5.663829424775943,5.683126951637097,450823117
2025-06-25,5.808561325073242,5.856805374088025,5.712073687133025,5.750668742309112,458850073
2025-06-26,5.866454124450684,5.87610311864566,5.769966482947751,5.798913005443314,345406418
2025-06-27,5.673478603363037,5.876102872060956,5.644532082082185,5.856805344570171,732883819
2025-06-30,5.673478603363037,5.692776130853822,5.596288493399896,5.644532082082185,392937008
2025-07-01,5.750668525695801,5.779614585942865,5.673478418251186,5.683126951637097,314547507
2025-07-02,5.769966125488281,5.808561179698423,5.75066859838321,5.760317131891076,275379690
2025-07-03,5.7410197257995605,5.789263774623832,5.702424670775883,5.7796147808232385,309911830
2025-07-04,5.818210124969482,5.856805178859053,5.731371023673281,5.741019557101007,374680422
2025-07-07,5.866454124450684,5.87610311864566,5.808561539548924,5.818210533743901,267920682
2025-07-08,5.905048847198486,5.905048847198486,5.8278587383602325,5.866453792779359,289730860
2025-07-09,5.98223876953125,6.04978034270368,5.885751136491583,5.895400129840214,383411839
2025-07-10,6.088375568389893,6.126970622699073,5.9822389389949775,5.991887932616942,560600459
2025-07-11,6.098024845123291,6.28135159164783,6.049780794952333,6.107673379103867,989961654
2025-07-14,6.155917167663574,6.242755810155768,6.088375592312454,6.098024585972332,523567635
2025-07-15,6.107673168182373,6.194512271455466,6.059429579766812,6.175214744071372,415786764
2025-07-16,6.06907844543457,6.107673502314173,6.020834394290383,6.0883759738743715,447861965
2025-07-17,6.035112380981445,6.113873966792609,6.035112380981445,6.084338137385381,404638243
2025-07-18,6.123718738555908,6.143409134392188,6.035112192020682,6.054802587856962,403551549
2025-07-21,6.094183444976807,6.13356423707229,6.044957220129418,6.123718804320382,374360016
2025-07-22,6.0055766105651855,6.094183630201146,5.985886213918982,6.084338197150001,560928328
2025-07-23,6.153254508972168,6.202480732826371,5.976040948117952,5.995731343768421,627822114
2025-07-24,6.104028224945068,6.1827902762265765,6.0941832619449166,6.163099880770214,438895992
2025-07-25,6.084338188171387,6.143409378022827,6.06464779155424,6.094183621208003,345934008
2025-07-28,6.094183444976807,6.113873841024548,6.054802652881325,6.074493048929066,317334503
2025-07-29,6.044957160949707,6.192635364590043,6.035112197750254,6.104028348514628,417931454
2025-07-30,6.133563995361328,6.172944785904895,6.015421623730625,6.054802414274192,512578522
2025-07-31,6.202480792999268,6.241861584682254,6.074492985301527,6.1532545686675,528806016
2025-08-01,6.232016086578369,6.291087273482423,6.153254504039632,6.212325690943685,537025200
2025-08-04,6.2910871505737305,6.37969416392673,6.2320159648237485,6.2418613971767725,542749286
2025-08-05,6.438765525817871,6.4584559216065225,6.28124235950866,6.300932755297311,491067264
2025-08-06,6.517527103424072,6.517527103424072,6.448610952950494,6.458455916108406,437604532
2025-08-07,6.606133937835693,6.635669295954965,6.4584557388711765,6.5175269245657725,431012867
2025-08-08,6.606133937835693,6.645514728298757,6.556907715028837,6.615978900723433,389260296
2025-08-11,6.635669708251953,6.6750509706179635,6.517527329522169,6.586443951842584,498159991
2025-08-12,6.743967056274414,6.773502885390558,6.625824678721993,6.6356696421233226,472222542
2025-08-13,6.694741249084473,6.842418985165982,6.5962887990887005,6.753812437408291,716059337
2025-08-14,6.812883377075195,6.832573772464474,6.645514781538298,6.675050609350245,575128657
2025-08-15,6.743967056274414,6.842419037568098,6.596288849605849,6.822728641309362,744214245
2025-08-18,6.822728633880615,6.832574066727302,6.62582467150764,6.684895860219533,589478113
2025-08-19,6.911335468292236,6.980252088022193,6.803038057132608,6.8128834897180575,544434491
2025-08-20,6.970406532287598,7.029477718388469,6.871954555452811,6.911335346186726,475157765
2025-08-21,7.118084907531738,7.127929870729595,6.92118094901393,6.960561740717492,477400854
2025-08-22,7.187001705169678,7.196846668610581,7.068858857686281,7.118085083259036,518361195
2025-08-25,7.147620677947998,7.177156036757599,6.990097042957895,7.177156036757599,748795450
2025-08-26,7.167311191558838,7.226382379605962,7.049168346008517,7.098394570775823,534420033
2025-08-27,6.999942779541016,7.127930122367912,6.990097346539517,7.108239725820998,621796292
2025-08-28,6.911335468292236,6.970406655436744,6.763657265702936,6.970406655436744,575732614
2025-08-29,6.911335468292236,6.990097051151579,6.862109244277115,6.88179963999195,446247266
2025-09-01,6.940871238708496,6.970406597306405,6.822728395948681,6.891645015103901,459122027
2025-09-02,7.078704357147217,7.088549320680697,6.911335751973309,6.921181184962872,570618934
2025-09-03,7.039323329925537,7.088549084867521,6.999942538189523,7.078704121661551,454533431
2025-09-04,7.403595924377441,7.433131753051765,6.940871384490881,7.00978753563752,961631006
2025-09-05,7.187001705169678,7.374060235651557,7.127930046699939,7.3346794429757844,624118223
2025-09-08,7.147620677947998,7.236227223832863,7.059013662607069,7.118084849682334,469395031
2025-09-09,7.1968464851379395,7.2854535011275665,7.137775297630211,7.137775297630211,393328542
2025-09-10,7.1771559715271,7.22638219503712,7.1377751805015075,7.1771559715271,314814910
2025-09-11,7.167311191558838,7.23622734288578,7.088549138039934,7.167311191558838,443981510
2025-09-12,7.1279296875,7.1771559105920835,7.108239292154378,7.147620552301678,264975949
2025-09-15,7.049168109893799,7.118084728368423,6.990096923825288,7.10823929596231,370893761
2025-09-16,6.931025981903076,7.059013790954599,6.921181018606228,7.019632998855065,411999513
2025-09-17,6.852264404296875,6.931025988571724,6.793193216090739,6.8916451964342995,430570131
2025-09-18,6.665205478668213,6.891645270624105,6.645515082387529,6.842419045194359,563447268
2025-09-19,6.547062873840332,6.645514851828054,6.527372478242788,6.615979023703707,500934662
2025-09-22,6.3895392417907715,6.5372174435509285,6.360003883112378,6.497836652342362,500673726
2025-09-23,6.547062873840332,6.615979023703707,6.291087261616194,6.340313485338085,744907881
2025-09-24,6.468301296234131,6.596288632984798,6.428920505009916,6.517527050536368,474622656
2025-09-25,6.5076823234558105,6.5372176832170235,6.340313719955337,6.4486111344773045,466805969
2025-09-26,6.517527103424072,6.576598290739739,6.478146311880295,6.4879917444942725,398271364
2025-09-29,6.517527103424072,6.5864437233537165,6.419075124564628,6.4879917444942725,443382828
2025-09-30,6.566753387451172,6.57659835069884,6.497836766893212,6.5076821995969505,308745951
2025-10-09,6.596288681030273,6.635669472541326,6.43876551498606,6.537217493763693,396175668
2025-10-10,6.724276542663574,6.724276542663574,6.57659833857229,6.5962887344873895,472481157
2025-10-13,6.803038120269775,6.852264344741752,6.625824557191582,6.694741177561136,572781698
2025-10-14,7.019632816314697,7.019632816314697,6.724276413792642,6.773502637365004,601388760
2025-10-15,7.157465934753418,7.187001764231006,6.9704069332782455,6.9999427627558335,524169034
2025-10-16,7.374060153961182,7.383905586749096,7.118085004404372,7.137775400524126,532254311
2025-10-17,7.502048015594482,7.570964637220517,7.354369808942166,7.374060205198736,603133088
2025-10-20,7.630035877227783,7.639881310150222,7.305144102084606,7.423286480417383,561704810
2025-10-21,7.758023262023926,7.767868224949106,7.561118839503733,7.630035457804209,506067448
2025-10-22,7.964772701263428,7.974618133711158,7.69895212810346,7.7481778819739375,494518482
2025-10-23,7.866320610046387,8.141987097566005,7.777714061293457,7.964773061147987,713519968
2025-10-24,7.866320610046387,7.9450821953628035,7.728487835742657,7.728487835742657,505912014
2025-10-27,8.053380012512207,8.073069939221801,7.777713996736755,7.797404392902425,522010198
2025-10-28,8.181367874145508,8.21090323385308,8.04353463065658,8.053380063529822,446537481
2025-10-29,8.023843765258789,8.171522441627378,7.984462972676264,8.171522441627378,406451779
2025-10-30,7.935237407684326,8.112450498631196,7.905701110099745,7.974618198884977,370225530
2025-10-31,7.836784839630127,7.945081779037357,7.738332863143528,7.925391853196093,382862670
2025-11-03,7.886011123657227,7.935237347009677,7.758023318505703,7.8170945048550085,271839281
2025-11-04,8.023843765258789,8.092760856462325,7.876166027802357,7.886011460676028,374084190
2025-11-05,8.053380012512207,8.102605298742269,7.94508212941691,8.053380012512207,345436362
2025-11-06,8.033689498901367,8.053380365385904,7.935237983215259,8.004154138086754,260082040
2025-11-07,7.954927444458008,8.151831403199614,7.954927444458008,8.053379893284879,294205277
2025-11-10,7.9943084716796875,8.0041539046348,7.876166092954825,7.935237751773339,209000578
2025-11-11,8.17152214050293,8.17152214050293,7.984462678445046,7.994308110955907,340653165
2025-11-12,8.457033157348633,8.516103874913762,8.191212111569167,8.191212111569167,512586238
2025-11-13,8.427497863769531,8.476723149150619,8.289664623530935,8.427497863769531,356221882
2025-11-14,8.368426322937012,8.54564035728639,8.338890963516166,8.427497980690854,355089639
2025-11-17,8.19121265411377,8.368426696371177,8.17152272659194,8.319200469198321,320831553
2025-11-18,8.063224792480469,8.171522679417992,8.013999504503978,8.151831813097647,280929512
2025-11-19,8.092761039733887,8.161677193585966,8.053380246259529,8.07307017354062,231527161
2025-11-20,8.033689498901367,8.151831881072011,7.97461877727214,8.06322485971598,308917066
2025-11-21,7.925392150878906,8.092760751920624,7.9057012853859305,8.023843661607353,333446276
2025-11-24,7.895856857299805,7.964773009274791,7.817094803040272,7.915546784044593,296834384
2025-11-25,7.945082187652588,7.945082187652588,7.826939809792612,7.866320602412604,231308435
2025-11-26,7.817094802856445,7.994308368660056,7.787558973827806,7.945082143431015,310154900
2025-11-27,7.974618434906006,7.994308361633024,7.738333211252813,7.8269397593486945,333658851
2025-11-28,7.915546894073486,8.004153912937081,7.895856967055002,7.9549276870226215,247427098
2025-12-01,7.866320610046387,7.895856908724162,7.826939817388178,7.88601147583157,244576250
2025-12-02,7.895856857299805,7.9057013512161225,7.797404406839408,7.84663016261353,226671918
2025-12-03,7.856475353240967,7.95492733121019,7.836784957647122,7.876165748834811,203761790
2025-12-04,7.777713775634766,7.866320321133368,7.748177947497857,7.836784962452521,213368513
2025-12-05,7.6989521980285645,7.807249139200849,7.689106765491413,7.76786834796437,214508497
2025-12-08,7.718642711639404,7.7383331075586455,7.630035695274787,7.698952315720164,188338190
2025-12-09,7.915546894073486,7.935237760004137,7.71864292932781,7.738333325802378,331045043
2025-12-10,7.6989521980285645,7.964772773602826,7.689106765491413,7.925391982366347,350427125
2025-12-11,7.807249069213867,7.807249069213867,7.6300355102383195,7.718642524454122,278861109
2025-12-12,7.600499629974365,7.748177829497734,7.541428444056229,7.748177829497734,577880373
2025-12-15,7.489999771118164,7.590000152587891,7.46999979019165,7.579999923706055,280339223
2025-12-16,7.369999885559082,7.46999979019165,7.360000133514404,7.449999809265137,285011753
2025-12-17,7.449999809265137,7.519999980926514,7.320000171661377,7.349999904632568,285450114
2025-12-18,7.599999904632568,7.610000133514404,7.420000076293945,7.460000038146973,272848759
2025-12-19,7.550000190734863,7.599999904632568,7.510000228881836,7.590000152587891,222358699
2025-12-22,7.590000152587891,7.619999885559082,7.46999979019165,7.510000228881836,191606269
2025-12-23,7.659999847412109,7.670000076293945,7.570000171661377,7.579999923706055,231702374
2025-12-24,7.639999866485596,7.690000057220459,7.599999904632568,7.670000076293945,203049941
2025-12-25,7.579999923706055,7.670000076293945,7.559999942779541,7.630000114440918,177737619
2025-12-26,7.510000228881836,7.599999904632568,7.5,7.550000190734863,189086683
2025-12-29,7.639999866485596,7.639999866485596,7.46999979019165,7.489999771118164,286453032
2025-12-30,7.610000133514404,7.650000095367432,7.53000020980835,7.630000114440918,225916301
2025-12-31,7.679999828338623,7.699999809265137,7.570000171661377,7.599999904632568,286895070
2026-01-05,7.570000171661377,7.679999828338623,7.539999961853027,7.650000095367432,318401559
2026-01-06,7.559999942779541,7.579999923706055,7.5,7.570000171661377,234385442
2026-01-07,7.489999771118164,7.539999961853027,7.460000038146973,7.539999961853027,234923430
2026-01-08,7.440000057220459,7.480000019073486,7.360000133514404,7.46999979019165,282723810
2026-01-09,7.409999847412109,7.449999809265137,7.380000114440918,7.420000076293945,223087394
2026-01-12,7.519999980926514,7.53000020980835,7.329999923706055,7.380000114440918,343998148
2026-01-13,7.610000133514404,7.699999809265137,7.5,7.5,488319584
2026-01-14,7.480000019073486,7.590000152587891,7.449999809265137,7.579999923706055,389549191
2026-01-15,7.329999923706055,7.449999809265137,7.329999923706055,7.440000057220459,363799500
2026-01-16,7.210000038146973,7.360000133514404,7.199999809265137,7.329999923706055,372323797
2026-01-19,7.099999904632568,7.230000019073486,7.090000152587891,7.170000076293945,319990158
2026-01-20,7.170000076293945,7.190000057220459,7.059999942779541,7.090000152587891,378482159
2026-01-21,6.960000038146973,7.21999979019165,6.929999828338623,7.179999828338623,553761621
2026-01-22,6.809999942779541,6.929999828338623,6.789999961853027,6.900000095367432,476506613
2026-01-23,6.75,6.860000133514404,6.730000019073486,6.800000190734863,395974110
2026-01-26,6.840000152587891,6.909999847412109,6.71999979019165,6.75,633430452
2026-01-27,6.889999866485596,7.090000152587891,6.829999923706055,6.880000114440918,685079166
