Date,Close,High,Low,Open,Volume
2014-02-11,7.485952854156494,8.318978094543557,6.9324808014092625,6.9324808014092625,70694514
2014-02-12,8.2344331741333,8.2344331741333,7.750849366946629,8.052948651402476,188606140
2014-02-13,8.10705852508545,8.521879994704314,7.699000185129809,7.777906601255647,129640745
2014-02-14,8.29417896270752,8.454246169602694,8.116075934412006,8.116075934412006,74868268
2014-02-17,8.163418769836426,8.36293833850181,7.995460466759819,8.318977195108644,74114716
2014-02-18,8.428318977355957,8.76987076745726,8.070986552018699,8.201746051093364,101798172
2014-02-19,8.095786094665527,8.397883861045939,8.037169880674906,8.286288183249798,62649673
2014-02-20,8.122838973999023,8.327995307094616,8.023642371868139,8.082257773455206,44065599
2014-02-21,7.986443042755127,8.226543811422495,7.875974566180498,8.138619096209794,40151133
2014-02-24,8.18934440612793,8.206253035130661,7.880482759666616,7.896263391500999,38619844
2014-02-25,8.206254959106445,8.76536218018769,8.116075853009233,8.194982267401656,78587819
2014-02-26,7.889501094818115,8.315595192023924,7.608820736848636,8.209635464071003,48365878
2014-02-27,7.633619785308838,7.950371785248584,7.608820837448194,7.889501199128672,33462853
2014-02-28,7.918808460235596,7.979679036759098,7.330392887175067,7.620091517338735,35341100
2014-03-03,7.9909539222717285,8.065351591292181,7.829760321361498,7.8771038511851765,21233011
2014-03-04,7.818483829498291,8.038295187398392,7.739578246359466,7.992078863616188,28360765
2014-03-05,7.853430271148682,7.882737971127584,7.639255629714194,7.813976259840493,20777595
2014-03-06,7.891753673553467,7.956006617734962,7.623472445865763,7.809465723768834,19551261
2014-03-07,7.642637729644775,7.866957079768663,7.638128976898235,7.866957079768663,15735010
2014-03-10,7.655036926269531,7.8331391173188445,7.439735100837437,7.549077200272792,21235586
2014-03-11,7.813976287841797,7.890629125337316,7.569366757444211,7.661800228503239,24808409
2014-03-12,7.8838653564453125,8.113820637138952,7.73281648198132,7.741833987068007,20373845
2014-03-13,7.872592926025391,8.059714254559667,7.832013342614224,7.886119993282653,17531715
2014-03-14,7.763251304626465,7.908664237171239,7.72154372559564,7.834267393299656,8407891
2014-03-17,7.865828037261963,7.924444236689539,7.714779191599457,7.721542319124902,10547685
2014-03-18,7.845539093017578,7.946990067931525,7.812849828933242,7.834267212016172,8193773
2014-03-19,7.835394382476807,8.052951417944913,7.764379097453126,7.941354929675834,15571873
2014-03-20,7.4994797706604,7.801578366753578,7.493843829272576,7.792560051352672,21321260
2014-03-21,7.631364822387695,7.640382326669136,7.440861952640155,7.496096593904611,9973053
2014-03-24,7.455516338348389,7.664054220352951,7.429590203899768,7.642636838124921,15377763
2014-03-25,7.655036926269531,7.800449853641049,7.555840328789526,7.7215434508914935,19962365
2014-03-26,7.652782440185547,7.732816029871756,7.615583615517275,7.648273687905814,11825715
2014-03-27,7.540060043334961,7.693364120012247,7.538932855075886,7.693364120012247,10759988
2014-03-28,7.483696937561035,7.6212187221298695,7.47580581275453,7.550202644772059,12433473
2014-03-31,7.454389572143555,7.603184068105026,7.439735317417114,7.4972243390236715,15864123
2014-04-01,7.621220111846924,7.622347299999087,7.4397355367259514,7.4397355367259514,8430330
2014-04-02,7.7576165199279785,7.843286067007365,7.563732850705177,7.608822000833233,15825456
2014-04-03,7.689979553222656,7.890627907106468,7.685470801472044,7.733941501151411,8184169
2014-04-04,7.737324237823486,7.791431688914484,7.664053781711521,7.694489475819014,4890709
2014-04-08,8.033785820007324,8.040549756973132,7.69448929587813,7.730560929095235,18236574
2014-04-09,8.025898933410645,8.063096961305128,7.901903349281015,8.048443511508713,11340506
2014-04-10,7.989825248718262,8.068730839372305,7.980806126002009,7.99095162758252,10574429
2014-04-11,8.17581844329834,8.28515972797063,7.918809053441773,7.918809053441773,21031456
2014-04-14,8.130730628967285,8.341522937445779,8.093532605079636,8.167929462035353,8515778
2014-04-15,7.969534873962402,8.183708711103018,7.93008167093435,8.181454334836305,11108737
2014-04-16,8.098040580749512,8.103676521830618,7.916555995314798,7.969535459837886,6289009
2014-04-17,8.02815055847168,8.206253554496136,8.025896182352662,8.099165833761424,5002089
2014-04-18,7.959390163421631,8.138619549677147,7.905283514777818,8.003352118887333,4927344
2014-04-21,7.901900768280029,8.047313694565569,7.879356197545703,7.9255725270920605,8956840
2014-04-22,7.697872161865234,7.9458632661152215,7.608821060903923,7.918809941216407,11409884
2014-04-23,7.714781761169434,7.794815366931252,7.665183857769623,7.697873127543916,7849692
2014-04-24,7.748597145080566,7.784668783923804,7.666309174133343,7.666309174133343,3820993
2014-04-25,7.614456653594971,7.807213101900514,7.611075089284739,7.77677821392817,6216040
2014-04-28,7.506242752075195,7.607693740954276,7.4960980577774725,7.551332709828408,8551668
2014-04-29,7.496097564697266,7.555840965839595,7.445372478184518,7.496097564697266,6972242
2014-04-30,7.832012176513672,7.903027448385209,7.651654003871221,7.651654003871221,14423431
2014-05-05,7.979679107666016,8.068730192764237,7.821866320644217,7.821866320644217,13598634
2014-05-06,8.034913063049316,8.131855274542247,7.93008053575238,7.93008053575238,11575768
2014-05-07,7.980806350708008,8.13861915481988,7.913172638594452,8.002223733336313,7381547
2014-05-08,7.980806350708008,8.068731066553896,7.890628877070175,7.930081268917902,5615229
2014-05-09,7.909792423248291,8.02026090815596,7.856812152510558,8.010115405597544,4981901
2014-05-12,8.01124382019043,8.057460155236262,7.909792835223759,7.979680931898426,6741075
2014-05-13,8.178074836730957,8.250217315896212,8.00560774319359,8.059715209452836,15000117
2014-05-14,8.164546966552734,8.238945440763695,8.129603319833286,8.155529460091046,6070307
2014-05-15,8.337011337280273,8.509478374653751,8.117200788085125,8.123964724902608,23034707
2014-05-16,8.134108543395996,8.488060083672886,8.06196609546635,8.307702750078684,16512137
2014-05-19,7.915798664093018,8.252881475924966,7.872814170536907,8.144290353246447,8176156
2014-05-20,8.015340805053711,8.280029557704134,7.904487459351796,7.904487459351796,10832757
2014-05-21,7.820781707763672,7.933896446618128,7.646583954336406,7.918060951573875,19613752
2014-05-22,7.872812747955322,8.01986309851198,7.746123939715856,7.798157278096298,8355431
2014-05-23,7.954258918762207,8.019866374825297,7.827570058767216,7.895438916908769,5269409
2014-05-26,8.024391174316406,8.101308892305617,7.886390425581406,7.963308955564219,8684127
2014-05-27,7.877338409423828,8.024388783038098,7.8615029149058016,7.985929529507599,8297780
2014-05-28,7.963306903839111,7.985929851771148,7.78232169639603,7.897699461643472,7083802
2014-05-29,7.988192081451416,8.099044607740968,7.927109878313893,7.963306919875402,7899988
2014-05-30,7.870554447174072,8.013079630289491,7.85019451872265,7.972358149399371,8165197
2014-06-03,7.863766193389893,7.9474705403012464,7.804946198376927,7.870552834816725,4756447
2014-06-04,7.811731815338135,7.909011056332458,7.759699280569253,7.852454094539042,5333258
2014-06-05,7.80494499206543,7.85924055106873,7.737075340312969,7.793633112775572,4601647
2014-06-06,7.870554447174072,7.8728166614464525,7.795898940204611,7.825308537739192,5255781
2014-06-09,7.777799129486084,7.897701350599218,7.732553222800188,7.870553968986398,5001012
2014-06-10,7.827569007873535,7.838880076715106,7.730289755868749,7.780060082758571,3507987
2014-06-11,7.881862640380859,7.895436733052038,7.766485694652531,7.827567893682825,6057834
2014-06-12,7.802683353424072,7.897699573687942,7.793633686926834,7.895437360061983,3807132
2014-06-13,7.83209228515625,7.872813750992291,7.77101008640219,7.782321153582569,6379109
2014-06-16,7.909012317657471,7.913536745403559,7.761962731955144,7.866028630082645,7285997
2014-06-17,7.809469699859619,7.940682957178465,7.804945272778288,7.872814114978376,7086791
2014-06-18,7.4226179122924805,7.777798494371732,7.386420865102084,7.741602259174857,22002284
2014-06-19,7.2868781089782715,7.418092193575471,7.171501144997327,7.418092193575471,16438299
2014-06-20,7.325338363647461,7.343436074535593,7.2393701769613825,7.2393701769613825,3809646
2014-06-23,7.4859619140625,7.612649948052502,7.332124878230082,7.332124878230082,8789492
2014-06-24,7.463338851928711,7.50632254256241,7.352485492299865,7.454289995792585,4990309
2014-06-25,7.533469200134277,7.612649111174393,7.411303983230928,7.461075117820202,4725142
2014-06-26,7.877338409423828,7.8818628364289784,7.4723867645890225,7.4723867645890225,19379488
2014-06-27,7.784586429595947,7.909013076512848,7.737077497723144,7.886390123618282,10088230
2014-06-30,7.655633449554443,7.827568173568213,7.619436409132586,7.827568173568213,11554485
2014-07-01,7.685043811798096,7.780060037488235,7.594552013618258,7.669207503518589,7131679
2014-07-02,7.617173194885254,7.685042846993008,7.578714753882435,7.646583593996841,7003645
2014-07-03,7.628484725952148,7.685042496128655,7.551567035464877,7.551567035464877,5984011
2014-07-04,7.707665920257568,7.730288867333838,7.626222985985651,7.635272652012176,6095252
2014-07-07,7.524420261383057,7.718977934429877,7.463337247620322,7.714452695341002,9057260
2014-07-08,7.531208515167236,7.558355895548414,7.467863274288571,7.467863274288571,4783963
2014-07-09,7.375107765197754,7.549304706539645,7.359271458168477,7.531206997927199,8812134
2014-07-10,7.284615516662598,7.397731072955294,7.234845191569605,7.37510812409544,12421358
2014-07-11,7.311763286590576,7.359271395279036,7.239369204785895,7.2868773134743545,6364288
2014-07-14,7.282353401184082,7.359271915540947,7.216746767406407,7.311763803493913,13313125
2014-07-15,7.472387313842773,7.540256159888773,7.273304391049072,7.280091032055646,15658161
2014-07-16,7.411304473876953,7.461075611761196,7.386420122924992,7.461075611761196,6602997
2014-07-17,7.406780242919922,7.510846136901461,7.379632865531443,7.406780242919922,7314796
2014-07-18,7.427141189575195,7.483698153555635,7.334386372018632,7.334386372018632,4792698
2014-07-21,7.381895065307617,7.42714177686051,7.243894340857233,7.388682518636954,6059983
2014-07-22,7.4339280128479,7.465599816015157,7.280090988341922,7.352484261290947,7859857
2014-07-23,7.370584487915039,7.424880058203084,7.352485152492177,7.388683011344387,6948456
2014-07-24,7.4090423583984375,7.47691201895932,7.334386868572298,7.363797271346933,6903594
2014-07-25,7.556093215942383,7.633011736275476,7.420355510406514,7.420355510406514,7226770
2014-07-28,7.657895565032959,7.691830391493133,7.567402965136947,7.567402965136947,12007161
2014-07-29,7.691831588745117,7.714453727248611,7.601338974763713,7.680518895506399,10421661
2014-07-30,7.675993919372559,7.739338338636977,7.623961380545163,7.691831039180447,8081562
2014-07-31,7.709928512573242,7.725764819902716,7.6171736942092405,7.657895975339346,9144952
2014-08-01,7.80494499206543,7.918060536990636,7.655633219798037,7.709927966807991,18131378
2014-08-04,7.813995838165283,7.868291411011826,7.766487719420528,7.825307720339228,8172298
2014-08-05,7.7144551277160645,7.827570712729236,7.69183298510579,7.825308498468209,7926875
2014-08-06,7.750649929046631,7.759698782514902,7.664681761131489,7.7370750248575995,6240488
2014-08-07,7.696356296539307,7.752914080836806,7.646585154039842,7.746126627045257,6608849
2014-08-08,7.6805195808410645,7.696356703193632,7.646585558064396,7.696356703193632,4300286
2014-08-11,7.784586429595947,7.827570121294981,7.646585686144878,7.691832403927583,8781156
2014-08-12,7.789108753204346,7.793633180162071,7.66468213990679,7.793633180162071,7096971
2014-08-13,7.802683353424072,7.818519660799186,7.748387790420859,7.782321806803639,8616827
2014-08-14,7.644322395324707,7.791371974423717,7.612649778537372,7.791371974423717,11689515
2014-08-15,7.845666885375977,7.909012120213813,7.608125502707984,7.608125502707984,12906097
2014-08-18,7.958781719207764,8.049273502323736,7.852453630448502,7.852453630448502,14580369
2014-08-19,7.961045265197754,8.024389686380916,7.913536340315293,7.974618547741212,9050602
2014-08-20,8.194063186645508,8.424817949199722,7.9678328521427675,7.983669162316476,28055949
2014-08-21,8.160127639770508,8.218947635284447,8.04248764874263,8.196324685008852,10777173
2014-08-22,8.266456604003906,8.402195131679562,8.169177339369579,8.171439553431592,13849842
2014-08-25,8.298128128051758,8.436128039555687,8.255144442567786,8.255144442567786,10115245
2014-08-26,8.044751167297363,8.309440784041659,8.031177882126729,8.309440784041659,11782656
2014-08-27,8.067374229431152,8.155603823317492,8.031177181480102,8.067374229431152,5377721
2014-08-28,8.067374229431152,8.117144561368693,7.951996443584757,8.09452160939767,8243235
2014-08-29,8.37052059173584,8.39314435115619,8.053798515764807,8.065110395474981,15869419
2014-09-01,8.741539001464844,8.83203079076637,8.347898418813815,8.370520554145825,23459277
2014-09-02,8.773213386535645,8.838820034299008,8.641999279015309,8.829771177501417,18423150
2014-09-03,8.746064186096191,8.784523443478609,8.61711313157405,8.77999901602031,13917997
2014-09-04,8.793571472167969,8.79809589920116,8.635210030059344,8.732489271239787,12615243
2014-09-05,8.718917846679688,9.001705152382462,8.630687440778521,8.822983750568913,20142170
2014-09-09,8.657833099365234,8.770948648751071,8.578653189187202,8.741539060627046,11106340
2014-09-10,8.673670768737793,8.700818147577866,8.605801915640855,8.612589369346002,8898956
2014-09-11,8.705342292785645,8.879540877664532,8.621637945078822,8.680457940650772,15437307
2014-09-12,8.596752166748047,8.703080279192616,8.483637412656005,8.703080279192616,15507238
2014-09-15,8.5560302734375,8.589964288784389,8.463275457637675,8.574127981892705,13869217
2014-09-16,8.234784126281738,8.589965509059002,8.144291511183601,8.57412919991764,15535314
2014-09-17,8.334321975708008,8.363732370199308,8.166911709196127,8.230256924410243,9560399
2014-09-18,8.270980834960938,8.361473455252028,8.21442386077174,8.293604599028868,6640828
2014-09-19,8.402194023132324,8.427079186524784,8.2302592811552,8.280029607940119,8269083
2014-09-22,8.361472129821777,8.415767693389697,8.23252107984056,8.415767693389697,10009857
2014-09-23,8.515308380126953,8.533406087678262,8.313963263685242,8.347898089330625,9285096
2014-09-24,8.533407211303711,8.574128682642783,8.449702866877224,8.513047287627622,8649781
2014-09-25,8.442914962768555,8.59222757206022,8.429341679737298,8.551506098979491,8596650
2014-09-26,8.447440147399902,8.517571205177022,8.304914194252516,8.458751215431665,8375916
2014-09-29,8.494946479797363,8.565078341598396,8.406716911202057,8.465536894263364,8702772
2014-09-30,8.49268627166748,8.535669959439426,8.461014465306123,8.494948485550898,6616553
2014-10-08,8.442914962768555,8.528883148600583,8.323013569358388,8.483637247842767,19001955
2014-10-09,8.343374252319336,8.483637193362611,8.280029829266482,8.449703174008906,11221923
2014-10-10,8.341111183166504,8.461013375504946,8.29812750093097,8.332061516804954,9499109
2014-10-13,8.295865058898926,8.334323500897973,8.17370065633244,8.302651699488163,9922534
2014-10-14,8.282292366027832,8.313964169687353,8.225733775793243,8.302652289241749,8039587
2014-10-15,8.336586952209473,8.33884916585476,8.21215951776478,8.298127696252763,7588465
2014-10-16,8.449703216552734,8.454227644223545,8.234783970260946,8.252882492937669,12235682
2014-10-17,8.691767692565918,8.816194306344299,8.479111504797539,8.483635931772747,30213077
2014-10-20,8.680459022521973,8.897639697247143,8.623901233731502,8.734753785206475,14790580
2014-10-21,8.474587440490723,8.800359219754656,8.436128181883902,8.800359219754656,15642162
2014-10-22,8.50852108001709,8.585439586459565,8.393144132346732,8.411242652215158,10176046
2014-10-23,8.309438705444336,8.497209744609872,8.252881740727139,8.485898676463794,8374170
2014-10-24,8.264192581176758,8.338848876857549,8.243831847081395,8.309438476501256,6321804
2014-10-27,8.237044334411621,8.30038874355899,8.162388046633906,8.268716132988656,5929846
2014-10-28,8.501734733581543,8.515308826950639,8.25740592489813,8.25966813846075,10755863
2014-10-29,8.490424156188965,8.61711381908323,8.438390800286776,8.54698193991043,9987723
2014-10-30,8.526620864868164,8.63294897437549,8.490423819761231,8.49268603358123,11823295
2014-10-31,8.580914497375488,8.619373747629156,8.388618246107148,8.48815969170606,10502153
2014-11-03,8.619376182556152,8.662359871572136,8.522096922786204,8.596752419080193,8818318
2014-11-04,8.406717300415039,8.601274965400833,8.395406233144941,8.596750538492794,10395177
2014-11-05,8.465538024902344,8.515309161213837,8.377307632529872,8.404455820333746,6133271
2014-11-06,8.456488609313965,8.515308596329168,8.415767142302927,8.451964182311263,6188178
2014-11-07,8.526620864868164,8.660097164202426,8.418030541540839,8.456489800467772,15017641
2014-11-10,8.673670768737793,8.689507078058464,8.483637492870267,8.540194464454295,15638007
2014-11-11,8.461013793945312,8.707604019600067,8.408980442774913,8.684981882560892,14653540
2014-11-12,8.69403076171875,8.700817402849504,8.393144970347237,8.418030133153437,13119515
2014-11-13,8.601276397705078,8.696293438563082,8.483637218539785,8.694031224732353,13541830
2014-11-14,8.449703216552734,8.562817968290402,8.429341668047126,8.540194205949387,8736106
2014-11-17,8.501734733581543,8.52888210832635,8.418029583791121,8.451964411217165,9277765
2014-11-18,8.639734268188477,8.653308360984624,8.44970184100249,8.501734374733253,14785326
2014-11-19,8.60580062866211,8.678194710733935,8.499472531113327,8.635210217007923,8227966
2014-11-20,8.580914497375488,8.596749990544287,8.49042190501589,8.531143368579386,7255331
2014-11-21,8.603537559509277,8.664620573443738,8.517571008472995,8.57412797131248,11097503
2014-11-24,8.560555458068848,8.664621350861893,8.501735464404351,8.630686520518754,15713614
2014-11-25,8.583178520202637,8.585440733989389,8.449703034823521,8.56055557034166,12507496
2014-11-26,8.972294807434082,8.997180785571635,8.56055642906726,8.589966023238626,33380762
2014-11-27,9.139704704284668,9.286754279047722,8.881802598021492,9.006229223743572,34805143
2014-11-28,9.035637855529785,9.329737812284964,8.972293436842536,9.128392675889263,26624022
2014-12-01,9.135181427001953,9.241510365924096,8.960984438373128,9.035639942645364,20612871
2014-12-02,9.714330673217773,9.809347718097312,9.092196671638087,9.112558220963393,27845516
2014-12-03,9.614789009094238,9.798036453426183,9.388558689021355,9.72790376313393,24678941
2014-12-04,9.664559364318848,9.705281650274236,9.533346086883203,9.61931346258197,17772460
2014-12-05,9.239245414733887,9.660033369414078,9.164589120583946,9.660033369414078,29732257
2014-12-08,9.087671279907227,9.241508306539046,8.95872022781415,9.241508306539046,26711634
2014-12-09,9.051475524902344,9.320689523671257,8.963245126520723,9.078622902561744,24835348
2014-12-10,9.388556480407715,9.451900890167169,9.00396478315915,9.05147369947372,16981381
2014-12-11,9.277705192565918,9.445115498484986,9.16232742454382,9.38855772129807,15949745
2014-12-12,9.438328742980957,9.45642645194743,9.230196157939087,9.232458371559895,15728010
2014-12-15,9.612526893615723,9.723379434908763,9.298066168979917,9.399869854654547,19388769
2014-12-16,9.3139009475708,9.488097870357416,9.286752763557153,9.43606533965231,16829863
2014-12-17,9.092194557189941,9.289015242956534,8.985867279398628,9.284490816155767,21210324
2014-12-18,9.1419677734375,9.275444078461906,9.05600039663882,9.08767220346246,10561222
2014-12-19,9.089933395385742,9.13744150627656,8.985868318955731,9.062786019447193,12678746
2014-12-22,8.899898529052734,9.080882897205013,8.77094750169146,9.049211099674494,16580883
2014-12-23,8.988131523132324,9.160066276346475,8.83429448120934,8.845606362759828,9770188
2014-12-24,9.157804489135742,9.203051205452418,8.958721535721713,8.985869727910428,7926762
2014-12-25,9.137438774108887,9.270915836209081,9.049210031688057,9.157800314966307,8349401
2014-12-26,9.119343757629395,9.162327441010545,9.022064510612013,9.121605971281728,8729155
2014-12-29,9.026588439941406,9.275442483883715,9.015277372303746,9.112556613954466,17948765
2014-12-30,8.877277374267578,9.071835043364361,8.872751323277217,8.981342443324749,7933951
2014-12-31,9.0378999710083,9.071835611641479,8.822982366932287,8.86822745179629,6456168
2015-01-05,9.173640251159668,9.230197222187764,9.049213615708265,9.221148366661186,12807683
2015-01-06,9.41118049621582,9.576328585441006,9.026588755228104,9.132916854702849,16628872
2015-01-07,9.25960636138916,9.479050009851976,9.232458174532008,9.384032979838716,13658411
2015-01-08,9.438328742980957,9.4971479211088,9.212098448972613,9.26413098623803,14679486
2015-01-09,9.209836959838867,9.476788744008205,9.148754751291811,9.404394654473858,13783050
2015-01-12,9.338787078857422,9.40665592197324,9.184950060069506,9.205311606196975,8685870
2015-01-13,9.467738151550293,9.476788630624004,9.255081937076023,9.399869302418955,8549605
2015-01-14,9.404396057128906,9.610265663456408,9.384035317909774,9.494887870550125,10933614
2015-01-15,9.413442611694336,9.467737361672302,9.255081164939593,9.406655970945438,8044619
2015-01-16,9.922460556030273,9.972231688770776,9.411180007657366,9.420229673607164,27685368
2015-01-19,9.786722183227539,10.198462095175634,9.614787459991364,9.727902195806383,23589828
2015-01-20,10.576268196105957,10.628301551968264,9.807085423658936,9.90210165576492,30440145
2015-01-21,10.67580795288086,10.74593900873937,10.408856198720226,10.621512391833598,23411739
2015-01-22,10.497086524963379,10.619250937053552,10.361348830636585,10.619250937053552,12970051
2015-01-23,10.517447471618652,10.521971899121759,10.268594215026367,10.404332724073727,14751796
2015-01-26,10.664499282836914,10.768564377252511,10.363612633874817,10.476727396496264,11211302
2015-01-27,10.540070533752441,10.856793454249441,10.474463898276007,10.63056314474878,12202389
2015-01-28,10.406594276428223,10.519709016784077,10.327412740189027,10.44731574535501,7296057
2015-01-29,10.456365585327148,10.57853000362184,10.273118957885112,10.363611570692369,6992456
2015-01-30,10.304790496826172,10.666759286183174,10.22560896141135,10.542331855097075,9782277
2015-02-02,10.101183891296387,10.189413475491966,9.976757263125487,10.189413475491966,13910078
2015-02-03,10.2142972946167,10.275379493789636,10.067248548303342,10.180363280849518,9260915
2015-02-04,10.198463439941406,10.40433301706466,10.1690530363561,10.243709340233522,6642940
2015-02-05,10.406594276428223,10.666759397236783,10.214297999833175,10.298003963287924,11895906
2015-02-06,10.43826675415039,10.62830082943039,10.270856440398422,10.587578545876005,5978863
2015-02-09,10.234660148620605,10.53102151658847,10.089871973254596,10.508398567185893,8122047
2015-02-10,10.424691200256348,10.497085278227157,10.141903964665381,10.334199414786173,4958250
2015-02-11,10.469939231872559,10.621513235342546,10.340988177637193,10.350037032533665,5182519
2015-02-12,10.499349594116211,10.5785303282549,10.408857790525424,10.408857790525424,4027678
2015-02-13,10.854531288146973,11.033253498525065,10.519710630926742,10.519710630926742,9808114
2015-02-16,10.983481407165527,11.078498445034294,10.838694854592998,10.917874772157942,6080032
2015-02-17,10.949546813964844,11.121482358606416,10.863579447640761,11.04456384684554,4358158
2015-02-25,10.949546813964844,10.949546813964844,10.949546813964844,10.949546813964844,0
2015-02-26,10.940498352050781,10.951809420660735,10.632825105958439,10.745939852025177,5462665
2015-02-27,10.836433410644531,11.003843736692252,10.782137840577633,10.94049931094429,4353984
2015-03-02,10.75725269317627,10.813809665263062,10.40885794499199,10.773089002637716,14640932
2015-03-03,10.338725090026855,10.632824217211471,10.270855436066274,10.630562003678568,17917124
2015-03-04,10.585315704345703,10.587577917965653,10.239184028599,10.406594332422477,11671683
2015-03-05,10.632824897766113,10.689381863695369,10.429217546839208,10.51744712824306,8155201
2015-03-06,10.551380157470703,10.74593863547021,10.517446143489094,10.653183823402225,12261846
2015-03-09,10.474464416503906,10.497087367373906,10.225610332946921,10.41338220555686,9462990
2015-03-10,10.804758071899414,11.107906840806194,10.632823361292171,10.972168355805056,14428339
2015-03-11,11.266271591186523,11.52191151907704,10.965384946967056,10.965384946967056,20734171
2015-03-12,11.481188774108887,11.76397686294749,11.130531836266659,11.377122880839284,17276288
2015-03-13,11.259485244750977,11.53096148988453,11.200664430779653,11.35676369802807,9978220
2015-03-16,11.424630165100098,11.515121138781582,11.21197316957492,11.349973061529692,12636447
2015-03-17,11.354499816894531,11.43594275967658,11.304728678531363,11.42463169095321,11117295
2015-03-18,11.41784381866455,11.420106844480552,11.245909072204817,11.354500207646888,11527217
2015-03-19,11.318302154541016,11.426892460528588,11.225547342764816,11.354498381874643,10238630
2015-03-20,11.264008522033691,11.372598846593466,11.221024834978918,11.221024834978918,10571583
2015-03-23,11.759451866149902,11.831845139183924,11.29567939042559,11.33413864659724,17449375
2015-03-24,11.492500305175781,11.759452077524404,11.311515089354,11.759452077524404,17656466
2015-03-25,11.431418418884277,11.55810726150752,11.35676211677005,11.440467273931601,13579805
2015-03-26,11.47440242767334,11.512860874701603,11.3115157242906,11.492500950271422,9508491
2015-03-27,11.748140335083008,11.761713616495918,11.444990724967198,11.444990724967198,11523747
2015-03-30,11.879355430603027,11.972110267571656,11.716470333378368,11.763978452902496,13765372
2015-03-31,11.63955020904541,11.983420504854646,11.494762844282594,11.983420504854646,11427731
2015-04-01,12.105584144592285,12.216437491257167,11.598828772387527,11.73682868428608,13794581
2015-04-02,12.259420394897461,12.329551453258166,11.990206417587121,12.103321158813001,12623884
2015-04-03,12.680209159851074,12.69604465520085,11.782074624446887,12.209649238758907,13406311
2015-04-07,13.612279891967773,13.852083506174694,12.84988373568153,12.883818569424925,20193848
2015-04-08,13.582867622375488,13.800049066943613,13.30912921198706,13.551195818955328,20087196
2015-04-09,14.881430625915527,14.931200954727354,13.836247224919273,14.026281308730853,37262451
2015-04-10,15.865530967712402,16.175465569674056,14.594115076497534,14.858805410713906,35139947
2015-04-13,15.444745063781738,16.451469234706,15.23208883519009,16.336093076716175,38614217
2015-04-14,15.58726692199707,15.903989812344287,14.677822967002538,15.29090557768003,39346919
2015-04-15,14.657301902770996,16.079740060843374,14.636686022950919,15.667438907159815,18525136
2015-04-16,14.04709529876709,14.426410691674455,13.605933092482745,13.812082834031171,26966547
2015-04-17,13.35030746459961,14.2532470059789,13.25135518609229,14.047096425755317,49590864
2015-04-20,13.560579299926758,13.68839265085865,13.020465639092354,13.350306544723047,33169251
2015-04-21,14.220258712768555,14.224382545767677,13.408026394822956,13.55645560803958,26581098
2015-04-22,14.273859977722168,14.632562777679134,14.199645775414348,14.224383842850289,25163335
2015-04-23,14.290351867675781,14.484134215957909,14.022356962162478,14.43053424829225,23476461
2015-04-24,13.787344932556152,14.162539785119279,13.671901437637466,14.059463679899007,24356738
2015-04-27,13.766730308532715,14.014111817844663,13.688393090926962,13.927527755197158,19252825
2015-04-28,14.00586223602295,14.02647811260525,13.519348595356352,13.770852259604034,24241357
2015-04-29,13.816207885742188,14.014112444330145,13.688393702851545,14.014112444330145,14286123
2015-04-30,13.692516326904297,13.989373978519211,13.688393315383756,13.80383763795893,15210574
2015-05-04,13.729622840881348,13.779098977002777,13.399781933405155,13.69663957226959,15201993
2015-05-05,13.226617813110352,13.66365624406721,13.140033742720158,13.647165018916645,13705678
2015-05-06,13.0410795211792,13.482242542675571,12.983358186389356,13.473995698121783,13662048
2015-05-07,13.074064254760742,13.18126172259699,12.946250909024812,13.032834143233021,10911274
2015-05-08,13.399781227111816,13.403905060373765,13.111171270418442,13.238984615328512,11404909
2015-05-11,13.882174491882324,13.894542703250414,13.337937017710031,13.482242408589048,19212218
2015-05-12,14.690285682678223,14.991266374291321,13.902791229880899,13.902791229880899,39075532
2015-05-13,14.381059646606445,14.719146600595149,14.265615320854204,14.698532364561025,18873351
2015-05-14,14.467643737792969,14.554226160119265,14.183155112424044,14.286229581314574,17783494
2015-05-15,13.98112678527832,14.43053418126675,13.898666561769282,14.43053418126675,15684943
2015-05-18,14.080078125,14.141924117911643,13.61005564923999,13.968757639739477,15935146
2015-05-19,14.29859733581543,14.368689345542554,13.989372330342444,14.21201492622077,18576962
2015-05-20,14.393427848815918,14.838713054093908,14.17490743520108,14.348073903920298,27607567
2015-05-21,15.061355590820312,15.110831729924955,14.310967481066562,14.397551546635597,32474471
2015-05-22,15.016003608703613,15.378828636615115,14.739761003953246,15.25926212000748,28580924
2015-05-25,15.283998489379883,15.411811015126924,14.677915017605878,14.842835466487012,31679673
2015-05-26,15.778761863708496,15.79937610033188,15.016003867477487,15.267506762205324,37537784
2015-05-27,15.547868728637695,15.778758988947716,15.176797738575923,15.778758988947716,28817108
2015-05-28,15.255135536193848,16.4961610062666,15.18504352811938,15.547868490625529,48517417
2015-05-29,14.785114288330078,15.539624569783035,13.977004035305955,15.131447253911844,28878693
2015-06-01,15.25101089477539,15.255134727630168,14.66142118408854,14.677913226964696,20427188
2015-06-02,15.242766380310059,15.36645671410985,14.842835123159889,15.259260069088333,27610783
2015-06-03,15.6509428024292,15.894201242156917,15.242763943995017,15.255133797533688,29815354
2015-06-04,15.08609390258789,15.733407555069176,14.084202891768891,15.659193345220663,24490441
2015-06-05,15.119078636169434,15.37058150848619,14.842836051274125,15.362335485717251,22435115
2015-06-08,14.867574691772461,15.251013943149225,14.587209906838469,15.119079218040325,24293374
2015-06-09,14.925297737121582,15.131448326485357,14.760377265630563,14.8634533824484,18862075
2015-06-10,14.925297737121582,15.081972185038051,14.636686912012298,14.842837501376072,19451350
2015-06-11,15.758146286010742,15.811744617680315,14.966528014421343,14.966528014421343,45689876
2015-06-12,15.564361572265625,16.071491075693363,15.52312982022474,15.811740574610463,31733191
2015-06-15,15.12732219696045,15.667437481265903,15.053109640323296,15.5932232803571,22312466
2015-06-16,14.743881225585938,15.11907601875478,14.677913054854839,14.855201691558937,18041567
2015-06-17,14.76449966430664,14.921172452721153,14.071833751377948,14.838713869263286,17234619
2015-06-18,14.084202766418457,14.719146556138021,14.051218673446012,14.554226091275796,15765755
2015-06-19,12.99160385131836,14.06358762612789,12.781331094275927,14.06358762612789,16699917
2015-06-23,13.700761795043945,13.713130829104607,12.410260063517484,13.441012901905921,16177931
2015-06-24,13.816207885742188,14.051218726929466,13.47812093148776,13.71313177267504,14680409
2015-06-25,13.127662658691406,13.85743645937517,12.991603289809587,13.83269839230575,13167507
2015-06-26,12.125771522521973,12.983357830480427,11.816545690325414,12.781330286778676,27051171
2015-06-29,12.088664054870605,12.575179349391359,11.099141421947042,12.496842140951577,24184725
2015-06-30,13.168893814086914,13.193631883116787,11.7505786785101,12.265955116632451,23535930
2015-07-01,12.484474182128906,13.395658862869736,12.369029865022357,13.02871085492392,17653260
2015-07-02,12.690625190734863,13.19363176781033,12.369030296157113,12.459736548473915,23183991
2015-07-03,12.224723815917969,12.925634881647753,11.490827839211637,12.925634881647753,24478643
2015-07-06,13.0410795211792,13.44925763086792,12.072172709205443,13.44925763086792,31372261
2015-07-07,13.5935640335083,13.60593306730647,12.154633101654662,12.69887058877409,44317213
2015-07-08,12.23297119140625,12.657640560074132,12.23297119140625,12.36903057292591,41601041
2015-07-09,13.45750617980957,13.45750617980957,11.144498101599039,12.23297244298423,36901282
2015-07-10,14.801605224609375,14.801605224609375,13.457503578002038,13.812082539990477,52607552
2015-07-13,15.156185150146484,15.815866981831435,14.265614677371799,14.430535135293036,62572837
2015-07-14,14.187278747558594,14.879943049286197,14.030602663120241,14.508873651058325,39076887
2015-07-15,13.06169605255127,13.968757741750855,12.905021618775143,13.956389529641246,23727686
2015-07-16,13.502857208251953,13.919280506180886,13.061695021648712,13.1936305543849,19389342
2015-07-17,14.294473648071289,14.430532175816957,13.564699949299083,13.564699949299083,18059731
2015-07-20,14.084202766418457,14.422289719386017,13.840945902882593,14.29447718125371,18434950
2015-07-21,13.902791023254395,14.01823535503671,13.717255490032818,13.853314881061975,17475719
2015-07-22,14.014110565185547,14.376935540612463,13.779098111239122,13.791467144492312,16735234
2015-07-23,14.224382400512695,14.356318746792832,13.81620515134428,13.956387519266924,19697873
2015-07-24,13.77497673034668,14.368691218898434,13.66365541789371,14.273861130598885,18646758
2015-07-27,12.397891998291016,13.75023900580004,12.397891998291016,13.564703480391435,20706925
2015-07-28,12.748346328735352,12.896775561419679,11.548550832271218,12.146387485869159,29758786
2015-07-29,13.251355171203613,13.276093240802648,12.616411384828377,12.616411384828377,18095069
2015-07-30,12.781332015991211,13.276093414442986,12.71948684118474,13.193632359231767,11434341
2015-07-31,13.18126106262207,13.19363009546108,12.529826155236737,12.566933253753762,12814562
2015-08-03,14.15017032623291,14.16254018268614,12.863790757228529,12.905021693755575,27055888
2015-08-04,14.269735336303711,14.28622738032712,13.610054397503161,14.02235632022417,23061538
2015-08-05,13.820328712463379,14.12543154353456,13.762606555233695,14.100693476150411,11653910
2015-08-06,13.803836822509766,14.183153859991812,13.523472055675212,13.643040204843443,9771315
2015-08-07,13.985249519348145,14.018233610037209,13.824452899374815,13.853313156591886,8502937
2015-08-10,14.339828491210938,14.521240989962273,13.898667100474228,13.98524951637878,18433948
2015-08-11,14.055339813232422,14.37281250651821,13.989373276485965,14.249122167109146,14180412
2015-08-12,13.861559867858887,14.067710444906393,13.787345660121785,13.95226612175979,8144287
2015-08-13,14.162538528442383,14.348073199395525,13.865680095228534,13.977002213217673,11460673
2015-08-14,14.034725189208984,14.298597905956791,13.878050763639974,14.207891659574733,15823840
2015-08-17,14.28210735321045,14.29035337647028,13.853314143699277,13.972882303102734,13124453
2015-08-18,13.127662658691406,14.348073967449537,12.863789943284242,14.323335900380116,15810306
2015-08-19,13.441012382507324,13.511102750673384,12.851420959596748,13.028710440948593,11386727
2015-08-20,13.032835006713867,13.552333624246307,12.98748105889266,13.296706915838088,10097704
2015-08-21,12.529827117919922,13.131785940198515,12.373152689921644,13.032834492019658,11435181
2015-08-24,11.350645065307617,12.369028772706338,11.276430868007306,12.17937026849443,24052686
2015-08-25,11.086774826049805,11.556798180005616,10.670351448628429,11.132128778830632,19051757
2015-08-26,11.696980476379395,12.084543589239304,11.090897736055918,11.503198919949439,16659910
2015-08-27,12.356659889221191,12.369028922254124,11.837160501838001,11.960850832167331,16387200
2015-08-28,12.748346328735352,12.983358800906277,12.249462770972253,12.49271962167968,12600945
2015-08-31,12.393767356872559,12.649394047154727,12.23709293379639,12.533949735414392,8547471
2015-09-01,11.9567289352417,12.31543010448346,11.936113878265973,12.31543010448346,6178872
2015-09-02,13.152402877807617,13.152402877807617,11.762947970246433,11.956729515217875,27729401
2015-09-07,12.430875778198242,13.630672145582466,12.414383731911174,13.061696548678606,16848457
2015-09-08,13.14827823638916,13.2678447356911,12.175246798415127,12.369029141501768,8474445
2015-09-09,13.214244842529297,13.317320107374913,12.98335624927512,13.148276673028104,11002687
2015-09-10,12.917389869689941,13.181261762122778,12.781330501240475,12.987480237361417,5594026
2015-09-11,12.954496383666992,13.061694669107156,12.61640948343263,13.012218537365543,4842030
2015-09-14,13.185386657714844,13.201878703704079,12.451490611193835,12.938005145740409,10963878
2015-09-15,13.14827823638916,13.28433678002734,12.70299303931065,13.012218870615172,9749955
2015-09-16,13.898667335510254,14.397550893377034,12.987480992873667,13.069942043109153,12827228
2015-09-17,13.135910987854004,13.770854781066237,13.111172917988592,13.68839372604561,9821779
2015-09-18,13.008095741271973,13.292582681349995,12.740100023244455,13.090555140067714,7113085
2015-09-21,13.177140235900879,13.25959964121545,12.78133114413877,12.900897651806039,4540914
2015-09-22,13.152402877807617,13.296707461501503,13.111172761856247,13.193632171623076,4456139
2015-09-23,13.086433410644531,13.288460959020354,13.012219209200351,13.17301664566274,4323067
2015-09-24,13.135910987854004,13.168894258871966,12.987481746525612,13.09468087141165,3860690
2015-09-25,12.884406089782715,13.16064784448062,12.793699841971463,13.061695574141071,3494713
2015-09-28,12.99160385131836,13.028710953526295,12.781331094275927,12.913266635546053,2305904
2015-09-29,12.892651557922363,12.933881668790931,12.781330258577228,12.847298435966938,2210612
2015-09-30,12.933882713317871,13.045204021653198,12.843176462081678,13.045204021653198,1888829
2015-10-08,13.333812713623047,13.436887989183017,12.987479787741544,13.197754172019682,5880156
2015-10-09,13.255476951599121,13.39978235314018,13.144155641838875,13.39978235314018,4166939
2015-10-12,13.696640014648438,13.886297720437017,13.251354775173601,13.321445148140233,9486450
2015-10-13,13.52347183227539,13.67190105793051,13.39978149600932,13.626547112497116,5563829
2015-10-14,13.276091575622559,13.597685617937534,13.25959870915594,13.57294755144132,4757780
2015-10-15,13.4368896484375,13.482243597420217,13.197755801744718,13.267846175644811,4773727
2015-10-16,14.24499797821045,14.76037520169076,13.43276559182739,13.523471838464019,17497422
2015-10-19,14.352197647094727,14.430534036506653,14.084201101242936,14.286227824677619,11862963
2015-10-20,14.484134674072266,14.636685270961687,14.17490800256084,14.302722175771933,9136480
2015-10-21,13.861559867858887,14.583087709661058,13.61005616386093,14.541857594251557,11277431
2015-10-22,14.838711738586426,14.884064035189747,13.840943126326861,13.853311336574492,16470719
2015-10-23,14.772746086120605,14.96652680438371,14.54185744224095,14.962402970749967,10044750
2015-10-26,14.426409721374512,15.048985203963314,13.853312015013824,14.78511250019515,21036908
2015-10-27,14.232630729675293,14.335705194782237,13.894543787518796,14.220260873070263,6828462
2015-10-28,14.059463500976562,14.35632031248184,13.956389041339744,14.216137929271015,5743024
2015-10-29,14.00998592376709,14.203768255690767,13.956387604897683,14.0429700105395,5013729
2015-10-30,13.997618675231934,14.21201525398521,13.824452207777364,13.977002797446762,4897081
2015-11-02,14.067708015441895,14.310964832212095,13.853311452338339,13.915155792636298,5925547
2015-11-03,13.92752742767334,14.129555806252052,13.878051291401622,14.129555806252052,4673982
2015-11-04,14.339828491210938,14.364566559222483,13.894543267003112,13.894543267003112,8636733
2015-11-05,14.022357940673828,14.521241507898054,14.018234107055624,14.339829002676193,12230769
2015-11-06,14.319214820861816,14.343952889848067,14.059464274370296,14.067710297365712,6815256
2015-11-09,14.525362014770508,14.945909137254626,14.319213108804782,14.319213108804782,22717618
2015-11-10,14.492380142211914,14.669668800267928,14.389304040894787,14.51299437591235,9566269
2015-11-11,14.570716857910156,14.603700947985368,14.34807424990247,14.49238046611737,5964084
2015-11-12,14.348074913024902,14.570717531322423,14.228508403112116,14.537733439722789,6643637
2015-11-13,14.055339813232422,14.265614212363687,14.022357366995049,14.265614212363687,5409156
2015-11-16,14.1254301071167,14.179030069800937,13.902787523299919,14.018231826019731,5992945
2015-11-17,14.080078125,14.306844573313706,14.051217867440508,14.199646277302364,5888223
2015-11-18,14.00586223602295,14.07183205452339,13.935771873040514,14.0594621997197,5647527
2015-11-19,14.183155059814453,14.244999412065003,14.018234594783872,14.018234594783872,4293423
2015-11-20,14.170784950256348,14.261492848678449,14.080078696106051,14.187278640737297,4033579
2015-11-23,14.29859733581543,14.422287666858944,14.117184850284943,14.170783171601332,7675488
2015-11-24,14.19964599609375,14.348074403016142,14.084201679598555,14.306844289982145,3620864
2015-11-25,14.228508949279785,14.244999351440828,14.0223583688689,14.195523212142216,4025401
2015-11-26,14.290351867675781,14.43053424829225,14.236753544281784,14.236753544281784,6552245
2015-11-27,13.98112678527832,14.244997856235587,13.944018862563425,14.100693287230598,7521763
2015-11-30,14.067708015441895,14.10893812373104,13.688391019181756,13.981125610170448,5770577
2015-12-01,14.550101280212402,14.558348947173364,13.964635313548106,14.009987616203064,8877629
2015-12-02,14.500624656677246,14.578962691727762,14.29447574064712,14.537732579667402,8269204
2015-12-03,14.66966724395752,14.6779132654172,14.401672368653635,14.471762728925183,8713648
2015-12-04,14.867574691772461,15.160307689199993,14.690284373281242,14.690284373281242,17098729
2015-12-07,14.962403297424316,15.032495316553995,14.65317825047007,14.842836783512032,8492615
2015-12-08,14.715019226074219,15.011875992292698,14.636682846013398,14.85107939939341,9238078
2015-12-09,14.562469482421875,14.760374004486245,14.512993351905783,14.710897873970152,5048387
2015-12-10,14.677915573120117,14.813975770732352,14.533610997023475,14.558349065291905,4965106
2015-12-11,14.39754867553711,14.669667386347879,14.368688422283835,14.669667386347879,4068158
2015-12-14,14.348074913024902,14.492381135909177,14.100694226027656,14.327460677911013,5152595
2015-12-15,14.459397315979004,14.57483999447494,14.352199016266109,14.389305297876982,4307986
2015-12-16,14.385181427001953,14.57071776739176,14.372813214587588,14.545979698291239,3530852
2015-12-17,14.644932746887207,14.797485003186718,14.393429853239962,14.409920255904686,4735899
2015-12-18,14.780990600585938,14.780990600585938,14.508873483500565,14.710900226614687,5236797
2015-12-21,15.222152709960938,15.267505011896198,14.599578828938828,14.67379303196428,11331687
2015-12-22,15.040740013122559,15.308736564832394,14.966525811086681,15.234522362796517,6204257
2015-12-23,14.838711738586426,15.131444682857406,14.82221805113708,15.044860634037974,5271857
2015-12-24,14.888187408447266,14.987138020187727,14.665543188149007,14.884063575644376,3701587
2015-12-25,14.76449966430664,14.945910521040034,14.682039436577034,14.896434384402271,3114198
2015-12-28,14.529487609863281,15.028372824071852,14.517119397484976,14.780990489516093,5907622
2015-12-29,14.644932746887207,14.727392981570219,14.492382134859575,14.496504324457787,3450215
2015-12-30,14.63668441772461,14.739758872705274,14.554224196031429,14.63668441772461,2708551
2015-12-31,14.574838638305664,14.925295407662643,14.545978382435038,14.665544883468788,4778932
2016-01-04,13.647164344787598,14.62844028772757,13.523473174112704,14.463519823008932,4803999
2016-01-05,13.857437133789062,14.001741709914544,13.008096789736552,13.428643950383911,6275207
2016-01-06,13.828574180603027,13.993494623219817,13.564701472416163,13.87392812445845,6499251
2016-01-07,12.78957748413086,13.721378077434254,12.711239443973891,13.721378077434254,1411344
2016-01-08,12.917389869689941,13.255475963095215,12.455611797058957,13.032834182313731,7923571
2016-01-11,12.40201473236084,12.880284076041919,12.369030639693179,12.773084952736113,5329341
2016-01-12,12.496841430664062,12.637023795693972,12.286567883119199,12.286567883119199,5654751
2016-01-13,12.542196273803711,12.905021268489609,12.492719316028872,12.612287465958941,7121947
2016-01-14,12.859667778015137,12.979235102405049,12.21235502183527,12.274200189623157,6098754
2016-01-15,12.562810897827148,12.863789890466826,12.492718885949083,12.686501232666396,3367809
2016-01-18,12.707117080688477,12.863790692450062,12.249462813251151,12.249462813251151,3819943
2016-01-19,12.962743759155273,13.008097709666416,12.538074379232357,12.698871834380851,4406964
2016-01-20,12.67000961303711,12.942128358811688,12.5710565197105,12.855545121519777,4715651
2016-01-21,12.348414421081543,12.781330596652452,12.31955334271015,12.649394238383222,3157090
2016-01-22,12.11752700805664,12.554566238606501,11.977344613351969,12.352538669767414,5054597
2016-01-25,12.11752700805664,12.28657048402404,12.051558822313266,12.20411025184482,3996334
2016-01-26,11.643381118774414,12.080420366055625,11.375385353932163,12.039190248387586,7143708
2016-01-27,11.288801193237305,11.659872222219228,10.967207123588851,11.659872222219228,8176750
2016-01-28,11.09501838684082,11.379505299971346,11.045541436832705,11.198092831105912,3364968
2016-01-29,11.330031394958496,11.400123411998255,11.082651529198356,11.09089672999234,4628679
2016-02-01,11.428983688354492,11.515566929256265,11.264063229493974,11.292924309794564,4545566
2016-02-02,11.734086036682129,11.804177228707829,11.420737178214292,11.544427517083175,3693930
2016-02-03,11.63513469696045,11.696979871345496,11.507321336564688,11.696979871345496,1601007
2016-02-04,11.762948036193848,11.91962247768743,11.626889474927442,11.709348885156569,2448623
2016-02-05,11.77119255065918,11.960851060789324,11.738208461940895,11.795930617197895,2881799
2016-02-15,11.552674293518066,11.606272617908559,11.461968045550417,11.606272617908559,2878899
2016-02-16,11.750579833984375,11.833040072192544,11.585659357568034,11.65162754813457,5386169
2016-02-17,11.701101303100586,11.779438513411302,11.593903015306974,11.738208402721451,3636395
2016-02-18,11.72584056854248,11.849530913260011,11.69697948810839,11.779439717920077,4888416
2016-02-19,11.981466293334961,12.055680494048056,11.680486479331854,11.791807780401497,9418341
2016-02-22,12.1587553024292,12.340166963907095,12.096910137560897,12.096910137560897,5315163
2016-02-23,12.187616348266602,12.282445600822673,11.944358700405374,12.208231403170094,5249246
2016-02-24,11.964974403381348,12.237093142846541,11.833038044852769,12.154632918766179,4535687
2016-02-25,11.012558937072754,12.039188738229715,10.954837601713828,11.96497453573644,8011296
2016-02-26,11.235201835632324,11.338276289865103,11.090895626580505,11.214585958222804,4725165
2016-02-29,10.695086479187012,11.218708878922161,10.307524265298365,11.218708878922161,5302695
2016-03-01,10.909483909606934,10.92185294364354,10.63736598293747,10.761056323303526,3722067
2016-03-02,11.305294036865234,11.334155941070032,10.86825479410821,10.946592016866544,4282912
2016-03-03,11.235201835632324,11.42073651095997,11.1857248808396,11.305292201427157,4069279
2016-03-04,10.938344955444336,11.325907169469424,10.794038747503954,11.235201749099481,4364394
2016-03-07,11.107388496398926,11.292923171784429,10.942468054157766,10.942468054157766,4106716
2016-03-08,11.371261596679688,11.404245688651724,10.794039987169072,11.18572607933699,7708436
2016-03-09,11.210463523864746,11.268185681600537,11.13212713193059,11.144496165731116,5081463
2016-03-10,11.717596054077148,12.142265440347245,11.412493185901939,11.499075610140046,15253168
2016-03-11,11.400124549865723,11.598028297799797,11.218711205165553,11.523814084023531,5871335
2016-03-14,11.828913688659668,11.845405731600536,11.46196655536107,11.5650418237415,9200729
2016-03-15,12.707117080688477,12.73597733848108,11.598027009151178,11.750578431630286,15629560
2016-03-16,12.23297119140625,12.562812116302394,12.208233122039038,12.385522619170716,6440265
2016-03-17,12.373153686523438,12.575181254688365,12.113403956025675,12.24946333866736,5622158
2016-03-18,12.546319007873535,12.678255366662128,12.336045436054217,12.373152536963508,7838983
2016-03-21,12.595794677734375,12.797822232862664,12.443243258555869,12.797822232862664,5758262
2016-03-22,12.414382934570312,12.657639779544962,12.307184640589412,12.500966172016422,5834435
2016-03-23,12.67000961303711,12.760715039492784,12.311307629970619,12.369029788165227,5053989
2016-03-24,12.463859558105469,12.719486269142406,12.443243678627894,12.674133142990692,3916197
2016-03-25,12.36902904510498,12.57517959770138,12.24533871354714,12.463858299299323,3540729
2016-03-28,12.40201473236084,12.566935195699143,12.33604654702552,12.410260755527755,3519687
2016-03-29,12.294816017150879,12.496843577936822,12.125772547921823,12.496843577936822,2650642
2016-03-30,12.645271301269531,12.727732353167957,12.31130819286715,12.31130819286715,5591149
2016-03-31,12.657638549804688,12.760713822464455,12.562810121093477,12.595793386208827,2941719
2016-04-01,12.905021667480469,13.016342153974083,12.59579498804044,12.604041833037762,5892484
2016-04-05,13.024588584899902,13.10292497745731,12.781330918220837,12.905021257210192,4268483
2016-04-06,12.768960952758789,12.95449644770703,12.702992776777194,12.95449644770703,5404910
2016-04-07,12.707117080688477,12.921513674442897,12.628779863739744,12.921513674442897,2310698
2016-04-08,12.645271301269531,12.702994284239196,12.496843709832856,12.624657065964787,1966869
2016-04-11,12.678256034851074,12.983358880629693,12.641148931986107,12.781331320587094,4991856
2016-04-12,12.447367668151855,12.657640433535137,12.369030449272161,12.533950910071518,5713843
2016-04-13,12.533950805664062,12.682379219147078,12.377276369209769,12.443243730844108,9149080
2016-04-14,12.884406089782715,12.90089731270346,12.525704109801854,12.616410357613107,7159451
2016-04-15,12.62377643585205,12.812943977715214,12.56072058856433,12.770906746190066,4534485
2016-04-18,12.447218894958496,12.661608755610809,12.443015172200607,12.623775250789812,2948418
2016-04-19,12.55651569366455,12.560720254935328,12.443016009791291,12.451423455873009,2452690
2016-04-20,11.993216514587402,12.636386079248355,11.854494505537428,12.58173684663556,5973016
2016-04-21,12.178181648254395,12.312700787660997,11.95118060050575,11.993217831570314,4109833
2016-04-22,12.245439529418945,12.316902812374543,11.984809570987169,12.10671668603455,2165447
2016-04-25,12.152959823608398,12.312701308409787,12.056274188070716,12.19499705645087,1982802
2016-04-26,12.199199676513672,12.26225552007499,12.014235868733802,12.216014568130023,2422085
2016-04-27,12.19079303741455,12.36734941106962,12.11932974331607,12.199200483779078,3299153
2016-04-28,12.152959823608398,12.24964545914608,11.938569936111799,12.24964545914608,2916894
2016-04-29,12.06047534942627,12.241235412251202,11.888122731383891,11.888122731383891,4231113
2016-05-03,12.539700508117676,12.560719121425196,12.014235175429656,12.064679847367707,6705309
2016-05-04,12.459830284118652,12.535497295102061,12.363144658973185,12.485052621113121,4143191
2016-05-05,12.716257095336914,12.779312936426928,12.434607671801517,12.531293294806206,6610137
2016-05-06,12.497664451599121,12.783517619344467,12.413589152267628,12.728869219628445,4725514
2016-05-09,12.434608459472656,12.577535041663715,12.144551572084916,12.384163783405223,4647854
2016-05-10,12.27066421508789,12.426201129518567,12.119329347242257,12.35894156080047,4571238
2016-05-11,12.661609649658203,12.791925064354432,12.110921929490267,12.23703362113178,10430540
2016-05-12,12.60696029663086,12.72886825599919,12.190791745683798,12.653201246736087,6156936
2016-05-13,12.510275840759277,12.737276051495432,12.358941808115217,12.485053501985268,3937357
2016-05-16,12.497664451599121,12.632183589361636,12.220218729963932,12.506071897709278,5801437
2016-05-17,12.72046184539795,12.779313968501606,12.358941660618342,12.49766452221982,6139484
2016-05-18,12.55651569366455,12.665813330956787,12.40097794115279,12.665813330956787,4551053
2016-05-19,12.501869201660156,12.707851648280094,12.485054308058528,12.543905597434236,2566275
2016-05-20,12.476646423339844,12.527091102374168,12.400978566558395,12.400978566558395,2000290
2016-05-23,12.686830520629883,12.69523880455228,12.40938565100668,12.543903943857083,3135253
2016-05-24,12.468236923217773,12.67842305124149,12.447218310415401,12.67842305124149,1718143
2016-05-25,12.300089836120605,12.560720673335494,12.262256327492638,12.527090887888411,2664341
2016-05-26,12.346329689025879,12.354737134637165,12.106717489104193,12.27907012413558,1989112
2016-05-27,12.346329689025879,12.400977247269374,12.258050671877491,12.35894085744281,1213323
2016-05-30,12.194994926452637,12.367347551003368,12.140346533302404,12.34212521570326,1496582
2016-05-31,12.543904304504395,12.552312588668537,12.20340358239764,12.20340358239764,4029497
2016-06-01,12.686830520629883,12.720461141629833,12.522886167855669,12.535497336394444,5863270
2016-06-02,12.632183074951172,12.691035195325684,12.58173756211456,12.65320168937064,3850867
2016-06-03,12.724663734436035,12.737274902685604,12.527089603422647,12.64899756316848,7104272
2016-06-06,12.648998260498047,12.96848120709998,12.539701462976334,12.775109949946179,7403837
2016-06-07,12.670016288757324,12.695238625479103,12.510274822852729,12.64899767482251,4003893
2016-06-08,12.539700508117676,12.678423355947313,12.48505211351812,12.678423355947313,6914820
2016-06-13,12.35473918914795,12.468239723774708,12.253849825035275,12.379961530176118,4422616
2016-06-14,12.337922096252441,12.413588267621638,12.245440195631373,12.354736987274453,2679510
2016-06-15,12.426201820373535,12.47664649971666,12.199200763329468,12.295886398737126,5348880
2016-06-16,12.295886039733887,12.455627519656476,12.190792960837445,12.455627519656476,3836058
2016-06-17,12.312700271606445,12.400977614912183,12.241236981791882,12.321107717466981,2313970
2016-06-20,12.291682243347168,12.438812552925619,12.190792888207659,12.312700859001232,2191470
2016-06-21,12.295886039733887,12.400978280400386,12.25384880817531,12.266459977642883,2598284
2016-06-22,12.539700508117676,12.552311676102187,12.237032476489377,12.295884593750435,3764257
2016-06-23,12.552313804626465,12.615369655241551,12.468239337139684,12.468239337139684,3260047
2016-06-24,12.363143920898438,12.560718882226638,12.14034662408153,12.48925559834197,2766420
2016-06-27,12.632183074951172,12.674220303790108,12.232829400981268,12.29168152135578,3744513
2016-06-28,12.951665878295898,12.972683654265055,12.548108485674428,12.590145714072499,8406050
2016-06-29,12.968481063842773,13.031536907870288,12.846573098722912,12.960072779742541,4725528
2016-06-30,12.779314041137695,12.989500196274001,12.749887141188683,12.846573610781313,2018757
2016-07-01,12.737276077270508,12.922240733550812,12.737276077270508,12.779314146875528,1719872
2016-07-04,13.153444290161133,13.241722473513754,12.71625793464473,12.754091441795854,4507203
2016-07-05,13.212296485900879,13.317389555237899,13.052555020508606,13.115610023880954,4156518
2016-07-06,13.157648086547852,13.182870423182415,12.94746194792649,13.182870423182415,3531364
2016-07-07,13.233314514160156,13.24172112110524,13.06096104984466,13.157647507585962,2352515
2016-07-08,13.002110481262207,13.292167355622505,12.888609965208179,13.258536734858104,2983165
2016-07-11,12.955869674682617,13.157648372138794,12.897017554591232,13.069370192001717,4314662
2016-07-12,13.578021049499512,13.63266861007098,12.875999311051094,12.955870047760794,9278447
2016-07-13,13.405669212341309,13.603244204490597,13.304779854648055,13.477131669144073,5924688
2016-07-14,13.367834091186523,13.43929653937167,13.229110402856955,13.346814639305196,2917737
2016-07-15,13.430891036987305,13.4477059292917,13.262742113943336,13.330001683160923,2304741
2016-07-18,13.355222702026367,13.737760625923997,13.30898091452837,13.39725909040394,4951843
2016-07-19,13.250130653381348,13.460316802564897,13.077778011050839,13.460316802564897,2582491
2016-07-20,13.166055679321289,13.279557040902086,13.065167163461556,13.237519810031394,2045027
2016-07-21,13.523371696472168,13.590631259481786,13.086184536909647,13.166054429753721,4545259
2016-07-22,13.279555320739746,13.493945170409367,13.241720979627052,13.36783349413312,2422098
2016-07-25,13.351018905639648,13.380444964102344,13.233314671788865,13.346814344772282,1478331
2016-07-26,13.443501472473145,13.477130417016555,13.262741390066713,13.426685742856622,1506334
2016-07-27,13.124018669128418,13.535983512276154,13.09459260890358,13.372037481365023,4750418
2016-07-28,13.283759117126465,13.418279085953868,13.107203596447087,13.128221372373075,2292106
2016-07-29,13.39305591583252,13.662093322061835,13.296369458500191,13.325796354717733,3854077
2016-08-01,12.993701934814453,13.409870458421825,12.892811757528317,13.346813783281814,4859945
2016-08-02,13.098796844482422,13.170260136396974,12.913833030115345,12.972684314638585,1229188
2016-08-03,13.128220558166504,13.203887564434778,13.031535777275757,13.132425118966788,2162298
2016-08-04,13.03573989868164,13.187074763809385,12.9937035072177,13.090389135513544,2069787
2016-08-05,13.039945602416992,13.170261025885907,12.997907530809945,13.018926985728458,1926785
2016-08-08,13.086185455322266,13.098796624271644,12.897017921081588,13.031537056541627,2564221
2016-08-09,13.30057430267334,13.401462808265162,13.03153605248224,13.03153605248224,3411977
2016-08-10,13.30057430267334,13.397259085605926,13.25012963076251,13.30057430267334,1876920
2016-08-11,13.39305591583252,13.514963032123243,13.203887561967361,13.203887561967361,3455570
2016-08-12,13.620057106018066,13.704132401873864,13.363630848488928,13.519167756866976,3525913
2016-08-15,13.733558654785156,13.821836836531293,13.514964223660064,13.514964223660064,4422558
2016-08-16,13.58642864227295,13.830243739791333,13.56120630409209,13.741966394388244,4859631
2016-08-17,13.527575492858887,13.666299189147791,13.456113040573548,13.519168046915917,2296676
2016-08-18,13.531779289245605,13.792410953121601,13.51916812026273,13.611650864367057,2830269
2016-08-19,13.426685333251953,13.57381646662648,13.283758760825698,13.535982962160707,2605782
2016-08-22,13.233314514160156,13.489740753765101,13.21229590122288,13.477129586002736,2381478
2016-08-23,13.254334449768066,13.321593179649376,13.17446371263599,13.203888935454739,1871561
2016-08-24,13.20809268951416,13.2921671445152,13.153443455533624,13.254333639764733,3339553
2016-08-25,13.132425308227539,13.203887754725425,13.065165746130859,13.115609579473531,2787730
2016-08-26,13.187074661254883,13.25013050530527,13.124018817204496,13.18287093831819,1782843
2016-08-29,13.216500282287598,13.262742074216101,13.077778259421779,13.187075059072969,1860870
2016-08-30,13.212296485900879,13.262741159182648,13.1198145848843,13.22490765422132,1499301
2016-08-31,13.224906921386719,13.258535863481212,13.124017580413781,13.258535863481212,1818498
2016-09-01,13.292166709899902,13.351018826476336,13.161851308909226,13.208092257647852,2411347
2016-09-02,13.170260429382324,13.279557231212467,13.05675990440487,13.241722884656708,1947380
2016-09-05,13.149240493774414,13.245925278227821,13.1198144346969,13.14083221009384,1468535
2016-09-06,13.199684143066406,13.220702755063565,13.03153524708914,13.077776193482888,2451098
2016-09-07,13.166055679321289,13.241722694888535,13.132426732854663,13.199686302247772,1427282
2016-09-08,13.077776908874512,13.195481142497355,13.031535959951253,13.166054245861808,2557006
2016-09-09,13.069369316101074,13.102998258526764,13.031535812863616,13.081980483846893,1440641
2016-09-12,12.833961486816406,13.056758794688069,12.737275024415815,13.03153645794788,3975825
2016-09-13,12.833961486816406,12.884406160296782,12.812942872866248,12.8423680941666,1144765
2016-09-14,12.733071327209473,12.842367274544968,12.623774541644163,12.833960667731297,1546994
2016-09-19,12.930647850036621,12.997906580291417,12.68262819124924,12.77511009791572,2380052
2016-09-20,12.989500045776367,13.02733355326256,12.800332508345406,12.863388354155727,2602953
2016-09-21,12.875998497009277,12.968480396826283,12.863387328852413,12.968480396826283,1391610
2016-09-22,12.892812728881836,13.01051696664881,12.88860984433431,12.939054517663013,1100994
2016-09-23,12.880202293395996,12.976888761007057,12.825554732410477,12.976888761007057,905455
2016-09-26,12.682628631591797,12.939055745342952,12.653202569358058,12.934852022166703,2420089
2016-09-27,12.712054252624512,12.758296047237435,12.648999241241366,12.758296047237435,1853036
2016-09-28,12.749886512756348,12.787720857045988,12.674220338866737,12.720461290717543,1092522
2016-09-29,12.770906448364258,12.850777186399402,12.7120534873716,12.770906448364258,1511051
2016-09-30,12.762499809265137,12.821351935749265,12.716258852741895,12.737276631113394,1113381
2016-10-10,12.897018432617188,12.905425040686964,12.74148067607241,12.800332800170434,1526984
2016-10-11,13.027332305908203,13.0357389129814,12.892812342829753,12.918035516968708,3753727
2016-10-12,12.997905731201172,13.03153635147652,12.918035837073004,12.947461896362805,1382573
2016-10-13,12.972683906555176,13.065166649059394,12.653201802746501,13.060962087907939,2748545
2016-10-14,12.783517837524414,12.99790687876254,12.775110391270763,12.972684540001593,4827206
2016-10-17,12.758294105529785,12.922239289572778,12.737274653961096,12.854978888658628,2970287
2016-10-18,12.922240257263184,12.97268409482409,12.657405709361427,12.657405709361427,4067188
2016-10-19,13.002110481262207,13.102998990635916,12.880201681344673,12.976888144361313,4552420
2016-10-20,13.069369316101074,13.090387929010772,12.955868806388704,13.065165593519135,1948321
2016-10-21,13.094593048095703,13.132426555368001,12.993703695369575,13.027333479611618,2220690
2016-10-24,13.191276550292969,13.313185344485355,13.094591768276642,13.094591768276642,5678202
2016-10-25,13.195481300354004,13.308980974475412,13.170258964275947,13.237518527150765,2843862
2016-10-26,13.245924949645996,13.279555568844476,13.174462503317459,13.237518342633669,1811596
2016-10-27,13.115609169006348,13.250129127219596,13.06936905974185,13.250129127219596,2363583
2016-10-28,13.056757926940918,13.170258434728565,13.002109534302422,13.153442706456138,2623040
2016-10-31,13.157648086547852,13.203888198814687,13.06096162455216,13.203888198814687,2262541
2016-11-01,13.363630294799805,13.409871244578175,13.145036714029327,13.199685109221946,3519674
2016-11-02,13.271147727966309,13.388851965282011,13.199685279254494,13.388851965282011,1827738
2016-11-03,13.237519264221191,13.342612337064718,13.132426191377665,13.279556493358603,2452614
2016-11-04,13.262741088867188,13.367834157647033,13.187074079345699,13.28796342537435,1966140
2016-11-07,13.220705032348633,13.30477949481921,13.174464077989814,13.30477949481921,1438688
2016-11-08,13.30057430267334,13.313185470651048,13.195481236192443,13.233314740125566,2674772
2016-11-09,13.027332305908203,13.367833840681241,12.99790540911773,13.367833840681241,3173332
2016-11-10,13.212296485900879,13.24592542985886,13.039943852188165,13.14083236052184,1804939
2016-11-11,13.077776908874512,13.208092310385517,13.060961180127126,13.161851361462256,2501058
2016-11-14,13.077776908874512,13.149240193574094,13.044147127839414,13.149240193574094,2849355
2016-11-15,13.023131370544434,13.090391789923249,12.955872627625768,13.056761999348879,3319671
2016-11-16,13.002110481262207,13.060961762467757,12.96848069872768,12.989499312811759,2207586
2016-11-17,13.128220558166504,13.161851176960006,12.989498551571161,13.04834982932777,3565680
2016-11-18,13.027332305908203,13.16185143075681,13.002109969999088,13.12401792689314,3215700
2016-11-21,12.968481063842773,13.056759245481295,12.913832665685595,13.044148076675793,2921431
2016-11-22,13.090389251708984,13.102999582499168,12.99790650733171,13.094592974715683,3145406
2016-11-23,13.111408233642578,13.237519927372546,13.048351548547659,13.090389618020918,2828862
2016-11-24,13.115609169006348,13.124017452235123,12.989498332251685,13.06516533724237,2882809
2016-11-25,13.170260429382324,13.241722884656708,13.039945011815618,13.161852983087698,3776796
2016-11-28,13.161852836608887,13.203889229384254,13.115611044273129,13.203889229384254,3200857
2016-11-29,13.363630294799805,13.36783401750693,13.077777150715333,13.161851604857825,5593068
2016-11-30,13.451909065246582,13.61165138335021,13.14083355180835,13.456113626631094,6801668
2016-12-01,13.39305591583252,13.540185367541287,13.283758290791168,13.514963032123243,3113719
2016-12-02,13.229111671447754,13.393057711880509,13.124019431342552,13.393057711880509,2071560
2016-12-05,13.052555084228516,13.229110603346754,12.989499242318479,13.115610087908685,2690830
2016-12-06,13.102999687194824,13.136630309747037,13.044148402860726,13.07777818718302,1003200
2016-12-07,13.119816780090332,13.136631673997721,13.03153858707654,13.069372098368165,1539023
2016-12-08,13.178668022155762,13.233317265384157,13.128223340618781,13.140834511003026,2589747
2016-12-09,13.237519264221191,13.355223505805942,13.086185239326513,13.086185239326513,2596082
2016-12-12,12.812944412231445,13.283760583049608,12.699443045034517,13.283760583049608,5234432
2016-12-13,12.846573829650879,12.859184999173916,12.71625841124616,12.770906812512655,2648022
2016-12-14,12.657404899597168,12.846572421710615,12.644793731456272,12.846572421710615,1140890
2016-12-15,12.501869201660156,12.733073988682536,12.468239414456901,12.611166010070736,2948477
2016-12-16,12.527090072631836,12.569126463475035,12.485052843558744,12.531293795539144,1093001
2016-12-19,12.443015098571777,12.57753422602822,12.438811375838762,12.573330503295207,1719236
2016-12-20,12.258050918579102,12.497663961553032,12.194995913455294,12.497663961553032,2054714
2016-12-21,12.316904067993164,12.350533851635875,12.26225566957376,12.283274284350453,2671276
2016-12-22,12.27486801147461,12.363146201972937,12.253849394689293,12.34212758518762,1541775
2016-12-23,12.216015815734863,12.333720069070297,12.211812092401454,12.279071665735989,1494897
2016-12-26,12.308496475219727,12.312700198124906,12.148755004822858,12.190792233874665,1993647
2016-12-27,12.333719253540039,12.375756484094536,12.232829900209245,12.237033623264693,1131824
2016-12-28,12.27066421508789,12.384163899069758,12.232829869454042,12.295885715127257,1133578
2016-12-29,12.27066421508789,12.363145283845352,12.232829869454042,12.321108053396543,1180906
2016-12-30,12.32951545715332,12.3631452413969,12.2748670577575,12.295885672909739,1607819
2017-01-03,12.493460655212402,12.518682993394828,12.300089395813798,12.384163856421887,2021314
2017-01-04,12.497664451599121,12.535497959094828,12.384163929111999,12.443016051883099,1826724
2017-01-05,12.539700508117676,12.653201019978288,12.48505211351812,12.501867004164138,2111734
2017-01-06,12.443015098571777,12.590145394227262,12.388366703042596,12.56492305782918,1730102
2017-01-09,12.670016288757324,12.69103490269214,12.400977192161822,12.443015258261319,2602399
2017-01-10,12.716257095336914,12.73307198629425,12.590145413156884,12.611164026853556,1610943
2017-01-11,12.573331832885742,12.74148075998752,12.531294601110297,12.653202573259087,1270278
2017-01-12,12.56071949005127,12.670016282457969,12.535497153342032,12.606960440684873,839783
2017-01-13,13.304778099060059,13.325796712472712,12.232828815014761,12.510274512061779,6662741
2017-01-16,13.498148918151855,13.578019646609256,12.611163460019652,12.993702212105104,14748525
2017-01-17,13.20809268951416,13.2921671445152,13.044147502262131,13.283758860785237,3338543
2017-01-18,13.090389251708984,13.241722441720212,13.039944575628605,13.187074880863046,2059750
2017-01-19,13.098796844482422,13.14503779807419,13.031537275621666,13.081981952267233,1356870
2017-01-20,13.111408233642578,13.195482696129224,13.052556109901927,13.102999949163978,1683051
2017-01-23,13.044147491455078,13.187074064838434,13.014721432229095,13.161851728359018,1601632
2017-01-24,13.098796844482422,13.157648967235582,13.048351329606934,13.111408013643812,1547851
2017-01-25,13.065166473388672,13.107203702039051,13.044147859063482,13.094592533443938,707394
2017-01-26,13.119816780090332,13.132427950520874,13.060963813184465,13.115612218383479,914417
2017-02-03,12.62377643585205,13.086185982628672,12.611165266394506,13.086185982628672,4475164
2017-02-06,12.510275840759277,12.623776365242323,12.443016270695251,12.585942857081308,4219136
2017-02-07,12.510275840759277,12.527090733275283,12.337923192470209,12.459831163211257,3596305
2017-02-08,12.581738471984863,12.590146756590597,12.413589544469133,12.480849953705372,2149088
2017-02-09,12.514479637145996,12.653202501215112,12.506072190838777,12.56912719991298,2894986
2017-02-10,12.564924240112305,12.632183810169245,12.493460946926808,12.493460946926808,3848400
2017-02-13,12.964278221130371,13.086186194527299,12.573331961616086,12.573331961616086,4334413
2017-02-14,12.997905731201172,13.023128067735287,12.884406055027519,12.947461896362805,2280715
2017-02-15,12.947463035583496,13.060962721743754,12.880202627344557,12.997906874860314,1737383
2017-02-16,12.951665878295898,12.97688821533474,12.859183975820144,12.97688821533474,1452166
2017-02-17,12.913832664489746,13.023128622564087,12.854979705172951,12.947462447967974,1899269
2017-02-20,13.03573989868164,13.048351067589795,12.918036493768781,12.976888615340163,1713024
2017-02-21,12.939055442810059,13.06096257384096,12.850777258172906,13.06096257384096,2514550
2017-02-22,12.817145347595215,12.913831806904232,12.653201002256019,12.913831806904232,3149676
2017-02-23,12.779314041137695,12.821351272164957,12.737275971880504,12.8171467108323,1921807
2017-02-24,12.812944412231445,12.88020314672264,12.77090717928072,12.783518349165938,1550228
2017-02-27,13.069369316101074,13.073572200453187,12.745682677291725,12.779312457947242,3354632
2017-02-28,12.985295295715332,13.073573478566415,12.901221674087068,13.069370593803415,3533564
2017-03-01,12.968481063842773,13.031536907870288,12.926443834491097,12.964277340907607,1305361
2017-03-02,12.892812728881836,13.102998867751433,12.88860984433431,12.913832180998662,1303862
2017-03-03,13.006314277648926,13.035739499303206,12.838165364025159,12.901221206634071,1568634
2017-03-06,13.010517120361328,13.056758909688828,12.863387659644218,12.968480730320637,2972257
2017-03-07,13.187074661254883,13.26694539705204,12.94746245386341,12.94746245386341,6148230
2017-03-08,13.081982612609863,13.346816340137247,13.010518478858076,13.346816340137247,5064843
2017-03-09,12.976887702941895,13.102998544926734,12.951665366898958,13.102998544926734,2304072
2017-03-10,13.2879638671875,13.334203980758215,12.97688837325617,13.01892560216581,3442738
2017-03-13,13.418278694152832,13.50655687102982,13.107203213729163,13.367834021651698,5509253
2017-03-14,13.195481300354004,13.372036814670553,13.12401801479951,13.363630207541048,3883663
2017-03-15,13.182870864868164,13.266945323133582,13.094592683689475,13.266945323133582,2259354
2017-03-16,13.237519264221191,13.28375937804245,13.077777793499031,13.178666305198924,1681734
2017-03-17,13.090389251708984,13.279556787010408,13.073573521452278,13.241722441720212,2196036
2017-03-20,13.098796844482422,13.195482474719757,13.044148444783058,13.195482474719757,1521345
2017-03-21,13.325797080993652,13.430890150963235,13.073572874836785,13.073572874836785,3787857
2017-03-22,13.636872291564941,13.741965359403368,13.19968512935709,13.19968512935709,5965673
2017-03-23,14.39354133605957,14.725636263912557,13.84705822933993,13.851261113763547,17064585
2017-03-24,14.120301246643066,14.460801968538558,14.061448286910009,14.355708056195878,10423553
2017-03-27,14.33889389038086,14.704616925822403,14.040429579683515,14.103485419971687,9494307
2017-03-28,14.69200325012207,14.696207810560043,14.174946256740713,14.364114594340384,5895127
2017-03-29,14.422966957092285,14.683599445307037,14.296856950444745,14.683599445307037,5141599
2017-03-30,14.494431495666504,14.52806127878726,14.16233654911915,14.296857358061951,4810029
2017-03-31,14.633152961730957,14.683597628733128,14.334687843738351,14.443984622243056,3378069
2017-04-05,14.956840515136719,15.293138335137074,14.607932365116207,14.62895014063637,8415712
2017-04-06,15.116581916809082,15.124989362274148,14.696209643555795,14.948433007507766,6404591
2017-04-07,14.990469932556152,15.129193618162285,14.889580589009757,15.116581611989146,2949468
2017-04-10,14.738247871398926,14.986268367685293,14.670988303112429,14.986268367685293,2603064
2017-04-11,14.998879432678223,15.00308231767194,14.734044031356998,14.797100717942017,2686251
2017-04-12,14.839136123657227,15.116581822269238,14.729839333294919,14.998877586494444,2626093
2017-04-13,14.84754467010498,14.982063806680152,14.725637540813647,14.85595211614093,1378460
2017-04-14,14.595319747924805,14.813913321778433,14.44398573525691,14.809708760974498,1968239
2017-04-17,14.637358665466309,14.763470357265671,14.460802296947204,14.48182175047702,1915162
2017-04-18,15.162823677062988,15.36880695158042,14.633156231640779,14.692006679834451,5959840
2017-04-19,15.234288215637207,15.251103108843628,14.771878652460641,15.124991409795474,5743963
2017-04-20,15.616827011108398,15.965736901541275,15.082954962232828,15.238491894261921,10140190
2017-04-21,15.457085609436035,15.616827104167543,15.30575156179566,15.608421333536448,4125996
2017-04-24,15.230082511901855,15.60841753902705,14.839135478976004,15.469693857517996,3497101
2017-04-25,15.457140922546387,15.50426551355158,15.09298890029764,15.09298890029764,2752196
2017-04-26,15.804155349731445,16.08690803277618,15.465709810653543,15.465709810653543,6646156
2017-04-27,15.76131820678711,15.90697870264348,15.474280493041785,15.90697870264348,3484127
2017-04-28,15.782735824584961,15.979805879880196,15.658495152852689,15.658495152852689,2535292
2017-05-02,16.044069290161133,16.15974171512978,15.122981711033217,15.739896754793156,4478299
2017-05-03,15.508551597595215,16.074056980871266,15.410015714427509,15.834145606148093,5390508
2017-05-04,15.851280212402344,15.924109588070174,15.534254505642684,15.577095817366962,5191682
2017-05-05,15.594236373901367,15.906978884610714,15.422871082698252,15.744180149440426,3104655
2017-05-08,15.204380989074707,15.679918811594264,15.165822944801603,15.508553522663378,4301086
2017-05-09,14.887353897094727,15.358606691740343,14.707420359519668,15.358606691740343,5419757
2017-05-10,15.200094223022461,15.551393024202143,14.904489988488479,14.960182846607069,4924856
2017-05-11,15.427151679992676,15.499982770362061,15.011591775299175,15.195810285595185,3906493
2017-05-12,15.679916381835938,15.808440328618046,15.380027172677687,15.46570980386576,3547947
2017-05-15,16.24970817565918,16.26255971721444,15.748463884460088,15.765600412218566,4126219
2017-05-16,16.36537742614746,16.53674268846923,16.04406670503063,16.27969479498658,4954645
2017-05-17,16.014080047607422,16.391083657891166,15.971238728256996,16.34395906086929,5458670
2017-05-18,16.545312881469727,16.69097337143341,15.851283488113348,15.936966129268455,4278239
2017-05-19,16.70810890197754,16.70810890197754,16.37822989896473,16.571016684315516,2870019
2017-05-22,16.536739349365234,17.179358953313887,16.489613057478984,16.59671717906711,4759309
2017-05-23,16.922313690185547,17.093678944016094,16.189726375796482,16.53674186906682,6555588
2017-05-24,16.690969467163086,16.80664015140174,16.322534196378705,16.79378861249826,5049314
2017-05-25,16.63956069946289,17.085110350802886,16.53674154915366,16.643843976462314,5014413
2017-05-26,16.635276794433594,16.905177935789443,16.558162426692927,16.626708531351298,3509107
2017-05-31,16.682405471801758,16.858054035743752,16.39108448550949,16.7081102647099,4349818
2017-06-01,17.337873458862305,17.346441721495715,16.57529808448875,16.57529808448875,6832521
2017-06-02,17.200780868530273,17.342158053054337,17.06368866948968,17.32930480513083,4892496
2017-06-05,17.02513313293457,17.295032558058715,16.948018767395244,17.13651884129772,2440420
2017-06-06,17.136520385742188,17.243624535129825,16.986576626832065,17.016566403730373,2039513
2017-06-07,17.14937400817871,17.75343746007192,17.136520758220875,17.192215327159534,6395646
2017-06-08,17.847686767578125,17.890526374205105,17.179362251175622,17.23934009239123,5621343
2017-06-09,17.989063262939453,18.464602742101576,17.637764458960334,17.774856675147305,9115329
2017-06-12,18.04047203063965,18.391770818780167,17.8305504383314,17.984777466061168,6702909
2017-06-13,18.228973388671875,18.361782318240667,17.834833294217468,17.993345304028022,3593210
2017-06-14,17.99334716796875,18.4603183999053,17.864823210811053,18.228975277021448,5884647
2017-06-15,17.389286041259766,18.241829174951796,17.30788667790499,17.873393818012886,8304515
2017-06-16,17.235055923461914,17.564934920045783,17.196499592259457,17.385001387871064,5435027
2017-06-19,17.504955291748047,17.517806831329903,17.145088264079025,17.145088264079025,5654124
2017-06-20,17.15365982055664,17.526378459378435,16.828065780619948,17.513526917328775,9814331
2017-06-21,17.65489959716797,17.736298948389297,16.93516551880396,17.170793601103288,8479639
2017-06-22,17.19221305847168,17.8605375463803,17.136518496882484,17.564933338684195,8200895
2017-06-23,17.689176559448242,17.762007663934256,17.22649026391815,17.28646811704242,8423076
2017-06-26,17.62062644958496,18.164711991068856,17.564933595707778,17.732013865866303,10054475
2017-06-27,18.079030990600586,18.10045079524245,17.43641122343772,17.590639967556807,10498695
2017-06-28,17.56493377685547,18.036186526686524,17.522090753932286,18.027619972334282,7846865
2017-06-29,17.49210548400879,17.650617518347314,17.226489292297067,17.573503140108425,7265776
2017-06-30,17.470685958862305,17.564936867115804,17.316457199902032,17.470685958862305,5050148
2017-07-03,16.635276794433594,17.42784027528248,16.579583938662186,17.39356893148033,12753320
2017-07-04,16.571014404296875,16.742379652796128,16.49818331942124,16.665265290971465,9169928
2017-07-05,16.836631774902344,17.007997035975965,16.54102584528683,16.553879094130867,7933835
2017-07-06,16.60957145690918,16.92231390335297,16.476764237781037,16.853767800957286,7520355
2017-07-07,16.309682846069336,16.79379056592999,16.283978056745596,16.6138570406638,7984533
2017-07-10,16.421070098876953,16.506752729081605,16.146885682222067,16.305399402364184,6675000
2017-07-11,16.66526985168457,16.793793823231614,16.331107525662258,16.412505186711698,6513651
2017-07-12,16.588153839111328,16.77237065930067,16.54531251947111,16.70382454787632,4607672
2017-07-13,16.005510330200195,16.588152220453477,15.928395962372555,16.58386723464398,8794741
2017-07-14,16.21543312072754,16.356810326462426,15.979806722538942,16.06548935979428,4970396
2017-07-17,16.194013595581055,16.553880678273558,15.679917763163195,16.331105817559152,6205930
2017-07-18,16.70810890197754,16.70810890197754,16.155455045263942,16.258274208510457,8991373
2017-07-19,16.622425079345703,16.879472969112612,16.541025726656006,16.83663165415146,7211685
2017-07-20,17.187931060791016,17.22220411400412,16.523889800523563,16.64813047268461,10587789
2017-07-21,17.07225799560547,17.15794062534424,16.969438839918944,17.15794062534424,4249312
2017-07-24,16.7595157623291,17.27789477192995,16.708106189053304,17.072256478826766,6235650
2017-07-25,16.421070098876953,16.708107764326048,16.305399402364184,16.626708411368117,6095076
2017-07-26,16.532459259033203,16.660983217873927,16.429640091960625,16.536744245258163,3616588
2017-07-27,16.48961639404297,16.57101574794376,16.34395762953489,16.532457709641534,3176230
2017-07-28,16.493900299072266,16.622424237446186,16.348239835581822,16.48961531352967,2513262
2017-07-31,16.596721649169922,16.652414508915577,16.459629430070272,16.618141454140666,4251405
2017-08-01,16.943735122680664,17.0722590754179,16.4939021423639,16.575299791500587,5986651
2017-08-02,16.793790817260742,17.037985465227308,16.65669860548244,17.03370218787277,3910200
2017-08-03,16.656696319580078,16.9523005063959,16.553877174856865,16.84519808490597,3641961
2017-08-04,16.24970817565918,16.656699855659443,16.236854925576722,16.583868758422316,4027434
2017-08-07,16.219717025756836,16.42107035562244,15.93696434166061,16.42107035562244,3722960
2017-08-08,16.271127700805664,16.352525351992675,16.129750494969997,16.19401332722089,3190398
2017-08-09,16.43820571899414,16.665265530786517,16.194011090632173,16.275408730577187,8352229
2017-08-10,16.82806396484375,16.96515446886596,16.459628643617542,16.459628643617542,9301689
2017-08-11,17.003713607788086,17.28646631446075,16.669551318084032,16.78522373416826,8855922
2017-08-14,17.54779624938965,17.56493448436544,17.003712388906052,17.003712388906052,8409845
2017-08-15,17.804845809936523,18.25039378795755,17.397852453537723,17.65490034962316,12733030
2017-08-16,17.69774055480957,17.907663844366688,17.406419624197984,17.907663844366688,5812623
2017-08-17,17.42355728149414,17.92051654835308,17.397852491829024,17.667751929049224,5865073
2017-08-18,17.907665252685547,17.9890629001414,17.39356945235253,17.547796483925346,6886710
2017-08-21,17.83911895751953,18.001917683357494,17.78342609533474,17.899098514529665,4091889
2017-08-22,18.05760955810547,18.20755331684979,17.830551426957086,17.97192692210096,5231975
2017-08-23,17.91623306274414,17.993347438196878,17.65061688062915,17.993347438196878,3219936
2017-08-24,17.509239196777344,17.984776931847104,17.427839845240587,17.984776931847104,3703809
2017-08-25,17.556365966796875,17.684889913300374,17.509239665482074,17.586354033384172,2227134
2017-08-28,17.47496795654297,17.740584133070566,17.36786551381962,17.624911718061092,4940573
2017-08-29,17.479249954223633,17.941936163326535,17.25647511280372,17.539229504671425,6549689
2017-08-30,17.73201560974121,17.81769824607649,17.406421591667147,17.483535964368897,6535333
2017-08-31,17.385000228881836,17.813411663638796,17.17936192010554,17.757718809275378,5880083
2017-09-01,17.47496795654297,17.487821206444988,17.22220502991739,17.38500204133753,4840297
2017-09-04,17.54351234436035,17.72773085135665,17.256474682350397,17.522090832802338,4506107
2017-09-05,17.65918731689453,17.663470594713022,17.423559198114607,17.47925206091847,2782258
2017-09-06,18.12187385559082,18.147578648471917,17.56493667650041,17.642051055143696,5563898
2017-09-07,17.826265335083008,18.20755218738728,17.770570770871387,18.113301293628947,4508288
2017-09-08,17.77485466003418,17.98906122354199,17.650613998936183,17.860537285437303,3156620
2017-09-11,17.350727081298828,17.749150448082208,17.27361271593492,17.749150448082208,6744804
2017-09-12,17.40213394165039,17.547794401122516,17.27361171534893,17.35500935314344,3812761
2017-09-13,17.702028274536133,17.821982261847083,17.307886422540662,17.39357077095228,4600523
2017-09-14,17.63776397705078,17.843402295712668,17.51352501378943,17.843402295712668,3152392
2017-09-15,18.48602294921875,18.494591212917044,17.63348156550233,17.73630072988183,13052130
2017-09-18,19.23574447631836,19.34284862295622,18.336078528901222,18.481737298003193,11321596
2017-09-19,19.145776748657227,19.47565400361162,18.790192997444638,19.355698327532398,6254033
2017-09-20,19.16719627380371,19.29571849061927,18.991546054905832,19.081511948382076,3621408
2017-09-21,19.282869338989258,19.621314863350047,19.017253193739826,19.15862867485104,3641526
2017-09-22,19.368553161621094,19.394257951457146,18.97869632817742,19.094368736703196,3043641
2017-09-25,19.462804794311523,19.647021607511906,19.090084473318562,19.37283717221672,4484534
2017-09-26,19.428529739379883,19.698429160818964,19.368551900334868,19.47565433008034,4346274
2017-09-27,19.69843101501465,19.70271600104183,19.385690250533976,19.467087899779187,4273953
2017-09-28,19.775543212890625,19.865510824300316,19.518495335329987,19.826952788402753,3428813
2017-09-29,20.302492141723633,20.362471693175657,19.741271751475143,19.94691007007497,6469835
2017-10-09,19.771259307861328,20.563822717568744,19.681291699309302,20.563822717568744,8319348
2017-10-10,20.293928146362305,20.413883847340525,19.582762204848585,19.76697903423006,7337502
2017-10-11,20.876567840576172,21.42065171341984,20.203958307920235,20.32819898175945,6264050
2017-10-12,20.927976608276367,21.159319730491113,20.525269918874173,20.983671177147208,3128811
2017-10-13,21.01365852355957,21.403513626443843,20.842293267670446,20.966532223926574,2700417
2017-10-16,20.80801773071289,21.63485591375609,20.769461403841543,21.33496672715204,6002860
2017-10-17,21.334970474243164,21.42065311403574,20.58953150804773,20.598099772026988,3013505
2017-10-18,21.801937103271484,21.947597571519836,21.08648801055043,21.63485683219128,5215675
2017-10-19,21.806222915649414,22.02471277204161,21.557743283923294,21.806222915649414,3393678
2017-10-20,21.227867126464844,21.797657556989513,21.129332941224696,21.59201921367726,5462451
2017-10-23,21.34781837463379,21.673414058835682,21.043645909516687,21.549173398064667,4481592
2017-10-24,21.40780258178711,21.549178089847633,21.13361641299476,21.296413436277135,3359720
2017-10-25,21.0179443359375,21.416367749675192,20.81230600406587,21.270707264599455,9771416
2017-10-26,21.969022750854492,22.26891200025922,21.155037645327372,21.16360590959608,11932075
2017-10-27,21.75909423828125,21.763379223658415,21.227861980178304,21.72053791252108,10151444
2017-10-30,21.720539093017578,22.178940292837417,21.382093570901787,21.75909542087326,6243056
2017-10-31,21.96473503112793,22.020429596207432,21.634857752096845,22.020429596207432,3763749
2017-11-01,21.382095336914062,22.27747800803673,21.369242087549274,22.27747800803673,6034265
2017-11-02,21.639141082763672,21.64342606863899,21.215012907460302,21.215012907460302,4193991
2017-11-03,21.7333927154541,22.041851910493246,21.557744167676095,21.741960978968326,4323829
2017-11-06,22.980072021484375,23.472747981056152,21.55345884455601,21.73339065275034,12979773
2017-11-07,23.241405487060547,23.348509627846777,22.847265392656904,22.97578933648418,6370946
2017-11-08,22.937232971191406,23.58413596649836,22.53880789169577,23.138586295271026,5916742
2017-11-09,23.29709815979004,23.39563403688468,22.568797525652034,23.00577893125103,4505152
2017-11-10,23.369930267333984,23.939720626292086,23.048619542002086,23.254259568012905,8446542
2017-11-13,22.941518783569336,23.614126641928493,22.688755854108457,23.391351781696756,9533770
2017-11-14,22.431705474853516,23.125733062363903,22.328886319885015,22.97150603843815,6750855
2017-11-15,22.307464599609375,22.92009624649458,21.96045080910113,22.431705264963984,5894581
2017-11-16,22.855833053588867,23.134302445476976,22.277476175862724,22.654479734492995,6495768
2017-11-17,22.25177001953125,23.26282495550713,22.21321198550603,23.134301022967822,7402256
2017-11-20,22.932945251464844,22.962935022331802,21.592013120454848,22.256052562413096,7964569
2017-11-21,23.41705322265625,23.605555000496135,22.658762834245646,23.005778324987087,9000345
2017-11-22,23.288532257080078,23.704092162905827,22.920096944011245,23.412771217688608,6775703
2017-11-23,21.814790725708008,23.36992960322243,21.454923680337906,23.2285541182334,10351748
2017-11-24,21.5534610748291,21.797655732812885,20.867999987818994,21.797655732812885,8228708
2017-11-27,20.940828323364258,21.549175007562518,20.855145691787037,21.549175007562518,5384082
2017-11-28,21.69912338256836,21.86620368232923,20.932262872653766,21.20644733054014,7960948
2017-11-29,21.13361358642578,22.011861422512446,21.03507941346038,21.75481352539348,4201169
2017-11-30,20.94939613342285,21.58344759338084,20.812303925864367,21.07792007800893,3461152
2017-12-01,20.970815658569336,21.30497617431138,20.77802890568924,21.24928332452999,4263055
2017-12-04,21.20215606689453,21.634854140653125,20.726618392801804,20.876563828078382,8731836
2017-12-05,20.833724975585938,21.326400980241264,20.640939901435324,21.00080696780844,5322063
2017-12-06,20.739473342895508,20.983669697837044,20.392459538300816,20.69234874965977,5550069
2017-12-07,20.76946449279785,20.94082976777233,20.713769924167565,20.778032756546576,4477544
2017-12-08,21.112194061279297,21.206444958133705,20.52098389010164,20.563825206853643,3639795
2017-12-11,21.84478187561035,21.986157369499374,21.090774685463238,21.116479476036435,5885816
2017-12-12,21.943317413330078,22.230353404942765,21.767667145918278,21.883339564938016,6697874
2017-12-13,22.474550247192383,22.48740178927719,21.729111258982996,22.097546620971542,4905367
2017-12-14,22.495967864990234,22.87725644049721,22.2175001587951,22.508821114351875,6255747
2017-12-15,22.371728897094727,22.641628339856414,22.063271414780168,22.641628339856414,5514392
2017-12-18,22.44884490966797,22.79157547064166,22.101829362418496,22.268911365156782,3248504
2017-12-19,22.731592178344727,22.834411322012055,22.3631569135368,22.49596411984369,3585823
2017-12-20,23.160009384155273,23.262828546056554,22.671618365124186,22.898676493392625,4707306
2017-12-21,23.207134246826172,23.442760641304695,22.967222866288772,23.177146178522566,4112965
2017-12-22,22.915813446044922,23.29710032424781,22.753016436677218,23.29710032424781,2599768
2017-12-25,23.02720069885254,23.41277256022002,22.902960022592783,23.177146165870127,2576675
2017-12-26,22.624492645263672,23.322805283592906,22.367444733879815,23.02720103976505,3371585
2017-12-27,22.61591911315918,22.99720761382077,22.337451461626117,22.337451461626117,4420492
2017-12-28,22.817276000976562,23.09146039854423,22.56451140520542,22.920095150064437,4528938
2017-12-29,23.04861831665039,23.2328368205327,22.72730931692756,22.7701506307924,3665107
2018-01-02,22.753015518188477,23.339940700320863,22.66304960774899,23.095746050390478,4333978
2018-01-03,22.740163803100586,22.92009733112673,22.474547642681042,22.80870820048824,5812219
2018-01-04,23.751218795776367,23.776923587268154,22.740165372293216,22.864404343573266,12246380
2018-01-05,23.331375122070312,23.88402727411358,23.24140749933818,23.88402727411358,7746685
2018-01-08,23.112882614135742,23.502739449405436,22.79585687133953,23.112882614135742,5732624
2018-01-09,23.89687728881836,23.93543532710538,23.048619240301363,23.082894001293738,7204150
2018-01-10,24.488086700439453,24.50522322615189,23.57128428335099,23.81976390618135,7576677
2018-01-11,24.213903427124023,24.74085247181226,23.9911302909187,24.41954174533854,4532185
2018-01-12,24.46666717529297,24.543781541874296,23.84975224264235,24.226755812595506,3886373
2018-01-15,24.79226303100586,25.224959488416243,24.303872005948126,24.73228518582333,5289182
2018-01-16,25.036457061767578,25.631950512605336,24.509509717991843,24.792262409622676,8135563
2018-01-17,24.530929565429688,25.24638041341431,23.69124146096678,25.040742091865738,9311110
2018-01-18,24.111085891723633,24.76227218858506,23.991130206520488,24.393836869746835,4952652
2018-01-19,24.299585342407227,24.52664516632998,23.819764322597727,24.076810504250982,3846916
2018-01-22,24.5566349029541,25.010754581689284,24.076812141979563,24.213904359400857,6137186
2018-01-23,24.458099365234375,24.80082988972001,24.338143681664405,24.569486785692206,5563012
2018-01-24,23.9739933013916,24.59090828808566,23.944005232690888,24.40669147271143,5635764
2018-01-25,23.806913375854492,24.196768526061774,23.691242668352,24.076812832378426,5512705
2018-01-26,24.629465103149414,24.929354317866146,23.819765077677776,23.819765077677776,7613968
2018-01-29,23.35708236694336,24.933641338164264,23.322807600160633,24.50522810997181,6129684
2018-01-30,22.99721336364746,23.365647001060477,22.94151879429988,23.344227195676385,4165018
2018-01-31,24.145357131958008,24.188198447917188,23.005779835970905,23.005779835970905,5976751
2018-02-01,23.86260414123535,24.5052221178613,23.566998231801577,24.1453550941757,4353935
2018-02-02,24.149641036987305,24.41954046118711,23.408487158327777,24.398120658429704,4457586
2018-02-05,23.57556915283203,24.1496428029722,23.048620097320416,24.1496428029722,4016264
2018-02-06,22.10182762145996,23.09146289258165,21.857632970265,22.70160605591944,8444675
2018-02-07,22.050416946411133,22.79157254359622,21.977587565821068,22.79157254359622,6680050
2018-02-08,22.346025466918945,22.590220134349856,21.78908831217707,21.78908831217707,5014743
2018-02-09,22.093259811401367,22.401717298309197,20.4181651464849,21.707687952766577,9015232
2018-02-12,22.85154914855957,23.168574859605197,21.849062440658535,21.883335490501306,4545010
2018-02-13,22.84298324584961,23.686956331149403,22.70589103231648,23.08289461953259,4228018
2018-02-14,23.074325561523438,23.262829071124305,22.594504503681147,22.594504503681147,3291906
2018-02-22,23.99969482421875,24.042536136905028,23.087175718264476,23.50702058259001,5476338
2018-02-23,23.70409393310547,24.419543100672136,23.58413824082255,24.0425394963544,5295841
2018-02-26,23.68695640563965,24.162495877091708,23.584137245166456,23.811195370281208,4992264
2018-02-27,23.562715530395508,23.858321468484345,23.087177771548788,23.781207098790787,4185828
2018-02-28,23.691238403320312,24.1496395816798,23.26710856560202,23.26710856560202,5135000
2018-03-01,23.68695640563965,23.89687800400887,23.219985197560355,23.219985197560355,2617348
2018-03-02,23.986845016479492,24.52236231798474,23.49845401659504,23.592704911309585,6205246
2018-03-05,24.03396987915039,24.286732772851664,23.609840024064713,24.11536751999421,2010272
2018-03-06,24.08538055419922,24.14107340965609,23.51987519396148,24.07252730538485,2918941
2018-03-07,23.798343658447266,24.633748477024362,23.77692214590576,24.042538308552526,4531698
2018-03-08,24.05110740661621,24.27388226043899,23.60127442142993,23.746934902775596,4364172
2018-03-09,25.267799377441406,25.3791867979097,23.99112988213955,24.11536884301374,9517255
2018-03-12,25.096433639526367,25.482005472301122,24.80082942199589,25.482005472301122,5034776
2018-03-13,24.856521606445312,25.062159911711746,24.663736549521513,25.053591648992313,2898647
2018-03-14,24.839387893676758,25.062161025757653,24.46666759454996,24.839387893676758,3201561
2018-03-15,25.734769821166992,25.790462675514117,24.826533957670712,24.826533957670712,8378277
2018-03-16,25.443449020385742,25.918986757580747,25.284935302302742,25.580539518405338,3838364
2018-03-19,25.3192081451416,25.70477997287424,25.117854822700274,25.49485838759441,4157072
2018-03-20,25.580541610717773,25.59767984646489,25.06216251657711,25.36633672899523,2964320
2018-03-21,25.944692611694336,26.154615915852546,25.439165079294913,25.640520120192118,6582997
2018-03-22,25.68336296081543,26.287424702304214,25.40917852019024,26.124627690683006,4008099
2018-03-23,24.847957611083984,25.490577425404336,23.99541617834928,23.99541617834928,6492970
2018-03-26,24.92506980895996,25.224959029415732,24.141074558317708,24.458100305656668,7086694
2018-03-27,25.78618049621582,25.81188528589974,25.023605068926138,25.233526663747966,5150642
2018-03-28,24.419540405273438,25.7476211375281,24.368130828541,25.529131290678727,6260226
2018-03-29,24.578054428100586,24.817965789181713,23.47703350025962,24.419540710265625,6179457
2018-03-30,24.31672477722168,24.762274506831478,24.252463651253112,24.333861305283598,4342465
2018-04-02,23.982561111450195,24.32957663916516,23.485601826013617,24.32957663916516,5348954
2018-04-03,24.680871963500977,24.869373734839698,23.648397206568248,23.871172027241283,7865399
2018-04-04,25.439159393310547,25.726195294134477,24.500935630199063,24.847949360444215,6206911
2018-04-09,25.04502296447754,25.409174978184137,24.633746360871182,25.409174978184137,4639087
2018-04-10,25.43488121032715,25.47343925095842,24.663739191500284,25.02360626426549,4796004
2018-04-11,25.91898536682129,26.295988914595192,25.36204830760984,25.36204830760984,5581125
2018-04-12,26.274572372436523,26.553040082326323,25.619099359473516,25.876147264845848,3392695
2018-04-13,25.880430221557617,26.355967954945527,25.79474759315196,26.28313857506421,2748710
2018-04-16,25.400609970092773,26.458789679438716,24.84795610892382,26.111775854947755,3166186
2018-04-17,25.456300735473633,26.12891023272991,25.370618105793024,25.400607880444742,3779855
2018-04-18,25.696212768554688,25.93612413791558,24.445246342601457,25.674792964839565,3685987
2018-04-19,25.91898536682129,26.475922426032735,25.302070470463992,25.91898536682129,4301427
2018-04-20,25.764760971069336,26.60873410985528,25.70478312384754,26.133196318288935,5158351
2018-04-23,26.377389907836914,26.792949808296846,25.764758250218232,25.764758250218232,6543465
2018-04-24,26.762962341308594,26.990020461204352,26.12462588044632,26.433083354775917,5883142
2018-04-25,27.0714168548584,27.409864088911217,26.441650394830347,26.56160607374302,5518033
2018-04-26,27.145240783691406,27.3927667284056,26.819550756441036,27.27117546162524,5719905
2018-04-27,26.91074562072754,27.33197165188756,26.328842814600122,27.14089965733973,5258159
2018-05-02,27.705429077148438,27.74451284895727,26.511230040634665,26.511230040634665,6581402
2018-05-03,27.90084457397461,27.922558166811243,27.479618537535302,27.575154536006583,4917235
2018-05-04,27.579496383666992,28.00940924532082,27.401452887705194,27.900844744120967,3741458
2018-05-07,27.470930099487305,27.59686476622045,26.92811285840756,27.24946117774622,6180789
2018-05-08,28.282987594604492,28.304701186693933,27.366711415798825,27.366711415798825,8760944
2018-05-09,28.1527099609375,28.226534092506856,27.796622999585768,28.13968319173264,3017125
2018-05-10,28.847517013549805,28.8866007846014,28.052832141607844,28.2265339422315,5948298
2018-05-11,29.481529235839844,29.972237699332165,28.79106369722604,28.79106369722604,9816378
2018-05-14,29.71602439880371,30.158965723915212,29.207949227764903,29.37730761811117,7170026
2018-05-15,30.393463134765625,30.397806545953642,29.616148396147914,29.91144147496341,6398203
2018-05-16,31.305400848388672,31.47041584484861,30.267533344311705,30.397807976922664,9370318
2018-05-17,29.759449005126953,31.166433473793035,29.438102432377466,31.070895759530348,14847069
2018-05-18,29.837617874145508,30.17633814362172,28.947398674200354,29.572725205253036,9477233
2018-05-21,30.241472244262695,30.38477709164458,29.47718434308596,29.902755474427313,6634736
2018-05-22,30.271873474121094,30.423861683572945,29.96355018065068,30.050401080858176,4063984
2018-05-23,30.627962112426758,31.00576268313224,30.12857027476415,30.12857027476415,6543212
2018-05-24,30.13291358947754,30.610595352010243,29.229667540508146,30.562828214850665,8589613
2018-05-25,30.124223709106445,30.276211910975896,29.5727213862135,29.837614020897576,3923956
2018-05-28,30.99707794189453,31.4834429880297,30.028691260590257,30.028691260590257,10892853
2018-05-29,30.975366592407227,32.13482534003217,30.918912636698238,30.918912636698238,10683227
2018-05-30,31.96980857849121,32.178250744669555,29.746425472588832,30.77560607036055,10467325
2018-05-31,32.54302215576172,33.22045568265862,31.956776008520695,31.956776008520695,14928201
2018-06-01,32.14350509643555,33.19874252322879,31.613712946053838,32.351947228327774,9785954
2018-06-04,33.837100982666016,33.86749793241376,32.56907781517479,32.56907781517479,12746663
2018-06-05,34.701263427734375,34.7403471959308,33.38547325004306,33.871838256259174,10905664
2018-06-06,35.1485481262207,35.5871460498472,34.08896711550278,34.30609610362002,11437454
2018-06-07,35.05301284790039,35.99534597878036,34.43636972609834,35.83467094787443,12842391
2018-06-08,34.905364990234375,36.403543898442535,34.484140718105024,35.174604515165356,24699607
2018-06-11,32.9859619140625,34.445057055515804,32.57342099890811,34.445057055515804,18907884
2018-06-12,34.86628341674805,35.01827162207382,33.26388348550939,33.26388348550939,15203752
2018-06-13,33.88052749633789,35.100783634354634,33.00333504678947,34.93576863898872,14165638
2018-06-14,33.36811065673828,34.15845223968342,33.04676054418565,34.115028514650845,10493202
2018-06-15,33.789337158203125,34.60139230434209,33.43759010525391,33.50272742212732,15668345
2018-06-19,33.116233825683594,33.646026011965716,32.582101692426406,33.33770620356021,10256811
2018-06-20,33.35073471069336,33.58089045816533,31.982833922045636,32.786205600951845,15805424
2018-06-21,32.43446350097656,33.36376652582328,32.30852881289969,33.04675983170221,11788019
2018-06-22,32.43446350097656,32.62553550702076,31.166440188137823,32.13482698922315,8546896
2018-06-25,33.424560546875,33.80670452067351,32.42143348156521,32.76449368304121,10685941
2018-06-26,32.79054260253906,33.58088744155357,32.39537191485416,32.95990443752805,9001288
2018-06-27,31.318429946899414,32.62119368807398,31.24460580232143,32.13482855803547,11785420
2018-06-28,31.066560745239258,31.94375317328229,30.26753240159921,30.51939829983699,9949040
2018-06-29,31.978490829467773,32.34760801853686,31.066558115841545,31.13603883549478,6638861
2018-07-02,32.134822845458984,33.22045737162273,31.787419242903372,32.134822845458984,7588096
2018-07-03,31.63543128967285,32.52565043071909,30.09382865672107,32.33023850042804,10579555
2018-07-04,31.535551071166992,32.17824768918975,31.279338335167534,31.422643176718953,8762125
2018-07-05,30.823381423950195,32.13482852350033,30.562828675995295,31.539898883091887,6366332
2018-07-06,32.0479736328125,32.21733203206733,30.519397701056484,30.962339049467513,8204414
2018-07-09,33.35073471069336,33.49403955946317,31.96112033145884,32.221673027565316,10802002
2018-07-10,33.2117805480957,33.76762642155232,32.70370181347782,33.76762642155232,5743820
2018-07-11,32.63421630859375,33.1336116102566,32.0349467957017,32.35195346497658,5585095
2018-07-12,33.0684700012207,33.42890038211434,32.44748691179337,32.63421548699788,10196849
2018-07-13,33.24651336669922,33.567859957507984,32.616843490226714,33.06846815987065,11636991
2018-07-16,32.994651794433594,33.433249798491474,32.66027835615532,33.13361672759113,6077721
2018-07-17,32.078372955322266,32.946882071666394,31.72228594944394,32.786210482876875,8276991
2018-07-18,31.748340606689453,32.399724198658724,31.665833103648982,32.078374082496985,6997370
2018-07-19,31.704912185668945,32.08705615369264,31.400932297463893,32.08705615369264,6547841
2018-07-20,31.91335678100586,32.10442877957238,31.483445650142542,31.704914600751476,7166114
2018-07-23,30.871143341064453,31.74399230136744,30.48465596438065,31.7005685825414,10690019
2018-07-24,31.16643714904785,31.39658944524259,30.593221186810492,30.918911208534055,10165419
2018-07-25,30.971019744873047,31.38356064324977,30.83205830848131,31.3661904637008,5810490
2018-07-26,30.59756088256836,31.027471936132944,30.545450346874325,30.83205656136912,5794735
2018-07-27,31.774394989013672,32.46920224912658,30.571509054031857,30.706127094767393,13347178
2018-07-30,30.91457176208496,31.891641843089538,30.276215014241853,31.81347429696783,8154983
2018-07-31,30.73652458190918,30.82337548114914,30.141595056204196,30.441231524493315,5407670
2018-08-01,29.87670135498047,31.018789906100537,29.83327763368406,30.832061323599888,5850654
2018-08-02,30.085140228271484,30.614932430004917,28.921339944223963,29.876698076175366,10564087
2018-08-03,29.9678955078125,30.567165025740834,29.54666774896027,30.397806625418184,6762687
2018-08-06,28.091915130615234,29.920127509901747,27.70977115632303,29.355594906965663,12446925
2018-08-07,28.830150604248047,28.921344927414246,27.900845849365613,27.935586214034114,8381831
2018-08-08,28.200481414794922,28.995166364024506,27.965983961146776,28.851863230484213,5776814
2018-08-09,29.481529235839844,29.78984907283345,27.90084281531333,28.226534564574862,7855488
2018-08-10,29.868017196655273,30.83206049826979,29.455476268978618,29.481529808329984,8734716
2018-08-13,30.13291358947754,30.397809745146247,29.52930059840101,29.5727277875611,5156457
2018-08-14,29.868017196655273,30.393462567596547,29.572724123350206,30.393462567596547,4817038
2018-08-15,29.10807228088379,30.09382916177503,29.00819287675021,29.607464106083913,5293234
2018-08-16,29.68562889099121,30.419519902988785,28.474059634073733,28.621706172339607,9510704
2018-08-17,28.434978485107422,30.297929586952762,28.31338721448461,30.180681727620676,7664605
2018-08-20,29.312171936035156,29.52929746788028,28.25259088933646,28.40023742863054,7883303
2018-08-21,30.24581527709961,30.506367967426588,29.577065103749508,29.746423486550807,9256495
2018-08-22,29.742084503173828,30.37609441219167,29.633520000132233,30.37609441219167,4412915
2018-08-23,30.08948516845703,30.245816790475406,29.498899040832057,29.946180315695575,5053926
2018-08-24,29.555355072021484,30.08948728558849,29.481530934962734,30.08948728558849,5126197
2018-08-27,30.26753044128418,30.376091470165825,29.442445147183943,29.811562343587866,10894902
2018-08-28,29.898414611816406,30.393463039993748,29.650888665905097,30.393463039993748,7822843
2018-08-29,30.163312911987305,30.323987964211778,29.742085125201058,29.93315713054636,7741813
2018-08-30,29.503244400024414,30.158967880879313,29.503244400024414,29.833277846078943,5468316
2018-08-31,29.74642562866211,30.04605864638172,28.70855647154231,29.83327653169211,8325292
2018-09-03,28.812780380249023,29.529299534589374,28.42195127829353,29.529299534589374,5675568
2018-09-04,29.47284507751465,29.524955623560377,28.812779892758172,29.051620761379123,5346453
2018-09-05,29.95920753479004,30.167649700610962,29.268743726419512,29.472842481207877,6406155
2018-09-06,29.312171936035156,29.91144145193555,29.138470125100945,29.70299927881449,6153464
2018-09-07,29.39902114868164,29.828932240077847,29.15149521644182,29.312170248215484,4198721
2018-09-10,28.66079330444336,29.50324718034187,28.530516931881735,29.385999310947824,3914898
2018-09-11,29.260059356689453,29.429417744654163,28.791062767979636,29.03858869724808,4562686
2018-09-12,29.48587417602539,30.137254244684435,29.14281396034969,29.234004814683132,6138104
2018-09-13,30.08080291748047,30.08948627608969,29.485873356988034,29.87670069459827,5650716
2018-09-14,30.09817123413086,30.397804237736857,29.53363865920444,30.397804237736857,4354303
2018-09-17,29.811565399169922,30.397808177070107,29.65089034939909,29.963553626098587,4957024
2018-09-18,30.419519424438477,30.46728655544996,29.603120931576377,29.74208237716993,5792795
2018-09-19,30.823381423950195,30.89286215673817,30.09383372967648,30.397810203801008,8041003
2018-09-20,31.179462432861328,31.179462432861328,30.614933319684745,30.80166188711934,5678025
2018-09-21,33.133609771728516,33.21177385009669,31.140379014131526,31.17946278513815,8500876
2018-09-25,32.78620147705078,33.090177852451184,32.13481808689414,32.95990325260661,5631176
2018-09-26,33.77196502685547,34.74035175578396,32.79489147556765,32.95990992758721,13847061
2018-09-27,34.25398254394531,34.531905407514316,33.5678587426869,33.841441659246286,7812805
2018-09-28,34.392948150634766,34.523222776924136,33.66774395638923,34.30609724522676,5339660
2018-10-08,32.134822845458984,33.87184085823705,31.995861404436738,33.67208205494503,9143409
2018-10-09,32.52565002441406,32.99898829673945,31.904666953470116,31.904666953470116,7905654
2018-10-10,32.82529067993164,33.55918174657271,32.22167771210676,32.79923713835571,5527613
2018-10-11,31.46607208251953,32.78620574874313,31.266313282781606,32.047971374624524,9810762
2018-10-12,32.48222351074219,32.721062599990375,31.50515010099714,31.89598085035307,10598467
2018-10-15,31.188148498535156,31.778734598986293,29.985262707440352,31.222885393740274,15357099
2018-10-16,30.962337493896484,31.26631391504878,30.397804906549222,31.04918839474644,6941240
2018-10-17,30.163312911987305,31.396592391934167,29.572726713647288,31.244604162684514,8117015
2018-10-18,30.271873474121094,31.13169565435276,29.529295679613206,29.967893591572324,6449216
2018-10-19,31.331449508666992,31.357506509317318,29.746423252705288,30.3500361146397,6549223
2018-10-22,32.21298599243164,33.133608976219534,31.961120119686736,32.13047850512253,10568474
2018-10-23,31.39659309387207,32.56039533426727,30.858120894051236,32.48657465555849,6387845
2018-10-24,31.036155700683594,31.39658604471711,29.65957162911026,31.39658604471711,8332485
2018-10-25,29.97658348083496,30.241476155839738,29.57272588763323,30.241476155839738,5782903
2018-10-26,28.139684677124023,30.193707722947305,27.38408180050284,29.97658219137305,16969437
2018-10-29,25.325716018676758,27.562126025375488,25.325716018676758,27.562126025375488,15703512
2018-10-30,25.490732192993164,26.02052271836914,24.075062428463916,25.647063823431978,19477107
2018-10-31,28.03980827331543,28.03980827331543,25.642723176719837,26.046579039039255,14173648
2018-11-01,28.313383102416992,29.186233730994633,28.096255864981952,28.217847117945574,9681052
2018-11-02,29.616146087646484,29.972236504402083,28.382865057017796,29.138467876266066,11084635
2018-11-05,28.526172637939453,29.27743389572067,28.22653785622646,29.27743389572067,8811940
2018-11-06,28.204822540283203,28.66513234766159,27.644635055705745,28.66513234766159,4882710
2018-11-07,28.526172637939453,29.095045247952616,28.018095666574716,28.261278221168418,5165583
2018-11-08,28.25259017944336,29.168866343187055,28.130998914844593,29.168866343187055,4714558
2018-11-09,28.517486572265625,28.825808166501584,27.792282344793776,28.009409618261802,3968755
2018-11-12,28.25259017944336,28.695528054373415,27.644633856449527,28.37852312329507,5666324
2018-11-13,28.304698944091797,28.465372239168364,27.618576851224926,27.618576851224926,8337492
2018-11-14,27.523042678833008,28.356811353002403,27.51001417738781,28.356811353002403,6787245
2018-11-15,27.853073120117188,27.99203455088353,27.271172128783117,27.384078291280773,5964613
2018-11-16,27.436189651489258,28.00940557060914,27.140896602245682,27.957295032507332,7800197
2018-11-19,28.09625816345215,28.204820925139646,27.444876397859453,27.692400602873388,6531518
2018-11-20,27.34499740600586,28.070203315188884,27.31460045573212,27.81833569536996,4734128
2018-11-21,27.609891891479492,27.653317340599642,27.08878650203768,27.127870272157065,3979412
2018-11-22,27.631607055664062,27.78793869119837,27.236436287308138,27.662005739595976,3391384
2018-11-23,27.101818084716797,27.557784486419852,26.980226813352953,27.55344107510265,4343395
2018-11-26,26.95417022705078,27.353684384915002,26.802180279343304,27.353684384915002,2933464
2018-11-27,26.724014282226562,27.166953888989095,26.60676642870072,27.088788076031,3412406
2018-11-28,27.475276947021484,27.510015578391744,26.71533063626438,26.724015727062618,5284437
2018-11-29,27.166954040527344,27.870446361074297,27.162610629427476,27.592523469006363,5138513
2018-11-30,27.51869773864746,28.08757199126235,27.18866432346062,27.18866432346062,7948662
2018-12-03,29.26874351501465,29.399021599534322,28.087572982383445,28.513142401193996,10188490
2018-12-04,29.381654739379883,29.49455919265331,28.7519847642782,29.260063463122446,6651034
2018-12-05,29.44679069519043,29.824591277319012,28.66079084736354,28.804093978984582,6725831
2018-12-06,28.717241287231445,29.529296356885226,28.599993435173445,29.008192675510966,5212777
2018-12-07,28.738956451416016,29.294802255910994,28.517485772776215,28.626050272377974,4060683
2018-12-10,28.513145446777344,28.791066630394283,28.313388351305065,28.44366471791742,3695990
2018-12-11,29.008193969726562,29.008193969726562,28.495773623887775,28.495773623887775,3320413
2018-12-12,29.18189239501953,29.48587228086245,28.508798777028577,29.48587228086245,4848968
2018-12-13,30.297931671142578,30.393465944238176,28.80843936946252,29.13847284099882,8242113
2018-12-14,30.215423583984375,31.10130288516173,29.768138790067535,29.96789761921461,8384382
2018-12-17,30.397802352905273,30.60190108684557,29.82458645545001,30.219757155208725,5374351
2018-12-18,29.74642562866211,30.150283193662908,28.964765769569514,30.002634926689314,8082016
2018-12-19,29.08635711669922,29.89841214808221,28.830146101374282,29.438104119941123,4588929
2018-12-20,29.073331832885742,29.507586345598025,28.46103210405013,28.79975062396571,5767801
2018-12-21,28.443662643432617,29.42941954632709,27.714115043611596,28.96476634005358,8800599
2018-12-24,28.665130615234375,28.834490739662563,27.60989302423264,28.44366168154663,3331380
2018-12-25,28.282987594604492,28.71290043884273,27.879131753602636,28.18310992009642,4958544
2018-12-26,28.33075523376465,28.93436812951952,28.21784906251774,28.40892104462789,3676885
2018-12-27,29.551010131835938,29.868016792743674,28.578280021161923,28.70855637527005,6959799
2018-12-28,29.87670135498047,29.87670135498047,28.964766839480113,29.125440150109323,5367786
2019-01-02,29.242691040039062,29.868017555732248,28.70421542930326,29.611808252019273,4863604
2019-01-03,28.226533889770508,29.194922292358843,27.727140347994382,29.194922292358843,6804518
2019-01-04,28.434978485107422,28.808437387734635,27.800966859717036,27.800966859717036,4828166
2019-01-07,28.812780380249023,29.003852385649484,27.79662644698751,27.800968126653412,3935107
2019-01-08,28.378522872924805,29.00819278209587,28.2743017899025,28.660789172021513,3248037
2019-01-09,29.403366088867188,29.85499079477993,28.52182680555356,28.73895579983424,6573490
2019-01-10,28.908315658569336,29.433764526165376,28.682503294208978,29.17755174579166,4267611
2019-01-11,29.273086547851562,29.273086547851562,28.573937663320326,28.964764984540178,2619381
2019-01-14,29.064647674560547,29.260063089102033,28.582625987184304,28.98214017549476,3817422
2019-01-15,30.953655242919922,31.040506156595164,28.969112731352013,29.225323792605383,9030447
2019-01-16,31.183807373046875,31.257631506924643,30.575851048617135,30.82337698947483,4380339
2019-01-17,31.392248153686523,31.440015282583094,30.832058985028873,31.266313483281888,4202721
2019-01-18,31.331449508666992,31.987172908257147,31.136037590191656,31.565948659940272,5821321
2019-01-21,31.743995666503906,32.43446300274593,31.3575117124946,31.65714821964525,4058130
2019-01-22,31.35316276550293,31.82650101009167,31.049186364229712,31.648455809081568,3826824
2019-01-23,31.261972427368164,31.826505049446133,30.984049527550162,31.513841787150884,3660242
2019-01-24,31.46173095703125,31.683199899896305,30.897198340092356,31.275002376327194,4345737
2019-01-25,31.69188117980957,31.987174238808553,31.31408063200155,31.65714428357239,3061395
2019-01-28,31.522520065307617,32.655925074362756,31.235913852886693,31.826499919812278,5758434
2019-01-29,31.522520065307617,31.9176907588834,30.923250640984914,31.57028719010364,4132496
2019-01-30,31.470415115356445,31.86558587906709,31.136041718794942,31.522525659921982,4073343
2019-01-31,31.39659309387207,31.743996747721383,31.040506080499323,31.440020282426033,3941124
2019-02-01,32.11310958862305,32.12613982158832,31.531210280108496,31.700568672205776,4629674
2019-02-11,32.80791091918945,33.02503986594244,32.12613406204032,32.12613406204032,5533033
2019-02-12,32.7427864074707,33.15967082294115,32.45617664001184,32.90346147517807,4569329
2019-02-13,33.2508544921875,33.298621616897876,32.6385548373999,33.003328583964574,4500667
2019-02-14,33.35073471069336,33.43758560939552,32.80791572789362,33.17268950244268,5515841
2019-02-15,32.53434371948242,33.40285290555877,32.46051957275448,33.00333867996365,5531211
2019-02-18,33.32468032836914,33.550492682742174,32.82094507630623,33.4375882373783,6464854
2019-02-19,32.955562591552734,33.72419041477494,32.82962792785779,33.43758419302061,6698821
2019-02-20,32.265106201171875,33.43759181958824,32.0740341885403,33.307317179162276,8965373
2019-02-21,32.68632888793945,33.04675930036173,32.26510457003063,32.56908102475433,6614551
2019-02-22,32.95122146606445,32.95122146606445,32.16956335664696,32.56473409049675,5435131
2019-02-25,34.0455436706543,34.158448113015545,33.00767624310642,33.00767624310642,11768187
2019-02-26,33.207435607910156,34.088971516360715,33.207435607910156,33.65906035930742,8431530
2019-02-27,33.150978088378906,34.327810440791666,32.69935338547633,32.99898987158262,10249401
2019-02-28,33.29862594604492,33.45930098311797,32.577761716577726,33.13361096153924,6766999
2019-03-01,33.6807746887207,34.249647320157806,33.26823370540991,34.249647320157806,7698001
2019-03-04,34.13239669799805,34.570994652456775,33.43758942901211,33.87184397212832,13166505
2019-03-05,33.87184143066406,34.5275648756581,33.69813962645073,34.30609594119739,9286095
2019-03-06,33.56785583496094,34.04988085744294,33.22479569587083,33.8284084969872,8066947
2019-03-07,32.85568618774414,33.437588999874436,32.35195438783963,33.385478455369274,10693981
2019-03-08,32.503936767578125,32.78620303215585,32.134819611103,32.42142928618678,8061730
2019-03-11,32.57342529296875,32.9208289438739,32.191281276973086,32.304185731694474,6910678
2019-03-12,32.24338912963867,33.22045921840965,31.926382458772412,32.87305559654123,9242141
2019-03-13,31.739654541015625,32.03928757340294,31.205522327145466,31.9394098959405,12889560
2019-03-14,32.20431137084961,32.51697468892522,31.422653075660595,31.700576025061135,8182763
2019-03-15,32.647239685058594,32.99463976857202,32.18258484300141,32.48222126833629,6771273
2019-03-18,34.68824005126953,34.82720149520425,32.6819824726394,32.6819824726394,11512625
2019-03-19,33.93263626098633,34.75772158545183,33.44193124835897,34.65350050006536,8939576
2019-03-20,34.110679626464844,34.81851359365094,33.65471500042427,33.880523876172234,8041453
2019-03-21,33.75893020629883,34.227925031554555,33.44626698946168,33.87618151034636,6002090
2019-03-22,33.789337158203125,34.13239738829163,33.35508260630455,33.78499374677277,5729444
2019-03-25,32.590797424316406,33.459306603512736,32.551713645341124,33.44627636809046,7319301
2019-03-26,33.65471267700195,34.523218151063304,33.103206903824926,33.103206903824926,13458839
2019-03-27,35.38304901123047,35.69571227546169,33.43758870045843,34.03251827747639,14362486
2019-03-28,35.83900833129883,36.16470178072243,35.03564016153045,35.60885606050484,10449607
2019-03-29,37.64985275268555,37.80618437154552,35.47858026851927,35.6262285292651,13829870
2019-04-01,37.58037185668945,38.570472104819096,36.73791986861218,38.570472104819096,15166800
2019-04-02,36.97675704956055,37.77578527837778,36.785685081799905,37.345874216827546,10150172
2019-04-03,37.04190444946289,37.35022434282786,36.694500777038755,36.97242371497806,8277455
2019-04-04,37.59339141845703,37.997248887101456,36.477360178529366,36.911614590070585,9886161
2019-04-08,37.5629997253418,39.0568351098211,37.120058431842374,37.606426904387455,10100324
2019-04-09,37.99726104736328,37.99726104736328,36.91596635066786,37.78013550392817,9347575
2019-04-10,38.47494125366211,38.95262301504553,37.237318320262055,37.99291954428964,10089819
2019-04-11,37.52391815185547,38.64863643481538,37.06795352707391,38.21438540082677,6574353
2019-04-12,36.98978805541992,37.64551151762612,36.7813458848925,37.128749502438204,5186764
2019-04-15,36.47736740112305,37.69327999419165,36.45565381033556,37.64985281261668,6195833
2019-04-16,37.2590217590332,37.43272354061813,36.30366196031609,36.39919620836545,6836111
2019-04-17,37.42403793334961,38.127528439759885,37.07663435891372,37.302446682297045,6677058
2019-04-18,37.4718132019043,37.5586641143868,36.920310773551805,37.24600082944979,2919042
2019-04-19,37.75407409667969,37.85829517665053,36.93333222599804,37.51957839856782,3957874
2019-04-22,37.12874984741211,38.24912825622936,37.03321558352202,37.754076364804455,5592970
2019-04-23,37.77579116821289,38.30123656374616,35.82598741819393,36.91162549974246,12681427
2019-04-24,37.34587860107422,38.21438764740003,36.95504779840498,37.771446301951244,5663754
2019-04-25,37.68893814086914,37.93212066953282,37.00715768566859,37.2633669838851,5670623
2019-04-26,36.6988410949707,37.64551429069457,36.47737213838264,37.35456460547923,6804200
2019-05-06,38.431514739990234,38.64430033090437,37.345880119757865,37.78013466057989,13398796
2019-05-07,41.32968521118164,41.71610823832137,37.711360502509656,38.04070093655301,17429918
2019-05-08,39.95964050292969,40.92569808455413,39.577609516712826,40.17480874898975,11116437
2019-05-09,38.55007553100586,39.9596386747002,37.98361364481726,39.283400149716975,10350472
2019-05-10,40.174808502197266,40.20554582218006,38.43590486595531,39.077017553764236,7575337
2019-05-13,40.26263427734375,40.61832000847822,39.30096869171125,39.52052899572052,6879984
2019-05-14,39.59956359863281,40.15284933444408,39.213140591821116,39.30096400246014,6293826
2019-05-15,41.71610641479492,41.71610641479492,39.78838340973268,39.911336185720714,10940264
2019-05-16,41.98836135864258,42.005926041184786,41.08377845650433,41.496550247460796,9337558
2019-05-17,41.71610641479492,42.50651711757514,41.2769893576948,41.71610641479492,9184213
2019-05-20,40.83787155151367,41.95761915097238,40.18358977525772,41.74245442376192,8269869
2019-05-21,40.79835510253906,41.42189958326198,40.231893213411034,41.27699007628891,6993813
2019-05-22,40.820308685302734,41.48776662954144,40.08259201009154,40.62270863126454,4926320
2019-05-23,40.271419525146484,41.452641946221256,40.17920405472183,40.61832117289916,6953909
2019-05-24,41.03987121582031,41.27699269460917,40.205546988667066,40.60953471385835,7081352
2019-05-27,41.18038558959961,41.685369332517766,40.52170824900399,41.05743281291515,6364458
2019-05-28,43.37596893310547,43.3847530258253,41.263818427933934,41.38237916264641,19452688
2019-05-29,42.83146667480469,43.26179965144161,42.05862063294883,42.550431750493466,9327536
2019-05-30,43.91168975830078,44.04342311839032,42.515299329692354,42.82707155083802,13647426
2019-05-31,43.99951934814453,44.34202893444608,43.17397920131038,44.131256229173246,7093452
2019-06-03,45.18952178955078,45.41786266090376,43.69652378455054,43.69652378455054,10137016
2019-06-04,43.8589973449707,45.98432388638727,43.25301756164915,45.18952114301883,12447113
2019-06-05,44.21907424926758,44.702104789074305,43.503314283597604,44.306901167804575,7903020
2019-06-06,43.481361389160156,44.75919122769843,43.34084392231253,44.35081146406517,7403996
2019-06-10,45.391517639160156,45.42664700417768,43.617484705775134,43.82386884964579,9711552
2019-06-11,46.18193054199219,46.32683655273898,45.13244158793437,45.44860238565517,10116428
2019-06-12,45.66816329956055,46.09849629606788,44.8821445849409,46.09849629606788,8870445
2019-06-13,45.685726165771484,45.88771826769722,44.79870792902736,45.615467434244394,6351572
2019-06-14,45.21586990356445,45.86576314330182,44.70649412106759,45.78233177867256,8678841
2019-06-17,44.53962707519531,45.22904171278636,44.06538066567781,44.574756438863275,9009192
2019-06-18,44.35081100463867,44.96557491572876,43.9907367507863,44.65380266499755,9128478
2019-06-19,44.41667556762695,45.17195690800338,43.85899777911909,43.85899777911909,13563904
2019-06-20,45.44860076904297,45.87893724682161,44.00390824240002,44.4166765350325,17627063
2019-06-21,44.85140609741211,45.527648201689885,44.359598433977744,45.19831124301337,15555114
2019-06-24,45.272953033447266,45.72085418495542,44.13125218218698,44.65819265312058,11594201
2019-06-25,45.66816329956055,45.66816329956055,44.61428228473105,45.10170137848233,10923681
2019-06-26,45.33443069458008,45.61107356329386,44.87774895792308,45.4090814694486,7527280
2019-06-27,46.08971405029297,46.39709425069805,45.10169975876508,45.448601371414306,12387527
2019-06-28,46.107276916503906,46.107276916503906,45.54081503808876,46.0897122342463,6317953
2019-07-01,47.6661376953125,47.6661376953125,46.15118309880992,46.54199812270609,12216574
2019-07-02,47.23580551147461,47.622228524305804,46.708868541861264,47.29289160488651,8335031
2019-07-03,46.32683563232422,47.40267334123465,46.10288679977457,46.98551299576526,9898819
2019-07-04,44.70210647583008,46.64739434040913,44.464984994606745,46.64739434040913,12826536
2019-07-05,46.14680099487305,46.52443993402781,44.877751752791625,44.92605375618503,11738735
2019-07-08,44.83384323120117,46.06775964381167,44.38154999561907,45.90089689859068,8943298
2019-07-09,44.961181640625,45.211479244621714,44.605499442893574,44.706495492776725,5883539
2019-07-10,45.1104850769043,45.42225733212358,44.658195354270184,44.95240292606262,4177436
2019-07-11,44.798709869384766,45.44421462007046,44.710889953601466,45.303697150930084,4880513
2019-07-12,44.882137298583984,45.42664240118195,44.65818849489687,44.65818849489687,5541145
2019-07-15,44.75918960571289,45.2290439928507,43.65700664067511,44.9216602940458,7209182
2019-07-16,43.977569580078125,45.053407519492374,43.63945198684713,44.87776065193209,8519177
2019-07-17,43.82826614379883,44.306904675081235,43.41549430420373,43.72287803612727,6293621
2019-07-18,43.99951934814453,44.284946338348824,43.692139129793375,43.94682529621895,5272398
2019-07-19,44.53084945678711,44.92166102684806,44.00830101296669,44.3420264876509,7614901
2019-07-22,44.746009826660156,45.21147563207332,44.15320270871247,44.776750645740286,5102959
2019-07-23,44.043426513671875,44.70210387218368,43.81508913890481,44.70210387218368,4253136
2019-07-24,43.91168975830078,44.56158297406743,43.65700362766079,44.35080679598095,6335939
2019-07-25,44.30250549316406,44.33763485673014,43.419879357959026,43.916082493937175,6456110
2019-07-26,44.3156852722168,44.565982903578295,43.85461142548343,43.99952094915899,4774221
2019-07-29,44.39033126831055,44.684538828251966,43.924865425033744,44.44741386032642,4754378
2019-07-30,44.17516326904297,44.78114657736187,44.05660253565163,44.65819379765956,4258894
2019-07-31,43.86778259277344,44.28494292946555,43.714088992999095,43.93804132326597,4142045
2019-08-01,42.55043029785156,44.13125169313405,41.729278779591304,44.13125169313405,11558050
2019-08-02,42.79194641113281,42.9939385171866,41.49655189773588,41.7161086870304,8599599
2019-08-05,41.83906173706055,42.73486058806209,41.77319505009425,42.339656963834926,6228852
2019-08-06,42.203529357910156,42.203529357910156,40.95204825678283,41.67220029672567,7703933
2019-08-07,43.03345489501953,43.49452865174893,42.07178947571482,42.32647560169164,6862995
2019-08-08,43.50770568847656,43.731654520641534,42.954419926371436,43.630658469214296,5200137
2019-08-09,43.42427062988281,43.736042850366516,43.12127899891957,43.692132897906234,5299901
2019-08-12,43.04224395751953,43.65261582360033,42.86659712537906,43.424274941817714,4855205
2019-08-13,43.652618408203125,43.86778666592231,42.37917704857158,42.92807430711723,5181010
2019-08-14,43.406707763671875,44.11807564173808,43.36718635310454,43.867781547146336,4762246
2019-08-15,42.92807388305664,43.55601046332762,42.81829373194605,43.033461987539724,7380670
2019-08-16,45.312477111816406,45.64181404992993,43.23106388031524,43.472577401436524,16460505
2019-08-19,45.1104850769043,45.813072413978404,44.877752145891144,45.316869231562464,11249312
2019-08-20,45.66376876831055,45.883329052334254,44.98753023847316,45.035832240083856,9875870
2019-08-21,45.690120697021484,46.102889015977475,45.35639170411749,45.35639170411749,5535926
2019-08-22,46.436614990234375,46.51565431114836,45.58033758444841,46.08971338261056,9170007
2019-08-23,47.38071823120117,48.035003570648,45.909676855894276,46.53761341873688,12225057
2019-08-26,46.79229736328125,47.33680248811718,46.45856841580117,47.13919894623883,7736979
2019-08-27,47.33241271972656,47.811051187777544,46.50248060584535,46.54200201660855,12184749
2019-08-28,47.60905456542969,47.79787402039182,46.537608968710266,47.33680374698602,6217286
2019-08-29,47.77592086791992,47.85935223152911,47.196286363889776,47.85496018543676,4446009
2019-08-30,50.353538513183594,50.62578933986273,47.92522028958861,48.03500043047564,16358921
2019-09-02,50.06810760498047,50.63017739894965,49.62020998912575,50.2744917318463,8359446
2019-09-03,49.91881561279297,50.498450158022685,49.642169225747686,49.76512200806914,6420120
2019-09-04,49.712425231933594,50.14715374383441,49.09327281030969,50.1032402870563,5445425
2019-09-05,49.6026496887207,50.27010762800563,48.90006238421026,49.83977115277836,8658317
2019-09-06,49.589473724365234,49.85294396448338,48.961537194357625,49.85294396448338,6722559
2019-09-09,49.576297760009766,50.32279847478139,49.40504299103627,49.940764025433346,4506427
2019-09-10,49.36552047729492,50.054935086170374,48.91762286039882,49.83976686705905,5395354
2019-09-11,48.21503829956055,49.52799740942447,47.8637446579629,49.52799740942447,7823920
2019-09-12,48.829803466796875,49.35235189691845,48.162345530067554,48.63659195879628,5967210
2019-09-16,48.741981506347656,49.16792244394533,48.16234696507553,49.04936170883791,5295575
2019-09-17,47.61784362792969,48.6497679224484,47.38071864613279,48.39947030344875,6169172
2019-09-18,49.6026496887207,49.92759456584217,47.95596156938165,47.95596156938165,8964125
2019-09-19,48.425819396972656,49.81342591961701,48.06134958002039,49.72121395616523,8285653
2019-09-20,48.794673919677734,49.181096934237374,47.955961206865815,48.377513586385426,7906840
2019-09-23,48.346771240234375,49.01422915342031,47.995477601715464,48.88249579019027,3935448
2019-09-24,48.68928527832031,49.567519392462394,48.29847022191979,48.741979325168835,5232872
2019-09-25,48.69806671142578,49.10644645718,48.302863104433705,48.61024329849096,4241333
2019-09-26,48.08769989013672,49.159145639859375,48.08769989013672,49.014236117773095,4255852
2019-09-27,47.995479583740234,48.6673295707597,47.86374621507012,48.20625577555581,4390919
2019-09-30,48.26333999633789,48.79906104519274,47.53879598948922,47.62661939933666,5562257
2019-10-08,47.907657623291016,48.8210211488564,47.38071712777252,47.67492819792569,6860451
2019-10-09,48.184303283691406,48.482902915020645,47.371939266456074,47.81105637135202,4594894
2019-10-10,48.118431091308594,48.46533268890143,47.16554620703768,48.28090527714885,6857776
2019-10-11,48.36433792114258,48.96153713130801,47.74518198205493,48.25894982523103,5246923
2019-10-14,48.45655059814453,49.150353771840564,48.25894705405009,48.6453700502028,6315793
2019-10-15,48.41264343261719,48.83419584682482,47.86813823093234,48.307255329065285,4325576
2019-10-16,48.302860260009766,48.741977298825454,47.89887258429933,48.302860260009766,6033351
2019-10-17,47.60905456542969,48.42581402561888,47.284109701245725,48.10086565900582,7988273
2019-10-18,47.17871856689453,47.841784390753816,47.1172404329481,47.65296494796991,5820775
2019-10-21,46.985511779785156,47.802267766593665,46.80986495440384,47.42023679699661,3555612
2019-10-22,47.49049758911133,47.77592456835606,47.073337236325564,47.37193685243852,3428303
2019-10-23,47.18311309814453,47.85935159260399,46.985509553346816,47.262152414606184,4337198
2019-10-24,45.795509338378906,47.1875079220064,45.27734940788006,47.1479900097306,13324446
2019-10-25,47.00307846069336,47.10407451397423,45.53642565518895,45.75598594746497,7628412
2019-10-28,47.6661376953125,48.302858250716326,46.98989573245202,47.244585355585095,6961375
2019-10-29,47.907657623291016,48.25017069659271,47.32363453424669,47.53001868605077,4201123
2019-10-30,48.37312698364258,48.513644459295044,47.52123803628471,48.29847619909481,6641705
2019-10-31,49.04057693481445,49.08448688752592,47.934001995879846,48.693671846977466,7089429
2019-11-01,49.308441162109375,49.470915360234315,48.5224224504019,49.04936295586435,6183016
2019-11-04,50.18667221069336,50.630181317429404,49.53239041733523,49.56751978217711,8469615
2019-11-05,50.58626937866211,50.937563037626056,49.93198756566373,50.11641498540515,7188587
2019-11-06,50.74874496459961,51.157124729962604,49.72121273513883,50.56431753979563,6247296
2019-11-07,50.80582809448242,51.15712174257517,50.20862889272475,50.88925946029715,5356420
2019-11-08,49.97589874267578,51.192253942159994,49.79586336488067,51.03856383821611,7618087
2019-11-11,49.57190704345703,50.388666506114504,49.181095496523916,49.85733400102017,5682390
2019-11-12,49.44895935058594,49.83977444010452,48.961540251539994,49.78708038879065,5201459
2019-11-13,49.67729568481445,49.971506737830126,49.00544921898476,49.94076591722682,5373762
2019-11-14,49.541175842285156,50.0593322730576,49.43139569083303,49.89246952498835,5348042
2019-11-15,49.29526901245117,49.835382160282805,49.04058285017433,49.67730000708115,3621360
2019-11-18,49.45335006713867,49.77390641295106,48.91762897773671,49.62021630969297,4295227
2019-11-19,49.91881561279297,50.03737634870989,49.4665223938599,49.61582395217919,6639384
2019-11-20,50.191062927246094,50.586266520032936,49.852941923993185,49.852941923993185,5519111
2019-11-21,49.51482009887695,50.41061886374469,49.04935778599354,50.37988154643982,5863320
2019-11-22,48.26773452758789,49.57190960414835,47.64418653435202,49.47530559955689,8765362
2019-11-25,48.02183151245117,48.447772467894104,46.765954869197266,48.447772467894104,7034278
2019-11-26,48.65415954589844,48.939583027480246,47.85935673765872,48.45655597985762,11177572
2019-11-27,48.17991638183594,48.74198629526275,47.76275249114222,48.6585514156662,4378237
2019-11-28,48.03499984741211,48.43020344640745,47.90765502562607,48.37312085597677,3540370
2019-11-29,46.97673034667969,48.10087009275827,46.331229102468484,47.86374861628453,10501952
2019-12-02,47.15237808227539,47.50806380620646,46.801084404918655,47.11724871453972,4554806
2019-12-03,46.8889045715332,47.0645513980268,46.17314462917912,47.0645513980268,6634079
2019-12-04,47.00307846069336,47.76714043237213,46.765953485132435,47.07772924026156,5583437
2019-12-05,48.346771240234375,48.59267678719762,46.89329468646965,46.98551014218814,8340340
2019-12-06,48.84736633300781,48.85175487665909,48.12721437542001,48.85175487665909,4070107
2019-12-09,47.20507049560547,49.13718565401259,47.064553029539496,49.00106023436852,7959459
2019-12-10,47.0557746887207,47.4465862830782,46.801085018085494,47.4465862830782,6051303
2019-12-11,47.073333740234375,47.17432978610553,46.239009594197924,47.05576905823812,4942008
2019-12-12,46.80986404418945,47.336804510087084,46.54639381124064,47.24898109910414,5693706
2019-12-13,47.20507049560547,47.376328784195394,46.875733560120686,47.14359585541629,6269604
2019-12-16,47.00307846069336,47.622230919664304,46.38831454572162,47.24898402668206,5801081
2019-12-17,47.20507049560547,47.67492839958559,46.59469862798874,46.98551370609207,8614057
2019-12-18,46.765953063964844,47.55197526070765,46.458572860461885,47.28850151137748,6903491
2019-12-19,46.392704010009766,46.76595441282552,46.1468019415725,46.64300162739217,6658085
2019-12-20,46.49809265136719,46.66934743027245,46.173144273641554,46.65178274775834,4565549
2019-12-23,46.502479553222656,46.801079145419294,46.25218546305611,46.63860846472235,4936555
2019-12-24,46.54639434814453,46.94159795091178,46.18631660774648,46.59030430292792,4351595
2019-12-25,46.5420036315918,46.76595246297219,46.34879211968084,46.6781290484672,2995114
2019-12-26,46.49809265136719,46.629826019008405,46.18631690991983,46.449787147631476,2682103
2019-12-27,46.669349670410156,46.74838899430295,46.23901317694363,46.33562068662302,5488077
2019-12-30,47.20946502685547,47.46854324294362,46.414662191978735,46.76156733141017,7331170
2019-12-31,47.20946502685547,47.63101744724142,46.98990472335635,47.30607254107536,4308684
2020-01-02,47.42462921142578,48.263341933525716,47.24019829212893,47.314849069102856,8515154
2020-01-03,46.287315368652344,47.68809789048182,45.668159449036956,47.644184434018456,12328616
2020-01-06,45.50129699707031,46.09849623805548,45.36517157510016,45.984327546140676,10521763
2020-01-07,46.54639434814453,46.54639434814453,45.593509452381014,45.593509452381014,8408202
2020-01-08,46.62104797363281,46.62104797363281,46.62104797363281,46.62104797363281,5411845
2020-01-09,47.33241271972656,47.42462817736429,46.743994111746346,46.743994111746346,7345441
2020-01-10,47.407066345214844,47.7144465525816,46.985513944874576,47.556364402453994,4551049
2020-01-13,47.556365966796875,47.556365966796875,47.556365966796875,47.556365966796875,5583186
2020-01-14,46.502479553222656,46.502479553222656,46.502479553222656,46.502479553222656,8230935
2020-01-15,47.147987365722656,47.37632824548342,46.326835805914854,46.502482636500055,6541895
2020-01-16,47.639793395996094,47.6485774884463,46.621041812666014,47.4246286625457,6821155
2020-01-17,48.24138259887695,48.27651196232848,47.10407033274107,47.635402830552664,8151557
2020-01-20,49.20304870605469,49.37869552566234,47.7583562416036,48.33799074630884,8985540
2020-01-21,49.159141540527344,49.488478470363425,47.86374704805729,48.87371456686907,8919869
2020-01-22,48.18869400024414,49.00545354402118,47.87252969344582,49.00545354402118,8176093
2020-01-23,47.07772445678711,48.280903388335915,46.55517255533457,48.280903388335915,9651148
2020-02-03,44.71528244018555,44.80749791304682,42.37039871837446,42.37039871837446,17652053
2020-02-04,45.088523864746094,45.685723041891286,44.26298382575126,45.00948454839728,12493352
2020-02-05,45.66816329956055,45.755986717463,44.21907515295527,45.088528741404325,9842786
2020-02-06,46.21705627441406,46.67813008642521,45.00948867615507,45.742813327970936,10064503
2020-02-07,46.765953063964844,47.02064272051698,45.439821239112014,45.922848273882195,7678457
2020-02-10,46.45857238769531,46.79669341005129,46.151188684890975,46.3707489729554,6008764
2020-02-11,46.985511779785156,46.99868441608145,46.10727765287858,46.10727765287858,7383716
2020-02-12,47.02064514160156,47.55197770915045,46.678132051779876,46.678132051779876,6224035
2020-02-13,45.97554016113281,47.14798533152596,45.88771674962935,46.98551114463725,6938208
2020-02-14,45.97554016113281,46.51565326627183,45.70328933668666,46.05897502888298,4770248
2020-02-17,46.26974868774414,46.629826433700266,45.88771771527205,46.173144684272025,5619867
2020-02-18,45.39590835571289,46.23462461247101,45.17195951861479,46.06336632299187,10386826
2020-02-19,45.597904205322266,45.86576650341782,45.18513589565352,45.22904585304344,6533268
2020-02-20,46.49370574951172,46.713262554016744,45.40469531314139,45.66816558000517,9874839
2020-02-21,46.050193786621094,46.49370291777021,45.79111558225849,46.19949534663203,6680815
2020-02-24,45.64181137084961,46.05019111149978,45.321258544465806,45.68133278178364,10112867
2020-02-25,44.86457824707031,45.88771840108567,44.39911239813568,45.17195844718018,9334633
2020-02-26,44.280548095703125,44.956790085338355,43.99512114543777,44.482543684367975,8998442
2020-02-27,44.98752975463867,45.303694038483464,44.34202504830033,44.350809140732835,9191972
2020-02-28,43.727272033691406,44.98314528825759,43.27059021340738,43.27059021340738,9159963
2020-03-02,44.76796340942383,45.2070804108436,43.828254777599874,43.828254777599874,9614595
2020-03-03,45.558380126953125,46.18192810387792,44.87774955900351,45.22904320729095,8863121
2020-03-04,45.71207046508789,46.164363666480405,44.72405970085751,45.55398832251952,7170691
2020-03-05,46.726436614990234,47.50367124083151,45.527646078495316,46.10728063980359,14692122
2020-03-06,46.41027069091797,46.678129480817205,46.10727903246203,46.21266713084415,5369095
2020-03-09,44.746009826660156,45.896498202403464,44.746009826660156,45.518855803442875,10262285
2020-03-10,45.808677673339844,46.107277274034615,44.42985185664035,44.42985185664035,9632044
2020-03-11,46.361961364746094,47.13480735585417,45.80867564505369,46.04140855207418,10632057
2020-03-12,45.079742431640625,46.08092934649612,44.83822891989245,45.88771783661173,7711941
2020-03-13,44.3420295715332,44.636240659166944,42.756819446818405,43.74483381022584,11617556
2020-03-16,43.03345489501953,44.33763334865803,42.68216127130741,43.08175689267271,12069859
2020-03-17,42.594337463378906,43.42866156303542,40.653441961901834,43.033454488874725,16878494
2020-03-18,42.594337463378906,43.626261597686856,42.15522043788308,42.585556874083444,12978052
2020-03-19,41.013519287109375,43.029065711635184,40.47779822652388,41.93566686191428,15737221
2020-03-20,43.929256439208984,44.51767154526709,40.60513943706863,40.60513943706863,18142475
2020-03-23,44.95679473876953,45.835025403116326,42.690950588487,42.76998991228216,15282158
2020-03-24,45.67694091796875,46.34879089681309,44.890922254494804,44.95679244045759,10994817
2020-03-25,45.716461181640625,47.248980561461764,45.527641725783155,46.252185733755155,7476025
2020-03-26,49.18109893798828,49.83977280660895,46.49370240906008,46.5463964586469,20392139
2020-03-27,50.55552673339844,51.284462750174384,49.28208910501754,49.510429959289816,11796862
2020-03-30,49.96711730957031,51.367899909678904,49.668517697191994,50.05932926892397,12881671
2020-03-31,54.964271545410156,54.964271545410156,50.49845320226798,50.93756680602961,19745432
2020-04-01,53.484439849853516,55.214562799806004,51.99144186109491,55.214562799806004,19889420
2020-04-02,54.617366790771484,54.70079816058,52.254915143044784,52.254915143044784,15794620
2020-04-03,56.163055419921875,57.08519948168456,54.143116972447885,54.88961421269109,15959835
2020-04-07,58.77580261230469,59.66721293569073,56.47483255316016,57.085204435298564,16620576
2020-04-08,55.89958572387695,57.96343777705568,55.19699838703813,57.52432069153142,12042847
2020-04-09,55.97862243652344,56.29478670356957,54.80178877585171,55.8995796185474,5304656
2020-04-10,55.68002700805664,56.606563150884874,55.27164725702512,55.95666988676894,4861469
2020-04-13,55.701988220214844,55.75907431956191,54.2748567511155,55.63612152996876,4380481
2020-04-14,56.4265251159668,56.58461076607362,54.89400914447085,55.32873417497663,9745240
2020-04-15,54.845703125,56.86563802829777,54.47245276137799,56.86563802829777,9712135
2020-04-16,55.03013229370117,56.00936245916505,54.84570488022971,54.9203521533998,6585201
2020-04-17,55.30677795410156,56.365050994725756,55.07843707202324,55.54829147300015,7680741
2020-04-20,55.003787994384766,55.723936481087875,54.60858088328043,55.723936481087875,7588332
2020-04-21,54.88521957397461,55.31994806352223,54.60418467281848,54.60418467281848,4944991
2020-04-22,55.51316833496094,56.30796766363292,54.670063498193684,54.98622781198141,9242728
2020-04-23,55.26286697387695,56.63730428731187,54.84570663033533,55.57024717361416,10612725
2020-04-24,55.802978515625,55.98740943218162,54.54271342806184,55.32873209045981,7486276
2020-04-27,55.175045013427734,57.08520345479101,54.14312074078659,56.54947886065582,13586695
2020-04-28,56.119144439697266,56.874425805559326,54.77105590065545,55.15747892504999,12920935
2020-04-29,55.54390335083008,56.202577225997345,54.454892981878565,56.14110258541639,7493153
2020-04-30,53.980648040771484,55.328736651533156,53.48444484607714,55.328736651533156,11526408
2020-05-06,55.851280212402344,55.86884489472018,53.155103227828306,53.31318536868888,14857674
2020-05-07,57.34101486206055,57.63913926296377,56.03140049657737,56.50520357877057,12395433
2020-05-08,57.87870788574219,58.53351509793051,56.36679121317053,57.282459057122374,12075509
2020-05-11,57.144039154052734,59.90701516433466,56.9736823607709,57.921292023401094,11875053
2020-05-12,59.87506866455078,60.50326286711385,57.388926025955996,57.798845283273664,16322062
2020-05-13,60.253047943115234,60.72152910373789,58.83695716214221,59.624853757432426,11077558
2020-05-14,58.73048782348633,60.42340848647209,58.63998400622284,60.42340848647209,10034842
2020-05-15,58.77307891845703,59.49709178749778,58.13424091181703,59.364002305356735,6144542
2020-05-18,60.050750732421875,60.210463770808886,58.187476772044256,58.677252571745164,9295730
2020-05-19,60.790740966796875,61.339078695766965,59.465153862522484,60.540527643115674,10009100
2020-05-20,60.785423278808594,61.22195907817985,60.189174427102685,60.796067041247056,6299169
2020-05-21,62.866966247558594,63.85716159837525,60.79073923150713,60.934479549196325,12331389
2020-05-22,60.327579498291016,62.28136078285409,59.89104374452398,62.254744302568795,9867150
2020-05-25,61.74367904663086,62.073741829737855,59.252210683647796,60.987717158693954,9103944
2020-05-26,61.97258758544922,62.419774192200386,60.78541892525338,61.7010867390772,6198727
2020-05-27,60.875919342041016,61.94597124132036,60.162553768177865,61.75964879582211,7908884
2020-05-28,60.50858688354492,61.19001406863412,59.89104349705784,60.88123883690611,5895725
2020-05-29,61.1687126159668,61.58395372187386,60.16254466995338,60.64699144735027,6681955
2020-06-01,61.98855972290039,62.50495200660549,60.85462403567058,62.02050516156727,10329224
2020-06-02,61.136775970458984,62.233451419730876,60.83865156752651,62.13230029949364,8641047
2020-06-03,60.87059783935547,61.83417674277818,60.689590196613324,61.00900920412659,6229177
2020-06-04,60.97707748413086,61.28052380508075,60.15723173705587,60.68959680756884,7747484
2020-06-05,61.4189338684082,61.7543185092703,60.332909272977496,61.22195351151015,8743981
2020-06-08,60.263694763183594,61.647843717111456,60.16255072427705,61.46152128104012,10701015
2020-06-09,60.620384216308594,60.89721402145961,59.62485987854243,60.279670609968875,7134873
2020-06-10,60.75346755981445,61.47216201979854,60.53519969705347,60.95044790129974,7391558
2020-06-11,60.51390838623047,61.38166508106492,60.290318631004034,60.57779218443358,7628615
2020-06-12,61.27519607543945,61.27519607543945,59.83780698375556,59.94427998769624,8000883
2020-06-15,60.69491958618164,61.685114978031294,60.42341165862184,60.78009798879104,6628211
2020-06-16,61.87144470214844,62.2440966762795,60.83333114776228,61.35505240390897,10807391
2020-06-17,61.674476623535156,62.28669113823952,60.43406071905457,62.28669113823952,9882903
2020-06-18,62.0897102355957,62.22279971581168,61.253898958240185,61.91403155555309,6978261
2020-06-19,63.55903625488281,64.1499631589384,62.190860009286894,62.28668216833974,12555417
2020-06-22,62.760494232177734,63.814573398821764,62.403807911200026,63.617600117105674,8283467
2020-06-23,64.57585906982422,64.59715367057022,62.71789984700864,62.898907491834315,11367358
2020-06-24,65.90676879882812,66.01324180372269,64.4161467303042,64.89527879081446,9739794
2020-06-29,66.35926818847656,66.70531071459524,65.27857264491604,65.90143786878015,8834311
2020-06-30,66.22618865966797,66.42849091003713,65.40635004998964,66.35395626717391,6598653
2020-07-01,66.54560089111328,66.69998496519418,65.4755490566334,66.01323591413713,7393055
2020-07-02,66.01324462890625,68.13206105547228,65.48087958164967,67.87652583278913,15729833
2020-07-03,66.19956970214844,66.42315946843907,65.3744021652832,66.01856205979814,9033411
2020-07-06,66.24748229980469,66.81179276325368,65.65655535442049,65.77367919808646,14461223
2020-07-07,68.1693115234375,70.14970921518088,66.01855704100652,66.25279762820198,18926764
2020-07-08,68.02025604248047,69.13289717219014,67.39739073431906,68.7282997543894,11120378
2020-07-09,68.48341369628906,68.7176543008286,67.3973890752421,68.02025436807085,9033582
2020-07-10,69.33519744873047,70.48510586663602,67.87652086450156,68.02025410901285,10599507
2020-07-13,69.936767578125,70.5276945018309,68.87735945088038,69.20742929185813,10565786
2020-07-14,69.52684783935547,70.45848835953925,68.51535079984872,69.92079440126905,8929630
2020-07-15,71.42206573486328,72.26852783710771,69.21807114063724,69.846265366507,13772170
2020-07-16,67.6103286743164,71.23041040152515,67.07796371443277,71.23041040152515,15037392
2020-07-17,69.26065826416016,69.90482518964687,67.61033038524248,67.61033038524248,9316300
2020-07-20,69.71318054199219,70.78855435369755,68.35564795939109,69.97935951593077,8151354
2020-07-21,72.15672302246094,72.39629256588417,69.33519222940616,70.27215457346443,10439014
2020-07-22,72.33773040771484,72.86477349372352,70.85775226255282,71.43270642629811,9381426
2020-07-23,74.90373992919922,75.82472972305955,71.33689752965591,71.86394071362199,14432034
2020-07-24,72.97124481201172,75.04746459494962,72.53470201107461,74.90372428807058,11291936
2020-07-27,77.18757629394531,77.41649501758454,72.84348488747533,73.69526182686673,12674670
2020-07-28,77.826416015625,80.91945502372893,77.19290694726907,77.67203192851099,13454547
2020-07-29,79.10941314697266,79.21589322724593,76.5487391867545,77.26743372829863,9508668
2020-07-30,78.25763702392578,78.96035177618347,77.87433420798374,78.79000204606751,7750486
2020-07-31,79.8973159790039,80.90881308188817,78.31087171648316,78.46525580707016,9499207
2020-08-03,79.55661010742188,80.91945752875344,78.8698539001601,80.24868111885563,10433724
2020-08-04,79.00294494628906,80.37112123011549,78.46525098735626,79.84939999046077,8609445
2020-08-05,79.50867462158203,79.80147709814321,78.26294424165363,78.92307674542775,7390384
2020-08-06,80.21674346923828,80.8396159323896,79.10942408181853,79.85474228493673,8235845
2020-08-07,81.18031311035156,81.98417892549762,79.69501304123202,79.8547260743269,10233939
2020-08-10,80.9247817993164,81.95756637550166,78.73675984899519,80.64262303758177,8005336
2020-08-11,81.94692993164062,82.99568732094836,81.12708420829922,81.12708420829922,7364189
2020-08-12,81.83511352539062,81.9415865176275,79.96118886202156,81.9415865176275,8009333
2020-08-13,81.49974060058594,82.30893545768386,80.70651138688775,82.29296273731453,5007941
2020-08-14,82.51654815673828,82.64964471682747,80.70650712461124,81.49973629641735,6999762
2020-08-17,82.72948455810547,83.74098149713896,81.98417363138493,82.97969785274661,7289288
2020-08-18,84.28933715820312,86.50929769465345,81.98419113497214,81.98419113497214,10154574
2020-08-19,87.21733093261719,87.82955244849889,83.76760575155323,84.28932698717398,9607044
2020-08-20,87.39300537109375,88.84103809287004,85.28484008497828,86.6689890102056,9103355
2020-08-21,88.10639190673828,88.17559759470366,86.66900271855211,88.07444646492667,8204928
2020-08-24,87.87214660644531,88.8410474173125,87.30783613921716,88.46306647881747,9254642
2020-08-25,89.00076293945312,89.05399590516069,87.94667661795886,87.94667661795886,8801132
2020-08-26,91.56675720214844,91.56675720214844,87.85085281702864,88.32465592629744,11134680
2020-08-27,97.43340301513672,97.6250544005052,91.23667488822271,91.66789581302818,16267032
2020-08-28,96.3047866821289,97.42807848506423,93.96238092466433,94.59057509810492,14728998
2020-08-31,97.52923583984375,98.48749280199382,96.37399852774732,96.89039786507703,11114410
2020-09-01,100.44660186767578,100.5051567111006,97.41743965037236,97.42276860820398,12080625
2020-09-02,105.66378021240234,106.46233132946381,101.44745607448786,101.46875067658324,18773469
2020-09-03,98.48749542236328,108.07005822184999,97.02348992199585,105.40823325616785,34226566
2020-09-04,90.92259216308594,94.51605061925986,89.60764883875702,93.7015339353513,28796944
2020-09-07,86.07275390625,90.4381473634238,85.17838061258512,89.70348712496971,26253064
2020-09-08,89.70347595214844,90.42748526082514,84.31062037830938,86.13130510372797,22411552
2020-09-09,84.5927734375,87.04697430975409,83.58127640252022,87.04697430975409,14967470
2020-09-10,85.29017639160156,87.5367604887159,85.17838149797386,86.17922781319264,12546928
2020-09-11,85.78526306152344,87.03631538320414,84.12428442162988,85.94496900764437,10257233
2020-09-14,84.64601135253906,87.25460353464672,83.68775429977963,87.25460353464672,11687132
2020-09-15,86.45604705810547,86.70093849479413,83.81019479675088,84.63536230994185,11044965
2020-09-16,85.28485107421875,87.60596264791378,84.63536926410083,87.20136521763668,8681187
2020-09-17,83.9379653930664,85.29549795082802,82.51654903349211,85.29549795082802,11089907
2020-09-18,84.23076629638672,84.37982849774191,81.45181743263754,83.15538544812541,12251781
2020-09-21,83.5812759399414,85.11448712614342,82.80934846613057,83.17135666287271,8172775
2020-09-22,82.90518188476562,84.27335822220944,82.66029043613477,83.13942249447065,6524892
2020-09-23,84.27867889404297,85.11449019743854,82.91582445713024,83.46416219122416,7358414
2020-09-24,83.22459411621094,85.05592256588626,83.22459411621094,83.90069233140237,7119286
2020-09-25,83.76760864257812,85.17837416428092,83.7409921610479,84.05508928940631,7204949
2020-09-28,83.53868865966797,84.22011586919166,83.05956369145622,83.75163466264412,4675103
2020-09-29,84.28399658203125,84.67262833095067,83.20862284488653,84.11363978589198,5713420
2020-09-30,86.29634094238281,87.89343592779504,84.28932667995703,84.63003319987594,11189309
2020-10-09,86.82337951660156,88.60148219079669,85.32743560579999,88.03184986011419,10149657
2020-10-12,91.74775695800781,92.21090918830386,86.88193744535354,87.0522942409481,12315070
2020-10-13,91.90215301513672,93.61636495578725,91.0343962052139,91.74776891824585,6768811
2020-10-14,91.29524230957031,92.89765916464395,90.87467927403806,91.04503607130752,9909903
2020-10-15,91.03438568115234,92.21623242954294,89.5863528972333,91.74242935404698,6223070
2020-10-16,89.6236343383789,91.73180004715816,89.20306415753647,91.03440002576896,5317022
2020-10-19,86.81273651123047,90.1453379687117,86.51993398355664,89.96965928289512,8946750
2020-10-20,90.31568908691406,90.50201859978971,86.95114240187615,87.27589034850676,7901191
2020-10-21,89.84721374511719,91.07697870230386,89.01672431949243,91.03438950098976,5220657
2020-10-22,89.80995178222656,90.47540627077635,88.50033032840717,90.47540627077635,3958652
2020-10-23,87.69646453857422,89.70348608318112,87.68049889481443,89.43730001991115,4466185
2020-10-26,86.50928497314453,86.69028552889064,83.58127402798966,86.2430989431446,4618469
2020-10-27,87.55804443359375,88.1170259106629,85.7639761646746,85.7959145259793,6063107
2020-10-28,88.34062194824219,88.89428153957844,87.20135732758501,87.33444680626013,5625683
2020-10-29,88.99542236328125,89.59700008984879,86.96711358758165,87.84019214235974,7521578
2020-10-30,85.28485107421875,89.3308253769899,84.67263658613192,89.17111940352324,12670535
2020-11-02,85.99822235107422,87.46754983685167,85.71074169580693,86.34957973310146,9877339
2020-11-03,85.551025390625,86.50395337341767,84.30528782989776,86.16323979468456,8086218
2020-11-04,86.32828521728516,86.98309597540242,84.80572476537792,85.49779576798043,8037807
2020-11-05,89.7833251953125,89.78865415292195,86.83402669875834,86.83402669875834,11981648
2020-11-06,90.44878387451172,91.56674677600496,88.63874297169083,90.0335356583214,8447019
2020-11-09,89.90045166015625,91.83293131637568,88.93154381467933,90.50202234525537,10993810
2020-11-10,89.32550048828125,90.49670353649161,88.98478687425641,90.39023053210884,7486223
2020-11-11,89.01139068603516,90.82143150289694,88.69729359857294,89.26692586018035,7009784
2020-11-12,87.50480651855469,89.59700631323784,87.04165426810044,89.01140126440924,7308238
2020-11-13,86.67430877685547,87.45688703473674,85.44987291134652,87.30782484642452,5397308
2020-11-16,86.43474578857422,87.57401033079337,85.98223734605247,87.30782431480097,4084872
2020-11-17,85.21031188964844,86.71157755882679,84.67794692239217,86.71157755882679,5850574
2020-11-18,85.9769287109375,86.0301616761557,85.17837761690784,85.21032305761443,4325743
2020-11-19,86.78079223632812,87.24395157512265,84.6832775862662,85.72671303031477,4512558
2020-11-20,87.44624328613281,88.31932181779638,86.50928095946948,86.66898690848464,5491619
2020-11-23,86.53057861328125,87.88278211670647,85.90770628231283,87.04164899132583,6759156
2020-11-24,86.90856170654297,87.24395344714037,86.24310718341427,86.24310718341427,3947525
2020-11-25,84.75247955322266,86.77546654990718,84.75247955322266,86.77546654990718,6154595
2020-11-26,85.20498657226562,85.85447539854923,84.83233461775062,84.83233461775062,3166205
2020-11-27,86.17389678955078,86.20051327054887,84.64600745651106,85.21031790009155,3629464
2020-11-30,84.75247955322266,86.77546654990718,84.75247955322266,86.69028815004678,6788061
2020-12-01,87.94135284423828,88.08509317170679,85.01867059621581,85.43923366255777,10047960
2020-12-02,88.7452163696289,89.6662060051288,86.91388085962154,88.19155679683598,7063490
2020-12-03,91.32720184326172,91.56676435715447,89.10191229698688,89.54377707734557,10869382
2020-12-04,96.8637924194336,96.89040890217197,91.72647155638487,91.83293748733837,19037005
2020-12-07,96.87975311279297,99.2221591674159,94.6438200606529,97.42276896394019,11110127
2020-12-08,97.68894958496094,97.82203907107461,96.10250535960179,96.8850766333682,6387216
2020-12-09,98.00836181640625,99.33927781636227,96.62421285647582,97.15657784106445,9312626
2020-12-10,101.26111602783203,101.61779526818535,97.14593636922471,97.15658013068288,11500061
2020-12-11,99.1263427734375,102.66124666162192,99.1263427734375,101.09608989553736,15232438
2020-12-14,103.40121459960938,104.85456919976187,99.82905095545378,100.71809514841924,13702827
2020-12-15,104.82795715332031,105.40823322643307,102.95935425869631,104.55644923765507,10459885
2020-12-16,106.31858825683594,106.47297234880735,103.90697640091105,104.29027922875221,8686010
2020-12-17,104.343505859375,109.07090711574583,104.343505859375,106.37182184128801,10545473
2020-12-18,100.63824462890625,102.45360738946955,98.48749017130683,100.27090749550068,18505661
2020-12-21,103.43849182128906,103.98682956262446,100.77134483306907,101.33564821732091,10786461
2020-12-22,102.74641418457031,104.98234005303286,102.74641418457031,103.83776063869344,7739458
2020-12-23,104.04537963867188,104.87586903407039,102.69317608464856,104.31156567568156,7184528
2020-12-24,104.0400619506836,104.87055137955024,102.38441205086234,103.27345632403745,4353531
2020-12-25,107.00531768798828,107.00531768798828,102.74640523966983,102.74640523966983,7317477
2020-12-28,104.67890930175781,106.89886985751869,103.70467946183038,105.96723629983708,8202137
2020-12-29,105.08349609375,106.24405535829163,103.75790898322995,104.67889868466591,5947434
2020-12-30,106.45699310302734,106.63799365456275,103.75790093260834,103.75790093260834,6393327
2020-12-31,106.76044464111328,107.53237211744216,105.75959844685552,105.94059900733251,7019038
2021-01-04,106.74979400634766,108.59178043777817,105.94059920944653,106.52620424568845,10046849
2021-01-05,107.14374542236328,109.66715192190799,105.40823202650012,106.47296200035208,15885992
2021-01-06,109.99723052978516,110.1888819403718,107.00533552603108,108.00618178131691,11987823
2021-01-07,114.23484802246094,114.45843778039226,108.60242287426385,109.98657185207603,14695152
2021-01-08,114.05915832519531,116.8966618623922,112.06279498392628,116.06617250441003,10780354
2021-01-11,110.19951629638672,114.04851689971251,109.66715131241942,114.04851689971251,10395614
2021-01-12,112.46739196777344,113.13284641252191,110.19951365200893,110.19951365200893,9443109
2021-01-13,113.39371490478516,114.35197194948627,111.53044085635102,114.35197194948627,7067900
2021-01-14,114.44779205322266,114.91628034360421,110.99807383142895,112.25977714830829,7620691
2021-01-15,108.92183685302734,114.13901352913258,107.80919584134502,114.02721865531534,21011138
2021-01-18,108.2989730834961,108.59177558854176,104.39673959193905,108.59177558854176,9811166
2021-01-19,106.5741195678711,108.86861456964643,104.5191941324399,108.2936603489653,15412529
2021-01-20,106.90418243408203,107.67610989217529,103.82710928594301,105.40823152027762,6669774
2021-01-21,108.0807113647461,109.98657454232774,106.79238451540111,107.83049804339456,7605534
2021-01-22,108.06472778320312,109.93333053037419,106.53683860465728,108.07004966347078,7845894
2021-01-25,110.98741149902344,112.43544419052438,108.16588074892132,110.02383269046533,11509458
2021-01-26,109.001708984375,111.00872342808461,108.81537945000441,110.98742882635568,6389183
2021-01-27,106.26001739501953,109.66715335589696,105.72765240113243,109.02831536323244,8587420
2021-01-28,106.09498596191406,107.20762699221814,104.87586485946933,106.26001379670392,6774761
2021-01-29,104.95573425292969,107.0053378922283,103.65144167128236,105.83413480163343,7093324
2021-02-01,103.85372161865234,105.40290543054455,102.90611552280089,104.37012094059548,8481518
2021-02-02,105.95658111572266,106.10032144687764,103.53964735389985,103.85373742220376,8682483
2021-02-03,104.343505859375,106.83497408908396,103.81114085302694,105.93527899759802,8198486
2021-02-04,103.27877807617188,105.30176514396501,102.2140551174606,102.81030393744174,8415933
2021-02-05,102.48554992675781,105.05687458057538,102.32584396930591,104.10393948557956,12757124
2021-02-08,103.75790405273438,104.28494715876523,100.02070538489947,102.48022808476195,12754883
2021-02-09,109.88009643554688,111.99891259343612,103.91760866234736,104.81198182832729,16668159
2021-02-10,109.72572326660156,110.1888826142609,107.68144154117498,110.1888826142609,10148657
2021-02-18,100.51048278808594,111.78596984818446,100.51048278808594,110.72656173847099,29661521
2021-02-19,101.77751159667969,102.0436976423383,98.22663518173653,100.55307560216404,16926809
2021-02-22,97.43873596191406,102.84224268232187,97.4227703190465,102.79433159978046,13469133
2021-02-23,97.31629943847656,99.74920586289305,95.88423927315826,96.71472872219717,8941029
2021-02-24,94.3297348022461,98.2372906533548,93.54183454385394,97.31630090434152,13084645
2021-02-25,93.5258560180664,95.26136240047535,92.19493996355918,94.44152382908999,10207986
2021-02-26,91.93940734863281,93.6962154577225,89.89513274344364,90.50202532934978,10140238
2021-03-01,91.8222885131836,93.07334805451246,90.60849629175492,91.93940527676666,8453392
2021-03-02,90.30504608154297,93.32355024594031,89.49052942179934,92.63147930227993,9931932
2021-03-03,91.11957550048828,91.34317236451375,88.72393626532487,89.43730190832632,8470053
2021-03-04,87.57402038574219,91.03438945217168,86.80208580461128,90.49138067419288,9986886
2021-03-05,88.63874053955078,90.07080050412877,85.18368666212454,86.41877336192479,9027189
2021-03-08,84.40644836425781,90.17728524818946,84.17752963375248,88.89960918532637,9236263
2021-03-09,81.80850219726562,85.71073583919109,81.45181588157284,84.11364085508424,12993251
2021-03-10,82.1438980102539,84.53953706741672,81.8085062776209,83.58128002915772,11812545
2021-03-11,83.90069580078125,85.3859959219471,82.2503678371285,82.93179503801099,10638468
2021-03-12,82.72948455810547,84.6140600112973,81.50504871697737,84.0337839875927,9366935
2021-03-15,79.48207092285156,82.45799308673313,78.78999995095494,81.98418292189909,9760851
2021-03-16,80.89283752441406,81.02592700897735,79.58854500636143,79.84408021366819,6330130
2021-03-17,81.38261413574219,82.13324704531762,79.64710770759856,80.89816019790115,6342320
2021-03-18,83.72502136230469,85.81721415178741,81.39858796064918,82.25037200491384,11474721
2021-03-19,80.94607543945312,83.18733032546061,80.50953259994604,81.8777088839085,8223157
2021-03-22,80.73845672607422,82.25569531198205,79.86537806556673,80.96737546118139,6430851
2021-03-23,79.0561752319336,81.13239512782738,78.01806174550227,80.12090519828139,12139612
2021-03-24,77.99678039550781,79.83344520717914,77.08644142736759,79.12007247006088,8509383
2021-03-25,78.7420883178711,79.1094184345795,77.08643831355909,77.45909031154608,7058390
2021-03-26,80.09429931640625,80.65328085346081,78.79532858558271,78.79532858558271,8211370
2021-03-29,80.9513931274414,81.66475865367988,79.85472482015784,80.30190432107506,8988306
2021-03-30,83.89006042480469,85.97693143610854,80.9993164128633,81.34535192865846,13693993
2021-03-31,85.0718994140625,87.37171623357925,83.08085783565063,87.37171623357925,10980329
2021-04-01,88.06379699707031,88.30868136822517,85.6308906205459,85.6308906205459,7732905
2021-04-02,90.7149658203125,91.01309021416101,88.79845185985782,88.89428109636502,9245864
2021-04-06,89.08060455322266,90.92791285546727,87.69645556595864,90.76820689542132,6999886
2021-04-07,90.62448120117188,90.6617485260849,86.23779293367475,89.34148312518772,11882669
2021-04-08,93.37677764892578,93.5950454945201,87.84018254088305,87.85615525755209,11192135
2021-04-09,91.45496368408203,92.82314006765635,90.61382338238694,92.63148865325401,8176844
2021-04-12,89.88980102539062,91.46027955952722,88.64407045206075,91.39107387811315,8847553
2021-04-13,90.82144165039062,91.470930495728,89.97497952221724,90.49137888539265,6088168
2021-04-14,90.30504608154297,91.40703629538537,88.48968324762065,90.02288733109569,6032760
2021-04-15,90.10274505615234,90.85337792760677,88.72392503096819,89.84720985931943,3958027
2021-04-16,88.90493774414062,91.03439800885967,87.46755560394024,91.03439800885967,5952559
2021-04-19,90.09741973876953,90.90129261738558,87.99990528325851,89.37340337535996,5880645
2021-04-20,89.41600036621094,91.02374626356526,89.26693816075283,89.96965998648393,5655635
2021-04-21,89.35743713378906,89.95368594687346,88.45242015241342,88.90492864310124,5087811
2021-04-22,87.09487915039062,89.91641697694828,86.77546017438232,89.52778524841176,10641277
2021-04-23,90.92791748046875,91.2100691729818,86.7807921884441,87.09488932077265,11291546
2021-04-26,86.24842071533203,92.0139352435535,86.23245507358781,91.66257081671023,15355497
2021-04-27,86.9511489868164,87.28121883901959,86.24310527663039,86.39748936380475,6541839
2021-04-28,85.9769287109375,86.87662385427566,84.64601257987792,86.86065113392236,8825412
2021-04-29,88.37255859375,89.5437615526872,85.9769197162265,86.24309866840963,8846804
2021-04-30,90.23584747314453,91.55610566556442,88.63875238920582,90.50202644864959,11829242
2021-05-06,87.83487701416016,91.24733498049827,87.08424411457744,90.23584499361584,9096279
2021-05-07,84.69392395019531,88.46838999085904,84.30529219659671,87.73904464087964,8830521
2021-05-10,84.9654312133789,85.60426925489212,83.79422813727135,84.71522495484673,6090384
2021-05-11,89.46389770507812,89.7034672347739,84.18284459996156,84.91218279538242,9585013
2021-05-12,89.7992935180664,91.01308563191004,88.69729627704517,89.46390182263062,5368761
2021-05-13,90.82144165039062,90.84805813142918,88.78781086741812,89.7993008396059,6438847
2021-05-14,92.4025650024414,93.16384873840477,89.47988285748893,91.03438869163261,8521398
2021-05-17,96.57406616210938,100.02794836851108,96.25557797953793,96.25557797953793,13752629
2021-05-18,95.31425476074219,97.14027838207825,94.67727126840482,96.59529957736709,7029720
2021-05-19,94.1039810180664,95.54781596773745,92.78754704333895,95.32133247334156,6416564
2021-05-20,94.13229370117188,95.24347769332648,93.39622055185556,93.95535502781755,6627318
2021-05-21,93.13434600830078,94.60649227712699,91.71174456277397,94.36585312025589,8877095
2021-05-24,93.63685607910156,93.7642499232086,91.72589852341515,93.12726644722174,5797123
2021-05-25,98.20191192626953,98.30807939945738,93.86333661544643,93.86333661544643,14608655
2021-05-26,97.03411102294922,99.49004743543883,96.08571005135626,99.07246960531383,10683558
2021-05-27,97.67818450927734,98.92384023188413,95.55489896171518,96.29097214019724,8452976
2021-05-28,96.13525390625,97.77726101009276,95.54781524275663,97.67817849139225,8439207
2021-05-31,97.14735412597656,97.17566545316875,94.69849560111238,96.17064184875011,6497701
2021-06-01,98.35054779052734,98.59118693879067,96.27680726756492,97.1544298808574,9497716
2021-06-02,97.68524932861328,98.87428936196103,96.39711965593426,98.78935538539139,6530787
2021-06-03,96.82178497314453,97.94713176441392,96.66607979490952,97.68525910484173,5389115
2021-06-04,97.26058959960938,98.2939245024556,95.90168869856761,95.90168869856761,6472707
2021-06-07,96.34758758544922,98.13822926766079,96.12818191133694,97.52954994381918,5285423
2021-06-08,95.54780578613281,97.66401316154646,94.88958886890887,96.34757219937335,7446716
2021-06-09,96.11402130126953,97.03411094428081,94.85420997995692,95.54781612819198,5220671
2021-06-10,96.36882781982422,97.35261806981363,95.88047161123562,96.13526646474824,5769065
2021-06-11,95.32133483886719,96.39712968201343,94.84005651036661,96.3688183535456,7052947
2021-06-15,93.03527069091797,95.90170017182425,92.36289086383186,95.32133929428582,7752101
2021-06-16,94.76927185058594,94.83297233537795,93.31835913001107,93.31835913001107,6858535
2021-06-17,93.12018585205078,94.45785325024478,92.71676370867017,94.02611978063035,6407512
2021-06-18,91.65512084960938,94.67019167145828,91.0181373691477,93.77840624554086,9206391
2021-06-21,91.82498168945312,92.36287548272992,90.69964215629037,91.51356424133735,5913823
2021-06-22,92.66014862060547,94.09690577790892,91.8391486037042,91.8391486037042,9245926
2021-06-23,92.12931823730469,93.6863984187549,92.02315789131643,93.36082529375787,5657484
2021-06-24,92.01608276367188,92.58936575539626,90.73503084850788,92.3628822658769,6628939
2021-06-25,93.77841186523438,94.16768551083763,91.30124898539935,91.65512634206449,9119642
2021-06-28,93.76424407958984,93.77839974224462,92.4336545563938,93.77839974224462,5256224
2021-06-29,91.53480529785156,93.70763552746378,91.19507649659056,93.70763552746378,7503277
2021-06-30,91.26586151123047,92.1505620469733,91.1597011533591,91.53481201368521,3624954
2021-07-01,93.42452239990234,93.42452239990234,90.71379140740493,91.2729258266295,8339861
2021-07-02,89.34782409667969,92.7167724478925,88.61175092839719,92.7167724478925,11622083
2021-07-05,85.74531555175781,89.00809619181827,84.93138628581268,88.47019523567583,9996539
2021-07-06,83.2256851196289,85.73823695696632,80.33801533158629,85.63914731360718,14258294
2021-07-07,82.77980041503906,83.69281944463125,81.39258798059801,82.10034986313285,8211709
2021-07-08,83.04873657226562,83.58663750577264,81.3996517423018,83.5087813600024,8154721
2021-07-09,80.6140365600586,83.16197733199895,79.55239041391046,82.80809290737454,10770438
2021-07-12,82.7160873413086,83.19736559187427,79.45330705191115,80.99622430947461,11104135
2021-07-13,87.04051971435547,87.26700321172272,81.78893228270356,82.26313277354058,12862646
2021-07-14,88.3427963256836,89.1071735979446,85.31357717876573,86.9838883497993,11415535
2021-07-15,90.94029235839844,91.21631355603277,87.06883222667263,88.3498842036494,13393440
2021-07-16,87.13253021240234,90.4165444384004,87.05467406120452,89.91403262703018,8250885
2021-07-19,86.75740814208984,87.09005909919317,83.5866393769856,85.66037988394172,8017492
2021-07-20,87.6633529663086,88.06677512892723,85.56837887463371,86.06380572417405,7016688
2021-07-21,84.33686828613281,88.04553800309881,84.01129516006739,86.34690831218153,10836649
2021-07-22,84.64827728271484,85.90809564970432,83.268142908083,84.05376082054406,7024451
2021-07-23,83.79190063476562,85.55423104413963,82.98505623565413,84.64828986168526,6913998
2021-07-26,82.12865447998047,84.4571899565645,80.9891591539634,83.5158668010209,8317041
2021-07-27,80.04783630371094,83.60080110480523,79.26929615527878,83.16198976971339,10160785
2021-07-28,79.76473236083984,80.81222303062668,76.29670144876765,79.62318284252673,10867556
2021-07-29,81.02454376220703,81.66860506199247,78.56153674223407,80.54326546335675,9774289
2021-07-30,81.13778686523438,81.66861001806411,78.8800296992697,80.21769720178348,8073673
2021-08-02,83.36724090576172,84.93846976045928,79.05696939398811,80.06199305572703,12485949
2021-08-03,84.2802505493164,84.5775123663043,81.53413725943352,83.16198872926087,7670630
2021-08-04,82.12157440185547,84.83230560881628,81.51290224292529,84.83230560881628,7794057
2021-08-05,83.0558090209961,84.91014371463429,80.6989625835861,81.39256863595668,8476020
2021-08-06,81.24394989013672,82.77271164804344,80.72020459814821,82.10033901761531,5775624
2021-08-09,85.68161010742188,86.82110531161709,80.7697448522726,81.18024481349067,15997736
2021-08-10,86.84234619140625,87.05467402139536,83.43093812000689,85.68161739452701,13401145
2021-08-11,84.61997985839844,86.70079833415649,84.61997985839844,85.39143504190534,7671496
2021-08-12,82.11449432373047,85.14371362719912,82.1074164920391,84.22362401822491,8046036
2021-08-13,81.87386322021484,82.9567430645119,81.39258487335537,81.39258487335537,5426259
2021-08-16,81.74647521972656,82.66656498502141,80.76976279128077,81.81725354866524,6326750
2021-08-17,79.19852447509766,82.10034296009539,78.94372964859025,81.75354344450757,10194072
2021-08-18,78.8800277709961,79.76472825226777,78.12979896880911,79.20560091239075,4847061
2021-08-19,78.15103149414062,79.18436643326586,77.85377681191292,78.49076029519134,5442418
2021-08-20,74.63345336914062,78.09441323427879,73.69920810860103,77.85377408754206,12532386
2021-08-23,74.30081176757812,75.73049102767078,73.60720563297409,75.37660656469171,9286106
2021-08-24,77.69806671142578,77.71222237552566,74.31496990744704,74.99442040106275,9429008
2021-08-25,77.35127258300781,79.62318555198799,77.15310039953538,77.9953339612249,5705443
2021-08-26,75.55354309082031,77.42911144658811,74.62637566035664,77.35834025817896,6499215
2021-08-27,75.08642578125,77.62729623330857,74.70423710248704,75.12181494182549,4842524
2021-08-30,74.69007873535156,78.5615387185901,73.99647259635087,78.5615387185901,6311952
2021-08-31,67.22319793701172,68.56794329838768,67.22319793701172,67.22319793701172,13733406
2021-09-01,65.85721588134766,67.50630082173299,60.99489504308267,63.84009793721989,25726497
2021-09-02,63.5569953918457,65.09991294108907,62.99078306259092,64.40630675800148,17184290
2021-09-03,63.748077392578125,65.46794041651637,61.079813533804185,61.78757524446179,16565623
2021-09-06,65.12821197509766,65.51040059217101,62.42456607624341,63.02616032574408,18179591
2021-09-07,63.86840057373047,64.75310815734441,63.49328974726255,64.74603032561008,15307319
2021-09-08,64.2293701171875,64.8734314945611,63.13234171311964,63.55699740967967,11874643
2021-09-09,63.698543548583984,65.09991154941919,63.698543548583984,64.52662852783729,9959039
2021-09-10,64.24352264404297,64.73187880954944,63.55699430500404,64.73187880954944,9066961
2021-09-13,62.96246337890625,64.36383122375251,62.5802747403938,64.34259772964344,9471508
2021-09-14,62.4104118347168,63.62775602336937,62.14146137935976,63.054473084711795,8248579
2021-09-15,61.093971252441406,62.17685091156102,60.87456561369189,61.57524951700007,9504154
2021-09-16,63.033241271972656,63.62067988856065,60.51361172615622,60.86748903682843,13117704
2021-09-17,63.06155014038086,63.592373213433675,61.43369889371399,63.03323881619403,7969118
2021-09-22,61.631874084472656,63.875475360027664,61.447857595879356,62.849225446107994,5932828
2021-09-23,64.81681060791016,65.03621629472745,61.822980024740815,62.14147536973931,15554547
2021-09-24,71.2999038696289,71.2999038696289,67.23734957222389,67.23734957222389,22887761
2021-09-27,75.46861267089844,76.99029650176989,70.77615308753977,71.49099266352576,25168492
2021-09-28,76.2046890258789,77.06815596821879,72.19167968911262,75.46861592432457,15234481
2021-09-29,77.67683410644531,77.84670207759271,73.52227494453729,75.40492126961114,14615709
2021-09-30,77.85376739501953,78.39166116734319,76.2259161606116,77.66974378919097,11894011
2021-10-08,79.269287109375,81.03869503976172,75.75879682924375,78.12979190904684,12185664
2021-10-11,77.79715728759766,79.96998047557123,76.60103929552893,79.26929647745237,9262036
2021-10-12,80.68480682373047,81.39256853719215,76.24714223459354,77.76883312601241,11017941
2021-10-13,80.36632537841797,83.51586063258723,78.56153535349569,82.80809886018478,12899795
2021-10-14,79.53824615478516,81.18025329901687,78.06610698003428,80.36633112282578,7328538
2021-10-15,81.15901947021484,81.88801478640399,78.20765617302091,79.39669631588293,11760679
2021-10-18,79.65856170654297,81.24394604315752,79.12773860796729,81.15901206651326,8455159
2021-10-19,81.95879364013672,83.11952246242224,78.6747793437592,78.89418501047453,9147820
2021-10-20,83.28938293457031,83.7494277621935,81.1660974699111,81.95879327603194,8865096
2021-10-21,82.80810546875,84.13870226880034,82.31267147575723,83.51586729763594,5848147
2021-10-22,86.20536041259766,86.5026222177802,82.45422363617668,83.83435805832487,12116921
2021-10-25,83.83435821533203,85.63914828956345,82.87887944009756,85.00216481531575,9852927
2021-10-26,82.25604248046875,83.8343488909064,81.86676890528702,83.82727105994447,6522460
2021-10-27,82.27728271484375,83.35307747058019,80.52203038653883,81.93755392855951,6111285
2021-10-28,82.39051055908203,83.15489488656486,81.59074420605276,82.66653882687234,5740855
2021-10-29,82.82225799560547,83.14783113309593,81.61906221930495,82.2277415031707,6955941
2021-11-01,79.89920806884766,82.02957135939633,79.76472926033739,82.02957135939633,8052777
2021-11-02,84.93138885498047,84.93138885498047,79.89920715162825,79.89920715162825,16642816
2021-11-03,83.74234008789062,84.92430226224525,82.81517270956712,84.29439666724558,9434946
2021-11-04,87.4227066040039,88.045534376337,83.74234123733004,84.15284832573575,13664572
2021-11-05,87.38024139404297,87.98891351613543,85.99302919489925,86.73618011466743,7781817
2021-11-08,84.96678161621094,87.380251134702,84.57751509815483,87.30239498000023,6764990
2021-11-09,84.86062622070312,86.19121599429896,84.19532420617846,84.86062622070312,5734560
2021-11-10,83.19029235839844,85.99302804503529,82.10033483955604,84.711976207145,6776902
2021-11-11,83.43801879882812,84.36518630158162,82.27021213017959,82.55331116134037,5893569
2021-11-12,82.3834457397461,83.33892451807303,81.74646226343675,83.21860850567357,5479217
2021-11-15,86.2478256225586,86.75740811384735,82.89303323715168,83.16198370983851,10054396
2021-11-16,85.9647216796875,86.61586081938313,84.36518159366695,85.99303300676894,5976412
2021-11-17,85.43389892578125,86.73618433859046,84.93138712334094,85.0375546003604,5874477
2021-11-18,84.20946502685547,85.99302864851168,82.91426464487729,85.98595081710003,5168910
2021-11-19,84.86062622070312,85.5683881034571,83.51587365406185,84.42888555620999,4234347
2021-11-22,83.5724868774414,84.93138782821305,83.02043024781032,84.22362602538708,5318775
2021-11-23,83.0699691772461,84.57750449012308,82.51084188314945,83.0204243577409,5681463
2021-11-24,82.3692855834961,83.74941993741862,82.10033511855252,83.02042468783421,4535283
2021-11-25,81.6615219116211,83.15490153267312,79.69394898201008,83.15490153267312,9215783
2021-11-26,81.15193939208984,82.10034034731692,80.1893899009151,81.16609505576344,5665288
2021-11-29,80.33094024658203,81.39257939452904,79.70103458972434,81.09532470973947,6009329
2021-11-30,79.48162078857422,80.64234946439909,79.30467500893228,80.64234946439909,5981867
2021-12-01,80.45833587646484,80.68481937489489,79.44624152946012,79.47455285772965,4641184
2021-12-02,79.76473236083984,81.22980088099045,79.6302606748287,80.45126071095231,3719460
2021-12-03,78.9508056640625,80.68481745755575,78.0661051875679,80.0266004741092,7963868
2021-12-06,77.75468444824219,79.5170074953647,76.21176705305972,79.26929051701617,9525094
2021-12-07,79.76473236083984,80.44418287865034,77.3654256154604,78.20765914848994,9887120
2021-12-08,79.83550262451172,80.82637053585519,78.56860640898248,79.8638139508616,9143195
2021-12-09,82.7373275756836,84.54919543004472,79.55239603973094,79.8425800054538,14709346
2021-12-10,81.39258575439453,82.65240429427577,80.22477903653959,82.2206707694516,12720561
2021-12-13,79.76473236083984,82.00126321872663,79.7505766962359,81.39258389620952,12213306
2021-12-14,79.40377044677734,79.97705343152558,78.77386480840684,79.62317610183788,8188432
2021-12-15,76.8982925415039,79.38253293861095,76.77796940863931,79.26928763709134,11817870
2021-12-16,77.5352783203125,77.57066747810585,75.73048829465688,76.91952835788517,9491700
2021-12-17,76.79212951660156,77.98116961276054,76.44533001607336,77.2734078204689,5781478
2021-12-20,77.41495513916016,77.698061273618,76.8629056610793,77.05399998532751,5820814
2021-12-21,75.8578872680664,77.41496042225677,74.7962481010562,77.06108307582873,7019001
2021-12-22,75.1288833618164,76.34623469447304,74.36449897232616,76.34623469447304,6643474
2021-12-23,75.7517318725586,76.0135974196347,74.73963033585174,75.2138308579516,5566395
2021-12-24,75.69509887695312,75.78710355917427,75.0298040958995,75.0298040958995,4277519
2021-12-27,78.22180938720703,78.27135420988417,75.67386834022504,75.70925749928014,7921350
2021-12-28,77.04692840576172,78.49076339370392,76.27546608688819,78.30674688607823,7382018
2021-12-29,74.18048858642578,77.49989191727185,74.16633292280527,77.49989191727185,10913154
2021-12-30,74.0884780883789,74.52728937073806,73.41610550233018,74.18756059822354,5590960
2021-12-31,74.392822265625,75.01565725847502,74.08848972929353,74.08848972929353,3745873
2022-01-04,75.05104064941406,75.37660665781304,73.46564908745262,74.8104014951633,8111780
2022-01-05,76.88414764404297,77.33711465809454,75.13597295113439,75.94282445425983,11533354
2022-01-06,77.52112579345703,77.8183876032218,76.08436869527426,77.6485196389414,9465932
2022-01-07,77.35127258300781,78.46245665359801,77.15310039953538,77.80423961029528,6642816
2022-01-10,76.0631332397461,77.81130776633674,75.17843279281969,77.54235729088235,6721143
2022-01-11,74.73963165283203,76.89830645407201,74.73255382020652,75.723421876871,6592703
2022-01-12,76.02774810791016,76.43825523835795,73.63551928422876,75.35537544752778,6275806
2022-01-13,74.67591857910156,76.70011421945556,74.45651293239914,76.6930435157479,4592567
2022-01-14,72.84281921386719,75.02272720423095,72.84281921386719,74.67592058242788,6217370
2022-01-17,72.7154312133789,73.4161152171661,71.39899006437717,72.86405856167572,5258990
2022-01-18,73.4161148071289,73.7841478235828,72.30492367016272,73.23916900332777,4520383
2022-01-19,73.58596801757812,74.20879579917009,72.99144443393196,73.46564488347512,3679485
2022-01-20,74.42112731933594,75.02272876435309,73.58597168135316,74.17341033510402,5443112
2022-01-21,75.7304916381836,75.7304916381836,73.60720622636973,74.06725104254309,5150971
2022-01-24,73.11885070800781,75.57477998331677,72.88528938198819,75.57477998331677,4718782
2022-01-25,71.42729187011719,73.89030586714209,71.27158671038815,73.09053231930245,5163920
2022-01-26,70.4930419921875,72.11381534664831,69.41724735230834,71.55468809823226,6253750
2022-01-27,67.98757934570312,70.0683977834174,67.96634584991487,69.2190864627915,6126523
2022-01-28,68.27068328857422,71.87318558059428,68.08665966435723,68.08665966435723,9565807
2022-02-07,67.37889862060547,69.6295849767045,67.35059442121646,69.23323352482225,9405567
2022-02-08,67.59123229980469,67.93096112687854,65.84306472087312,67.37890445578095,7433164
2022-02-09,67.82478332519531,68.15743426928296,67.2373447092123,67.6549225013566,5253363
2022-02-10,67.73986053466797,68.10081569791166,66.3880374388502,68.10081569791166,6116271
2022-02-11,67.0887222290039,67.65492739197104,66.56497692927172,67.65492739197104,5106570
2022-02-14,67.94512176513672,67.94512176513672,65.8218360417518,66.17572055951278,6307682
2022-02-15,68.90059661865234,69.4314198000096,67.66201157139425,67.9451177432999,5223900
2022-02-16,68.85104370117188,69.36063332517959,67.66200362106244,68.8935106911268,4379551
2022-02-17,68.59625244140625,69.2190874042138,68.19283027139475,68.85812509863027,3001105
2022-02-18,69.27571105957031,69.43142338240219,67.44968720453932,67.96635474757302,3901401
2022-02-21,70.39395904541016,70.76907698462425,68.80857469431004,69.3606312920909,6092046
2022-02-22,68.51132202148438,70.1391734086417,68.0229658925646,70.1391734086417,5155487
2022-02-23,68.51839447021484,68.79441562772327,67.24442051056943,68.07249823854507,4874754
2022-02-24,67.62661743164062,69.00675189941076,67.23735092874938,67.8035632308876,5358918
2022-02-25,68.95721435546875,70.40812001841235,67.41428974898767,67.55584638869753,6929454
2022-02-28,70.06839752197266,70.06839752197266,68.0866616109386,68.99259558361955,5967193
2022-03-01,71.9793472290039,72.26244621866016,69.81359505346484,69.99761153505897,8595762
2022-03-02,71.48391723632812,72.54555632523025,71.25035592399709,71.97935118705765,5090363
2022-03-03,71.75286865234375,72.46063043018593,71.12295589448802,71.56884503047876,3987944
2022-03-04,72.31908416748047,72.53848985113031,70.7832443819316,71.7387232754065,5268387
2022-03-07,69.24031829833984,72.53848844972005,69.0067569539522,72.31908277030904,7636500
2022-03-08,65.82182312011719,70.42227105379644,65.60949530223397,70.06839373323294,10483215
2022-03-09,64.03826904296875,66.43049778315125,61.94329498253278,65.82182563235145,10653808
2022-03-10,64.67525482177734,66.03415580752909,64.28598831490685,65.75812748560818,6222004
2022-03-11,65.82182312011719,65.97752828583806,63.01200953926758,64.68232788397782,6459904
2022-03-14,62.8492317199707,65.4325620327287,62.8492317199707,65.11406671580127,7617199
2022-03-15,61.469093322753906,63.52160035287001,60.230508421939994,62.764293749073744,8039584
2022-03-16,62.67229080200195,62.99077897980416,60.23758792283013,62.134389836846935,7714759
2022-03-17,65.78642272949219,65.95628352924994,62.79967099834831,63.69852693704374,8594827
2022-03-18,65.14237976074219,66.2252524624677,64.60447876216121,65.78644111594556,21957415
2022-03-21,63.30927276611328,65.48917364637123,62.90585061579082,65.46794727905626,7626045
2022-03-22,63.4649772644043,63.762239064106204,62.63689947747304,63.3588169180487,3607546
2022-03-23,63.62776184082031,64.72479725595102,63.41543401512021,64.4133797853188,4579787
2022-03-24,63.698543548583984,63.797633198789526,62.481192056118545,63.54283836884438,4473588
2022-03-25,62.339637756347656,64.74602922796636,62.339637756347656,63.6985386599468,7212070
2022-03-28,60.86749267578125,61.41247146474135,59.593522164064,61.221377135335786,10021302
2022-03-29,59.77046203613281,60.57731344012746,59.657220296532955,60.159728511334535,5196378
2022-03-30,62.4104118347168,62.42456749698428,59.43781185510976,59.77753705794162,8757943
2022-03-31,61.872520446777344,63.323433286152856,61.57525862113389,62.35379878249482,4664944
2022-04-01,62.573204040527344,63.60653902737031,60.86749638010932,61.999913889695016,5113586
2022-04-06,61.575252532958984,62.049452989567406,60.301285625122574,61.17183039158335,6878666
2022-04-07,60.91703796386719,61.992832758797555,60.520693638533764,61.00904977726375,3913348
2022-04-08,60.37206268310547,61.20722550088526,60.19512400554391,60.74010283037791,3703040
2022-04-11,59.45197677612305,60.782570033997885,58.75837060017317,60.372062892035714,5099845
2022-04-12,61.01612854003906,61.22845636954491,59.36704003575739,60.07480540721521,5953424
2022-04-13,60.98073196411133,61.157670612559514,59.451966788187256,59.451966788187256,3636915
2022-04-14,64.32843780517578,64.33551563607656,60.55607510637996,60.980730704977326,10118788
2022-04-15,63.953330993652344,64.96543236440512,63.295114062186194,64.05242063241572,5393443
2022-04-18,64.04534149169922,64.87341923067608,62.94830616729191,63.69853489084313,4031553
2022-04-19,62.7572135925293,64.32136443602859,62.35379145865027,64.01703194163412,5120738
2022-04-20,64.80973052978516,65.26977538566271,61.87960054267815,62.7643010920232,8769505
2022-04-21,64.41337585449219,65.73688755039156,63.98164239765766,64.46999850528371,7351081
2022-04-22,63.266807556152344,64.34968019506955,62.50950092823525,63.4366683935318,4366435
2022-04-25,62.4245719909668,64.90881249277533,62.29009318974446,62.778449317679375,9442990
2022-04-26,65.23439025878906,65.46795159189774,62.509503287370215,62.927081128562,11712114
2022-04-27,64.10196685791016,66.07662504291852,63.019094157318506,65.12114619568563,11518577
2022-04-28,64.32136535644531,64.32136535644531,62.67936547186574,64.10195970788679,8283472
2022-04-29,64.0556411743164,65.28143173942264,62.86127357370039,64.66854005382059,11497494
2022-05-05,61.74549102783203,64.0792218825141,61.14831076584738,64.05564746292991,13363371
2022-05-06,59.79678726196289,61.28974498652514,59.71821186481002,61.28974498652514,6075294
2022-05-09,60.22896194458008,60.22896194458008,59.018882823460544,59.80464759896579,4619763
2022-05-10,59.80464553833008,60.60612896286354,59.08959684760569,60.60612896286354,7893169
2022-05-11,60.087520599365234,60.66898931920673,59.1131713035265,59.79678623944448,13122078
2022-05-12,59.78107833862305,60.23681925857038,59.34890464340378,59.48248462275757,7452591
2022-05-13,59.71821212768555,61.19545477931995,59.32532794628954,60.103236970856116,8013424
2022-05-16,57.659507751464844,59.922511564683255,57.43948944527637,59.56105754345364,14175364
2022-05-17,58.46098709106445,58.46098709106445,56.410138666534266,57.65950725520933,8674068
2022-05-18,58.25668716430664,58.53956218745492,57.75379743494279,58.27240224353982,6168115
2022-05-19,57.4552116394043,57.83237716622398,56.889457953747765,57.65951128170099,5279090
2022-05-20,58.82243728637695,58.916731358848565,57.518067723587535,58.04453187095487,11086335
2022-05-23,57.903099060058594,59.37248251536656,57.75380399191791,59.325333675363,8563434
2022-05-24,57.730224609375,58.30383400957945,57.28233944345357,57.290195184811225,7507323
2022-05-25,57.79308319091797,58.46098664599687,57.36877245572561,57.91094808334941,6670549
2022-05-26,57.24304962158203,57.75379870022763,56.22155506124199,57.51806890961445,9503572
2022-05-27,57.125186920166016,58.390270657969026,56.991606940151826,57.73808583807909,7690248
2022-05-30,58.185970306396484,58.523849921578964,56.99160624250413,57.12518622088314,11431716
2022-05-31,60.221099853515625,60.48826338998736,57.68307683111775,58.531705483555,14805591
2022-06-01,59.65534973144531,61.05401333990394,59.19960524792729,61.05401333990394,8637438
2022-06-02,58.80672073364258,59.388189442302945,58.5474201339827,58.91672988261118,7997043
2022-06-06,59.545345306396484,59.623920702645854,57.21947760790431,58.539562249649144,9929698
2022-06-07,63.057716369628906,63.647040821681514,58.5788505340291,58.93244520526066,22945014
2022-06-08,64.27565002441406,64.97498361339815,62.21694234949806,63.05771524322865,15081411
2022-06-09,61.879066467285156,64.21278982098525,61.74548290315395,63.662751276642084,11398528
2022-06-10,62.82984924316406,62.95556988839486,61.0147340474603,61.17974059585003,10550684
2022-06-13,61.69834899902344,62.57840790274202,61.195459224598935,61.5254795150177,9454395
2022-06-14,62.70412826538086,62.743414168331434,61.11687994910022,61.211170432523254,7737495
2022-06-15,63.843482971191406,65.20285704451746,62.23266044799202,62.31909517820768,13593104
2022-06-16,63.804195404052734,65.20286269015533,63.42702629353617,63.91420456001641,9309814
2022-06-17,65.55645751953125,65.98862401503118,63.41131494326485,63.41131494326485,12295290
2022-06-20,65.76860809326172,66.7743875206862,65.24999970385444,65.67431762079728,8572927
2022-06-21,66.00434112548828,66.7822465540492,65.12428228462814,65.7686113357544,6977919
2022-06-22,64.80211639404297,66.77438940619842,64.80211639404297,65.69003095748353,9146755
2022-06-23,65.28929901123047,65.9807697356948,64.14993591059545,64.69997450985073,8020311
2022-06-24,66.1457748413086,66.6958061748796,64.8649725887126,66.00433554065543,9759736
2022-06-27,68.59737396240234,69.68958825723882,65.92576708021747,65.94934149974112,14444870
2022-06-28,68.4323501586914,68.83309364996768,67.0965505109401,68.05518827737463,9139350
2022-06-29,67.96876525878906,68.9195402544218,67.39515220945815,68.48736653190555,7488696
2022-06-30,71.00181579589844,71.93687202294669,67.30871094777028,67.62301973315842,14655181
2022-07-01,71.03324890136719,72.13331890500098,70.03532512072755,71.07253480345685,8413842
2022-07-04,71.22968292236328,72.27475550126276,70.72679318016955,72.13331618760465,7629726
2022-07-05,70.8525161743164,72.28261364725377,69.48528621590924,71.89758878798266,9531050
2022-07-06,70.71894073486328,71.0332495360969,69.93317232873058,70.63250599437161,9279114
2022-07-07,69.22598266601562,70.39677593223682,68.34592378093006,69.76816552599112,9195825
2022-07-08,68.4323501586914,69.68957801145258,68.04732534275422,69.28883452017632,7405915
2022-07-11,66.54652404785156,67.7173173833808,65.21857989993362,67.55230363494537,9831687
2022-07-12,66.51508331298828,67.08083334156629,66.10648407182029,66.69580851698528,5733852
2022-07-13,66.86868286132812,67.70160008015685,65.84719187774388,65.84719187774388,6388528
2022-07-14,66.51508331298828,67.30870737873727,66.00433785847926,66.86867798008727,5263719
2022-07-15,65.60359954833984,67.80374671565124,65.51716480995069,66.00434308031704,8769064
2022-07-18,66.38150787353516,66.69580945276503,64.33851163903086,65.46216316495924,6774906
2022-07-19,66.47579956054688,66.94725913189826,65.45430142465146,66.38150908505702,5239717
2022-07-20,67.25371551513672,68.35379281661935,66.47580997806115,67.2615784514197,7952017
2022-07-21,65.91004943847656,67.48943468435975,65.7764658695918,67.06512394818866,5353272
2022-07-22,66.60938262939453,67.18299566893009,65.51716832559843,65.84719581383126,4850532
2022-07-25,66.68795776367188,66.79011117855487,65.81576183593744,65.8471919957701,3664738
2022-07-26,66.72724914550781,68.00019590194037,66.53866817102309,66.78225372820829,4526107
2022-07-27,65.87861633300781,66.68009612875663,65.501447254449,66.64081023091364,4017440
2022-07-28,67.12799072265625,67.41872511181265,65.6507515511882,66.00434626331308,7113282
2022-07-29,64.95927429199219,66.78225245280834,63.882778660537014,66.48366231862511,11198910
2022-08-01,63.937782287597656,64.47210222435899,63.15201386617656,64.44067206301436,5371702
2022-08-02,64.27565002441406,64.80996989221026,63.34059385272164,63.937774035093646,6403548
2022-08-03,63.647037506103516,64.74710736132822,63.5684585186226,64.2835107587252,4940919
2022-08-04,64.98284149169922,65.28929452771364,63.65489751937568,64.15778724642534,6269468
2022-08-05,65.37572479248047,65.79217975720094,64.62924239708947,65.72145651038514,4775300
2022-08-08,65.10856628417969,65.5014468418401,64.28351207736156,64.43280712090663,4413224
2022-08-09,64.46424102783203,64.912126184522,63.80419330763961,64.912126184522,4034115
2022-08-10,61.313323974609375,64.35423703299219,60.7711411045099,64.35423703299219,13946368
2022-08-11,62.232666015625,62.31124501209706,59.96180279843622,61.29760257504655,9183878
2022-08-12,62.84556579589844,62.939856276633485,61.54905190255955,61.92622101940228,4998873
2022-08-15,62.07551193237305,63.41131163831062,61.90264246562194,62.48410398826413,4987774
2022-08-16,61.99693298339844,63.15986322339787,61.87906809179501,62.07551197576807,3952765
2022-08-17,62.185516357421875,62.232665193462715,60.89686543449978,61.99693540106323,4871817
2022-08-18,61.35260772705078,62.33481281957761,61.20331266808915,62.114801698861385,3984798
2022-08-19,61.42332077026367,62.0283639118289,60.90471955710993,60.959724133061506,4137631
2022-08-22,61.54905319213867,62.46839798789699,60.66113855728389,60.66113855728389,4235880
2022-08-23,61.24259567260742,61.902643391336994,60.73970594085746,61.40760940076536,4496168
2022-08-24,60.841861724853516,61.69834616986055,60.81043156501213,61.28974689802009,5158863
2022-08-25,61.5333366394043,61.58834122136041,60.71613803988997,60.810435719759276,4535424
2022-08-26,62.20123291015625,62.75127147160762,61.30545541328389,61.52547371542528,5742027
2022-08-29,61.737632751464844,62.389817567737985,61.32903347512208,61.65119801247301,4340898
2022-08-30,61.48619079589844,62.224810343066025,60.11109792257786,61.78478091135954,6338157
2022-08-31,63.30130386352539,63.53703365169036,60.739706352539265,61.33689375808548,11046136
2022-09-01,61.76906204223633,62.77484154189148,61.63548566179432,62.63340941998875,7650141
2022-09-02,61.28974914550781,62.61769323073363,61.014733438335284,62.08337329993418,5144384
2022-09-05,59.91465377807617,61.596192501325085,59.3253292910987,60.912577535211696,7026354
2022-09-06,59.96965789794922,61.289746177475315,59.71821302522299,60.40968732445792,4589136
2022-09-07,59.44319152832031,59.89108027655022,59.11317126916232,59.3096151539978,4880758
2022-09-08,59.561058044433594,60.04823630230421,59.32532825376446,59.62392195970954,3803782
2022-09-09,62.389808654785156,62.46838764097997,59.270320739911426,59.875360229467596,13611183
2022-09-13,63.65489196777344,64.14207017012448,62.782696158035776,63.2070068553242,7838509
2022-09-14,64.3542251586914,64.66853390663995,63.285585487128365,63.64703587123326,8086933
2022-09-15,64.11849975585938,64.55067341443603,63.73347493054633,64.10278108013753,6634908
2022-09-16,63.59989547729492,64.42494975543427,63.23844504524594,63.8041951114753,7488673
2022-09-19,64.01634979248047,64.27565400157694,62.704124458235235,63.34845351335896,5574572
2022-09-20,63.474178314208984,64.31495131511868,63.04200460403084,64.31495131511868,4415931
2022-09-21,62.12265396118164,63.45059793436389,61.58833407546474,62.93985246587906,4804608
2022-09-22,61.28974914550781,62.07551755816138,61.038300663653686,61.29760488728061,3820425
2022-09-23,61.25831985473633,61.74549095401417,60.89686940122014,61.28975001617674,3466857
2022-09-26,62.625545501708984,63.17558407947283,60.951862544405174,61.03044153948638,6325357
2022-09-27,64.34637451171875,64.68425050753966,61.509754203073314,62.004788182259226,8303379
2022-09-28,65.21856689453125,66.2400649561159,63.764902386581326,64.33850813284319,8762374
2022-09-29,66.00434112548828,67.56015917651239,65.21857276174124,65.39929797468358,10453437
2022-09-30,65.07713317871094,65.96505495106771,64.58996211869976,65.96505495106771,5199094
2022-10-10,58.99530792236328,61.71405625345876,58.932447604105874,59.87536676577157,25576886
2022-10-11,57.71451187133789,59.15246509934495,56.96803296756439,58.107396072842576,14231898
2022-10-12,57.16447448730469,57.87951960375475,54.547872360651716,57.71450946895482,13504682
2022-10-13,59.207462310791016,59.5767756667923,56.18226458304983,56.575148759530265,12643195
2022-10-14,58.85386657714844,59.96179943141037,58.15453656830431,59.21532058855006,9349364
2022-10-17,59.498199462890625,59.993233476526555,58.14668099774913,58.93244938755064,7503628
2022-10-18,58.893157958984375,59.99323151048517,58.77529306407183,59.32532804134666,5674395
2022-10-19,55.81295394897461,58.75172049295069,55.58508350417618,58.170251776997766,12907509
2022-10-20,56.42585754394531,57.329487254639915,55.00361939013509,55.00361939013509,11373855
2022-10-21,55.325782775878906,56.7008720628591,55.23934803716767,56.21369738762862,8434543
2022-10-24,53.35350799560547,55.78152555463164,53.25135818003116,54.822891314054324,10659715
2022-10-25,54.32785415649414,55.44364272467442,53.70709955784481,54.02140472759169,9243621
2022-10-26,53.32994079589844,54.673599972202524,52.98420182833985,53.78568173085067,10453708
2022-10-27,50.03757858276367,52.06485632836319,50.03757858276367,51.129792857619144,17203095
2022-10-28,48.48175811767578,50.006146023089414,48.167452927579156,48.874642303009935,14001828
2022-10-31,46.894508361816406,48.01815262070072,46.72163890754166,47.53883375119822,10225803
2022-11-01,50.38331604003906,50.45403210130023,47.342399512515584,47.342399512515584,15526014
2022-11-02,51.86055374145508,52.410588718517104,50.39117042626022,50.77619526989874,14056905
2022-11-03,52.15914535522461,52.40273449022649,51.310516648900204,52.151289613713935,7444683
2022-11-04,54.846458435058594,54.987897738451345,51.781971368456865,51.978415245052446,15789474
2022-11-07,57.054466247558594,58.39812895935377,53.432084577427304,53.73853403094114,18468554
2022-11-08,55.60080337524414,57.28234215789896,55.207919171062144,57.04661235478004,6754050
2022-11-09,54.39072036743164,55.46721948604714,54.06069650814191,55.435785730487716,6036733
2022-11-10,55.54579544067383,56.00939927718268,53.824967262443806,54.099986548456705,8215092
2022-11-11,56.7322998046875,57.80094318680499,55.750094754547995,57.203759379778816,11687361
2022-11-14,57.125186920166016,58.14668151973651,56.810881719594626,57.87166581809328,10403730
2022-11-15,57.10947036743164,57.903094485438515,56.74801993563714,56.96803105249828,8375986
2022-11-16,57.5809326171875,58.49242167413629,56.96803368673703,56.96803368673703,7935039
2022-11-17,57.62807846069336,58.115253155261854,56.85016937836501,57.58093321869345,4718671
2022-11-18,56.49657440185547,57.934527656264336,56.48086291821423,57.934527656264336,8171456
2022-11-21,56.65372848510742,56.70873306534697,55.00361985353195,56.339423278076836,6939199
2022-11-22,55.844383239746094,57.66736115762419,55.522218728659794,57.235191094849164,5300809
2022-11-23,55.3964958190918,56.49656567852499,55.3964958190918,56.18226051825133,5513551
2022-11-24,55.12147903442383,56.575147210339836,54.94861316682296,56.22155254027521,4995814
2022-11-25,55.027191162109375,55.49865074447961,54.807176450539856,55.12148163980296,3835141
2022-11-28,55.15291213989258,55.23149113540737,52.921338448125674,53.479232770305195,8663298
2022-11-29,55.435787200927734,56.48085978560664,55.20005740816134,55.65580551092429,11007981
2022-11-30,55.28649139404297,55.76581031140036,54.86218065038862,55.76581031140036,6681948
2022-12-01,58.22525405883789,58.85386439025079,56.73229642859273,56.968026202110295,17038987
2022-12-02,59.207462310791016,59.325327204040036,57.64378853994748,57.72236753341422,11164461
2022-12-05,60.118953704833984,60.48826707561946,59.458913153777864,60.354683500768665,10124632
2022-12-06,62.869140625,63.25416548594199,59.623924402722245,59.71035914243596,13917492
2022-12-07,64.27565002441406,65.05356260356885,62.271946923227354,63.02628508594075,13362457
2022-12-08,62.86127853393555,64.11850655054118,62.49197234520872,64.0792206479263,7498250
2022-12-09,63.0184326171875,63.31702272387714,61.336893936318006,62.672693675166975,9705801
2022-12-12,62.66483688354492,63.21486825237386,61.77691512571122,62.76698309984671,5708186
2022-12-13,63.22273635864258,63.77276777246082,61.7454900177321,62.85342297493928,6673663
2022-12-14,64.11849975585938,64.23636464511647,62.46839130626005,63.254159632607994,6152692
2022-12-15,62.95556640625,63.977064577007,62.429109434989265,63.96920883559028,4939846
2022-12-16,63.482032775878906,63.51346293653961,62.59411814788451,62.97128726971555,5278258
2022-12-19,62.924129486083984,63.63131879126524,62.70411839273724,63.47416801030327,3412755
2022-12-20,61.22688674926758,62.88485106571224,60.58255767986669,62.69627010613746,5194957
2022-12-21,61.49404525756836,62.02050941636232,61.1640249891325,61.90264452092792,4255820
2022-12-22,61.596195220947266,62.452679700243586,61.1718844491501,62.00479450914597,4578470
2022-12-23,63.30915832519531,63.63132284210288,60.66113332637752,61.40760857584526,7051287
2022-12-26,62.49982452392578,64.82569226540532,62.38981537019236,63.317023047827256,4607593
2022-12-27,62.609832763671875,63.47417291662542,62.4055331356789,63.2227316476508,4445299
2022-12-28,63.10486602783203,63.183437826530934,62.08336789962743,62.86913624393113,6169057
2022-12-29,61.941925048828125,62.85341397405518,61.289740309846145,62.633402878814984,5229375
2022-12-30,62.54697036743164,62.861271943202865,61.5411837432579,61.94192724474364,5657314
2023-01-03,61.04616165161133,62.04408541761016,60.50397880243506,62.04408541761016,7218276
2023-01-04,60.50397491455078,61.211164259762036,60.50397491455078,60.88899974512788,4692546
2023-01-05,62.82984924316406,63.246304275918185,60.6061347565574,61.71406053198372,9614852
2023-01-06,62.31124496459961,62.7827045552677,61.714057540891574,62.58626066118851,6336274
2023-01-09,63.04199981689453,63.54488955332238,61.79263481402744,63.324878440967424,8364470
2023-01-10,62.9791374206543,63.246297359505384,62.264092336720665,62.9791374206543,6117836
2023-01-11,61.99693298339844,63.17558189943263,61.918353991028795,62.97913801545957,4827877
2023-01-12,62.07551193237305,62.56268298057884,61.63548252443442,62.54697149845714,4737543
2023-01-13,64.6763916015625,64.6763916015625,62.0755083952404,62.11479429220816,13629327
2023-01-16,66.85297393798828,67.57587483442389,64.70783128008647,64.70783128008647,11889490
2023-01-17,66.397216796875,66.79010454662513,65.88647135488192,66.61723508775935,7410631
2023-01-18,65.26571655273438,66.77438565164282,65.02213104054383,66.24006579539827,8155944
2023-01-19,63.372032165527344,65.36001684695827,62.94771419668123,65.26572636296007,13465884
2023-01-20,62.65697479248047,63.7884820915765,62.24051979273688,63.5527523035026,10149805
2023-01-30,63.089149475097656,65.15571302432814,62.70412462802781,65.15571302432814,12092534
2023-01-31,62.34267044067383,63.95348579183672,62.311240283250754,63.67847011590933,8205360
2023-02-01,62.264095306396484,62.67269457210435,61.5333315117229,62.37410446114145,6380962
2023-02-02,62.766990661621094,62.774846403690226,61.69049501764193,62.42911461971539,7289054
2023-02-03,61.75334930419922,62.350529521125274,61.28974546500027,62.248376108602386,7415016
2023-02-06,61.761207580566406,61.761207580566406,60.606132999710375,61.266173561941656,5838646
2023-02-07,61.39189147949219,62.08336936534091,61.21116626675507,62.05979494761383,4289726
2023-02-08,60.73971176147461,61.91836080725939,60.6454212765924,61.3918966076218,5665480
2023-02-09,61.1483039855957,61.35260360950089,60.51969363183469,60.63755852278376,4974331
2023-02-10,61.054019927978516,61.17974057316269,60.50398131444354,61.054019927978516,5859960
2023-02-13,61.973358154296875,62.004788312255364,60.40182867466621,60.40182867466621,10135066
2023-02-14,61.973358154296875,62.21694367695069,61.439038275100486,61.99693257124125,4450869
2023-02-15,61.32903289794922,62.114801283052095,61.06187294191668,61.918357388300755,4437295
2023-02-16,61.33689498901367,62.43696495789266,60.94400720491931,61.77691722144337,7850482
2023-02-17,61.52547836303711,62.86127817729386,61.14830924080501,61.297604302577746,10735828
2023-02-20,62.696266174316406,62.939851696967,60.975434452028146,61.28974322551093,7694214
2023-02-21,63.33272933959961,63.72561708675967,62.45267056966737,62.69626327495515,8432786
2023-02-22,63.403465270996094,63.88278064900437,63.04987054415658,63.324886267064045,6505821
2023-02-23,63.2305908203125,64.39352114023596,62.92413776474095,63.40346029906516,5413778
2023-02-24,62.66483688354492,63.47417245454288,62.57053921446373,62.86127357502578,5430010
2023-02-27,64.08706665039062,64.23636169032208,62.319093392858825,62.37409796450225,9671618
2023-02-28,64.5742416381836,64.98284088646247,63.804191975620334,64.19707974183575,7293310
2023-03-01,64.5899658203125,64.88070020229168,64.17351079549994,64.43281501677077,5783955
2023-03-02,64.11849975585938,64.82568909140194,63.647040198831,63.647040198831,4153374
2023-03-03,63.55275344848633,64.98284368515168,63.49774887109115,64.90427188364629,4868059
2023-03-06,63.23844528198242,63.55275407279865,62.63340931249653,63.395596080439326,4948017
2023-03-07,61.13259506225586,63.089149456341175,61.054016067033544,62.93985440115041,7951994
2023-03-08,60.73971176147461,61.132599572671445,60.527556372013926,61.132599572671445,4864615
2023-03-09,59.105316162109375,61.061870514743624,59.02673716855182,60.77899908696034,8657605
2023-03-10,59.128883361816406,59.67106255757803,58.759573624954314,58.85386409510813,5112536
2023-03-13,60.23681640625,60.606129763568376,59.23889627761351,59.23889627761351,5414484
2023-03-14,59.60820770263672,60.61398719751637,59.12103303499494,60.2368180884609,3831518
2023-03-15,59.011024475097656,60.49612291118582,58.956023493724935,60.488267169683105,4267839
2023-03-16,59.27818298339844,59.60034751006788,58.78315258142803,59.01888237197141,3377815
2023-03-17,58.7517204284668,60.29181975604435,58.53956146600695,59.52177009225557,6205418
2023-03-20,58.555274963378906,59.01101943711622,58.130964243822554,58.76743392010801,3721587
2023-03-21,58.77529525756836,59.293900095147684,58.5788549577,58.924590317102464,4688574
2023-03-22,59.011024475097656,59.4667689877435,58.476704562668466,59.38819358796016,5748408
2023-03-23,58.759578704833984,59.003167835883076,58.38240959770997,58.54742333017121,4169736
2023-03-24,58.88530349731445,59.14460411358615,58.138824614329806,58.138824614329806,3697357
2023-03-27,58.22525405883789,59.4039029264257,58.06809967750922,59.4039029264257,5473177
2023-03-28,58.88530349731445,59.28604342933522,58.256689511803636,58.256689511803636,4259329
2023-03-29,58.82243728637695,59.82822034335135,58.54742160096653,59.79678658789343,3326166
2023-03-30,59.55320358276367,59.67106848063086,58.82243977720667,59.073888249811134,4804310
2023-03-31,60.14252853393555,60.44111865163829,59.58463420015332,59.74964433904424,4797372
2023-04-03,60.661136627197266,60.88114774652185,60.071808539677086,60.65327369179453,4779684
2023-04-04,61.572628021240234,61.627625407760576,60.252539672794285,60.503980961696705,5454670
2023-04-06,60.252532958984375,61.55690248457947,60.0089438420757,61.55690248457947,3565866
2023-04-07,60.22896194458008,60.833997908188664,59.95394265452521,60.126812128099765,2078884
2023-04-10,59.482479095458984,60.205383503890616,59.262464397505795,60.11109303203251,3781851
2023-04-11,58.99530792236328,59.82822152707851,58.28811855111401,58.28811855111401,4589288
2023-04-12,58.366695404052734,59.325326013153564,58.2252560962127,59.24675061821522,5154789
2023-04-13,57.903099060058594,58.40598884651714,57.25876994749231,58.2645495204094,4241560
2023-04-14,57.4552116394043,58.28812169205091,57.28234215792997,58.08382204975421,4063508
2023-04-17,57.910953521728516,57.97381744135957,56.81088348702889,56.81088348702889,4440723
2023-04-18,58.49241638183594,58.52384653999713,57.81665719051719,57.91094766500077,5595482
2023-04-19,57.549503326416016,58.539567800848396,57.282343356882784,58.500278300522425,3956034
2023-04-20,56.6065788269043,57.73022318154704,56.57514866834869,57.54949797137677,4876310
2023-04-21,55.93867492675781,56.960169393873066,55.828665782804165,56.606574740223465,5470668
2023-04-24,55.160770416259766,55.78938078656882,55.01147536338758,55.78938078656882,3891660
2023-04-25,55.59294509887695,56.150839456512614,55.00362057981836,55.31792579099914,5303700
2023-04-26,53.77782440185547,55.01147797740535,52.261295786529836,55.01147797740535,11883466
2023-04-27,54.587158203125,55.0821885743778,53.68352859443108,53.966403606139956,6836175
2023-04-28,55.475074768066406,55.67937439428074,54.217850449383235,54.217850449383235,4936119
2023-05-04,54.4378662109375,57.046608970912516,54.3200013163695,57.00731947373947,6473523
2023-05-05,54.50072479248047,54.96432501776729,54.07641046616394,54.67359425819295,3433910
2023-05-08,54.13142013549805,54.980048867997546,53.903546073440204,54.49287058296726,4893307
2023-05-09,53.714962005615234,54.45358153530292,53.47137287716871,53.98212195491068,5968668
2023-05-10,53.5263786315918,54.50858731133355,52.99991446271851,54.50858731133355,6902872
2023-05-11,52.98419952392578,53.644243672143176,52.92133920417685,53.52637877413833,4761310
2023-05-12,52.69346618652344,53.581384406729335,52.68561044487586,52.99991564675638,3895033
2023-05-15,52.96062469482422,53.03920369085221,51.95484519883653,52.4498792053983,7562185
2023-05-16,52.24557876586914,53.00777271449962,51.55410447379376,52.97634255535317,8288386
2023-05-17,50.886199951171875,52.48915950291974,50.619040025880565,52.22985891517268,10425591
2023-05-18,50.58761215209961,51.530531270707606,50.03757360161095,50.839053413647356,9179241
2023-05-19,50.8469123840332,51.27908244462122,50.155438128921794,50.383312165978886,6843002
2023-05-22,52.11199951171875,52.47345354080407,50.57975585195616,51.294804571755925,9554089
2023-05-23,51.31837463378906,52.33201345156547,51.31837463378906,52.009848925198085,4483849
2023-05-24,50.60332107543945,51.671964367740614,50.60332107543945,51.09835502645962,4829474
2023-05-25,50.27330780029297,50.917636880498634,50.076867498966166,50.265452058654574,4781932
2023-05-26,50.38331604003906,50.88620579206979,50.13186756707246,50.28902196343878,3794090
2023-05-29,49.71541213989258,50.9176355286552,49.30681287090774,50.42260152223501,7871306
2023-05-30,48.6624870300293,50.07686578382259,48.40318281972006,50.07686578382259,7575597
2023-05-31,47.53883743286133,48.65462603766442,47.53883743286133,48.63105521740654,11117755
2023-06-01,47.92450714111328,49.08150621968162,47.61852493866752,47.64721327786877,10258825
2023-06-02,48.60340881347656,48.88070267809641,47.76195592877944,48.19224454297658,8577245
2023-06-05,47.542030334472656,48.61296802326883,47.475096956897616,48.61296802326883,8548083
2023-06-06,47.28385543823242,48.240050680066865,47.23604640565977,47.542028591239166,7945329
2023-06-07,47.14042663574219,48.240052668209415,46.98743553664719,47.43684848606179,7203856
2023-06-08,47.12130355834961,47.35079203695522,46.471090457828595,47.130867554072466,6037855
2023-06-09,46.61452102661133,47.48465860653758,46.61452102661133,47.23604943267105,6349625
2023-06-12,47.255165100097656,47.59939595620054,46.1364184653585,46.61451606603579,8297237
2023-06-13,47.8193244934082,48.43129253845112,47.33166650406592,47.34122685195299,10110894
2023-06-14,48.04881286621094,48.53647085453792,47.742830668124306,48.067937209540794,10150903
2023-06-15,48.84245681762695,49.100626334211775,48.02012829044409,48.383479871798194,9190140
2023-06-16,48.81376647949219,49.24405506883605,48.335668857464654,48.93807288254605,9236910
2023-06-19,48.201805114746094,49.224933797921494,48.16355642717425,48.7850848336321,7068228
2023-06-20,48.0201301574707,48.36436105642824,47.90538409275441,48.20180595521133,4177304
2023-06-21,47.47509765625,48.09662240683038,47.37947593859455,47.78107985755631,5567826
2023-06-26,46.51890182495117,47.32210600594989,46.27985300498245,46.85356871386917,6799619
2023-06-27,45.89737319946289,46.98743522933485,45.64876403290782,46.53802228285955,9865030
2023-06-28,45.86868667602539,46.13642017509595,45.32365568286298,45.906931713324504,8454824
2023-06-29,45.03679275512695,45.84956086899281,45.03679275512695,45.77306350164745,8558237
2023-06-30,44.79774856567383,45.12285511517214,44.185784154287724,44.826436905179534,8947182
2023-07-03,46.15554428100586,46.30853537220433,44.7403757755212,44.79774515497354,12215498
2023-07-04,46.72926330566406,46.805760680536125,45.753943661618834,46.193796271942006,7569433
2023-07-05,45.543582916259766,46.73882703485448,45.42883685460586,46.7292630392522,7837020
2023-07-06,44.654319763183594,45.992990950367854,44.55869804778763,45.2280354651775,8856398
2023-07-07,43.7841796875,44.73081090590707,43.77461569271473,44.4630774134437,9700662
2023-07-10,44.013671875,44.94118255452622,43.72681399246901,43.784187028013555,11960576
2023-07-11,43.11484909057617,44.12841748912546,42.914048939643415,43.984986725547294,17131944
2023-07-12,42.321197509765625,43.11484126841084,42.16820642525025,43.11484126841084,14652680
2023-07-13,43.36345672607422,43.42082975896847,42.244709941604135,42.32120367120076,15123949
2023-07-14,43.12440490722656,43.49732412381968,42.933168772680915,43.363453723004085,9357441
2023-07-17,43.028785705566406,43.028785705566406,42.45507002186366,42.741927863715034,6517919
2023-07-18,42.50288009643555,43.1722175088982,42.41682237701041,43.14352917069286,9174582
2023-07-19,42.263832092285156,42.62718731989813,41.97697423789408,42.21602305781923,9665066
2023-07-20,42.17777633666992,42.73236772799025,42.11084295577946,42.46463420442842,7021569
2023-07-21,42.8279914855957,43.42083159350099,41.948289848694955,41.97697819015202,11725745
2023-07-24,41.83354568481445,42.617625563556466,41.49887877837423,42.263834312805976,12514162
2023-07-25,42.91404342651367,43.439950079411105,42.560248561164805,42.66543062126337,19687522
2023-07-26,43.16265106201172,43.17221505673542,42.74192648404995,42.75148683117841,11013080
2023-07-27,42.761051177978516,43.30608215866925,42.64630512592079,43.16265141739473,15126336
2023-07-28,43.745933532714844,44.11884910380468,42.244707253017296,42.493316417878695,25544626
2023-07-31,44.27184295654297,44.78818930908199,43.822433632751476,44.31009164508564,27493516
2023-08-01,44.03278732299805,45.13241323937366,43.85111155187652,44.52044890760102,21661426
2023-08-02,43.841552734375,44.32921437656267,43.650316593810615,43.97542313940387,9932677
2023-08-03,44.28140640258789,44.348339782908546,43.50688688339737,43.50688688339737,11206855
2023-08-04,44.013671875,44.84556447621452,43.984987181025666,44.46308486777595,12149338
2023-08-07,43.602500915527344,43.98498046557043,43.325207071721195,43.93717143371388,10018460
2023-08-08,43.73637390136719,43.83199197074267,43.2200275725103,43.29652129849158,6816831
2023-08-09,44.21446990966797,44.443954726727654,43.411265754768266,43.73637228526565,9283313
2023-08-10,44.08060073852539,44.28140451853937,43.46863634586213,44.061480042900726,7731452
2023-08-11,42.38813400268555,44.109284594017225,42.35944566697334,44.08059625830502,14626818
2023-08-14,41.412818908691406,41.8526678622677,40.762605826189265,41.594494698839306,17442281
2023-08-15,40.858219146728516,41.690107922698,40.54267663760702,41.690107922698,10364699
2023-08-16,40.62873840332031,41.0303386636611,40.542680683590795,40.57136537430215,7427002
2023-08-17,40.858219146728516,40.95384085221616,39.882899636325114,40.351436874226835,12749545
2023-08-18,39.538673400878906,40.781730183958764,39.47174002303252,40.781730183958764,12081279
2023-08-21,38.821529388427734,39.653421961428094,38.821529388427734,39.53867589423068,13034690
2023-08-22,38.71635055541992,39.27094195062563,38.15219516425105,38.86934166246933,15421643
2023-08-23,38.085262298583984,38.75459612124091,38.05657395790171,38.716351079657485,11035245
2023-08-24,38.51554489135742,38.725909021172136,37.78883808009968,38.171314005331716,12865543
2023-08-25,38.32430648803711,38.77371576481999,38.16175140253199,38.32430648803711,8887682
2023-08-28,38.0756950378418,40.13151631000771,37.932264289515636,39.75860074147423,19643331
2023-08-29,38.2478141784668,38.51554771048541,37.82708953563815,37.86533457764381,17942688
2023-08-30,38.0756950378418,38.7928414842817,37.807961531734776,38.13306806669135,21186781
2023-08-31,37.387229919433594,38.400798119043024,37.2342388371902,37.92270053108303,18711944
2023-09-01,37.72190475463867,37.99920226294588,37.48285593318671,37.607162341668484,9439763
2023-09-04,38.28605651855469,38.37211423208791,37.549785780013806,38.08525640284223,19567682
2023-09-05,38.238250732421875,38.47729955167344,38.027886604249936,38.12350467291236,10026947
2023-09-06,38.32430648803711,38.43904889406728,37.80796018950836,38.06613333877274,10398447
2023-09-07,37.40635681152344,38.3912403902481,37.39679646405414,38.3434277101155,10045121
2023-09-08,36.775272369384766,37.329867424494616,36.63184525511538,37.329867424494616,9449648
2023-09-11,37.3203010559082,37.53066518724564,36.37366976008087,36.52666086080022,10171414
2023-09-12,37.482852935791016,37.57847099768728,37.052564362067315,37.29161316440323,8264739
2023-09-13,37.626285552978516,37.989640807204104,37.24380960164255,37.77927666303206,10987181
2023-09-14,37.31074142456055,37.79839942759625,37.07169259712046,37.67409666359626,11021304
2023-09-15,37.36811447143555,37.96095454240062,37.119501648143476,37.31074143969223,11883657
2023-09-18,37.34899139404297,37.79840072468725,36.928263108849485,37.29161836035411,10700180
2023-09-19,37.24380874633789,37.32986647174143,36.53622259884261,37.29161778320748,9861510
2023-09-20,36.976070404052734,37.3585499820969,36.77527026699756,37.21511922843144,6903578
2023-09-21,36.163307189941406,37.004760104021756,36.163307189941406,36.90913838219687,11249237
2023-09-22,37.57847213745117,37.57847213745117,35.95293950274509,36.15374327497008,16075542
2023-09-25,36.72746276855469,37.62628507269674,36.71790242012153,37.57847603533948,13009854
2023-09-26,36.30673599243164,37.47329175506761,36.201553927890046,36.61271819059146,13193900
2023-09-27,37.3203010559082,38.008762832943034,36.28761203795152,36.4214787951315,21636623
2023-09-28,36.32585906982422,37.52110312960581,36.22067700894817,37.415921068729766,18750158
2023-10-09,36.3449821472168,36.56491027851629,35.76170607179127,36.31629745513236,14104291
2023-10-10,36.59359359741211,37.463731151412325,36.47885118578447,36.66052697482785,18470784
2023-10-11,38.592041015625,38.95539623328877,36.79439291768336,37.176872478128956,39870928
2023-10-12,38.35299301147461,38.97451775081829,38.07569550668048,38.94583305983804,15821646
2023-10-13,37.215118408203125,38.180877680061116,37.01431827557362,38.180877680061116,15188396
2023-10-16,34.279598236083984,37.19599666518186,34.231789203127306,37.19599666518186,48140882
2023-10-17,34.88200378417969,35.45572314743918,34.5855819307825,34.5855819307825,31784716
2023-10-18,34.88200378417969,35.14973729847678,34.614270269882596,34.690763996426526,13307353
2023-10-19,33.87800216674805,34.75770015411669,33.82062913155606,34.66208207639257,16536506
2023-10-20,33.55289077758789,34.07879742474099,33.466833060955906,33.94493067611242,12897018
2023-10-23,33.53377151489258,34.088366583328735,33.05567382731487,33.52421116608321,12381568
2023-10-24,33.07479476928711,33.696323158224104,32.79749726360165,33.53376806442398,15651922
2023-10-25,33.514644622802734,34.17442171598295,33.14172903844641,33.36165352030794,14310912
2023-10-26,33.71544647216797,33.80150419966397,33.189539758623866,33.39033990691594,9313911
2023-10-27,35.69477081298828,35.857322256371354,33.447709763031746,33.71544326864878,26647483
2023-10-30,36.211116790771484,36.3354232072811,35.19755205681915,35.33141882186223,16578599
2023-10-31,36.00075149536133,36.17286692678484,35.388783490524794,36.15374258467164,14935496
2023-11-01,35.52265548706055,36.47885075026438,35.398349081517324,36.335420001745625,11651623
2023-11-02,35.245361328125,35.72345900507168,35.12105491079203,35.66608597070359,10364495
2023-11-03,35.886009216308594,36.33542218423901,35.09236899692891,35.216675409938624,10074237
2023-11-06,36.278045654296875,36.316294338857794,35.75213900816789,35.88600575653577,12090932
2023-11-07,36.4310417175293,36.650969859975575,35.92425934450849,36.105935149577356,10402302
2023-11-08,36.35454559326172,36.641403452555465,36.115496769250996,36.34498159764776,10134434
2023-11-09,36.82307434082031,37.10037181515955,36.125052305397304,36.23979835190705,12622378
2023-11-10,36.67965316772461,36.84220462176133,36.45972868118309,36.58403144688329,6541115
2023-11-13,36.574466705322266,36.91869756381112,36.287608872446626,36.67964876181556,7083765
2023-11-14,36.67008590698242,37.148183525835364,36.536219157318854,36.641401217081764,7383769
2023-11-15,37.4350471496582,37.4350471496582,36.83264309422952,36.92826116441382,12748334
2023-11-16,36.67008590698242,37.30117461796449,36.545783152349316,37.30117461796449,9053944
2023-11-17,36.4310417175293,36.9951971252225,36.06769010739158,36.9951971252225,8481900
2023-11-20,36.72746276855469,37.15775139996153,35.96250722805127,36.43104090078648,8690213
2023-11-21,36.55534362792969,37.26292971125445,36.478849905394654,36.956947525923574,9120098
2023-11-22,36.335418701171875,36.689209914567115,36.25892133200786,36.47884944455674,7274811
2023-11-23,36.24936294555664,36.43103873575587,35.87644736969765,36.27804763674717,6269128
2023-11-24,36.3162956237793,36.60315347294497,36.20155321363212,36.364104657374334,7387913
2023-11-27,35.84776306152344,36.29717236789074,35.47484383408446,36.29717236789074,10057355
2023-11-28,36.3162956237793,36.41191733856483,35.66608255361954,35.83819799263803,8713739
2023-11-29,36.15374755859375,36.48841447262898,35.93382306542835,36.47885412405474,6502329
2023-11-30,36.44060516357422,36.698778344308245,35.79039203748757,36.316298747458774,11985414
2023-12-01,35.68520736694336,36.51709623476757,35.1879853862911,36.344980793480424,15950749
2023-12-04,35.140174865722656,35.79038791695046,35.025432458916384,35.70433019994692,9120810
2023-12-05,35.09236526489258,35.866881057779075,34.94893452301233,35.111489606982964,12445126
2023-12-06,34.80550765991211,35.37922333605322,34.795943665005744,35.006307781801965,9660533
2023-12-07,34.79594421386719,34.996744338924415,34.35609527871459,34.59514408880997,7674042
2023-12-08,34.75769805908203,35.264484053741526,34.62383129929879,34.70988902310168,6089616
2023-12-11,35.111488342285156,35.26447942590229,33.887556025752964,34.66207543833696,11964767
2023-12-12,34.96806335449219,34.99674804751282,34.55689906574963,34.92981466540084,7324261
2023-12-13,33.466835021972656,34.94893698628376,33.466835021972656,34.81507022981116,15294671
2023-12-14,33.304283142089844,34.05011428853055,33.25647046031657,33.705883406297765,7361322
2023-12-15,33.170413970947266,33.78238203296196,33.093920242942694,33.514644865956896,8629844
2023-12-18,33.03654861450195,33.371219175574836,32.84530881497399,32.969615231806536,7062391
2023-12-19,32.83574295043945,33.17997380224434,32.60625450003781,33.0652314008411,7571813
2023-12-20,32.47239303588867,33.084357472981225,32.47239303588867,32.83574828826079,8770000
2023-12-21,33.64850616455078,33.906679293906826,32.223777427387276,32.30027114297701,18830791
2023-12-22,34.25091552734375,34.50908869736038,33.36165360204055,33.89712428588197,16567755
2023-12-25,34.70988845825195,34.939376933856956,33.93537260422567,34.250915154637525,12309834
2023-12-26,34.6142692565918,34.70032697618171,34.18398065864224,34.70032697618171,6035085
2023-12-27,34.690765380859375,34.85332048359523,34.241356056439386,34.56646261431539,7559401
2023-12-28,36.20155334472656,36.58402926246734,34.6620783832616,34.929811890439694,18377006
2023-12-29,36.2876091003418,36.48840921985629,36.04856029684494,36.26848475835062,8673850
2024-01-02,35.58959197998047,36.364107876532806,35.5035342528529,36.287614145528174,9173511
2024-01-03,35.427032470703125,35.85732105285646,35.19754765861822,35.51309018713379,6730273
2024-01-04,34.24135208129883,35.417471762125295,34.00230327671795,35.417471762125295,11610779
2024-01-05,33.41902542114258,34.432590073036856,33.199100946720314,34.24135393708392,13088690
2024-01-08,32.99829864501953,33.54333332918997,32.845307540851095,33.39990257320896,8961089
2024-01-09,33.09391784667969,33.54333077680071,32.682753601589255,32.99829613410321,8039805
2024-01-10,33.29471969604492,33.83019037141934,32.7018796377488,32.84530674264862,9208188
2024-01-11,33.332969665527344,33.56245450123459,32.74968993274489,33.17997855919061,9406051
2024-01-12,33.02698516845703,33.47639446046404,32.80706069628435,33.06523385429457,7288921
2024-01-15,32.80705642700195,33.323399028233695,32.62537701671386,32.797492432989436,8798951
2024-01-16,32.8548698425293,32.92180321917696,32.41502089667454,32.70187874624958,9647861
2024-01-17,32.22378158569336,32.86443067086048,32.22378158569336,32.85487032302619,10249951
2024-01-18,33.17997360229492,33.27559166162221,31.573565401949455,32.271587448305084,17007670
2024-01-19,33.466835021972656,33.67719915219848,32.87399496576732,32.89311930920562,14990096
2024-01-22,33.65807342529297,33.753691490958715,32.98873602284657,33.52420667432276,14655027
2024-01-23,33.61982727050781,33.86843644850847,32.998298854112676,33.2755963720487,11962844
2024-01-24,34.06924057006836,34.509089545681626,33.39033911477448,34.1170496069662,12431984
2024-01-25,34.25091552734375,34.46127966163781,33.84931525015939,34.44215531782966,9901315
2024-01-26,34.11704635620117,34.21266442088611,33.677197422497905,33.925806579235946,9755777
2024-01-29,33.56245422363281,34.270040364334925,33.32340539398415,33.89712477369833,8918031
2024-01-30,33.457271575927734,33.65807169204267,32.88355226869123,33.37121386222202,10097882
2024-01-31,32.44370651245117,33.49551987341613,32.37677313389498,33.380777459833446,10208091
2024-02-01,32.89311981201172,33.151289333386394,32.376773474071165,32.60625830364768,9898011
2024-02-02,33.12260437011719,33.543332633551856,32.03254231957384,33.04611064341716,10598248
2024-02-05,33.56245422363281,33.75369401687087,32.17597392974715,32.77837435419288,15523749
2024-02-06,35.17842102050781,35.1879813672227,33.22778200711344,33.466830798531525,18093796
2024-02-07,35.886009216308594,35.886009216308594,34.91068955154648,35.28360879057562,17084100
2024-02-08,35.72345733642578,36.27804871902911,35.33141740554555,35.857324096102595,13093997
2024-02-19,36.125057220458984,36.57447017811345,35.866884052078476,36.31629700973294,14037468
2024-02-20,36.15374755859375,36.555347855436025,35.85732568645127,36.31629901752635,9675195
2024-02-21,37.865333557128906,38.20000411072821,35.77126710042987,35.838200481630594,26134438
2024-02-22,39.471736907958984,39.55779462234068,37.62627986990341,37.960950380318984,19590000
2024-02-23,39.66297912597656,39.911591937351304,38.91714798704326,39.48130333889153,15120349
2024-02-26,38.45817947387695,39.662984051589504,38.43905512850426,39.47174424545846,13637350
2024-02-27,38.52511215209961,38.55379684583445,37.960956740540794,38.15219654316335,9487893
2024-02-28,38.63985061645508,39.567361193225054,38.26693504571946,38.525108205673845,12652941
2024-02-29,38.87889862060547,39.2040051506857,38.56335608565443,38.63984980871104,8731601
2024-03-01,38.6207275390625,38.936273738546255,38.34343002695779,38.725909605557085,9673626
2024-03-04,38.209564208984375,38.53467076451529,37.74103054364598,38.486861727912796,8891969
2024-03-05,39.14663314819336,39.184881834521335,37.980077395954,38.14262884145466,11922092
2024-03-06,38.2478141784668,39.41437367814069,38.2478141784668,39.14663649852628,8343862
2024-03-07,37.63584899902344,38.53467130150085,37.578475965743536,38.2478134302928,8740237
2024-03-08,37.40635681152344,38.027885177293506,37.15774765377264,37.654969616869614,6046807
2024-03-11,38.2478141784668,38.43905397887829,37.44460993481516,37.473294628218355,8904882
2024-03-12,40.322750091552734,40.44705648967598,38.19043521959974,38.24780824510168,19510221
2024-03-13,39.90203094482422,40.73391986605208,39.433497272705665,40.25582219791721,11630456
2024-03-14,39.41436767578125,40.16019877144911,39.32830996108147,39.86377694357317,6331144
2024-03-15,39.204002380371094,39.854215394584855,38.77371381984799,39.30918443378731,8279168
2024-03-18,39.34743881225586,39.56736329778229,38.77371943264304,39.19444770721157,8219841
2024-03-19,38.92670822143555,39.48130322396837,38.70678374899526,39.184881379759915,7046188
2024-03-20,38.80241012573242,39.01277062817833,38.582481979272785,38.91715254957527,5098344
2024-03-21,38.99364471435547,39.3952486530441,38.716350838522835,39.13707547408621,6887130
2024-03-22,38.085262298583984,38.98408460872025,37.683658357394066,38.88846288577229,9398224
2024-03-25,37.894020080566406,38.70678461194842,37.65497125985458,38.25737166177961,6080061
2024-03-26,39.204002380371094,39.204002380371094,38.11394045877599,38.34342525932489,8680440
2024-03-27,38.295616149902344,39.10838423977049,38.24780712052072,38.850211103995555,7095225
2024-03-28,37.84621047973633,38.4390505249056,37.22468209614587,37.70277973041684,12640965
2024-03-29,37.68365478515625,38.247810130484716,37.48285465739411,37.81752153699768,2213968
2024-04-01,38.0470085144043,38.58247550082368,37.65496862180642,37.664528969023074,8016301
2024-04-02,37.0908203125,38.142633789805636,36.90914085267007,38.06614005482143,9806806
2024-04-03,36.861324310302734,37.39679493659655,36.717897218549275,36.91869733556125,6492122
2024-04-08,36.211116790771484,36.85176957038651,36.15374740437918,36.81352088106112,8354239
2024-04-09,36.278045654296875,36.52665845634752,35.72345431854486,36.29716999657733,8073977
2024-04-10,35.76170349121094,36.31629483453247,35.58002406086453,36.27804614944951,6440697
2024-04-11,35.27404022216797,35.66608010690583,35.0445554176164,35.37922227741877,7124338
2024-04-12,34.576019287109375,35.68520560531771,34.42302819658392,35.28360536053665,9684276
2024-04-15,35.23579406738281,35.39834915923399,34.442153893930836,34.51864761840545,9607751
2024-04-16,34.93937683105469,35.895572122670224,34.824630769792016,35.10192827978346,11435915
2024-04-17,35.63739776611328,35.71389149013833,34.76726022570517,34.96806035481578,8869848
2024-04-18,36.02943801879883,36.76570881345782,35.26448253330749,35.57046472750403,10742881
2024-04-19,35.5609016418457,36.029438940467244,35.10192833880991,35.895572183031256,7246768
2024-04-22,36.335418701171875,36.555343166125425,35.27404141339081,35.55133890521737,9112930
2024-04-23,36.30673599243164,36.76570928967136,36.010314142141276,36.62227853846091,6297066
2024-04-24,36.05812454223633,36.76571068202509,35.8764487450723,36.746586337966406,5910895
2024-04-25,36.392791748046875,36.50753415426063,35.59914795671301,36.05812122916337,6310757
2024-04-26,37.13862228393555,37.35854674559969,36.15374238004933,36.19198741646398,10245901
2024-04-29,37.836647033691406,38.60160253011112,37.31074035787757,37.48285580052145,14900399
2024-04-30,37.540225982666016,38.09482100913118,37.37767453203729,37.80796314781274,7982849
2024-05-06,37.941829681396484,38.62072746692637,37.60716278644389,38.16175416202184,11245702
2024-05-07,37.98963928222656,38.1521943819058,37.37767486657782,37.73146611045057,8239089
2024-05-08,37.3776741027832,38.018323197450485,37.243807345545,37.941829470855325,7409073
2024-05-09,37.22468185424805,37.55934873702477,37.014317729305276,37.36811260263547,9763016
2024-05-10,37.14818572998047,37.635847372798715,36.81351883596448,37.282056135182444,6980230
2024-05-13,36.947383880615234,37.119499317442575,36.48841059827413,36.91869919034248,6273493
2024-05-14,36.62228012084961,37.20555985116792,36.53622239592403,36.947386676391176,8423101
2024-05-15,36.23979949951172,36.81351515984789,36.201550816130585,36.60315104884686,5388410
2024-05-16,35.857322692871094,36.38322936284744,35.64695856584236,36.33542032877604,9896898
2024-05-17,36.335418701171875,36.373667385753876,35.599147937147215,35.85732108668277,10300262
2024-05-20,36.67008590698242,37.148183525835364,36.33541903282351,36.33541903282351,13006733
2024-05-21,37.25336837768555,37.25336837768555,36.18243065251639,36.62227961940427,8192001
2024-05-22,36.24936294555664,36.870891337051965,36.086811498682934,36.870891337051965,13508667
2024-05-23,35.46528244018555,36.125055858327926,35.379224720636934,36.04856213405997,10989346
2024-05-24,34.432594299316406,35.26448691271975,34.432594299316406,35.15930483647822,17869628
2024-05-27,34.62383270263672,34.652521043464205,34.03099260774158,34.442156899509634,11507571
2024-05-28,34.24135208129883,34.59514329075184,34.1552943657459,34.56645860143263,7350511
2024-05-29,34.423030853271484,34.595146299345494,34.24135505912475,34.24135505912475,5789907
2024-05-30,34.53777313232422,34.79594630042013,34.32741264719079,34.47083975329146,7558304
2024-05-31,34.231788635253906,34.88200168594549,34.231788635253906,34.79594396901292,7861163
2024-06-03,34.040550231933594,34.327411731675475,33.753692379787196,34.23179001589635,8337145
2024-06-04,34.45171356201172,34.59514430801591,33.95449159615134,34.011864624072096,7549310
2024-06-05,34.44215774536133,34.82463370569498,34.37522436111304,34.59514885901396,6310257
2024-06-06,34.17441940307617,34.73857473926816,34.08836168577247,34.46127724489007,7959279
2024-06-07,33.90668487548828,34.56646197498414,33.753693771529,34.37522218313613,7824887
2024-06-11,33.8015022277832,34.01186635996713,33.51464436872958,33.83019056700547,6068227
2024-06-12,33.97361755371094,34.22223037225651,33.75369307428712,33.75369307428712,6682905
2024-06-13,33.8588752746582,34.02143037167607,33.705884173250816,33.97361768881485,5781544
2024-06-14,34.36565399169922,34.489960388363336,33.533765193459786,33.84931135862365,10436326
2024-06-17,34.38478088378906,34.489962946645534,34.088362685843165,34.28916281624435,6724668
2024-06-18,34.44215774536133,34.729015627510535,34.21266925108444,34.45171809414143,6773446
2024-06-19,34.11098098754883,34.578521108771916,34.013574473328234,34.578521108771916,6074442
2024-06-20,33.77006149291992,34.29604548734441,33.72136009692025,34.0427959987391,6099494
2024-06-21,33.458370208740234,33.84798883265372,33.117456699574866,33.760324828057115,10777561
2024-06-24,34.46163558959961,34.860992992277616,33.1564180781703,33.89668897739839,17062599
2024-06-25,34.344749450683594,34.74410687281903,34.14020134278758,34.46163726863442,8895635
2024-06-26,34.0233154296875,34.39345273547467,33.429148724936056,34.34474762274809,10758859
2024-06-27,33.974613189697266,34.169422488734924,33.53629319578212,33.974613189697266,8289295
2024-06-28,33.57525634765625,34.13046044379984,33.409667140279566,33.916169839787095,8687349
2024-07-01,33.50707244873047,33.643437840697075,33.117453858244524,33.48759114763835,6721631
2024-07-02,33.2635612487793,33.58499342267722,33.16615474481159,33.234337439749886,8691279
2024-07-03,33.2635612487793,33.458366825358304,32.90316275761609,33.18563604560513,7396459
2024-07-04,33.33174514770508,34.09149732770545,33.08823445250718,33.36096524211176,10152255
2024-07-05,33.33174514770508,33.33174514770508,33.33174514770508,33.33174514770508,0
2024-07-08,32.47459030151367,32.805765034783334,32.40640759604746,32.630437016247704,6774483
2024-07-09,32.961612701416016,33.04927671321548,32.31874452011289,32.53303515244023,9059044
2024-07-10,33.24407958984375,33.47784776549143,32.630431626331806,32.805759615906645,8636292
2024-07-11,33.692142486572266,34.257085410042635,33.33174767078882,33.546034572122394,10068053
2024-07-12,33.740840911865234,34.20838099494052,33.46811012565755,34.18889969368593,6414712
2024-07-15,33.448631286621094,33.9453915003066,33.21485937003591,33.63369808864539,5268181
2024-07-16,33.360965728759766,33.750584333031235,33.22460033196827,33.29278303036401,6781312
2024-07-17,34.18890380859375,34.23760892543142,33.06875671922335,33.214860922700154,12928270
2024-07-18,34.851253509521484,34.92917872445822,33.99409843928996,34.09150124228211,14910071
2024-07-19,35.32853317260742,35.42593596735817,34.520075856598105,34.85125056070048,13361041
2024-07-22,34.77333068847656,35.455161430540535,34.63696528319949,35.425937618210725,10004845
2024-07-23,33.52655029296875,34.83176775079119,33.52655029296875,34.77332756274191,10076971
2024-07-24,33.08823776245117,33.68240451267936,32.8836859341073,33.53629659467355,7600303
2024-07-25,33.360965728759766,33.60447642750984,32.942127029655374,32.951869538385274,7158066
2024-07-26,33.43889236450195,34.07201797889426,33.214859242283495,33.214859242283495,6578755
2024-07-29,32.67913818359375,33.7018824739324,32.64991808594025,33.43889416369342,8547213
2024-07-30,32.727840423583984,32.727840423583984,32.22134137810979,32.669400226779416,7782318
2024-07-31,34.22786331176758,34.2570834066773,32.49406832112697,32.5330309247922,15407536
2024-08-01,33.71162414550781,34.37397359083143,33.71162414550781,34.35449228765384,7428345
2024-08-02,33.75058364868164,34.188899925001465,33.54603184196364,33.555774350495994,5554140
2024-08-05,33.99409484863281,34.60773913088845,33.46811085040367,33.750584151194694,10645527
2024-08-06,34.37397384643555,34.85125277296038,34.09150052177793,34.23760843885702,8378009
2024-08-07,34.12071990966797,34.56878244541343,33.94539189908901,34.37397313191696,5759521
2024-08-08,34.80255126953125,35.06554329008835,33.828508400362125,34.12072051797713,9056954
2024-08-09,34.568782806396484,35.04606172798427,34.568782806396484,35.026580424863326,6360641
2024-08-12,34.55904006958008,34.90969609209221,34.41293587065243,34.48111857328772,4833387
2024-08-13,34.10123825073242,34.63696478617436,33.91617144846611,34.63696478617436,5300370
2024-08-14,33.692142486572266,34.10123870194612,33.50707568185722,34.10123870194612,4353616
2024-08-15,34.28630828857422,34.62722179210121,33.60447756584173,33.63369766166446,8755604
2024-08-16,33.99409484863281,34.44215364015614,33.84798694389859,34.10123643433575,6427723
2024-08-19,33.799285888671875,34.529817988359255,33.779804586798804,33.99409519172419,4997950
2024-08-20,33.50707244873047,33.838247135940044,33.48759114763835,33.701878028295184,4565435
2024-08-21,33.701881408691406,33.945392123250386,33.37070668826405,33.44863190044866,4439830
2024-08-22,33.47785186767578,33.89669059235132,33.02979304638336,33.828507889792846,6137660
2024-08-23,33.77006149291992,33.93565069813282,33.32200270463758,33.468110608314944,4379873
2024-08-26,33.419410705566406,34.062278822250505,33.312265400172635,33.935652214450734,5049942
2024-08-27,33.31226348876953,33.50707278597322,33.02005140080314,33.31226348876953,4027396
2024-08-28,32.92264938354492,33.312268031078936,32.679138657755864,33.195383923090255,7536101
2024-08-29,33.10771942138672,33.175902126340546,32.6304367710312,32.82524609190445,5057377
2024-08-30,36.03958511352539,36.41946122697019,33.760324717177994,33.877208817696726,43801635
2024-09-02,35.016841888427734,36.02010485461642,34.89021527505056,35.552564723314546,18127353
2024-09-03,35.14346694946289,35.50386175473246,34.77332963515229,35.4161977517557,10878062
2024-09-04,34.4908561706543,35.4843802947528,34.48111737733502,35.20190698467334,11814232
2024-09-05,34.74410629272461,34.968139415550546,34.51033809208324,34.64670349507046,6774855
2024-09-06,34.568782806396484,34.938916418658415,34.49085759391272,34.73436830940651,4576924
2024-09-09,34.3544921875,34.83177110908438,34.13046277512875,34.53955899362965,8973374
2024-09-10,34.54930114746094,34.75384925460625,34.188902616953165,34.35449183393647,8455438
2024-09-11,35.250606536865234,35.33827053486252,34.26682497327641,34.47137306337731,10949056
2024-09-12,34.99736022949219,35.50386296217473,34.968140132732366,35.24087094430041,6822677
2024-09-13,34.919437408447266,35.221392053131076,34.75385189456442,35.046064029208715,6459232
2024-09-18,35.201904296875,35.27982950019331,34.52007363055263,34.91943100836344,6977195
2024-09-19,35.240867614746094,35.92269829492554,34.52007433211565,35.2798302171971,13526263
2024-09-20,34.98761749267578,35.2603520181495,34.81229319757793,35.153206709821816,12179016
2024-09-23,35.33827209472656,35.7278907065078,34.73436659057626,35.104503900200584,11744345
2024-09-24,37.325321197509766,37.383765105344175,35.484380831029185,36.020103647969684,23445434
2024-09-25,37.598052978515625,38.32858512485216,37.53961278484304,37.97793281578068,20437451
2024-09-26,40.25719451904297,40.25719451904297,37.607796663183116,37.607796663183116,28986071
2024-09-27,42.6630744934082,42.6630744934082,41.12408878004184,41.163047668671,25263438
2024-09-30,46.919639587402344,46.92938209611891,43.9780336203257,44.81570730170927,43211314
2024-10-08,50.45541763305664,51.6145309737872,49.19890149601797,51.6145309737872,56286395
2024-10-09,45.4390983581543,50.61126327679102,45.4390983581543,50.52359927567794,39086971
2024-10-10,45.799495697021484,46.92938526535143,45.12740746164821,45.429358370042074,23458994
2024-10-11,44.8254508972168,46.13066842100233,44.20206408866463,45.799493714499185,14465369
2024-10-14,45.205326080322266,45.6046834786434,43.909851091886736,45.57546338373744,16869785
2024-10-15,44.17284393310547,45.283255957871894,44.06570233550759,45.20533074251476,13725553
2024-10-16,42.06890869140625,43.734524762593914,41.49422327032855,43.578678057675134,27329546
2024-10-17,41.14356994628906,42.55592904882955,41.05590594472572,42.07865015251238,13761267
2024-10-18,41.97150802612305,42.84814810811852,40.73447311738665,41.0559090526779,21159554
2024-10-21,42.06890869140625,42.40008340381846,41.20201116306566,42.137091392578306,18443894
2024-10-22,42.351383209228516,42.76048314356969,41.981245881144346,42.059171093658335,14164140
2024-10-23,42.81892013549805,43.42282934028833,42.185794551717635,42.419562740422336,16993404
2024-10-24,42.351383209228516,42.95528874349738,42.17605519675068,42.56567382796335,8908256
2024-10-25,43.1793212890625,43.715044112993,42.18579713698555,42.3708639406914,13229036
2024-10-28,44.192325592041016,44.202068101878325,43.062435970035146,43.17932379401007,13891430
2024-10-29,43.83192825317383,44.98129911351134,43.68582033939181,44.3676510775769,15293356
2024-10-30,43.003990173339844,44.17283853544004,42.7409981771638,43.40334756404902,10654875
2024-10-31,42.633853912353516,43.150095408674105,42.25397781387773,42.92606600997501,12097924
2024-11-01,43.081912994384766,43.5397143036127,42.42930609590774,42.64359298721743,10449151
2024-11-04,43.617637634277344,43.82218945669445,42.614374687787716,42.85788540028936,11028470
2024-11-05,44.30921173095703,44.5916813389572,43.218281042751585,43.58841837323838,12076982
2024-11-06,44.026737213134766,44.66960534039699,43.578678397459576,44.31894932267603,13893670
2024-11-07,47.474849700927734,47.57225249874746,43.85140914371961,44.01699464314886,30046196
2024-11-08,47.52355194091797,48.70214290751701,46.325479671274486,48.4001882838461,26722431
2024-11-11,46.159889221191406,47.12419325992079,45.292991695084375,46.55924663374673,22335171
2024-11-12,45.68260955810547,47.57225128356054,45.46831894956163,45.66312825590344,19621880
2024-11-13,45.857940673828125,46.072227581233435,45.22481131417736,45.22481131417736,10239466
2024-11-14,45.05921936035156,46.03326218342225,45.000779169001554,45.4293566735084,9846765
2024-11-15,44.913116455078125,45.93586070551426,44.89363515217628,44.913116455078125,12459261
2024-11-18,44.32868957519531,45.24429225508615,44.04621996555965,44.913117529191766,11130200
2024-11-19,44.2215461730957,44.79623159408466,43.432570139497074,44.37739287799041,8894689
2024-11-20,44.026737213134766,44.44557593255939,43.74426389711749,44.40661332710628,8816211
2024-11-21,43.9293327331543,44.377395285250536,43.62738181611059,43.86115002829418,6831650
2024-11-22,42.40008544921875,44.007257690213166,42.37086535178643,43.83192967426182,10609773
2024-11-25,42.565673828125,43.43257138111391,42.370864512517926,42.98451255619268,10668449
2024-11-26,43.22801971435547,43.393605203803595,42.30267832813131,42.37086102563093,8801639
2024-11-27,43.335166931152344,43.783225739013616,42.94554831477302,43.20854032347729,11389932
2024-11-28,42.906585693359375,43.51049120440247,42.702037591894886,43.442308503914305,7843825
2024-11-29,43.968292236328125,45.000778961670356,42.95528681323897,43.286461520184325,15949633
2024-12-02,45.82871627807617,45.97482419480846,44.19232395966065,44.84493461453857,20616644
2024-12-03,45.974822998046875,46.286516410995375,45.468320273085915,45.82871508511789,10395252
2024-12-04,45.39039611816406,45.92612266758338,45.00078120075207,45.92612266758338,9071829
2024-12-05,44.98129653930664,45.4098740311666,44.640383047563304,44.854669935654094,7492186
2024-12-06,45.31247329711914,45.906640023168016,44.80597057517057,44.88389578578353,9845433
2024-12-09,45.06896209716797,45.4488382055771,44.45531407514171,44.82545139016945,7213123
2024-12-10,46.1988525390625,47.66965560340766,46.072225928538934,46.76379545827478,19023816
2024-12-11,46.607948303222656,46.93912301670723,46.19885209486565,46.22807219098299,8974000
2024-12-12,47.17289352416992,47.3384790181288,46.14040680926922,46.26703341479441,15820017
2024-12-13,45.95534133911133,47.075492087742546,45.926121243023424,46.8319813785339,13441139
2024-12-16,45.51702117919922,46.26703460713312,45.390394570410756,45.926121101562494,6958917
2024-12-17,45.585205078125,46.02352510800362,44.903374333389216,45.43910087861788,8397997
2024-12-18,46.16963195800781,46.61769077124493,45.692349333000585,45.76053203433325,8176081
2024-12-19,45.711830139160156,45.97482214816356,45.331954031381414,45.555983435566866,6485097
2024-12-20,45.4390983581543,45.92611976085401,45.254027847094214,45.71182915464904,7654767
2024-12-23,45.468318939208984,45.974821649310975,45.34169233276387,45.546240432320886,6331324
2024-12-24,46.20859146118164,46.325479278457145,45.30273131352879,45.30273131352879,7714642
2024-12-25,45.711830139160156,46.29625434871538,45.45857692352199,46.21833285475799,5392261
2024-12-26,45.263771057128906,45.8384564698444,45.20532715025533,45.77027376966447,5624159
2024-12-27,45.51702117919922,45.643647787987675,44.87415305749567,45.35143568097307,6223189
2024-12-30,45.14688491821289,45.94559976338961,44.92285550707099,45.254030226950015,7053008
2024-12-31,44.70856475830078,45.44883563073876,44.68908345696317,44.73778485246806,8690715
2025-01-02,43.90011215209961,45.04948304376787,43.52023602472561,44.70856952322165,12190997
2025-01-03,43.15009689331055,44.17284112801386,42.779959575226435,43.80270752560829,9268783
2025-01-06,42.4293098449707,43.72478496320213,42.25398182661175,43.72478496320213,8781640
2025-01-07,41.74747848510742,42.809185374302764,41.66955327108122,42.448790548628374,11404382
2025-01-08,41.54292678833008,42.06890707492122,40.90979748385618,41.766956185812646,9690389
2025-01-09,41.18252944946289,42.44878809442821,41.016943952748704,41.55266676333022,8559288
2025-01-10,40.90979766845703,41.68903116662529,40.90979766845703,41.387080276154194,6584798
2025-01-13,41.18252944946289,41.47474526948781,40.52018003124914,40.607844034120916,6758367
2025-01-14,41.87410354614258,42.059170349069035,40.831874283451455,41.20201160498295,9196016
2025-01-15,41.35785675048828,42.029948666279275,41.22149135182879,41.88384075875642,6204062
2025-01-16,40.81239318847656,41.94228264306084,40.617583893063085,41.54292525951843,7781308
2025-01-17,41.30915451049805,41.54292641462996,40.61758502244527,40.84161441791258,6554483
2025-01-20,41.02668380737305,41.88384255588346,40.9292810086308,41.874103762280676,6106882
2025-01-21,41.24097442626953,41.630593052622615,40.7247329046785,41.14357162752056,6114495
2025-01-22,40.03316116333008,41.211755880336376,39.984459762123244,41.1922745767179,10204612
2025-01-23,40.101341247558594,40.861097176314836,39.838352955092056,40.45199725841863,8629280
2025-01-24,39.984458923339844,40.48122286599328,39.89679491673504,39.935757523154656,7977041
2025-01-27,39.92601776123047,40.344852765209765,39.92601776123047,39.99420046297212,7041556
2025-02-05,39.458473205566406,39.90653572897883,38.981194302099816,39.7409465165772,9863068
2025-02-06,39.92601776123047,40.111084563717995,39.38055243161873,39.468216436097784,6965708
2025-02-07,40.76369094848633,41.10460816838723,39.49743601264509,39.85783081934854,9842458
2025-02-10,40.676029205322266,40.98772634666026,40.32537688821463,40.77343572313999,6665957
2025-02-11,39.76042938232422,40.90980025826304,39.6727653760008,40.68577084558733,9476006
2025-02-12,40.13056564331055,40.27666983951085,39.40977230874865,39.55588022062751,8103929
2025-02-13,39.99420166015625,40.41304039235161,39.838354949270446,40.11108576440093,11002742
2025-02-14,40.16952896118164,40.364334559571255,39.79939163601986,39.8578318292653,9272475
2025-02-17,40.159786224365234,40.57862494675186,39.935756814943325,40.189006320822436,9115369
2025-02-18,39.789649963378906,40.37407791787278,39.62406445813012,40.111085895702345,9200887
2025-02-19,39.887054443359375,40.07212124254155,39.48769703357158,39.69224513514322,7661240
2025-02-20,40.062381744384766,40.27666863554202,39.6630243416227,39.78964723140885,5903424
2025-02-21,40.38381576538086,40.88057970084354,39.97471955093263,40.13056625867652,11812993
2025-02-24,40.325374603271484,41.250712318196065,40.130565294353175,40.42277739989138,12330734
2025-02-25,39.507179260253906,40.11108478574205,39.44873535171818,39.935756775813466,9012415
2025-02-26,39.390289306640625,39.633800005480175,39.04937581453662,39.507177117372045,8942440
2025-02-27,40.150047302246094,40.29615149974298,39.19548575902116,39.39029135568367,15138608
2025-02-28,40.042903900146484,41.00720428282008,39.964978685230484,40.169530516545606,17515474
2025-03-03,39.448734283447266,40.646806508396466,39.35133148753731,40.042900999262066,13228978
2025-03-04,39.40977096557617,39.68250547740939,39.15652147138649,39.16626026452984,8365078
2025-03-05,39.31237030029297,39.58510111121683,39.02015818634903,39.41951560906409,8270073
2025-03-06,40.062381744384766,40.2279672382644,39.302625827275676,39.40003233750937,11858240
2025-03-07,39.93575668334961,40.257192606033996,39.487697865982206,40.081864596511345,8254138
2025-03-10,39.30262756347656,39.89679429727501,39.10782196576047,39.740947589694976,10614790
2025-03-11,39.85783004760742,39.85783004760742,39.01041384232081,39.049376446528534,10150180
2025-03-12,39.15652084350586,39.848090331625215,39.15652084350586,39.8188702369853,12319308
2025-03-13,39.13703918457031,39.40976997386207,39.07859528014565,39.16625927894348,8720710
2025-03-14,40.51044464111328,40.900063290092056,39.302629801822135,39.51692043032834,27027313
2025-03-17,40.96824264526367,41.57214815767264,40.71498942943899,41.22149214540985,17183745
2025-03-18,40.37407684326172,41.13382907663536,40.32537544393649,40.958501066521656,10569462
2025-03-19,40.37407684326172,40.64680765202588,40.19874883314802,40.37407684326172,7826081
2025-03-20,39.73120880126953,40.35459563167109,39.6435447960144,40.35459563167109,10328261
2025-03-21,39.03963851928711,39.916274839335706,39.03963851928711,39.65328282861757,14583593
2025-03-24,39.31237030029297,39.33185160331305,38.9130128775779,39.03963948936911,10232695
2025-03-25,39.42925262451172,39.43899513342169,39.02015642657579,39.312368527341235,7298122
2025-03-26,39.47795486450195,39.62406277584191,39.17600396406124,39.43899597506603,7317313
2025-03-27,40.25719451904297,40.28641461679241,39.31237172457085,39.47795723272271,13460699
2025-03-28,39.91627502441406,40.49096044701569,39.789648415182235,40.2571922468569,7355452
2025-03-31,39.52666091918945,40.1305664501181,39.42925440408572,39.74094782106042,8435170
2025-04-01,39.624061584472656,39.82860968165565,39.29288688231419,39.52665879029364,7133311
2025-04-02,39.779911041259766,39.87731384218866,39.35133351522244,39.64354563368783,7169811
2025-04-03,39.61431884765625,39.80912815057153,39.068857258307546,39.11755865511677,11662967
2025-04-07,38.279884338378906,39.253927215771135,37.12077465192648,38.279884338378906,32467484
2025-04-08,40.13056564331055,40.257192252560316,37.792861347320205,38.18247996854478,33536039
2025-04-09,41.09486389160156,41.11434519324464,39.44873291738454,39.74094501067394,30451820
2025-04-10,41.10460662841797,41.41630002508053,40.32537313676156,41.396818723329325,19763843
2025-04-11,40.948760986328125,41.416301093381804,40.61758627937196,41.32863709107934,13033136
2025-04-14,41.055904388427734,41.572145869354756,40.71498718830296,40.92927778748549,12103187
2025-04-15,41.65007019042969,41.97150611105451,40.81239646946258,41.026683367533906,14055055
2025-04-16,42.30268096923828,42.38060246452633,41.40655962151496,41.98124504751882,13572515
2025-04-17,42.30268096923828,42.31241976276983,41.63059274520472,42.1078716575003,9045033
2025-04-18,41.04616165161133,42.17605111393576,41.00719904912607,41.93254042192034,10657413
2025-04-21,41.065643310546875,41.26045260899171,40.85135271068972,40.93901670920598,5677221
2025-04-22,41.09486389160156,41.39681849355168,40.948759702796046,41.06564379697613,6611756
2025-04-23,40.73447036743164,41.250711872156366,40.61758626961591,41.20201047437302,7079181
2025-04-24,41.44552230834961,41.64033162046998,40.73447147743705,40.81239668855663,9051455
2025-04-25,40.90979766845703,41.71825497733551,40.890316366543026,41.44552046621781,7904689
2025-04-28,40.18900680541992,41.07538566020261,40.18900680541992,40.89031885427784,7430470
2025-04-29,41.35785675048828,41.67929266076718,40.66628724832746,40.77343255175376,12570318
2025-04-30,40.831871032714844,41.77669370626799,40.831871032714844,41.094863025838244,8354297
2025-05-06,40.69551086425781,41.20201361429683,40.61758936500191,40.890320185915705,11274425
2025-05-07,42.0883903503418,42.10787165308141,41.182530209182,41.562406323408,16392639
2025-05-08,41.50396728515625,42.12735412744687,41.445523375312,41.88384340994718,10849770
2025-05-09,41.299415588378906,41.66954917155278,41.240971683609075,41.51370247451158,7019963
2025-05-12,41.43578338623047,41.9715062061403,41.309156776393344,41.46500348247036,8259270
2025-05-13,40.958499908447266,41.56240541749799,40.86109711255081,41.48448392391652,9572707
2025-05-14,41.41630172729492,41.776696535308574,40.812396210900424,41.094865808706516,10111071
2025-05-15,42.02994918823242,42.13709077731083,41.08512646338907,41.3773385663852,12864349
2025-05-16,41.47474670410156,41.932544320997415,41.21175468638933,41.85462282445969,9431956
2025-05-19,41.79617691040039,42.049426406598286,41.387080712924146,41.43578211038392,7513732
2025-05-20,41.86436080932617,42.3708635319109,41.64033140205037,41.747476708938486,8613889
2025-05-21,42.740997314453125,43.20853739299175,41.80591344169762,41.864357344894294,12467684
2025-05-22,42.7994384765625,43.71504106910174,42.46826378226331,42.7604795892225,9095666
2025-05-23,43.21828079223633,43.83192883633504,43.05269528904704,43.50075411427781,15762510
2025-05-26,43.617637634277344,44.56246038780087,43.21828021440179,43.49101473906508,18391689
2025-05-27,43.36438751220703,43.78322622901478,42.88710488758476,43.393607608275026,10849877
2025-05-28,44.2118034362793,44.40661274531404,42.85788449778951,43.15009660350237,13656590
2025-05-29,43.47153091430664,44.21180180246835,43.36438561251307,44.08517519892337,12621787
2025-05-30,43.2669792175293,43.802705727905874,43.20853902779977,43.36438572654249,9543771
2025-06-03,43.247501373291016,43.32542286435812,42.4293052808554,42.74099867648055,13016356
2025-06-04,43.023468017578125,43.43256791931347,42.85788252770125,43.24750112786079,8621517
2025-06-05,42.814857482910156,43.58969973535737,42.7353887174689,43.32148554675564,11759793
2025-06-06,42.54664993286133,42.95393733035383,42.46717737263828,42.834728490019266,10425374
2025-06-09,41.84134292602539,42.66585366019112,41.672469424980434,42.59631706688318,18064956
2025-06-10,41.443992614746094,42.059889796010594,41.225446864523754,41.81154373056166,14983882
2025-06-11,41.453922271728516,41.82147336521582,41.30491691518718,41.52345886267314,15201985
2025-06-12,41.01683807373047,41.50359425171715,40.659219124497625,41.49366207622082,23715885
2025-06-13,40.79829025268555,41.14597321935937,40.341334413782775,41.02676817213693,32982189
2025-06-16,39.854576110839844,40.57974617792612,39.854576110839844,40.54001368685722,28408419
2025-06-17,40.16252517700195,40.70888575179889,40.00358384997993,40.01351602502999,21270751
2025-06-18,39.96384811401367,40.48040838122092,39.89431151933772,40.48040838122092,15884641
2025-06-19,38.43403625488281,39.87444421224963,38.29496306262648,39.735371019993295,31785252
2025-06-20,38.255226135253906,38.890995243969805,38.255226135253906,38.523440339838686,16560741
2025-06-23,38.18568801879883,38.34462934227976,37.669127770120795,37.996946381371494,15869634
2025-06-24,38.72211837768555,38.990332585236416,38.304898803357695,38.344631294155405,15386164
2025-06-25,39.19894027709961,39.22874438043009,38.62277940199768,38.910857944818616,15052136
2025-06-26,38.692317962646484,39.238678551676514,38.682381997877435,39.198942271520814,12265996
2025-06-27,38.503570556640625,38.75191661071701,38.453902103717354,38.692315982993115,11997938
2025-06-30,38.65258026123047,38.73205281861966,38.39430202863583,38.48370676096861,10168787
2025-07-01,38.84132385253906,39.000265185843816,38.51350901048689,38.672450343791645,9477570
2025-07-02,38.64264678955078,39.03999819478242,38.592974548119344,38.89099283886805,9613584
2025-07-03,38.662513732910156,38.78172257299219,38.52344054227469,38.602913102329374,8184366
2025-07-04,38.60291290283203,38.791654547796156,38.45390374822968,38.64264918265402,10130354
2025-07-07,38.34463119506836,38.62278136669507,38.29496273960438,38.543308806384516,8696315
2025-07-08,38.622779846191406,38.692316438995505,38.294961232006294,38.304897196384076,8701549
2025-07-09,38.34463119506836,38.94066402901682,38.34463119506836,38.64264950677271,13957535
2025-07-10,38.43403625488281,38.632713867874834,38.31483120287171,38.364499658754646,11834236
2025-07-11,38.43403625488281,38.94066435748548,38.43403625488281,38.4638403599808,24674730
2025-07-14,38.265159606933594,38.55324193265886,38.245291468318754,38.4340331009698,16282040
2025-07-15,38.13602066040039,38.334698267819455,37.947279017555374,38.15588880008831,10917449
2025-07-16,38.1260871887207,38.314828825147124,38.056550596907805,38.136019363496814,9560441
2025-07-17,38.265159606933594,38.453901239584646,38.126086426089664,38.13601860066711,11613906
2025-07-18,38.54330825805664,38.612844852609015,38.29496219480955,38.394302893784506,17576659
2025-07-21,38.64264678955078,38.67244710284166,38.47376950549585,38.54330609614789,14705295
2025-07-22,39.238677978515625,39.238677978515625,38.58304452336441,38.60291266315204,25346545
2025-07-23,39.16913986206055,39.58635941300914,39.11947140925143,39.298280870932274,21632320
2025-07-24,39.645965576171875,39.685701855953276,38.99033211761961,39.159205622500245,19967474
2025-07-25,39.05986785888672,39.64596470974299,38.92079467215135,39.58636029137349,22461631
2025-07-28,38.79165267944336,39.069802835340305,38.72211608783413,38.920793687914795,17293979
2025-07-29,38.61284255981445,38.940661162775946,38.483705343005354,38.741983566083526,14869378
2025-07-30,38.9406623840332,39.13933998695656,38.434034307105655,38.62277973513988,20455620
2025-07-31,38.096282958984375,38.960529950578085,38.02674636740235,38.950593986374926,24023863
2025-08-01,37.83800506591797,38.185688026899996,37.74860033459973,38.09628329558175,17009956
2025-08-04,38.00687789916992,38.02674603794408,37.64926276961502,37.66912711892918,11898732
2025-08-05,38.145957946777344,38.30489928032807,37.96714847285024,38.02674910451907,10601989
2025-08-06,38.096282958984375,38.175755514769556,37.86780504529202,38.15588737582326,9134627
2025-08-07,38.096282958984375,38.11615109793067,37.89760914844148,37.95720977582034,10236867
2025-08-08,38.00687789916992,38.155887045246125,37.95720944696452,38.096282628923646,7867192
2025-08-11,38.2353630065918,38.33469991985217,37.94728065289226,38.006881285064345,13107601
2025-08-12,38.30489730834961,38.49363894801812,38.17575629728162,38.23536071534226,14102211
2025-08-13,38.33469772338867,38.513507188580355,38.25522516576565,38.31482958398291,14054286
2025-08-14,38.51350784301758,38.99033182847775,38.304898059902534,38.3247661996459,24849658
2025-08-15,38.632713317871094,38.761854332896405,38.22542592229302,38.463839812381266,17009072
2025-08-18,39.05986785888672,39.23867732453508,38.732053031504805,38.74198520650299,24715439
2025-08-19,39.00026321411133,39.238677096745135,38.940662585547955,39.059867632134804,18322568
2025-08-20,39.22874450683594,39.22874450683594,38.6525798404174,38.75191674661229,18309727
2025-08-21,39.487022399902344,39.59629526946096,39.129403477514145,39.23867634707277,18980665
2025-08-22,39.586360931396484,39.586360931396484,39.30821455342875,39.49695619712683,18383536
2025-08-25,40.82809066772461,40.867826946716704,39.67576510317479,39.685701067652886,32581909
2025-08-26,40.79829025268555,41.384387103264366,40.58968047268125,40.847958706573216,26587960
2025-08-27,40.13272476196289,40.96716767410541,40.112856622452334,40.72875378943892,26839609
2025-08-28,39.814842224121094,40.28173024086191,39.23867754502542,40.033384180450355,24237937
2025-08-29,41.16584014892578,41.41418620052527,40.440670132990476,40.45060609715206,34363236
2025-09-01,40.94729995727539,41.87114761202179,40.798290804138155,41.126109425256,26320376
2025-09-02,40.669151306152344,41.3247847833584,40.48040965601101,40.91749737766161,20606682
2025-09-03,39.914180755615234,41.17577924854415,39.81484384319513,40.92743317803359,19335163
2025-09-04,40.152587890625,40.261860759879035,39.556558881279386,39.914177802670764,23678864
2025-09-05,40.17245864868164,40.25193120948783,39.76517124820061,40.152590508480095,18161368
2025-09-08,40.89762878417969,41.175778958022,40.0532536661855,40.17245871814062,25129618
2025-09-09,41.05657196044922,41.314850192355884,40.74862148557657,41.02676785677761,16587445
2025-09-10,40.67908477783203,41.12610843704207,40.67908477783203,41.056571844438295,12884389
2025-09-11,41.01683807373047,41.01683807373047,40.29166799976845,40.60955066809535,16413091
2025-09-12,40.38106918334961,41.29498082699579,40.3512650805629,41.016834464053034,16595060
2025-09-15,40.5698127746582,40.74862224216747,40.132725070446746,40.2519301189662,14188491
2025-09-16,40.06318664550781,40.68901596373032,39.983714090486544,40.57974309530607,13624588
2025-09-17,40.02345275878906,40.39100387406802,39.79497483364484,40.07312121391429,10362099
2025-09-18,39.52676010131836,40.09298881900481,39.3380146691161,40.01351626029645,17163024
2025-09-19,39.53669357299805,39.7850396429157,39.318151608303516,39.437356660815105,10946004
2025-09-22,39.24861145019531,39.97378531328833,39.24861145019531,39.54662976739423,10611024
2025-09-23,39.040000915527344,39.824775395532185,38.76185453353484,39.47709241804156,15207753
2025-09-24,38.79999923706055,39.310001373291016,38.720001220703125,39.0,13689088
2025-09-25,38.599998474121094,38.880001068115234,38.599998474121094,38.790000915527344,12462667
2025-09-26,38.79999923706055,39.0,38.380001068115234,38.59000015258789,13501166
2025-09-29,38.880001068115234,39.20000076293945,38.459999084472656,39.20000076293945,17290932
2025-09-30,38.959999084472656,39.04999923706055,38.61000061035156,38.900001525878906,12204697
2025-10-09,39.34000015258789,39.380001068115234,38.29999923706055,38.880001068115234,16683955
2025-10-10,39.279998779296875,39.84000015258789,39.040000915527344,39.209999084472656,17591533
2025-10-13,38.900001525878906,39.099998474121094,38.5,38.68000030517578,15273444
2025-10-14,39.099998474121094,39.47999954223633,38.79999923706055,38.91999816894531,13823057
2025-10-15,39.4900016784668,39.68000030517578,39.04999923706055,39.349998474121094,16848266
2025-10-16,39.77000045776367,39.880001068115234,39.369998931884766,39.4900016784668,11490797
2025-10-17,39.08000183105469,39.970001220703125,39.08000183105469,39.689998626708984,11799763
2025-10-20,38.939998626708984,39.36000061035156,38.79999923706055,39.310001373291016,10345926
2025-10-21,38.95000076293945,39.11000061035156,38.880001068115234,38.900001525878906,8060788
2025-10-22,38.650001525878906,38.95000076293945,38.630001068115234,38.95000076293945,9389450
2025-10-23,38.630001068115234,38.70000076293945,38.45000076293945,38.599998474121094,8703732
2025-10-24,38.599998474121094,38.869998931884766,38.5,38.650001525878906,9042209
2025-10-27,38.709999084472656,38.790000915527344,38.5099983215332,38.619998931884766,13054443
2025-10-28,38.400001525878906,38.72999954223633,38.310001373291016,38.720001220703125,15926587
2025-10-29,38.439998626708984,38.5,38.099998474121094,38.47999954223633,13665642
2025-10-30,37.97999954223633,38.540000915527344,37.900001525878906,38.52000045776367,24660443
2025-10-31,38.11000061035156,38.189998626708984,37.77000045776367,37.900001525878906,16817649
2025-11-03,38.150001525878906,38.2400016784668,37.959999084472656,38.119998931884766,13284109
2025-11-04,37.75,38.150001525878906,37.65999984741211,38.150001525878906,16254622
2025-11-05,37.689998626708984,37.689998626708984,37.310001373291016,37.599998474121094,13302143
2025-11-06,37.709999084472656,37.869998931884766,37.61000061035156,37.66999816894531,9333788
2025-11-07,37.970001220703125,38.040000915527344,37.5,37.650001525878906,12690710
2025-11-10,38.650001525878906,38.7400016784668,37.810001373291016,37.970001220703125,25915970
2025-11-11,38.619998931884766,38.720001220703125,38.31999969482422,38.650001525878906,14903721
2025-11-12,38.459999084472656,38.75,38.34000015258789,38.650001525878906,13579358
2025-11-13,38.599998474121094,38.63999938964844,38.150001525878906,38.459999084472656,16039337
2025-11-14,38.41999816894531,39.16999816894531,38.380001068115234,38.5,18102605
2025-11-17,38.189998626708984,38.43000030517578,37.79999923706055,38.41999816894531,13689809
2025-11-18,37.970001220703125,38.369998931884766,37.869998931884766,38.150001525878906,11097551
2025-11-19,37.79999923706055,38.099998474121094,37.7599983215332,38.04999923706055,7115501
2025-11-20,37.75,38.099998474121094,37.709999084472656,37.939998626708984,8349565
2025-11-21,37.290000915527344,37.790000915527344,37.0,37.70000076293945,13306210
2025-11-24,36.880001068115234,37.459999084472656,36.849998474121094,37.380001068115234,16235944
2025-11-25,37.099998474121094,37.119998931884766,36.72999954223633,36.939998626708984,11665499
2025-11-26,36.83000183105469,37.119998931884766,36.779998779296875,37.0,10545937
2025-11-27,36.9900016784668,37.08000183105469,36.560001373291016,36.84000015258789,10180624
2025-11-28,36.959999084472656,37.04999923706055,36.7400016784668,36.970001220703125,6892560
2025-12-01,37.15999984741211,37.33000183105469,36.91999816894531,36.959999084472656,8370549
2025-12-02,36.869998931884766,37.150001525878906,36.810001373291016,37.130001068115234,6606946
2025-12-03,36.40999984741211,36.849998474121094,36.400001525878906,36.81999969482422,9442649
2025-12-04,36.220001220703125,36.59000015258789,36.099998474121094,36.5,8534182
2025-12-05,36.5099983215332,36.54999923706055,36.08000183105469,36.220001220703125,6938870
2025-12-08,36.5099983215332,36.68000030517578,36.45000076293945,36.5099983215332,8191084
2025-12-09,36.470001220703125,36.709999084472656,36.33000183105469,36.5,6571550
2025-12-10,36.41999816894531,36.70000076293945,36.15999984741211,36.47999954223633,8006837
2025-12-11,36.34000015258789,36.40999984741211,36.11000061035156,36.40999984741211,7261624
2025-12-12,36.4900016784668,36.4900016784668,35.939998626708984,36.349998474121094,10721254
2025-12-15,36.5099983215332,36.849998474121094,36.38999938964844,36.45000076293945,9973805
2025-12-16,36.7400016784668,36.81999969482422,36.5099983215332,36.54999923706055,9834500
2025-12-17,37.029998779296875,37.09000015258789,36.470001220703125,36.790000915527344,12917177
2025-12-18,37.0099983215332,37.150001525878906,36.900001525878906,37.119998931884766,7627406
2025-12-19,37.779998779296875,37.86000061035156,37.18000030517578,37.5099983215332,21941058
2025-12-22,37.849998474121094,37.95000076293945,37.43000030517578,37.779998779296875,15100899
2025-12-23,37.779998779296875,37.91999816894531,37.61000061035156,37.849998474121094,11005505
2025-12-24,37.349998474121094,37.779998779296875,37.349998474121094,37.75,10946728
2025-12-25,37.400001525878906,37.40999984741211,37.15999984741211,37.34000015258789,10523900
2025-12-26,37.41999816894531,37.52000045776367,37.27000045776367,37.369998931884766,7676637
2025-12-29,37.220001220703125,37.47999954223633,37.20000076293945,37.41999816894531,8992160
2025-12-30,37.279998779296875,37.599998474121094,37.150001525878906,37.220001220703125,8190410
2025-12-31,37.02000045776367,37.310001373291016,36.97999954223633,37.2400016784668,9882942
2026-01-05,37.93000030517578,38.04999923706055,37.0099983215332,37.189998626708984,21383066
2026-01-06,38.380001068115234,38.45000076293945,37.7599983215332,37.9900016784668,16874917
2026-01-07,38.189998626708984,38.63999938964844,38.13999938964844,38.349998474121094,12155328
2026-01-08,38.02000045776367,38.099998474121094,37.77000045776367,38.08000183105469,9640471
2026-01-09,37.88999938964844,38.27000045776367,37.720001220703125,38.119998931884766,10505227
2026-01-12,38.31999969482422,38.560001373291016,37.79999923706055,37.88999938964844,17689448
2026-01-13,38.18000030517578,38.68000030517578,38.119998931884766,38.66999816894531,14394455
2026-01-14,37.790000915527344,38.33000183105469,37.65999984741211,38.150001525878906,18571822
2026-01-15,37.59000015258789,38.0,37.470001220703125,37.70000076293945,12055957
2026-01-16,36.9900016784668,37.7400016784668,36.70000076293945,37.70000076293945,18149602
2026-01-19,36.86000061035156,36.9900016784668,36.720001220703125,36.79999923706055,11162862
2026-01-20,36.880001068115234,37.150001525878906,36.810001373291016,36.880001068115234,11533530
2026-01-21,36.5,36.880001068115234,36.4900016784668,36.880001068115234,14298972
2026-01-22,36.13999938964844,36.66999816894531,36.119998931884766,36.54999923706055,20413873
2026-01-23,35.84000015258789,36.290000915527344,35.810001373291016,36.27000045776367,24909085
2026-01-26,35.68000030517578,35.939998626708984,35.40999984741211,35.83000183105469,23563559
2026-01-27,35.40999984741211,35.79999923706055,35.40999984741211,35.66999816894531,15219313
