Date,Close,High,Low,Open,Volume
1997-09-24,0.5682180523872375,0.5703569599243824,0.5004879793399761,0.5261545485239122,544030376
1997-09-25,0.5888935923576355,0.591032446109687,0.540413424899536,0.5553847050967364,340978201
1997-09-26,0.5881804823875427,0.5967360065876933,0.5667925285854202,0.59031933666576,230025474
1997-09-29,0.5297189950942993,0.5831901782229036,0.5297189950942993,0.5831901782229036,163741964
1997-09-30,0.5475425124168396,0.5618014501377795,0.5254413061943789,0.529005813064165,110503575
1997-10-01,0.5475425124168396,0.5618014501377795,0.5254413061943789,0.529005813064165,0
1997-10-02,0.5475425124168396,0.5618014501377795,0.5254413061943789,0.529005813064165,0
1997-10-03,0.5475425124168396,0.5618014501377795,0.5254413061943789,0.529005813064165,0
1997-10-06,0.5361357927322388,0.5560980934404348,0.5318580306561869,0.547542569288331,49169005
1997-10-07,0.5553848147392273,0.5560980695446102,0.529719100084034,0.5332836071708854,44825949
1997-10-08,0.5817646384239197,0.584615890430843,0.5575236687735762,0.5696436984778664,110338704
1997-10-09,0.5639403462409973,0.588180461858992,0.5582369849017996,0.5810514475877314,68402880
1997-10-10,0.5910326242446899,0.6060048191961243,0.56037588970422,0.5618015427650116,133066004
1997-10-13,0.5960236191749573,0.6045782325187035,0.5846159331323678,0.5953103108425187,75624658
1997-10-14,0.5903192162513733,0.5945969774788631,0.5732090815831232,0.5903192162513733,62521867
1997-10-15,0.580338180065155,0.5974492274935763,0.5796257819638346,0.5960236281363681,40173197
1997-10-16,0.5974492430686951,0.6166982884574551,0.5846159571628236,0.5846159571628236,73571778
1997-10-17,0.6174114346504211,0.6323836256782706,0.5924581220469942,0.598874737099194,123693003
1997-10-20,0.6288191676139832,0.6402259427557958,0.6152726282293758,0.6245414060683134,101398941
1997-10-21,0.630957305431366,0.635948322836136,0.613133857229941,0.6345227232652346,78070116
1997-10-22,0.5988748073577881,0.6330960979461818,0.5974492080469823,0.6309571903154303,97336474
1997-10-23,0.6038658618927002,0.6181247459910417,0.5931714311007704,0.5988747919830221,63525218
1997-10-24,0.6010137796401978,0.6131338113212528,0.591745857129372,0.6024393791043566,43135407
1997-10-27,0.660901665687561,0.660901665687561,0.5917458738811997,0.6024393961589091,93066800
1997-10-28,0.6651791930198669,0.709381543203422,0.6416514819137213,0.675872711520215,215416744
1997-10-29,0.6830028295516968,0.6901318439253866,0.6473550269576192,0.6559105509820919,103420762
1997-10-30,0.6830028295516968,0.7200761780110415,0.6772994145869138,0.6901318439253866,115411312
1997-10-31,0.6701694130897522,0.6830027511978652,0.6487814621804245,0.6687438138443895,56819460
1997-11-03,0.6559103727340698,0.6772992305263268,0.649493758231293,0.6630402954120317,30590872
1997-11-04,0.6744472980499268,0.6772994608480658,0.6530593967697766,0.6530593967697766,26944583
1997-11-05,0.6687438488006592,0.6758728627291557,0.6594750169859761,0.6737348653266076,11552020
1997-11-06,0.6523459553718567,0.6808638294848626,0.6452160852663613,0.6715959085894714,31679361
1997-11-07,0.6566238403320312,0.6630404563927089,0.637373885062722,0.6523460249000619,29628257
1997-11-10,0.6601884365081787,0.6922707715301486,0.6487816053696572,0.6573371838445347,38210419
1997-11-11,0.6537717580795288,0.6680306984064466,0.6388004731022692,0.6559106125144777,23885895
1997-11-12,0.6587626338005066,0.6744471702990633,0.6416515878239362,0.6559104715426117,25879732
1997-11-13,0.6644662022590637,0.6658918018261115,0.6402260836038458,0.658762786661604,24401097
1997-11-14,0.6730216145515442,0.6944095667061528,0.6523460069402062,0.6644660910104255,66881858
1997-11-17,0.6666048765182495,0.6951227499506085,0.6637527679132261,0.6908449886203077,30562812
1997-11-18,0.6673182845115662,0.6879938947441572,0.6666050296360444,0.684428477064845,19983297
1997-11-19,0.6580494046211243,0.6708826896020161,0.6487814832319848,0.6687438355436851,18434430
1997-11-20,0.6494937539100647,0.6630402910006754,0.6452159930887993,0.6559103683701505,19819157
1997-11-21,0.6238282918930054,0.6473551022257159,0.6202637842917145,0.6445038495327469,28525291
1997-11-24,0.5860414505004883,0.6124213258999888,0.5703569151006838,0.5703569151006838,25871315
1997-11-25,0.6045781373977661,0.6045781373977661,0.577486828265853,0.577486828265853,16038099
1997-11-26,0.6095693111419678,0.6102825660033642,0.5953103714329256,0.6052915489137914,10558447
1997-11-27,0.5860414505004883,0.6060046573364665,0.5839034533731398,0.6045781479583844,14763420
1997-11-28,0.5988748073577881,0.5988748073577881,0.5760603994576479,0.5774869090102671,15034987
1997-12-01,0.5867546796798706,0.5960235098985142,0.5781991576628859,0.5938846026224545,9443700
1997-12-02,0.5874680280685425,0.5988748035979095,0.5789125046865223,0.5910325349877209,6645240
1997-12-03,0.57962566614151,0.5967358534527234,0.5760603030981652,0.5881803314480997,9056754
1997-12-04,0.5917457342147827,0.6024392539685608,0.5767735964734392,0.5774868511783204,9423036
1997-12-05,0.5953103303909302,0.6131337762379651,0.591745823269895,0.5988748375119652,13140099
1997-12-08,0.6067172288894653,0.613133845744943,0.5953103978773803,0.5995882138392252,10378330
1997-12-09,0.6088558435440063,0.6124212599069383,0.6003003220769856,0.6095690981561889,9749250
1997-12-10,0.6045781373977661,0.6166981660804304,0.6024392300660775,0.6166981660804304,8731182
1997-12-11,0.5945969820022583,0.6045781572241832,0.5888936215839966,0.6045781572241832,7570710
1997-12-12,0.5995882153511047,0.6131338472909782,0.5917458918443651,0.5960237078169967,10565956
1997-12-15,0.6281058192253113,0.6338092327177419,0.591745681434191,0.591745681434191,30359473
1997-12-16,0.6409392356872559,0.648781504498199,0.6323837120862223,0.6330961101781187,31130530
1997-12-17,0.6131337285041809,0.6402259509207671,0.6102824764173449,0.6402259509207671,22466505
1997-12-18,0.6166982650756836,0.6259670970232676,0.5988748197570622,0.6060047440296101,11640132
1997-12-19,0.6131337285041809,0.6202636524330305,0.6060047148171197,0.617411490104406,9077745
1997-12-22,0.6316704750061035,0.6402259988470058,0.5974492363407119,0.616698281512705,21255595
1997-12-23,0.6195502877235413,0.6345224774390029,0.6174113805312074,0.6330959681787791,12415989
1997-12-24,0.6373738050460815,0.6494938343847805,0.6188371069086227,0.623828122975108,33116920
1997-12-25,0.634522557258606,0.6544848547147474,0.6330960478189348,0.634522557258606,21148520
1997-12-26,0.643078088760376,0.6523459561228033,0.6273926422283925,0.6359481651030405,28695114
1997-12-29,0.6395127773284912,0.6623272410403733,0.6380871778759591,0.643790539471633,17687880
1997-12-30,0.6302448511123657,0.645216133781551,0.6202636747377563,0.6416516268098404,12280968
1997-12-31,0.634522557258606,0.6409391725555338,0.6245413817587194,0.6330960478189348,15493514
1998-01-01,0.634522557258606,0.6409391725555338,0.6245413817587194,0.6330960478189348,0
1998-01-02,0.634522557258606,0.6409391725555338,0.6245413817587194,0.6330960478189348,0
1998-01-05,0.6580494046211243,0.6673181827084296,0.6266803304055889,0.6366614530178037,39687845
1998-01-06,0.6559103727340698,0.6601881871274214,0.6423647457949597,0.6573369355408146,23197935
1998-01-07,0.6687438488006592,0.6723083557649074,0.6430781350282521,0.6544849107018469,37610496
1998-01-08,0.7115206718444824,0.7286317203228853,0.6630404922388047,0.6701695067914202,87004197
1998-01-09,0.7236407399177551,0.7550107293280753,0.7043907826352387,0.7100951082732444,106693246
1998-01-12,0.7008261680603027,0.7407517295832198,0.6986873139911852,0.7329094609897863,49028200
1998-01-13,0.6551982164382935,0.6879938569315749,0.6309572434023332,0.6851416942845412,60284725
1998-01-14,0.6708827614784241,0.6794383392592734,0.6487815527405343,0.6502072057285301,34678425
1998-01-15,0.6758728623390198,0.6901318004296013,0.663040433809315,0.6772993718998965,24819076
1998-01-16,0.660901665687561,0.6780118046421436,0.6594751023974641,0.6701695349171106,17042760
1998-01-19,0.6644662022590637,0.6737349821371086,0.658762786661604,0.6630405491483703,15043051
1998-01-20,0.6537717580795288,0.6644661908852075,0.6452162332524438,0.6644661908852075,13727826
1998-01-21,0.6765860915184021,0.6772993462718518,0.6487814711697646,0.6551981403127288,24169735
1998-01-22,0.6666048765182495,0.6772993066158168,0.6630403698996373,0.6772993066158168,10217340
1998-01-23,0.6830028295516968,0.6872805915639332,0.6666049827845029,0.6701694899713478,23096430
1998-01-26,0.6830028295516968,0.6872805915639332,0.6666049827845029,0.6701694899713478,0
1998-01-27,0.6830028295516968,0.6872805915639332,0.6666049827845029,0.6701694899713478,0
1998-01-28,0.6830028295516968,0.6872805915639332,0.6666049827845029,0.6701694899713478,0
1998-01-29,0.6830028295516968,0.6872805915639332,0.6666049827845029,0.6701694899713478,0
1998-01-30,0.6830028295516968,0.6872805915639332,0.6666049827845029,0.6701694899713478,0
1998-02-02,0.6830028295516968,0.6872805915639332,0.6666049827845029,0.6701694899713478,0
1998-02-03,0.6830028295516968,0.6872805915639332,0.6666049827845029,0.6701694899713478,0
1998-02-04,0.6830028295516968,0.6872805915639332,0.6666049827845029,0.6701694899713478,0
1998-02-05,0.6830028295516968,0.6872805915639332,0.6666049827845029,0.6701694899713478,0
1998-02-06,0.6830028295516968,0.6872805915639332,0.6666049827845029,0.6701694899713478,0
1998-02-09,0.7051039934158325,0.70581724825055,0.6872806005503255,0.704390738581115,28276088
1998-02-10,0.6901317834854126,0.7065295752728902,0.68442836902012,0.7058171772081251,23616986
1998-02-11,0.687280535697937,0.7008261652170973,0.6830027740334209,0.6844283733264471,13803930
1998-02-12,0.6922706365585327,0.7086684283229424,0.6780116988380971,0.698687305777725,22702415
1998-02-13,0.7165116667747498,0.725779588873999,0.6986873640011487,0.6994006188225091,56859579
1998-02-16,0.7279183864593506,0.7428905790244454,0.7129461938942558,0.7236406248041286,55498968
1998-02-17,0.7200761437416077,0.7307705750350556,0.7058172054309547,0.7257795584349572,33821676
1998-02-18,0.6994005441665649,0.7165115902923254,0.6986872894213393,0.7157983355470997,23139459
1998-02-19,0.7115206718444824,0.7129462712891693,0.6851417009818431,0.6986873854856803,23398704
1998-02-20,0.7093816995620728,0.7250662904725093,0.7093816995620728,0.7129462065145277,25009601
1998-02-23,0.7108072638511658,0.7236405474449178,0.6844282986721194,0.7058171046617061,20389231
1998-02-24,0.7165116667747498,0.7200761739414494,0.7043907253900588,0.7108073951439687,21068094
1998-02-25,0.7179372310638428,0.738612783629636,0.6844283405749706,0.7129461613271113,43343874
1998-02-26,0.7329093813896179,0.7357605796775731,0.7001137474935161,0.7243538054114489,34059916
1998-02-27,0.7293440699577332,0.7378995936278889,0.7279184170642283,0.7329094872387966,23355964
1998-03-02,0.7157983183860779,0.7428905397175029,0.7093816494709384,0.712946156171695,40610518
1998-03-03,0.727205216884613,0.7307706344334547,0.7043907531022544,0.7129462774149669,24762780
1998-03-04,0.7628529071807861,0.7678430670961045,0.7129462213820522,0.7129462213820522,62577648
1998-03-05,0.7421773672103882,0.7756862611691855,0.7414641124032457,0.7542973981116088,40326514
1998-03-06,0.7521587610244751,0.7614275423124025,0.7414643264089967,0.7414643264089967,20791978
1998-03-09,0.7485941648483276,0.7614274527512229,0.7421774941250563,0.7542975270988402,15701641
1998-03-10,0.7414640188217163,0.7557229556465034,0.7329094063376871,0.7485939423549788,18285435
1998-03-11,0.7414640188217163,0.7699818389276588,0.7343350055301917,0.7485939423549788,23509080
1998-03-12,0.7108072638511658,0.7400383910906011,0.7043905952824749,0.7350473216594386,21403746
1998-03-13,0.6994005441665649,0.710807319270434,0.6758728289718277,0.7022526529056938,46895700
1998-03-16,0.7001138925552368,0.7200761933920352,0.68514169842078,0.6986873828739832,26733079
1998-03-17,0.7100949883460999,0.711520587622039,0.6915582890735517,0.7022526663348432,18487261
1998-03-18,0.6915583610534668,0.7129462611040239,0.6879938538280815,0.7129462611040239,11434500
1998-03-19,0.6915583610534668,0.7343351249401073,0.6772994219100399,0.6915583610534668,13981716
1998-03-20,0.6844285130500793,0.7058173257391094,0.680864005425296,0.7058173257391094,12594960
1998-03-23,0.6815771460533142,0.6879938155559167,0.6630404458825702,0.6879938155559167,21227509
1998-03-24,0.6851416826248169,0.6851416826248169,0.6430781740973698,0.6630404744739368,46247367
1998-03-25,0.6758728623390198,0.6986873239148594,0.6737348649377057,0.6986873239148594,16464420
1998-03-26,0.6544849872589111,0.6737349441353968,0.64878157198315,0.6737349441353968,18901121
1998-03-27,0.6929839849472046,0.6979750020150305,0.6544849817596444,0.6544849817596444,28440001
1998-03-30,0.6787249445915222,0.691558282859574,0.6701694214419105,0.6901317733546615,28461006
1998-03-31,0.7022526860237122,0.7236406379914218,0.6801506225789596,0.6808638773578222,36425579
1998-04-01,0.7008261680603027,0.7086684366537362,0.6915583001680594,0.7036783304433636,18993769
1998-04-02,0.6922706365585327,0.7086684283229424,0.6858548775811355,0.7001138153015711,25171032
1998-04-03,0.6865672469139099,0.6915582630985556,0.6758728165106676,0.6915582630985556,25125710
1998-04-06,0.6901317834854126,0.7029650683982156,0.6701694312796255,0.68442836902012,31483582
1998-04-07,0.6837159991264343,0.6986872808324779,0.6772993301363365,0.691558267347685,16260930
1998-04-08,0.7485941648483276,0.7521586725535148,0.6830029288723505,0.6844285284885646,67771884
1998-04-09,0.7129462957382202,0.7478808455817118,0.7022527735425842,0.7478808455817118,50922711
1998-04-10,0.7236407399177551,0.7343351725288518,0.7001139305414738,0.7086685449709487,29091925
1998-04-13,0.7329093813896179,0.7485939168730116,0.7200760441941794,0.7329093813896179,43899634
1998-04-14,0.7806761860847473,0.7835283479518097,0.732909328395574,0.7343349274364717,94875454
1998-04-15,0.7949352860450745,0.8056297173018844,0.759288395511481,0.779963092994268,106605916
1998-04-16,0.8020650744438171,0.8170363547169718,0.7735472027505425,0.7949351513996608,80208651
1998-04-17,0.7749729752540588,0.8163240830077867,0.7557230206924024,0.799926290861998,44475795
1998-04-20,0.7621397376060486,0.8469809790913232,0.7521586135048123,0.8469809790913232,34724352
1998-04-21,0.7471683621406555,0.7828152525417201,0.7386128385844702,0.7649918073411879,33643310
1998-04-22,0.7785375118255615,0.7842408730888248,0.7493063798308321,0.7493063798308321,43177314
1998-04-23,0.7970741391181946,0.8127586756418601,0.7721207713087654,0.784240801071589,57431845
1998-04-24,0.7685563564300537,0.8091942656214748,0.7664174486520319,0.8020652512475057,32912460
1998-04-27,0.8284441232681274,0.8448419145489806,0.7771117883573999,0.7842408018864918,87588181
1998-04-28,0.8541098237037659,0.8626653465954479,0.8198885352915276,0.839850886602459,86968715
1998-04-29,0.8448418974876404,0.862665341192199,0.8412764805533287,0.8555354175653256,59501723
1998-04-30,0.8491197228431702,0.8526842298041298,0.8377120369382804,0.848406468062978,43358905
1998-05-01,0.8491197228431702,0.8526842298041298,0.8377120369382804,0.848406468062978,0
1998-05-04,0.8797764778137207,0.8911832537970469,0.8555355060047896,0.8562487608050069,54754774
1998-05-05,0.873359739780426,0.8911831839301305,0.8612397099470677,0.8911831839301305,35832283
1998-05-06,0.8519710898399353,0.8697945372885316,0.8398510577633143,0.8697945372885316,35899050
1998-05-07,0.8270175457000732,0.8626653434439908,0.8198885322963412,0.8519709130966403,32594851
1998-05-08,0.8526842594146729,0.8541099123263824,0.8163241132785943,0.8198886203633361,39974104
1998-05-11,0.8263052105903625,0.8555354295070946,0.8198885416004097,0.8548230850124157,34639340
1998-05-12,0.8305829763412476,0.8419897513633082,0.8113330228160092,0.8241663608619236,21997722
1998-05-13,0.8391376733779907,0.8555354652414899,0.8263052451038567,0.8270175896282893,30229101
1998-05-14,0.8305829763412476,0.8412764966231979,0.8263052148404871,0.8412764966231979,21234780
1998-05-15,0.8348607420921326,0.8541098390172307,0.8291564710821122,0.8305829805695949,20500502
1998-05-18,0.8655175566673279,0.8747854786775179,0.8398509849856075,0.8412765843727582,35954679
1998-05-19,0.8526842594146729,0.8769243211429664,0.8484064975249703,0.8662299431905293,15652450
1998-05-20,0.8341475129127502,0.8591008816126218,0.8305830060247114,0.8555354644827831,19063006
1998-05-21,0.8384251594543457,0.8427029205206676,0.823452968950405,0.8341473983880238,15703077
1998-05-22,0.8384251594543457,0.8384251594543457,0.8384251594543457,0.8384251594543457,0
1998-05-25,0.8676565885543823,0.8819155293661596,0.8498322298581663,0.8626655710788222,53250674
1998-05-26,0.8541098237037659,0.8733597234382342,0.8448419027792533,0.8676563627722422,27776662
1998-05-27,0.8526842594146729,0.8619521813008267,0.8412765731136368,0.8555355116944539,25013104
1998-05-28,0.8484065532684326,0.862665492786115,0.8412766283886365,0.8519710605873758,33082194
1998-05-29,0.8663727641105652,0.8933221881005777,0.8533975339564083,0.8543955873962361,43435170
1998-06-01,0.9132843613624573,0.92825644504682,0.8663725928043172,0.8683686457456576,69768018
1998-06-02,0.9052992463111877,0.9262605075493214,0.8883310550079039,0.9182754385522709,33184368
1998-06-03,0.8943202495574951,0.9132846048106268,0.8883312324389595,0.9052994271313898,22252500
1998-06-04,0.873359739780426,0.8983131077350759,0.8663726703901485,0.8963161443732114,23846787
1998-06-05,0.8863351941108704,0.8873331940928096,0.8633787850622824,0.8733599092982013,24182505
1998-06-08,0.8923240303993225,0.9082942757051902,0.8733597322110831,0.8833409079668092,25670313
1998-06-09,0.8663727641105652,0.8923241346607499,0.8523986238183489,0.8883311712904859,18721575
1998-06-10,0.880346953868866,0.8983132007498994,0.8583876900924237,0.8643767067709643,20859021
1998-06-11,0.8583876490592957,0.8893300347971295,0.8583876490592957,0.8833409648612425,10105020
1998-06-12,0.8793478012084961,0.8883309762620506,0.868368626800776,0.8833408172457538,13832442
1998-06-15,0.8903279900550842,0.9072962353836892,0.8783499043267863,0.8923240431864803,29572416
1998-06-16,0.8843390345573425,0.8973142642704357,0.8663727346601782,0.8923241043282046,13898178
1998-06-17,0.8773518800735474,0.8923240727670856,0.8733597736784167,0.8883311096737826,8566560
1998-06-18,0.8813449144363403,0.8883311275401456,0.8723617913966352,0.8783499511097668,9665712
1998-06-19,0.9112884402275085,0.9132845471184726,0.8813449628356538,0.888331176323109,36011655
1998-06-22,0.9462230801582336,0.9761665069227717,0.9212697069325503,0.9212697069325503,65395845
1998-06-23,0.9552058577537537,0.9581999102074557,0.9282563872274047,0.9532097513931183,29381265
1998-06-24,0.9332467913627625,0.9532100019618344,0.9212696146142741,0.9532100019618344,20223702
1998-06-25,0.9152806401252747,0.9382379063674148,0.9082944794700578,0.9282567283725323,17393526
1998-06-26,0.9192734956741333,0.9262606192921836,0.9082943725122928,0.9132845325729474,10900062
1998-06-29,0.8933219909667969,0.9182753561142107,0.888330975258097,0.9182753561142107,14113350
1998-06-30,0.880346953868866,0.8983132007498994,0.873359830211481,0.8963162371812615,9542520
1998-07-01,0.8743578195571899,0.9082943110486164,0.8663726965935401,0.9003091345413313,10839816
1998-07-02,0.8883310556411743,0.8883310556411743,0.8673707046298503,0.8733597205564375,9635580
1998-07-03,0.8873331546783447,0.8983132421940716,0.8783500308233867,0.8903281182767228,7413246
1998-07-06,0.8633785843849182,0.8883310411412635,0.8613816210996056,0.8883310411412635,7903260
1998-07-07,0.8643766641616821,0.8703648238468099,0.8533974879356109,0.856391594549993,6066270
1998-07-08,0.8783499598503113,0.8883311363800139,0.8703648365781822,0.8703648365781822,4873905
1998-07-09,0.8783499598503113,0.884339029864867,0.872361800077591,0.884339029864867,6185970
1998-07-10,0.907296359539032,0.9132845732962873,0.8783500245210836,0.8873331483115863,13729968
1998-07-13,0.9132843613624573,0.9232654292235924,0.8933220114656713,0.9072961489948072,14444685
1998-07-14,0.8763538002967834,0.9082942359674977,0.8713636945299356,0.9082942359674977,10798920
1998-07-15,0.880346953868866,0.8923241305277195,0.8663727600977352,0.8683688134245062,6102531
1998-07-16,0.873359739780426,0.8833409156226582,0.8633786174818275,0.8763538462323807,7151850
1998-07-17,0.8783499598503113,0.8903280463357853,0.8743578533351644,0.8813449232066881,6822720
1998-07-20,0.8583876490592957,0.8783499483128511,0.8523985791234088,0.8783499483128511,6760962
1998-07-21,0.8783499598503113,0.8863350831224405,0.8583876603345435,0.8643766768054618,4083138
1998-07-22,0.8623806834220886,0.8733598605710322,0.8583877199315164,0.8683688436105608,3835980
1998-07-23,0.8673707842826843,0.8773519072781746,0.8613817142624732,0.873359800759258,3777516
1998-07-24,0.873359739780426,0.8863350220746129,0.8663726703901485,0.873359739780426,6207570
1998-07-27,0.8673707842826843,0.8783499606797224,0.8573896077435567,0.8783499606797224,6894819
1998-07-28,0.8673707842826843,0.8723618009013475,0.859385661003015,0.8683687841405948,4070133
1998-07-29,0.8603836894035339,0.8683687589075357,0.85639158300062,0.8683687589075357,4811040
1998-07-30,0.8723616600036621,0.8943200092511809,0.8693666971281824,0.8883309937419107,5261400
1998-07-31,0.8883310556411743,0.8883310556411743,0.8583875823172132,0.8733597205564375,7079850
1998-08-03,0.9043012857437134,0.9132845160584976,0.8783499694727279,0.8883311461117753,24957423
1998-08-04,0.8873331546783447,0.9033034025130424,0.8783500308233867,0.9033034025130424,8162046
1998-08-05,0.8883310556411743,0.8963161246439172,0.8783498800186431,0.8873330023312802,5788107
1998-08-06,0.8883310556411743,0.903303247424031,0.8883310556411743,0.8933220718014999,10151460
1998-08-07,0.8723616600036621,0.8933220095544604,0.8703646968249029,0.8883309937419107,6795738
1998-08-10,0.8294422626495361,0.869366919003423,0.8244512455632055,0.8623807051688792,10711440
1998-08-11,0.8364291787147522,0.8484064074237313,0.8244510933076522,0.8264480566272765,8739810
1998-08-12,0.8284441232681274,0.8464103682029769,0.7795354409245028,0.8464103682029769,11449872
1998-08-13,0.8364291787147522,0.8553934766662167,0.8184629340740394,0.8184629340740394,8311104
1998-08-14,0.8064848780632019,0.8334342460065718,0.8034907715654444,0.8334342460065718,7124796
1998-08-17,0.726634681224823,0.7965036590243547,0.7256366279316283,0.7965036590243547,12404970
1998-08-18,0.7306278347969055,0.7575772618648235,0.7066725148467898,0.7286317812329192,9566469
1998-08-19,0.7665602564811707,0.769554363091629,0.7286316577680828,0.7286316577680828,6833925
1998-08-20,0.780533492565155,0.78352845569446,0.754582981700543,0.7665602105797306,9390357
1998-08-21,0.7885186076164246,0.7955057309088098,0.758575132097113,0.7735473249776785,7204797
1998-08-24,0.7795355916023254,0.7965038400335398,0.7735474311132144,0.7965038400335398,6816168
1998-08-25,0.7695543766021729,0.7785374997458062,0.7465979703910788,0.7755433930827824,9205893
1998-08-26,0.7545828819274902,0.7785373365185406,0.7535839720365008,0.7695542152582984,5680800
1998-08-27,0.738612711429596,0.7535839916055517,0.7366166585354493,0.7485938861419988,4959162
1998-08-28,0.7755434513092041,0.7965038058331608,0.7436030628582498,0.7436030628582498,21699477
1998-08-31,0.794507622718811,0.7965036758036181,0.7306276593999542,0.775543324701447,11682810
1998-09-01,0.7775394916534424,0.7925116856938031,0.768556367986332,0.7865226153205528,7613010
1998-09-02,0.7705522179603577,0.7845263548515774,0.7635660597563972,0.7735471807055255,4777569
1998-09-03,0.7695543766021729,0.7775394463435858,0.7635662168197627,0.7685563231999524,3463110
1998-09-04,0.7825305461883545,0.7885187066076104,0.7715504583743399,0.7785375825438935,5987088
1998-09-07,0.7905156016349792,0.797501761411931,0.7835285316161731,0.7935097083562718,7604640
1998-09-08,0.7765414118766785,0.7965037105350836,0.7765414118766785,0.793509657549134,5912460
1998-09-09,0.7905156016349792,0.7935097083562718,0.7685563381569172,0.7765414615973669,6907221
1998-09-10,0.8334344029426575,0.8464105445769011,0.7895167812374951,0.7945077985238423,25117011
1998-09-11,0.8184629678726196,0.8384252664155502,0.8164660044705303,0.8334342500448307,11194371
1998-09-14,0.8254490494728088,0.8314381186318198,0.8064848060667082,0.813471874940122,11958183
1998-09-15,0.8134720325469971,0.8364292965875493,0.8134720325469971,0.8284442264526583,8974980
1998-09-16,0.8184629678726196,0.8234530740015481,0.8014947222983192,0.804488828810584,8464140
1998-09-17,0.7984997630119324,0.8264480948169836,0.7885185869195996,0.821457078421737,11237670
1998-09-18,0.7835283875465393,0.8084816996140177,0.7785373717450945,0.7905154562806129,9713412
1998-09-21,0.7895165681838989,0.7935095844012978,0.7685562180999349,0.7685562180999349,5108751
1998-09-22,0.7875205278396606,0.7935095971410571,0.7785374057802451,0.7785374057802451,3694059
1998-09-23,0.7935095429420471,0.8024926643878895,0.7835283682826144,0.7875204740497216,4130730
1998-09-24,0.7715503573417664,0.8084818126519662,0.7685563042960237,0.7984997796534378,3955671
1998-09-25,0.7765414118766785,0.7865225344340635,0.7615692193760677,0.7665602357756583,6294996
1998-09-28,0.7815325856208801,0.7875207463420005,0.7675584436646192,0.7785376217901633,4601196
1998-09-29,0.7785375118255615,0.7935097052257498,0.7765414585337874,0.7815324752332544,3634011
1998-09-30,0.780533492565155,0.7865225085819987,0.7735472799215093,0.78352845569446,3899925
1998-10-01,0.780533492565155,0.7865225085819987,0.7735472799215093,0.78352845569446,0
1998-10-02,0.780533492565155,0.7865225085819987,0.7735472799215093,0.78352845569446,0
1998-10-05,0.7705522179603577,0.7815323023480591,0.7685561651101366,0.7785373396028913,4502610
1998-10-06,0.7665602564811707,0.7775394326928534,0.7665602564811707,0.7755433794670934,3528000
1998-10-07,0.7585750222206116,0.7705522500625742,0.7555809695923571,0.768556197129195,3449376
1998-10-08,0.7645642757415771,0.7655623292208981,0.7565791518396693,0.7585752052546695,3381885
1998-10-09,0.7685563564300537,0.7775394799620907,0.7615692862451235,0.7615692862451235,3823551
1998-10-12,0.7645642757415771,0.7735473995791644,0.7525861883114033,0.7705524359865777,4831290
1998-10-13,0.7755434513092041,0.7885186819486015,0.7645642740804702,0.7645642740804702,6088725
1998-10-14,0.7705522179603577,0.7875204608987222,0.7685561651101366,0.7785373396028913,3390408
1998-10-15,0.7665602564811707,0.7705523629326907,0.7585751333363095,0.7705523629326907,6493410
1998-10-16,0.7705522179603577,0.7845263548515774,0.7685561651101366,0.7735471807055255,5206140
1998-10-19,0.7795355916023254,0.7885187158061142,0.7695544674221733,0.7705524673985366,6103746
1998-10-20,0.7735472917556763,0.7865225206146681,0.7725492919591065,0.7765413982326538,4155300
1998-10-21,0.7475957870483398,0.7735471502611723,0.7446008244210442,0.7735471502611723,6621921
1998-10-22,0.7585750222206116,0.7785373720377785,0.730627603971869,0.7346197098386275,6946605
1998-10-23,0.738612711429596,0.7585750073107741,0.738612711429596,0.7585750073107741,4704480
1998-10-26,0.7336218357086182,0.7386128523661891,0.7186505526759539,0.7376148525004987,5631228
1998-10-27,0.7306278347969055,0.7336219419147079,0.7196486567248284,0.7336219419147079,3711060
1998-10-28,0.7485941648483276,0.7485941648483276,0.7286318079914106,0.7296298615818794,3753369
1998-10-29,0.7316256761550903,0.7585750418631558,0.7286315699056778,0.7545829358930258,3278844
1998-10-30,0.7356178760528564,0.7436029992544109,0.7306277161812086,0.7306277161812086,3065157
1998-11-02,0.7346197366714478,0.7366166999194558,0.7186504559230592,0.7336217369401193,5468274
1998-11-03,0.7495920062065125,0.7555810760925048,0.7346198133842575,0.7396108834347053,6018354
1998-11-04,0.7366167306900024,0.7485939594697695,0.7306276611792396,0.7485939594697695,3304080
1998-11-05,0.7416068911552429,0.7416068911552429,0.7296296623598222,0.7386127847450112,4726260
1998-11-06,0.7835283875465393,0.7855244404791681,0.744600884467285,0.744600884467285,22037328
1998-11-09,0.8164659738540649,0.8264480597648227,0.7875205537052358,0.7885185534761439,28414557
1998-11-10,0.8084818124771118,0.8224550951978541,0.7935096732243718,0.8174649889414836,13968054
1998-11-11,0.7965036034584045,0.8064847782176215,0.7935095508749556,0.8064847782176215,8535816
1998-11-12,0.7845264077186584,0.8024927050646461,0.7835284079981086,0.7965036358687466,7951590
1998-11-13,0.7885186076164246,0.7885186076164246,0.778537484805745,0.784526501171426,7019640
1998-11-16,0.7855244874954224,0.8064848382541314,0.7825303811454576,0.7965036627518938,5316930
1998-11-17,0.7815325856208801,0.7935098173051005,0.7785376217901633,0.788518746357031,4204440
1998-11-18,0.7735472917556763,0.781532414544551,0.7715503283771225,0.781532414544551,4751937
1998-11-19,0.7765414118766785,0.7885185876059083,0.7655622359615535,0.7705523421193479,4750398
1998-11-20,0.7775394916534424,0.7875206687809332,0.7715504212801919,0.7785375451138228,3322890
1998-11-23,0.7705522179603577,0.7805333924531123,0.7695542183070604,0.7795353392561886,3324510
1998-11-24,0.7775394916534424,0.7835285620266927,0.7715504212801919,0.7715504212801919,2937942
1998-11-25,0.757577121257782,0.7805335266950214,0.7565790678892057,0.7785374735015045,4485060
1998-11-26,0.7465980052947998,0.7565791287636372,0.7446010416988008,0.7535841652623985,4474026
1998-11-27,0.7426047921180725,0.7535839661346422,0.7406087392913918,0.7465978080130727,3817170
1998-11-30,0.7475957870483398,0.7495918398200027,0.7396107192636996,0.7426047716493814,2619630
1998-12-01,0.7475957870483398,0.7575769611482673,0.7465977874343207,0.7485938402059834,2201733
1998-12-02,0.7416068911552429,0.7485939604481552,0.7376147849706893,0.7436029442475197,3088953
1998-12-03,0.7416068911552429,0.751588013314754,0.7386127847450112,0.7416068911552429,2400120
1998-12-04,0.7446010112762451,0.7535841344728145,0.7386128514585477,0.7485940280632188,2491389
1998-12-07,0.7416068911552429,0.7585750826076663,0.740608837837288,0.7585750826076663,2088900
1998-12-08,0.7495920062065125,0.7525861128004189,0.7416069366494308,0.7416069366494308,2005848
1998-12-09,0.753584086894989,0.7615692097229505,0.7416069113175734,0.7495919806019006,2182410
1998-12-10,0.7485941648483276,0.7585752897331387,0.7485941648483276,0.7585752897331387,2360214
1998-12-11,0.7485941648483276,0.7525862721229077,0.7416070936476279,0.7465981112110377,1882494
1998-12-14,0.7555810809135437,0.7615692405959281,0.7485940111474252,0.7485940111474252,2176200
1998-12-15,0.7465980052947998,0.7545830754095176,0.738612881636442,0.7545830754095176,2370690
1998-12-16,0.7436031699180603,0.7545832054259017,0.739611062521972,0.7485941876333823,1736640
1998-12-17,0.7286316156387329,0.7396108447592352,0.7266347058302496,0.7396108447592352,3089160
1998-12-18,0.71665358543396,0.7326237784911456,0.7146575321693167,0.7146575321693167,2346300
1998-12-21,0.7136594653129578,0.7176515714674794,0.7016822366076401,0.7136594653129578,1604160
1998-12-22,0.7366167306900024,0.7426048899590065,0.7086684000112479,0.7166535226116787,1990170
1998-12-23,0.726634681224823,0.7386127664212138,0.7236405748888703,0.7386127664212138,1161180
1998-12-24,0.7216446995735168,0.7286317704138742,0.7186506460438171,0.7286317704138742,1243170
1998-12-25,0.7256367802619934,0.728631743924774,0.7186506199175765,0.7246387803029237,1681668
1998-12-28,0.7176516652107239,0.7336218588547901,0.7166536117699065,0.7336218588547901,1652580
1998-12-29,0.7176516652107239,0.7286316987379823,0.7066724348380583,0.7186505753497737,2136996
1998-12-30,0.7276336550712585,0.7485940075712988,0.7106654090070704,0.7106654090070704,2244240
1998-12-31,0.7286316156387329,0.7336217751864211,0.718650493388855,0.7216445462825613,1123740
1999-01-01,0.7286316156387329,0.7336217751864211,0.718650493388855,0.7216445462825613,0
1999-01-04,0.7455998659133911,0.7545829884416579,0.7236406043669453,0.7286316206470748,6646779
1999-01-05,0.7635661959648132,0.7755433719007057,0.7386128269326195,0.7446009865514778,15048108
1999-01-06,0.7585750222206116,0.7735472129325162,0.7565789692872323,0.7665601441958159,9465300
1999-01-07,0.7515881061553955,0.7635662466721875,0.7485940529189534,0.7595732297526326,4328820
1999-01-08,0.7695543766021729,0.773547339821979,0.7545830401324918,0.7545830401324918,7789536
1999-01-11,0.7765414118766785,0.7865225344340635,0.7735473053470937,0.7735473053470937,8531208
1999-01-12,0.7685563564300537,0.780533586754571,0.7665603030829469,0.780533586754571,5287680
1999-01-13,0.7585750222206116,0.7735472129325162,0.7525860067224152,0.7635660915675614,4607622
1999-01-14,0.7605710625648499,0.7635660789288463,0.7505899413651048,0.753583993943801,3053412
1999-01-15,0.7465980052947998,0.7595732355666366,0.7465980052947998,0.7585751821177569,3863070
1999-01-18,0.7595731616020203,0.7605711614100783,0.72463867065467,0.7436029693840669,5312052
1999-01-19,0.7605710625648499,0.76256711546519,0.7515879410434609,0.7605710625648499,3165309
1999-01-20,0.7465980052947998,0.7635662525167551,0.7446010416988008,0.7615692889207563,2541600
1999-01-21,0.7465980052947998,0.7545830754095176,0.738612881636442,0.7465980052947998,2724084
1999-01-22,0.7545828819274902,0.7605710404544299,0.7485938667025309,0.7485938667025309,3192480
1999-01-25,0.7615692615509033,0.7725493483158892,0.752586138310148,0.753584138179521,4432860
1999-01-26,0.7426047921180725,0.7605710344978505,0.7386126864647112,0.759573034856323,3023928
1999-01-27,0.7416068911552429,0.750590013540432,0.7386127847450112,0.7485939604481552,2883267
1999-01-28,0.7316256761550903,0.7485939202397499,0.7276335701849603,0.7446009040279088,4348980
1999-01-29,0.7326238751411438,0.7356179822049193,0.7186506437470482,0.7326238751411438,3916089
1999-02-01,0.7196485996246338,0.7326238302311835,0.7186505996936492,0.7326238302311835,2484180
1999-02-02,0.726634681224823,0.7276335912161236,0.7186504690537913,0.7196484688033544,2696058
1999-02-03,0.7136594653129578,0.7346197627922533,0.7136594653129578,0.728631603560471,2748960
1999-02-04,0.7186505794525146,0.7256367394035619,0.710665455813075,0.7136595626089809,2465667
1999-02-05,0.7056743502616882,0.71665352577324,0.7046762969406348,0.713659472897346,2655900
1999-02-08,0.6697418093681335,0.7056743526876053,0.663752793353994,0.7056743526876053,5150790
1999-02-09,0.6867100596427917,0.6907021658835042,0.6697418144080353,0.6697418144080353,3877164
1999-02-10,0.6867100596427917,0.6907021658835042,0.6697418144080353,0.6697418144080353,0
1999-02-11,0.6867100596427917,0.6907021658835042,0.6697418144080353,0.6697418144080353,0
1999-02-12,0.6867100596427917,0.6907021658835042,0.6697418144080353,0.6697418144080353,0
1999-02-15,0.6867100596427917,0.6907021658835042,0.6697418144080353,0.6697418144080353,0
1999-02-16,0.6867100596427917,0.6907021658835042,0.6697418144080353,0.6697418144080353,0
1999-02-17,0.6867100596427917,0.6907021658835042,0.6697418144080353,0.6697418144080353,0
1999-02-18,0.6867100596427917,0.6907021658835042,0.6697418144080353,0.6697418144080353,0
1999-02-19,0.6867100596427917,0.6907021658835042,0.6697418144080353,0.6697418144080353,0
1999-02-22,0.6867100596427917,0.6907021658835042,0.6697418144080353,0.6697418144080353,0
1999-02-23,0.6867100596427917,0.6907021658835042,0.6697418144080353,0.6697418144080353,0
1999-02-24,0.6867100596427917,0.6907021658835042,0.6697418144080353,0.6697418144080353,0
1999-02-25,0.6867100596427917,0.6907021658835042,0.6697418144080353,0.6697418144080353,0
1999-02-26,0.6867100596427917,0.6907021658835042,0.6697418144080353,0.6697418144080353,0
1999-03-01,0.6887061595916748,0.6917011229458073,0.6807210363255293,0.6917011229458073,2140560
1999-03-02,0.6907021999359131,0.6926991633964946,0.6837160404420575,0.6887061467171491,1679400
1999-03-03,0.7186505794525146,0.7186505794525146,0.6867101384383962,0.6887061917877868,3253104
1999-03-04,0.7086684703826904,0.7236406637536545,0.7036783639348145,0.7236406637536545,2674260
1999-03-05,0.7086684703826904,0.7136595406160536,0.7026803105190564,0.7056744172226925,2437740
1999-03-08,0.7066724300384521,0.7106654469291946,0.6986873600424721,0.7086684833628906,3218175
1999-03-09,0.7116634845733643,0.7176516444138183,0.7066724143593212,0.7086684676394726,3226554
1999-03-10,0.7016821503639221,0.7086683085038502,0.6986871876462049,0.6986871876462049,2045790
1999-03-11,0.7116634845733643,0.7136595378535157,0.6986873445405081,0.7026803077990185,3017232
1999-03-12,0.71665358543396,0.7186505489404418,0.7086684621335484,0.7096674257795273,3961512
1999-03-15,0.7286316156387329,0.7336217751864211,0.718650493388855,0.718650493388855,7235550
1999-03-16,0.7336218357086182,0.7455999222987787,0.7286316757492526,0.7286316757492526,4466790
1999-03-17,0.7196485996246338,0.7336218837058093,0.7186505996936492,0.7286317234199626,4211820
1999-03-18,0.7286316156387329,0.7366167383218956,0.7046763011328784,0.7146574769263896,5939820
1999-03-19,0.7316256761550903,0.7386127450727138,0.7246386072374669,0.7266346602225319,3629241
1999-03-22,0.7336218357086182,0.7436030123255547,0.7306277290242712,0.7336218357086182,6121575
1999-03-23,0.7276336550712585,0.736616778021925,0.723640638393589,0.7336218147250368,3063510
1999-03-24,0.7176516652107239,0.7336218588547901,0.712661505093916,0.712661505093916,4837329
1999-03-25,0.7096673846244812,0.7206465604133343,0.7086684210364341,0.7186505072644461,3410100
1999-03-26,0.7086684703826904,0.7136595406160536,0.7036783639348145,0.7036783639348145,3439071
1999-03-29,0.7086684703826904,0.7116634873281756,0.7036783639348145,0.7086684703826904,4312413
1999-03-30,0.7086684703826904,0.7166535937760515,0.7056744172226925,0.7136595406160536,2450079
1999-03-31,0.7056743502616882,0.7096673667003984,0.7036782971632145,0.7066723500391086,2119032
1999-04-01,0.7096673846244812,0.7096673846244812,0.7036783149360312,0.7056743680849192,3824316
1999-04-02,0.7186505794525146,0.7276337029948297,0.7096674559101998,0.7096674559101998,4189500
1999-04-05,0.7216446995735168,0.7296298239528706,0.7136596287378079,0.7186506460438171,4045743
1999-04-06,0.753584086894989,0.7605711563778612,0.7236406125151061,0.7236406125151061,17380827
1999-04-07,0.738612711429596,0.7565789544166275,0.7376147117543365,0.7535839916055517,6581601
1999-04-08,0.7465980052947998,0.7535841652623985,0.7336218647810836,0.7416069884394414,7840557
1999-04-09,0.7915135025978088,0.8184628673622729,0.7485938940285827,0.7485938940285827,49865940
1999-04-12,0.7935095429420471,0.804488717271443,0.7805334054874329,0.7965035954955639,23444622
1999-04-13,0.7605710625648499,0.791513496714997,0.753583993943801,0.7905154434930131,13967748
1999-04-14,0.7555810809135437,0.7585751339829176,0.7336218182296391,0.7585751339829176,8334450
1999-04-15,0.7336218357086182,0.7635662222576332,0.7306277290242712,0.754583045506387,8664021
1999-04-16,0.7336218357086182,0.7436030123255547,0.721644605816663,0.7336218357086182,7571970
1999-04-19,0.7206465601921082,0.7336217891258662,0.716653543653772,0.7336217891258662,6807285
1999-04-20,0.7246387004852295,0.7316257703019612,0.716653577275719,0.7186505407594678,6735456
1999-04-21,0.71665358543396,0.7426049550562004,0.7146575321693167,0.7286316719618591,5412204
1999-04-22,0.7585750222206116,0.7735472129325162,0.7136594138702139,0.718650429673535,19346400
1999-04-23,0.7505900859832764,0.7685563324876583,0.7446010158866537,0.7585751558211858,9782019
1999-04-26,0.7625671625137329,0.7685562318259367,0.7465978816277018,0.7525860406981769,9757413
1999-04-27,0.7336218357086182,0.7665602753983422,0.7286316757492526,0.7665602753983422,7241265
1999-04-28,0.753584086894989,0.7935096474911623,0.7336217884896119,0.7336217884896119,18281331
1999-04-29,0.7785375118255615,0.7835285285250285,0.7535841417246518,0.7535841417246518,20772414
1999-04-30,0.7685563564300537,0.7865226034941278,0.7615692862451235,0.7865226034941278,10565631
1999-05-03,0.7685563564300537,0.7865226034941278,0.7615692862451235,0.7865226034941278,0
1999-05-04,0.7915135025978088,0.8034906767869127,0.770552243035243,0.770552243035243,25936038
1999-05-05,0.8124738335609436,0.815467939835187,0.7785373986538121,0.7984996956098059,32972004
1999-05-06,0.8064848780632019,0.8294421397053181,0.8004967186113214,0.8124738942132343,40866390
1999-05-07,0.7815325856208801,0.8144701199975122,0.7785376217901633,0.8064850490043513,23918040
1999-05-10,0.7595731616020203,0.7815324235410167,0.7485939857534173,0.7485939857534173,21302307
1999-05-11,0.792511522769928,0.7945075757367012,0.7585750349116016,0.7585750349116016,12795759
1999-05-12,0.780533492565155,0.7945076312487125,0.7785374394589182,0.7915135783611738,8073999
1999-05-13,0.7665602564811707,0.7865225556787763,0.7625672397878297,0.7785374860775517,5873220
1999-05-14,0.7685563564300537,0.7775394799620907,0.75358416261482,0.7565791261055365,8885457
1999-05-17,0.7835283875465393,0.7905154562806129,0.7615691281061898,0.7615691281061898,10283904
1999-05-18,0.7785375118255615,0.8034908283828329,0.7785375118255615,0.7855245818168026,17275905
1999-05-19,0.8184629678726196,0.826448090755604,0.7805335137052659,0.7805335137052659,46415412
1999-05-20,0.8364291787147522,0.8414193381812458,0.8104778115208021,0.8264480566272765,73166292
1999-05-21,0.8364291787147522,0.8364291787147522,0.8364291787147522,0.8364291787147522,0
1999-05-24,0.920271635055542,0.920271635055542,0.8434155704552356,0.8683688896401357,122936112
1999-05-25,0.9033032655715942,1.0081066825863454,0.8973141959810528,0.9661851230233641,169319349
1999-05-26,0.932248592376709,0.9582000124929916,0.8783498597449537,0.898313067227354,78255504
1999-05-27,0.9252623915672302,0.9462227946874857,0.9092922546548708,0.9342455132649892,54962010
1999-05-28,0.9033032655715942,0.9332466859534927,0.8783498976648876,0.9252624734884652,50622957
1999-05-31,0.8943202495574951,0.9182756219642764,0.8783500548299508,0.8983132667462589,44589771
1999-06-01,0.9362417459487915,0.9442268154813181,0.893322131070551,0.8943201309030266,56938329
1999-06-02,0.8883310556411743,0.9442267528349049,0.8833408961789687,0.9412318432943675,41960718
1999-06-03,0.8543955683708191,0.8833409915086607,0.8484064982542622,0.8833409915086607,27595026
1999-06-04,0.8723616600036621,0.8843388878677708,0.8484063475773841,0.8484063475773841,25463322
1999-06-07,0.9082942605018616,0.9182754360905194,0.8683687014491129,0.8783498770377708,33183990
1999-06-08,0.8893298506736755,0.9232653722190186,0.8803467295224061,0.911288198612413,24525126
1999-06-09,0.8973141312599182,0.9082942163190885,0.8683686592084658,0.8883310094147394,23978097
1999-06-10,0.932248592376709,0.9661850813114267,0.8873329818502462,0.9082942426195041,89556264
1999-06-11,0.9881443381309509,1.0250748776998395,0.9342455015339322,0.9342455015339322,151773075
1999-06-14,1.017090082168579,1.0260732061631763,0.9911386565942676,1.0160920286718138,91976733
1999-06-15,0.9532099962234497,1.0899530619890445,0.9282566256485062,1.0400463208391575,114835446
1999-06-16,1.0490293502807617,1.0490293502807617,0.980159278744393,0.980159278744393,94670586
1999-06-17,1.105923056602478,1.1368645265582062,1.0600092892933817,1.078973585307391,138331962
1999-06-18,1.0679936408996582,1.135866622364187,1.0580125720660938,1.127881553122799,60021522
1999-06-21,1.091949224472046,1.091949224472046,1.0490296005948843,1.0779760459276486,58767255
1999-06-22,1.0769767761230469,1.0979380382486374,1.0380502324097614,1.0979380382486374,48880908
1999-06-23,1.0959421396255493,1.127881670298421,1.0610075919242126,1.0779758925968157,64102356
1999-06-24,1.170801043510437,1.1777880586785159,1.0969399639369959,1.097937910084673,93133008
1999-06-25,1.1849807500839233,1.2842347687448459,1.1748519219169384,1.2052366678244344,149378742
1999-06-28,1.3014527559280396,1.3014527559280396,1.19612158012317,1.19612158012317,108325170
1999-06-29,1.3115804195404053,1.3652591652145236,1.24676109325499,1.3358880200492234,103207698
1999-06-30,1.2133393287658691,1.306517193164476,1.2001724154179285,1.306517193164476,62797005
1999-07-01,1.0918020009994507,1.204223786465395,1.0918020009994507,1.204223786465395,43877367
1999-07-02,1.0999046564102173,1.134340217082084,1.012804056311039,1.0735717020481883,43834005
1999-07-05,1.0320473909378052,1.1090200429492139,1.0229320526184298,1.1039564973420926,30637800
1999-07-06,1.011791467666626,1.0533159318105156,0.9965990922852906,1.0158422824108972,23484825
1999-07-07,1.0786361694335938,1.0786361694335938,1.0128041062676325,1.0128041062676325,28394190
1999-07-08,1.063443899154663,1.0948412723092251,1.0482523929722631,1.0887641265257189,15848613
1999-07-09,1.0735719203948975,1.0816744196905557,1.0431880370156985,1.0634439592684979,18493002
1999-07-12,1.0279955863952637,1.0735718428192091,1.0107778581327198,1.0715463811348265,14315400
1999-07-13,0.9915346503257751,1.0128041708708275,0.9874838356920824,1.0128041708708275,15547860
1999-07-14,1.0097650289535522,1.0178675268746586,0.9641888856301924,0.9722913835512988,11385675
1999-07-15,1.0360978841781616,1.0492647937997324,0.9976115157841593,1.0128038864848987,18782838
1999-07-16,1.0016626119613647,1.0330599841010593,0.9986244194851984,1.0330599841010593,12573504
1999-07-19,0.9449458718299866,0.9874839394298773,0.9419076790389677,0.9722915628672621,12444867
1999-07-20,1.0340726375579834,1.039137051940752,0.9419075109548763,0.9449457032037276,17997057
1999-07-21,1.060405969619751,1.0836998693688873,1.025970398877576,1.0482525455802776,35292105
1999-07-22,1.0057144165039062,1.0533160308687812,1.0026763323255157,1.0523032999219448,17233236
1999-07-23,1.0188801288604736,1.048252141926601,0.9834319494250029,1.0026760043627814,9843966
1999-07-26,1.0279955863952637,1.045213423319915,1.020906687824139,1.042175230793341,8841357
1999-07-27,1.0178678035736084,1.0279957657350487,1.0128043658035206,1.0209068659272247,6793560
1999-07-28,0.989509105682373,1.0117913551824416,0.9641888812894783,0.9844456693115342,21464820
1999-07-29,1.002676010131836,1.0047013627125758,0.9895089907843079,0.9925471826485435,10856097
1999-07-30,0.9965987801551819,1.010777550947329,0.9874835533730227,1.0047012764029286,7403832
1999-08-02,1.0077396631240845,1.0097650159229825,0.9773557852914624,1.0006497873759386,15193953
1999-08-03,1.049264669418335,1.063443438602117,1.0117910360060973,1.0138163881831024,24679845
1999-08-04,1.106994390487671,1.1130715346017839,1.0229317759394312,1.0229317759394312,49595931
1999-08-05,1.1171226501464844,1.154596411927566,1.1130719436622798,1.1140845659522713,59437521
1999-08-06,1.1090195178985596,1.1383906546726745,1.0533154354734762,1.1221865340343304,37745001
1999-08-09,1.1323148012161255,1.1545961816643786,1.1140843437684325,1.1140843437684325,28632717
1999-08-10,1.0887640714645386,1.1302895117350686,1.0857259877059195,1.124212366258897,17666100
1999-08-11,1.0674957036972046,1.093828773560387,1.063444019172681,1.0786363963665342,12065202
1999-08-12,1.0381234884262085,1.072559051677426,1.0310345902536238,1.0634438226375191,12746889
1999-08-13,1.0735719203948975,1.0735719203948975,1.0381236218040373,1.0381236218040373,8743779
1999-08-16,1.097879409790039,1.1120590536996293,1.071546344220191,1.0938285952229312,12795390
1999-08-17,1.079648733139038,1.1100326101940612,1.0735716969390108,1.097879298428656,10232073
1999-08-18,1.0735719203948975,1.0938287119446197,1.0523032672267274,1.0816744196905557,5111946
1999-08-19,1.1221867799758911,1.134340090442317,1.0766105346163002,1.0766105346163002,26697591
1999-08-20,1.105981707572937,1.1424426179115639,1.1029436243643036,1.1343401209504795,15650298
1999-08-23,1.1849807500839233,1.188018942153236,1.1140842773574962,1.1140842773574962,38735865
1999-08-24,1.1718138456344604,1.205236675152392,1.1647239701283192,1.1951087162205574,36444033
1999-08-25,1.1394046545028687,1.1829545751233697,1.1343402402179323,1.1748519686482723,18829800
1999-08-26,1.1738395690917969,1.180929446837097,1.1252253291329932,1.133327829231941,25717572
1999-08-27,1.163711428642273,1.1859935700747288,1.1586478834742433,1.1768783412079002,15744060
1999-08-30,1.1940959692001343,1.217389970171044,1.1799163270437933,1.1829545190900435,37042623
1999-08-31,1.1900442838668823,1.2072621180409664,1.1708010969940752,1.1920697452276954,14500062
1999-09-01,1.1333274841308594,1.1829545486559965,1.130289400670768,1.1626986305629836,12874023
1999-09-02,1.150545358657837,1.164724023701368,1.1029437538969495,1.1221869419498065,21124737
1999-09-03,1.1221867799758911,1.153583275717656,1.1150969051669781,1.144468048378154,9407736
1999-09-06,1.106994390487671,1.1313019889854077,1.1019299769534843,1.1140841565196307,7891020
1999-09-07,1.106994390487671,1.1201604313371083,1.1039561987478923,1.106994390487671,5853330
1999-09-08,1.1110453605651855,1.132314770317584,1.1069945463372615,1.1069945463372615,5219190
1999-09-09,1.22245454788208,1.22245454788208,1.1343403383563189,1.1404174838970782,50815890
1999-09-10,1.2427105903625488,1.334875732220558,1.2356208219691662,1.2558766355972637,115529247
1999-09-13,1.2528382539749146,1.2660042960828661,1.225492569785562,1.2457483786031693,28911060
1999-09-14,1.2335950136184692,1.2660042411224202,1.2254925165838326,1.2538509302188054,20211102
1999-09-15,1.2548633813858032,1.2639787164745717,1.226504971610789,1.2335948457097183,19802034
1999-09-16,1.2173899412155151,1.2609407280340459,1.2153645885616118,1.2558763141094536,15161139
1999-09-17,1.22245454788208,1.2447359298160972,1.2001724053133287,1.2173901331589916,16111080
1999-09-20,1.2032114267349243,1.2275180521653837,1.2001723650869334,1.225492699260031,8328159
1999-09-21,1.2082747220993042,1.2143518667260433,1.1849807215132064,1.1951086801392696,7211925
1999-09-22,1.2062495946884155,1.2254927848687052,1.2052368638339428,1.215364824351324,5962410
1999-09-23,1.2011852264404297,1.2204284173682067,1.190044534635824,1.2052369106504677,7994754
1999-09-24,1.2123265266418457,1.2335950661180128,1.2062493819520235,1.2153646100073532,6010290
1999-09-27,1.1971343755722046,1.233595294545057,1.1920699606204612,1.233595294545057,5145480
1999-09-28,1.1758655309677124,1.201184993690164,1.1647239720250708,1.194095987469213,5612517
1999-09-29,1.1647238731384277,1.205236574788892,1.160673059354129,1.205236574788892,6844167
1999-09-30,1.1343404054641724,1.1708013249478766,1.1323149437090039,1.164724179047592,12544821
1999-10-01,1.1343404054641724,1.1708013249478766,1.1323149437090039,1.164724179047592,0
1999-10-04,1.1343404054641724,1.1708013249478766,1.1323149437090039,1.164724179047592,0
1999-10-05,1.1343404054641724,1.1708013249478766,1.1323149437090039,1.164724179047592,0
1999-10-06,1.1343404054641724,1.1708013249478766,1.1323149437090039,1.164724179047592,0
1999-10-07,1.1343404054641724,1.1708013249478766,1.1323149437090039,1.164724179047592,0
1999-10-08,1.1343404054641724,1.1343404054641724,1.1343404054641724,1.1343404054641724,0
1999-10-11,1.0887640714645386,1.1140844062171988,1.0634438453739818,1.0836996567952746,8689230
1999-10-12,1.105981707572937,1.1080070601579979,1.0867385217800511,1.0988918325733412,4111416
1999-10-13,1.063443899154663,1.1130718403628697,1.063443899154663,1.1059819637212398,4273866
1999-10-14,1.050277829170227,1.091802292572899,1.0431879527008578,1.053315913008673,5315850
1999-10-15,1.0867387056350708,1.0988920184844646,1.0523031420556783,1.0523031420556783,5515605
1999-10-18,1.0512906312942505,1.103956664150113,1.0512906312942505,1.0907897484531779,4804740
1999-10-19,1.0290080308914185,1.048252084780088,1.025969947872371,1.048252084780088,6012900
1999-10-20,1.0452133417129517,1.061418337868069,1.022931960979111,1.022931960979111,3301695
1999-10-21,1.0371108055114746,1.0482523659329708,1.0148295319242917,1.0452134128022241,5752314
1999-10-22,1.0826869010925293,1.122186874876612,1.0188801956579503,1.0381233825606406,12678975
1999-10-25,1.049264669418335,1.085725572411039,1.0452129871057652,1.0826866205180028,4460940
1999-10-26,1.058380126953125,1.086738540827716,1.0431877547261628,1.0482521685673793,4570065
1999-10-27,1.106994390487671,1.1140841565196307,1.0786359783323087,1.0847131224464217,11639628
1999-10-28,1.0897767543792725,1.1140843572567845,1.088764023616871,1.1120590043940808,8233767
1999-10-29,1.0745844841003418,1.109020049899639,1.063443901327672,1.109020049899639,3769290
1999-11-01,1.058380126953125,1.0786360437246163,1.0512902518292624,1.0715461686007537,2405664
1999-11-02,1.0654690265655518,1.0735716323493487,1.0533157155313304,1.059392860027829,1866240
1999-11-03,1.0755977630615234,1.0836993901995335,1.0614181226457349,1.0836993901995335,2351214
1999-11-04,1.0330599546432495,1.0786362090114094,1.0330599546432495,1.0786362090114094,4429800
1999-11-05,1.0391371250152588,1.0553412527970338,1.029008295537439,1.0381235248975822,3368646
1999-11-08,1.049264669418335,1.0533154824344073,1.031034217921983,1.031034217921983,3005676
1999-11-09,1.0350854396820068,1.063443858544499,1.033059978043107,1.0523031675579182,2647800
1999-11-10,1.0411626100540161,1.0411626100540161,1.0138168126969647,1.0350854643577057,4774455
1999-11-11,1.020906686782837,1.0340727310284334,1.0188803558036608,1.0340727310284334,2506050
1999-11-12,1.022931694984436,1.033059651954646,1.017867281851048,1.022931694984436,2261880
1999-11-15,1.0279955863952637,1.031034648218698,1.0178676260007047,1.0229320408464144,2573505
1999-11-16,1.0411626100540161,1.0533159234876681,1.0249575039491314,1.0411626100540161,3935925
1999-11-17,1.063443899154663,1.063443899154663,1.027995602567607,1.027995602567607,4182813
1999-11-18,1.0735719203948975,1.0938287119446197,1.0472388520150662,1.062431228353127,6821406
1999-11-19,1.0543285608291626,1.0836995999444423,1.048252284968582,1.0735717490961545,3785130
1999-11-22,1.0360978841781616,1.0583800206284408,1.0310343401423154,1.0533156072959944,3475845
1999-11-23,1.0776233673095703,1.0918021403120013,1.0381233931235745,1.0381233931235745,4067685
1999-11-24,1.0685083866119385,1.0857261163141145,1.0634439713427761,1.0786363478533303,1996380
1999-11-25,1.049264669418335,1.063443438602117,1.0442002566862314,1.063443438602117,1517220
1999-11-26,1.0462260246276855,1.0553412539982034,1.04116258784196,1.0431879408238292,2221290
1999-11-29,1.0360978841781616,1.0533156072959944,1.0330596925594089,1.0462257328843794,2104731
1999-11-30,1.0381234884262085,1.0442006337724505,1.0310345902536238,1.033059943162033,1754550
1999-12-01,1.0431879758834839,1.0533159364163713,1.0279956004357165,1.0411626228335462,2034450
1999-12-02,1.0290080308914185,1.0462257543627198,1.0279953003310436,1.0431876713436723,3248190
1999-12-03,1.0279955863952637,1.0381235467898227,1.020906687824139,1.0300219173765066,3002130
1999-12-06,1.0290080308914185,1.0431876713436723,1.022931756191246,1.022931756191246,1758150
1999-12-07,1.0269827842712402,1.0512903873767103,1.0209066169640477,1.0330599295373328,3789765
1999-12-08,1.0269827842712402,1.0350853910811302,1.0178675553515515,1.0350853910811302,2834460
1999-12-09,0.9955863952636719,1.023944815989902,0.9834322120241229,1.0229320851038946,5308830
1999-12-10,1.022931694984436,1.022931694984436,0.982419106469101,0.995586015573142,5970987
1999-12-13,1.002676010131836,1.027995362287971,0.9925471826485435,1.0229318178429956,3646503
1999-12-14,0.9965987801551819,1.0036886545305908,0.9854580923041978,1.0026759239961782,2630430
1999-12-15,1.0290080308914185,1.0634435864960987,1.023944486751621,1.0634435864960987,7639254
1999-12-16,1.0107777118682861,1.0371106658726916,1.0057141670521563,1.0290081683349859,4029444
1999-12-17,0.9976113438606262,1.0229315589040193,0.9955858831305159,1.012803711943186,3291435
1999-12-20,0.9976113438606262,1.0229315589040193,0.9955858831305159,1.012803711943186,0
1999-12-21,0.989509105682373,0.992547297899392,0.978368524242821,0.992547297899392,2898747
1999-12-22,0.9915346503257751,1.003688941482648,0.973304191549416,0.9834321517615452,2251449
1999-12-23,0.9834320545196533,1.004701464299478,0.9824193237958427,0.9884964687733703,6777900
1999-12-24,0.9550737142562866,0.9965990457584071,0.9530482526476567,0.9824194018906527,2194200
1999-12-27,0.9297541975975037,0.9520354693469544,0.9297541975975037,0.9520354693469544,3350943
1999-12-28,0.9267151355743408,0.9540608184802187,0.921651591090434,0.9267151355743408,2435850
1999-12-29,0.9297541975975037,0.939882157054806,0.9257025139689343,0.9267152447174061,2289402
1999-12-30,0.9307668209075928,0.9429201317968849,0.9216515932509326,0.9368429873728567,1947978
1999-12-31,0.9307668209075928,0.9429201317968849,0.9216515932509326,0.9368429873728567,0
2000-01-03,0.9307668209075928,0.9429201317968849,0.9216515932509326,0.9368429873728567,0
2000-01-04,1.0057144165039062,1.007739878397579,0.9216518801620696,0.9338051948347005,10872495
2000-01-05,0.989509105682373,1.0360980882016548,0.9803938770587372,1.0057142101137284,14532795
2000-01-06,1.0300214290618896,1.032046889786038,0.9773554297379614,0.9824189728862761,10731132
2000-01-07,1.0512906312942505,1.0634440553494395,1.0381237155973155,1.043188131266541,22536666
2000-01-10,1.1566214561462402,1.1566214561462402,1.0583801689743333,1.0583801689743333,74655630
2000-01-11,1.1221867799758911,1.213339053370911,1.0847131400215482,1.15662135884458,75063366
2000-01-12,1.0776233673095703,1.1444681568081443,1.073571683905795,1.119147824921311,29473092
2000-01-13,1.0533157587051392,1.101930091455514,1.0482522139414325,1.0755978983583703,11333592
2000-01-14,1.0259699821472168,1.0735715799373966,1.0209064378382602,1.0735715799373966,8202627
2000-01-17,1.0512906312942505,1.0593932399840853,1.0128043538043183,1.0249576691973818,7150734
2000-01-18,1.0310347080230713,1.063443944108896,1.022932100180802,1.063443944108896,5276124
2000-01-19,1.0442007780075073,1.0604058854173166,1.0178677093735644,1.0178677093735644,4054527
2000-01-20,1.097879409790039,1.1191479520265424,1.0431879256978407,1.0431879256978407,23534046
2000-01-21,1.0887640714645386,1.124212366258897,1.0695209908501535,1.0978794093614328,20612601
2000-01-24,1.1333274841308594,1.1343402148382542,1.0695208857570782,1.0836995503089777,27973422
2000-01-25,1.1039564609527588,1.164724113354263,1.0938286094375957,1.1444683016618318,13365072
2000-01-26,1.1039564609527588,1.114084421130027,1.0735718197862176,1.0999047770361676,11301831
2000-01-27,1.1394046545028687,1.1647240093751634,1.0887639888405602,1.115097052401768,34408890
2000-01-28,1.161685824394226,1.2011849273070545,1.1444680995418353,1.149532513384484,49048722
2000-01-31,1.161685824394226,1.2011849273070545,1.1444680995418353,1.149532513384484,0
2000-02-01,1.161685824394226,1.2011849273070545,1.1444680995418353,1.149532513384484,0
2000-02-02,1.161685824394226,1.2011849273070545,1.1444680995418353,1.149532513384484,0
2000-02-03,1.161685824394226,1.2011849273070545,1.1444680995418353,1.149532513384484,0
2000-02-04,1.161685824394226,1.2011849273070545,1.1444680995418353,1.149532513384484,0
2000-02-07,1.161685824394226,1.2011849273070545,1.1444680995418353,1.149532513384484,0
2000-02-08,1.161685824394226,1.2011849273070545,1.1444680995418353,1.149532513384484,0
2000-02-09,1.161685824394226,1.2011849273070545,1.1444680995418353,1.149532513384484,0
2000-02-10,1.161685824394226,1.2011849273070545,1.1444680995418353,1.149532513384484,0
2000-02-11,1.161685824394226,1.2011849273070545,1.1444680995418353,1.149532513384484,0
2000-02-14,1.2781585454940796,1.2781585454940796,1.1951086561848734,1.2660042564842182,65705247
2000-02-15,1.2761331796646118,1.405771948206486,1.23055703736527,1.296389098025971,107319870
2000-02-16,1.318670392036438,1.3672855966380988,1.257902744560567,1.2660043731433739,72872838
2000-02-17,1.1870061159133911,1.3976691864587196,1.1870061159133911,1.367285420955837,82274427
2000-02-18,1.214352011680603,1.2153647424668437,1.1242123433169897,1.1657368047811927,34743312
2000-02-21,1.1535835266113281,1.2072622803887152,1.1495327120070549,1.195108858616952,31383279
2000-02-22,1.119147777557373,1.1728265224740386,1.114084232972342,1.1444681083726138,27426474
2000-02-23,1.060405969619751,1.0938288093563657,1.0229322058608952,1.0533160919459537,17827209
2000-02-24,1.097879409790039,1.097879409790039,1.0431879256978407,1.0533158857434928,18598005
2000-02-25,1.0887640714645386,1.113071784072395,1.0796488422297479,1.1080072607410272,14142411
2000-02-28,1.1424424648284912,1.14953233887807,1.0543282839975323,1.0887637284747917,31356000
2000-02-29,1.1039564609527588,1.1545962618391,1.0857260022391497,1.148519985578423,24304014
2000-03-01,1.214352011680603,1.214352011680603,1.184980862961796,1.214352011680603,31582854
2000-03-02,1.245748519897461,1.33487556660825,1.2204282941897202,1.33487556660825,160486524
2000-03-03,1.2639790773391724,1.284234888303349,1.1951088202153062,1.2639790773391724,82997586
2000-03-06,1.18295419216156,1.2781582389883595,1.1748515883095465,1.270055635136346,51881931
2000-03-07,1.1799166202545166,1.1991598119411402,1.1495328449860762,1.1647242436407683,25347861
2000-03-08,1.2082747220993042,1.245748364607498,1.1718138102564635,1.18295449954788,52250949
2000-03-09,1.123199462890625,1.1748518773083645,1.1140842350562412,1.1323146907250088,32951430
2000-03-10,1.0776233673095703,1.1140842801219832,1.0685081391064672,1.1140842801219832,23578758
2000-03-13,1.0887640714645386,1.1090199915479348,1.0715463438018649,1.07357180541568,12136446
2000-03-14,1.097879409790039,1.1090199919808903,1.0614183841745388,1.083699657218345,23272191
2000-03-15,1.1140841245651245,1.1302892259861759,1.098891753694952,1.1039561670838796,21877875
2000-03-16,1.063443899154663,1.1039565020049926,1.0533159386007718,1.1039565020049926,13498047
2000-03-17,1.0877512693405151,1.1039562635150044,1.0634436694166955,1.0634436694166955,13489173
2000-03-20,1.1394046545028687,1.144468199491041,1.093828511787592,1.093828511787592,34195734
2000-03-21,1.1272505521774292,1.1505455360895447,1.1140845071839063,1.1424429282652386,19296261
2000-03-22,1.1302894353866577,1.1596605827208921,1.1120589781485013,1.1262377517979831,29035476
2000-03-23,1.2437232732772827,1.2437232732772827,1.1272505293206463,1.134340406102505,106014897
2000-03-24,1.310567855834961,1.362221142479273,1.2862611235416472,1.309555125126199,247962285
2000-03-27,1.3470289707183838,1.3662721610082222,1.3055045062201018,1.3105680518591831,126400131
2000-03-28,1.318670392036438,1.3693109494527522,1.3065170798654566,1.3571567679849998,77507253
2000-03-29,1.2892991304397583,1.330824564219962,1.2660042609418458,1.3186702751673054,51064110
2000-03-30,1.317657709121704,1.3338628141311115,1.275119648041073,1.2913247530504806,44403381
2000-03-31,1.2822095155715942,1.3115805551107163,1.2781587011601174,1.3115805551107163,26524980
2000-04-03,1.3014527559280396,1.347028902183181,1.2761332904271054,1.2761332904271054,34459542
2000-04-04,1.3166450262069702,1.345003444859293,1.2761332945007926,1.3014527600825516,56539818
2000-04-05,1.3672854900360107,1.4067845936433514,1.3217093504996456,1.3217093504996456,97464825
2000-04-06,1.386528730392456,1.3976693113894123,1.3470287559533867,1.3824770469627217,72323802
2000-04-07,1.3450031280517578,1.3895666418058756,1.3277854043589832,1.386528558747749,55236438
2000-04-10,1.3166450262069702,1.345003444859293,1.2963892146849336,1.345003444859293,37341765
2000-04-11,1.3277854919433594,1.3561439057866245,1.3186702642090058,1.3186702642090058,34216956
2000-04-12,1.3166450262069702,1.3470289064831817,1.297401945496878,1.3166450262069702,58737177
2000-04-13,1.3065170049667358,1.3257601918378623,1.3024652129487422,1.316644855080368,34317360
2000-04-14,1.297401785850525,1.3166448641927406,1.2882865576920353,1.3166448641927406,33453018
2000-04-17,1.2437232732772827,1.296389299439419,1.2254928135251717,1.2943638376831108,53103078
2000-04-18,1.261953592300415,1.2720815519251873,1.2275180297305321,1.2437231345813056,24843276
2000-04-19,1.2751195430755615,1.2963890608444608,1.2639789621556863,1.2639789621556863,23156937
2000-04-20,1.2751195430755615,1.2751195430755615,1.2751195430755615,1.2751195430755615,0
2000-04-21,1.3450031280517578,1.395643785880837,1.3044914058878767,1.3450031280517578,86677200
2000-04-24,1.3257602453231812,1.359183075674315,1.3176576389191206,1.3470287857508931,33468381
2000-04-25,1.3298109769821167,1.3369007435627271,1.3065169765583042,1.3267727850072237,21120138
2000-04-26,1.3267731666564941,1.3652595506326075,1.3196833980364957,1.3318375820393875,22088637
2000-04-27,1.2984143495559692,1.3318371772888125,1.2943635356506986,1.3267727634450144,19545309
2000-04-28,1.3267731666564941,1.3369011281253285,1.2913249755292167,1.29638939091211,21827817
2000-05-01,1.3267731666564941,1.3369011281253285,1.2913249755292167,1.29638939091211,0
2000-05-02,1.3267731666564941,1.3369011281253285,1.2913249755292167,1.29638939091211,0
2000-05-03,1.3267731666564941,1.3369011281253285,1.2913249755292167,1.29638939091211,0
2000-05-04,1.3267731666564941,1.3369011281253285,1.2913249755292167,1.29638939091211,0
2000-05-05,1.3267731666564941,1.3369011281253285,1.2913249755292167,1.29638939091211,0
2000-05-08,1.3115804195404053,1.3551312066048522,1.3055042528822973,1.3369007507129376,11249928
2000-05-09,1.2822095155715942,1.316644969587384,1.2761332396233294,1.3065171185929452,14782428
2000-05-10,1.2376461029052734,1.2791714366140887,1.2315699350806975,1.2761333527018008,20339064
2000-05-11,1.1890314817428589,1.2508127220053777,1.184980667926718,1.2356204587670325,19326834
2000-05-12,1.1789039373397827,1.205236896180774,1.172826791415082,1.1890317894668723,16159410
2000-05-15,1.1606733798980713,1.1951089467544773,1.1545963425777028,1.184980985868981,11071413
2000-05-16,1.1778913736343384,1.1849811427848198,1.16269899564586,1.1647243490345094,7927209
2000-05-17,1.1951086521148682,1.227517879901704,1.1849806937262979,1.1849806937262979,13953879
2000-05-18,1.2163771390914917,1.2163771390914917,1.184980537425438,1.1951084944781143,9785961
2000-05-19,1.2234673500061035,1.2254928117594934,1.2052368902802586,1.22042839674124,13493322
2000-05-22,1.3024650812149048,1.3166447219123745,1.2244797195997617,1.2254924501776503,41653323
2000-05-23,1.2953764200210571,1.3358881497303232,1.2761332315973992,1.3166449613066655,42730668
2000-05-24,1.3065170049667358,1.324747461157544,1.2811966733790696,1.3044915436060998,29851290
2000-05-25,1.3318371772766113,1.3652591357124602,1.311580391198293,1.3166448050420447,50036076
2000-05-26,1.304491639137268,1.3348755176895217,1.296389141128816,1.331837325426073,24013044
2000-05-29,1.3055042028427124,1.3206955968644962,1.296388975246139,1.2974017058710356,20527740
2000-05-30,1.2761331796646118,1.3146195549457078,1.2710687654258939,1.3065170572066507,20810106
2000-05-31,1.3085423707962036,1.3166448682925962,1.2660043132711876,1.2660043132711876,17643366
2000-06-01,1.297401785850525,1.3217093869261036,1.2862610963173808,1.3136067807928502,12492765
2000-06-02,1.3379137516021729,1.3470289813891814,1.2771460963326677,1.3014528324541388,43146981
2000-06-05,1.4381812810897827,1.4716041138124158,1.3520932959284875,1.3571568412315482,221028948
2000-06-06,1.4584381580352783,1.4675533876942024,1.3976695256606821,1.4381813677124993,117821286
2000-06-07,1.4331178665161133,1.4786940162231177,1.4199509523982703,1.4685661640584147,59791878
2000-06-08,1.3915921449661255,1.4331174682537258,1.3824769175578402,1.4331174682537258,50759352
2000-06-09,1.357156753540039,1.4158999168727922,1.3480415250191045,1.3875415005823926,43322058
2000-06-12,1.3824774026870728,1.3926052555912478,1.3348757877336688,1.3470291025565588,25928145
2000-06-13,1.3855160474777222,1.3976693595925973,1.3774135496355495,1.3875415089451215,17324505
2000-06-14,1.3753875494003296,1.407797657219814,1.3672859189079651,1.3895671956869806,23832153
2000-06-15,1.3824774026870728,1.3875418181187007,1.3672858949861102,1.369311248242705,14439501
2000-06-16,1.3956440687179565,1.4158999882359415,1.381464425209704,1.381464425209704,24667146
2000-06-19,1.3682984113693237,1.4128618264562338,1.364246618870334,1.3956440989017946,15917886
2000-06-20,1.3500679731369019,1.3875416212059435,1.3419653659770816,1.3470289113931566,14831406
2000-06-21,1.3885538578033447,1.397669084585695,1.3480412679016878,1.3551310336151705,18747765
2000-06-22,1.3895665407180786,1.4280529075974393,1.3885538102183506,1.3976690366883269,26454681
2000-06-23,1.4067846536636353,1.4128616898519357,1.3713363625194745,1.3905795498144449,25434378
2000-06-26,1.4199506044387817,1.4483090181991576,1.407797184819339,1.4169124125270494,33281424
2000-06-27,1.3926048278808594,1.4240023031929643,1.3855159306668086,1.4209632419513174,15550929
2000-06-28,1.3956440687179565,1.4158999882359415,1.385516108958964,1.3895669234114187,12183921
2000-06-29,1.3753875494003296,1.3986824264533975,1.3622215033877307,1.394631611207215,21399372
2000-06-30,1.3581701517105103,1.3774133366200159,1.352093007613465,1.3774133366200159,20372805
2000-07-03,1.322722315788269,1.3500681152693383,1.3176579005421851,1.3470290532056468,22607253
2000-07-04,1.335888147354126,1.3369008781143494,1.3065171080519693,1.3186704204851436,12462048
2000-07-05,1.3267731666564941,1.3470290895941628,1.3267731666564941,1.3358883971757165,9190863
2000-07-06,1.3308244943618774,1.3399397216935,1.3196829365426872,1.325760080750012,7513101
2000-07-07,1.3551312685012817,1.3571567299212242,1.3298110448343217,1.3308246448410397,7001919
2000-07-10,1.36627197265625,1.37538720111444,1.3369008258404305,1.35715674419806,11493135
2000-07-11,1.386528730392456,1.4017201255224097,1.367285543170676,1.3693108959061286,12810663
2000-07-12,1.3733619451522827,1.4077975113580536,1.3672857772436215,1.397669550663918,10706211
2000-07-13,1.4260281324386597,1.4381815562529445,1.3551316389189418,1.3784266248577006,21757860
2000-07-14,1.3976693153381348,1.4310922537064443,1.3875414650113373,1.4229896474587291,24596109
2000-07-17,1.3855160474777222,1.4331176518244824,1.3855160474777222,1.3976693595925973,17285373
2000-07-18,1.3976693153381348,1.4158998805747398,1.3875414650113373,1.3875414650113373,9300483
2000-07-19,1.3976693153381348,1.4179252333159145,1.3926049011953199,1.4118480884714661,11524230
2000-07-20,1.3703237771987915,1.4057720721037728,1.3622212787456232,1.3986821957985685,12305178
2000-07-21,1.3693112134933472,1.3804519057362796,1.3672858602881504,1.3703239444270043,10146924
2000-07-24,1.35209321975708,1.3693109462138855,1.3379135768461172,1.3693109462138855,12729240
2000-07-25,1.3591831922531128,1.3753873198301363,1.3520933159621196,1.3520933159621196,6104079
2000-07-26,1.3774135112762451,1.3926049065070614,1.3622211380865932,1.3672855522487248,6750504
2000-07-27,1.3591831922531128,1.3875416107960465,1.3541187775781955,1.3824771961211295,11264904
2000-07-28,1.3753875494003296,1.3976696954763212,1.3571570878674963,1.3682986498850411,13729518
2000-07-31,1.4067846536636353,1.4169125040003399,1.375387176667879,1.375387176667879,24525045
2000-08-01,1.3976693153381348,1.4250151088619962,1.39564396259696,1.4158998805747398,12286872
2000-08-02,1.38754141330719,1.4047591385384826,1.3774134546956995,1.3976692632565917,8883189
2000-08-03,1.427040457725525,1.438181147385776,1.3774135022796512,1.3875414612410206,48489813
2000-08-04,1.4624887704849243,1.5070521817611102,1.4229896647510025,1.433117623862968,135248031
2000-08-07,1.4817321300506592,1.5040142729244848,1.4685660859301521,1.4786939375560495,72782010
2000-08-08,1.460463523864746,1.496924551481697,1.4483093409025838,1.4888219439437715,40129812
2000-08-09,1.4716042280197144,1.4918601493976023,1.4584381833779971,1.4604635364591423,28678932
2000-08-10,1.4685660600662231,1.4847701877338515,1.439194041254188,1.4736294968105175,28832112
2000-08-11,1.4493228197097778,1.482744673980627,1.441220212850288,1.4685660084388503,21194217
2000-08-14,1.4584381580352783,1.4635017036433202,1.4381813677124993,1.453373743130366,18498672
2000-08-15,1.4402074813842773,1.47362933311752,1.4331176058411959,1.4635014827950084,13167639
2000-08-16,1.4422329664230347,1.4574244716451135,1.4331177373034802,1.4402076134969282,13330962
2000-08-17,1.4381812810897827,1.4584380701924804,1.435143197372787,1.4432456956896615,12119940
2000-08-18,1.4300785064697266,1.4483090712145636,1.4280531537831855,1.4391938431731899,13531032
2000-08-21,1.4584381580352783,1.4685661185482326,1.4310924690585058,1.4310924690585058,17194338
2000-08-22,1.4158999919891357,1.4675532823343618,1.4077973851038423,1.458438053329846,14999769
2000-08-23,1.4017202854156494,1.4229898057579102,1.3389264111210424,1.3986822016348726,36884754
2000-08-24,1.3956440687179565,1.407797381372126,1.3774136107572492,1.402732966844227,18725220
2000-08-25,1.4057718515396118,1.412861618070335,1.3855159345711359,1.392604831805163,10690101
2000-08-28,1.3956440687179565,1.4108355737080425,1.3875415705162417,1.406784759255588,13379940
2000-08-29,1.4321048259735107,1.4371683706436036,1.390579500124874,1.395643914091676,13480299
2000-08-30,1.3946311473846436,1.4381810641440098,1.3946311473846436,1.4321047889645062,11552724
2000-08-31,1.3470289707183838,1.3875416823154127,1.3470289707183838,1.3875416823154127,21140847
2000-09-01,1.3318371772766113,1.3571566386053049,1.3308245552968676,1.34500321893083,17287128
2000-09-04,1.343990683555603,1.343990683555603,1.3085423922551775,1.3318372630979822,13507875
2000-09-05,1.3014527559280396,1.3551314006254978,1.2963892105465853,1.347028902183181,10499220
2000-09-06,1.2690435647964478,1.3065172138495798,1.2660045029728941,1.2963892534546233,11724597
2000-09-07,1.28727388381958,1.311580508009133,1.2761331937947327,1.2761331937947327,8207154
2000-09-08,1.304491639137268,1.3247475581721038,1.2913247267217145,1.2923373488140992,7488846
2000-09-11,1.3125940561294556,1.3166447612378378,1.3014524981707971,1.3044914506297844,4921524
2000-09-12,1.3166450262069702,1.3298111787348743,1.304491713153115,1.3166450262069702,5699151
2000-09-13,1.3125940561294556,1.324747366737509,1.306516911846058,1.3166447612378378,8194833
2000-09-14,1.296389102935791,1.3206957269482629,1.2913246886778929,1.3136068291999254,5802246
2000-09-15,1.3065170049667358,1.3095550883456002,1.2811966733790696,1.2963890461910137,4954140
2000-09-18,1.2741068601608276,1.3156322972672692,1.2741068601608276,1.3065170687270262,4794300
2000-09-19,1.2386589050292969,1.2660045956901649,1.2356208209422135,1.2660045956901649,8641458
2000-09-20,1.2538511753082275,1.266004488587442,1.230557170918416,1.2457485680276947,5778117
2000-09-21,1.2700563669204712,1.2953767061437238,1.2639793290334336,1.2639793290334336,9658098
2000-09-22,1.2508127689361572,1.2761330999546736,1.2406849190501787,1.2710686860322897,3095055
2000-09-25,1.23663330078125,1.2508129445853657,1.2254927186732674,1.2467612607515657,3397482
2000-09-26,1.245748519897461,1.2538511268649446,1.2366332908004833,1.2376460215920795,2945160
2000-09-27,1.2741068601608276,1.2811967359036838,1.2457484438103574,1.2518255888234726,2534535
2000-09-28,1.2477737665176392,1.2811965934348715,1.2457483052833878,1.2811965934348715,2964816
2000-09-29,1.2649917602539062,1.2811968661848554,1.2508129852852548,1.2508129852852548,3618900
2000-10-02,1.2649917602539062,1.2811968661848554,1.2508129852852548,1.2508129852852548,0
2000-10-03,1.2649917602539062,1.2811968661848554,1.2508129852852548,1.2508129852852548,0
2000-10-04,1.2649917602539062,1.2811968661848554,1.2508129852852548,1.2508129852852548,0
2000-10-05,1.2649917602539062,1.2811968661848554,1.2508129852852548,1.2508129852852548,0
2000-10-06,1.2649917602539062,1.2811968661848554,1.2508129852852548,1.2508129852852548,0
2000-10-09,1.335888147354126,1.3389263396347961,1.291324734041335,1.296389148477143,21322098
2000-10-10,1.3369008302688599,1.3500678509499202,1.3217094347607894,1.3450033280332643,9597870
2000-10-11,1.3034789562225342,1.3409527120662017,1.3034789562225342,1.336900919602778,7133400
2000-10-12,1.2913248538970947,1.3044917676093841,1.284234977282785,1.303479036755163,5440518
2000-10-13,1.2862612009048462,1.3146196183735,1.2811967864217804,1.2862612009048462,4618845
2000-10-16,1.2599279880523682,1.2913244827656032,1.2538508440388736,1.2862609386118877,5039685
2000-10-17,1.283221960067749,1.2862610212490933,1.2609406909639231,1.266004235442951,2623455
2000-10-18,1.304491639137268,1.3075297227386187,1.286261181611398,1.286261181611398,4778748
2000-10-19,1.279171109199524,1.3095549830844555,1.2781584872626899,1.3075295218866243,3084570
2000-10-20,1.3318371772766113,1.3369007218236748,1.2811966246879338,1.2811966246879338,19793619
2000-10-23,1.3298109769821167,1.355131199357139,1.324747432352716,1.355131199357139,15899202
2000-10-24,1.3267731666564941,1.3369011281253285,1.3085427056180494,1.3318375820393875,7776909
2000-10-25,1.3369008302688599,1.356144017969607,1.327785601780476,1.327785601780476,10018935
2000-10-26,1.318670392036438,1.3429779943372684,1.3156323084834096,1.336900849272344,5562270
2000-10-27,1.3267731666564941,1.3348757748882234,1.3115807898047662,1.3196833980364957,5418855
2000-10-30,1.3369008302688599,1.3450033280332643,1.3166449118441335,1.3287983325044554,6121377
2000-10-31,1.357156753540039,1.376400810606266,1.3328500207946896,1.3470287942915087,21868416
2000-11-01,1.383489727973938,1.3895668730602697,1.3176576659396186,1.3672856014544728,24691203
2000-11-02,1.409822940826416,1.4553990888929567,1.3895670199018757,1.3895670199018757,82253322
2000-11-03,1.412861943244934,1.4310925117689763,1.394631483383004,1.4159001358976984,32837274
2000-11-06,1.4240021705627441,1.4462834380334322,1.4077970690918606,1.4138742130503548,26537139
2000-11-07,1.4381812810897827,1.4462837794066572,1.4169126304908704,1.4260278596007776,19736100
2000-11-08,1.4432454109191895,1.4685657403289285,1.429065770007225,1.438180997318583,34055784
2000-11-09,1.4412202835083008,1.4533737054139224,1.4179254098900647,1.4381813303903126,25246890
2000-11-10,1.5850375890731812,1.5850375890731812,1.4351430187942975,1.4432455161029578,279569511
2000-11-13,1.6863187551498413,1.742022852009965,1.5901019556302214,1.5951663694489149,283726845
2000-11-14,1.683280110359192,1.7399969518869711,1.6417556447491595,1.6853055721338968,141836562
2000-11-15,1.7389841079711914,1.7420231697326183,1.6326403086738945,1.6802419171488752,145481355
2000-11-16,1.7116382122039795,1.7906372917763425,1.7025229839435188,1.7389838969853622,97417197
2000-11-17,1.7096128463745117,1.7420229450355864,1.6863188452008129,1.7096128463745117,60258519
2000-11-20,1.781522274017334,1.8433035264053006,1.7096130614735485,1.7116384144480814,97765587
2000-11-21,1.7440484762191772,1.809880537570283,1.7399966839966836,1.7825347432417982,49481226
2000-11-22,1.7551888227462769,1.7622786975524072,1.7116380385964496,1.7420227816886837,33805188
2000-11-23,1.7470868825912476,1.8027909949488834,1.7167029991159992,1.7602537971401904,34883244
2000-11-24,1.638716459274292,1.756201809868387,1.6103580425283037,1.7349331603020413,91761156
2000-11-27,1.6103577613830566,1.6620110407998832,1.6022551562120495,1.6103577613830566,46933776
2000-11-28,1.7015100717544556,1.7065744853421905,1.6204856480892864,1.6204856480892864,43797789
2000-11-29,1.6498578786849976,1.7065747110982616,1.6356782359333017,1.701510296840575,25338717
2000-11-30,1.6660624742507935,1.6913828124269392,1.6407430053715952,1.6407430053715952,20975112
2000-12-01,1.7004975080490112,1.7167025019989663,1.6599856751466293,1.6609984057719382,33924501
2000-12-04,1.7551888227462769,1.772406546822188,1.6893567702029322,1.7025228112605253,45618588
2000-12-05,1.7197407484054565,1.7713940324311859,1.709612789858718,1.7622788045418682,23916852
2000-12-06,1.6660624742507935,1.7268310033520353,1.659986197249897,1.721766587998027,36866538
2000-12-07,1.7065746784210205,1.7389839082434082,1.6508705777989747,1.6609985368236597,45840366
2000-12-08,1.6802418231964111,1.7187282001530013,1.6772037395638097,1.7065747790016033,12345084
2000-12-11,1.6407426595687866,1.6873316416918152,1.6316274310226784,1.6873316416918152,17041473
2000-12-12,1.6579595804214478,1.6792290998199204,1.6225122649003882,1.6316274937971915,13407795
2000-12-13,1.6579595804214478,1.6873317066094673,1.642768184232707,1.6559342275448352,7775694
2000-12-14,1.72075355052948,1.7318951101966416,1.6508706727064693,1.6640367159416072,26175015
2000-12-15,1.7167026996612549,1.792662721085561,1.711638285317,1.72986874261664,89096931
2000-12-18,1.7410104274749756,1.749112056669773,1.7065748632165827,1.7167028233379686,21854205
2000-12-19,1.7592406272888184,1.7926625865188457,1.7318949433920698,1.7501253993232355,38370735
2000-12-20,1.9293911457061768,1.9354681814295929,1.767342184190538,1.7724065979508865,143386704
2000-12-21,1.878751516342163,1.9516733434115348,1.8746997241960321,1.9243276582605204,80377110
2000-12-22,1.8483670949935913,1.9111611913402993,1.8443163887556395,1.902045961352724,45945702
2000-12-25,1.9415457248687744,1.980031884946664,1.8331754907746631,1.8534314102523317,59391612
2000-12-26,1.9476218223571777,1.9800318139372173,1.9243277113850314,1.9445836301362662,39519756
2000-12-27,1.8584946393966675,1.962813938741883,1.8514057420756527,1.9476216748428408,57034611
2000-12-28,1.8483670949935913,1.8888798078029714,1.8382391341154718,1.8483670949935913,30716937
2000-12-29,1.8838154077529907,1.9243281232226146,1.8534317404477314,1.8574824469516706,24802209
2001-01-01,1.8838154077529907,1.9243281232226146,1.8534317404477314,1.8574824469516706,0
2001-01-02,1.9243278503417969,1.9344558104487597,1.871661936207488,1.9050846609413046,24844950
2001-01-03,1.9223015308380127,1.9364812835797842,1.8888796752024808,1.9243278617737536,34622856
2001-01-04,1.9709162712097168,2.015479893868358,1.9243274047174113,1.9243274047174113,46118646
2001-01-05,1.9820574522018433,1.989147219988901,1.9547117638568807,1.9749676844147854,25146468
2001-01-08,1.863559603691101,2.003326247981591,1.8615341418838516,1.9820575950601016,55826379
2001-01-09,1.885840654373169,1.9030583826227336,1.8382390449628314,1.855456773212396,25768125
2001-01-10,1.8909049034118652,1.9131860653102388,1.871661716272598,1.8939428781709715,14319612
2001-01-11,1.8189958333969116,1.9040709770745785,1.7724068495030876,1.8939430174131253,65167146
2001-01-12,1.7389841079711914,1.8179831971282816,1.701510459684124,1.8179831971282816,73098837
2001-01-15,1.6711264848709106,1.7227797709948938,1.6518832976531599,1.7227797709948938,43518231
2001-01-16,1.72075355052948,1.72075355052948,1.6478317197814736,1.6508706727064693,23392791
2001-01-17,1.6609985828399658,1.741010287183527,1.6609985828399658,1.741010287183527,16343181
2001-01-18,1.6691011190414429,1.6873316852665525,1.6488443306685527,1.6609986210164835,19007226
2001-01-19,1.6984721422195435,1.706574639649724,1.6711264578823875,1.676190002631321,14110821
2001-01-22,1.6984721422195435,1.706574639649724,1.6711264578823875,1.676190002631321,0
2001-01-23,1.6984721422195435,1.706574639649724,1.6711264578823875,1.676190002631321,0
2001-01-24,1.6984721422195435,1.706574639649724,1.6711264578823875,1.676190002631321,0
2001-01-25,1.6984721422195435,1.706574639649724,1.6711264578823875,1.676190002631321,0
2001-01-26,1.6984721422195435,1.706574639649724,1.6711264578823875,1.676190002631321,0
2001-01-29,1.6984721422195435,1.706574639649724,1.6711264578823875,1.676190002631321,0
2001-01-30,1.6984721422195435,1.706574639649724,1.6711264578823875,1.676190002631321,0
2001-01-31,1.6984721422195435,1.706574639649724,1.6711264578823875,1.676190002631321,0
2001-02-01,1.6984721422195435,1.706574639649724,1.6711264578823875,1.676190002631321,0
2001-02-02,1.6984721422195435,1.706574639649724,1.6711264578823875,1.676190002631321,0
2001-02-05,1.590101957321167,1.7106253788734653,1.590101957321167,1.706574564983967,19249173
2001-02-06,1.589089274406433,1.5901020050747432,1.5040140305155885,1.5799740464191094,27377856
2001-02-07,1.5445259809494019,1.5840250906442224,1.5252829001718438,1.5840250906442224,8985510
2001-02-08,1.5262953042984009,1.5749096363608897,1.5202181596388,1.5425004076388313,10930779
2001-02-09,1.5698461532592773,1.5860512572354897,1.5374360539689464,1.5374360539689464,10681767
2001-02-12,1.5647815465927124,1.5759222350110762,1.5384485954395473,1.5708586907432092,6220935
2001-02-13,1.5698461532592773,1.5819995737585864,1.5647817390718117,1.5647817390718117,6273297
2001-02-14,1.5961792469024658,1.5982045997003105,1.5495903734609768,1.5647817690589103,8223444
2001-02-15,1.5637688636779785,1.6032679656256104,1.5597180498726126,1.5901019242959833,5456718
2001-02-16,1.5819998979568481,1.5860515822640606,1.5293338697173324,1.5516160144957454,8076861
2001-02-19,1.5911145210266113,1.6032678307167214,1.554653505335539,1.5819992942693617,6630282
2001-02-20,1.6113708019256592,1.6356784064296932,1.5901022592089769,1.6002302194832876,15547527
2001-02-21,1.5698461532592773,1.610357989572014,1.5506029658134717,1.610357989572014,10223622
2001-02-22,1.5799742937088013,1.6063073597860718,1.5475641906979898,1.5546539584583485,6814764
2001-02-23,1.6002302169799805,1.6032683008036235,1.5779489434679865,1.5799742964630465,5180508
2001-02-26,1.6427680253982544,1.647831570093356,1.601242590682436,1.6083324660171274,11760831
2001-02-27,1.638716459274292,1.6599858694753165,1.6306138526886866,1.6599858694753165,9982080
2001-02-28,1.6265630722045898,1.6508706751427615,1.6204859269803236,1.6458062606834238,5840910
2001-03-01,1.637703776359558,1.650870689021614,1.6225122714474183,1.6265630858790885,4639167
2001-03-02,1.6589733362197876,1.669101187511205,1.6407427692468248,1.6407427692468248,9663165
2001-03-05,1.6468192338943481,1.6751776554050835,1.6407429570723218,1.669101378583057,9517212
2001-03-06,1.6316275596618652,1.6539088327702354,1.6154225627528163,1.6468190651259482,9254196
2001-03-07,1.6275756359100342,1.6407425471099026,1.618460407988697,1.6356781331703925,7517151
2001-03-08,1.6407426595687866,1.6701138066678962,1.6184605189203307,1.6275757474664387,8523594
2001-03-09,1.6559340953826904,1.6711264683178064,1.6407425917443028,1.6407425917443028,8606367
2001-03-12,1.6275756359100342,1.6670747395783185,1.6204857606485665,1.6609984642745343,7601841
2001-03-13,1.6194730997085571,1.6356780938396158,1.6123832246175696,1.6255501355008324,11480535
2001-03-14,1.6306138038635254,1.6306138038635254,1.6022553879666679,1.6154224085120235,10410615
2001-03-15,1.613397240638733,1.6458064766244473,1.610358287310521,1.6417556616953377,7806510
2001-03-16,1.595166563987732,1.612383421561682,1.583012273594428,1.612383421561682,14394672
2001-03-19,1.6103577613830566,1.630613568007068,1.5880763849628523,1.595166259566802,9219582
2001-03-20,1.6002302169799805,1.6204860288348084,1.5901022567215135,1.6204860288348084,9628794
2001-03-21,1.6123833656311035,1.6144096963782573,1.5809868658943809,1.595166508654374,9027054
2001-03-22,1.6609985828399658,1.6711265421452357,1.6204858763221193,1.6204858763221193,18021456
2001-03-23,1.6316275596618652,1.6812546292266255,1.6316275596618652,1.6751774837304718,16192188
2001-03-26,1.6934080123901367,1.694420743242315,1.63061402708441,1.6316276272334573,19657377
2001-03-27,1.703535556793213,1.711638053604243,1.6761898745456707,1.6934075987725483,19477341
2001-03-28,1.6923953294754028,1.7136648512157835,1.6893572454949222,1.7096131670575452,9384120
2001-03-29,1.6670749187469482,1.6923951439102893,1.660998642790117,1.6913825218025673,10001916
2001-03-30,1.6721391677856445,1.6731517897931756,1.6508705197785558,1.6609984784472902,7659918
2001-04-02,1.6609985828399658,1.6761900871494873,1.650870623534696,1.6701138114119662,8437365
2001-04-03,1.6609985828399658,1.6812545014505058,1.6488442927713902,1.6711265421452357,12070809
2001-04-04,1.6306138038635254,1.6711265095921968,1.620485844755545,1.662011281197758,10670283
2001-04-05,1.6478317975997925,1.6488444197489482,1.6164351865328592,1.6214987319270546,13326750
2001-04-06,1.6599860191345215,1.6711267102940375,1.6417555601561713,1.6458063748347467,7793973
2001-04-09,1.6366909742355347,1.666062121302755,1.623524931444246,1.6599858455890912,8060472
2001-04-10,1.638716459274292,1.6508706408079423,1.6356782670426946,1.638716459274292,5379714
2001-04-11,1.6680883169174194,1.6812543586420572,1.6407425248621177,1.6407425248621177,10695060
2001-04-12,1.703535556793213,1.726830425283568,1.6559339585043416,1.6711263301836667,32775885
2001-04-13,1.6954340934753418,1.7136645500725887,1.6863188651767185,1.7065746745176655,12013038
2001-04-16,1.7248053550720215,1.7369586676296325,1.689357061548782,1.7065747885940554,25014438
2001-04-17,1.7096128463745117,1.7399966143570567,1.6974594261111666,1.7288560334467027,17397918
2001-04-18,1.7096128463745117,1.7096128463745117,1.7096128463745117,1.7096128463745117,0
2001-04-19,1.681254506111145,1.706574730430798,1.6559341731293957,1.7015103161157406,8809308
2001-04-20,1.6599860191345215,1.7015104826049672,1.655934335159092,1.681254670618383,13498200
2001-04-23,1.653908610343933,1.6741645277698103,1.6458061129790749,1.6599857550228005,11541177
2001-04-24,1.681254506111145,1.6964468797595484,1.6559341731293957,1.6559341731293957,6887619
2001-04-25,1.638716459274292,1.6812545190416621,1.6366909977865602,1.6812545190416621,11895588
2001-04-26,1.6204859018325806,1.6407426900587792,1.6154224654107139,1.6387164679256716,10333755
2001-04-27,1.6275756359100342,1.6356781331703925,1.6204857606485665,1.6255501745880767,6364512
2001-04-30,1.613397240638733,1.6306141005498853,1.5901023654090436,1.6306141005498853,12060846
2001-05-01,1.613397240638733,1.6306141005498853,1.5901023654090436,1.6306141005498853,0
2001-05-02,1.613397240638733,1.6306141005498853,1.5901023654090436,1.6306141005498853,0
2001-05-03,1.613397240638733,1.6306141005498853,1.5901023654090436,1.6306141005498853,0
2001-05-04,1.613397240638733,1.6306141005498853,1.5901023654090436,1.6306141005498853,0
2001-05-07,1.613397240638733,1.6306141005498853,1.5901023654090436,1.6306141005498853,0
2001-05-08,1.6123833656311035,1.6194732413421475,1.6002300536182643,1.6133969656530602,4215159
2001-05-09,1.606307029724121,1.6255501067627776,1.6002298853771981,1.6133967960276836,6051960
2001-05-10,1.6589733362197876,1.6609986891538655,1.6103581287515445,1.6103581287515445,5788548
2001-05-11,1.6356781721115112,1.6589731511103747,1.6285884053433433,1.6589731511103747,4303998
2001-05-14,1.629601001739502,1.645806105053268,1.6103579237424246,1.6356781463891032,10069020
2001-05-15,1.6478317975997925,1.6528962122908215,1.6285886082406036,1.638716568325828,8686116
2001-05-16,1.7187281847000122,1.7268306827189601,1.640742700723095,1.6549214746147136,42528510
2001-05-17,1.6893572807312012,1.7318953471402079,1.6842928655864662,1.7318953471402079,19654128
2001-05-18,1.6984721422195435,1.716702598444314,1.682267038697092,1.687331561404839,12526110
2001-05-21,1.6792292594909668,1.7065749487815667,1.6721394914587386,1.7065749487815667,10931958
2001-05-22,1.6792292594909668,1.7065749487815667,1.6711267605930862,1.6792292594909668,8269875
2001-05-23,1.6498578786849976,1.6984722133288568,1.6407426501909883,1.6964468605417429,9480060
2001-05-24,1.6458064317703247,1.6711267681055557,1.640742886081409,1.6508708467561246,6278112
2001-05-25,1.6356781721115112,1.650870544995027,1.6306137580514308,1.6458061309349465,7878015
2001-05-28,1.6255501508712769,1.6458060677403743,1.6225120675947544,1.6387163012444346,7845831
2001-05-29,1.6407426595687866,1.6609985781217882,1.6255502860056532,1.6265630167360459,4375908
2001-05-30,1.6589733362197876,1.659985958355775,1.6387165470159246,1.6407427692468248,4846743
2001-05-31,1.653908610343933,1.6802416724486777,1.643780760293084,1.6711264444097793,4964589
2001-06-01,1.6366909742355347,1.6691010741253025,1.6306138292251076,1.6589732235218935,7093332
2001-06-04,1.650870680809021,1.6559342259889442,1.6285885393242279,1.6407427211523777,9028719
2001-06-05,1.665049433708191,1.6761901239915993,1.650870659820294,1.650870659820294,7374564
2001-06-06,1.6427680253982544,1.6701137094446898,1.6316273360398996,1.6650492954528746,9660924
2001-06-07,1.6346657276153564,1.6559342695950172,1.6306139351382447,1.6427682259485556,8737839
2001-06-08,1.6560935974121094,1.6632364704201352,1.632624126249731,1.6458897746247194,5003784
2001-06-11,1.639766812324524,1.6581338213929844,1.6377261795071523,1.6479300004500683,5814963
2001-06-12,1.6428278684616089,1.6530325665567251,1.6336443627177624,1.6397670283083985,7370964
2001-06-13,1.6581343412399292,1.6611951819495911,1.6326243429808807,1.6438493596597492,10227258
2001-06-14,1.630583643913269,1.6560936394331411,1.628543010675248,1.6428279907215555,13208418
2001-06-15,1.612216591835022,1.6336444445492766,1.5999721358485994,1.6234406217512283,15125364
2001-06-18,1.561197280883789,1.6071148028902502,1.554054299794321,1.6071148028902502,22090284
2001-06-19,1.5683398246765137,1.5734421747609413,1.5509930167307588,1.5560953668151862,8149923
2001-06-20,1.5744621753692627,1.6020126926674865,1.5693598263093547,1.5693598263093547,5223780
2001-06-21,1.5795645713806152,1.589768393995539,1.571401272441416,1.5765027458447678,3957588
2001-06-22,1.5714012384414673,1.5867065341285869,1.5520140196829988,1.5816050608356138,7796655
2001-06-25,1.6020126342773438,1.6020126342773438,1.5714011684582032,1.5714011684582032,8746335
2001-06-26,1.5979318618774414,1.6111965270551598,1.5867068449226096,1.6020130194160058,5607180
2001-06-27,1.5714012384414673,1.602012705623907,1.5693598390016925,1.602012705623907,7255116
2001-06-28,1.5714012384414673,1.5867065341285869,1.5693598390016925,1.572421554995267,6241905
2001-06-29,1.5683398246765137,1.591809189981071,1.566299191175672,1.5714015412600995,5354595
2001-07-02,1.5530340671539307,1.5765025497157186,1.5509925584479385,1.571401076947029,5909472
2001-07-03,1.5693597793579102,1.5703809716811,1.552013960698447,1.5560950078064946,3651210
2001-07-04,1.5550750494003296,1.5744623799977437,1.5550750494003296,1.5714014299632775,3583521
2001-07-05,1.5397686958312988,1.5611975330853882,1.5305851899464693,1.5560950744834745,8416665
2001-07-06,1.5214017629623413,1.5397687756845233,1.515279972768437,1.5397687756845233,7675884
2001-07-09,1.4958915710449219,1.5203812465509672,1.4938509380897782,1.5203812465509672,8419608
2001-07-10,1.5101773738861084,1.5122180067722935,1.4958915204946412,1.4958915204946412,4955643
2001-07-11,1.5050753355026245,1.5203815084914616,1.5009941783652279,1.5203815084914616,3548853
2001-07-12,1.483647346496582,1.5050751985030242,1.4795661897306729,1.5050751985030242,4764582
2001-07-13,1.479566216468811,1.493851086477837,1.479566216468811,1.4846675804113678,4155615
2001-07-16,1.4387500286102295,1.494871380750533,1.4336485552677682,1.4897699074080717,9762975
2001-07-17,1.4530359506607056,1.4530359506607056,1.426505748213324,1.4336486213445783,6689187
2001-07-18,1.471402883529663,1.4867081792402308,1.4489538392672023,1.45303587182083,4893507
2001-07-19,1.462219476699829,1.4795662825040867,1.446913304144493,1.4795662825040867,2734110
2001-07-20,1.4897698163986206,1.4918104494013542,1.4642599332961013,1.4642599332961013,4815162
2001-07-23,1.479566216468811,1.4969129120228268,1.4734435506630816,1.4897699296381748,3575583
2001-07-24,1.4520156383514404,1.4795662669671932,1.4397704157980733,1.4795662669671932,5231403
2001-07-25,1.4244649410247803,1.4489537409277269,1.4163017522797565,1.438749919210474,5972967
2001-07-26,1.4020158052444458,1.4285460026911323,1.394872823983546,1.4244648464935281,6810048
2001-07-27,1.3958942890167236,1.418342458844881,1.392832572831072,1.3979349222523423,4213440
2001-07-30,1.3163034915924072,1.387731014820631,1.3163034915924072,1.387731014820631,8712054
2001-07-31,1.2856920957565308,1.327527594814623,1.2805897463621927,1.3112012153034678,5908059
2001-08-01,1.3285478353500366,1.3356908175601914,1.2856920221335852,1.2856920221335852,5761674
2001-08-02,1.318343997001648,1.32446666258372,1.2356923359466143,1.31630347339437,2915298
2001-08-03,1.3163034915924072,1.3316096631170897,1.2958958467649653,1.3193643317836525,2525499
2001-08-06,1.2571202516555786,1.3254869312795634,1.2367126078469248,1.3244666147747426,6139278
2001-08-07,1.268345594406128,1.293854608394319,1.226509103639143,1.2550799437430447,6666543
2001-08-08,1.268345594406128,1.290793767563042,1.2448762286717199,1.2754875928377902,2206620
2001-08-09,1.2907936573028564,1.291813973984809,1.2683454860634753,1.2683454860634753,2590749
2001-08-10,1.321405053138733,1.33160986236361,1.292834214734078,1.2938545314425032,5232420
2001-08-13,1.3193644285202026,1.3316097607514745,1.3040591316815293,1.3265073017903724,3778389
2001-08-14,1.2958958148956299,1.3234463317919856,1.2907934659101479,1.3152831426905318,3895776
2001-08-15,1.3009976148605347,1.3163037898534407,1.2754876151418248,1.2754876151418248,2819322
2001-08-16,1.2754876613616943,1.3081405366285996,1.2734471371899012,1.3009976620048103,3431700
2001-08-17,1.279569387435913,1.2907935266575927,1.2591618516259477,1.2703858813715996,2067138
2001-08-20,1.2928340435028076,1.3050793750466425,1.2754873480445876,1.2754873480445876,1418634
2001-08-21,1.3030376434326172,1.3081399917593726,1.2948753311931205,1.2948753311931205,1878642
2001-08-22,1.2805899381637573,1.3060999373397295,1.270386113655045,1.3060999373397295,2964141
2001-08-23,1.2714060544967651,1.27548721087499,1.2550795678916036,1.2652833893832969,2410173
2001-08-24,1.2703857421875,1.3060995554292758,1.2663037099878032,1.3060995554292758,1722132
2001-08-27,1.2285494804382324,1.265283503874708,1.224468323690717,1.265283503874708,6288624
2001-08-28,1.1601834297180176,1.204060426169585,1.1071229293346347,1.1816113866069153,9444537
2001-08-29,1.1652851104736328,1.191815420150812,1.1336534371268123,1.1612039538523067,6953121
2001-08-30,1.143857479095459,1.1622244937762458,1.1428371623749995,1.1622244937762458,2654820
2001-08-31,1.154060959815979,1.1632445747714049,1.1479392796858336,1.1612039417440092,3269880
2001-09-03,1.1407963037490845,1.153040758833889,1.138755780186993,1.142836936787197,1958643
2001-09-04,1.1407963037490845,1.1407963037490845,1.1407963037490845,1.1407963037490845,0
2001-09-05,1.255079984664917,1.255079984664917,1.1846736367828656,1.2040609697406268,12938823
2001-09-06,1.3009976148605347,1.3550783457067048,1.2652837904160212,1.2652837904160212,54154377
2001-09-07,1.242835283279419,1.2958957925728147,1.2397744432161726,1.2958957925728147,17731485
2001-09-10,1.3632415533065796,1.3673227106998311,1.1907953288579556,1.2234482007133747,41676219
2001-09-11,1.3652818202972412,1.3938526535735787,1.3346704634463586,1.3632412967226961,36174123
2001-09-12,1.4081388711929321,1.4163021718321955,1.2958961421972797,1.3101811246146262,33918183
2001-09-13,1.3836489915847778,1.418342494359811,1.3826287844174547,1.406098147259344,20078991
2001-09-14,1.344874382019043,1.3958942625555377,1.3367110828990916,1.382628723587068,14527692
2001-09-17,1.3479351997375488,1.3673225284957273,1.32752755439801,1.3346705367997271,12876300
2001-09-18,1.3744654655456543,1.3928325880553996,1.3356909156963395,1.3520172954721277,9362502
2001-09-19,1.4020158052444458,1.4132398332269394,1.3469146680382547,1.3775270069666405,13303017
2001-09-20,1.375485897064209,1.4111997189617567,1.3673227064944717,1.4071185615810573,10228824
2001-09-21,1.348955512046814,1.380588062869499,1.3438540386321975,1.365281891009207,7212150
2001-09-24,1.3571183681488037,1.3703839035941292,1.3448740248389703,1.3479348643454268,4042989
2001-09-25,1.337731122970581,1.377526965317446,1.3367108065830262,1.3622207963160313,5064147
2001-09-26,1.3112010955810547,1.3469148011797094,1.3091604625425324,1.3367109791309693,7259355
2001-09-27,1.3193644285202026,1.3428337910678794,1.2958959417807925,1.3050794483120964,5407659
2001-09-28,1.3193644285202026,1.3193644285202026,1.3193644285202026,1.3193644285202026,0
2001-10-01,1.3193644285202026,1.3193644285202026,1.3193644285202026,1.3193644285202026,0
2001-10-02,1.3193644285202026,1.3193644285202026,1.3193644285202026,1.3193644285202026,0
2001-10-03,1.3193644285202026,1.3193644285202026,1.3193644285202026,1.3193644285202026,0
2001-10-04,1.3193644285202026,1.3193644285202026,1.3193644285202026,1.3193644285202026,0
2001-10-05,1.3193644285202026,1.3193644285202026,1.3193644285202026,1.3193644285202026,0
2001-10-08,1.2530392408370972,1.3224262450354074,1.2418151011226148,1.3142629457153345,6396228
2001-10-09,1.2714060544967651,1.2856919081748064,1.2448758558759259,1.2448758558759259,4006287
2001-10-10,1.2265087366104126,1.2805895598034294,1.212223868213403,1.2754872111524114,6939459
2001-10-11,1.2050812244415283,1.247937045882012,1.194877400087294,1.2295700306731345,4946697
2001-10-12,1.3254870176315308,1.3254870176315308,1.1938568744726075,1.209162170422118,16015968
2001-10-15,1.344874382019043,1.372424900746211,1.2958959010116928,1.3254870529357965,19063674
2001-10-16,1.314262866973877,1.3622210296851245,1.304059044494217,1.3550780474164899,8665542
2001-10-17,1.3418132066726685,1.3673223215827583,1.2969159996061481,1.316303325430498,15403059
2001-10-18,1.3234466314315796,1.3622212958002977,1.3142631237202367,1.3397722469985873,7942527
2001-10-19,1.3060996532440186,1.3418133596844037,1.256099982532974,1.316303475533251,21163545
2001-10-22,1.2856920957565308,1.3265072782021994,1.2581415766525268,1.2958959187369556,10208367
2001-10-23,1.4142613410949707,1.4142613410949707,1.3683438077383945,1.408138674885989,47764926
2001-10-24,1.469362497329712,1.52854469473716,1.4183425047005307,1.4642601477434802,87928299
2001-10-25,1.4489538669586182,1.5081370452458385,1.410179209689192,1.4550765327399837,41697081
2001-10-26,1.4642599821090698,1.4673208222391878,1.4234446932693028,1.4387499886801232,19554759
2001-10-29,1.4499744176864624,1.4744640994824603,1.4367096432149902,1.4642602752298808,12114297
2001-10-30,1.4203829765319824,1.4499741266097812,1.41630181986878,1.4499741266097812,11784492
2001-10-31,1.446913242340088,1.446913242340088,1.4060980611563125,1.4081385848420411,10721547
2001-11-01,1.4591578245162964,1.4785460307523821,1.444872843766914,1.4540563506461928,15503535
2001-11-02,1.4244649410247803,1.4571169296727506,1.4234446245386656,1.4571169296727506,8415351
2001-11-05,1.4020158052444458,1.421403130906243,1.3826284795826485,1.4173219747086387,8926902
2001-11-06,1.403036117553711,1.4183422881673848,1.3887512487192346,1.3979347540306053,4090032
2001-11-07,1.336711049079895,1.4060980498216862,1.336711049079895,1.4030362242955088,12925800
2001-11-08,1.3550779819488525,1.3652818039355368,1.2958957925308792,1.3060996145175636,10276443
2001-11-09,1.3795678615570068,1.408138698700262,1.324466820597253,1.3550781815912278,7990407
2001-11-12,1.3877309560775757,1.4285461345287158,1.3591601231573383,1.3887512725901423,9531009
2001-11-13,1.385689616203308,1.4163019616894492,1.359160288881612,1.3693641121075684,5357511
2001-11-14,1.4081388711929321,1.420383329509601,1.3928328056548698,1.4060983470922546,6414660
2001-11-15,1.4081388711929321,1.420383329509601,1.3979351559290414,1.4163021718321955,3584799
2001-11-16,1.4224234819412231,1.548952145577642,1.4183423253301946,1.548952145577642,26551296
2001-11-19,1.4458931684494019,1.4489540089980124,1.4224236954063334,1.4285463617878975,26551296
2001-11-20,1.4581373929977417,1.4642600588631252,1.4387500640969872,1.4489538868417964,6549003
2001-11-21,1.4336485862731934,1.4591577051536024,1.423444763559384,1.4591577051536024,11597418
2001-11-22,1.4387500286102295,1.4489538511033613,1.4244650493383337,1.4346688718314657,8144694
2001-11-23,1.4244649410247803,1.438749919210474,1.4183422757759678,1.428546097493221,7785531
2001-11-26,1.4203829765319824,1.4305867987361842,1.4101791543277806,1.4183423434623696,4029255
2001-11-27,1.4591578245162964,1.4642601741947,1.4203831636607247,1.4203831636607247,9832446
2001-11-28,1.462219476699829,1.4744639330495544,1.454056286847947,1.462219476699829,16952247
2001-11-29,1.4530359506607056,1.4693624396206928,1.448953917885592,1.4652802973695478,7249554
2001-11-30,1.4642599821090698,1.4703826476535136,1.4530358433637478,1.4530358433637478,6538104
2001-12-03,1.4601787328720093,1.4693622379643603,1.4489537190301391,1.4673207292148411,8451279
2001-12-04,1.4530359506607056,1.4683412472017192,1.4367094617007186,1.464260090234855,10293309
2001-12-05,1.4183425903320312,1.4540564121669999,1.4183425903320312,1.4530360954546022,15019515
2001-12-06,1.429566502571106,1.438750008371356,1.4081385413225715,1.4132400145932704,7748838
2001-12-07,1.4142613410949707,1.4367095115460575,1.4132401486405681,1.4316071619831985,5512950
2001-12-10,1.4316070079803467,1.4336485168612603,1.4081385234077222,1.4081385234077222,3418731
2001-12-11,1.416301965713501,1.4377298193872365,1.416301965713501,1.428546312772163,3028230
2001-12-12,1.403036117553711,1.4173220811483749,1.403036117553711,1.4081384663609857,3474081
2001-12-13,1.3867108821868896,1.413240210915456,1.3856896896874877,1.3989552298600894,4244400
2001-12-14,1.3683438301086426,1.392832634252328,1.3652820043119382,1.3775273369300935,4444335
2001-12-17,1.3673226833343506,1.3775273829679469,1.346915035683805,1.3571188595090777,2349855
2001-12-18,1.389771580696106,1.3928325304564095,1.3632413788716258,1.3775272342747482,2873079
2001-12-19,1.3673226833343506,1.3958943972246862,1.3673226833343506,1.3938528880225567,2621970
2001-12-20,1.3234466314315796,1.3622212958002977,1.3173239645292087,1.3622212958002977,6381567
2001-12-21,1.321405053138733,1.3346707030128437,1.3081403885489973,1.3142630551318402,3787974
2001-12-24,1.2938544750213623,1.3367111686636588,1.2887530011777382,1.3275276618320475,3065409
2001-12-25,1.278549075126648,1.294875452754478,1.2581414315199169,1.2928339439568772,3992805
2001-12-26,1.3112010955810547,1.3122213026242946,1.2714061239053553,1.276508472833811,2148552
2001-12-27,1.2989568710327148,1.3203848354524923,1.2979366638084087,1.3122215355174303,2836350
2001-12-28,1.288752794265747,1.3020174561473805,1.2683452600271699,1.3009972491232817,4213728
2001-12-31,1.2499781847000122,1.311201003203105,1.22446819347133,1.2897730440960258,3415869
2002-01-01,1.2499781847000122,1.311201003203105,1.22446819347133,1.2897730440960258,0
2002-01-02,1.2499781847000122,1.311201003203105,1.22446819347133,1.2897730440960258,0
2002-01-03,1.2499781847000122,1.311201003203105,1.22446819347133,1.2897730440960258,0
2002-01-04,1.238753318786621,1.2754873426955855,1.2336518454176029,1.2530391739410942,7237800
2002-01-07,1.246916651725769,1.2479369684122252,1.2254887970737547,1.2346723041080971,4026942
2002-01-08,1.2316111326217651,1.2591617582476031,1.224468260244527,1.2520187763943451,3429072
2002-01-09,1.2091625928878784,1.2265092943728741,1.1958979254464481,1.2265092943728741,5885136
2002-01-10,1.2418149709701538,1.2601819819801812,1.1642647850557029,1.2040606324335557,6876450
2002-01-11,1.1948773860931396,1.2356925735560127,1.1938570693552935,1.2346723662942114,3965013
2002-01-14,1.1571228504180908,1.183652176030492,1.1540610248961676,1.1826318594592564,6800958
2002-01-15,1.123449683189392,1.173448370720069,1.1224293666031502,1.1448775357367842,6943212
2002-01-16,1.149979591369629,1.1673263920948576,1.112225259894016,1.124469712658646,5287446
2002-01-17,1.073449969291687,1.1499798409884925,1.0693688125789411,1.1499798409884925,6397200
2002-01-18,1.0418182611465454,1.081613232609492,1.0061044462628035,1.059164955593503,9446211
2002-01-21,0.9377387762069702,1.0407979722538052,0.9377387762069702,1.0275324340340068,8479692
2002-01-22,0.9642691016197205,1.0203905692436146,0.904065710447927,0.9203920909270703,17913771
2002-01-23,1.0612056255340576,1.0612056255340576,0.9591666357107087,0.96630961788796,22037373
2002-01-24,1.0897763967514038,1.1224292613499076,1.0305940991620357,1.0652875967416675,32118687
2002-01-25,1.0836546421051025,1.108143442901737,1.0714094206366216,1.0816132427262501,12495690
2002-01-28,1.012227177619934,1.102021824197908,1.0101866539354112,1.066308006987568,15201612
2002-01-29,1.0673283338546753,1.099980325830663,0.9897781423487517,1.0081451546830655,12579300
2002-01-30,1.073449969291687,1.090796773782277,1.037737138523558,1.0714094456733263,7498701
2002-01-31,1.1591635942459106,1.1734484655113433,1.089776586974951,1.089776586974951,30231198
2002-02-01,1.143857479095459,1.171408001116639,1.1428371623749995,1.1612041770557862,17725635
2002-02-04,1.1601834297180176,1.1652849019507938,1.1326329179225716,1.1438570545378983,10414998
2002-02-05,1.1826322078704834,1.1826322078704834,1.1530411574944677,1.1561019986338923,10994040
2002-02-06,1.1428370475769043,1.1836522302443835,1.140796414340967,1.182631913626415,9634554
2002-02-07,1.1826322078704834,1.202019542147924,1.1336538232170272,1.1377349812282795,15047667
2002-02-08,1.163244366645813,1.1989580656599044,1.1612037339835237,1.183651897504719,8563050
2002-02-11,1.163244366645813,1.1989580656599044,1.1612037339835237,1.183651897504719,0
2002-02-12,1.163244366645813,1.1989580656599044,1.1612037339835237,1.183651897504719,0
2002-02-13,1.163244366645813,1.1989580656599044,1.1612037339835237,1.183651897504719,0
2002-02-14,1.163244366645813,1.1989580656599044,1.1612037339835237,1.183651897504719,0
2002-02-15,1.163244366645813,1.1989580656599044,1.1612037339835237,1.183651897504719,0
2002-02-18,1.163244366645813,1.1989580656599044,1.1612037339835237,1.183651897504719,0
2002-02-19,1.163244366645813,1.1989580656599044,1.1612037339835237,1.183651897504719,0
2002-02-20,1.163244366645813,1.1989580656599044,1.1612037339835237,1.183651897504719,0
2002-02-21,1.163244366645813,1.1989580656599044,1.1612037339835237,1.183651897504719,0
2002-02-22,1.163244366645813,1.1989580656599044,1.1612037339835237,1.183651897504719,0
2002-02-25,1.1826322078704834,1.2122243530070913,1.174469016039505,1.202019542147924,6389856
2002-02-26,1.173448085784912,1.1805910664863553,1.1499796057636227,1.1805910664863553,3963258
2002-02-27,1.1754897832870483,1.1836520963554522,1.16528508559722,1.168346910913043,3921993
2002-02-28,1.167326807975769,1.1969179625320017,1.1632447748865924,1.1703876485674038,4416003
2002-03-01,1.1479393243789673,1.1673266526062889,1.1479393243789673,1.1530407976700532,4580298
2002-03-04,1.1652851104736328,1.1683469358548193,1.142836942701977,1.142836942701977,3052350
2002-03-05,1.202019214630127,1.209162197119067,1.1744686960284807,1.1744686960284807,12549645
2002-03-06,1.238753318786621,1.259161839687335,1.20201918540163,1.20201918540163,27842868
2002-03-07,1.2744669914245605,1.2754873079657876,1.226508829706173,1.2346721283681563,16835652
2002-03-08,1.3101807832717896,1.3142628156941008,1.2703858114682172,1.2958958045761242,26326467
2002-03-11,1.3009976148605347,1.3060999651276368,1.276508807737176,1.3060999651276368,15090552
2002-03-12,1.2693655490875244,1.3122212496385073,1.2652834073671402,1.3060995697221685,18809505
2002-03-13,1.2448757886886597,1.2816098068186184,1.2428351558716746,1.2693654625366606,13294746
2002-03-14,1.29997718334198,1.3060998498556666,1.2346723167466431,1.2356925239675034,9072144
2002-03-15,1.2509984970092773,1.3009972914212071,1.2499782899520095,1.2958958182307767,12200094
2002-03-18,1.2530392408370972,1.2867124263127716,1.2428354177460956,1.2734468870191002,6142878
2002-03-19,1.2938544750213623,1.3020176651890414,1.2499784499994657,1.263243114010769,10872126
2002-03-20,1.3020174503326416,1.325486919250934,1.2877325814907046,1.3009972433130987,13286250
2002-03-21,1.309160590171814,1.3387517426835969,1.3009974003657716,1.3009974003657716,12049137
2002-03-22,1.2826300859451294,1.3163032633468477,1.273446581679575,1.3163032633468477,5650011
2002-03-25,1.2744669914245605,1.2836504971517473,1.266303802238601,1.2836504971517473,4108500
2002-03-26,1.255079984664917,1.280589984769295,1.2499786196051417,1.2754876344250539,6475500
2002-03-27,1.255079984664917,1.2581418108804585,1.2448762692609003,1.2530394605362172,4645089
2002-03-28,1.2663038969039917,1.2856921021571908,1.255079757255265,1.255079757255265,4771854
2002-03-29,1.2346723079681396,1.2591619885644012,1.2316113578992012,1.2591619885644012,7345620
2002-04-01,1.2397747039794922,1.244876178141916,1.204060881609127,1.2244685298755213,5186331
2002-04-02,1.2040607929229736,1.2397746126628064,1.1948772861938892,1.2356924702443564,4595481
2002-04-03,1.212224006652832,1.2244683529966323,1.193856885018978,1.1989583584444754,4567428
2002-04-04,1.2448757886886597,1.2703856694691436,1.198958156550202,1.2112025008321596,6477939
2002-04-05,1.2367128133773804,1.2703860005331407,1.2305911322831273,1.2703860005331407,4718619
2002-04-08,1.2418149709701538,1.274466960591889,1.235692305538748,1.2550796330653184,5698575
2002-04-09,1.2418149709701538,1.2418149709701538,1.2418149709701538,1.2418149709701538,0
2002-04-10,1.3040590286254883,1.326507196960317,1.275487318850683,1.275487318850683,29488932
2002-04-11,1.2714060544967651,1.3122212309875225,1.2652833893832969,1.3060995511581928,11415105
2002-04-12,1.281610369682312,1.3122217364732935,1.265283876787962,1.265283876787962,6425559
2002-04-15,1.2673254013061523,1.2938547346522578,1.2499787008259928,1.2856924186549858,5135589
2002-04-16,1.2703857421875,1.2938542251622958,1.2601819206624392,1.267324902262826,3614220
2002-04-17,1.2754876613616943,1.2856923622656868,1.2591621542747011,1.2724268203659777,3425922
2002-04-18,1.2530392408370972,1.2795694436161793,1.2509986075901358,1.2652835876990274,4908150
2002-04-19,1.2571202516555786,1.26018196750218,1.2316111347988408,1.2499782550738727,7064235
2002-04-22,1.2458959817886353,1.2550794862191654,1.231611004848291,1.2530389629008447,2456091
2002-04-23,1.2407946586608887,1.2509983703407437,1.2346719937489283,1.2346719937489283,1559286
2002-04-24,1.2346723079681396,1.2448761317208392,1.2346723079681396,1.2377331485610386,3001842
2002-04-25,1.2367128133773804,1.2428354797559755,1.2265089897772705,1.234672289504642,2143071
2002-04-26,1.2499781847000122,1.2856918877825319,1.244875836131032,1.2652833693147205,4093713
2002-04-29,1.2693655490875244,1.2714060725676317,1.2509984292941856,1.2571202186865413,4778145
2002-04-30,1.2642632722854614,1.2836506018625378,1.2591619081152414,1.2754874120106852,6995781
2002-05-01,1.2642632722854614,1.2836506018625378,1.2591619081152414,1.2754874120106852,0
2002-05-02,1.2642632722854614,1.2836506018625378,1.2591619081152414,1.2754874120106852,0
2002-05-03,1.2642632722854614,1.2836506018625378,1.2591619081152414,1.2754874120106852,0
2002-05-06,1.2642632722854614,1.2836506018625378,1.2591619081152414,1.2754874120106852,0
2002-05-07,1.2642632722854614,1.2836506018625378,1.2591619081152414,1.2754874120106852,0
2002-05-08,1.2509984970092773,1.2673249847302257,1.2499782899520095,1.2673249847302257,2581470
2002-05-09,1.2448757886886597,1.2560998165621249,1.2428351558716746,1.2499781370631888,2010870
2002-05-10,1.2499781847000122,1.2744668741971945,1.244875836131032,1.244875836131032,2621799
2002-05-13,1.2152849435806274,1.2448760973316364,1.2091622772796091,1.2448760973316364,8104527
2002-05-14,1.2142647504806519,1.2428355904775197,1.2040609259715052,1.2142647504806519,2767374
2002-05-15,1.210182547569275,1.234672226550623,1.2081419143245473,1.2142645803909573,3663423
2002-05-16,1.174468755722046,1.2081419419302866,1.1734484390763682,1.2081419419302866,5458896
2002-05-17,1.1887547969818115,1.193857147336635,1.169367463983841,1.1744689385302487,3236481
2002-05-20,1.1683470010757446,1.1979380430257593,1.1632446518370765,1.1938568861766097,2663190
2002-05-21,1.2214077711105347,1.2428356280661352,1.1938571375696572,1.1958977711619465,7372134
2002-05-22,1.1938568353652954,1.2214074619322048,1.1928356430192393,1.2214074619322048,3261600
2002-05-23,1.1958975791931152,1.2295698891535851,1.1948772625607547,1.2142645922880084,1718100
2002-05-24,1.1816120147705078,1.1969181912218787,1.1693675553040774,1.193857240569362,2069856
2002-05-27,1.1816120147705078,1.1816120147705078,1.1816120147705078,1.1816120147705078,0
2002-05-28,1.1826322078704834,1.224468702849322,1.1816120004747148,1.1897751923056932,2333250
2002-05-29,1.1510002613067627,1.1836522548531538,1.1479394208652522,1.1826319382139723,3906900
2002-05-30,1.1428370475769043,1.1714078834486006,1.1326332245410264,1.1530408706127822,4705209
2002-05-31,1.1325414180755615,1.1809316406527592,1.1129794273054994,1.163428667274527,4034925
2002-06-03,1.1068016290664673,1.1160679807933414,1.0965059895430214,1.1098901552300373,2309670
2002-06-04,1.1109192371368408,1.1201855862249734,1.091357361919388,1.1078308223150557,2644101
2002-06-05,1.082090973854065,1.1170970207027935,1.082090973854065,1.1170970207027935,1965600
2002-06-06,1.131511926651001,1.1531328225698967,1.070766058253543,1.0820912052874048,4151610
2002-06-07,1.131511926651001,1.1459254890559403,1.1191562768453382,1.1325413247998286,7011270
2002-06-10,1.131511926651001,1.131511926651001,1.131511926651001,1.131511926651001,0
2002-06-11,1.1222455501556396,1.1397486321528778,1.102683671908002,1.1170972339821037,4484034
2002-06-12,1.1047422885894775,1.1284221949703381,1.1016528799397074,1.1273926866531234,2226123
2002-06-13,1.1016530990600586,1.1150382563178967,1.1016530990600586,1.1026836017426338,1524564
2002-06-14,1.0800319910049438,1.1016528807676236,1.0790024826869555,1.1016528807676236,2424780
2002-06-17,1.0656183958053589,1.081061573952613,1.0501743339599166,1.0707658272883809,1905372
2002-06-18,1.081061601638794,1.09753506183291,1.0656184230960373,1.0738542694948845,2964204
2002-06-19,1.0738544464111328,1.0913575283665622,1.0738544464111328,1.0913575283665622,1420560
2002-06-20,1.081061601638794,1.090327840151277,1.0707658547108858,1.0707658547108858,3800547
2002-06-21,1.1747534275054932,1.189167980500662,1.0831204456124763,1.0862098543789918,27660618
2002-06-24,1.2921267747879028,1.2921267747879028,1.2457955648971533,1.2921267747879028,67966533
2002-06-25,1.2756527662277222,1.3178661475541738,1.2663865273857149,1.3085999087121667,36753930
2002-06-26,1.2962443828582764,1.335369242512257,1.2478541671881898,1.2643277399814123,26273925
2002-06-27,1.2910969257354736,1.3168367377479022,1.2849192117867954,1.3024221823299413,12733344
2002-06-28,1.2910969257354736,1.2910969257354736,1.2910969257354736,1.2910969257354736,0
2002-07-01,1.2952145338058472,1.3374279080091025,1.2952145338058472,1.2972744340605686,26481285
2002-07-02,1.2941855192184448,1.2972748182040088,1.2766824372947645,1.2849192791961679,8473644
2002-07-03,1.2869782447814941,1.306541118002603,1.281830812092446,1.297274877556381,6079239
2002-07-04,1.2694759368896484,1.295214752822471,1.2643276213916823,1.2890379230326268,7283079
2002-07-05,1.270505666732788,1.2746235907976757,1.2560911098777388,1.2663867485072045,5958927
2002-07-08,1.2746232748031616,1.2797715899219129,1.2653570366404054,1.2705053517591567,3462912
2002-07-09,1.2725645303726196,1.2787423551899646,1.2694761150442782,1.2746235475663776,2763810
2002-07-10,1.248883605003357,1.2725643990718563,1.246824588022044,1.2725643990718563,5517801
2002-07-11,1.238587737083435,1.2550613073444121,1.223144669373635,1.2437360522729193,5662602
2002-07-12,1.238587737083435,1.238587737083435,1.238587737083435,1.238587737083435,0
2002-07-15,1.21902596950531,1.235499542704071,1.2159375542446758,1.235499542704071,4083390
2002-07-16,1.2138782739639282,1.2344697665340192,1.2097594673234706,1.2179961969062303,3917106
2002-07-17,1.230351209640503,1.2334405085569093,1.2138785203671059,1.2200554612655408,2532735
2002-07-18,1.2313809394836426,1.2406471809636563,1.2303514307385155,1.2354997477003327,2963250
2002-07-19,1.235499382019043,1.2406468137588371,1.231380575021431,1.231380575021431,2021886
2002-07-22,1.2118189334869385,1.2354997331295046,1.2097599160209673,1.2354997331295046,3999276
2002-07-23,1.205641746520996,1.2231448274345225,1.2025524477137246,1.2128480852626837,2403855
2002-07-24,1.1984347105026245,1.213878666308732,1.1953461844509352,1.2097598583370104,2460537
2002-07-25,1.21902596950531,1.2396174665390143,1.2066713143021328,1.2066713143021328,6523533
2002-07-26,1.2107890844345093,1.2252036386548086,1.204612144235074,1.204612144235074,1484748
2002-07-29,1.2231450080871582,1.2252039149764649,1.1963756837324364,1.2087303401536227,1814409
2002-07-30,1.21902596950531,1.2252037941872187,1.2107892381370762,1.2252037941872187,985320
2002-07-31,1.2035818099975586,1.2149079498941808,1.2004933949803969,1.2004933949803969,2034126
2002-08-01,1.1922569274902344,1.2087303925650739,1.1860799856298694,1.2035820757266822,1650348
2002-08-02,1.1974049806594849,1.2004933956784425,1.1901976479672598,1.1922566649547546,1420128
2002-08-05,1.189168095588684,1.1994638429199145,1.1860796806837008,1.1994638429199145,1287810
2002-08-06,1.2149081230163574,1.2200555557533166,1.1840199918009902,1.1891683082363524,11157489
2002-08-07,1.2025521993637085,1.213878226795682,1.200493182741431,1.213878226795682,2274300
2002-08-08,1.2035818099975586,1.2169669668804783,1.2025524119666944,1.2046122021889847,1745982
2002-08-09,1.188138723373413,1.2035817923939127,1.184019805762784,1.2035817923939127,2547468
2002-08-12,1.1788727045059204,1.1871094366429389,1.1778431958355209,1.1871094366429389,2286900
2002-08-13,1.1778428554534912,1.1840196847662536,1.1757829550095484,1.179901761736988,1771200
2002-08-14,1.182990312576294,1.1840197105092878,1.173724074245237,1.173724074245237,1104930
2002-08-15,1.1757831573486328,1.1850493970728384,1.1747536487985817,1.1850493970728384,1048500
2002-08-16,1.184019923210144,1.1932861632058158,1.1685768526577887,1.1737242850965544,1893960
2002-08-19,1.1768136024475098,1.1840199416969222,1.1726947948262945,1.1819610349666452,1683333
2002-08-20,1.189168095588684,1.2025523682871784,1.1737241432049965,1.1737241432049965,2342529
2002-08-21,1.1963753700256348,1.1994637847809202,1.1850492310893919,1.1943154695157254,2137698
2002-08-22,1.2241742610931396,1.256091014578724,1.194315641016603,1.1963755418223092,13869414
2002-08-23,1.2179964780807495,1.238587975404388,1.2169670799542396,1.2231449047231338,3977478
2002-08-26,1.2107890844345093,1.2262331470984278,1.2097595759908901,1.2252036386548086,2572281
2002-08-27,1.2241742610931396,1.2385879331562344,1.210789213885404,1.21284812053049,3656736
2002-08-28,1.2097595930099487,1.224174147433034,1.207700686556025,1.2179963234484534,2330145
2002-08-29,1.1994640827178955,1.214908148651456,1.1984346845186233,1.2107893407690367,2254545
2002-08-30,1.1974049806594849,1.2077007283706676,1.1943155714799647,1.1984344891532324,1168560
2002-09-02,1.1963753700256348,1.2004932931867736,1.1922565631662936,1.1953458616197814,1629558
2002-09-03,1.2025521993637085,1.2149077351068207,1.200493182741431,1.200493182741431,1228176
2002-09-04,1.1963753700256348,1.2056416084519683,1.1953458616197814,1.203581707942059,1154700
2002-09-05,1.1778428554534912,1.1994637463690518,1.174753446636664,1.1994637463690518,2934900
2002-09-06,1.1778428554534912,1.1963753317126706,1.172694540353167,1.174753446636664,2909772
2002-09-09,1.1737241744995117,1.1840198116429697,1.1685767425457754,1.1726946660163078,1423485
2002-09-10,1.1799018383026123,1.1840197615990962,1.1737241248907946,1.1737241248907946,1024821
2002-09-11,1.1747534275054932,1.1819607592342127,1.168576598293322,1.1799017425219755,1496646
2002-09-12,1.182990312576294,1.189168025721547,1.1778428810622281,1.1788723894574962,1109520
2002-09-13,1.1747534275054932,1.189167980500662,1.170635504543289,1.1819607592342127,1292400
2002-09-16,1.1932861804962158,1.2149080702398427,1.185049448961408,1.1891682565779944,7066035
2002-09-17,1.186079740524292,1.1963754883749678,1.1716651854068294,1.1922566811081807,2290194
2002-09-18,1.188138723373413,1.2015228859000135,1.1788724842968943,1.1788724842968943,1831860
2002-09-19,1.1953459978103638,1.2025524470101228,1.1634284720355297,1.1809314424765271,4014963
2002-09-20,1.1799018383026123,1.195345900907599,1.1737241248907946,1.195345900907599,1365120
2002-09-23,1.1788727045059204,1.1809316113844157,1.1737243879177968,1.1737243879177968,1041318
2002-09-24,1.168576717376709,1.1809313712204776,1.1665168167563986,1.1788724647606985,2382498
2002-09-25,1.1706355810165405,1.1819608364473007,1.1696061830554452,1.1696061830554452,1056249
2002-09-26,1.16445791721344,1.1778430750280138,1.163428519110926,1.1706357418383238,2339739
2002-09-27,1.1593104600906372,1.1737241306281583,1.158280951645914,1.16342838340725,2195298
2002-09-30,1.1593104600906372,1.1593104600906372,1.1593104600906372,1.1593104600906372,0
2002-10-01,1.1593104600906372,1.1593104600906372,1.1593104600906372,1.1593104600906372,0
2002-10-02,1.1593104600906372,1.1593104600906372,1.1593104600906372,1.1593104600906372,0
2002-10-03,1.1593104600906372,1.1593104600906372,1.1593104600906372,1.1593104600906372,0
2002-10-04,1.1593104600906372,1.1593104600906372,1.1593104600906372,1.1593104600906372,0
2002-10-07,1.1593104600906372,1.1593104600906372,1.1593104600906372,1.1593104600906372,0
2002-10-08,1.1387183666229248,1.1613696568528218,1.1366593492187373,1.1613696568528218,1960200
2002-10-09,1.1222455501556396,1.132541298804353,1.1057720872081906,1.132541298804353,3214773
2002-10-10,1.11709725856781,1.1201857843982674,1.098564778037499,1.119156275788115,1477800
2002-10-11,1.1119498014450073,1.1243044555784023,1.1026835623048226,1.1119498014450073,1133559
2002-10-14,1.1109192371368408,1.1129791376911042,1.0820910128312553,1.1068013138870347,2518344
2002-10-15,1.0995941162109375,1.1098898634904082,1.0934171759697435,1.1098898634904082,1195416
2002-10-16,1.1068016290664673,1.1212162976354554,1.1026838151063254,1.1026838151063254,1321200
2002-10-17,1.0913573503494263,1.1098898274046651,1.0862099187261693,1.1078308105704517,1214100
2002-10-18,1.0779731273651123,1.0892982716211728,1.0687067789017313,1.086209857007613,3377556
2002-10-21,1.0779731273651123,1.0851803486490033,1.0687067789017313,1.0707657956189511,1374579
2002-10-22,1.1016530990600586,1.1068014149059995,1.0872395379031128,1.0882689359628104,2033685
2002-10-23,1.1068016290664673,1.1078311377876573,1.0995944052442823,1.1016533122243533,1450035
2002-10-24,1.086210012435913,1.106801397639553,1.0810616966702873,1.1016530818739274,1504800
2002-10-25,1.086210012435913,1.093417234751102,1.0810616966702873,1.0810616966702873,1317195
2002-10-28,1.0944466590881348,1.0965056759416345,1.081061613530778,1.081061613530778,1767339
2002-10-29,1.1016530990600586,1.1016530990600586,1.0810617135351865,1.0913574615287664,1563507
2002-10-30,1.0892984867095947,1.0995942351022718,1.0872395800481018,1.0995942351022718,677880
2002-10-31,1.0985645055770874,1.1026834226945221,1.0913572843197354,1.0913572843197354,1018485
2002-11-01,1.1026835441589355,1.1037129421648764,1.0831205635547778,1.0913574045365353,1000791
2002-11-04,1.1140087842941284,1.1212161174201736,1.0965058132994756,1.1129792757384134,1173195
2002-11-05,1.131511926651001,1.14077816692491,1.1150383528631356,1.1181267682342133,3738708
2002-11-06,1.1212159395217896,1.1376885156487653,1.1098898007339129,1.131511686219108,2556198
2002-11-07,1.11606764793396,1.1284223012150967,1.1129791226915209,1.11709704588583,1219482
2002-11-08,1.0913573503494263,1.1428368583089923,1.0882688250981063,1.1376885429875232,2638800
2002-11-11,1.0717957019805908,1.1016533333262728,1.0707661932396808,1.093417484323615,1744200
2002-11-12,1.0573819875717163,1.0913576526046134,1.0522336708244036,1.0707661530122758,2567250
2002-11-13,1.0501747131347656,1.0563525389355934,1.0378200556939305,1.0542926377155415,2545452
2002-11-14,1.0501747131347656,1.0892986971396357,1.0481158060755342,1.0604704635163693,6328629
2002-11-15,1.048115611076355,1.0697365061155102,1.0213462894926826,1.0460557102395425,3512430
2002-11-18,1.0337011814117432,1.0501746460800132,1.0316421640216689,1.0501746460800132,1628640
2002-11-19,1.0450263023376465,1.050174618915808,1.0295832304623205,1.0295832304623205,1942551
2002-11-20,1.0213462114334106,1.0481155309711623,1.0203168134051432,1.0481155309711623,2570400
2002-11-21,0.9986950159072876,1.0192873968207674,0.9986950159072876,1.0007549167724017,3109329
2002-11-22,0.9935474991798401,1.0192873103646694,0.9883991834635624,1.0038432469141159,3211200
2002-11-25,0.9935474991798401,0.998694931197838,0.984281259941621,0.998694931197838,1326762
2002-11-26,0.9935474991798401,0.9935474991798401,0.9935474991798401,0.9935474991798401,0
2002-11-27,0.9616297483444214,0.9781033183134719,0.937949951154897,0.9781033183134719,2726469
2002-11-28,0.9914888739585876,0.9976657057628688,0.9472165717362329,0.9678079625847584,3459888
2002-11-29,1.019287347793579,1.04502616576299,1.0089907159829243,1.0089907159829243,11135448
2002-12-02,0.9781034588813782,1.0192873344915994,0.9781034588813782,1.0192873344915994,3235248
2002-12-03,0.9873697757720947,0.9894287929744213,0.9657488800624067,0.9657488800624067,2522790
2002-12-04,0.9863401055335999,1.022375662226364,0.9781033753003172,0.989428630830955,4129920
2002-12-05,0.9791332483291626,0.9832520568286227,0.9678079885813777,0.9781037395133563,1890000
2002-12-06,0.9729561805725098,0.9883993631320014,0.9678078639203855,0.9832519301783177,1708281
2002-12-09,0.9678076505661011,0.9853107303318552,0.965748744115899,0.9760444914519978,1298106
2002-12-10,0.9523635506629944,0.970896138164016,0.9523635506629944,0.9657487065453401,1699200
2002-12-11,0.9472164511680603,0.9575120900506657,0.9430975328412046,0.9523637735290028,1896201
2002-12-12,0.9523635506629944,0.97192553611793,0.9472162295065949,0.9523635506629944,1480500
2002-12-13,0.9657488465309143,0.9729560692625949,0.9420680507427438,0.9513342906052605,1947456
2002-12-16,0.9781034588813782,0.9914886161189355,0.9678077109033981,0.9688372194238236,3082824
2002-12-17,0.9791332483291626,0.9832520568286227,0.9678079885813777,0.9801627571449688,1845585
2002-12-18,0.9811918139457703,0.9997244021892436,0.9781033990357474,0.9781033990357474,2621898
2002-12-19,0.9956066012382507,1.0110505555460767,0.9883992679140532,0.9883992679140532,5424687
2002-12-20,1.0089906454086304,1.038849262821635,0.9863401337005239,0.9956064830931556,5746320
2002-12-23,0.9986950159072876,1.0141390806678088,0.9986950159072876,1.0089907645148501,3347091
2002-12-24,0.9986950159072876,1.001784314893487,0.9863402501329658,1.001784314893487,2034981
2002-12-25,0.9822223782539368,1.0007549697455866,0.9811919859176603,0.9997245774093102,2554380
2002-12-26,0.9503047466278076,0.9811918802983451,0.9472163315089323,0.97398554153354,3408093
2002-12-27,0.9513340592384338,0.9564823740494879,0.9441267277973019,0.9472161364405434,2841696
2002-12-30,0.9430973529815674,0.9678076548233943,0.9400089380615381,0.9678076548233943,3624174
2002-12-31,0.9214764833450317,0.9420679786245593,0.9183880131163558,0.9420679786245593,3618045
2003-01-01,0.9214764833450317,0.9420679786245593,0.9183880131163558,0.9420679786245593,0
2003-01-02,0.9070618748664856,0.9266248006227845,0.9070618748664856,0.9245648999477245,2300904
2003-01-03,0.9029439687728882,0.9080923397811836,0.8967661997186495,0.8967661997186495,2202579
2003-01-06,0.9101514220237732,0.9122103840815902,0.875145366553805,0.9008851262184641,4389318
2003-01-07,0.905002772808075,0.9235353035044004,0.8947070819778353,0.9101511429189632,3228750
2003-01-08,0.9235354661941528,0.9245649194731446,0.8957366928682071,0.9039734789541495,3437325
2003-01-09,0.9441270232200623,0.9503048482792321,0.9173586940304285,0.928683841350889,6229800
2003-01-10,0.9338312149047852,0.9513342966376802,0.9338312149047852,0.9441269633980053,4640130
2003-01-13,0.9286837577819824,0.9369205993743049,0.9266248511551998,0.9317722834155916,2329335
2003-01-14,1.0172274112701416,1.0213462184968245,0.9317722409999909,0.9317722409999909,27813222
2003-01-15,0.9966358542442322,1.0378197264018327,0.9894286324317407,1.0192872490403806,17182278
2003-01-16,1.0172274112701416,1.0192873119637662,0.9863401680188574,0.9883991850142008,10688364
2003-01-17,1.0100212097167969,1.0213463570388275,1.0017843673821287,1.019287450226486,8643150
2003-01-20,1.0347305536270142,1.0357600622961651,0.9935476662279937,1.0110506391512029,8937324
2003-01-21,1.0028139352798462,1.039878899508923,0.9997246359492231,1.0367896001783,8029332
2003-01-22,1.001784086227417,1.0048726112725728,0.9904579479234111,0.9945768650151053,4896117
2003-01-23,0.9904582500457764,1.0089908419792604,0.9883993431832406,1.0017843918046283,2434185
2003-01-24,0.9986950159072876,1.0038433320602462,0.9781035186921625,0.9863402501329658,3290400
2003-01-27,1.0110504627227783,1.0182569116870053,1.0017842235435581,1.0017842235435581,3170358
2003-01-28,1.0120799541473389,1.0172273860457706,1.006931638550648,1.0089906554949335,2283210
2003-01-29,1.0172274112701416,1.0203168204614381,1.0120799792440682,1.0120799792440682,5087115
2003-01-30,1.0172274112701416,1.0203168204614381,1.0120799792440682,1.0120799792440682,0
2003-01-31,1.0172274112701416,1.0203168204614381,1.0120799792440682,1.0120799792440682,0
2003-02-03,1.0172274112701416,1.0203168204614381,1.0120799792440682,1.0120799792440682,0
2003-02-04,1.0172274112701416,1.0203168204614381,1.0120799792440682,1.0120799792440682,0
2003-02-05,1.0172274112701416,1.0203168204614381,1.0120799792440682,1.0120799792440682,0
2003-02-06,1.0172274112701416,1.0203168204614381,1.0120799792440682,1.0120799792440682,0
2003-02-07,1.0172274112701416,1.0203168204614381,1.0120799792440682,1.0120799792440682,0
2003-02-10,1.0048726797103882,1.0223756483722237,0.9986948559634461,1.0203167419974986,1988532
2003-02-11,1.0079610347747803,1.0089905431322754,0.9935473654584961,0.9935473654584961,1361745
2003-02-12,1.0388492345809937,1.0450260642596252,1.000754771433321,1.007961109545817,11289942
2003-02-13,1.0213462114334106,1.0450261218012316,1.0172274042352125,1.0398786898107566,5592150
2003-02-14,1.0285536050796509,1.034730435464578,1.0192873653416417,1.0192873653416417,3763485
2003-02-17,1.0234050750732422,1.0378196277908696,1.0192871521903257,1.032671312873514,4899618
2003-02-18,1.0182570219039917,1.0234053381447479,1.0110505721597327,1.0203169228042346,2117331
2003-02-19,1.0234050750732422,1.0244345834095383,1.0089905223556148,1.0172272518195906,2530710
2003-02-20,1.0295830965042114,1.0398787341602476,1.0244347805958922,1.0244347805958922,4904046
2003-02-21,1.0028139352798462,1.0295832602158017,1.0017844265816873,1.0295832602158017,4123260
2003-02-24,0.9976652264595032,1.0069314638750393,0.995606320334665,1.0028135411630996,2879640
2003-02-25,1.019287347793579,1.0213462543990117,0.998694967870582,0.998694967870582,2790900
2003-02-26,1.0203168392181396,1.027523177909747,0.9997244596404481,0.9997244596404481,1533393
2003-02-27,1.0203168392181396,1.0295830786412392,1.0151684129368552,1.0192873307015422,2103012
2003-02-28,1.0038431882858276,1.0192872508343886,0.9986948728702312,1.0192872508343886,3019473
2003-03-03,1.0131094455718994,1.017227368928896,1.0038432067048426,1.017227368928896,1770786
2003-03-04,1.0285536050796509,1.0285536050796509,1.0182569730917292,1.0275232128297385,5220765
2003-03-05,1.0429672002792358,1.0450261067684377,1.0172273896023056,1.034730359237318,11796003
2003-03-06,1.0203168392181396,1.0450261482393488,1.0182569384866473,1.0450261482393488,5212998
2003-03-07,1.0059021711349487,1.0234052518854455,1.0038432645689102,1.0172274275644606,3128400
2003-03-10,0.9925180077552795,1.0141390120917728,0.988399200464214,1.0048727726941726,2954700
2003-03-11,0.9935474991798401,0.9956065161719533,0.9863401664714492,0.9904580899933905,3630915
2003-03-12,0.9986950159072876,1.0069317473480908,0.9863402501329658,0.9966359987405283,2499138
2003-03-13,0.980162501335144,1.0059022033343168,0.9781034842409085,0.996635963636514,2507850
2003-03-14,0.9729561805725098,0.9853109475447132,0.9708963899699787,0.9770741048429957,2572857
2003-03-17,0.980162501335144,0.980162501335144,0.9523636717794454,0.967807735995988,3075750
2003-03-18,0.9832519292831421,1.0069318440604875,0.9811920282201815,0.996636094464053,7606296
2003-03-19,0.9729561805725098,0.9925181711009279,0.9575121143145776,0.9781036135261935,2605410
2003-03-20,0.9719257354736328,0.9822223682193921,0.9678078114265031,0.9739856364267399,2263401
2003-03-21,0.9760447144508362,0.9822224293734038,0.9678078716830519,0.9678078716830519,1376442
2003-03-24,0.9729561805725098,0.9832519301783177,0.9667784656994928,0.9781036135261935,2163969
2003-03-25,0.9585413932800293,0.9760444727096838,0.9575118848435568,0.9760444727096838,1908027
2003-03-26,0.9472164511680603,0.961630014216801,0.9420681346463974,0.9585415987077751,3585600
2003-03-27,0.9657488465309143,0.9883992500553274,0.9379501269433641,0.9472163668058808,6473646
2003-03-28,0.9770739078521729,0.9997244198635461,0.9678076687977571,0.9781034163278083,8681913
2003-03-31,0.9925180077552795,0.9945770247828082,0.967807704641485,0.9739855289600792,4516938
2003-04-01,0.9925180077552795,0.9925180077552795,0.9925180077552795,0.9925180077552795,0
2003-04-02,0.9883992075920105,1.0048727799407675,0.9863401905496334,1.0028137628983904,4572009
2003-04-03,0.9853107929229736,0.9945770323914619,0.9832517758796933,0.9883992080256065,2515545
2003-04-04,0.9832519292831421,0.9914887719773605,0.9811920282201815,0.9914887719773605,2937762
2003-04-07,0.9636900424957275,0.9842815439048862,0.9626596500041249,0.9781037179102613,3608010
2003-04-08,0.9667782783508301,0.9883991715934995,0.9636897528997517,0.9647192613834444,3176100
2003-04-09,0.9822223782539368,0.9832518868918116,0.9492753402844365,0.9667784231382116,6274089
2003-04-10,0.9904582500457764,0.9904582500457764,0.9698668617120594,0.986340325858402,8243622
2003-04-11,1.019287347793579,1.0223757629328725,0.9883992197582395,0.9883992197582395,14816682
2003-04-14,1.0429672002792358,1.0604701699142483,1.0182568980780478,1.0192872902520524,19673910
2003-04-15,1.0429672002792358,1.052233439334613,1.024434722168481,1.0481155158939268,14706423
2003-04-16,1.0079610347747803,1.0481153955097389,0.9997243051411975,1.045025986739092,11671641
2003-04-17,1.0275229215621948,1.0450258875251375,1.0048725247627392,1.0048725247627392,9876636
2003-04-18,1.019287347793579,1.0429672591575574,1.0141390318882517,1.0295830959059216,6459867
2003-04-21,0.9976652264595032,1.0192871098693335,0.9822220497449261,1.014138795165737,6678846
2003-04-22,0.9904582500457764,1.0028139004670475,0.983251910333447,0.993547659731457,2838780
2003-04-23,0.9667782783508301,0.9904580780986015,0.9636897528997517,0.9883991715934995,5433813
2003-04-24,0.9472164511680603,0.9667784412007663,0.9420681346463974,0.9575120900506657,7017948
2003-04-25,0.9441270232200623,0.9575120715132801,0.942068116408006,0.9472164328299978,4416507
2003-04-28,0.9575120806694031,0.9575120806694031,0.9163283104571561,0.9379502012906576,7434576
2003-04-29,0.929713249206543,0.9678077157478734,0.9266248340920948,0.9678077157478734,4967010
2003-04-30,0.9276542067527771,0.9420678763112844,0.9194174217496394,0.9266246983779809,5060952
2003-05-01,0.9276542067527771,0.9420678763112844,0.9194174217496394,0.9266246983779809,0
2003-05-02,0.9276542067527771,0.9420678763112844,0.9194174217496394,0.9266246983779809,0
2003-05-05,0.9276542067527771,0.9420678763112844,0.9194174217496394,0.9266246983779809,0
2003-05-06,0.9276542067527771,0.9420678763112844,0.9194174217496394,0.9266246983779809,0
2003-05-07,0.9276542067527771,0.9420678763112844,0.9194174217496394,0.9266246983779809,0
2003-05-08,0.9276542067527771,0.9420678763112844,0.9194174217496394,0.9266246983779809,0
2003-05-09,0.9276542067527771,0.9420678763112844,0.9194174217496394,0.9266246983779809,0
2003-05-12,0.8947073817253113,0.9379502255827041,0.8936778730516253,0.9276544760720191,4705920
2003-05-13,0.8576422333717346,0.8957366996291395,0.8421981695934146,0.8936777378244719,8245368
2003-05-14,0.872056782245636,0.8772041587780307,0.8360212251079501,0.8360212251079501,4660173
2003-05-15,0.9451573491096497,0.9595710213283418,0.8648495503978549,0.8720568835875167,18292968
2003-05-16,0.9214764833450317,0.945157277320365,0.9122102441918739,0.945157277320365,5949900
2003-05-19,0.9266248345375061,0.9369205825719717,0.9214765186711205,0.9214765186711205,3606705
2003-05-20,0.9070618748664856,0.9266248006227845,0.9060324216092343,0.9245648999477245,3734937
2003-05-21,0.9070618748664856,0.9214764849448286,0.9039734598635897,0.9070618748664856,1877148
2003-05-22,0.905002772808075,0.9070617342344955,0.9008848499552337,0.906032281136852,1668240
2003-05-23,0.9101514220237732,0.9328017720565739,0.905003050334098,0.905003050334098,5554341
2003-05-26,0.9111807942390442,0.9266248585399444,0.9019145544906281,0.9111807942390442,6263955
2003-05-27,0.9432798027992249,0.9619175888800041,0.9049688165926177,0.9194643910433633,12904416
2003-05-28,0.9764130711555481,1.0167954926349003,0.9525986059125425,0.9525986059125425,33945057
2003-05-29,0.9960863590240479,0.9981579650812596,0.9650237104344196,0.9733072463236331,17826327
2003-05-30,0.9919449090957642,1.0043698780770633,0.9867673387820165,0.9940156261693422,9857070
2003-06-02,0.9774484038352966,0.9940155838888691,0.9733070809542634,0.9836613324215663,5475240
2003-06-03,0.9619175791740417,0.9836613294456482,0.9598468621948063,0.9764131534785238,5457600
2003-06-04,0.9691659212112427,0.9712366385453031,0.9577754206141103,0.9619177440021169,3990573
2003-06-05,0.95156329870224,0.9733070483103617,0.9494916930664835,0.9733070483103617,4010211
2003-06-06,0.9463858008384705,0.957775300193738,0.9422444777810209,0.9474211593753258,3746961
2003-06-09,0.9308539032936096,0.9422444015369321,0.927747883479361,0.9422444015369321,3704850
2003-06-10,0.9318901896476746,0.9370668710407486,0.9298185839347184,0.9308539424313267,2013210
2003-06-11,0.95156329870224,0.952598657160265,0.93292551337823,0.93292551337823,2568357
2003-06-12,0.9629529118537903,0.983661416559712,0.9598469471998362,0.9639882704351004,7920900
2003-06-13,0.9608821868896484,0.9660588680657037,0.9546692585406873,0.9577752228103353,2861910
2003-06-16,0.9536339640617371,0.9608822513501509,0.9525987166290469,0.9608822513501509,1660266
2003-06-17,0.9453504681587219,0.9557047203503141,0.943279862118348,0.9525987557447658,1741122
2003-06-18,0.9422444701194763,0.9608822567109867,0.9381021472859628,0.9453504346148155,2160261
2003-06-19,0.95156329870224,0.960882191364245,0.9401728004044785,0.9505279402442149,3185820
2003-06-20,0.9422444701194763,0.9515633634152315,0.9401728643428361,0.9505280048867949,1592541
2003-06-23,0.9298185706138611,0.9381021050078597,0.9298185706138611,0.9370668576160501,2367900
2003-06-24,0.9287832975387573,0.9329255647737827,0.9215350658485104,0.9277479390236937,2366343
2003-06-25,0.9225712418556213,0.932925492746668,0.9215349947008064,0.9298185287215968,879300
2003-06-26,0.9308539032936096,0.9422444015369321,0.9008265085350557,0.9215350106761429,3154572
2003-06-27,0.9163583517074585,0.9318901730495182,0.9132523873629222,0.9318901730495182,1200609
2003-06-30,0.8977206349372864,0.9132524574716965,0.8801181508325634,0.9132524574716965,1446750
2003-07-01,0.8966851234436035,0.9173936241443068,0.8966851234436035,0.900826445877897,1230300
2003-07-02,0.8997912406921387,0.9049688107890332,0.8894369892180863,0.8904723477115113,1192068
2003-07-03,0.9070394039154053,0.9070394039154053,0.8987558145071144,0.8997911729225593,1108926
2003-07-04,0.8956499099731445,0.907039464296001,0.8935783042846804,0.907039464296001,1148418
2003-07-07,0.8966851234436035,0.8997911430418124,0.8904722510725228,0.8904722510725228,1247400
2003-07-08,0.9153231382369995,0.9277479966392264,0.8966852951837776,0.8966852951837776,1792287
2003-07-09,0.8987559080123901,0.9153230885525975,0.8977206050342132,0.9122161242633487,1026747
2003-07-10,0.9246419072151184,0.9246419072151184,0.898755835514717,0.8997911939543625,2585142
2003-07-11,0.9484561681747437,0.9702009137767987,0.926712422382183,0.926712422382183,10098810
2003-07-14,0.9494917988777161,0.954669369374572,0.9474211928208812,0.9474211928208812,2739348
2003-07-15,0.9381022453308105,0.9505281042303192,0.9318903156908984,0.942244568597255,2800332
2003-07-16,0.9370667934417725,0.9370667934417725,0.9225712202398048,0.931890112477382,2548710
2003-07-17,0.9443148970603943,0.9453502553925447,0.9277477751216153,0.9318900416248405,2976462
2003-07-18,0.9173936247825623,0.9443149423280985,0.9173936247825623,0.9443149423280985,3291021
2003-07-21,0.9018619060516357,0.9111807990727437,0.8977205831499133,0.9111807990727437,3765924
2003-07-22,0.9060040712356567,0.9194643420135618,0.8987558400369196,0.9018618598265036,1794213
2003-07-23,0.914287805557251,0.9173938258383353,0.9028973056019334,0.9111808965563308,1424070
2003-07-24,0.9008265733718872,0.9091101636774688,0.9008265733718872,0.9091101636774688,1116216
2003-07-25,0.9049686193466187,0.9215348516417513,0.8987556920706185,0.9008263530744449,1714113
2003-07-28,0.9039334654808044,0.9060040712806553,0.8956498758368009,0.9008265014263901,940572
2003-07-29,0.8873664140701294,0.9060042018438571,0.8873664140701294,0.9039335957456136,1736100
2003-07-30,0.8739050626754761,0.8852955599944873,0.8707990986582502,0.8852955599944873,2904156
2003-07-31,0.8842594027519226,0.8904723312272294,0.875976757137784,0.875976757137784,1408050
2003-08-01,0.8873664140701294,0.8884017726642401,0.8728699495828667,0.8770122171341439,1680732
2003-08-04,0.8987559080123901,0.9008265695137292,0.8749405512702265,0.8821887830171681,2480931
2003-08-05,0.8977206349372864,0.9028972610905748,0.8935783675318818,0.8987559379499492,968850
2003-08-06,0.8863310217857361,0.8977205761691389,0.8801180932167403,0.8977205761691389,1208700
2003-08-07,0.8821887373924255,0.8956498972119519,0.8790827730735428,0.8842593987866747,1672497
2003-08-08,0.8801181316375732,0.8884017220029418,0.8749405613324264,0.8790828286474899,1652112
2003-08-11,0.8749405145645142,0.8790827816581623,0.8707991917355739,0.8707991917355739,1290690
2003-08-12,0.8749405145645142,0.8842594074218463,0.8739051560847877,0.8759767617639658,1932120
2003-08-13,0.8728697299957275,0.8780472992936095,0.8728697299957275,0.8749403911180454,1017540
2003-08-14,0.8739050626754761,0.8956498102248086,0.8697637402891903,0.874940421044536,2189862
2003-08-15,0.8656216263771057,0.8811533922813655,0.8645862678917936,0.8749405192847122,2494665
2003-08-18,0.8801181316375732,0.8821887931627258,0.8666579152318162,0.8697638797470522,2199024
2003-08-19,0.8863310217857361,0.8884016832204955,0.8718345032129851,0.8811533961616285,2539629
2003-08-20,0.8956499099731445,0.896685212912529,0.87804742711432,0.8884016784977921,4068567
2003-08-21,0.8863310217857361,0.9018618990386579,0.8801180932167403,0.898755879114027,6906798
2003-08-22,0.8832240700721741,0.8925430186974335,0.882188767112662,0.8863310343054089,1867230
2003-08-25,0.8645861148834229,0.885295502723988,0.8614801510671244,0.885295502723988,1894311
2003-08-26,0.8614802360534668,0.869763769826983,0.8594095747900028,0.869763769826983,1414512
2003-08-27,0.8635510206222534,0.8697638940194338,0.8614803590631224,0.8614803590631224,825300
2003-08-28,0.8521614074707031,0.8635509617618826,0.8500907460527102,0.8635509617618826,1581480
2003-08-29,0.8500908613204956,0.8521615230192593,0.8438779319593671,0.8500908613204956,1475757
2003-09-01,0.8500908613204956,0.8500908613204956,0.8500908613204956,0.8500908613204956,0
2003-09-02,0.8718345165252686,0.8873663382800673,0.8676931935925145,0.8801181066555082,5460327
2003-09-03,0.8666578531265259,0.8718344787959539,0.8552673547974139,0.8676931560424188,2228652
2003-09-04,0.8656216263771057,0.87079919643343,0.8635509649514647,0.8666578735821477,1437534
2003-09-05,0.8563026785850525,0.8780474285927051,0.8531967142166864,0.8780474285927051,1238400
2003-09-08,0.8511260747909546,0.8552673977524841,0.8469838075646869,0.8552673977524841,1102077
2003-09-09,0.8511260747909546,0.8604449679466417,0.8490554133101899,0.8521614333038292,715005
2003-09-10,0.8563026785850525,0.8635509656175921,0.8480200884210821,0.8511260527894481,978570
2003-09-11,0.8490553498268127,0.8625155649376169,0.8490553498268127,0.8625155649376169,613080
2003-09-12,0.8366295695304871,0.8490553707771016,0.8304175853993797,0.8490553707771016,2047950
2003-09-15,0.8314529657363892,0.8469838440025197,0.8304176627239596,0.8366296474334977,1106955
2003-09-16,0.8335234522819519,0.8345588106219626,0.8128150079473058,0.8252399190221625,2133819
2003-09-17,0.8169565200805664,0.8345590045760019,0.8148858584642923,0.8335236459953707,1121760
2003-09-18,0.8169565200805664,0.8179918231162093,0.8107445352317442,0.8148858584642923,1181790
2003-09-19,0.8128151893615723,0.8210987800151723,0.8097082804734715,0.8169565125559767,912960
2003-09-22,0.8097081184387207,0.8169563490707461,0.8003891710788869,0.8159209907068419,1350459
2003-09-23,0.8231693506240845,0.8242046535357554,0.8034962068681282,0.8034962068681282,1590849
2003-09-24,0.8314529657363892,0.8335236273062352,0.8210987691673672,0.8252400923070593,1810962
2003-09-25,0.8273106813430786,0.8449131650823666,0.8242047168245841,0.8387011805003918,4718421
2003-09-26,0.8231693506240845,0.8345589046420598,0.8169564222544271,0.8190270836227506,1240911
2003-09-29,0.8117797374725342,0.824204649892236,0.8117797374725342,0.8231693469851418,960030
2003-09-30,0.8097081184387207,0.8179916518896737,0.8034961348902252,0.81385032952401,1212750
2003-10-01,0.8097081184387207,0.8179916518896737,0.8034961348902252,0.81385032952401,0
2003-10-02,0.8097081184387207,0.8179916518896737,0.8034961348902252,0.81385032952401,0
2003-10-03,0.8097081184387207,0.8179916518896737,0.8034961348902252,0.81385032952401,0
2003-10-06,0.8097081184387207,0.8179916518896737,0.8034961348902252,0.81385032952401,0
2003-10-07,0.8097081184387207,0.8179916518896737,0.8034961348902252,0.81385032952401,0
2003-10-08,0.8262752294540405,0.8449130128259003,0.8003891600054593,0.809708107236365,1726956
2003-10-09,0.8117797374725342,0.8231693469851418,0.8076375260344931,0.8128150959246098,802800
2003-10-10,0.8293821215629578,0.8355941049048146,0.8076374303902086,0.8076374303902086,2325429
2003-10-13,0.8273106813430786,0.8335236101898129,0.8262753783519091,0.828346039879234,1636650
2003-10-14,0.8159210681915283,0.8273106222708367,0.8138504068120542,0.8262753193535907,927486
2003-10-15,0.8117797374725342,0.8273106141585,0.81074443456544,0.8138503988317041,919080
2003-10-16,0.803496241569519,0.8097082259427727,0.8024608830681514,0.8097082259427727,900450
2003-10-17,0.8107444643974304,0.8231693772743168,0.802460874391267,0.802460874391267,1533321
2003-10-20,0.8045315742492676,0.817991790714173,0.802460912715016,0.8107445031167851,852300
2003-10-21,0.8190271854400635,0.8200634327452423,0.7952127159869659,0.8045316097950954,2048922
2003-10-22,0.8449130654335022,0.8542319576996629,0.8210986554658916,0.826275280901181,9894366
2003-10-23,0.8314529657363892,0.8480201468247149,0.8304176627239596,0.8449131824326737,3899700
2003-10-24,0.8355942368507385,0.8480200940257199,0.832488272461845,0.832488272461845,2291436
2003-10-27,0.8179917931556702,0.8314529539255163,0.8034962736528665,0.8283460451225959,2541717
2003-10-28,0.8055669665336609,0.8262754157281826,0.799354037405887,0.8117798401164463,1992240
2003-10-29,0.7682912945747375,0.8117797965136963,0.7610430627982835,0.8055669232646199,4271760
2003-10-30,0.7506887316703796,0.7672559105276318,0.7455121062153853,0.7672559105276318,3237588
2003-10-31,0.755866289138794,0.7682912009480218,0.7455120941319766,0.7517240779042723,1928133
2003-11-03,0.7589722275733948,0.7620781913546579,0.7517239974559304,0.755866208247159,1208700
2003-11-04,0.7713972926139832,0.7817514885873296,0.7610430410956529,0.7610430410956529,3646629
2003-11-05,0.7237673997879028,0.7693266166212337,0.719626076964741,0.7693266166212337,4388337
2003-11-06,0.6895988583564758,0.7216968653603348,0.6637127811353785,0.7216968653603348,8436843
2003-11-07,0.6823505759239197,0.6916694697288379,0.6616420711440705,0.688562560798992,12761892
2003-11-10,0.6688892245292664,0.6802797209872327,0.6606056361182715,0.6802797209872327,3618540
2003-11-11,0.6730314493179321,0.6751021103976069,0.6626772551999769,0.6688892384390012,2678490
2003-11-12,0.6657832264900208,0.6730314568419813,0.6626772626082729,0.6730314568419813,1315440
2003-11-13,0.675102174282074,0.6823504607838783,0.6585350510928034,0.6626773179086881,2726910
2003-11-14,0.6782081723213196,0.68338574183727,0.6730314915250063,0.67406684990226,2453490
2003-11-17,0.684421181678772,0.6864918431347653,0.6730315716335894,0.6782082530460649,1517850
2003-11-18,0.675102174282074,0.6864917833351185,0.6730315130064539,0.6864917833351185,1452960
2003-11-19,0.6958107948303223,0.7103072592286832,0.6730316283648374,0.6730316283648374,5244165
2003-11-20,0.7372286319732666,0.7455122226961424,0.6968460924836298,0.6989176983629481,15692931
2003-11-21,0.7103071212768555,0.7455120836728589,0.7072002129421487,0.7382638528813888,8647497
2003-11-24,0.7248027324676514,0.7310156052009779,0.7009882663251977,0.7082364974999537,6630642
2003-11-25,0.7351568937301636,0.7424051801132318,0.7237673404086735,0.7299802683984026,18714951
2003-11-26,0.7372286319732666,0.7403346521675395,0.7268743796358718,0.7268743796358718,5898654
2003-11-27,0.7144485712051392,0.7413699492262902,0.7123779096073112,0.74033464619987,4768200
2003-11-28,0.7196260690689087,0.7320509816667731,0.7134131961826105,0.7134131961826105,2759292
2003-12-01,0.7496535181999207,0.7548310885370358,0.7206614794194879,0.7206614794194879,12620799
2003-12-02,0.7434404492378235,0.7610429297505631,0.7434404492378235,0.7558662491086474,8181603
2003-12-03,0.7434404492378235,0.7527593408948922,0.7299802352852124,0.7434404492378235,5216571
2003-12-04,0.7620783448219299,0.7641499505394779,0.7465474674335268,0.7465474674335268,10694223
2003-12-05,0.756901741027832,0.7693266543717086,0.7517241707526037,0.7662206343294349,6631290
2003-12-08,0.7382639050483704,0.7589723517797498,0.7382639050483704,0.7589723517797498,4518900
2003-12-09,0.7361932396888733,0.7403345624158538,0.7279096499702274,0.7351569369699528,2914065
2003-12-10,0.7465474605560303,0.7496534804791423,0.7351569619134809,0.7351569619134809,4161015
2003-12-11,0.7527594566345215,0.7641499554552801,0.7465474722360917,0.7506887951683782,5805459
2003-12-12,0.7496535181999207,0.752759482734334,0.7320510343704157,0.7506888211963965,3741246
2003-12-15,0.7693266272544861,0.7972833061738778,0.761043037228964,0.761043037228964,20273157
2003-12-16,0.7651854157447815,0.7693267392279414,0.7506888950240082,0.7651854157447815,9457092
2003-12-17,0.7745041251182556,0.7921066064753303,0.7662205358652473,0.7672558942612835,17403633
2003-12-18,0.8055669665336609,0.8076376281546515,0.761043103675835,0.7662206742206195,29920032
2003-12-19,0.8148858547210693,0.833523642166534,0.7786455828610273,0.805566960998337,29334339
2003-12-22,0.8418072462081909,0.853196801718307,0.7972833829502214,0.8117798474120537,27555102
2003-12-23,0.8335234522819519,0.8459483633568087,0.8242045606821519,0.8387010216116598,15231654
2003-12-24,0.8407717943191528,0.8459484756162138,0.8200633472364457,0.833523562892541,12786561
2003-12-25,0.8366295695304871,0.8542319964472002,0.8314528883154066,0.8459484622193479,13172256
2003-12-26,0.8159210681915283,0.8428424433737852,0.809708195333396,0.8314528892944768,11387574
2003-12-29,0.7910703420639038,0.8159210554795137,0.7879643778155745,0.8159210554795137,8703666
2003-12-30,0.8097081184387207,0.8128150267050824,0.7879643152622702,0.7889996180811978,6694704
2003-12-31,0.7921066284179688,0.8128150744468531,0.7889996644241388,0.809708165998003,5924700
2004-01-01,0.7921066284179688,0.8128150744468531,0.7889996644241388,0.809708165998003,0
2004-01-02,0.7952125072479248,0.8138502899718655,0.7848582575723674,0.7889995797367678,5696118
2004-01-05,0.8159210681915283,0.8179917295710024,0.7848583702503232,0.7972832827918597,11893446
2004-01-06,0.8521614074707031,0.8542320133437132,0.8076375489777806,0.8159210833694792,23278698
2004-01-07,0.8428424000740051,0.8594095787880673,0.8387010775278113,0.8594095787880673,14802939
2004-01-08,0.8469837307929993,0.8542319618109327,0.8304175517287075,0.843877766625873,12092706
2004-01-09,0.8097081184387207,0.8490552911455836,0.8076374572558889,0.8469836856981495,16275960
2004-01-12,0.8200632333755493,0.8210985917092012,0.7972831837811828,0.7972831837811828,7438023
2004-01-13,0.8273106813430786,0.8387011805003918,0.8148858234593553,0.8221340552972591,7616520
2004-01-14,0.8097081184387207,0.8283459020684352,0.8076374572558889,0.8200632573371078,6197949
2004-01-15,0.8045315742492676,0.817991790714173,0.802460912715016,0.8097082558573898,4106988
2004-01-16,0.8335234522819519,0.844913005016798,0.804531419142541,0.8076374386175978,11837538
2004-01-19,0.8335234522819519,0.844913005016798,0.804531419142541,0.8076374386175978,0
2004-01-20,0.8335234522819519,0.844913005016798,0.804531419142541,0.8076374386175978,0
2004-01-21,0.8335234522819519,0.844913005016798,0.804531419142541,0.8076374386175978,0
2004-01-22,0.8335234522819519,0.844913005016798,0.804531419142541,0.8076374386175978,0
2004-01-23,0.8335234522819519,0.844913005016798,0.804531419142541,0.8076374386175978,0
2004-01-26,0.8335234522819519,0.844913005016798,0.804531419142541,0.8076374386175978,0
2004-01-27,0.8335234522819519,0.844913005016798,0.804531419142541,0.8076374386175978,0
2004-01-28,0.8335234522819519,0.844913005016798,0.804531419142541,0.8076374386175978,0
2004-01-29,0.8832240700721741,0.887366337264921,0.8335235847022934,0.8397365133590484,18629928
2004-01-30,0.9204995632171631,0.9598467355082884,0.8935781908759671,0.8935781908759671,51326757
2004-02-02,0.9194644689559937,0.949491812076734,0.8966853024897018,0.920499771998803,20575242
2004-02-03,0.9163583517074585,0.9267126030289237,0.9018618888435661,0.9194643715969775,15585876
2004-02-04,0.9236066341400146,0.9287833157267364,0.9091101704756424,0.9163584023078285,17400348
2004-02-05,0.9318901896476746,0.9484563699532771,0.9215350494220473,0.9256772610382527,17091090
2004-02-06,0.9060040712356567,0.9308538959017569,0.9049687683357827,0.9236065534227149,13934241
2004-02-09,0.9173936247825623,0.9184289276193671,0.9049687132064195,0.9060040160432244,9370881
2004-02-10,0.9329255223274231,0.9381020924872784,0.9173937011385341,0.9173937011385341,18885771
2004-02-11,0.9204995632171631,0.9329254187120685,0.90807465198685,0.9318900603591037,10103922
2004-02-12,0.9111807346343994,0.9246418938699864,0.9091100733299745,0.9163583043876293,9203472
2004-02-13,0.891507625579834,0.9163583394323017,0.88943696419622,0.9111807694810637,9348525
2004-02-16,0.9287832975387573,0.9287832975387573,0.8925430278072778,0.8935783307773567,10349370
2004-02-17,0.9391374588012695,0.9401728172778762,0.9153230473946792,0.928783263040393,15870753
2004-02-18,0.9422444701194763,0.9484563991101547,0.9277479510067563,0.9391375058143995,15261651
2004-02-19,0.9256772994995117,0.947421161911338,0.9215350877112003,0.947421161911338,11259216
2004-02-20,0.9163583517074585,0.9256772445507565,0.9060041003859933,0.9236065831394047,12881007
2004-02-23,0.8946146368980408,0.9246420354308186,0.8935783895950131,0.9163584446802604,12729987
2004-02-24,0.881153404712677,0.8925430147515923,0.8676931887638916,0.8925430147515923,12770082
2004-02-25,0.8531966209411621,0.888401582869312,0.8500906569123549,0.8811532966291896,12946104
2004-02-26,0.8511260747909546,0.8531967362717193,0.8418071816352674,0.8490554133101899,10423485
2004-02-27,0.8604447841644287,0.8604447841644287,0.8511258929991615,0.8511258929991615,6803091
2004-03-01,0.8635510206222534,0.8676932324603027,0.8418072134943231,0.8542320715688965,6880653
2004-03-02,0.8573389649391174,0.8666578576756868,0.8490553751238752,0.8666578576756868,7228269
2004-03-03,0.8397364020347595,0.8594095440917277,0.8376647965806546,0.8531966162586236,6372720
2004-03-04,0.8594096302986145,0.861480291695821,0.8293822350175125,0.8335235578119253,9247212
2004-03-05,0.8469837307929993,0.8614802483738458,0.843877766625873,0.8563026231040101,4766940
2004-03-08,0.8273106813430786,0.8531967554564258,0.8179917879778499,0.8469838266096916,5836419
2004-03-09,0.8563026785850525,0.8645862685587198,0.8231693740450634,0.8231693740450634,15701211
2004-03-10,0.8594096302986145,0.8645862560191394,0.8490553790478824,0.8511260404450888,8691426
2004-03-11,0.8739050626754761,0.8759766681332259,0.8552672789529532,0.859409545603846,18353070
2004-03-12,0.8946146368980408,0.8956499954812545,0.864586349645449,0.8739052434342325,20584575
2004-03-15,0.9018619060516357,0.9028972090045745,0.8852956701800215,0.8946145632011296,14834079
2004-03-16,0.891507625579834,0.9018618767625979,0.884259394244982,0.8997912153789839,9203346
2004-03-17,0.9060040712356567,0.9070394296805117,0.8811533578498614,0.8935782701829115,12903057
2004-03-18,0.8863310217857361,0.9215350434258159,0.8842594160862594,0.9194643819910564,39984408
2004-03-19,0.891507625579834,0.8925429840441319,0.8707991787592881,0.8832240357806841,9295938
2004-03-22,0.8884016871452332,0.8956499186911379,0.8770121327115141,0.8956499186911379,6362640
2004-03-23,0.8801181316375732,0.8894370249930251,0.8707992382821212,0.8863310604777892,6502050
2004-03-24,0.8749405145645142,0.8852956546212979,0.8707991917355739,0.8811533875276497,5439420
2004-03-25,0.8832240700721741,0.887366337264921,0.8718345155278906,0.8728698740323868,4902390
2004-03-26,0.8977206349372864,0.9194644421826348,0.8801181508325634,0.883224115415539,15666723
2004-03-29,0.881153404712677,0.904968816465185,0.878047440302888,0.8977205848809616,6568569
2004-03-30,0.8656216263771057,0.8811533922813655,0.8594096421001824,0.871834499373759,6531759
2004-03-31,0.8728697299957275,0.877011996504938,0.8656214995755277,0.8656214995755277,5959134
2004-04-01,0.8956499099731445,0.896685212912529,0.867693175730848,0.8728698570627195,10619946
2004-04-02,0.8966851234436035,0.8997911430418124,0.8863309286382294,0.8997911430418124,8950743
2004-04-05,0.9173936247825623,0.9194642860011496,0.8894368933102659,0.897720482449234,22410603
2004-04-06,0.9111807346343994,0.9215349854211814,0.8987558225431925,0.920499626996479,8900991
2004-04-07,0.9163583517074585,0.9360314958722217,0.9142876902961068,0.9215350330083292,22414968
2004-04-08,0.9049686193466187,0.9204994933673522,0.8987556920706185,0.9163581713596992,10125639
2004-04-09,0.8852955102920532,0.9163582036941124,0.882188602184649,0.9060039540451014,12735738
2004-04-12,0.8821887373924255,0.8873663073702561,0.8697638247622312,0.8801180759981763,6478227
2004-04-13,0.8707991242408752,0.893578231018896,0.8697637658413983,0.8852955860029942,5810265
2004-04-14,0.8594096302986145,0.8852956472403214,0.8438778090626575,0.8718344874015708,7991253
2004-04-15,0.8552674651145935,0.868728626556769,0.8490554801830343,0.8594097326671122,7290603
2004-04-16,0.8790827989578247,0.8821887633681614,0.8449131356602947,0.855267387201117,8792784
2004-04-19,0.8707991242408752,0.8956498365375061,0.8687284629868999,0.8915075697649205,12121380
2004-04-20,0.8563026785850525,0.8801180900199435,0.8521614112755589,0.8687285356779102,4269591
2004-04-21,0.8594096302986145,0.8728698458726651,0.8573389689014081,0.8594096302986145,3235824
2004-04-22,0.8552674651145935,0.8604450357165442,0.8459485712249367,0.8604450357165442,3665610
2004-04-23,0.845948338508606,0.8583741379380825,0.8449129801990071,0.8563025325993057,3439161
2004-04-26,0.8366295695304871,0.8594096219269713,0.8366295695304871,0.8542319964472002,2905371
2004-04-27,0.7962478995323181,0.8438777166878164,0.792106577191234,0.8335234665705095,11039886
2004-04-28,0.7993539571762085,0.7993539571762085,0.7786455100601553,0.7889997058456905,7197147
2004-04-29,0.782787561416626,0.8014253988504545,0.782787561416626,0.7972831326070959,3716487
2004-04-30,0.7817516326904297,0.7972834571908326,0.7745043440494787,0.794177492214709,2908170
2004-05-03,0.7817516326904297,0.7972834571908326,0.7745043440494787,0.794177492214709,0
2004-05-04,0.7817516326904297,0.7972834571908326,0.7745043440494787,0.794177492214709,0
2004-05-05,0.7817516326904297,0.7972834571908326,0.7745043440494787,0.794177492214709,0
2004-05-06,0.7817516326904297,0.7972834571908326,0.7745043440494787,0.794177492214709,0
2004-05-07,0.7817516326904297,0.7972834571908326,0.7745043440494787,0.794177492214709,0
2004-05-10,0.7486180663108826,0.7848583324474536,0.7455121021637617,0.7817514240356864,2997819
2004-05-11,0.7579371333122253,0.7641500628485486,0.7455122740494351,0.7486182389126687,1551366
2004-05-12,0.7755393385887146,0.7755393385887146,0.7506886292387022,0.7579368592603187,2411478
2004-05-13,0.7713972926139832,0.7817514885873296,0.7620783440485216,0.7765748627330186,1716831
2004-05-14,0.7527594566345215,0.7693266368931303,0.751724153673942,0.7693266368931303,2515968
2004-05-17,0.7444758415222168,0.7537947336041008,0.7258380018134705,0.7506887139683638,1658484
2004-05-18,0.7444758415222168,0.7444758415222168,0.7444758415222168,0.7444758415222168,0
2004-05-19,0.7600076198577881,0.7734687789331894,0.7569016557106013,0.7641498866820032,4466106
2004-05-20,0.7444758415222168,0.766220534041373,0.7248026989648769,0.7600076060502479,2161287
2004-05-21,0.7517240643501282,0.7517240643501282,0.7351568860601188,0.7434404752051235,2152917
2004-05-24,0.747582733631134,0.7641498561927,0.7455120724339683,0.7558662671394285,1583100
2004-05-25,0.7268742918968201,0.7455121327073668,0.7248027418125412,0.7455121327073668,2849391
2004-05-26,0.7310156226158142,0.7351569453902282,0.7248027497344797,0.7330862840030212,2391759
2004-05-27,0.7496535181999207,0.7548310885370358,0.724802802495363,0.7310156758289539,2512341
2004-05-28,0.7444758415222168,0.7589723032016543,0.7413698218864797,0.7517240723619355,2913264
2004-05-31,0.7517240643501282,0.7527593671876875,0.7403345111474677,0.7424051723675641,1313703
2004-06-01,0.7672559022903442,0.7682912051522363,0.750688723610958,0.7558662932750173,3869694
2004-06-02,0.7610430717468262,0.7672560006139412,0.7558663901390393,0.7672560006139412,2968020
2004-06-03,0.7496535181999207,0.7610430731508486,0.7424052863248679,0.7610430731508486,3539799
2004-06-04,0.7631136178970337,0.7703618486627712,0.7496534034682049,0.7517240646892354,6264279
2004-06-07,0.7413699626922607,0.7600077503958381,0.7341217304759109,0.7589724473506131,2853279
2004-06-08,0.7341217398643494,0.7455122397620547,0.7299804165405098,0.7403346691149293,1969551
2004-06-09,0.707200288772583,0.7341216648771147,0.7040942688244747,0.7310156449290064,5274576
2004-06-10,0.7009881734848022,0.7123777258268573,0.6937399432700176,0.7123777258268573,3090996
2004-06-11,0.7009881734848022,0.718590653282311,0.7009881734848022,0.7092717620038912,2317500
2004-06-14,0.686491847038269,0.7009883102971218,0.686491847038269,0.6989176488293544,2520099
2004-06-15,0.7061650156974792,0.7123779450649953,0.6875272274047602,0.6875272274047602,1958400
2004-06-16,0.7061650156974792,0.7134133036879368,0.6968461215511198,0.7061650156974792,1807020
2004-06-17,0.6895988583564758,0.7040943795077823,0.6885626109761404,0.7020237177318642,1951650
2004-06-18,0.6802798509597778,0.6927047082728914,0.6782082452628317,0.6844211738242382,1875690
2004-06-21,0.6958107948303223,0.7040943300722754,0.6813152191517792,0.6813152191517792,2001402
2004-06-22,0.7040941715240479,0.7061648326883093,0.6885624075803636,0.6958106381473844,2550042
2004-06-23,0.6968459486961365,0.7020235181563975,0.6895986623132218,0.7020235181563975,1243890
2004-06-24,0.6906340718269348,0.7020236266084847,0.6895987688458555,0.6958107533672877,1296900
2004-06-25,0.6833857893943787,0.7030589330107149,0.6823504864900553,0.6916693790735711,1520730
2004-06-28,0.6657832264900208,0.6823504038417396,0.6626772626082729,0.6823504038417396,2006595
2004-06-29,0.6709610223770142,0.674066987050773,0.6647480932197014,0.6647480932197014,1916721
2004-06-30,0.6657832264900208,0.678208137371527,0.6647479237110963,0.6740668151658802,1318500
2004-07-01,0.684421181678772,0.6854564846342767,0.6637126785893842,0.6637126785893842,3358017
2004-07-02,0.684421181678772,0.6875271460902701,0.6782082530460649,0.6854564846342767,2206125
2004-07-05,0.6802798509597778,0.6885624966886984,0.6792435482064552,0.682350512392008,1129851
2004-07-06,0.6916693449020386,0.6978813286560231,0.6823504527789174,0.6833857556320923,2210085
2004-07-07,0.675102174282074,0.6916693530163237,0.6730315130064539,0.6916693530163237,1449882
2004-07-08,0.677172839641571,0.6782081980581146,0.6699246086410333,0.6761375367700069,1342449
2004-07-09,0.6761376857757568,0.694775474460403,0.6751023271310431,0.6771729888754788,2586591
2004-07-12,0.6523230671882629,0.6813151022924461,0.6419679278270857,0.6657832819703455,2962890
2004-07-13,0.643004298210144,0.6523231922277565,0.6398973892093862,0.6512869448992834,1943514
2004-07-14,0.621259331703186,0.6502513623814725,0.6171180653296201,0.6450747377557872,3755520
2004-07-15,0.621259331703186,0.6326489390161473,0.6171180653296201,0.6285076170976107,2587959
2004-07-16,0.6626773476600647,0.6637126505718659,0.6202241515981323,0.6212594545099335,8920638
2004-07-19,0.6554292440414429,0.6647481385073882,0.6492163144608581,0.6626774767354836,3748842
2004-07-20,0.6626773476600647,0.6668186703972325,0.6502514909191873,0.6554291163778249,3002823
2004-07-21,0.6574998497962952,0.6647480818728079,0.6512869207450338,0.6647480818728079,2161035
2004-07-22,0.6326490640640259,0.6616419891925134,0.63161370560726,0.6616419891925134,2175570
2004-07-23,0.6398972272872925,0.6398972272872925,0.6295429772811226,0.6316136384294393,1885212
2004-07-26,0.6274723410606384,0.6326490219095738,0.6222947714920568,0.6326490219095738,2419110
2004-07-27,0.6274723410606384,0.6316136635217956,0.6222947714920568,0.6222947714920568,1031319
2004-07-28,0.6295430660247803,0.6367912975577356,0.6212594759992293,0.6367912975577356,1825857
2004-07-29,0.6450749039649963,0.6471455654577887,0.6295430820120586,0.6295430820120586,1909638
2004-07-30,0.634720504283905,0.6492160756192998,0.6305782935441046,0.6492160756192998,1236348
2004-08-02,0.6316136717796326,0.6316136717796326,0.6202241183704059,0.6274723492643309,1759950
2004-08-03,0.6233301758766174,0.6347206752570946,0.6222948728651642,0.6285078018336229,1417662
2004-08-04,0.643004298210144,0.6471456215547138,0.6191889395018765,0.6233302073014565,4098762
2004-08-05,0.6802798509597778,0.7040942626423815,0.6367912951043483,0.6430042236657546,22894893
2004-08-06,0.7113425135612488,0.7465474220898993,0.6637126372606182,0.6730315297245447,39590019
2004-08-09,0.6968459486961365,0.7040941793436555,0.6833857344868435,0.7040941793436555,14895936
2004-08-10,0.69374018907547,0.6989177600611319,0.6709610763202833,0.6927048304043182,11209068
2004-08-11,0.7082365155220032,0.721696731052907,0.6802798372727051,0.6885624828349808,18060156
2004-08-12,0.7009881734848022,0.7040941373077684,0.6792434272954752,0.7040941373077684,9324954
2004-08-13,0.6947753429412842,0.7123778251941054,0.6895987173326122,0.6958107013900072,6329322
2004-08-16,0.677172839641571,0.6978813410519492,0.6668186444813614,0.6937400184757336,7484661
2004-08-17,0.6916693449020386,0.6927046477552135,0.666818632637178,0.6823504527789174,7554015
2004-08-18,0.6823505759239197,0.7009883635337562,0.6802799142988956,0.6906341111438317,5501520
2004-08-19,0.6782081723213196,0.6885624226335832,0.6678539220090559,0.6813150806277402,5629059
2004-08-20,0.6274723410606384,0.6782081792154677,0.6109052182317393,0.6751021595971108,12653208
2004-08-23,0.6243663430213928,0.6336852345441789,0.6150474514986067,0.6212593793074324,4074390
2004-08-24,0.6398972272872925,0.6440394938485123,0.6212593884232694,0.6212593884232694,4997790
2004-08-25,0.634720504283905,0.6398971845817022,0.6295429352665564,0.6398971845817022,3594060
2004-08-26,0.6316136717796326,0.6347205801582559,0.624366385150344,0.6347205801582559,1931814
2004-08-27,0.6243663430213928,0.6367911984485918,0.6212593793074324,0.6316136291616727,2799900
2004-08-30,0.6357560157775879,0.6367913187596704,0.6160828706836494,0.6212594966840328,1800072
2004-08-31,0.6512869000434875,0.6626773992137175,0.6388619866006886,0.6440396124621247,5987178
2004-09-01,0.634720504283905,0.6471454146091753,0.6316135962766808,0.6419678455918266,3105081
2004-09-02,0.644039511680603,0.6450748145109388,0.6274723335061866,0.6336852613877458,2482227
2004-09-03,0.640932559967041,0.6481807908161357,0.6367912374773534,0.641967918361952,2201346
2004-09-06,0.6357560157775879,0.6440396060789406,0.6326491070216039,0.6440396060789406,997200
2004-09-07,0.6388620138168335,0.6398973723982703,0.63057847862548,0.634720690581063,1326636
2004-09-08,0.6336853504180908,0.6440396021656803,0.6316137446567767,0.6409326378835892,1728612
2004-09-09,0.6222947835922241,0.6326490342110737,0.6212594251843139,0.6326490342110737,3183138
2004-09-10,0.6233301758766174,0.6264371402657292,0.6160828881614833,0.6212595143087238,2037186
2004-09-13,0.5808777809143066,0.6171180989620876,0.5798424781507345,0.6171180989620876,5544270
2004-09-14,0.6005510091781616,0.6077992404765558,0.5881261522192613,0.5881261522192613,4175307
2004-09-15,0.6367912888526917,0.6523231101988753,0.59848035899116,0.59848035899116,9572040
2004-09-16,0.6419680118560791,0.6502515467614935,0.6367913302175654,0.6419680118560791,5833386
2004-09-17,0.663712739944458,0.665783401591868,0.6367913612786754,0.6419680431696948,9713394
2004-09-20,0.7030590176582336,0.711342608334761,0.6637127256883117,0.6730316193938118,17152731
2004-09-21,0.7341217398643494,0.7641500277039845,0.6833858911406959,0.7040943407445455,37906731
2004-09-22,0.6989176273345947,0.7299803256450066,0.6947753602617202,0.7248027556425806,15300216
2004-09-23,0.7185906767845154,0.7196259795777069,0.6885623966389688,0.6989175352799423,8851779
2004-09-24,0.6916693449020386,0.7310155746458515,0.6895986836507103,0.7227320409208837,12627729
2004-09-27,0.6978814601898193,0.7196261569035484,0.6916694752650256,0.6947754399549281,7736202
2004-09-28,0.6989176273345947,0.7185907714303236,0.691669395928083,0.7134132014278975,3455730
2004-09-29,0.6782081723213196,0.7061648481263498,0.677172813944066,0.698917561665484,4082607
2004-09-30,0.6657832264900208,0.6813150455178406,0.6626772626082729,0.6813150455178406,3883266
2004-10-01,0.6657832264900208,0.6813150455178406,0.6626772626082729,0.6813150455178406,0
2004-10-04,0.6657832264900208,0.6813150455178406,0.6626772626082729,0.6813150455178406,0
2004-10-05,0.6657832264900208,0.6813150455178406,0.6626772626082729,0.6813150455178406,0
2004-10-06,0.6657832264900208,0.6813150455178406,0.6626772626082729,0.6813150455178406,0
2004-10-07,0.6657832264900208,0.6813150455178406,0.6626772626082729,0.6813150455178406,0
2004-10-08,0.6968459486961365,0.6968459486961365,0.6626772896300314,0.6668186120045474,2837106
2004-10-11,0.6947753429412842,0.7144484865465704,0.6864918088117257,0.6968460042937492,7420950
2004-10-12,0.677172839641571,0.6937400184757336,0.6751021783534633,0.6937400184757336,4309830
2004-10-13,0.6823505759239197,0.6823505759239197,0.6678540560191429,0.6782083084090674,4117356
2004-10-14,0.634720504283905,0.6885623563247867,0.6326489545542291,0.6730314267118437,4665537
2004-10-15,0.634720504283905,0.6409324873142784,0.6254016132463075,0.634720504283905,5388147
2004-10-18,0.6367912888526917,0.6471455401769062,0.62229482598495,0.63472062744079,2416023
2004-10-19,0.6326490640640259,0.6585350806474919,0.63161370560726,0.6398972953461478,2530080
2004-10-20,0.6191889643669128,0.6336854296397088,0.616082943961261,0.6336854296397088,4319379
2004-10-21,0.634720504283905,0.6430040925889264,0.6212593469615351,0.6212593469615351,4891437
2004-10-22,0.644039511680603,0.6502514397525725,0.6212594056246272,0.6378265837990437,5456826
2004-10-25,0.640932559967041,0.6585350413049852,0.6347205762325097,0.6523230575704538,4256622
2004-10-26,0.6450749039649963,0.6471455654577887,0.6191888858283379,0.6388619752218755,5251833
2004-10-27,0.6574998497962952,0.6606058144170368,0.6378267038820502,0.6481809005793044,6322266
2004-10-28,0.6419680118560791,0.6616420460237815,0.6409326533103819,0.6585351372118943,5412375
2004-10-29,0.6285077333450317,0.636791267433739,0.6129759125212725,0.6295430362436679,4496841
2004-11-01,0.621259331703186,0.6295429198047596,0.621259331703186,0.6264369561383424,2631600
2004-11-02,0.6160827279090881,0.6233300137390941,0.6129758198731169,0.6212593527098107,3158271
2004-11-03,0.6326490640640259,0.6326490640640259,0.6171181873077033,0.6171181873077033,2201823
2004-11-04,0.6191889643669128,0.6378267531505833,0.6171183026114756,0.6367913945003687,3690558
2004-11-05,0.6357560157775879,0.6398973387958887,0.6212594966840328,0.6274724254762352,5378328
2004-11-08,0.643004298210144,0.6471456215547138,0.6285078335194889,0.6347207072561792,3101013
2004-11-09,0.6326490640640259,0.6461102237164853,0.6274723828701596,0.641967956714698,5276727
2004-11-10,0.6574998497962952,0.6606058144170368,0.6233301841840371,0.6367913453118111,11381670
2004-11-11,0.6595704555511475,0.6854564727801009,0.6585350970685642,0.6585350970685642,14640858
2004-11-12,0.6730314493179321,0.6740668076302565,0.6574996860087217,0.6616418968876526,10369899
2004-11-15,0.6740668416023254,0.6833857334225899,0.6626772885980275,0.6782081639703921,5664834
2004-11-16,0.6699246764183044,0.6771729081521565,0.6637126919255055,0.6771729081521565,4019949
2004-11-17,0.6668186783790588,0.6709609454304966,0.6574997856166879,0.6709609454304966,4208670
2004-11-18,0.6833857893943787,0.6844211478436832,0.662677342873719,0.662677342873719,9977103
2004-11-19,0.686491847038269,0.6927047201613196,0.6688893638052729,0.6927047201613196,9280395
2004-11-22,0.6823505759239197,0.6916694697288379,0.6730316265740129,0.6875272022139858,6658740
2004-11-23,0.684421181678772,0.6854564846342767,0.6740669301340781,0.6823505202227785,5443668
2004-11-24,0.663712739944458,0.6833858863519862,0.6626774368932475,0.6833858863519862,5395644
2004-11-25,0.663712739944458,0.6709610277477015,0.6564645076862036,0.661642078297048,4814550
2004-11-26,0.6647480130195618,0.6678539773185939,0.6585350846118229,0.6585350846118229,2072214
2004-11-29,0.6419680118560791,0.6626774045694788,0.6409326533103819,0.6626774045694788,3352320
2004-11-30,0.6461102366447449,0.6502515039197277,0.6378266467401077,0.6409326110825906,2248677
2004-12-01,0.6419680118560791,0.6512869053071908,0.6378266887632628,0.6461102792136635,2637666
2004-12-02,0.6481807231903076,0.6512867425060059,0.6357558682978994,0.6378265293267075,2706777
2004-12-03,0.663712739944458,0.6647480985406575,0.6481809168317497,0.6585351693336136,3997836
2004-12-06,0.6678539514541626,0.6751021824992111,0.6543937365066436,0.6730315211983876,3159369
2004-12-07,0.6533583998680115,0.6730314864211184,0.6533583998680115,0.6730314864211184,2586600
2004-12-08,0.6606057286262512,0.670960923788487,0.6502514777286831,0.670960923788487,3435282
2004-12-09,0.6823505759239197,0.6854565405889617,0.6574998591742068,0.6709610204939772,12266694
2004-12-10,0.6585351228713989,0.6833858381364569,0.6554291583919164,0.6823505351582911,9832302
2004-12-13,0.6885625123977661,0.6916694211092176,0.6606057774031897,0.6740669377767328,28569474
2004-12-14,0.7092717885971069,0.7154837720209228,0.6782081499646696,0.6885623999356127,33194322
2004-12-15,0.7030590176582336,0.7092719467318277,0.6895988007468667,0.7092719467318277,21714408
2004-12-16,0.675102174282074,0.698917583973149,0.6709609072758129,0.6978813368431839,12972681
2004-12-17,0.6678539514541626,0.6823504690892394,0.6668186485762407,0.6709609154425439,6355980
2004-12-20,0.6398972272872925,0.6637125799692302,0.6367912077923296,0.6637125799692302,9253674
2004-12-21,0.6388620138168335,0.6523231750901951,0.6316137816619285,0.6419680340161557,4383360
2004-12-22,0.6595704555511475,0.6606057584887478,0.6388619528198893,0.6398973113024727,7036974
2004-12-23,0.6419680118560791,0.6595704957575916,0.6409326533103819,0.6574998342111834,4522500
2004-12-24,0.6481807231903076,0.6523229895124558,0.6419678513843237,0.6419678513843237,2777949
2004-12-27,0.6378265619277954,0.6502514174552725,0.6367912035879851,0.6471454535257921,3749400
2004-12-28,0.6336853504180908,0.6388619763870204,0.6295430831602078,0.6388619763870204,3650004
2004-12-29,0.6398972272872925,0.6481807606001699,0.6316136384294393,0.6316136384294393,2421243
2004-12-30,0.6398972272872925,0.6430041355018661,0.6316136384294393,0.6398972272872925,1908801
2004-12-31,0.6388620138168335,0.6430042813174048,0.6336853875446145,0.6419680340161557,1889640
2005-01-03,0.6388620138168335,0.6430042813174048,0.6336853875446145,0.6419680340161557,0
2005-01-04,0.621259331703186,0.6367911496542137,0.6191887262888884,0.6336851859877964,4732875
2005-01-05,0.6274723410606384,0.6367912330903772,0.6171181461880992,0.6171181461880992,2361933
2005-01-06,0.6264370679855347,0.6316136935354806,0.6222948010629168,0.6222948010629168,1674900
2005-01-07,0.6336853504180908,0.6398973349077973,0.6222948514299641,0.6316137446567767,1644120
2005-01-10,0.6336853504180908,0.6336853504180908,0.623330154405756,0.6336853504180908,1909809
2005-01-11,0.6398972272872925,0.6409325300889629,0.6316136384294393,0.6336852438423425,1880532
2005-01-12,0.6336853504180908,0.6419679964043662,0.6295430831602078,0.6398973349077973,1740600
2005-01-13,0.634720504283905,0.6378265235715778,0.6274722742564319,0.6326489545542291,2143071
2005-01-14,0.6274723410606384,0.6388618943209559,0.626437038217838,0.6347205718597986,2361033
2005-01-17,0.6026216149330139,0.6222947569195775,0.6005509537509247,0.6212593985560446,5982939
2005-01-18,0.6057286858558655,0.6109053679736823,0.5953735441805038,0.602621776756313,4136391
2005-01-19,0.5953734517097473,0.604692344576316,0.5933027902932249,0.6036570416405462,2394990
2005-01-20,0.591232180595398,0.593302842193054,0.5808779283423268,0.5901968775690639,2721321
2005-01-21,0.604692280292511,0.605728527382828,0.580877815777251,0.5984802967033288,3194289
2005-01-24,0.6202242374420166,0.6378267222681845,0.6160829141316573,0.6367913636681,5100858
2005-01-25,0.6098700165748596,0.6212595727621867,0.605728693049421,0.6191889665444594,2425716
2005-01-26,0.6015863418579102,0.6109052341301674,0.6005509834431874,0.6088345728457011,1822500
2005-01-27,0.5881261229515076,0.6026216405622458,0.5881261229515076,0.6005509792920921,2013417
2005-01-28,0.587090790271759,0.5974450413409187,0.5808778619243898,0.5808778619243898,1585800
2005-01-31,0.5498151183128357,0.5870907412075104,0.543602246029669,0.5870907412075104,4020930
2005-02-01,0.5446375012397766,0.554991750538461,0.5436021985088463,0.5436021985088463,2531070
2005-02-02,0.5808777809143066,0.5850191030585421,0.5477435377921628,0.5477435377921628,3795696
2005-02-03,0.560169517993927,0.5829486301229128,0.560169517993927,0.5819133270252147,3521925
2005-02-04,0.5694884061813354,0.5777719973184803,0.559134208871107,0.5601695119576489,2495565
2005-02-07,0.5694884061813354,0.5777719973184803,0.559134208871107,0.5601695119576489,0
2005-02-08,0.5694884061813354,0.5777719973184803,0.559134208871107,0.5601695119576489,0
2005-02-09,0.5694884061813354,0.5777719973184803,0.559134208871107,0.5601695119576489,0
2005-02-10,0.5694884061813354,0.5777719973184803,0.559134208871107,0.5601695119576489,0
2005-02-11,0.5694884061813354,0.5777719973184803,0.559134208871107,0.5601695119576489,0
2005-02-14,0.5694884061813354,0.5777719973184803,0.559134208871107,0.5601695119576489,0
2005-02-15,0.5694884061813354,0.5777719973184803,0.559134208871107,0.5601695119576489,0
2005-02-16,0.5736296772956848,0.5850192321985842,0.5725943743035748,0.5808779091401725,2485503
2005-02-17,0.5839837789535522,0.5850190816792896,0.5694882077139102,0.5694882077139102,1841598
2005-02-18,0.5808777809143066,0.5860544613670878,0.5777718170786168,0.5860544613670878,1835163
2005-02-21,0.6316136717796326,0.6378265998172215,0.585019155476775,0.5933027447720146,19825740
2005-02-22,0.6398972272872925,0.6492161189468161,0.6191887828199284,0.6233300495715861,23278536
2005-02-23,0.6295430660247803,0.6398973174905391,0.6243664401967524,0.6378266560503313,10958301
2005-02-24,0.6316136717796326,0.6357559385595707,0.621259421226742,0.6264370464079948,7340679
2005-02-25,0.6274723410606384,0.6430041610467371,0.6274723410606384,0.6316136635217956,9421065
2005-02-28,0.6492161750793457,0.6595704259807648,0.6222948005747693,0.6274723703853227,16620444
2005-03-01,0.663712739944458,0.7040943358107248,0.6585351693336136,0.6730316338501223,42493032
2005-03-02,0.6367912888526917,0.6740669157807638,0.6336853245073306,0.6637126644565493,19515942
2005-03-03,0.6533583998680115,0.6543937026924366,0.6336852577699277,0.637826580157582,8985762
2005-03-04,0.640932559967041,0.6554290772102086,0.6398972571171082,0.6554290772102086,4827150
2005-03-07,0.6419680118560791,0.6523231525726698,0.6367913302175654,0.6409326533103819,3642273
2005-03-08,0.6564644575119019,0.6626773862440848,0.6419679941033737,0.6430042413401967,7949232
2005-03-09,0.6554292440414429,0.6626774767354836,0.6502516175743143,0.6585352089268035,8240031
2005-03-10,0.6326490640640259,0.6574997777357076,0.63161370560726,0.6554291163671574,6486966
2005-03-11,0.640932559967041,0.6461101851162702,0.6295430066282587,0.6326490262680136,5468742
2005-03-14,0.6419680118560791,0.6471455822143745,0.6264371337657428,0.6398973503096709,5593743
2005-03-15,0.621259331703186,0.6419678298248697,0.6171180653296201,0.6419678298248697,5832036
2005-03-16,0.6119405627250671,0.6202241524758119,0.6005510086895421,0.6160828297327836,5994846
2005-03-17,0.6160827279090881,0.6233300137390941,0.6057284784981384,0.6140111226152724,6239610
2005-03-18,0.6026216149330139,0.6212593985560446,0.6026216149330139,0.6140111679266185,4576491
2005-03-21,0.6057286858558655,0.6057286858558655,0.5808779677487492,0.6005511150181846,3737718
2005-03-22,0.562239944934845,0.5829483866753006,0.5539563571677829,0.5829483866753006,6170040
2005-03-23,0.5725943446159363,0.5839838989283147,0.56224009324199,0.5632754517254049,4285071
2005-03-24,0.5819132328033447,0.5901968226884946,0.5684530171779071,0.5684530171779071,3058110
2005-03-25,0.5777720212936401,0.5850193098351384,0.5746651120952534,0.5819133449016373,1822500
2005-03-28,0.5819132328033447,0.5850191971385208,0.5539564988127188,0.5798425713982331,3788163
2005-03-29,0.5891613960266113,0.6098698406654515,0.586054487786311,0.5901967543818308,8912610
2005-03-30,0.5684530735015869,0.5881262195563249,0.5653461645938673,0.5881262195563249,3977424
2005-03-31,0.5746650099754333,0.5777719186217124,0.5591341327129421,0.5643107585305388,3108519
2005-04-01,0.591232180595398,0.6005510742771474,0.564310802576484,0.5757003578558894,4823820
2005-04-04,0.5736296772956848,0.588126196529646,0.5663814454511972,0.5850192321985842,3872646
2005-04-05,0.5674166679382324,0.5746649542993192,0.56534606224779,0.5705236318284783,3511800
2005-04-06,0.5788072943687439,0.5819133146859592,0.5570625970786794,0.5570625970786794,4305042
2005-04-07,0.5850191712379456,0.599515688961329,0.5788071872976343,0.5819132070402799,8412975
2005-04-08,0.5984803438186646,0.6005510051780713,0.5850191842256457,0.590196809661336,6702201
2005-04-11,0.591232180595398,0.6057286447635848,0.589161518997742,0.591232180595398,5628996
2005-04-12,0.5705236196517944,0.5901967617251681,0.5694882612836929,0.5881261005339418,4894272
2005-04-13,0.5850191712379456,0.5901967965586902,0.5788071872976343,0.5788071872976343,4154328
2005-04-14,0.5757002830505371,0.585019175521408,0.5746649801587282,0.585019175521408,3500271
2005-04-15,0.546708345413208,0.5725944216924435,0.5384248098910512,0.5725944216924435,11145222
2005-04-18,0.5322127938270569,0.5467083136076473,0.5280705264020465,0.5436023490099707,4702500
2005-04-19,0.5384247899055481,0.5384247899055481,0.5280705375221575,0.5363541282818306,2744100
2005-04-20,0.5228938460350037,0.5404963302686802,0.5228938460350037,0.5404963302686802,3155400
2005-04-21,0.47112172842025757,0.5228938199759242,0.47112172842025757,0.5228938199759242,11412801
2005-04-22,0.4773347079753876,0.4794053696782332,0.45558998284598107,0.47008647552308386,6315165
2005-04-25,0.4669804275035858,0.48147600282873215,0.4555899558287211,0.47733467966862847,3989754
2005-04-26,0.47629937529563904,0.48147600145854336,0.46180288351945714,0.46698042617464863,5510583
2005-04-27,0.4649088382720947,0.47733466821122333,0.4555899448932519,0.47733466821122333,4505220
2005-04-28,0.5011488795280457,0.5052911447289389,0.4731921581855319,0.4742275161921648,17699337
2005-04-29,0.5011488795280457,0.5011488795280457,0.5011488795280457,0.5011488795280457,0
2005-05-02,0.5011488795280457,0.5011488795280457,0.5011488795280457,0.5011488795280457,0
2005-05-03,0.5011488795280457,0.5011488795280457,0.5011488795280457,0.5011488795280457,0
2005-05-04,0.5011488795280457,0.5011488795280457,0.5011488795280457,0.5011488795280457,0
2005-05-05,0.5011488795280457,0.5011488795280457,0.5011488795280457,0.5011488795280457,0
2005-05-06,0.5011488795280457,0.5011488795280457,0.5011488795280457,0.5011488795280457,0
2005-05-09,0.45144861936569214,0.47629936261588923,0.45144861936569214,0.45144861936569214,7904304
2005-05-10,0.43281081318855286,0.44937793757812466,0.4141729996008484,0.44937793757812466,8587530
2005-05-11,0.42659786343574524,0.43488145299114855,0.4203858794676923,0.43488145299114855,4949937
2005-05-12,0.4452356696128845,0.45455456192143096,0.4286694627804839,0.4286694627804839,11048310
2005-05-13,0.4452356696128845,0.45558989256769583,0.4297047934267488,0.44316500832035477,6245055
2005-05-16,0.4317755103111267,0.443165065378628,0.4265979121485252,0.443165065378628,3495132
2005-05-17,0.44316500425338745,0.4462709961636781,0.43177545075683427,0.43177545075683427,3525093
2005-05-18,0.4473073184490204,0.4483426492597399,0.43798842466023685,0.4452357403352733,3545019
2005-05-19,0.4504132866859436,0.4504132866859436,0.4390237318875436,0.44834262517573614,3578769
2005-05-20,0.4473073184490204,0.4514486416918983,0.4431650787138343,0.4483426492597399,2698074
2005-05-23,0.4255625605583191,0.4410943822493272,0.42038590691363753,0.4410943822493272,4390569
2005-05-24,0.4338461458683014,0.4390237159480992,0.4162436629136131,0.4245272251459542,3212199
2005-05-25,0.43798840045928955,0.44420038498036474,0.42866950718541935,0.4307401686924444,2810448
2005-05-26,0.43798840045928955,0.44109439271982714,0.4307401686924444,0.43798840045928955,2014029
2005-05-27,0.43281081318855286,0.4431650368089799,0.43074015176291175,0.4379883832448771,1971450
2005-05-30,0.4421297013759613,0.4421297013759613,0.4286694857607745,0.43281080856784376,3139236
2005-05-31,0.44109436869621277,0.443165030090462,0.43798837660483886,0.443165030090462,2079000
2005-06-01,0.4307401180267334,0.44109434083620297,0.4245271899717024,0.44109434083620297,2417931
2005-06-02,0.42659786343574524,0.43281079166846426,0.42452720211306094,0.42970479968443775,2259738
2005-06-03,0.42659786343574524,0.4317754610071221,0.4214212101290345,0.42452720211306094,2093742
2005-06-06,0.4317755103111267,0.4317755103111267,0.4203859274711321,0.42452725058939417,1876230
2005-06-07,0.436952143907547,0.4504132764010368,0.43177549025023393,0.43281082098169654,4520133
2005-06-08,0.480440616607666,0.480440616607666,0.4452356543294942,0.4452356543294942,27770454
2005-06-09,0.4959724545478821,0.5135749382979431,0.4845828996483577,0.4866535611769499,35333532
2005-06-10,0.48147597908973694,0.4928655337107541,0.4762993531673326,0.4928655337107541,10842165
2005-06-13,0.48354655504226685,0.4949370519133708,0.4762992689237396,0.47733457170711147,4203081
2005-06-14,0.4638735055923462,0.4918302411584732,0.4628382026039372,0.4814759892846981,5356800
2005-06-15,0.45144861936569214,0.461802871225624,0.4504132886061745,0.4566262174280359,5357700
2005-06-16,0.45766156911849976,0.4597322307322358,0.45041330920562483,0.455589963239965,2834010
2005-06-17,0.45455464720726013,0.4638735412642644,0.4535193163667413,0.4576615839936462,3135321
2005-06-20,0.47112172842025757,0.47112172842025757,0.44005905670919626,0.45351927283631555,6610806
2005-06-21,0.4618028402328491,0.4731923665429326,0.4597321788527813,0.4711217051628648,3163950
2005-06-22,0.4618028402328491,0.46283817092288304,0.4535192504478855,0.4576615174727134,2111481
2005-06-23,0.45662611722946167,0.46283810042345697,0.4555898424325807,0.46076743935879183,2187216
2005-06-24,0.45766156911849976,0.4586968999253678,0.45041330920562483,0.45144864001249285,2012067
2005-06-27,0.4690511226654053,0.47215714303035256,0.4618029178964916,0.4618029178964916,5728086
2005-06-28,0.4555898904800415,0.46180281859381356,0.45041323727243815,0.4607674879522929,4200390
2005-06-29,0.4524838924407959,0.4576614898430793,0.45144856181326626,0.45144856181326626,2287620
2005-06-30,0.43488144874572754,0.4524839028010564,0.43488144874572754,0.4524839028010564,3640500
2005-07-01,0.4193505644798279,0.4348814692451031,0.4193505644798279,0.4348814692451031,4121091
2005-07-04,0.397605836391449,0.4193505580056673,0.39035760511087314,0.4193505580056673,4664700
2005-07-05,0.397605836391449,0.4007127727082985,0.3913938522871234,0.39553517502334046,1946961
2005-07-06,0.391393780708313,0.4027833604146495,0.3903575337215735,0.3976057636765798,1666188
2005-07-07,0.3955351710319519,0.3996764937263784,0.390357601171732,0.390357601171732,2100600
2005-07-08,0.373791366815567,0.39242915057429867,0.373791366815567,0.3913938199757158,3614400
2005-07-11,0.3686138689517975,0.39346458726743055,0.3686138689517975,0.3727561367276667,2580300
2005-07-12,0.3717197775840759,0.37275605249251414,0.331338188735207,0.3624008852978222,10369827
2005-07-13,0.3541182577610016,0.3675784732919054,0.35204667987822674,0.3675784732919054,5576130
2005-07-14,0.3530820608139038,0.3592949623618563,0.3437631389656482,0.35204672997130115,4846428
2005-07-15,0.35101136565208435,0.3624009203268071,0.3479053734205006,0.3520466963959456,5067000
2005-07-18,0.3624008893966675,0.36447246719983417,0.35204666634951676,0.35411824415268345,9159651
2005-07-19,0.35101136565208435,0.3634371675629173,0.3447993811889168,0.3624009203268071,5228631
2005-07-20,0.3541182577610016,0.35618891915157047,0.3468700264018045,0.3479053570970889,2570661
2005-07-21,0.37275606393814087,0.3737913946137193,0.35204667317751687,0.3551535816964405,7879842
2005-07-22,0.3820749521255493,0.39139384459099263,0.36757846207695705,0.372756059660106,15340131
2005-07-25,0.3675784468650818,0.37689736671736096,0.36654311624423175,0.37689736671736096,5760630
2005-07-26,0.3800033628940582,0.38103869352666225,0.3634371285077539,0.3634371285077539,7038225
2005-07-27,0.38621631264686584,0.38621631264686584,0.37379142697213763,0.3768974192677527,7576533
2005-07-28,0.3758620321750641,0.38828691598777276,0.37275604034491955,0.3862162547676764,10046367
2005-07-29,0.38518092036247253,0.3862162509623197,0.3717197618077281,0.3758620284717267,7568442
2005-08-01,0.3882869780063629,0.3986412022527891,0.387251647230948,0.387251647230948,12462624
2005-08-02,0.394499808549881,0.394499808549881,0.3810386778939904,0.39139381677949675,8480385
2005-08-03,0.39967653155326843,0.4069247912191946,0.3934645469237031,0.3944998776952973,14855832
2005-08-04,0.39346450567245483,0.40071276457846566,0.39139384434635677,0.39760582832465097,6597315
2005-08-05,0.40485405921936035,0.40588938981077627,0.38932223959140533,0.39035757018282125,9726759
2005-08-08,0.42349186539649963,0.425562526689577,0.399676483277132,0.40796007271409396,21044700
2005-08-09,0.43488144874572754,0.43488144874572754,0.41624363626667377,0.42763318992242566,30060891
2005-08-10,0.4317755103111267,0.4348815026498233,0.42452725058939417,0.42452725058939417,14282937
2005-08-11,0.4390237331390381,0.4442003869293135,0.4255625725273062,0.42866950906622575,17608671
2005-08-12,0.4203858971595764,0.44005904130986095,0.4141729964378785,0.4369521327029048,15195213
2005-08-15,0.42763322591781616,0.42866950092093487,0.41520834056498296,0.41520834056498296,8764758
2005-08-16,0.47008636593818665,0.47008636593818665,0.43177543962458087,0.4348814314547913,42605172
2005-08-17,0.5166808366775513,0.5166808366775513,0.47112162799955726,0.4721569862925046,95282901
2005-08-18,0.5052911639213562,0.5684527815913639,0.49804287997021096,0.5322125282797882,108408933
2005-08-19,0.5228938460350037,0.5384247799633995,0.487688933112638,0.5001137913453295,50824107
2005-08-22,0.49493712186813354,0.5177162303008169,0.4866535319858814,0.5177162303008169,29070792
2005-08-23,0.47008636593818665,0.489759508286269,0.46905100755562773,0.489759508286269,26436573
2005-08-24,0.48251134157180786,0.48561825030655725,0.4628381966123284,0.4659451053470778,20004705
2005-08-25,0.4990786015987396,0.5156457310273493,0.4762994860037765,0.48251147217012996,31014882
2005-08-26,0.4887242019176483,0.5021844177732344,0.47733464750257887,0.49493713050391797,18426105
2005-08-29,0.480440616607666,0.4918301698177785,0.471121669074027,0.48872415021311294,13027878
2005-08-30,0.480440616607666,0.48872415021311294,0.4762992941647637,0.4762992941647637,8067600
2005-08-31,0.48354655504226685,0.4845828020902086,0.46490874428014833,0.478369930035458,15271191
2005-09-01,0.5135747790336609,0.516680798135837,0.4742276119585001,0.4866534102612328,30352104
2005-09-02,0.5032207369804382,0.509432721505051,0.4949371466828705,0.509432721505051,20622681
2005-09-05,0.5094326734542847,0.512539581915799,0.49804306419620986,0.5011490839380426,15299145
2005-09-06,0.48768889904022217,0.5156455779679129,0.48665354054732274,0.5032207206032848,21280887
2005-09-07,0.5115033984184265,0.5125396456959957,0.481476000623357,0.48768892959983795,21605895
2005-09-08,0.510468065738678,0.5249645304521142,0.5021844747716955,0.5156456364198573,20515770
2005-09-09,0.4980431795120239,0.5125397005881053,0.49390185592736074,0.5104680945308935,11904399
2005-09-12,0.5011488795280457,0.5073618051972473,0.4866533119856105,0.49700755859142887,7893225
2005-09-13,0.5218585133552551,0.5249644777844591,0.5042560301220047,0.5042560301220047,33624738
2005-09-14,0.524964451789856,0.5322127386054587,0.5146102562438283,0.5270351131551206,26108217
2005-09-15,0.5228938460350037,0.527035169205968,0.5156456139935238,0.5259998661857206,16783884
2005-09-16,0.517716109752655,0.5218583758616223,0.5115032382664153,0.5187514679862608,10865970
2005-09-19,0.5373892784118652,0.5415315447454585,0.5146101740479462,0.5146101740479462,28718703
2005-09-20,0.5280706286430359,0.5373895240500894,0.5218586426999784,0.5363542208320788,20729691
2005-09-21,0.5073620676994324,0.527035157538066,0.5073620676994324,0.527035157538066,18129285
2005-09-22,0.4907948970794678,0.5197869364878476,0.48044070044573717,0.5073620782713304,16472331
2005-09-23,0.48354655504226685,0.49597235469674267,0.4814758939305484,0.4897594826419921,9727614
2005-09-26,0.4856181740760803,0.4866534768885691,0.47112165735721134,0.48354656864153023,6115401
2005-09-27,0.4659450948238373,0.4856182393390043,0.46490881983499754,0.484582880842396,7588881
2005-09-28,0.4555898904800415,0.47215704150117865,0.4555898904800415,0.4659450576520546,6083100
2005-09-29,0.4659450948238373,0.46698039777546185,0.4555899268257182,0.4555899268257182,8693505
2005-09-30,0.473192423582077,0.4825113729528821,0.46594513565073425,0.4711217619524093,9522441
2005-10-03,0.473192423582077,0.4825113729528821,0.46594513565073425,0.4711217619524093,0
2005-10-04,0.473192423582077,0.4825113729528821,0.46594513565073425,0.4711217619524093,0
2005-10-05,0.473192423582077,0.4825113729528821,0.46594513565073425,0.4711217619524093,0
2005-10-06,0.473192423582077,0.4825113729528821,0.46594513565073425,0.4711217619524093,0
2005-10-07,0.473192423582077,0.4825113729528821,0.46594513565073425,0.4711217619524093,0
2005-10-10,0.4607675075531006,0.4783699899645587,0.4597321768675375,0.47112170312843804,4886946
2005-10-11,0.4856181740760803,0.4866534768885691,0.46076746278782255,0.46283812395777624,8276067
2005-10-12,0.4856181740760803,0.49390170747551543,0.47422767688463013,0.47940524630162273,9610353
2005-10-13,0.4752640128135681,0.4856182648636878,0.4731924069917259,0.47940533592770684,5766570
2005-10-14,0.4659450948238373,0.47940531072958237,0.46076752471102367,0.47422774061676876,5968143
2005-10-17,0.48354655504226685,0.4845828020902086,0.4566261276057618,0.4628381109409172,9322722
2005-10-18,0.493901789188385,0.4949371477171434,0.47629936111984145,0.4814759871286771,15690600
2005-10-19,0.493901789188385,0.5135749343144453,0.49183023895608646,0.49700780922967475,25567830
2005-10-20,0.5052911639213562,0.5063264664223555,0.4804404601098823,0.489759349063026,13851810
2005-10-21,0.5032207369804382,0.5125396302596155,0.4980431111726842,0.5052913984886425,15249681
2005-10-24,0.5052911639213562,0.5104677875162715,0.49390155887629483,0.5021842010641271,9614520
2005-10-25,0.48665347695350647,0.5021843522223401,0.48665347695350647,0.5021843522223401,9409518
2005-10-26,0.4555898904800415,0.481475933767023,0.4514485679139588,0.481475933767023,13518459
2005-10-27,0.4597322344779968,0.4649088607820204,0.45351930532136886,0.45351930532136886,7270164
2005-10-28,0.4317755103111267,0.46490884473406496,0.4224565890302632,0.4607675493882962,12410559
2005-10-31,0.43591681122779846,0.4400590506273735,0.43074015759362194,0.43177548832045726,4854438
2005-11-01,0.4307401180267334,0.43591677118539335,0.4162436284256968,0.43591677118539335,4956840
2005-11-02,0.44316500425338745,0.4473072432925958,0.43384611203036133,0.43384611203036133,6110676
2005-11-03,0.4400590658187866,0.45351928222454363,0.43902373505621034,0.4431650581065154,4396509
2005-11-04,0.4452356696128845,0.4473072473975768,0.4390236857352952,0.4390236857352952,3114522
2005-11-07,0.4659450948238373,0.46801575627207015,0.450413273205136,0.450413273205136,13430520
2005-11-08,0.4638735055923462,0.470086434422514,0.45662621803852627,0.4607675410821336,5637978
2005-11-09,0.45662611722946167,0.4700863306418464,0.450413189770918,0.4618027698911244,4901850
2005-11-10,0.43488144874572754,0.4555898947547614,0.43488144874572754,0.4555898947547614,5684481
2005-11-11,0.43798840045928955,0.4400590619663146,0.42866950718541935,0.4297048379389319,4127337
2005-11-14,0.44109436869621277,0.44109436869621277,0.42866948383850967,0.43591679871838207,2678436
2005-11-15,0.43591681122779846,0.4442003735347147,0.43488148050096315,0.4410943813542088,2989800
2005-11-16,0.44316500425338745,0.44316500425338745,0.42866945884654356,0.43384611203036133,3040047
2005-11-17,0.4390237331390381,0.44316505617125845,0.431775501340391,0.431775501340391,2297718
2005-11-18,0.45455464720726013,0.4586969148341651,0.4379884372666239,0.4379884372666239,9837414
2005-11-21,0.45351922512054443,0.4597321531784716,0.45144856385611526,0.45351922512054443,3722031
2005-11-22,0.45455464720726013,0.4586969148341651,0.45041332384518473,0.4535193163667413,6514398
2005-11-23,0.4597322344779968,0.4607675652933004,0.45041331287545805,0.45248397450606526,5689710
2005-11-24,0.45869681239128113,0.46180280421916214,0.45144855386160676,0.45869681239128113,5393961
2005-11-25,0.45351922512054443,0.4576614919140424,0.45041323322390064,0.45558988638497366,3558960
2005-11-28,0.44834256172180176,0.45766148146358004,0.44730723111322834,0.4535192147646686,3603060
2005-11-29,0.43281081318855286,0.44834260686530414,0.43281081318855286,0.44834260686530414,7526700
2005-11-30,0.436952143907547,0.4400590525941727,0.43177549025023393,0.43281082098169654,2442771
2005-12-01,0.43591681122779846,0.4410943813542088,0.43384614977412783,0.43488148050096315,1941930
2005-12-02,0.42452722787857056,0.4369521408334383,0.42452722787857056,0.4359168101092596,4429800
2005-12-05,0.4224565327167511,0.43281078339695717,0.4214212020751953,0.42970479147228974,3832029
2005-12-06,0.42659786343574524,0.43074013034577996,0.4203858794676923,0.4203858794676923,3298563
2005-12-07,0.4307401180267334,0.43384610992192935,0.4245271899717024,0.42763318186689836,2320182
2005-12-08,0.4255625605583191,0.4317754891966647,0.4234918991004465,0.4317754891966647,1930203
2005-12-09,0.4338461458683014,0.43591680730333027,0.42556255586346864,0.42556255586346864,3068559
2005-12-12,0.43488144874572754,0.4400590184940695,0.4328107874432575,0.4338461180944925,4090788
2005-12-13,0.43798840045928955,0.4390237312128021,0.4297048379389319,0.43488149170649454,2285550
2005-12-14,0.44109436869621277,0.443165030090462,0.43591679871838207,0.44109436869621277,4858848
2005-12-15,0.4504132866859436,0.45766154623642136,0.4410943933977511,0.4442003856630623,13071213
2005-12-16,0.4524838924407959,0.4545545536958552,0.4442003309284128,0.4545545536958552,6906843
2005-12-19,0.44937795400619507,0.4535192770088731,0.44834262325552554,0.4514486155075341,3979548
2005-12-20,0.4504132866859436,0.4504132866859436,0.44316505490795854,0.44627104717326976,3933702
2005-12-21,0.4400590658187866,0.45351928222454363,0.43902373505621034,0.4483426284116623,4673700
2005-12-22,0.4390237331390381,0.44109439465514827,0.4328108320984461,0.437988402380983,4109544
2005-12-23,0.4452356696128845,0.4462710002591494,0.4390236857352952,0.4400590163815601,3577230
2005-12-26,0.44834256172180176,0.45248388415609525,0.4431649921868057,0.44523565340395244,6443253
2005-12-27,0.45766156911849976,0.4607675615391038,0.4452357386789801,0.4452357386789801,9670545
2005-12-28,0.45869681239128113,0.4597321430005748,0.45351921508019416,0.45766148178198746,4481163
2005-12-29,0.4597322344779968,0.4597322344779968,0.45351930532136886,0.4586969036626932,6812253
2005-12-30,0.473192423582077,0.48044071132321436,0.45973223426941934,0.46594513565073425,25108695
2006-01-04,0.48251134157180786,0.49079487627156027,0.47112173131208074,0.4731923928070789,17933661
2006-01-05,0.49286556243896484,0.5042560619886497,0.4814760071540718,0.4866535776430039,23789574
2006-01-06,0.48975956439971924,0.49597243749161213,0.485618241484953,0.49493713453541255,16020387
2006-01-09,0.5032207369804382,0.5032207369804382,0.48975957642010176,0.49079487940171124,18469647
2006-01-10,0.5156456828117371,0.5177163446735703,0.5001138580906611,0.5052914847826536,28367901
2006-01-11,0.5135747790336609,0.5280703495033563,0.506326549439064,0.5146101372493759,32165352
2006-01-12,0.5166808366775513,0.5177161394255257,0.500113659821102,0.5125395145957077,22246830
2006-01-13,0.5052911639213562,0.524964244328643,0.5042558058753974,0.5187513739684161,19470024
2006-01-16,0.524964451789856,0.5446375955167511,0.502184399522869,0.5052913636079424,57368556
2006-01-17,0.517716109752655,0.5259996977061062,0.5073619164219314,0.5239290367838643,18420561
2006-01-18,0.5570625066757202,0.5694883078227604,0.5104679880598195,0.5166809164058302,59875083
2006-01-19,0.562239944934845,0.5715588353672478,0.54877878848668,0.5539563571677829,44190081
2006-01-20,0.5808777809143066,0.5891613694673294,0.5539564097280941,0.5622399982811169,48051324
2006-01-23,0.6191889643669128,0.6264371970033108,0.5746650986181819,0.5850192961152398,61787295
2006-01-24,0.591232180595398,0.6191889171856337,0.591232180595398,0.6191889171856337,45862848
2006-01-25,0.5757002830505371,0.5964096735855461,0.5591341037020623,0.5901968008800629,38865321
2006-02-06,0.6336853504180908,0.6336853504180908,0.580877899984591,0.580877899984591,44584731
2006-02-07,0.6709610223770142,0.6958107949316634,0.6430042853388109,0.6533585377577945,105859368
2006-02-08,0.6326490640640259,0.6626773476492792,0.6233301158683723,0.6626773476492792,45449514
2006-02-09,0.6367912888526917,0.6481808431103655,0.6233301289184094,0.6316137188307224,33813792
2006-02-10,0.6285077333450317,0.644039554168791,0.6222948050535968,0.636791267433739,28493793
2006-02-13,0.5881261229515076,0.6264370501904486,0.5777718723360976,0.6264370501904486,38066076
2006-02-14,0.5953734517097473,0.6057285917767947,0.5798425745936111,0.5850192003624259,24693732
2006-02-15,0.5901967883110046,0.6036570031524183,0.5870907686117639,0.6005509834531776,22806648
2006-02-16,0.5788072943687439,0.5881262440402358,0.5653461881294362,0.5870908854195006,21416481
2006-02-17,0.5860545635223389,0.5933027950302562,0.5777719177901187,0.5850192050333197,16218945
2006-02-20,0.5684530735015869,0.5922675427768802,0.5674167706591569,0.5839839520709724,15116400
2006-02-21,0.587090790271759,0.5891614516326543,0.5498151642618923,0.5643107380528424,20650815
2006-02-22,0.5829485654830933,0.5943381202846638,0.5777719394786263,0.5850192269938772,16971903
2006-02-23,0.5984803438186646,0.6005510051780713,0.5725943273495036,0.5746649887089104,16371873
2006-02-24,0.5901967883110046,0.604692306022179,0.5870907686117639,0.6036570031524183,24659361
2006-02-27,0.5901967883110046,0.5901967883110046,0.5901967883110046,0.5901967883110046,0
2006-02-28,0.5901967883110046,0.5901967883110046,0.5901967883110046,0.5901967883110046,0
2006-03-01,0.5901967883110046,0.5901967883110046,0.5901967883110046,0.5901967883110046,0
2006-03-02,0.5901967883110046,0.5901967883110046,0.5901967883110046,0.5901967883110046,0
2006-03-03,0.5901967883110046,0.5901967883110046,0.5901967883110046,0.5901967883110046,0
2006-03-06,0.5901967883110046,0.5901967883110046,0.5901967883110046,0.5901967883110046,0
2006-03-07,0.5901967883110046,0.5901967883110046,0.5901967883110046,0.5901967883110046,0
2006-03-08,0.5901967883110046,0.5901967883110046,0.5901967883110046,0.5901967883110046,0
2006-03-09,0.5798426270484924,0.5850192532856056,0.5436023552395476,0.5684530717350564,26221815
2006-03-10,0.597445011138916,0.6046922977631942,0.5694882791585375,0.5694882791585375,22918824
2006-03-13,0.604692280292511,0.6098698497756161,0.580877815777251,0.5901967631981211,16367859
2006-03-14,0.6150475144386292,0.6191888370982926,0.6015863550378745,0.6015863550378745,29103579
2006-03-15,0.6336853504180908,0.6564644598648537,0.6171182254610345,0.6171182254610345,44622396
2006-03-16,0.6461102366447449,0.6471455395772449,0.6285077539029704,0.6326490767229361,21505977
2006-03-17,0.640932559967041,0.6471454879662029,0.6264370425334822,0.6461101851162702,37332558
2006-03-20,0.6233301758766174,0.6419680185172157,0.6005510656452189,0.6419680185172157,36524790
2006-03-21,0.6233301758766174,0.6233301758766174,0.6233301758766174,0.6233301758766174,0
2006-03-22,0.6233301758766174,0.6233301758766174,0.6233301758766174,0.6233301758766174,0
2006-03-23,0.6233301758766174,0.6233301758766174,0.6233301758766174,0.6233301758766174,0
2006-03-24,0.6233301758766174,0.6233301758766174,0.6233301758766174,0.6233301758766174,0
2006-03-27,0.6233301758766174,0.6233301758766174,0.6233301758766174,0.6233301758766174,0
2006-03-28,0.6233301758766174,0.6233301758766174,0.6233301758766174,0.6233301758766174,0
2006-03-29,0.6233301758766174,0.6233301758766174,0.6233301758766174,0.6233301758766174,0
2006-03-30,0.6233301758766174,0.6233301758766174,0.6233301758766174,0.6233301758766174,0
2006-03-31,0.6233301758766174,0.6233301758766174,0.6233301758766174,0.6233301758766174,0
2006-04-03,0.6233301758766174,0.6233301758766174,0.6233301758766174,0.6233301758766174,0
2006-04-04,0.6233301758766174,0.6233301758766174,0.6233301758766174,0.6233301758766174,0
2006-04-05,0.6233301758766174,0.6233301758766174,0.6233301758766174,0.6233301758766174,0
2006-04-06,0.6233301758766174,0.6233301758766174,0.6233301758766174,0.6233301758766174,0
2006-04-07,0.6233301758766174,0.6233301758766174,0.6233301758766174,0.6233301758766174,0
2006-04-10,0.6233301758766174,0.6233301758766174,0.6233301758766174,0.6233301758766174,0
2006-04-11,0.6233301758766174,0.6233301758766174,0.6233301758766174,0.6233301758766174,0
2006-04-12,0.6233301758766174,0.6233301758766174,0.6233301758766174,0.6233301758766174,0
2006-04-13,0.5705236196517944,0.6885624165470597,0.5632753889903847,0.6502514352234371,138427497
2006-04-14,0.5757002830505371,0.5767356414873266,0.537389354730264,0.5549918367801969,67439979
2006-04-17,0.5436022281646729,0.5684529388509691,0.541531567044877,0.5684529388509691,57608793
2006-04-18,0.5819132328033447,0.598480357028662,0.5436023030674398,0.5436023030674398,113577426
2006-04-19,0.5901967883110046,0.5953734137497668,0.560169394664288,0.5798425376238524,76786785
2006-04-20,0.5984803438186646,0.6202241488493105,0.5788072001474254,0.5870907898497352,109065780
2006-04-21,0.5901967883110046,0.6005509834531776,0.5736296095057015,0.5953734137497668,62991981
2006-04-24,0.6129759550094604,0.6440395988101434,0.5694883422940952,0.59019684568138,150804441
2006-04-25,0.6326490640640259,0.6626773476492792,0.5798425611600334,0.6129759203059159,120365721
2006-04-26,0.6181535124778748,0.6616420130168285,0.6160828510347645,0.6357559955012624,121879440
2006-04-27,0.6802798509597778,0.6802798509597778,0.6026216877311619,0.6181535092298283,138707001
2006-04-28,0.7237673997879028,0.7486181139760112,0.6367912887540923,0.6719962542648119,222845733
2006-05-08,0.7548309564590454,0.775539401199464,0.7206613533203892,0.7248026756716286,114381621
2006-05-09,0.7434404492378235,0.7672558574584629,0.7258379687250838,0.7548309463072496,128572956
2006-05-10,0.7361932396888733,0.7610430090351444,0.7227320800693079,0.7351569369699528,112244013
2006-05-11,0.7755393385887146,0.809708050249244,0.7154837261268823,0.7341215081870179,169522623
2006-05-12,0.8128151893615723,0.8262754062356841,0.7579370747644475,0.7672560239891426,130891788
2006-05-15,0.8946146368980408,0.8946146368980408,0.8024609465034428,0.8066022697463207,149934636
2006-05-16,0.8055669665336609,0.9277479998895917,0.8055669665336609,0.8676932583820284,152327664
2006-05-17,0.7651854157447815,0.827310766946346,0.7248028737771757,0.7972834222163537,128808459
2006-05-18,0.7258380651473999,0.7444759064824149,0.693740063616665,0.7444759064824149,88416612
2006-05-19,0.7682912945747375,0.7734688648414215,0.706164950518345,0.7268743428653149,118594656
2006-05-22,0.7858937382698059,0.8055668823709476,0.7299803258458549,0.7610430241648135,168950178
2006-05-23,0.7216967344284058,0.7838230751989632,0.7144485030353075,0.776574843805865,98433099
2006-05-24,0.7206615805625916,0.7713974333690583,0.6864919666494212,0.7361934050340128,72944694
2006-05-25,0.7372286319732666,0.7403346521675395,0.6937401278343452,0.709271950700343,54252612
2006-05-26,0.7392991781234741,0.7506887317168053,0.7268742661120924,0.7413698394145958,56866536
2006-05-29,0.7392991781234741,0.7392991781234741,0.7392991781234741,0.7392991781234741,0
2006-05-30,0.7858937382698059,0.7921066667484755,0.7392992186590163,0.7569017013555027,122300460
2006-05-31,0.7465474605560303,0.7827877293879918,0.7413698904794381,0.7817514821788933,69686613
2006-06-01,0.7600076198577881,0.7734687789331894,0.7310155846918476,0.7465474050470332,64495359
2006-06-02,0.8003892302513123,0.8355941944755735,0.7341216242842724,0.7558663177879242,171154503
2006-06-05,0.8293821215629578,0.8438776936251945,0.7879642890510078,0.7900349501649601,110539809
2006-06-06,0.8066021800041199,0.8366295751960631,0.7962479843291143,0.8262753239760753,65700099
2006-06-07,0.7258380651473999,0.8024608695400659,0.7258380651473999,0.797283299490737,87430365
2006-06-08,0.7030590176582336,0.7227321636431946,0.6616420640853783,0.7123779113637339,62455689
2006-06-09,0.6450749039649963,0.6989176572760906,0.6430042424722039,0.6989176572760906,58788036
2006-06-12,0.6492161750793457,0.6606057288719496,0.628507728821488,0.6388619241779265,26256996
2006-06-13,0.6657832264900208,0.6719961540630568,0.6450747824776296,0.6492161046832764,30306051
2006-06-14,0.6378265619277954,0.6574997034635992,0.6264370091951533,0.6574997034635992,25251858
2006-06-15,0.6378265619277954,0.6492161146604375,0.6326489925990895,0.6367912035879851,17432118
2006-06-16,0.6512869000434875,0.6564644703599378,0.6409326481303617,0.6419680066676912,24997311
2006-06-19,0.6595704555511475,0.6730315599942882,0.6398973113024727,0.6481808457029351,32186376
2006-06-20,0.6688892245292664,0.6740667936128526,0.6523229919718122,0.6574996723358356,31939515
2006-06-21,0.6792435646057129,0.6978814064751973,0.6626773840281749,0.6688893684748438,43461720
2006-06-22,0.6574998497962952,0.6916694598635656,0.6574998497962952,0.6813152076213236,26659773
2006-06-23,0.6564644575119019,0.6585351190010489,0.6378266711250797,0.6523231345336078,27018261
2006-06-26,0.6668186783790588,0.6678539813032526,0.6409326059403334,0.6564644271475119,33504876
2006-06-27,0.6833857893943787,0.6885624705509394,0.662677342873719,0.6668186655809751,35841042
2006-06-28,0.6999529004096985,0.7092718483678059,0.6844211353295856,0.6844211353295856,50852574
2006-06-29,0.7351568937301636,0.7569016417894119,0.6937400029276033,0.6999528753723542,74783061
2006-06-30,0.7341217398643494,0.7641500277039845,0.7310157195989749,0.7351570429228145,66180087
2006-07-03,0.7517240643501282,0.7527593671876875,0.7248026912399952,0.7455120806898391,41325048
2006-07-04,0.7434404492378235,0.7631135908983343,0.7392991269422811,0.7517240380934944,63677295
2006-07-05,0.7103071212768555,0.7455120836728589,0.6937399984655335,0.7434404781798541,45631512
2006-07-06,0.7310156226158142,0.7341216424691158,0.710307175759335,0.714448498533749,31925016
2006-07-07,0.7424052357673645,0.7631136827210457,0.7330862874440047,0.7330862874440047,56579247
2006-07-10,0.7351568937301636,0.7548309805477119,0.7237673404086735,0.7299802683984026,27088479
2006-07-11,0.7517240643501282,0.7558662755099627,0.7258379940775546,0.7351568860601188,39209859
2006-07-12,0.755866289138794,0.7817514156134764,0.750688719503067,0.7537947391617043,87706638
2006-07-13,0.7009881734848022,0.7724324511696201,0.6916692822063825,0.7548309156366593,82747557
2006-07-14,0.707200288772583,0.7279096805258818,0.6730315698191209,0.6730315698191209,44038629
2006-07-17,0.7517240643501282,0.7548309726724032,0.6937399956896695,0.7072002101124263,58490136
2006-07-18,0.7548309564590454,0.781751384726323,0.745512064676646,0.7537947093791248,101753946
2006-07-19,0.7248027324676514,0.7548310156081045,0.7092718559413831,0.7548310156081045,49584780
2006-07-20,0.7444758415222168,0.7579369448080825,0.7258380018134705,0.7258380018134705,36355896
2006-07-21,0.7693266272544861,0.7817514846154258,0.7372285699097096,0.7413698927901109,72224343
2006-07-24,0.7869290113449097,0.7952126009139695,0.7413698519373751,0.7537947641586311,96708114
2006-07-25,0.7796807885169983,0.8159210558509664,0.774504162919099,0.803496199042334,88119657
2006-07-26,0.7931421399116516,0.8055670552710664,0.7651854554717804,0.7776103152862007,72609093
2006-07-27,0.8179917931556702,0.8283460451225959,0.7589724125272294,0.7921067186882178,148510872
2006-07-28,0.813850462436676,0.8366296276971731,0.7972833372841602,0.8076375891539095,124530867
2006-07-31,0.7444758415222168,0.8055668191560527,0.7434404831286451,0.800389194013521,76499235
2006-08-01,0.7268742918968201,0.7610430094338748,0.7237673833577629,0.7444758855328848,52165431
2006-08-02,0.7092717885971069,0.7372284634805653,0.6927046109377646,0.7268742135096221,42299037
2006-08-03,0.7175553441047668,0.7206613636853572,0.7040941855129229,0.7103071133937389,22381668
2006-08-04,0.6740668416023254,0.7206613562486246,0.6709608775987638,0.7154837867964268,42008094
2006-08-07,0.6616420149803162,0.6823505180023155,0.6606057677634567,0.6730315694434515,21917844
2006-08-08,0.6833857893943787,0.6854564507480068,0.6637126457780425,0.6637126457780425,22944915
2006-08-09,0.7020236253738403,0.7103072156525985,0.6730315870755462,0.6885625203890554,27259839
2006-08-10,0.7061650156974792,0.7134133036879368,0.6958108184731687,0.7020236922956943,21005505
2006-08-11,0.6989176273345947,0.7123778429533634,0.691669395928083,0.7061649144764033,15090912
2006-08-14,0.6782081723213196,0.7123777760195538,0.6761375111117898,0.6968459561913397,17320338
2006-08-15,0.6989176273345947,0.7092718786197262,0.6719962518323541,0.6730315547619057,28888578
2006-08-16,0.7185906767845154,0.7289448711609101,0.6947752687526471,0.6947752687526471,36452718
2006-08-17,0.6978814601898193,0.7144485863072366,0.6916694752650256,0.7144485863072366,23618241
2006-08-18,0.6895988583564758,0.7092720059849463,0.6864919492002223,0.6937401819083119,16417791
2006-08-21,0.6978814601898193,0.7040943338344356,0.6626774350332095,0.6678540613647098,22255164
2006-08-22,0.7517240643501282,0.7620782591702517,0.6916693344695731,0.6916693344695731,82210437
2006-08-23,0.7589722275733948,0.7993538115128199,0.7517239974559304,0.7548309055017288,151588512
2006-08-24,0.788999617099762,0.7962479032677477,0.7517240498867,0.7569016193294532,112094919
2006-08-25,0.7755393385887146,0.7993538009424646,0.7724324305840008,0.788999551635685,80164350
2006-08-28,0.7993539571762085,0.8117797586396133,0.7724325815559615,0.774504187233831,86425722
2006-08-29,0.7765749096870422,0.8024609288629,0.7745042481111227,0.796248055415347,79438257
2006-08-30,0.7838228940963745,0.7993537675020734,0.7662204155043657,0.7724323982698459,53484786
2006-08-31,0.8055669665336609,0.8076376281546515,0.7776102296283757,0.7776102296283757,63786321
2006-09-01,0.7796807885169983,0.8097081830868019,0.7786454856154108,0.807637521738646,56749176
2006-09-04,0.8304176926612854,0.8387012279590904,0.7796809000997572,0.786929132347809,144367389
2006-09-05,0.8210987448692322,0.8531967477288502,0.812815154570199,0.8304176381500579,115641828
2006-09-06,0.8314529657363892,0.8355942888760812,0.8003893206745706,0.8210987691673672,75734568
2006-09-07,0.8169565200805664,0.8335236459953707,0.7900351418195918,0.8335236459953707,62140194
2006-09-08,0.8304176926612854,0.8355943190000292,0.7983187434298405,0.8086729403721409,69866910
2006-09-11,0.8066021800041199,0.8335235553369847,0.792106661546998,0.8262753239760753,49202082
2006-09-12,0.7921066284179688,0.809708165998003,0.786929003119684,0.8034961820846384,64711521
2006-09-13,0.8159210681915283,0.8511260331563735,0.7827877088708491,0.7983186412540876,136859985
2006-09-14,0.8977206349372864,0.8977206349372864,0.8045315882603833,0.8097082699586587,289835712
2006-09-15,0.8894370198249817,0.9101454679407124,0.8739051977195609,0.8863310553277929,140278527
2006-09-18,0.8966851234436035,0.9204995881975382,0.8852955702571672,0.8894368926914606,87305913
2006-09-19,0.9225712418556213,0.950527919223377,0.882188708006876,0.8915076004627945,153627876
2006-09-20,0.9163583517074585,0.9225712802062203,0.8935782989334526,0.9173937101856258,83147679
2006-09-21,0.8884016871452332,0.9101454375182259,0.8759767742170688,0.9091101345687641,85283856
2006-09-22,0.8645861148834229,0.9049686435428991,0.8604447927650427,0.89047218314445,70942464
2006-09-25,0.8697637319564819,0.8749404126622328,0.8469836818013091,0.8573388761970302,58327578
2006-09-26,0.83455890417099,0.8666578491031611,0.8304175814366805,0.8666578491031611,55474002
2006-09-27,0.8449130654335022,0.8521613519615305,0.8283459421842926,0.8283459421842926,33432534
2006-09-28,0.848020076751709,0.8707991851223185,0.8407717898189111,0.8449131126164002,40144725
2006-09-29,0.8521614074707031,0.8594096389258966,0.8387011362165477,0.8469837818885196,39938427
2006-10-09,0.8728697299957275,0.8780472992936095,0.8480199635437383,0.8573388550862561,46945503
2006-10-10,0.8573389649391174,0.8770121088785656,0.8521613949778212,0.8770121088785656,44085483
2006-10-11,0.8997912406921387,0.9060041137374747,0.8521614172955768,0.856302684634326,89851914
2006-10-12,0.8573389649391174,0.8770121088785656,0.8521613949778212,0.8770121088785656,44082
2006-10-13,0.8573389649391174,0.8801180731875294,0.8490553751238752,0.8676931605970141,40497183
2006-10-16,0.8293821215629578,0.8625154766349318,0.8273105161844346,0.8573388516225385,50124159
2006-10-17,0.8449130654335022,0.8531966548305967,0.8324882090151637,0.8324882090151637,32529555
2006-10-18,0.8397364020347595,0.848019991057363,0.8283459047357896,0.84491302723602,31193118
2006-10-19,0.8428424000740051,0.856302614841289,0.8397364359368493,0.8418070972099462,20696301
2006-10-20,0.8625156283378601,0.8780474501809595,0.8397365190937314,0.8428424835384627,48952764
2006-10-23,0.8262752294540405,0.8770120100016231,0.8128150154597424,0.8583741710847875,39411486
2006-10-24,0.8428424000740051,0.8438777584830431,0.8231693127677661,0.824204615631825,25101135
2006-10-25,0.8387011289596558,0.8645862572175237,0.8293822361671013,0.8428424517598088,27618336
2006-10-26,0.8169565200805664,0.8418072367252669,0.8076376263150272,0.8418072367252669,39306672
2006-10-27,0.7838228940963745,0.819026907015909,0.7776099670664112,0.8159208878606842,33295140
2006-10-30,0.7693266272544861,0.7858937517605467,0.7434405542303114,0.783823090320346,39747339
2006-10-31,0.7900351285934448,0.8045315926492866,0.7558664074750426,0.7693266797927769,44730135
2006-11-01,0.803496241569519,0.8159210990357701,0.7900350813371728,0.7900350813371728,33369048
2006-11-02,0.7869290113449097,0.8045314933735882,0.7693265848612115,0.8034961904830293,26033607
2006-11-03,0.7962478995323181,0.8024607717635647,0.7786454188260054,0.797283202345101,23617179
2006-11-06,0.8221340179443359,0.8273106437549601,0.7848583906320198,0.7931419806297215,51135480
2006-11-07,0.8076375126838684,0.8324882258321795,0.7952126004695562,0.8324882258321795,33081822
2006-11-08,0.7869290113449097,0.8034961904830293,0.7848583500188115,0.8034961904830293,20437857
2006-11-09,0.782787561416626,0.791070205374315,0.7734686704721975,0.7858935806732451,28673181
2006-11-10,0.7631136178970337,0.7952125605640181,0.7589722954549728,0.7827876489732157,27203220
2006-11-13,0.7134130597114563,0.7558661925231394,0.7113423987186985,0.7558661925231394,48760344
2006-11-14,0.7154839038848877,0.7237674386962422,0.6906340770806245,0.7092719193162006,25214166
2006-11-15,0.7206615805625916,0.7320511371120161,0.709272024013167,0.7165193126405949,27308493
2006-11-16,0.7030590176582336,0.7268743755688674,0.6999529974813397,0.724802825246128,36353277
2006-11-17,0.7103071212768555,0.7196260132967073,0.6937399984655335,0.7020235320987056,23456772
2006-11-20,0.7040941715240479,0.7072001910429281,0.6885624075803636,0.7072001910429281,33458364
2006-11-21,0.756901741027832,0.757937044011933,0.7040942901705174,0.7040942901705174,65187297
2006-11-22,0.7351568937301636,0.7569016417894119,0.7320509296401027,0.7558662833960728,54032652
2006-11-23,0.7279096245765686,0.74861807047343,0.7227320548562722,0.7372285168793724,59561379
2006-11-24,0.7413699626922607,0.745512230227947,0.7289450486148197,0.7299804072050333,44282718
2006-11-27,0.7745041251182556,0.778645447612444,0.7413698236512005,0.7434404848982947,77180841
2006-11-28,0.7869290113449097,0.8097081744613235,0.7693265848612115,0.7724325490778684,88909911
2006-11-29,0.7921066284179688,0.8003892180908084,0.767255915515517,0.7796807720619241,42244056
2006-11-30,0.8376648426055908,0.8407717510526641,0.795212592147383,0.7962479505715083,96899094
2006-12-01,0.8728697299957275,0.8904722102920914,0.836629466614328,0.8376647694029995,129548214
2006-12-04,0.9588104486465454,0.9598466956761238,0.8852955094937486,0.8852955094937486,199694313
2006-12-05,0.9432798027992249,0.978484657960654,0.9329255512587705,0.9629528362901011,128221065
2006-12-06,0.9101453423500061,0.9401727351685554,0.8790827022352281,0.9401727351685554,124421112
2006-12-07,0.9805553555488586,1.001263858219804,0.9018618900636242,0.909110121505376,231145119
2006-12-08,0.9329255223274231,1.0043698113049822,0.921535023920397,0.9608822005816157,147610818
2006-12-11,1.026114583015442,1.026114583015442,0.9422444353578432,0.9422444353578432,108763767
2006-12-12,1.026114583015442,1.064425513313518,1.0126533673827893,1.0551066203615591,116628597
2006-12-13,1.0561422109603882,1.0623551415505166,1.0147244141029104,1.0302562406732185,81776169
2006-12-14,1.0406103134155273,1.067531751783215,1.0281854528927306,1.0561421389264913,46558359
2006-12-15,1.1234447956085205,1.1379413692178786,1.0447523319094987,1.0447523319094987,95466042
2006-12-18,1.150366187095642,1.2311302536823692,1.128622327228716,1.128622327228716,143063073
2006-12-19,1.2062796354293823,1.222846815591885,1.1182682751986934,1.1576144532511414,104857587
2006-12-20,1.2435553073883057,1.2818662376838286,1.1545075896556753,1.2011020544123654,92063484
2006-12-21,1.211457371711731,1.2777251016408377,1.2031738360393531,1.2425201305782239,79466148
2006-12-22,1.1752169132232666,1.2197397697023826,1.1576143757398334,1.2011019848786773,56336193
2006-12-25,1.2104209661483765,1.2518388612769153,1.1679687123233151,1.1752169994967654,62302230
2006-12-26,1.2228467464447021,1.2332009973945925,1.1762522839003104,1.2135278539358239,43891092
2006-12-27,1.2414846420288086,1.2518388939008465,1.201102104354107,1.2124926034791368,47611998
2006-12-28,1.170039415359497,1.2414845948449986,1.1658980924739795,1.231130343366484,63821277
2006-12-29,1.169004201889038,1.2062797784519166,1.1524370197622478,1.171074808043687,67649031
2007-01-04,1.1514015197753906,1.1907476938659363,1.1358696996763982,1.172109909670989,70902549
2007-01-05,1.1959251165390015,1.2052441185814853,1.1400117708237567,1.1493306617762975,45418446
2007-01-08,1.3160356283187866,1.3160356283187866,1.1886770012703525,1.1948899288176924,123176502
2007-01-09,1.3978352546691895,1.4475357941457787,1.316035825232916,1.316035825232916,103227615
2007-01-10,1.4195787906646729,1.4496061815197958,1.397835043987065,1.4496061815197958,58905405
2007-01-11,1.4112954139709473,1.4444296610829606,1.3864447008644472,1.4288978404151924,65448045
2007-01-12,1.333638310432434,1.419579066417853,1.3305314572438358,1.3988706740361252,55989729
2007-01-15,1.4371813535690308,1.448570850738617,1.325354543480642,1.325354543480642,69177024
2007-01-16,1.4537485837936401,1.4651381933359795,1.4102600849040992,1.4371815154376317,69677325
2007-01-17,1.4713503122329712,1.5531497445147697,1.4061179491996114,1.4723865594632735,97776297
2007-01-18,1.485846757888794,1.520016365580035,1.4133662196033037,1.4599606847233102,66876831
2007-01-19,1.5438308715820312,1.5686815868698463,1.4889527594758767,1.5013786170246508,95580972
2007-01-22,1.568681240081787,1.5790353784836424,1.5169091039032154,1.556256273999561,86411655
2007-01-23,1.5231221914291382,1.5759295803645894,1.4682440856855683,1.5583271544160915,66418461
2007-01-24,1.513803482055664,1.5635040241509375,1.4962010539815447,1.5241577338863532,49165578
2007-01-25,1.4340746402740479,1.4951656808523166,1.4288979587691366,1.4910243578663815,65286684
2007-01-26,1.4692795276641846,1.4806691372964376,1.3439924886298338,1.4185437413705935,69740991
2007-01-29,1.485846757888794,1.4982716153175595,1.4382169342705435,1.4734217893700607,72164754
2007-01-30,1.4899879693984985,1.5417600007689585,1.4858466468051008,1.4858466468051008,57277251
2007-01-31,1.3564172983169556,1.48895261959827,1.3408854777449701,1.48895261959827,67861917
2007-02-01,1.3885163068771362,1.4164729842019201,1.3201770957656778,1.3429570920127387,55162161
2007-02-02,1.3564172983169556,1.3978351902690238,1.3543466925532481,1.387480050741247,36023769
2007-02-05,1.371949315071106,1.3936931782234019,1.3367443462756186,1.3460632399894388,33801363
2007-02-06,1.394728422164917,1.4030120683727831,1.3460632365696819,1.3812682052757288,27819018
2007-02-07,1.3854094743728638,1.4226851587677598,1.3760905810466326,1.4226851587677598,31886721
2007-02-08,1.4133661985397339,1.4237203388177024,1.3667716230241644,1.3854094087944058,40964697
2007-02-09,1.39265775680542,1.4175084721908238,1.3781612932414904,1.4175084721908238,25688547
2007-02-12,1.4703147411346436,1.5003430219381204,1.3936928901138725,1.3936928901138725,59269662
2007-02-13,1.4837759733200073,1.4982715470851211,1.4578899013333952,1.4734217222693027,30828123
2007-02-14,1.5251929759979248,1.5635039048091612,1.4734217207961626,1.4848113302865729,68993334
2007-02-15,1.5759295225143433,1.585248414348538,1.5220867771513273,1.5220867771513273,76623129
2007-02-16,1.6877567768096924,1.712606606080417,1.5945677230173214,1.5945677230173214,91875663
2007-02-26,1.788192868232727,1.8275400457917614,1.6929332216092237,1.7043228315564205,63923607
2007-02-27,1.6090631484985352,1.8006188089344195,1.6090631484985352,1.7912999155380176,76840389
2007-02-28,1.672224521636963,1.7032872723432615,1.5531495330299463,1.5531495330299463,79024743
2007-03-01,1.5862842798233032,1.675331126628115,1.5583275953834321,1.672225050536996,62026380
2007-03-02,1.600779414176941,1.644267911211191,1.573857984791921,1.5842132352473766,35952930
2007-03-05,1.6494454145431519,1.654622095297997,1.5562563848495936,1.6018147081527598,44905167
2007-03-06,1.6297717094421387,1.646338890825829,1.5997443111221914,1.6235596690768634,19133766
2007-03-07,1.646338701248169,1.6649764865474728,1.6359844501418646,1.646338701248169,31572972
2007-03-08,1.7488465309143066,1.7550594593213371,1.6484093169873104,1.651516281095663,84203451
2007-03-09,1.7043228149414062,1.8140789235466344,1.6639411680041962,1.8140789235466344,81109755
2007-03-12,1.7281382083892822,1.7529889231959583,1.6732600973456317,1.695003847920402,56836125
2007-03-13,1.7757681608200073,1.8099377711764602,1.7032876168810724,1.7281383334866551,68758857
2007-03-14,1.7488465309143066,1.7736972447327541,1.7084649957927946,1.7654137104899263,42047289
2007-03-15,1.7374571561813354,1.7498820140710982,1.7188193694418183,1.7488466555344397,31124907
2007-03-16,1.7592006921768188,1.7788738350456967,1.6981106578402083,1.7291734097584763,54769374
2007-03-19,1.8948429822921753,1.9352246265900055,1.708464914830348,1.7188191655082594,129161781
2007-03-20,1.8637803792953491,1.9124455613349625,1.8482485576766479,1.9000197041161186,60970995
2007-03-21,1.8907009363174438,1.915551763681124,1.8544616090967452,1.863780502723163,31038831
2007-03-22,1.872063159942627,1.9000198409843287,1.8637805135530539,1.8803466950520038,29395566
2007-03-23,1.8689568042755127,1.8948429864772582,1.8130434505674453,1.8730991266595942,43901334
2007-03-26,1.8793113231658936,1.8948432568833635,1.86378050034817,1.8720631466790605,33236541
2007-03-27,1.926941156387329,1.9673236953948607,1.8844890111447619,1.8907009403691704,40596318
2007-03-28,1.8658510446548462,1.9259056128551297,1.8120081829024461,1.9238351180991449,49337397
2007-03-29,1.7602362632751465,1.883453593775904,1.7084651149125125,1.871027736095472,63443034
2007-03-30,1.773697018623352,1.8171856233992896,1.7188190278477815,1.7602359161523842,37111410
2007-04-02,1.8026891946792603,1.820291731871819,1.7757678763187978,1.7757678763187978,24345756
2007-04-03,1.9051975011825562,1.9145163947585595,1.791299950061396,1.800618843637399,81292914
2007-04-04,1.9051975011825562,1.9497212519434264,1.9031267840634098,1.907267996121754,64585368
2007-04-05,1.9321190118789673,1.9404025477036697,1.8637806745000598,1.905197687083662,38051721
2007-04-06,2.0760436058044434,2.124709678224144,1.9114102680502245,1.9321187717685149,101112426
2007-04-09,2.174409866333008,2.224110400470673,2.10399994313,2.10399994313,82258470
2007-04-10,2.2241106033325195,2.233429495992043,2.101929418121033,2.2158270691307447,86945220
2007-04-11,2.4467289447784424,2.4467289447784424,2.1930478982879285,2.261386223783162,116195148
2007-04-12,2.5668394565582275,2.6797017631609927,2.485040129354397,2.5419888508591257,176673276
2007-04-13,2.484004497528076,2.587547676741491,2.4519063852532312,2.5730522137630287,94268124
2007-04-16,2.4912521839141846,2.535776144373884,2.432232763323985,2.464330869292429,73996713
2007-04-17,2.456048011779785,2.5357768414735142,2.3338668152141766,2.4912528687739184,99236097
2007-04-18,2.5678749084472656,2.588583414012352,2.38460287897455,2.398064096349739,123261552
2007-04-19,2.4042763710021973,2.54509533233989,2.31212280888061,2.5243859427375726,91408356
2007-04-20,2.5036771297454834,2.536811482438913,2.407382146067429,2.407382146067429,88405317
2007-04-23,2.5036771297454834,2.5036771297454834,2.5036771297454834,2.5036771297454834,0
2007-04-24,2.523350954055786,2.6714181123583707,2.5078201315680686,2.649674249899743,104714271
2007-04-25,2.439481258392334,2.4922885507359935,2.365965237022532,2.4922885507359935,97611039
2007-04-26,2.468472719192505,2.5161034290427287,2.4073825717480357,2.438445324692354,48112047
2007-04-27,2.427055835723877,2.4674374832096477,2.407382691228768,2.4674374832096477,60205527
2007-04-30,2.572017192840576,2.6186116629286382,2.43016217663928,2.4332689190050685,98991189
2007-05-03,2.572017192840576,2.6186116629286382,2.43016217663928,2.4332689190050685,0
2007-05-04,2.572017192840576,2.6186116629286382,2.43016217663928,2.4332689190050685,0
2007-05-08,2.644495964050293,2.692125778788633,2.598936865922384,2.6548502136421335,94678830
2007-05-09,2.545095443725586,2.6372490098802595,2.459153583823902,2.635177404289628,82615806
2007-05-10,2.7635715007781982,2.7956705017406125,2.4746856022548513,2.532669675909921,148758660
2007-05-11,2.6879849433898926,2.7335440478846236,2.6403551219953494,2.7004099113285376,77911272
2007-05-14,2.6289658546447754,2.690056010378248,2.588583314964195,2.6403554656157784,60592671
2007-05-15,2.4632959365844727,2.6289655081934784,2.443622792988988,2.6279301497452714,96585084
2007-05-16,2.4985015392303467,2.534741758721698,2.4125596601418158,2.4280915954009132,59232267
2007-05-17,2.5254223346710205,2.597901869736884,2.4902172590478484,2.5316342631882987,66394314
2007-05-18,2.589618682861328,2.5968668595197992,2.4695093103117123,2.5212803502496994,65821518
2007-05-21,2.705587387084961,2.7863515677219985,2.4860751751938097,2.531634279974248,119094813
2007-05-22,2.786351442337036,2.847441587754197,2.692126050747445,2.7097286989735934,113562594
2007-05-23,2.8391575813293457,2.899213251759178,2.7894572715235326,2.7904924076621205,93388680
2007-05-24,2.7211194038391113,2.842265012023491,2.6310363277523985,2.842265012023491,103549095
2007-05-25,2.7118005752563477,2.7428631080911683,2.6600284281786624,2.7231899632611727,68758011
2007-05-28,2.860902786254883,2.8867878592643708,2.7314736441485925,2.754252641704902,108778428
2007-05-29,3.010005474090576,3.059706017000435,2.8847175362801725,2.8847175362801725,125351361
2007-05-30,2.743898630142212,3.010005557903367,2.7128360954560473,2.7749613870083283,164281617
2007-05-31,3.0182878971099854,3.0182878971099854,2.6413905304396854,2.7501113903948156,169687737
2007-06-01,3.1135482788085938,3.3206348486803146,2.8992135334635165,3.0804141432388232,201892887
2007-06-04,2.80188250541687,3.0855918413584154,2.80188250541687,3.0855918413584154,87269652
2007-06-05,2.706446886062622,2.7437914706240902,2.5217991817772445,2.5944129097869366,125419437
2007-06-06,2.893169641494751,2.961635377003752,2.5726286425527074,2.707484895168803,120653982
2007-06-07,2.8817591667175293,3.0290629456352103,2.788397488160661,2.8423400337040112,392880249
2007-06-08,3.1659932136535645,3.170142314498478,2.6037486471958156,2.6971100939437838,444333240
2007-06-11,3.2054121494293213,3.381761834993318,3.070556140906586,3.1732539487260127,289746099
2007-06-12,3.5197298526763916,3.525953281301962,3.146283623535523,3.2157857365394498,286916661
2007-06-13,3.645249128341675,3.7832167580883613,3.4336293884530416,3.5166174213584065,213426657
2007-06-14,3.6867427825927734,3.8589436117578884,3.522841936388146,3.5923438318929297,145520298
2007-06-15,3.6473231315612793,3.786328015734263,3.5975305863999454,3.651473122450606,127225377
2007-06-18,3.597531318664551,3.7240875914770095,3.515580334072244,3.7240875914770095,252282627
2007-06-19,3.51557993888855,3.5892320446899695,3.4025089260092054,3.547738364569522,144348066
2007-06-20,3.4699366092681885,3.589232167963605,3.4118451879948886,3.4751238759395284,93803895
2007-06-21,3.3703513145446777,3.5259532792544888,3.2365325742635633,3.470973686895461,108486675
2007-06-22,3.1390221118927,3.3599770946962946,3.0342499681432256,3.3599770946962946,145980189
2007-06-25,3.0902669429779053,3.2676539236855966,2.9595609106815863,3.16391793865947,156523995
2007-06-26,3.307072639465332,3.3091471897359095,3.0197262808233827,3.0394358439412565,136227843
2007-06-27,3.309147596359253,3.371388786540542,3.2157859223829486,3.3485667274387674,126662094
2007-06-28,3.0902669429779053,3.421181347372293,3.086117174141797,3.3091476054040196,102009150
2007-06-29,2.885909080505371,3.0902672411580867,2.883833639408911,2.9969057805094024,109882485
2007-07-02,2.8402650356292725,2.9439998961629694,2.738604502804801,2.8651607521909566,79600086
2007-07-03,3.1244993209838867,3.1244993209838867,2.8506390373402377,2.8817593015266456,115589403
2007-07-04,3.0913045406341553,3.2448319803321546,3.018689922280195,3.1327982266799346,125467623
2007-07-05,2.932589292526245,3.0695189654275814,2.883833129722568,2.9979425260211263,71314308
2007-07-06,3.1151626110076904,3.13798466816528,2.8838331075947536,2.905618112169199,99254583
2007-07-09,3.1753294467926025,3.284250692517269,3.086117098404104,3.1587317074030548,89611623
2007-07-10,3.034250259399414,3.1742926681005112,3.0238759479640205,3.1639181340738456,67242573
2007-07-11,3.083005666732788,3.1276118466282994,2.9896442054509484,3.0186899192082044,36988398
2007-07-12,3.0269885063171387,3.112051088872637,3.0083162158104737,3.0809308272861227,35392932
2007-07-13,2.9886064529418945,3.0290626345225604,2.904580928611782,3.0290626345225604,50039154
2007-07-16,2.9087302684783936,3.021801288629445,2.893169580954378,3.0062417140617517,42440580
2007-07-17,2.9377763271331787,2.997943198206697,2.8527137331452255,2.8610126042384247,54009000
2007-07-18,2.824704647064209,2.940888602339435,2.7800984720484916,2.9357013356782597,90407970
2007-07-19,2.8516762256622314,2.9253281163184814,2.8205559624256904,2.842340079913887,43148637
2007-07-20,2.9284396171569824,2.956448051292158,2.847526808171192,2.873459801510714,59252157
2007-07-23,3.1182754039764404,3.1535447666160814,2.929477058255476,2.929477058255476,90241812
2007-07-24,3.079893112182617,3.2344587255888824,3.0767815084921857,3.139022708543847,83793798
2007-07-25,3.1774039268493652,3.1971134915224533,3.0466979006577057,3.0518840541521413,71237736
2007-07-26,3.2832138538360596,3.346492548905338,3.1898523920730657,3.1929651085723476,96596082
2007-07-27,3.51557993888855,3.5674479294041097,3.1950389672682173,3.2572794874488884,120669966
2007-07-30,3.5259532928466797,3.6421370195907947,3.503132125354074,3.504169400560273,111526623
2007-07-31,3.6224281787872314,3.6825939331203448,3.4336295967125814,3.4854975934308126,124075296
2007-08-01,3.424293041229248,3.682593492663945,3.341304790624948,3.6680703039578173,135073404
2007-08-02,3.592343807220459,3.6587343216153934,3.476160963507474,3.5166173701979275,99807183
2007-08-03,3.6680705547332764,3.7510585884199803,3.6203525522238356,3.630725750371684,111153942
2007-08-06,4.0301055908203125,4.033218306665026,3.682593259436414,3.682593259436414,130035564
2007-08-07,4.266623497009277,4.433635980649487,3.9087367416063077,4.045667345637993,189637272
2007-08-08,4.059152126312256,4.211643189021479,4.045667100561605,4.139028566848549,91398240
2007-08-09,4.176372528076172,4.273883081477071,3.9958741654615775,4.024919653835984,93508389
2007-08-10,4.212680339813232,4.268697663110655,4.045666980866311,4.139028444391058,73028079
2007-08-13,3.8589439392089844,4.2686975363334385,3.817449363075801,4.21268021469969,119344770
2007-08-14,3.9201467037200928,3.993799041318414,3.838197053644619,3.8589438962979474,60386616
2007-08-15,3.93985652923584,4.043591616223365,3.8018891351037465,4.030105703220824,56583081
2007-08-16,3.951267957687378,3.9834252734305933,3.8340469425373636,3.8900638166223245,46786257
2007-08-17,3.922222137451172,3.973052191225305,3.851682071233346,3.9014744044715837,41525505
2007-08-20,4.15043830871582,4.201268796916874,3.9315576740862386,4.035292755573595,55490751
2007-08-21,4.2189040184021,4.353760060129964,4.107908427245794,4.147327563695768,48465621
2007-08-22,4.25209903717041,4.344423660951526,4.1089452530562305,4.139028017212852,54151263
2007-08-23,4.200232028961182,4.313303959823038,4.145253312296562,4.253137085033043,47682594
2007-08-24,4.300854682922363,4.346497913530674,4.126580408277213,4.21164277235713,74192814
2007-08-27,4.454382419586182,4.614134373462562,4.339235969938907,4.339235969938907,73413513
2007-08-28,4.551893711090088,4.714758407589941,4.356871697726019,4.408739472327077,70993314
2007-08-29,4.299817085266113,4.668076954416238,4.26350978049332,4.486539985369759,71509185
2007-08-30,4.25106143951416,4.438822053527344,4.13384043691835,4.356871079231468,56557899
2007-08-31,4.305004596710205,4.3309373697484865,4.149401725925023,4.266622739258642,43436943
2007-09-03,4.241724967956543,4.3413109435021395,4.182596281894635,4.3153768406513695,65626173
2007-09-04,4.081974029541016,4.232389636948274,4.04566672185322,4.232389636948274,75354822
2007-09-05,4.158737659454346,4.240688641465759,4.073675296696764,4.076786677442932,48654711
2007-09-06,4.1317667961120605,4.19919414429044,4.100646310344137,4.150439087572814,32756688
2007-09-07,3.9616405963897705,4.128654364908085,3.9398564821368245,4.097532993337148,55487628
2007-09-10,4.120356559753418,4.128655654121473,3.827823945071022,3.9294836218448177,54399375
2007-09-11,3.825747489929199,4.135915931839865,3.7935901772090967,4.0767863469795955,38528631
2007-09-12,4.0539655685424805,4.107907889130944,3.807075357047864,3.8381967313711454,62535474
2007-09-13,4.071599960327148,4.188820060972521,4.035292660403735,4.036329490330677,48819960
2007-09-14,4.106869220733643,4.1836338137373,4.019731876317936,4.099608294745209,55179612
2007-09-17,4.279070854187012,4.330937740248249,4.0352937740855,4.096496583890291,85479264
2007-09-18,4.7074971199035645,4.7074971199035645,4.219942476763971,4.321602151149749,203395167
2007-09-19,4.794633865356445,5.018701831425056,4.7074969413055845,4.772850190821969,145984896
2007-09-20,4.861023902893066,4.968908995954462,4.678450534057196,4.821604769158032,84542499
2007-09-21,5.347540855407715,5.347540855407715,4.75728849202101,4.885920418913834,110497824
2007-09-24,5.410819053649902,5.880738540079653,5.24899255219558,5.278038482902054,125924355
2007-09-25,4.990691661834717,5.565384372552998,4.966833443630719,5.361026037032098,95961717
2007-09-26,4.9274139404296875,5.080942249424918,4.823678849185141,4.929489381257533,62932536
2007-09-27,5.4201555252075195,5.4201555252075195,4.89836822064319,4.9066673132197645,65893302
2007-09-28,5.5892438888549805,5.8402827595162,5.5622725056174795,5.570571598236337,86639139
2007-10-08,5.396297454833984,5.809162408483663,5.394222013857848,5.767667834802039,54746298
2007-10-09,5.479283809661865,5.568496599632656,5.186751280173569,5.300859565267748,47168298
2007-10-10,5.897337913513184,6.022857592865176,5.34754185390383,5.497957479815336,88269597
2007-10-11,5.977212905883789,6.358957783411659,5.777003654708463,5.819535499659563,71866539
2007-10-12,6.126590728759766,6.234474464566381,5.705426756042639,5.917045572342662,78584796
2007-10-15,6.429497241973877,6.636967429042429,6.182608369328769,6.182608369328769,71647749
2007-10-16,6.288419246673584,6.481366727658077,6.016633488708974,6.431573053860131,55044378
2007-10-17,6.119330406188965,6.439871647207497,6.042566686092486,6.171198626869818,33898086
2007-10-18,5.780116558074951,6.130740519661374,5.684679667825366,6.0684999985751364,61667172
2007-10-19,5.842358112335205,6.004185098434246,5.682606122267072,5.810200348273263,34514235
2007-10-22,5.398370265960693,5.7676664519585445,5.348577056590581,5.704389112031955,41971419
2007-10-23,5.413931369781494,5.529077827870901,5.062270124652044,5.382810885912405,47832876
2007-10-24,5.446089267730713,5.599616682726585,5.290486411956127,5.454388359750619,50187447
2007-10-25,5.348577976226807,5.445052141201886,5.188826015262706,5.291523831648915,50245830
2007-10-26,5.7604079246521,5.829909828847299,5.239657829066562,5.29048744036105,63434016
2007-10-29,5.992772579193115,6.058125370156181,5.6867550192310645,5.705427308818011,57431610
2007-10-30,5.821609973907471,6.586136994167721,5.705427138947306,6.5747265218564,53880381
2007-10-31,6.009370803833008,6.068500393409216,5.819536066953398,5.8838515878881505,48854097
2007-11-01,5.7064642906188965,6.014557275552788,5.695053373372089,6.014557275552788,30184731
2007-11-02,5.287374973297119,5.601692533470518,5.278039050569581,5.601692533470518,49080168
2007-11-05,4.9626851081848145,5.286338649329569,4.906668226191365,5.286338649329569,59268222
2007-11-06,4.98861837387085,5.166005375154759,4.906667831011118,4.927414674276885,40409640
2007-11-07,4.996917724609375,5.083017818628493,4.878659420876057,4.988618630729701,24338232
2007-11-08,4.636956691741943,5.134885387218369,4.5954630047710525,5.025963457258991,46020645
2007-11-09,4.309152603149414,4.574715074903561,4.24483709199008,4.574715074903561,45873162
2007-11-12,4.116205215454102,4.22720211600555,3.879689562115851,4.107907459359229,51997176
2007-11-13,4.01973295211792,4.320564637519572,3.98342564136405,4.159775372856765,41145849
2007-11-14,4.422223091125488,4.422223091125488,3.9937973843610886,4.128653363797258,59463720
2007-11-15,4.404589653015137,4.623471234124396,4.345461393766968,4.46060697642911,59639130
2007-11-16,4.314340591430664,4.398366125245252,4.191933199525972,4.305004668330455,26384742
2007-11-19,4.362058639526367,4.445046449442519,4.316414965667338,4.3568713727523605,19640763
2007-11-20,4.345461368560791,4.442971488130726,4.1597752724170896,4.346498198771984,46392498
2007-11-21,4.377618789672852,4.525959858859217,4.3568719457608545,4.406665172478297,36400077
2007-11-22,3.9523043632507324,4.273882346923136,3.9398561717490277,4.170147714530561,87773148
2007-11-23,3.93985652923584,3.9419310796135454,3.6317637616135485,3.8672419238263234,45697257
2007-11-26,3.772843360900879,4.045666334951353,3.7344615062212503,4.022844053934474,44543115
2007-11-27,3.783216714859009,3.921184565620453,3.661846826635,3.712676653974656,38671317
2007-11-28,3.7552082538604736,3.8900633795316235,3.7199380031548923,3.8018891996107698,22270329
2007-11-29,3.890063762664795,3.929482895487338,3.734461781991849,3.8527191804594794,35917479
2007-11-30,3.6680705547332764,3.905624182349008,3.661846902954086,3.900436915501288,51262533
2007-12-03,3.6680705547332764,3.6680705547332764,3.6680705547332764,3.6680705547332764,0
2007-12-04,3.92118501663208,4.035293768465135,3.72408777811414,3.7863289761843393,88213590
2007-12-05,4.083010673522949,4.133840273170602,3.8381963710921845,3.8755409483366643,60503760
2007-12-06,4.003134250640869,4.145252078528324,3.962677847905892,4.125541624381012,38194524
2007-12-07,4.109982967376709,4.149402103724277,4.00624785913578,4.00624785913578,29152629
2007-12-10,4.279070854187012,4.303967689595826,4.004172395937552,4.0352937740855,45399582
2007-12-11,4.301891803741455,4.325751361288179,4.188820784016156,4.305004519971825,35757702
2007-12-12,4.541520595550537,4.6794884735706495,4.242763888588388,4.283220303398207,68833044
2007-12-13,4.301891803741455,4.668077136694445,4.294630876722384,4.5332211099993,49304907
2007-12-14,4.557080268859863,4.603760769033346,4.128654449439583,4.2012690554677645,69437412
2007-12-17,4.563305377960205,4.678451876574691,4.5124757557978,4.564342653590485,49147254
2007-12-18,4.568490982055664,4.667038808768749,4.496913647451806,4.522847309491171,21581028
2007-12-19,4.563305377960205,4.667040509093596,4.5072884872810555,4.6369577350848,31948686
2007-12-20,4.545668125152588,4.626581817149921,4.513510815669796,4.563303137758035,28824615
2007-12-21,4.68778657913208,4.771812107835713,4.533220990484035,4.550856005470138,46005174
2007-12-24,4.718906879425049,4.873472476645944,4.699197312823588,4.699197312823588,38116647
2007-12-25,4.732392311096191,4.800857823768411,4.670151785833561,4.771812334349025,24376806
2007-12-26,4.897331714630127,4.9243031019668235,4.771812927996567,4.800858421029421,31736583
2007-12-27,5.02388858795166,5.080942737806343,4.884883454382611,4.885920729713734,33429006
2007-12-28,5.0601959228515625,5.106876429280986,4.939863080143179,5.071606396737832,42627141
2008-01-02,5.0757551193237305,5.134884706111425,4.989655040246723,5.134884706111425,24271686
2008-01-03,4.8309407234191895,5.066418675494663,4.668076935411159,5.066418675494663,96609573
2008-01-04,4.938824653625488,5.030110649350708,4.771811343416488,4.903554629303356,54566838
2008-01-07,4.942974090576172,5.010401428161952,4.865173110969899,4.941936815410617,46911618
2008-01-08,5.080943584442139,5.136960468299772,4.876585173952162,4.968909816726873,79204896
2008-01-09,5.192975997924805,5.238619669657148,5.0311485963946785,5.092352732176459,47092887
2008-01-10,5.478246688842773,5.580944504467591,5.134884548685885,5.192975968068281,68516163
2008-01-11,5.392148017883301,5.46683718975467,5.282188365718122,5.404595768012615,37839897
2008-01-14,5.45646333694458,5.5581238915654705,5.250030846767486,5.391110536643531,38297277
2008-01-15,5.378661632537842,5.518704028574262,5.274926986033461,5.44193942856681,47306394
2008-01-16,5.031149387359619,5.29048737934415,5.021813463608226,5.274927803213544,52199289
2008-01-17,4.809157371520996,5.122436804001028,4.740691407189948,5.000029402152668,45895347
2008-01-18,4.891105651855469,4.927413397230111,4.792558283179423,4.842350605075981,30812031
2008-01-21,4.5311455726623535,4.988616818746022,4.40355139113787,4.891105394765161,35542863
2008-01-22,4.077824115753174,4.408739437772498,4.077824115753174,4.408739437772498,52168806
2008-01-23,4.309152603149414,4.310189878299973,4.078860602791546,4.078860602791546,37156824
2008-01-24,4.306042194366455,4.4014782074862175,4.262473066753604,4.356871804488788,48866652
2008-01-25,4.418075084686279,4.462681478955413,4.232389026520949,4.313302723241363,40152645
2008-01-28,4.106869220733643,4.41392492165349,3.993798217057958,4.41392492165349,33761277
2008-01-29,4.288405895233154,4.42637373365732,4.190894460008063,4.284256349322039,24935751
2008-01-30,4.376579761505127,4.5249207712833135,4.337160640304279,4.4087379576863714,41515092
2008-01-31,4.255211353302002,4.4398601769558335,4.253136802481847,4.357909187003567,25085673
2008-02-01,4.151475429534912,4.35479650621963,3.953342064430323,4.305004180028719,27402165
2008-02-04,4.5643415451049805,4.5643415451049805,4.242763473499726,4.308116274162633,32920983
2008-02-05,4.55604362487793,4.666001933987058,4.408739396835476,4.564341382426575,31060251
2008-02-13,4.373469352722168,4.512474487305662,4.337162044772618,4.512474487305662,17173260
2008-02-14,4.356871128082275,4.512473986358428,4.273882877643994,4.455419842421172,48298230
2008-02-15,4.339235782623291,4.392140821629392,4.284256193328409,4.303966646984154,11712159
2008-02-18,4.446084022521973,4.512474542011231,4.378656672864001,4.387992596207969,25737399
2008-02-19,4.891105651855469,4.891105651855469,4.40562572765265,4.460605760681921,77542947
2008-02-20,4.807081699371338,5.1016897151616005,4.783223030575659,4.979282319194593,66995847
2008-02-21,5.148369789123535,5.269739899513499,4.771812154698305,4.772849429969583,81197514
2008-02-22,5.040484428405762,5.2023118127448225,4.966833442828954,5.122435395698563,49313214
2008-02-25,4.752102375030518,5.124510001237742,4.727205543728231,5.041523086264287,38737908
2008-02-26,4.8309407234191895,4.979281767650232,4.543594112150514,4.89629351559814,35476065
2008-02-27,4.866211414337158,5.083017551134488,4.746915841442464,4.859986871663674,53766018
2008-02-28,4.940899848937988,5.031148581351865,4.867247965392379,4.867247965392379,30870279
2008-02-29,4.972019672393799,5.036335630913055,4.927413723132328,4.978244213872824,27236556
2008-03-03,5.008327007293701,5.084053883708844,4.751064061922159,4.936749676830515,38513619
2008-03-04,5.004178047180176,5.24899233979781,4.995878955781301,5.046708553391501,63162225
2008-03-05,4.867249011993408,5.010402818580441,4.771812992541188,4.948162729915363,35160003
2008-03-06,4.965795993804932,5.031148787824661,4.866210889865945,4.937787335523248,19321119
2008-03-07,4.978244304656982,5.112062154881722,4.885920133710887,4.92637653778494,22472766
2008-03-10,4.8195295333862305,5.07264293105055,4.790484047471419,4.917040078529855,25000650
2008-03-11,4.778034687042236,4.8195292534993355,4.595461799944689,4.730316915017977,24563592
2008-03-12,4.51247501373291,4.937788224627606,4.461644509564103,4.897331810603621,27442917
2008-03-13,4.3070783615112305,4.543593560093267,4.264546520226682,4.437784375170554,35210664
2008-03-14,4.314340591430664,4.462682092352695,4.29463102472352,4.305004668330455,20106882
2008-03-17,4.088198184967041,4.3734698597604,4.045667220054505,4.316415702874768,31515111
2008-03-18,3.793590784072876,4.1494020639193945,3.7220132172826896,3.993799180459399,45343764
2008-03-19,4.07471227645874,4.07678682715406,3.8983630022450484,3.9004371077578157,33463764
2008-03-20,4.085084915161133,4.232388662665894,3.7873651496918557,3.9834243880007243,32454189
2008-03-21,4.1628851890563965,4.246910689964352,4.024918276137917,4.094420147464953,27213390
2008-03-24,4.01973295211792,4.30500506105483,3.9419319535161264,4.181559492199537,27458460
2008-03-25,3.964751958847046,4.061226107091387,3.8568682301768114,3.942967847138424,17309889
2008-03-26,4.033217906951904,4.170147563323213,3.9782378771000717,4.033217906951904,17210718
2008-03-27,3.8817641735076904,4.033218369128826,3.846495036794193,4.033218369128826,16490808
2008-03-28,3.9388184547424316,3.9419311707459213,3.5114310172366894,3.8381965265426685,34868340
2008-03-31,3.7531347274780273,3.898363535203888,3.682594429411423,3.734462433119733,15966639
2008-04-01,3.773881196975708,3.939857278691914,3.674295191799929,3.78632894679229,57432276
2008-04-02,3.396284818649292,3.8672423020973605,3.396284818649292,3.838196813238482,51697737
2008-04-03,3.5269908905029297,3.580933435390565,3.10167774466829,3.3143347627681425,44689887
2008-04-07,3.8776161670684814,3.879690272585167,3.371389068893563,3.478235775416491,47908314
2008-04-08,3.9585297107696533,4.07471257140333,3.825748217459174,3.877616440422143,41493339
2008-04-09,3.782179355621338,4.104794625292482,3.762469792607887,3.8796894503763397,32249718
2008-04-10,3.83612060546875,3.8796892752304064,3.699190945685984,3.7137132420299506,43489431
2008-04-11,3.7334227561950684,3.8890255913845895,3.703339775854509,3.836120556190963,50958783
2008-04-14,3.3610153198242188,3.651473535560589,3.3599771542107444,3.651473535560589,60866820
2008-04-15,3.4108080863952637,3.423256057937968,3.149395786990549,3.319521181018611,66718962
2008-04-16,3.2624664306640625,3.438816123872183,3.2157857080823518,3.417032231849871,24981219
2008-04-17,3.3205580711364746,3.3713887882711138,3.2354954895835215,3.2624666497501322,34339743
2008-04-18,3.1348724365234375,3.336118750764071,3.1099764947128357,3.2935869036045604,39818826
2008-04-21,3.1628808975219727,3.448152520176154,3.1120510704541218,3.448152520176154,40276674
2008-04-22,3.112051248550415,3.1535449327947873,2.906655819847103,3.112051248550415,40980906
2008-04-23,3.112051248550415,3.112051248550415,3.112051248550415,3.112051248550415,0
2008-04-24,3.4232563972473145,3.4232563972473145,3.4232563972473145,3.4232563972473145,5437980
2008-04-25,3.7655820846557617,3.7655820846557617,3.701266336618606,3.7655820846557617,85698045
2008-04-28,3.8547942638397217,3.938819362823346,3.735499573576009,3.765582342413632,92497779
2008-04-29,3.898362398147583,3.9502301641360367,3.791515485792393,3.838196430663753,48795399
2008-04-30,4.245874404907227,4.284256256914118,3.9408936939891976,3.948154620107695,72181377
2008-05-05,4.561229228973389,4.585088786025558,4.284256699487562,4.315377628590817,70923483
2008-05-06,4.4315595626831055,4.562265568337175,4.382804518860991,4.5103986993526055,64774638
2008-05-07,4.224090099334717,4.553967179849192,4.185708249069416,4.3828047663244165,59433660
2008-05-08,4.646292209625244,4.646292209625244,4.097533506176958,4.132803537685561,122863338
2008-05-09,5.108950614929199,5.111025165454381,4.657702487013615,4.80293215333919,161019990
2008-05-12,4.970983028411865,5.171191410508879,4.877621572108916,4.955422563103437,128138049
2008-05-13,4.671189308166504,5.030111959925884,4.668077482070954,4.844426314081254,133955208
2008-05-14,4.920153617858887,5.031149204167841,4.668077453193727,4.671189279270028,149381676
2008-05-15,4.858819007873535,5.185235173420248,4.8130789072805475,4.989801171518607,95955120
2008-05-16,4.592696189880371,4.802684541712436,4.4284492841232534,4.719520952860135,110271780
2008-05-19,4.731995582580566,4.875453170203496,4.470031182327555,4.51161342799222,78842331
2008-05-20,4.388947486877441,4.756945103259188,4.345286306607306,4.736154426182624,79476084
2008-05-21,4.549036026000977,4.5947756842843885,4.06045142663526,4.262121798992538,81930208
2008-05-22,4.386867046356201,4.565669164012823,4.3660763721914835,4.3660763721914835,58684360
2008-05-23,4.228857040405273,4.486663074164125,4.189353736650212,4.324494669064208,47048841
2008-05-26,4.291229248046875,4.343206600683455,4.11658678862671,4.154010268385974,50443803
2008-05-27,4.549036026000977,4.677939267138115,4.282912471644443,4.299545277439799,78529297
2008-05-28,4.594775676727295,4.673780500348425,4.459634743281495,4.549036018519112,61900537
2008-05-29,4.272517204284668,4.490821712932951,4.15816783963881,4.4492394768827666,110214045
2008-05-30,4.089559555053711,4.301625552962427,3.9814469528376684,4.224699638638976,86505376
2008-06-02,4.1207451820373535,4.230936701890504,4.00639534852761,4.052135460380757,39516912
2008-06-03,4.000157833099365,4.156089454358466,3.979367158455597,4.112428279197289,39612532
2008-06-04,4.03342342376709,4.0687670797148225,3.950259833442939,4.0043165686644215,26446216
2008-06-05,4.087479114532471,4.106190856782423,3.9814463545725376,4.027186020253599,28712412
2008-06-06,4.095795631408691,4.1914341660906675,4.072926022246318,4.106190746074093,32231659
2008-06-10,3.69869065284729,3.9835250857641102,3.6862166047714533,3.93778497628593,50335087
2008-06-11,3.7818543910980225,3.8005661331196756,3.538601521754973,3.5968156815590757,36281790
2008-06-12,3.727797746658325,3.856701225669814,3.6383966840617554,3.783933193841496,35234766
2008-06-13,3.4325673580169678,3.7839330054122904,3.4096977504475907,3.6945319472676412,51047455
2008-06-16,3.239212989807129,3.5219682388264806,3.2225799607046475,3.38059050278604,39040290
2008-06-17,2.9585366249084473,3.2995060459080294,2.952299154980683,3.284953064717628,43094358
2008-06-18,3.2537660598754883,3.2537660598754883,2.754786103055112,2.910717715977822,89915319
2008-06-19,2.929429769515991,3.2433710702311376,2.929429769515991,3.2433710702311376,61964226
2008-06-20,3.1144673824310303,3.201789508639683,2.8275544697609223,2.9834851968950047,66155715
2008-06-23,3.151890754699707,3.218422427269212,2.9938813225048126,3.052095476460826,42782179
2008-06-24,3.309901714324951,3.3681167677755908,3.1144676622046634,3.149812436420564,44111664
2008-06-25,3.517810583114624,3.609289683463,3.284953069052989,3.3223765502997065,62104423
2008-06-26,3.6945321559906006,3.804723894366272,3.4533591193667266,3.492861536046229,71779113
2008-06-27,3.415935516357422,3.6529509158308455,3.3660368683362303,3.5344427699710126,68100201
2008-06-30,3.4512789249420166,3.5261258829473228,3.287031805532922,3.3681162331002006,37749163
2008-07-01,3.5136516094207764,3.6342386723882543,3.353562357093377,3.4471210545044926,49252693
2008-07-02,3.5677082538604736,3.657108418590634,3.4533588791387126,3.519889436598367,46885009
2008-07-03,3.7506673336029053,3.821356881681055,3.472071023955961,3.5136521532081555,89169367
2008-07-04,3.61344838142395,3.7839332113043174,3.5760248985034955,3.7340354571385976,52147777
2008-07-07,3.752747058868408,3.8213567790794127,3.5718662182183576,3.5718662182183576,47960428
2008-07-08,3.7880914211273193,3.9107578877317315,3.7007699530851315,3.77977568566845,57994551
2008-07-09,3.9024415016174316,3.9398649859598103,3.7049285188805015,3.7797754875652596,81655272
2008-07-10,3.879570722579956,4.075004757601739,3.821356566468729,3.8629379153525663,75909150
2008-07-11,3.9377846717834473,4.023028083171706,3.867096471619797,3.875412651734979,52226226
2008-07-14,4.1976704597473145,4.203907706241762,3.871253816332822,3.9377845943146097,87476904
2008-07-15,3.935706615447998,4.359840372188526,3.908678243334393,4.212225353975472,131796922
2008-07-16,3.657109022140503,3.8941251062765883,3.5552345701940307,3.867097181349501,85819162
2008-07-17,3.717402696609497,3.821356972099859,3.598894769015708,3.7132441597689088,59643130
2008-07-18,3.933627128601074,3.9502599363237088,3.675820393392658,3.8213566802502767,70705197
2008-07-21,4.047977447509766,4.075005822080048,3.8837304965537878,3.9502608505963095,61034580
2008-07-22,4.016790390014648,4.197670541893333,4.012631630772886,4.0583717367093115,55826392
2008-07-23,3.9128360748291016,4.106190271040452,3.8878866425983736,4.07292555106098,53977050
2008-07-24,3.983525276184082,3.987683589823538,3.8504637009527327,3.9086778612894957,47807613
2008-07-25,3.8774919509887695,3.9461012241261613,3.869175323966029,3.9190733016100308,30352284
2008-07-28,3.9128360748291016,3.9918409000880026,3.8837292217855324,3.9273890552278243,26554104
2008-07-29,3.7589833736419678,3.894124308977544,3.7444303933414234,3.8712538103690584,37575405
2008-07-30,3.7090861797332764,3.83591073104251,3.669583761460447,3.7860123055755466,25830477
2008-07-31,3.6820573806762695,3.783932701197003,3.625922163863107,3.7381925974894323,31188334
2008-08-01,3.7485883235931396,3.763142196385734,3.559391769335478,3.6446340650481885,29376598
2008-08-04,3.5801825523376465,3.7277975415390516,3.555234011335029,3.682057657454759,22271665
2008-08-05,3.287031888961792,3.6113691613399204,3.2787152626680762,3.576024614899307,48887986
2008-08-06,3.3078224658966064,3.363957911033811,3.1830777510122386,3.2870320146748613,25408129
2008-08-07,3.220501184463501,3.347324599205975,3.1664446774663673,3.3119809466338266,20523919
2008-08-08,3.002197027206421,3.243370954138166,2.983485285857607,3.243370954138166,32549260
2008-08-11,2.7339954376220703,3.0021968222504336,2.719441564595608,2.9730897453821195,33040786
2008-08-12,2.7506284713745117,2.796367462614479,2.657069547815149,2.6986508950654664,28701648
2008-08-13,2.9710114002227783,3.0250679206810798,2.6633068718084147,2.7339959790479327,60304360
2008-08-14,2.9086382389068604,3.0105135775109586,2.8795311586353773,2.9086382389068604,33015091
2008-08-15,2.91279673576355,2.993881391023949,2.817159099334926,2.906559265845291,29657178
2008-08-18,2.694493293762207,2.931508449049975,2.686176667281931,2.8899262088947597,37280524
2008-08-19,2.7527077198028564,2.81715935076164,2.615487830585366,2.6362782835273624,29048868
2008-08-20,3.0250675678253174,3.0271462784554317,2.6404369521721884,2.7007300443385778,68144733
2008-08-21,2.919034719467163,3.114467893878763,2.908638488317117,2.964773942969625,60385171
2008-08-22,2.8150792121887207,2.9522990861704446,2.7651814614834773,2.9107177387801775,33172236
2008-08-25,2.777655601501465,2.8462659813953493,2.7236002093295295,2.7859720044261316,18590481
2008-08-26,2.603013277053833,2.763102535647682,2.5988545177309157,2.7443907954330165,34660827
2008-08-27,2.507376194000244,2.650832677474537,2.428370456439439,2.6196466599848462,43998372
2008-08-28,2.453319549560547,2.5364831509642025,2.4387656739471733,2.494900904139222,26138947
2008-08-29,2.5219287872314453,2.571826541318486,2.453319291713682,2.4886640639631907,30494911
2008-09-01,2.3930251598358154,2.5136122279028217,2.390946449352433,2.494900487629294,23172939
2008-09-02,2.3535237312316895,2.417975605465961,2.301547247983063,2.3493660854624605,20174103
2008-09-03,2.22877836227417,2.361839720414758,2.1955127439120576,2.3452066881721296,30207582
2008-09-04,2.295309066772461,2.3535232331950215,2.183038601878341,2.185117535853842,32054148
2008-09-05,2.143535852432251,2.2350147329928873,2.141456026527857,2.1996710763112692,28778062
2008-09-08,1.9418641328811646,2.1809590996302117,1.92938986309371,2.162247360356739,38632923
2008-09-09,1.867017388343811,1.9605762124824009,1.8337525516055393,1.9439431806939584,51590137
2008-09-10,1.8420677185058594,1.9065193383552803,1.7672206509157145,1.860779457520705,41944365
2008-09-11,1.7048487663269043,1.8503841442555868,1.6882158489801256,1.8358310525857724,35374261
2008-09-12,1.7360349893569946,1.8004866179510335,1.6632667337681708,1.7048489764958776,43226118
2008-09-16,1.7360349893569946,1.7360349893569946,1.7360349893569946,1.7360349893569946,0
2008-09-17,1.713165283203125,1.74850904990191,1.6653464651893726,1.6736619764044613,38717698
2008-09-18,1.8836501836776733,1.8836501836776733,1.6757418728727396,1.7006903035929917,86911762
2008-09-19,2.072845935821533,2.072845935821533,2.0520552668451515,2.072845935821533,35689635
2008-09-22,2.280755043029785,2.280755043029785,2.137298570229248,2.280755043029785,181997892
2008-09-23,2.153930902481079,2.232935724426849,2.124823827596608,2.1830379773655504,100993945
2008-09-24,2.2786760330200195,2.282834792809314,2.022948888074826,2.1040326586416387,101478240
2008-09-25,2.3036246299743652,2.393024549193285,2.2454104904637155,2.2724377349586837,114541204
2008-09-26,2.25996470451355,2.3285742158291662,2.2059084014480033,2.3264952816769866,65694244
2008-10-06,2.033344268798828,2.1788796736305187,2.033344268798828,2.170564161431451,72084523
2008-10-07,1.9917619228363037,2.0250277619977997,1.8753336048558584,1.8919666359673848,44388360
2008-10-08,2.0250279903411865,2.0686891721610072,1.9169151719486315,1.9335479818741266,50403204
2008-10-09,1.935626745223999,2.079084327830129,1.9335478114627234,2.0645302300702637,37961977
2008-10-10,1.7630630731582642,1.8670172264403087,1.746430154342974,1.8295936331116922,46843186
2008-10-13,1.867017388343811,1.871176036648662,1.6861373221661677,1.7360350791620986,42952549
2008-10-14,1.7942492961883545,1.9855256105945267,1.7880127172847078,1.9439433618409154,56722599
2008-10-15,1.7921700477600098,1.8295935273954773,1.7360348283068086,1.7568253900880568,28012869
2008-10-16,1.6840580701828003,1.7589051376581015,1.679899422663691,1.6923735807288285,32345410
2008-10-17,1.7256394624710083,1.750588783065072,1.6944534530303272,1.7235605290118807,18817078
2008-10-20,1.8587009906768799,1.8670175071000936,1.6986115906325991,1.7256398507675812,34324393
2008-10-21,1.8587009906768799,1.9647348742283068,1.829593908145767,1.862859750777042,57724803
2008-10-22,1.7526679039001465,1.839989146736907,1.7464303217436281,1.8191984702307313,38224939
2008-10-23,1.7880125045776367,1.7921702605290473,1.7048490207409202,1.7256396965212342,27654759
2008-10-24,1.7526679039001465,1.8191984702307313,1.7214820006716667,1.804644483634802,25760623
2008-10-27,1.5780243873596191,1.72563960518032,1.5780243873596191,1.715244267840405,47787507
2008-10-28,1.6591088771820068,1.6695042141711645,1.5281265827293786,1.5281265827293786,38969424
2008-10-29,1.4927821159362793,1.6923739278640255,1.4927821159362793,1.681978701068535,115838433
2008-10-30,1.4013020992279053,1.4761491753852318,1.3617996832715917,1.455358500585556,86108175
2008-10-31,1.2890315055847168,1.3992232389363584,1.2869526835291767,1.3992232389363584,66144996
2008-11-03,1.253688097000122,1.3202186691556534,1.2412129315948481,1.2890317594196126,33883672
2008-11-04,1.1975525617599487,1.262003408940065,1.1850775098721917,1.2474503156339045,32264181
2008-11-05,1.2661620378494263,1.2807151309356484,1.2245797962007898,1.2266596220801773,54373518
2008-11-06,1.2162643671035767,1.243291733004086,1.1975526247682573,1.2183433008775697,27700812
2008-11-07,1.2453714609146118,1.264083314982366,1.1767610690943524,1.1975526376739853,35227494
2008-11-10,1.370116114616394,1.370116114616394,1.2786361250193883,1.2786361250193883,72771997
2008-11-11,1.3597209453582764,1.4449632526631846,1.334771621012147,1.3742740394145962,84623967
2008-11-12,1.3888278007507324,1.392985556090011,1.316059665517569,1.3264548903464934,57822921
2008-11-13,1.4803078174591064,1.51357265163768,1.3451668703715143,1.3514043404602998,111163131
2008-11-14,1.592578649520874,1.602973988667849,1.4553587451866465,1.496940994020895,122960376
2008-11-17,1.6653465032577515,1.6695042589603386,1.5613914576157304,1.594657295282724,122136651
2008-11-18,1.4990196228027344,1.659109007208321,1.4990196228027344,1.659109007208321,125011557
2008-11-19,1.594657301902771,1.6175267986197022,1.469912473452989,1.469912473452989,81708115
2008-11-20,1.5842618942260742,1.6840581763703568,1.4844655005510226,1.5489172358962886,96556099
2008-11-21,1.5260478258132935,1.6112901281092384,1.4636749089708303,1.5073360845974846,71177688
2008-11-24,1.4491207599639893,1.5593124842336514,1.4491207599639893,1.5385218117148343,48147349
2008-11-25,1.4678326845169067,1.5135726828787002,1.41793504186142,1.4865445375156148,40993591
2008-11-26,1.4428842067718506,1.482386619051336,1.4241724673568747,1.459517012737293,27621040
2008-11-27,1.4719914197921753,1.5738666408741686,1.4595171487479248,1.5738666408741686,68065375
2008-11-28,1.4262512922286987,1.4657537045899738,1.4158559557749204,1.442884209759344,41751900
2008-12-01,1.5406008958816528,1.550996121627499,1.4283303387418171,1.4387255644876633,79463335
2008-12-02,1.5676288604736328,1.6112899189005938,1.4782288140168724,1.4823865692454812,107829247
2008-12-03,1.6528712511062622,1.6840580398417488,1.571787496416915,1.578024184979453,131177529
2008-12-04,1.6507927179336548,1.7630632885755728,1.6424763132752684,1.6778209773080164,149596236
2008-12-05,1.6715831756591797,1.6840582271330578,1.6133690198734651,1.6403971641706827,81363933
2008-12-08,1.837910532951355,1.837910532951355,1.6840585947998623,1.6840585947998623,152176266
2008-12-09,1.846226692199707,1.9709715294729484,1.8316727058930378,1.871176016552857,221419660
2008-12-10,1.8794913291931152,1.8898875583829564,1.7942489193764604,1.8088030156699262,101686297
2008-12-11,1.777617335319519,1.9293903313029503,1.7713797527890498,1.8815715047980668,106649356
2008-12-12,1.6528712511062622,1.7776168446175704,1.6258429982842,1.765141794531096,103624002
2008-12-15,1.6653465032577515,1.7069278523299192,1.6133690362021276,1.704848918713239,61295805
2008-12-16,1.7110857963562012,1.7256397831748431,1.582183198534557,1.6424762951620426,57685869
2008-12-17,1.7339560985565186,1.7963289065368857,1.6819786284536358,1.7173231787478913,86243548
2008-12-18,1.7713794708251953,1.7755372265092062,1.6840582366529988,1.7256395855393865,65725974
2008-12-19,1.7672208547592163,1.7963288255876355,1.7485091135860287,1.7485091135860287,74981655
2008-12-22,1.8150407075881958,1.8420679607155868,1.7776171131069909,1.7984077882606375,119887402
2008-12-23,1.6653465032577515,1.8254358794117957,1.6632666773948837,1.819198297846341,81607819
2008-12-24,1.5988152027130127,1.657030256858705,1.580103348487079,1.6341597542893407,57716374
2008-12-25,1.5759453773498535,1.63000177577604,1.5489172339021446,1.590499473492701,40330363
2008-12-26,1.5780243873596191,1.5904995505767814,1.5509961310712082,1.575945453728565,24423376
2008-12-29,1.5593125820159912,1.588419659204515,1.4969406720790457,1.5801031443077933,35149567
2008-12-30,1.5198103189468384,1.5780244791088993,1.5156525629737652,1.5613915591933343,30242479
2008-12-31,1.4595173597335815,1.5406011370195336,1.4553587111304556,1.5406011370195336,32638455
2009-01-05,1.5655502080917358,1.5697079637704114,1.5031772925960059,1.5135726298042638,39856522
2009-01-06,1.669504165649414,1.6736619211196184,1.5281265383165668,1.5593125483776629,77621728
2009-01-07,1.7256394624710083,1.7609841195452989,1.6695041324362636,1.6902948053967175,119778448
2009-01-08,1.7090067863464355,1.7464302706362766,1.6549503821337324,1.673662124278653,109919236
2009-01-09,1.777617335319519,1.8191985792939334,1.7256398602224778,1.7256398602224778,125839867
2009-01-12,1.9564180374145508,1.9564180374145508,1.7755371074186137,1.7755371074186137,275696860
2009-01-13,1.966813564300537,2.045818397206065,1.9148359844019158,1.9564182267700547,329452794
2009-01-14,2.1643269062042236,2.1643269062042236,1.9522600216424522,1.9522600216424522,176360962
2009-01-15,2.334811210632324,2.3805513216244467,2.224619692853451,2.2495689051386707,295629745
2009-01-16,2.3992626667022705,2.5468778669625234,2.276596674600618,2.3140201522462367,287182611
2009-01-19,2.37223482131958,2.469952518896609,2.3368902693216906,2.384709093536895,183787663
2009-01-20,2.524007797241211,2.571826619100998,2.3077830743500867,2.355601896209874,187716982
2009-01-21,2.4782676696777344,2.592617936592136,2.428369918902498,2.4824262059333626,167437017
2009-01-22,2.530244827270508,2.5926177358603697,2.455397872310324,2.5032166858477125,156277930
2009-01-23,2.43876576423645,2.5406408897475536,2.4283704252069196,2.5323244846869786,112027968
2009-02-02,2.467872142791748,2.5177707819709885,2.3659968233039206,2.4637142760408866,112505026
2009-02-03,2.6134088039398193,2.6404369494577247,2.4242122314375916,2.472031052220143,180397827
2009-02-04,2.6321206092834473,2.648753417571993,2.578064093876452,2.609250107528966,138231882
2009-02-05,2.6196460723876953,2.7568650539113757,2.5843015256497788,2.63212034274859,157078966
2009-02-06,2.7215206623077393,2.7443909399884308,2.6030134141624632,2.6030134141624632,142510725
2009-02-09,2.9439828395843506,2.964773514386318,2.744390933891547,2.76102396446853,154808640
2009-02-10,3.239212989807129,3.239212989807129,2.8337908520011403,2.8899260705009104,177640546
2009-02-11,3.151890754699707,3.4304883694210617,2.99596025603511,3.168523784372852,247506012
2009-02-12,3.052095651626587,3.1809991295491864,2.8691356606446226,3.1394168875721435,247563702
2009-02-13,3.0978355407714844,3.147733294332621,2.954378188796606,3.035462623870024,189972450
2009-02-16,3.160207509994507,3.2017895282199533,2.995960378261754,3.077043919666708,194820403
2009-02-17,3.05625319480896,3.253766160930523,3.008434376525766,3.158128524364135,176034937
2009-02-18,2.8337910175323486,3.0853602718083595,2.8254755062722556,2.9730898282507274,158482872
2009-02-19,2.9148759841918945,2.9689322781633587,2.827554741827399,2.8649782270099973,119177455
2009-02-20,3.205946922302246,3.205946922302246,2.8649775460370197,2.9107174247421956,199661683
2009-02-23,3.401381492614746,3.434647330857197,3.1394168921498897,3.191394471635434,249843033
2009-02-24,3.3327717781066895,3.4741492949373707,3.253766058790456,3.368116324610512,236591226
2009-02-25,3.3223767280578613,3.46167554645565,3.099914539197336,3.390986224286136,166488835
2009-02-26,2.989722967147827,3.3452465240028735,2.989722967147827,3.3265347813327732,168691140
2009-02-27,2.6903345584869385,2.9273497158968254,2.6903345584869385,2.8691355606290814,193024606
2009-03-02,2.74231219291687,2.7797356748195075,2.559352204521041,2.588459282758132,116853786
2009-03-03,2.713205337524414,2.815079562067636,2.632120673952517,2.6591488207892944,106683723
2009-03-04,2.985565185546875,2.985565185546875,2.73815355926177,2.7402324929775332,139474008
2009-03-05,3.118626117706299,3.274557735877775,3.0666485398799006,3.118626117706299,269839197
2009-03-06,3.1498122215270996,3.2121849152391455,3.0021970025516755,3.0250675032876577,139413658
2009-03-09,2.9024012088775635,3.1955517919717003,2.848344924280179,3.1435751100008185,152977950
2009-03-10,3.151890754699707,3.1934729942902633,2.8088426315545214,2.8275543716964266,250832979
2009-03-11,3.1872355937957764,3.3556414817951032,3.1518908232124363,3.201789467193444,270202891
2009-03-12,3.505335807800293,3.505335807800293,3.1207053926356574,3.1373382015144795,361622295
2009-03-13,3.505335807800293,3.634239295895677,3.4159356311498557,3.530285244180094,359646201
2009-03-16,3.736114025115967,3.8463057524762982,3.372274122970293,3.4367257449340327,296395762
2009-03-17,3.8338308334350586,3.9003616200254307,3.6758204941098733,3.7402721239125594,280815831
2009-03-18,3.8941245079040527,4.0853997791281165,3.7673001921516374,3.842147153793162,283867096
2009-03-19,3.889965772628784,3.9689714941260186,3.7589835889449237,3.8650176775065983,288407560
2009-03-20,4.099954128265381,4.205986878569847,3.8691751026180703,3.889965776739307,356237820
2009-03-23,4.008473873138428,4.249648010387264,3.95025971850383,4.095795328151864,374439483
2009-03-24,3.8878870010375977,4.023028395867137,3.8463060972297543,4.012631943076643,241723111
2009-03-25,4.027185440063477,4.274596367320894,3.8151186123263603,3.846305737162785,309053286
2009-03-26,4.185196876525879,4.19143457049932,3.8754134179207167,4.054214671669913,258363598
2009-03-27,4.112428188323975,4.2849926131587495,4.068767014127589,4.178958970286222,257847340
2009-03-30,3.9876832962036133,4.066688126674147,3.960655374845072,4.056293012525604,132214770
2009-03-31,3.8816497325897217,3.9481809628088156,3.7007695676278,3.7631424844274255,199665661
2009-04-01,3.9440228939056396,4.110349641395777,3.8650180568994053,3.8650180568994053,202837153
2009-04-02,3.8878870010375977,3.9461011586147845,3.8463060972297543,3.9398648037590385,155884977
2009-04-03,3.9814469814300537,4.131140942998179,3.8483858309661185,3.908678488614621,283419013
2009-04-07,4.012632369995117,4.077084227654625,3.8858089269263534,3.9481814045819097,171936886
2009-04-08,3.927389144897461,4.075004577568904,3.92115279047428,3.950259644182413,141406042
2009-04-09,3.8837292194366455,3.989761964207036,3.742351482871023,3.9253105655088993,138926713
2009-04-10,4.037581443786621,4.095795602317983,3.869175323150501,3.9336271750091587,232489584
2009-04-13,4.189353942871094,4.2621219692440775,4.01263165684,4.0666879432419085,293316925
2009-04-14,4.141534805297852,4.2143032760750225,4.054213800285204,4.1581680574877815,176291559
2009-04-15,4.143613815307617,4.2725175070533465,4.056292808681835,4.0853996621827395,182751147
2009-04-16,4.0833210945129395,4.220540978677937,4.054214238404308,4.178959182078753,141779457
2009-04-17,3.8962035179138184,4.079163504610421,3.865017729407684,4.0750047451624045,153515583
2009-04-20,4.284992694854736,4.284992694854736,3.7839331100649116,3.833830639834066,266619906
2009-04-21,4.054214000701904,4.237173091989655,3.9294690643413737,4.137377589024313,203420209
2009-04-22,3.790170669555664,4.091637447902379,3.7797751095702328,4.064609081164873,146183202
2009-04-23,3.8712544441223145,3.9440229265222513,3.717402636391651,3.742352072538472,90742648
2009-04-24,3.7631428241729736,3.9003618259266877,3.7465100151165505,3.8795711491985143,70124242
2009-04-27,3.5032567977905273,3.756905008590803,3.4990991533151705,3.750667315039171,93979287
2009-04-28,3.534442663192749,3.603053051204859,3.440883955700774,3.4720708607160935,77000494
2009-04-29,3.657109022140503,3.7111653181178283,3.4907829356341007,3.5552345701940307,89045964
2009-04-30,3.684136390686035,3.725718628465309,3.6383962860272785,3.7007691965731335,76237321
2009-05-04,3.860858917236328,3.8858083507220926,3.6945319630492244,3.6945319630492244,93195895
2009-05-05,3.8962035179138184,3.94402255971966,3.7880909404504455,3.877491777136284,104133316
2009-05-06,3.9440228939056396,3.989762559863098,3.856701429544865,3.8962038480479824,91619392
2009-05-07,3.9897615909576416,4.145693185571626,3.9502591820476036,3.9897615909576416,150063876
2009-05-08,3.97105073928833,4.137377929625702,3.948181129821593,4.11658725389509,147602290
2009-05-11,3.813040256500244,4.008474307754556,3.7839333990885944,3.9710508229768955,127392597
2009-05-12,3.8442254066467285,3.852541585537749,3.765220591874531,3.786011262163582,73130103
2009-05-13,3.929468870162964,4.02510650127232,3.794327934286396,3.8317514133452386,132121570
2009-05-14,3.856700897216797,3.948180662628183,3.804723544856137,3.8463057836431185,86498779
2009-05-15,3.808882236480713,3.8816493685741595,3.7860117378799494,3.8525420696137225,59722614
2009-05-18,3.808882236480713,3.808882236480713,3.808882236480713,3.808882236480713,0
2009-05-19,4.027185440063477,4.050055046547658,3.8255141718974817,3.887886637078086,209200099
2009-05-20,3.8962035179138184,4.027185703356563,3.887886891263965,4.027185703356563,136096438
2009-05-21,3.854621648788452,3.950259273366101,3.8047232339948174,3.8774912536804593,93160881
2009-05-22,3.856700897216797,3.904519936474146,3.821356351146316,3.835910223946373,51737526
2009-05-25,4.047977447509766,4.12074594237289,3.742352713497815,3.763143393370702,194189566
2009-05-26,3.908677577972412,4.083320938570077,3.9045201568805514,4.031343583275346,144108774
2009-05-27,3.8858091831207275,3.964814029277848,3.846306760042167,3.8962042993332444,76512046
2009-06-01,3.9793670177459717,4.083320833412124,3.9315479770207697,3.9315479770207697,153529681
2009-06-02,4.023028373718262,4.1477728689474205,3.991841246133996,4.018869614175719,181500475
2009-06-03,4.151931285858154,4.156090045951215,3.9710510969532553,4.033424022009139,230505642
2009-06-04,4.351523399353027,4.4908222102806095,4.056292970460353,4.106190499326709,345435520
2009-06-05,4.210145950317383,4.463794156356219,4.191434208383119,4.355681126086387,232223760
2009-06-08,4.041738986968994,4.220539722259515,3.9502587940097906,4.218459896945572,182657025
2009-06-09,4.00639533996582,4.020948768548107,3.910757695053564,4.008474273728112,93267805
2009-06-10,4.014710903167725,4.1165862146111944,3.9793663618380504,4.04589668582884,77372203
2009-06-11,3.9585766792297363,4.05213538892993,3.9461012923568077,4.014711905049853,67430205
2009-06-12,3.850463390350342,4.002236695531575,3.825514402772395,3.96689259387821,100190538
2009-06-15,3.916994094848633,3.9253107212915923,3.8026447194271915,3.8483848264942315,71897701
2009-06-16,3.8858091831207275,3.946101838624322,3.8275950155118204,3.856701876254684,50429308
2009-06-17,3.9211528301239014,3.9398645703210833,3.8670965430687962,3.8878867706793403,51771924
2009-06-18,3.9502601623535156,4.010553257317153,3.9294694861029305,3.937785221255408,64803690
2009-06-19,3.879570722579956,3.975208360360492,3.8504634214627966,3.9606553789865497,75477586
2009-06-22,3.827594041824341,3.9065988678837167,3.8151186563979844,3.887886681990314,73455493
2009-06-23,3.790170669555664,3.8400681975657283,3.7631423028181588,3.786011910213797,53488350
2009-06-24,3.983525276184082,4.033423701488181,3.827594537366659,3.846306279559525,137377746
2009-06-25,3.916994094848633,4.072925710238714,3.892045553888992,4.016790489302593,89163967
2009-06-26,3.931548833847046,4.008474745584622,3.889966584721385,3.919073891435441,67816008
2009-06-29,3.948180675506592,4.0063948285275055,3.8774915831350523,3.9398644953959097,71566200
2009-06-30,4.029263973236084,4.047975710931324,3.9003607426278712,3.954417022455125,142342339
2009-07-01,3.99392032623291,4.03966043715469,3.968971783170735,4.012632068121879,86869426
2009-07-02,4.154010772705078,4.3224164520671176,4.000158075741026,4.018869817892364,249229264
2009-07-03,4.106189727783203,4.145693027432411,4.052134341906667,4.095794615695678,119299900
2009-07-06,4.176880836486816,4.237173937003185,4.033424131062841,4.126982851991521,168433677
2009-07-07,4.054214000701904,4.168563376991363,4.033423326682843,4.154010395913412,113959944
2009-07-08,4.018869400024414,4.058371813973319,3.9544175530114236,4.0126317071660855,81149715
2009-07-09,4.062531471252441,4.093717265698751,3.9627350553069136,4.004317304230461,102826975
2009-07-10,4.102034091949463,4.2392535570791665,4.050056278285913,4.095796397411279,133064451
2009-07-13,4.035502910614014,4.085400447076686,4.014712233244303,4.075005331453409,75811824
2009-07-14,4.087479114532471,4.116587310097466,4.035502647557884,4.054214389807835,72794110
2009-07-15,4.289152145385742,4.316180523053306,4.116588545807342,4.116588545807342,249140664
2009-07-16,4.156090259552002,4.461714975906663,4.137378514910501,4.349444508057659,269930632
2009-07-17,4.409737586975098,4.467951742846507,4.11658698177317,4.13529872253074,279896863
2009-07-20,4.835949897766113,4.850503773091929,4.4721110448373125,4.4721110448373125,344572569
2009-07-21,4.590618133544922,4.821397203629176,4.532403967122361,4.821397203629176,246121695
2009-07-22,4.652989387512207,4.829711649473764,4.594775242016417,4.594775242016417,188253297
2009-07-23,4.61348819732666,4.800606067071227,4.573984886579143,4.657148483381867,143256240
2009-07-24,4.736154556274414,4.80268534931928,4.420133400842094,4.636358143645536,206173003
2009-07-27,5.070886135101318,5.193552127366655,4.63635693646026,4.7403111898778185,298419754
2009-07-28,5.104151725769043,5.353642065818626,4.950299921929805,5.029304757591104,238910337
2009-07-29,4.6072492599487305,5.087517137749743,4.594774769616237,5.050093666752262,214501117
2009-07-30,4.644674301147461,4.734075142835595,4.382709469481017,4.611408238809783,151873537
2009-07-31,4.88792610168457,4.948219184191889,4.576063791739682,4.71952045431433,177401839
2009-08-03,4.952378273010254,5.151970164668876,4.879610247135358,4.892084294240954,181963975
2009-08-04,4.910796642303467,5.114547318437642,4.838029499662239,4.933667144219367,149133771
2009-08-05,4.773577690124512,4.989802416911706,4.65299060878015,4.877531962908897,142464010
2009-08-06,4.584382057189941,4.740312821813613,4.532404243402322,4.740312821813613,134082760
2009-08-07,4.45755672454834,4.673781459409492,4.428449866135422,4.580222744246947,93172153
2009-08-10,4.659226894378662,4.698729300882879,4.501216376115808,4.501216376115808,115223944
2009-08-11,4.578143119812012,4.7153629941414845,4.522007899182122,4.69249249460965,58845658
2009-08-12,4.786051273345947,4.966931431644944,4.58438088708474,4.594776001065845,288962788
2009-08-13,4.908718585968018,4.937825894350478,4.5739856548777285,4.800606873435686,220734850
2009-08-14,5.08336067199707,5.399381775636223,4.798525802779797,4.917033939706022,377601691
2009-08-17,4.576064586639404,4.937824929016195,4.576064586639404,4.844265773657702,215945955
2009-08-18,4.4991374015808105,4.584380814638843,4.178958884336193,4.376471400332948,168877539
2009-08-19,4.050055980682373,4.449240742155275,4.050055980682373,4.449240742155275,157346748
2009-08-20,4.208066463470459,4.262122759900222,3.971051046535343,3.9918417238745647,126297355
2009-08-21,4.2163825035095215,4.257964744637399,4.0957954318325696,4.137377672960447,111914694
2009-08-24,4.403500080108643,4.48666367329598,4.303704571305434,4.349443789149184,146854228
2009-08-25,4.199748992919922,4.361918295791675,4.050055075419346,4.361918295791675,126181530
2009-08-26,4.4991374015808105,4.619724469289922,4.1165868630659626,4.15816821057945,215138673
2009-08-27,4.596854209899902,4.740310864554222,4.384787404722676,4.428448571827439,196382155
2009-08-28,4.565670013427734,4.76526150401259,4.48666427698325,4.553194625137146,164891875
2009-08-31,4.205986976623535,4.503296344839176,4.17895905502352,4.4700307301219775,128598097
2009-09-01,4.309940338134766,4.467950859600007,4.160245995543431,4.164404754164887,125235643
2009-09-02,4.636357307434082,4.717441961718745,4.16856335268649,4.2205407066157115,200144488
2009-09-03,5.0999932289123535,5.0999932289123535,4.648831203410095,4.650911029141352,298420542
2009-09-04,5.380670070648193,5.609368827175812,5.24137125855842,5.280873673713606,615912520
2009-09-07,5.919151782989502,5.919151782989502,5.272556640100186,5.322454611654545,520876935
2009-09-08,5.9794464111328125,6.102112419933673,5.779853610938414,5.900440686072515,454207972
2009-09-09,6.147852897644043,6.441003529993155,5.800645525491913,5.894204684066889,396423045
2009-09-10,5.885887622833252,6.097953575970533,5.854700941524803,6.0293443046858615,255757747
2009-09-11,5.885887622833252,6.0293443046858615,5.767379483005824,5.781933356841052,244797597
2009-09-14,6.17072057723999,6.403578058522184,5.877570015407623,5.94617972136839,277708302
2009-09-15,6.253884792327881,6.395262531371258,6.033501334442625,6.164483959847287,240307744
2009-09-16,6.122902870178223,6.278834488661077,5.9607344509240665,6.216461573594082,243480474
2009-09-17,6.307941436767578,6.653069846903056,6.201907791870711,6.201907791870711,271575954
2009-09-18,6.139535903930664,6.376551294667655,6.062610004767588,6.287150901255263,240705814
2009-09-21,6.0293450355529785,6.0501357128223905,5.759063554311713,6.0293450355529785,182933253
2009-09-22,5.914994716644287,6.193591889890032,5.900440397197111,5.987762744895502,168850849
2009-09-23,5.856781482696533,6.1083498824182225,5.750747377870223,5.948260373540694,169068708
2009-09-24,6.443081855773926,6.443081855773926,5.885887908768351,6.008553921830847,405957118
2009-09-25,6.197750091552734,6.6780181224631505,6.17488048273431,6.341206776110392,359733996
2009-09-28,5.771536827087402,6.26428019059455,5.70708587504434,6.114585829151685,192885781
2009-09-29,5.463833332061768,5.817276559740775,5.305822788690357,5.7341134211031815,175545508
2009-09-30,5.607290267944336,5.821436057440124,5.526205606373307,5.571945717631131,156231117
2009-10-09,6.114587306976318,6.141615678967987,5.821436651957259,5.921232173500156,197558077
2009-10-12,5.883808135986328,6.112507802021176,5.863017460039125,6.112507802021176,147589785
2009-10-13,5.921231269836426,6.018948734760598,5.825593630793162,5.825593630793162,92448324
2009-10-14,5.98152494430542,6.120823751482885,5.896282423952275,5.906677983836241,139599783
2009-10-15,6.025187015533447,6.131219779214503,5.946181283985739,6.070925790573418,103736299
2009-10-16,5.9628143310546875,6.068847545091095,5.842227241205687,6.029345123863682,98365779
2009-10-19,6.559509754180908,6.559509754180908,5.860937299724512,5.966970483274295,322848270
2009-10-20,6.655148506164551,6.732074400454777,6.472188525225637,6.653069572629056,333387387
2009-10-21,6.586537837982178,6.879688391804357,6.549114363026155,6.586537837982178,246028653
2009-10-22,6.715441703796387,6.7528651872728584,6.549115854106145,6.599013385951661,152149410
2009-10-23,6.788209438323975,6.923350375324732,6.653069393569345,6.736232532350891,195486583
2009-10-26,6.675938606262207,6.813158477814867,6.609408273166268,6.7549443248251535,125330157
2009-10-27,6.368235111236572,6.567827925371469,6.262202348856376,6.54911618269441,186595978
2009-10-28,6.364077568054199,6.413975551070161,6.206067437211371,6.2996261553663,106348090
2009-10-29,6.07924222946167,6.274676280057512,6.050135372148088,6.191512683416381,127829317
2009-10-30,6.193592071533203,6.382788861310432,6.139535782150695,6.25804302904545,131905480
2009-11-02,6.2746758460998535,6.295466520760686,5.929547880766839,5.966971362830195,114609946
2009-11-03,6.401500225067139,6.4617928656512955,6.299624899306666,6.299624899306666,111329991
2009-11-04,6.393184661865234,6.507534053783386,6.330811739037072,6.445161130955225,109949791
2009-11-05,6.318337440490723,6.443081942855061,6.2497277188226175,6.441003455211105,84660682
2009-11-06,6.5262451171875,6.653069883486107,6.3100204050855115,6.364076694641783,177845269
2009-11-09,6.5823798179626465,6.619803297118448,6.47010938049524,6.528323532696578,120975907
2009-11-10,6.453476905822754,6.684255485258926,6.4430813457045595,6.6343579566116135,105840346
2009-11-11,6.351601600646973,6.434765189661416,6.310020252262838,6.416053449051629,83042775
2009-11-12,6.326653003692627,6.4513979399949655,6.289229522801926,6.36615541814734,72920583
2009-11-13,6.393184661865234,6.397342529563473,6.237253023979545,6.289230385315823,69577438
2009-11-16,6.611486911773682,6.678017241902206,6.409816095738948,6.443080814680162,156412399
2009-11-17,6.515850067138672,6.69049343157121,6.4825840058269435,6.663465063465063,103339503
2009-11-18,6.474267959594727,6.590696260758947,6.443080835586239,6.5595100289965576,76561681
2009-11-19,6.524166107177734,6.54911554109271,6.445160384339314,6.482583866027139,73739047
2009-11-20,6.418133735656738,6.503375818250156,6.382789185481957,6.503375818250156,81747706
2009-11-23,6.497138500213623,6.52624535663075,6.382789116007792,6.416053839842729,94058163
2009-11-24,6.361998081207275,6.715441328529019,6.322494773984417,6.505454313727455,199775983
2009-11-25,6.428528785705566,6.465952269235046,6.237252608390738,6.2601231098229055,100853784
2009-11-26,6.262201309204102,6.60940818105386,6.237251876986999,6.451397638376226,124046856
2009-11-27,5.933706760406494,6.274675973138346,5.825593733162758,6.133298222662271,106600873
2009-11-30,6.085479736328125,6.091716983578698,5.962813725025804,5.962813725025804,81651123
2009-12-01,6.095874309539795,6.110428182580483,5.987762628296866,6.091716442490805,80613193
2009-12-02,6.268439769744873,6.2996260084023055,6.129141385782723,6.129141385782723,107160682
2009-12-03,6.16656494140625,6.26636001398418,6.112508198962252,6.26636001398418,74899084
2009-12-04,6.154088497161865,6.2829921910967625,6.066767489053112,6.166563882869708,86415898
2009-12-07,6.081322193145752,6.166564725489479,6.023107138831374,6.133298661507594,87421428
2009-12-08,6.085479736328125,6.133298334500448,5.977366707112992,6.108349345498152,70538760
2009-12-09,5.9628143310546875,6.056373049322105,5.946181521321649,6.029345123863682,53535960
2009-12-10,6.154088497161865,6.228935457932004,6.012710755888355,6.08755816278157,111231837
2009-12-11,6.054294109344482,6.228936603812445,6.029345117831466,6.152010695355028,63941544
2009-12-14,6.068846225738525,6.095874145321144,5.883807317227989,6.029343813098842,53737488
2009-12-15,5.9919209480285645,6.0522135937785535,5.956575952580356,6.029344431035221,46472233
2009-12-16,5.871333122253418,5.975286931025807,5.844304757229234,5.975286931025807,68061177
2009-12-17,5.682137489318848,5.921231832717207,5.6551095650058745,5.887967106907215,63138676
2009-12-18,5.470070838928223,5.634319109581237,5.461754657149136,5.613528432071941,57966975
2009-12-21,5.528283596038818,5.538680047454258,5.443041527668488,5.447200286683881,35355789
2009-12-22,5.2455291748046875,5.549075789525201,5.2413713075640604,5.5303640485730945,47891664
2009-12-23,5.582340717315674,5.759062558867481,5.301664169015746,5.301664169015746,109339996
2009-12-24,5.742430210113525,5.781933519330291,5.4887820081033905,5.549075992653635,86088330
2009-12-25,5.630159378051758,5.752825380274475,5.617685330597039,5.742429820251949,55700203
2009-12-28,5.630159378051758,5.630159378051758,5.630159378051758,5.630159378051758,0
2009-12-29,5.692532539367676,5.775696130914644,5.630159622645899,5.723718328543914,51941178
2009-12-30,5.665503978729248,5.717481779332704,5.613527516495045,5.698770038789311,48789828
2009-12-31,5.700848579406738,5.717481832653433,5.6551089174706854,5.673820658188583,38138818
2010-01-04,5.84430456161499,5.9461798796844985,5.677977848574004,5.767378674318514,92356951
2010-01-05,5.937864303588867,6.004395089789397,5.858859468981548,5.95865497909767,91433389
2010-01-06,5.871333122253418,6.008552988544308,5.865095429759102,5.937863452798215,67164084
2010-01-07,5.705006122589111,5.983603730063888,5.657187529774543,5.860937732505473,68158840
2010-01-08,5.640555381774902,5.659267123613515,5.522048129586807,5.613527905061061,49248801
2010-01-11,5.613528251647949,5.756984947934521,5.553234262725633,5.646792977695137,38718027
2010-01-12,5.81519889831543,5.873413059017545,5.551155126076882,5.621843335529404,67405428
2010-01-13,5.626002311706543,5.729956588358676,5.5927366933489,5.61560719632753,46346683
2010-01-14,5.675899982452393,5.705006839268251,5.594816213216968,5.617685822697554,31496526
2010-01-15,5.727876663208008,5.748667336491023,5.613527290966825,5.67589931081587,44399079
2010-01-18,5.673821449279785,5.715402803701782,5.634319028741944,5.713323869817628,43171492
2010-01-19,5.705006122589111,5.759062408078476,5.675899269429738,5.675899269429738,42137455
2010-01-20,5.499178409576416,5.746589848322932,5.484625425353462,5.723719343550248,58612486
2010-01-21,5.3993821144104,5.563629031173544,5.353642003639709,5.5054153180976435,44570227
2010-01-22,5.145733833312988,5.349483164418499,4.987723273928747,5.349483164418499,91112868
2010-01-25,5.010592460632324,5.143653573949114,5.00643459360944,5.07296537332937,34895056
2010-01-26,4.85258150100708,5.072964940991646,4.781893306411659,5.023066079738898,40359528
2010-01-27,4.815159797668457,4.894165539190781,4.7611034959613505,4.833871542937471,34583890
2010-01-28,4.846344947814941,4.896242919362786,4.779813724253741,4.865056687145383,37428133
2010-01-29,4.811001300811768,4.902481081103178,4.763182699899351,4.7922895579878295,31490878
2010-02-01,4.54279899597168,4.78397315374542,4.4908225298234274,4.781894220013964,55937214
2010-02-02,4.586460113525391,4.759023656310872,4.5739847268068115,4.6363576452916915,50988307
2010-02-03,4.771498203277588,4.777735003876142,4.461713908482795,4.615566589113766,59513449
2010-02-04,4.684176921844482,4.759023892391533,4.644674502763473,4.69041416939007,41207337
2010-02-05,4.538640975952148,4.611408115338415,4.486663619304766,4.532403282721208,32504814
2010-02-08,4.644674301147461,4.692492899505833,4.4970588541454,4.532403404077205,38834401
2010-02-09,5.095834732055664,5.108310118100979,4.642595088102376,4.644674021694536,122792670
2010-02-10,5.016830921173096,5.124942618282304,4.958616758836161,5.1145475030111855,75141769
2010-02-11,5.289190292358398,5.48878174755623,5.052174909539804,5.058411264209904,120623674
2010-02-12,5.31205940246582,5.393144057711162,5.197710025488282,5.287111307289758,67018171
2010-02-22,5.210184574127197,5.399381807612194,5.1997890138839775,5.3120594584676235,48970845
2010-02-23,5.104151725769043,5.197710435991466,4.983564646289172,5.197710435991466,47918614
2010-02-24,5.274635314941406,5.291268120018422,4.996039064293379,5.089597756370908,49992142
2010-02-25,5.36403751373291,5.384828189080938,5.249688130134092,5.291269034707035,65778075
2010-02-26,5.309980869293213,5.384827830915489,5.278794635283932,5.301664242808683,43573662
2010-03-01,5.413934230804443,5.46383309327702,5.322454470014867,5.401460184370865,54447363
2010-03-02,5.376512050628662,5.478387395174979,5.353642439504511,5.416014471216593,45387355
2010-03-03,5.576103687286377,5.752825075443638,5.4908602780677755,5.4908602780677755,111918960
2010-03-04,5.316217422485352,5.544916144632919,5.293346925698363,5.544916144632919,65589214
2010-03-05,5.2455291748046875,5.397302036041849,5.237212548077244,5.314139337752171,34569994
2010-03-08,5.249688148498535,5.343246857076613,5.230976406782919,5.2808739385681145,30935569
2010-03-09,5.318297863006592,5.343247300152732,5.135337851966082,5.2309768405492765,35074782
2010-03-10,5.326613903045654,5.40353980150446,5.25384542576005,5.2642409862470085,35398435
2010-03-11,5.206026554107666,5.330771042749027,5.176919253954938,5.297506321642612,30996373
2010-03-12,5.110388278961182,5.260082181915911,5.095833961524437,5.206025901585696,26198248
2010-03-15,4.956536293029785,5.110388975764026,4.906638318574607,5.093756168904607,33443433
2010-03-16,5.145733833312988,5.280873891528824,5.093756476039413,5.093756476039413,54043794
2010-03-17,5.260082721710205,5.274635702271326,5.149891216464018,5.154048637323252,43674201
2010-03-18,5.228896141052246,5.318296974700932,5.208105467380101,5.280873494417224,31666095
2010-03-19,5.528283596038818,5.655108347209597,5.228895774742725,5.260082452250779,142465216
2010-03-22,5.534523010253906,5.650952238476992,5.438885352960918,5.519970025910794,77472099
2010-03-23,5.55739164352417,5.646791576367256,5.511651541252455,5.55323288461561,66740031
2010-03-24,5.536600589752197,5.655108723013605,5.511652049109306,5.571945136378339,54662607
2010-03-25,5.382748603820801,5.5303635854559365,5.380669670374578,5.5303635854559365,51166872
2010-03-26,5.4867024421691895,5.569866026166312,5.3453251523955885,5.349482573186243,45401107
2010-03-29,5.628081321716309,5.675900369925539,5.526205977536782,5.5511554147042,78936453
2010-03-30,5.865095615386963,5.919151901023139,5.6343179384691755,5.644713052001585,172259649
2010-03-31,5.83390998840332,5.906678015737953,5.761141514945612,5.842226168681564,74240073
2010-04-01,5.873412609100342,5.925389964507229,5.800645025327648,5.821435699816547,76166158
2010-04-02,5.910837173461914,5.9565768441642435,5.854701940549575,5.914995933693727,77602653
2010-04-06,5.9919209480285645,6.197750104565175,5.935785277395472,5.935785277395472,100678743
2010-04-07,6.006474494934082,6.1270606721107015,5.925389840047403,5.983603995067418,62922991
2010-04-08,6.116665840148926,6.206067132197251,5.987763467231546,5.998158582433536,103034578
2010-04-09,6.249727725982666,6.262202220845704,6.0501353620509315,6.127061264998623,111101170
2010-04-12,6.380710124969482,6.507533556412376,6.268439229358175,6.268439229358175,99109359
2010-04-13,6.2746758460998535,6.4763475763131,6.1291406773509305,6.3952629190527315,107449704
2010-04-14,6.237252235412598,6.37655104652455,6.191512127529679,6.274675716704211,63811017
2010-04-15,6.237252235412598,6.237252235412598,6.237252235412598,6.237252235412598,0
2010-04-16,6.503375053405762,6.653069417548991,6.070924767241558,6.216461264410715,113211747
2010-04-19,6.574063777923584,6.858898636837313,6.424369411990487,6.507532998189215,178537765
2010-04-20,7.231054306030273,7.231054306030273,6.592775745196961,6.592775745196961,168995664
2010-04-21,7.231054306030273,7.231054306030273,7.231054306030273,7.231054306030273,0
2010-04-22,7.95457649230957,7.95457649230957,7.266399046024335,7.266399046024335,155254059
2010-04-23,7.898440837860107,8.59701250754397,7.871412916014562,8.370392680074465,325812766
2010-04-26,7.996158599853516,8.208225019279437,7.70300751511219,7.964972807825786,188382046
2010-04-27,8.355838775634766,8.51800628014004,7.8028023662418455,7.894280785004268,265035883
2010-04-28,8.42444896697998,8.619882994902008,8.060608831540854,8.212381686311726,197647731
2010-04-29,7.582419395446777,8.430686741884397,7.582419395446777,8.335047768278038,228281575
2010-04-30,7.40985631942749,7.7861700601260635,7.189472856126237,7.2767943111265865,167321592
2010-05-04,7.6967692375183105,7.91507330883118,7.260161987138684,7.272636033883618,133167244
2010-05-05,7.983681678771973,8.004472795303986,7.463910457316711,7.582418126281769,145257669
2010-05-06,8.166642189025879,8.617804704433183,7.898441006248932,7.9836835331341724,189269221
2010-05-07,7.956655025482178,8.314257468461843,7.879729131248716,7.960812892550099,137553462
2010-05-10,7.956655025482178,7.956655025482178,7.956655025482178,7.956655025482178,0
2010-05-11,7.6759796142578125,8.1500113278487,7.50757348160435,7.754984453733152,156060207
2010-05-12,6.937904357910156,7.640634833526788,6.908797500500128,7.484704093085022,173683854
2010-05-13,7.632317543029785,7.632317543029785,6.925429707394359,6.925429707394359,161888490
2010-05-14,8.062686920166016,8.316335521627142,7.71548007385768,7.796564718821581,245373034
2010-05-17,7.948336601257324,8.287226781285103,7.829828494165516,7.900517571807856,195046623
2010-05-18,7.811119556427002,8.087638258824432,7.382828433847598,7.925469831824468,166361728
2010-05-19,7.8838887214660645,8.212383490029586,7.628161103726351,7.696771278819815,219116821
2010-05-20,7.526285648345947,7.854780392817537,7.4847042948896005,7.6718217238125845,129847563
2010-05-21,7.8402276039123535,7.956655925194861,7.235213710932239,7.276795063051796,158228064
2010-05-24,8.087638854980469,8.270598416856508,7.854780419641613,7.962893901939142,188867560
2010-05-25,8.501374244689941,8.773734147014244,7.944179947509277,8.000315610026586,266383174
2010-05-26,8.428606986999512,8.592855230433782,8.295545423845754,8.515929334886483,143383405
2010-05-27,9.062728881835938,9.270637444856844,8.28515137364062,8.339208117528926,258596991
2010-05-28,9.075203895568848,9.237372336049917,8.79660623632179,9.077282829431402,217451794
2010-05-31,8.517369270324707,9.058551175718879,8.467414072489516,8.950314615986166,155143728
2010-06-01,8.783796310424805,8.939906743471042,8.386236062818476,8.388317380425736,181157841
2010-06-02,8.517369270324707,8.804611657877057,8.198904437490663,8.804611657877057,174016440
2010-06-03,8.340445518493652,8.658910414389531,8.30297911269823,8.554837362714327,125431600
2010-06-04,8.355015754699707,8.4903103519858,8.221800688791417,8.263430620205131,86874511
2010-06-07,8.515287399291992,8.575649181695963,8.14062254660487,8.198903904715195,111431686
2010-06-08,8.382073402404785,8.511124933382838,8.22388252863797,8.492391286438664,85441743
2010-06-09,8.723434448242188,9.058551625853426,8.413295764059166,8.413295764059166,173296984
2010-06-10,8.74008846282959,8.815021277757642,8.658910800022726,8.725517448868901,88514941
2010-06-11,8.725516319274902,8.860812704194254,8.6651545261219,8.783797687763785,83802627
2010-06-15,8.725516319274902,8.725516319274902,8.725516319274902,8.725516319274902,0
2010-06-17,8.688050270080566,9.116833046281315,8.679724998007421,8.794205528438994,115220511
2010-06-18,8.22596549987793,8.638096882793548,8.103158790953632,8.575651975941192,112039735
2010-06-21,8.338361740112305,8.386235615603761,7.890846320719035,8.180169997894733,79929409
2010-06-22,8.205147743225098,8.361257260513657,8.184331890343033,8.263428200910262,61591968
2010-06-23,8.26134967803955,8.36542361803794,7.974107247259934,8.096913942630925,93158739
2010-06-24,8.084424018859863,8.28216349480638,8.03238660945072,8.221799921237892,62646304
2010-06-25,8.065690040588379,8.190578031487298,7.9324758858730755,8.07193399349864,54085725
2010-06-28,7.91998815536499,8.142705251395759,7.8388105036933435,8.065691128828744,57221055
2010-06-29,7.5307536125183105,7.972025145253193,7.364236128839345,7.936640062729798,114974604
2010-06-30,7.391295433044434,7.489124074594699,7.2122891399027464,7.430843153247642,76345735
2010-07-01,7.387130260467529,7.607766435910661,7.308034837658129,7.316361000737279,88404763
2010-07-02,7.074912071228027,7.368398896878554,6.702328909818249,7.280977735872729,105459372
2010-07-05,6.831379413604736,6.991652485510197,6.735632101973192,6.991652485510197,58752004
2010-07-06,7.366317272186279,7.493287489054404,6.760609551199166,6.7835062810932305,112652109
2010-07-07,7.4079461097717285,7.586953735248641,7.25599918913023,7.368398391240723,84320208
2010-07-08,7.528671741485596,7.59736059182805,7.3850509803678515,7.468309502650466,89454595
2010-07-09,7.636909008026123,7.747226906250455,7.362155814780127,7.534917275433489,98853403
2010-07-12,7.684782028198242,7.842973797694905,7.605686590084644,7.6493969448518015,92852410
2010-07-13,7.534915924072266,7.657722602084405,7.385050329196992,7.597359921936963,79377489
2010-07-14,7.593196392059326,7.74306288018084,7.534915922907555,7.578627168040789,68157382
2010-07-15,7.3267693519592285,7.659803855566553,7.264324907983487,7.56613741292029,71209629
2010-07-16,7.324687957763672,7.357990827151495,7.124866275089786,7.285139348802874,59803429
2010-07-19,7.699352264404297,7.765958895410116,7.160251243708773,7.2247770037036885,104356161
2010-07-20,7.9970011711120605,8.034467568251271,7.6785363487940925,7.722247592091188,146700567
2010-07-21,8.021980285644531,8.228045955498612,7.926233403702118,8.069854173250507,107795493
2010-07-22,8.494474411010742,8.658911059760065,7.976189538846436,8.011574629168827,173306079
2010-07-23,8.394563674926758,8.615198564944176,8.290490630451929,8.56524425394265,118154835
2010-07-26,8.515287399291992,8.742167092505648,8.450761195223368,8.509042553333693,92517178
2010-07-27,8.367504119873047,8.509043556810711,8.244697436480767,8.429948120473405,95860575
2010-07-28,8.53818416595459,8.575650567952824,8.325874554631257,8.336282037397904,90929484
2010-07-29,8.575651168823242,8.72135504449584,8.471578120403661,8.565244578596921,88698487
2010-07-30,9.012758255004883,9.158460314052641,8.55899796386018,8.575649398053518,201482293
2010-08-02,9.012758255004883,9.012758255004883,9.012758255004883,9.012758255004883,0
2010-08-03,8.991944313049316,9.624709540598458,8.925335895523649,9.281267117630744,217818031
2010-08-04,9.408236503601074,9.47068049387982,8.88786872691912,9.054386629841977,186317748
2010-08-05,9.295838356018066,9.464436701906324,9.15637935114495,9.449866584764054,115167352
2010-08-06,9.283350944519043,9.343713633078426,9.035655342990081,9.26045465989967,110684434
2010-08-09,9.335386276245117,9.506065943562769,9.23963851397392,9.366608722178105,92399701
2010-08-10,9.51855754852295,9.866162692744705,9.470683657771028,9.483172459998938,194524294
2010-08-11,9.620546340942383,9.820367115450505,9.358281574400474,9.585161263245016,126824355
2010-08-12,10.093040466308594,10.095121784059042,9.410319114343503,9.489415441746473,201937648
2010-08-13,10.011861801147461,10.093039438030507,9.805797072536235,10.093039438030507,125774806
2010-08-16,10.145076751708984,10.344897525910108,9.951499930066985,10.036840201260269,113657323
2010-08-17,10.282452583312988,10.403177931475463,10.001455067795664,10.145076695085779,104354923
2010-08-18,10.292861938476562,10.453135921556305,10.167973932555512,10.344899352001567,95256126
2010-08-19,10.157564163208008,10.386525137961927,10.036838830855258,10.324081154550022,117073885
2010-08-20,9.685073852539062,10.086796773364133,9.57475596949359,10.07430797326973,139547187
2010-08-23,9.90778923034668,10.084714628227276,9.724620772835218,9.724620772835218,100714072
2010-08-24,9.897382736206055,10.049329657834788,9.762088143844483,9.799554544791409,74248101
2010-08-25,9.76417064666748,10.111775779849859,9.741274361098528,9.899465255448435,104326164
2010-08-26,9.772494316101074,9.909871101154751,9.6580138107679,9.803715866069513,60771478
2010-08-27,10.203359603881836,10.226254993223204,9.774576867558775,9.774576867558775,152343108
2010-08-30,11.223278045654297,11.223278045654297,10.255394735479511,10.44897157616835,221824782
2010-08-31,11.935141563415527,12.31813174965166,11.137939635799777,11.219115500518946,247619713
2010-09-01,11.710343360900879,12.041296139058474,11.406448609289244,11.958038061667741,173924662
2010-09-02,12.126635551452637,12.25360576284785,11.61459475009219,11.741564068217963,163348920
2010-09-03,12.157856941223145,12.5033806765261,11.824822004867652,12.05170170353502,144703813
2010-09-06,12.189081192016602,13.090357060712698,12.05170348996161,12.282746751371967,207741973
2010-09-07,12.728180885314941,12.778136981547727,12.193243771371398,12.193243771371398,140915106
2010-09-08,14.00203800201416,14.00203800201416,12.696958013311562,12.77605433864679,217794379
2010-09-09,14.684760093688965,15.398704759726417,14.002037872611726,14.38086627441036,270227475
2010-09-10,14.374624252319336,16.154279846430295,14.014530318671783,15.611016522195598,224290593
2010-09-13,14.79924488067627,15.049020031092125,13.920864304933124,14.424579921878506,214650841
2010-09-14,14.45788288116455,14.88042081357665,14.362135105365885,14.674355142459858,153762754
2010-09-15,13.860499382019043,14.441229036783488,13.739774015905843,14.343399953202391,166298548
2010-09-16,14.285120010375977,14.539058658914044,13.698145487146936,13.727285724211129,177875883
2010-09-17,13.658596992492676,14.274711717833943,13.219406783933326,14.274711717833943,127909489
2010-09-20,13.092436790466309,13.664841172172501,12.809357916233976,13.533708324111647,128308059
2010-09-21,13.412983894348145,13.573256978813031,13.134066761580497,13.19859297354555,109452001
2010-09-27,14.753449440002441,14.753449440002441,13.45877511430352,13.737692237707275,185386063
2010-09-28,14.99489974975586,16.006493455592967,14.65353950993807,14.86168558367771,237563181
2010-09-29,15.136439323425293,15.602688434748146,14.778425879188234,14.986573729057818,143973679
2010-09-30,15.998167991638184,16.227129027301732,15.05526314464643,15.173907191326075,200127082
2010-10-08,16.376996994018555,17.27411119275178,16.029391861442512,16.339531481859616,208183252
2010-10-11,16.027307510375977,16.859895331144838,15.883685870110611,16.193825431837507,205093854
2010-10-12,16.570571899414062,16.859896518008114,15.615177334624263,15.817079457671737,184441203
2010-10-13,16.100156784057617,16.649663884419937,15.731736804225514,16.576812415417933,177153916
2010-10-14,16.293739318847656,16.941075711063046,16.272924350887358,16.941075711063046,203704344
2010-10-15,17.923524856567383,17.923524856567383,15.58187281065519,16.068936864974223,350289544
2010-10-18,16.972293853759766,19.06624933215548,16.83907881426392,18.368957945191617,308938131
2010-10-19,17.186687469482422,17.49058132756562,16.44360336781498,16.651749454383964,138816270
2010-10-20,16.647586822509766,17.06804341817318,16.239618134504774,16.443603371776774,143246191
2010-10-21,17.786151885986328,18.038009250352932,16.755824355534724,16.755824355534724,193865098
2010-10-22,17.933929443359375,18.604163665928827,17.068038880386315,17.4843327294858,178138017
2010-10-25,18.146240234375,18.39601619118517,17.68415382100691,17.798635212269303,147879877
2010-10-26,18.173301696777344,18.62914243526514,17.85483686053651,18.14832409759255,124812369
2010-10-27,19.54707145690918,19.98834297176953,17.75284516281452,17.900629440342122,253031422
2010-10-28,18.99964714050293,20.044543756966625,18.83729183914747,19.378473794947055,228953542
2010-10-29,18.90597915649414,20.044542131954188,18.837290312007017,19.37847222393295,151262604
2010-11-01,19.393043518066406,19.615760596570784,18.69158762541506,18.720727860506866,152290413
2010-11-02,18.633304595947266,19.640733711961616,18.527150258929254,19.524172787604034,193617463
2010-11-03,17.27202606201172,19.02462235119054,17.01600434152717,18.837289472130568,175995481
2010-11-04,17.66750717163086,18.0567404145477,16.589305898551892,17.26994508408888,169794679
2010-11-05,17.32406234741211,18.233662455365494,17.251209085148353,18.025516402744643,134265312
2010-11-08,17.24288558959961,17.32406413063177,16.745414900475502,17.32406413063177,100147887
2010-11-09,17.476011276245117,17.62795819810739,17.09302020828417,17.25121108367913,93836893
2010-11-10,18.04216957092285,18.25031563324388,16.85989536340008,17.582164414962165,165734973
2010-11-11,17.51763916015625,18.250314765377574,17.417726982608325,17.694563662023505,142307842
2010-11-12,16.131380081176758,17.50514976760361,16.118890388817494,17.27618874871205,153609259
2010-11-15,16.710031509399414,17.128406781836386,15.771287453907977,16.131382251596936,143161051
2010-11-16,15.36124038696289,16.626772888376628,15.14268591052618,16.443604392246147,132799909
2010-11-17,15.394538879394531,15.873277630480338,14.913720597367709,15.049015166236344,115398720
2010-11-18,15.608932495117188,15.887848722127542,15.298792929161658,15.821242981865822,88155612
2010-11-19,15.558979034423828,15.810836372606614,15.021959697668805,15.810836372606614,102955513
2010-11-22,16.599712371826172,16.86197807565684,15.146847091204705,15.34042394563461,191550996
2010-11-23,15.839978218078613,16.341611570818387,15.569387234802017,16.235455423517795,120224641
2010-11-24,16.150115966796875,16.58306225299744,15.710925726819887,15.715088362670837,97025409
2010-11-25,16.00025177001953,16.214643614128736,15.777534653473165,16.15219871123259,84899844
2010-11-26,15.42368221282959,15.867036869395568,15.302956842036703,15.867036869395568,89706676
2010-11-29,14.609827995300293,15.282142766825928,14.56611764219217,15.194720274070816,128942446
2010-11-30,14.75136661529541,14.944943450099618,13.920861019417313,14.487020513662582,122612454
2010-12-01,14.595257759094238,14.872092673006277,14.405844443958076,14.736797192689183,64318185
2010-12-02,14.81173038482666,15.338342202489873,14.736797583886771,14.901233303737731,118106914
2010-12-03,14.534894943237305,14.799241948147655,14.322585348174664,14.799241948147655,62625838
2010-12-06,14.43082046508789,14.7742628906051,14.247652005196802,14.674352496748368,49405180
2010-12-07,14.48285961151123,14.69516833067357,13.85425604585694,14.247653715527132,77578339
2010-12-08,14.412087440490723,14.834625288735559,14.264302276889783,14.357968715994897,68259807
2010-12-09,13.902128219604492,14.258059443267866,13.90004690195039,14.258059443267866,61653001
2010-12-10,14.351726531982422,14.67435402802265,13.598234970839517,13.721040765045428,97555986
2010-12-13,14.722225189208984,14.776343017095638,14.322583645998481,14.399597752843121,97302901
2010-12-14,15.069831848144531,15.086484176421388,14.653538826803018,14.79924178624378,98293126
2010-12-15,14.857524871826172,15.354996517901045,14.849199599491063,15.069834501954034,91373103
2010-12-16,14.688923835754395,15.05526255027664,14.653538754926398,14.874174510722563,47865852
2010-12-17,14.79507827758789,15.019876670205415,14.60150143731032,14.674352917129418,49837855
2010-12-20,14.4599609375,14.942862373469184,13.883394845648493,14.942862373469184,85024822
2010-12-21,14.39127254486084,14.528650227727557,14.156066680459878,14.387109909599195,52642579
2010-12-22,14.239324569702148,14.666025023149011,14.233079724009082,14.455797665906765,46231173
2010-12-23,13.927106857299805,14.212268853946957,13.920862903471065,14.153987485197879,54081922
2010-12-24,13.850089073181152,14.15398374426389,13.737689894545712,13.877147985826287,43570354
2010-12-27,13.619047164916992,14.203939353183246,13.598232203837144,13.87298665297555,63564601
2010-12-28,13.506650924682617,13.775159693400544,13.467102311363464,13.62321276692418,47031358
2010-12-29,13.708551406860352,13.737691640602018,13.514974572416683,13.664840162978471,41492965
2010-12-30,13.918780326843262,13.987469172364829,13.483752758412178,13.7168782123268,59950485
2010-12-31,14.870010375976562,15.024040385791775,13.843846646866004,13.93543087512913,137945254
2011-01-04,15.034446716308594,15.294629280015224,14.778425001236375,15.028200977010222,111221406
2011-01-05,15.051098823547363,15.444496472971403,14.582768373592023,14.776345221599268,98161411
2011-01-06,15.429927825927734,15.611014987355505,15.007389924903633,15.049018069064449,121336218
2011-01-07,14.859604835510254,15.417438228248406,14.778427184755047,15.275897892217683,75001045
2011-01-10,14.913723945617676,15.332099224107132,14.840872457859254,14.872094013601718,64550088
2011-01-11,14.647294044494629,14.845033520809933,14.493265813510646,14.780508204945546,47741733
2011-01-12,14.691006660461426,14.924131239683136,14.489103636586917,14.761776829377007,31539942
2011-01-13,14.701412200927734,14.888744199450855,14.593176530627328,14.861685281875754,31533961
2011-01-14,13.98955249786377,14.657702936292424,13.933352444074128,14.657702936292424,52918506
2011-01-17,13.435880661010742,14.158149779402054,13.321400137487784,13.883396165639159,61135654
2011-01-18,13.569093704223633,13.706471401999261,13.321399907156776,13.55036095024389,33996541
2011-01-19,13.893802642822266,13.98122424087432,13.385924489715766,13.631537848666104,48517884
2011-01-20,13.054970741271973,13.883395994684061,13.029994033597836,13.883395994684061,63475366
2011-01-21,12.894698143005371,13.217325627315335,12.821845767050524,12.942571132258877,44784657
2011-01-24,12.2931547164917,13.111171647529702,12.049622644729252,12.88429190633174,83727603
2011-01-25,11.862288475036621,12.280663688997524,11.82274076033675,12.218219693874207,51632428
2011-01-26,11.943466186523438,12.049620532231149,11.804008078794986,11.918488588325227,31701987
2011-01-27,12.187000274658203,12.393065047974652,11.818579299083572,11.885185941109272,57029004
2011-01-28,12.46175479888916,12.603294258365038,11.962201821269897,12.176593668527955,58006471
2011-01-31,12.499218940734863,12.603291975029629,12.332701013939927,12.440937577029693,44212099
2011-02-01,13.219407081604004,13.38592501325259,12.657411072146292,12.719855073197149,80195625
2011-02-09,12.927999496459961,13.254789555424644,12.886369575107251,13.009176235213047,47451829
2011-02-10,13.16736888885498,13.206917495550233,12.844741442232479,12.863474193531347,34823830
2011-02-11,13.22773265838623,13.500404933070216,13.179858777496298,13.271443010544813,54417352
2011-02-14,13.700225830078125,13.841765262806735,13.21732527537254,13.22773275737468,77072382
2011-02-15,14.58484935760498,14.878336581628812,13.57325574227089,13.760587727838432,116952039
2011-02-16,15.323774337768555,15.425764279348956,14.316342284760914,14.778427931566867,132664999
2011-02-17,15.594362258911133,16.69337846627166,15.50694155052432,15.50694155052432,196670484
2011-02-18,15.400787353515625,15.81707950799077,15.049017838906519,15.402868671364887,104780380
2011-02-21,15.583956718444824,15.719253105593463,15.142685151544354,15.184315083980708,66182998
2011-02-22,15.409110069274902,16.293734323895386,15.35499224109182,15.68594494924116,112019859
2011-02-23,15.18015193939209,15.50486075651392,14.986575082550102,15.336261500988996,66830553
2011-02-24,15.203049659729004,15.569388442516818,15.153092665834217,15.18015337414607,53928369
2011-02-25,15.090646743774414,15.338341416398475,14.584849916717566,15.267571254714628,53825220
2011-02-28,15.196803092956543,15.244676979615349,14.882501745971167,15.080242139821223,42306709
2011-03-01,15.858709335327148,16.13762557724968,15.205129084880562,15.205129084880562,129283240
2011-03-02,15.931561470031738,16.295818904257526,15.669295760081376,15.819161369613301,121821669
2011-03-03,16.668399810791016,16.96188704441012,15.9607017710224,15.9607017710224,201412426
2011-03-04,16.762065887451172,16.859894963189156,16.42694873414569,16.66631812936389,108175095
2011-03-07,16.922340393066406,17.29700441980039,16.716275624997465,17.109673299702898,101979252
2011-03-08,17.809045791625977,17.890224335690817,16.922340052909757,16.92442137080486,130640836
2011-03-09,17.817371368408203,18.726973314885157,17.69456469011251,17.9006294369071,135141786
2011-03-10,17.19292640686035,18.254475069015633,17.070119751385523,17.942256030259568,147232615
2011-03-11,17.103429794311523,17.46352281838889,16.911934246780504,17.06804381537781,108836991
2011-03-14,16.938989639282227,17.003515843197047,16.401970405460766,16.861975530019254,82969740
2011-03-15,17.509313583374023,17.58840901851958,16.672563094667268,16.797451093986272,110678566
2011-03-16,18.751951217651367,19.137021800548585,17.52180309705834,17.52180309705834,176818059
2011-03-17,17.630037307739258,18.55629152088437,17.48849699282646,18.48344004584443,145909399
2011-03-18,17.9422607421875,18.400182833902868,17.879815846114155,17.898549493590057,83627050
2011-03-21,17.757009506225586,18.10669771531614,17.423975413594235,17.854838594746237,61922848
2011-03-22,17.340715408325195,17.834025269267233,17.234561048984478,17.7570093606047,69360327
2011-03-23,17.8236141204834,17.854835670749186,16.98478239269985,17.340712710730447,84971893
2011-03-24,17.49474334716797,18.358554578309217,17.476011486344706,17.852756818763343,75126492
2011-03-25,17.800716400146484,18.060900728744315,17.565509667047884,17.565509667047884,84314889
2011-03-28,17.825698852539062,18.106698218372067,17.750766045624736,17.821536216578107,80978413
2011-03-29,17.122163772583008,17.809046959565393,17.08261515690449,17.65293738796109,81342873
2011-03-30,18.108776092529297,18.231582774833637,17.043064562877962,17.06804216289683,128086411
2011-03-31,18.181625366210938,18.72905112854791,18.02551406049184,18.06298134555674,115639168
2011-04-01,18.404338836669922,18.691582039313595,17.784061667945377,18.691582039313595,82330942
2011-04-06,20.244359970092773,20.244359970092773,18.402260063454374,18.404341380873863,215908897
2011-04-07,20.131961822509766,20.512869710988557,19.70734269484233,20.244360110093623,139768371
2011-04-08,19.88843536376953,20.569074591004068,19.707348190751,20.15486193499202,114667281
2011-04-11,20.12571907043457,20.373413747211345,19.6886119732948,19.88843276891043,95313775
2011-04-12,18.731138229370117,20.08617449093581,18.64579704622677,19.982099659475754,160810861
2011-04-13,18.758195877075195,18.835209996553854,18.087963297942444,18.691588346767066,79848432
2011-04-14,18.287782669067383,18.758194406947286,18.129590020300906,18.758194406947286,64024024
2011-04-15,18.550046920776367,18.795660276104297,18.129590371922987,18.196197898302763,56480328
2011-04-18,18.30443000793457,18.649955478947785,18.18162514067686,18.348141244455242,43432794
2011-04-19,17.590492248535156,18.275294038636677,17.27619003694517,18.275294038636677,83657619
2011-04-20,17.68832015991211,17.89854934306484,17.60922472144889,17.61130603931327,42809661
2011-04-21,18.508419036865234,18.712402467719283,17.580083436243164,17.942259521127177,70679187
2011-04-22,18.74154281616211,19.043357115329997,18.21285058962307,18.520907055510655,68396436
2011-04-25,18.194116592407227,18.552128250536043,18.079635185514334,18.514662745168522,54287820
2011-04-26,18.30443000793457,19.14534472874616,18.110853206090283,18.119180261856123,68642928
2011-04-27,18.30443000793457,18.30443000793457,18.30443000793457,18.30443000793457,0
2011-04-28,17.72787094116211,18.522991631872472,17.657100765498697,18.379371748965806,67520803
2011-04-29,18.048412322998047,18.1816273661729,17.644606344888953,17.75076247322425,43261596
2011-05-03,17.732030868530273,18.025518116943736,17.403159430960223,17.958910587693754,47050380
2011-05-04,17.28451156616211,18.075469325111833,17.249125598281953,17.698724088247733,66097651
2011-05-05,17.259536743164062,17.455194896980053,16.666318328689307,17.288676977161145,62605773
2011-05-06,18.616653442382812,18.916384615106566,16.995189121189465,17.234558510464147,134763309
2011-05-09,19.049596786499023,19.28064089218613,18.360632464013907,18.66036361962448,104836711
2011-05-10,20.29015350341797,20.781380168841945,19.02462133796464,19.02462133796464,174642322
2011-05-11,20.54825782775879,20.743915996309898,19.971691697806065,20.35051834137534,161571406
2011-05-12,20.114871978759766,20.814955668452846,20.036738955703814,20.814955668452846,110550759
2011-05-13,20.014862060546875,20.08987084236899,19.346033308878752,19.942979315265426,123433737
2011-05-16,20.030487060546875,20.27739027695041,19.78358384414334,20.168004043703473,108764343
2011-05-17,18.799091339111328,20.064865974761897,18.624070865118068,20.064865974761897,139831728
2011-05-18,18.714704513549805,19.19288607783611,18.18339285657619,18.449048685062998,61834674
2011-05-19,19.12725830078125,19.267899550893876,18.71783512059313,18.892855621143365,87426081
2011-05-20,20.277389526367188,20.58992697484046,19.627313493427,19.780457075664433,184082772
2011-05-23,20.114871978759766,20.76807406626901,19.989857353519977,20.314895379143426,153789588
2011-05-24,22.077604293823242,22.127611936357045,19.81483849784943,20.00548559337982,259356333
2011-05-25,21.868207931518555,22.493281154181293,21.5681709962899,21.908837467447817,189295947
2011-05-26,22.071353912353516,23.302747519357535,21.87445476060473,22.343260050620565,194200650
2011-05-27,21.383773803710938,22.027601447401377,20.77745323525999,21.752569234167385,146384577
2011-05-30,21.049362182617188,21.56192134611952,20.833710349641173,21.02748350146061,94224075
2011-05-31,21.999475479125977,22.27763376694316,20.48679720609828,21.258762057319068,176493234
2011-06-01,22.021345138549805,22.25262352373113,21.752565050393397,21.880703916467336,104681154
2011-06-02,22.790193557739258,22.97146615977017,21.705691136153494,21.705691136153494,169332288
2011-06-03,22.743309020996094,23.115228682941556,22.674550523715364,22.815191766475678,103468434
2011-06-07,24.381004333496094,24.809180181895048,22.565164971003902,22.565164971003902,175252581
2011-06-08,24.290363311767578,24.531018022960918,23.87156388265606,24.377874440992464,118713162
2011-06-09,24.221609115600586,24.962322444067773,24.121597400675967,24.374752724710362,131603367
2011-06-10,23.699670791625977,24.327869970889065,22.818316318850076,24.184102700930545,137068047
2011-06-13,24.118473052978516,24.487266697331915,23.396512371120522,23.490273800563855,116480823
2011-06-14,23.8465633392334,24.240359883362224,23.65904228243658,24.190354029769686,94283988
2011-06-15,24.109098434448242,24.487268427297817,23.63404275695115,23.937203958616973,110378622
2011-06-16,24.099720001220703,24.377878248129313,23.75280325466157,23.87156761072147,92162082
2011-06-17,21.690059661865234,24.065339506820113,21.690059661865234,24.002833083716247,201478536
2011-06-20,21.815074920654297,22.37764168643874,21.018105484822208,21.252508154869854,121397883
2011-06-21,21.37752342224121,22.03385163303347,20.633685856353615,21.990096061310556,143149926
2011-06-22,21.218128204345703,21.55254257384557,20.97435100930407,21.21500216786425,84677223
2011-06-23,21.399402618408203,21.71506437306099,20.68369221194779,21.096241434063177,104046078
2011-06-24,21.752567291259766,22.240123458815145,20.783701663921363,21.190000556626256,182576547
2011-06-27,21.615053176879883,22.01197401312778,21.565047317745474,21.57129760304963,88015080
2011-06-28,22.59954071044922,22.674549489055366,21.652553762827672,21.652553762827672,163865466
2011-06-29,22.1619873046875,22.64954523113584,22.146362488624046,22.565160136621696,100614012
2011-06-30,22.324508666992188,22.774563129897825,22.215120640605093,22.590164536067828,125692695
2011-07-01,22.136987686157227,22.496404977366847,22.015097302012446,22.32450874032943,80627805
2011-07-04,22.655799865722656,23.083975670811153,22.03385092496013,22.12136027724329,126359652
2011-07-05,22.39638900756836,22.627667392894416,22.1682384466841,22.627667392894416,96469953
2011-07-06,22.374513626098633,22.799563357313552,22.13073465669662,22.268251640382477,92231070
2011-07-07,21.540042877197266,22.31513363940989,21.496287306436358,22.31513363940989,168069549
2011-07-08,21.26813316345215,21.76819167842978,21.124367681658814,21.533789025990227,83174130
2011-07-11,21.758821487426758,22.01822711737212,21.061863675399874,21.06498792402289,85454835
2011-07-12,21.490034103393555,21.871328253682186,21.436902218373735,21.62754929351805,52912149
2011-07-13,21.824447631835938,22.027597055832167,21.49003330659914,21.621298207839708,63911088
2011-07-14,21.896329879760742,22.302628718726275,21.799444224016714,21.97133864856744,78718314
2011-07-15,22.06510353088379,22.274503266983572,21.883832758146806,22.033850319380942,60151416
2011-07-18,21.649431228637695,22.280754718130236,21.596299335620802,22.20574593358606,63590910
2011-07-19,21.508790969848633,21.718190726537017,21.061862490343373,21.468159644879506,63219054
2011-07-20,21.508790969848633,21.861956228925578,21.393150856887424,21.6275535429065,42136185
2011-07-21,21.09623908996582,21.486909588107665,21.08686276910157,21.486909588107665,51314082
2011-07-22,20.980602264404297,21.340021396316722,20.905593474139675,21.118119274064746,43997751
2011-07-25,20.38365364074707,21.096237890770688,20.321145434655413,20.799327041448244,62146473
2011-07-26,20.736818313598633,20.87433349032052,20.455534100046965,20.54929550456419,45119526
2011-07-27,21.089988708496094,21.099363240966873,20.527421977681314,20.72119510183365,49766334
2011-07-28,21.349397659301758,21.515041847131883,20.849337270576942,20.902469167498182,63047670
2011-07-29,21.01810646057129,21.39627642911848,20.911844460310697,21.371273500330663,53492406
2011-08-01,21.255634307861328,21.465034051428677,20.78995321345008,20.802455571507313,46170012
2011-08-02,20.746200561523438,21.089993102084176,20.40553584635513,21.033735165437484,53843508
2011-08-03,20.399282455444336,20.546175772082982,20.21175960520151,20.471165201305503,56865099
2011-08-04,20.480541229248047,20.783702391178995,20.402408199724903,20.43991169622593,36382092
2011-08-05,19.99298667907715,20.064869429785006,19.536681880616847,19.6898254923625,50794230
2011-08-08,19.155385971069336,19.864844247092172,18.333413629553043,19.63981790445565,93588507
2011-08-09,20.074243545532227,20.455537726251855,18.380293045573673,18.44905154029863,122645970
2011-08-10,20.046113967895508,20.593054084137734,20.002358400926067,20.386780394639388,72635535
2011-08-11,20.102373123168945,20.18363218941066,19.471047870655276,19.471047870655276,51594156
2011-08-12,20.061738967895508,20.502417061971236,20.055488684071427,20.26801442924165,40370367
2011-08-15,20.24613380432129,20.34614727762952,19.95547506845515,20.083615710439144,39545148
2011-08-16,20.143003463745117,20.580555601079507,20.12737506882561,20.277392637908747,48790053
2011-08-17,19.714824676513672,20.11799750328798,19.62106326288124,20.067991654464045,49868514
2011-08-18,19.50543212890625,19.999240514595638,19.492931556281643,19.72108220766312,38923785
2011-08-19,19.183513641357422,19.314780352546535,18.90848143770236,18.970989650890097,39127869
2011-08-22,18.752214431762695,19.29290254202697,18.689706215759905,19.183514505284982,35238708
2011-08-23,19.04911994934082,19.064746553308506,18.71470561705179,18.845972309410705,30803088
2011-08-24,18.914731979370117,19.314780614833147,18.880352729902572,19.224143436227546,30164706
2011-08-25,19.299150466918945,19.374161032289035,18.714706855762714,18.958485828164573,52160133
2011-08-26,19.836715698242188,20.12112422189607,19.11475504947451,19.252272044801853,69347136
2011-08-29,19.411663055419922,19.780456628237328,19.377283811680993,19.66481832930648,36904299
2011-08-30,19.114755630493164,19.683574483441376,19.080378168966817,19.683574483441376,31231068
2011-08-31,19.058494567871094,19.22101445365579,18.908477037154466,19.014740796007935,21005535
2011-09-01,18.93973731994629,19.1835145341779,18.892855710785955,19.1835145341779,20016216
2011-09-02,18.95536231994629,19.221020005462595,18.8647287141868,18.96161439346119,21526683
2011-09-05,18.68033218383789,18.85847874351557,18.461557871886384,18.76159305343779,25916208
2011-09-06,18.530311584472656,18.85222539679867,18.45217855301524,18.48655601384623,21393159
2011-09-07,19.03974723815918,19.155387348469286,18.536564414633762,18.624073771109714,34117929
2011-09-08,18.7928409576416,19.217890677994983,18.78346463732532,19.217890677994983,24935121
2011-09-09,18.777217864990234,18.986617622282303,18.649077181169545,18.792844472323146,19359009
2011-09-13,18.252153396606445,18.502184463058992,18.211523862458662,18.495932389843595,27389898
2011-09-14,18.283409118652344,18.41154801101388,17.83648064870086,18.377170548725797,28134402
2011-09-15,18.102136611938477,18.424050439123846,18.06463311277787,18.370918544599903,23863158
2011-09-16,17.92399024963379,18.308410470304292,17.867732323425635,18.180269800630665,27058842
2011-09-19,17.264537811279297,17.81147616017024,17.25203545380074,17.773972664435327,31128711
2011-09-20,17.530195236206055,17.67396252402097,17.19265480293196,17.19265480293196,34319943
2011-09-21,18.861600875854492,19.221018169557823,17.345796884722915,17.40830330709721,81747336
2011-09-22,18.005247116088867,18.783463783461407,17.90210938564848,18.53343454756061,59666514
2011-09-23,17.792722702026367,18.09275780754544,17.314541081973985,17.633328828675573,46625406
2011-09-26,17.39580726623535,17.97712501437979,17.317672429577957,17.53332429261623,29239995
2011-09-27,17.69271469116211,17.970871149096983,17.464560512823596,17.658333653063394,35780496
2011-09-28,17.480188369750977,17.967746347820103,17.386426944991463,17.90523813519695,30029613
2011-09-29,17.183273315429688,17.49581072592639,17.12701718957928,17.2864110364471,27921609
2011-09-30,17.189529418945312,17.367675964199336,17.08951769985897,17.31454406780324,18297270
2011-10-10,16.192535400390625,17.34579600271866,15.961256999654863,17.189526378028212,48410775
2011-10-11,15.448697090148926,16.873865711397073,15.095531865505103,16.63008672710328,61386768
2011-10-12,15.895623207092285,16.06439338608564,15.020520893506555,15.314303900376306,53375217
2011-10-13,16.09564971923828,16.251917572785096,15.78311222379417,15.876873651262452,44425551
2011-10-14,15.786240577697754,16.08940179606097,15.551837868794358,16.01751724949816,37350729
2011-10-17,15.758108139038086,16.092524289743725,15.611216617855073,15.873748237826188,29345058
2011-10-18,14.845502853393555,15.454950361379375,14.79237095899526,15.433071680932766,57714927
2011-10-19,14.148544311523438,15.008020111767442,14.06728435536602,14.845501093627764,56708721
2011-10-20,14.4110746383667,14.464205630836217,13.92351759730347,14.223552699496226,53010261
2011-10-21,13.632857322692871,14.282933348893701,13.545346194221509,14.282933348893701,44910216
2011-10-24,13.807879447937012,13.945395546901578,13.126549237797702,13.564100461775864,51747585
2011-10-25,14.48296070098877,14.798623374486066,13.282819122650418,13.814131851789421,96161835
2011-10-26,14.48296070098877,14.48296070098877,14.48296070098877,14.48296070098877,0
2011-10-27,14.351694107055664,14.651729243524523,14.270435038016302,14.592347065887918,62250630
2011-10-28,14.973642349243164,15.092405804705777,14.54234141394691,14.620475336817721,83733492
2011-10-31,14.883004188537598,15.017395126936352,14.63610009351607,14.845499802996674,62098782
2011-11-01,14.657979965209961,14.89550777416893,14.58922236233576,14.651728786307647,42694971
2011-11-02,14.48921012878418,14.539215984577643,13.851634573242302,14.345443740465594,65743917
2011-11-03,14.98614501953125,15.783113648237999,14.492336697872057,14.576721811374314,178383828
2011-11-04,15.336185455322266,15.623720020803324,15.195544209205618,15.195544209205618,95793795
2011-11-07,15.289305686950684,15.68935437045939,15.15804074656463,15.339313337196122,64970412
2011-11-08,15.023650169372559,15.436199435168929,14.967394020330106,15.189296156118187,50172630
2011-11-09,15.370566368103027,15.376816653676691,14.848629073162822,15.104910453540343,48989811
2011-11-10,14.91425895690918,15.245549071787588,14.904882635998906,15.14241133012492,46888323
2011-11-11,15.108031272888184,15.308054672648861,14.886130090234898,15.101780988733227,39036576
2011-11-14,15.361187934875488,15.458073607182103,15.189293480939437,15.408067752762479,49473849
2011-11-15,15.936250686645508,16.092520278116826,15.283048730141136,15.314301933095438,94300290
2011-11-16,15.373687744140625,15.9393805090981,15.25179915065108,15.9393805090981,68838744
2011-11-17,15.136160850524902,15.436195962384726,15.01427046861289,15.364311432449353,39170037
2011-11-18,14.436078071594238,15.033024086034006,14.376696789148724,14.964266482190434,49015104
2011-11-21,14.511086463928223,14.617349343956512,14.220426785547257,14.448579150433684,28238463
2011-11-22,14.71111011505127,14.779868608141687,14.25168112957942,14.361068259407112,36800718
2011-11-23,14.432952880859375,14.832999696516906,14.407949060705613,14.714235351030993,27695187
2011-11-24,14.464205741882324,14.607973009874334,14.064158935887367,14.23605427138211,30933222
2011-11-25,14.417325973510742,14.776744166930818,14.342317192494866,14.47045786402839,25580049
2011-11-28,14.379823684692383,14.561095379062197,14.27356167647672,14.464208799212388,17349684
2011-11-29,14.66110610961914,14.68610903858686,14.461082677877389,14.564219536325412,24803814
2011-11-30,13.907890319824219,14.629850913686916,13.751621587857041,14.617349450896548,40399716
2011-12-01,14.245430946350098,14.564218719906018,14.22355405536114,14.439204082075308,43151736
2011-12-02,13.932892799377441,14.189173225463373,13.820379637865962,14.145417660010235,24270954
2011-12-05,13.404705047607422,14.036030225672445,13.376576981392677,13.936017634578153,26779614
2011-12-06,13.442211151123047,13.564100645857817,13.292193586580321,13.401581617603197,17928366
2011-12-07,13.423458099365234,13.517219521434509,13.345324177090964,13.501592915814694,12949509
2011-12-08,13.52972412109375,13.742248138763298,13.379706536262066,13.439087826293104,22475142
2011-12-09,13.295320510864258,13.489092764249119,13.220311723584581,13.282818152142369,13932063
2011-12-12,13.339075088500977,13.520346770139394,13.28281805138034,13.37657948185631,13124337
2011-12-13,12.795257568359375,13.332822224145172,12.782757000501087,13.248437131876042,23314455
2011-12-14,12.648367881774902,12.995283726709566,12.601487168853954,12.795259411191864,18850902
2011-12-15,11.863901138305664,12.49210043171075,11.845149387698589,12.423342820584383,35243400
2011-12-16,11.929532051086426,12.032668893684026,11.313833455072281,11.798266247091641,53644305
2011-12-19,11.813897132873535,11.876403569431442,11.313836698656363,11.798269629558666,39753825
2011-12-20,11.857647895812988,12.188938005382706,11.65762538270847,11.745134729218169,42113763
2011-12-21,11.348213195800781,12.054545358662887,11.320084235392697,12.00454040434598,34377297
2011-12-22,11.220073699951172,11.626371708097748,10.635630061653304,11.095059065779179,55241178
2011-12-23,11.135688781738281,11.423223339244556,10.985671218261205,11.088808069607891,40276599
2011-12-26,11.357589721679688,11.65762573586364,10.94504143166764,11.020050211669831,52100928
2011-12-27,11.313834190368652,11.620121384320743,11.188820450793111,11.248201731193316,44695170
2011-12-28,11.4982328414917,11.507608269165097,10.93879119158338,11.157567265784122,41450904
2011-12-29,11.320086479187012,11.563865485993414,11.316961336580592,11.376343516978983,34995780
2011-12-30,11.760761260986328,11.979536397612284,11.320084057446389,11.354463301287996,56475249
2012-01-04,11.754510879516602,11.938907678972264,11.72325766966996,11.845147155257191,48159957
2012-01-05,11.138814926147461,11.729509758690345,11.095059355955298,11.729509758690345,38781849
2012-01-06,11.351339340209961,11.435724447183183,10.876284594338163,11.070056842532885,30035265
2012-01-09,12.195188522338867,12.313952869763634,11.182569109499331,11.3544644519522,79102857
2012-01-10,12.623363494873047,12.773381043538194,12.073298255592386,12.18893745331978,79825230
2012-01-11,13.323448181152344,13.573477464551921,12.50460093675585,12.623365293458274,105914412
2012-01-12,13.582853317260742,14.267309619713133,13.048415483719694,13.12655030785952,111189372
2012-01-13,14.051657676696777,14.401699553461695,13.410957887464786,13.55159913014006,141161586
2012-01-16,12.839015007019043,13.892264007734141,12.78588400916397,13.751622762869149,96634962
2012-01-17,14.123539924621582,14.123539924621582,12.845264720311537,12.845264720311537,126542010
2012-01-18,14.207927703857422,15.242425033275282,14.126667735609148,14.439205249633005,169437417
2012-01-19,14.557966232299805,14.786119490638612,14.0079018752904,14.057907725927619,87628608
2012-01-20,14.257930755615234,14.65172726617267,13.635982781035697,14.592345096550101,83217027
2012-01-30,14.395448684692383,14.861128857912039,13.776624917171372,14.15792088471447,87349809
2012-01-31,14.551717758178711,14.81112245405594,14.220427635591642,14.329815664289683,71271567
2012-02-01,13.979775428771973,14.501711778858988,13.807880073731898,14.501711778858988,69286062
2012-02-02,14.242304801940918,14.261057443383807,13.84538313120975,14.032905074762843,60438459
2012-02-03,14.254806518554688,14.373570865339685,13.936018761752996,14.220427271414273,51132966
2012-02-06,14.254806518554688,14.482957997061183,14.05790825077571,14.3485679390876,40204389
2012-02-07,13.923519134521484,14.1047899150218,13.735996280772522,14.1047899150218,49738203
2012-02-08,15.161164283752441,15.270552312154866,13.861010300510957,13.920392475263723,137674125
2012-02-09,14.867379188537598,15.183041823841032,14.751740870567899,15.036150293090435,106208706
2012-02-10,14.845502853393555,15.217421643305277,14.729864531091888,14.848627995953668,68368398
2012-02-13,14.89238166809082,15.095531109554102,14.548590993441536,14.626725806700561,50341065
2012-02-14,14.845502853393555,14.93301310430365,14.651729707862138,14.892383568496351,41251605
2012-02-15,15.039276123046875,15.289303610208785,14.714236276530372,14.761116989232743,79024056
2012-02-16,14.848628044128418,15.123660262166744,14.682983863626426,14.97051754612104,61585023
2012-02-17,14.786120414733887,15.033023647054627,14.657979743836188,14.939263118337616,39069501
2012-02-20,14.751740455627441,15.083029688002743,14.745490170917165,15.033023833619694,66192264
2012-02-21,14.817374229431152,14.845502299773768,14.5642189138219,14.754866015508306,49226010
2012-02-22,15.058026313781738,15.158038019578775,14.817373370251413,14.817373370251413,65532825
2012-02-23,15.551836967468262,15.814368630030982,15.186169335043926,15.214296513937711,113945316
2012-02-24,15.689355850219727,15.89875564019763,15.573717507225378,15.595594403236172,88409451
2012-02-27,16.57383155822754,17.158275232083014,15.723731994137852,15.723731994137852,140376102
2012-02-28,17.080141067504883,17.19890542885101,16.4081880127265,16.52695058572206,152271828
2012-02-29,17.273910522460938,17.83022692206145,16.80198100315395,16.97700147094564,155265093
2012-03-01,17.205156326293945,17.773973376471936,17.033260081267382,17.117645185489433,95875563
2012-03-02,17.470813751220703,17.552072826035275,17.220784453060023,17.220784453060023,75458697
2012-03-05,17.80835723876953,17.877113966241282,17.480193058266657,17.78335251633319,86394198
2012-03-06,17.23328399658203,17.714591708115368,17.12702199828527,17.711465671443214,85085298
2012-03-07,16.967626571655273,17.30829121573075,16.742600237081074,16.936373361163106,66008439
2012-03-08,18.342790603637695,18.59594413039605,17.127021672143307,17.127021672143307,156121641
2012-03-09,19.608564376831055,19.65231815704244,18.349039939644886,18.414672398312334,163500780
2012-03-12,19.98360824584961,20.449287528740186,19.708576054129978,19.84609125581461,137504067
2012-03-13,19.986730575561523,20.058615100125724,19.439792281065365,19.861715954960957,84260358
2012-03-14,20.05548858642578,21.09623684295003,19.317901448270472,20.271140366633166,155943471
2012-03-15,19.95235824584961,20.52742564835816,19.574186462391722,20.002362318586652,110587812
2012-03-16,21.555667877197266,21.852576952223085,19.533553334915304,19.94922854364191,159757479
2012-03-19,22.47452735900879,23.062097052384924,21.255634190174607,21.524416109237105,172500687
2012-03-20,22.296382904052734,22.940206957425772,21.893210020275532,22.346386971596313,118427370
2012-03-21,21.971343994140625,22.793316403350016,21.877582563232803,22.533910791237016,116295492
2012-03-22,20.76807403564453,21.87757905655537,20.66181205143497,21.87757905655537,124734987
2012-03-23,20.905595779418945,21.31502081665546,20.32427803785335,20.455542988203486,103301955
2012-03-26,20.468040466308594,21.052484105696895,20.002359388342477,20.908716829043268,86805114
2012-03-27,22.17136573791504,22.49015350571525,21.096239871982323,21.1024901566734,217781142
2012-03-28,21.327510833740234,22.09635108531558,21.299381877578963,21.877575084105533,133558257
2012-03-29,21.124370574951172,21.846329484201622,20.527424523217157,20.949348282386815,124812399
2012-03-30,20.864965438842773,21.621305469740456,20.31490093729033,21.315020001190984,100664034
2012-04-05,22.858945846557617,22.937080660043243,20.56492517691874,20.62118310103654,173573610
2012-04-06,22.39951515197754,22.96833211559334,22.083853462502884,22.85894410040952,147556080
2012-04-09,22.374513626098633,22.7089279764071,22.033848991536345,22.16198786631603,108331791
2012-04-10,21.886959075927734,22.815193494469625,20.721197723813003,22.755813102339335,175487487
2012-04-11,21.277511596679688,21.643179198518432,21.04936099428826,21.28376367000038,98122053
2012-04-12,21.480655670166016,21.708808003669528,21.00560015295257,21.440026145527042,88549464
2012-04-13,22.127609252929688,22.596414526134343,21.44002794711617,21.58066917140753,155101455
2012-04-16,21.824447631835938,22.17761459677857,21.458778310972694,21.9557125330765,87345048
2012-04-17,21.730690002441406,22.127612599638983,21.61817593298092,21.75256868202147,54382332
2012-04-18,21.730690002441406,21.730690002441406,21.730690002441406,21.730690002441406,0
2012-04-19,21.886959075927734,22.668301955835798,21.815076325003844,22.477654843950205,121864242
2012-04-20,21.78069496154785,21.94008884351785,21.46190719760786,21.66193061210348,71654211
2012-04-23,21.57129669189453,22.24637576169422,21.45565837107451,21.79319880014961,74849460
2012-04-24,21.16187286376953,21.530666495064462,20.496170136159453,21.424404499244886,98577612
2012-04-25,21.990097045898438,22.237000303906747,21.299389554137363,21.361897772018928,116495106
2012-04-26,21.71818733215332,22.08697914087884,21.283761279386106,22.065102251765133,83668938
2012-04-27,22.180740356445312,22.57141262742978,21.568167794983104,21.690058173029556,110073711
2012-05-02,24.096595764160156,24.36537590122315,22.240125214482127,22.37764221384735,212526351
2012-05-03,23.959074020385742,24.30598891005972,23.784053557529024,24.196600897230503,117902907
2012-05-04,26.360950469970703,26.360950469970703,24.251069871906076,24.426893105365394,158807437
2012-05-07,26.693758010864258,27.07052205334822,25.758125957947918,26.304434268687828,221827779
2012-05-08,28.112905502319336,28.759684271164048,26.059539076589218,26.48025940359476,197756419
2012-05-09,27.434730529785156,28.803642785229286,27.227510724334923,27.315423245770134,229571430
2012-05-10,28.19454002380371,28.57130413035764,27.064247704141927,27.24634990650475,169693302
2012-05-11,27.54148292541504,28.382923682629784,27.5038074120973,28.06895268773453,136185831
2012-05-14,26.70631980895996,27.85545255182097,26.37351197203261,27.692187211323656,145947583
2012-05-15,27.051685333251953,27.095641590484533,26.065818004291973,26.31071509852743,117250281
2012-05-16,27.491243362426758,28.181978364030062,26.71887659775027,27.001449190882198,158853132
2012-05-17,27.698463439941406,28.018713340404076,27.001449479096987,27.472405003712357,120189952
2012-05-18,27.37193489074707,27.924522185426714,27.170994056318108,27.25262582116668,104394733
2012-05-21,28.131742477416992,28.495946824830234,27.371933634684545,27.371933634684545,139064794
2012-05-22,28.00615692138672,28.483391423170385,27.80521607853044,28.382921001742243,90183876
2012-05-23,27.152151107788086,28.169414819403976,26.668637750585756,28.062665467142256,138698155
2012-05-24,27.252628326416016,27.604274818992465,26.800511407389152,26.93865914203494,71501203
2012-05-25,27.32798194885254,27.8177761904596,27.139600792001893,27.252629126801683,65768079
2012-05-28,27.108203887939453,27.302863995019116,26.505379522629667,27.19611461427334,63614617
2012-05-29,28.119186401367188,28.25733413477757,27.00145201882537,27.13959975223575,127997356
2012-05-30,27.698463439941406,28.257331476922225,27.67962478778413,28.119183756505876,78941026
2012-05-31,27.754980087280273,27.99359824518354,27.397054646978287,27.428453002238605,57637339
2012-06-01,28.678054809570312,29.638802815447868,27.92452481300499,27.930805562086462,160727061
2012-06-04,28.395479202270508,29.19924437863065,28.100346887109307,28.244773568556642,118713342
2012-06-05,28.144304275512695,28.822481450993227,27.855452697579267,28.45199630410751,79490907
2012-06-06,28.872716903686523,29.04225940240972,28.012437522164618,28.33268745845225,106905286
2012-06-07,28.57130241394043,29.387627290596125,28.43943543370669,29.387627290596125,87544320
2012-06-08,28.19454002380371,28.853878557687814,28.1819821185284,28.791083641652342,70006516
2012-06-11,28.734569549560547,28.8727172872662,28.037555501484256,28.037555501484256,78525550
2012-06-12,28.57130241394043,28.82248026643988,28.46455303930135,28.495949597156457,49445922
2012-06-13,28.59014320373535,28.82248242026264,28.144305221975735,28.65921707342057,63920052
2012-06-14,28.037553787231445,28.67805362915487,27.94336231696867,28.583862158892096,62951991
2012-06-15,27.918241500854492,28.376637301808856,26.693757917907515,28.075226068871302,116323333
2012-06-18,27.999874114990234,28.382918915950626,27.861728193954974,27.930802052748962,55320474
2012-06-19,27.37193489074707,28.056390955435297,27.315420730202117,28.056390955435297,51222457
2012-06-20,27.61683464050293,28.25105555764001,27.447290345993363,27.62311359304511,66904252
2012-06-21,27.767539978027344,28.006158137557623,27.177275328228284,27.698466111157746,52574205
2012-06-25,26.81307029724121,27.73614461984933,26.561896018442685,27.50380719928742,60512220
2012-06-26,26.10977554321289,26.66236287209647,25.557188214329315,26.66236287209647,71597278
2012-06-27,25.211820602416992,26.24164423580349,25.054836015452526,25.814643141051306,64114230
2012-06-28,23.830350875854492,25.431600515843584,23.798954317261387,25.21182101258603,104824669
2012-06-29,24.778539657592773,24.897848729846274,23.13961459264695,23.472424204541078,90785644
2012-07-02,25.682777404785156,25.933953474724717,24.67807312502691,24.740866244235317,83792883
2012-07-03,25.31856918334961,25.7267316118234,25.123907295552414,25.651378796858626,55419055
2012-07-04,25.525793075561523,25.714174231698006,25.230660741176283,25.43788055189231,39473884
2012-07-05,24.734586715698242,25.5634677271989,24.50224750899927,25.557188774734854,50121174
2012-07-06,25.927669525146484,25.99046263225295,24.357818492300787,25.07994820678824,81879369
2012-07-09,25.58858299255371,26.373509468441583,25.425319464107645,25.557186436552968,81245100
2012-07-10,25.68905258178711,25.996744569655245,25.293449880637148,25.368802690544154,55467838
2012-07-11,25.69533920288086,25.864881716507256,25.18670627234234,25.714176062248384,43184455
2012-07-12,26.367233276367188,26.656084855602607,25.337409603467496,25.43160107788135,96253258
2012-07-13,26.02814483642578,26.417466844855454,25.833482933934466,26.222806738917097,53882607
2012-07-16,25.042274475097656,26.24792126037234,25.029716571408173,26.122333240713804,64946758
2012-07-17,24.828777313232422,24.992040850857357,24.225952984120685,24.765982401147777,43042852
2012-07-18,25.211820602416992,25.274613718581627,24.495967939512305,24.728305343806063,40582362
2012-07-19,24.929244995117188,25.43159888312,24.75342355966247,25.14902628081756,42582919
2012-07-20,24.483409881591797,25.061114810832244,24.37037975802919,24.935526782736495,34826473
2012-07-23,24.489688873291016,24.897849516121195,24.14432134633339,24.477129172184785,38940412
2012-07-24,24.54620361328125,24.784821770927056,24.232232636887222,24.269909944537787,31427263
2012-07-25,24.263633728027344,24.615280255169907,24.175721197965146,24.452014897862878,30043203
2012-07-26,24.33270263671875,24.728305377372735,24.163160144912364,24.27618847278329,35920218
2012-07-27,23.792675018310547,24.935526981361747,23.74871875898868,24.489689028932272,46126461
2012-07-30,23.246366500854492,24.15687925711115,23.051704607804268,23.86174694139666,35463214
2012-07-31,22.323291778564453,23.359392458028537,22.097231553953094,23.233804442440384,46215385
2012-08-01,23.384510040283203,23.503819104123675,22.32957071028391,22.32957071028391,52373034
2012-08-02,23.07054328918457,23.522660191722323,22.79424962652261,23.384512462114905,34930129
2012-08-03,23.805233001708984,23.918263126545927,23.001469612834327,23.233807018292687,50840695
2012-08-06,26.034421920776367,26.090937879625095,23.635687940632693,23.817791924890553,118996791
2012-08-07,26.825626373291016,27.20866938728829,25.871155619417102,26.06581750064053,147347494
2012-08-08,25.99046516418457,27.315421052526073,25.745568070196278,26.819347912537683,118528390
2012-08-09,26.065818786621094,26.73143622744711,25.3060116730376,25.996746719242847,129385041
2012-08-10,25.274614334106445,25.871157934962785,25.061115578083793,25.871157934962785,121388433
2012-08-13,24.853891372680664,25.431598055603022,24.816215865324228,25.048553250921657,65748153
2012-08-14,24.33898162841797,24.835054756499744,23.39078983183486,24.803656404088752,98695300
2012-08-15,23.824071884155273,24.27618879474082,23.68592415208879,23.86802814404487,46787034
2012-08-16,23.924541473388672,24.169438573876658,23.673365420722234,23.729879583433974,48443322
2012-08-17,23.623130798339844,23.893145510817096,23.233807008737354,23.79895403958386,55008771
2012-08-20,23.233808517456055,23.47242668720152,22.605868329379838,23.139617040106373,49464153
2012-08-21,23.447309494018555,23.824073613522124,23.246368630283314,23.246368630283314,46258869
2012-08-22,23.07054328918457,23.5603357019907,22.919835858452448,23.453586326918614,43595773
2012-08-23,23.616849899291992,23.798952077860296,23.158452282133528,23.246364793785443,67140648
2012-08-24,23.56661605834961,24.452011195269066,23.510100099058956,23.8617465729542,76075452
2012-08-27,22.00932502746582,22.988911735369662,21.977926670182335,22.98263278253418,88672786
2012-08-28,22.13490867614746,22.467716465600112,21.883732647022313,22.003041709994925,43530634
2012-08-29,20.6655330657959,22.20398796816986,20.596459191741086,22.14119304724191,87759687
2012-08-30,20.263643264770508,20.89786404505161,19.466158974304957,20.17573255849101,63538860
2012-08-31,19.80525016784668,20.376676123854836,19.66082349169739,20.244809148330738,39212289
2012-09-03,20.075265884399414,20.282485684513006,19.547794362478275,19.70478074720492,48340245
2012-09-04,20.351558685302734,20.84763183126798,20.182014403071744,20.182014403071744,67227687
2012-09-05,20.38295555114746,20.533661182846853,20.01247042408158,20.24480962036611,37605316
2012-09-06,20.583894729614258,20.747160049034928,20.345278396987368,20.502262968180272,32910456
2012-09-07,22.45516014099121,22.5933060684452,20.822514040352008,20.822514040352008,124950109
2012-09-10,22.461441040039062,22.787969929160724,22.072117235502144,22.44888133833483,83538471
2012-09-11,22.084678649902344,22.29189847339225,21.663958253306852,22.29189847339225,57339111
2012-09-12,22.48655891418457,22.71261737857126,22.16630897383185,22.342132223910387,60177057
2012-09-13,21.80210304260254,22.700059755204588,21.714192314747912,22.637264838262997,43632700
2012-09-14,22.285619735717773,22.888442352825972,22.10351572271817,22.517957170256615,72700284
2012-09-17,21.663959503173828,22.524239001738074,21.651399799770964,22.22910663213248,52134102
2012-09-18,20.866472244262695,21.412780646116747,20.766000019624062,21.362545432073915,47246628
2012-09-19,21.18044090270996,21.2871920772892,20.809955759294766,20.87902962601006,38223564
2012-09-20,20.213409423828125,21.09252732515957,20.10038110863291,21.09252732515957,55054752
2012-09-21,20.521102905273438,20.87902832491185,20.10038257529255,20.213410898735074,43757515
2012-09-24,20.69064712524414,20.847633515986452,19.855487143879603,20.156898427068576,40428207
2012-09-25,20.34528160095215,20.791119578040924,20.22597251757362,20.55250141128387,25213174
2012-09-26,20.13178062438965,20.521104426333054,20.03131019763689,20.339000430428975,26251930
2012-09-27,20.69064712524414,20.83507561079672,19.905722357744434,20.081545606271334,53513718
2012-09-28,21.349985122680664,21.569764627001526,20.59645693348307,20.74088361888417,67510011
2012-10-08,20.83506965637207,21.500685151579273,20.696921959448343,21.349979553054723,48453933
2012-10-09,21.356264114379883,21.58860332055762,20.784838120716312,20.8790295936774,50310744
2012-10-10,21.25579071044922,21.324864567378402,20.941821573311845,21.318585615808292,39270882
2012-10-11,21.186717987060547,21.66395242595492,20.985777170683967,21.149040685713633,46912486
2012-10-12,21.042293548583984,21.50696833725626,20.84763166302134,21.186720224746775,31613581
2012-10-15,20.552501678466797,21.017178316140985,20.345281865441216,20.973222053816468,39062839
2012-10-16,20.521102905273438,20.81623521112218,20.439471138725747,20.56505736630508,24248463
2012-10-17,21.048572540283203,21.22439577351401,20.439471074300393,20.62785221162843,36439192
2012-10-18,21.18044090270996,21.318588636140543,20.891589327482347,21.036014216819694,45361227
2012-10-19,21.00461769104004,21.23067794547382,20.88530861135358,21.149044377157708,30536928
2012-10-22,20.38295555114746,20.634131603979778,19.792690928715093,20.219690218530033,59454027
2012-10-23,20.357839584350586,20.502266275491458,20.094103809373642,20.345281678974676,32708739
2012-10-24,19.75501251220703,20.21968724329564,19.685938658703833,20.03130612966724,54255052
2012-10-25,19.522676467895508,19.899440551874378,19.466162304436892,19.717338360422808,43658119
2012-10-26,18.160049438476562,19.62314972695801,17.77072559714239,19.522679290039918,71633682
2012-10-29,17.174179077148438,18.072133907142945,17.042310303174503,17.89631067173052,70607224
2012-10-30,17.400238037109375,17.582340230032095,17.111384672115584,17.111384672115584,40980925
2012-10-31,17.877473831176758,17.946547701229544,17.318605714544415,17.43791479980777,41697697
2012-11-01,19.4410457611084,19.528958283783492,17.990503509393058,18.009342163759573,99862762
2012-11-02,19.434768676757812,19.566635676893792,18.850782911128356,19.277782270683122,76583112
2012-11-05,19.510122299194336,19.698505275532003,19.196151270815964,19.309181415929206,48453159
2012-11-06,20.081544876098633,20.09410278083175,18.970089462337526,19.667103478506565,71778046
2012-11-07,20.922988891601562,21.412783184866836,19.899444038433735,20.081548058344413,111405322
2012-11-08,20.4520320892334,20.948105307584665,20.34528270195874,20.715767877471276,60581685
2012-11-09,20.269926071166992,20.84763095977789,20.263645322789273,20.489703757463104,47109148
2012-11-12,20.96693992614746,20.992057529879034,20.106660650926592,20.106660650926592,56883804
2012-11-13,20.489704132080078,21.4441748924842,20.395514463325117,21.161600496560997,69833863
2012-11-14,21.318588256835938,21.412779728267015,20.25108910590715,20.690646311664022,70132777
2012-11-15,20.590177536010742,21.381383015843646,20.57133888254975,21.098808603587393,65971396
2012-11-16,20.546218872070312,20.753438646229732,19.75501348483956,20.621571680542164,58677459
2012-11-19,21.12392807006836,21.149045678044562,20.219692386372092,20.527384431495328,50934469
2012-11-20,21.211837768554688,21.70163195707366,21.136484954671214,21.299748486475675,69546475
2012-11-21,21.312305450439453,21.463012868111573,20.596454648398634,21.03601181172054,51564328
2012-11-22,20.86018943786621,21.324866020212617,20.72204351114882,21.318587068214736,35429826
2012-11-23,21.14276885986328,21.525811971035942,20.866475144229145,21.086252888795933,55155834
2012-11-26,21.042293548583984,21.393940014382984,20.835073758947775,21.130204266757335,34724371
2012-11-27,20.08782196044922,20.960659137584884,20.04386750141785,20.81623426381999,42876762
2012-11-28,19.007766723632812,20.03130961557295,18.800545127061927,19.72361939172164,53485645
2012-11-29,18.875898361206055,19.459882207895674,18.52425010695053,19.083118146071282,37190152
2012-11-30,19.415925979614258,19.4410435837722,18.68123471057998,18.888456292297544,38085618
2012-12-03,18.737751007080078,19.57291270788825,18.681235049285466,19.40964737962514,44609589
2012-12-04,19.164752960205078,19.258944439788987,18.01562014307686,18.693797358838573,53660731
2012-12-05,20.546218872070312,20.753438646229732,19.051718809216297,19.152189220512096,95376607
2012-12-06,19.924562454223633,20.583899234784127,19.742458443368204,20.470870893683742,66802390
2012-12-07,20.106660842895508,20.40179313869744,19.805249595238916,19.905720011124448,57195645
2012-12-10,20.577617645263672,20.816235796096763,20.125500745682633,20.125500745682633,66256797
2012-12-11,20.546218872070312,20.847630105957712,20.382953555438306,20.722042091837963,56123554
2012-12-12,20.571338653564453,20.690645932199317,20.22597112901978,20.55877895254597,46604767
2012-12-13,20.025028228759766,20.571336541076427,20.006189577443028,20.376674669426382,36891817
2012-12-14,21.12392807006836,21.431618318638563,20.01247256970669,20.01247256970669,113155833
2012-12-17,21.62000274658203,22.185149862744847,20.740886407647885,21.098811896504213,114850966
2012-12-18,22.71261978149414,23.233810634219807,21.26835631905977,21.60744494979079,150776818
2012-12-19,22.473997116088867,23.20240759738671,22.41748116236678,22.486555019214222,105116812
2012-12-20,24.02501106262207,24.16943773704291,22.22910144996154,22.28561561071655,161260276
2012-12-21,23.491262435913086,24.38921724291568,23.35939366531562,24.037570781094658,118055296
2012-12-24,23.510101318359375,24.043851805618242,23.15845482622675,23.365674631380955,84450009
2012-12-25,23.340557098388672,23.717321169290052,22.486556741126076,23.1396144640218,111452815
2012-12-26,23.441024780273438,24.357820010846897,23.30287885809517,23.35311406553322,102044065
2012-12-27,23.290319442749023,23.80523122356162,23.045422354355804,23.5666148835895,82329093
2012-12-28,23.484983444213867,23.955939011378412,23.390791971470378,23.610571475687554,76343110
2012-12-31,23.516380310058594,23.79895473197938,23.315439457076494,23.54777866575175,65256756
2013-01-04,23.610567092895508,23.974773214838645,23.484979084734526,23.893141458672154,70518741
2013-01-07,23.051708221435547,23.484986537958523,22.78797242232168,23.484986537958523,72881803
2013-01-08,23.579172134399414,23.610568689424525,22.73145257285248,22.963789954522632,86612554
2013-01-09,22.882164001464844,23.59173602654155,22.656105514104315,23.472428727849472,81677355
2013-01-10,22.970069885253906,23.233805629742893,22.668658632439513,22.8570415637249,65235444
2013-01-11,22.197704315185547,23.09566096734541,22.10979359324826,22.995190544244007,74978994
2013-01-14,22.68121910095215,22.888438895140766,21.915131242497765,21.915131242497765,83137041
2013-01-15,23.133337020874023,23.340558620800625,22.430044042651776,22.700058760214617,111422893
2013-01-16,23.133337020874023,23.53521872271531,22.7942502332219,23.014027941501663,96534102
2013-01-17,22.436321258544922,23.183570439207582,22.36096844528195,23.057982417102632,66644797
2013-01-18,22.574466705322266,22.857041096473868,22.392364526274356,22.630982661484232,43579768
2013-01-21,22.436321258544922,22.76912906798485,22.354689493314897,22.543070628195935,47656417
2013-01-22,22.06583595275879,22.731453362416676,21.915130327540336,22.4488789677175,54250293
2013-01-23,22.524234771728516,22.706336962722645,22.1097933821164,22.1097933821164,55462992
2013-01-24,21.996761322021484,22.7063349633329,21.89001195703358,22.64981900843986,64124859
2013-01-25,21.764427185058594,22.16630889815172,21.758148232429757,21.996764601302313,42517087
2013-01-28,22.329572677612305,22.442601003222723,21.726748353662973,21.726748353662973,55022598
2013-01-29,22.68121910095215,22.794249222861385,22.16630729501513,22.34840948395201,69838999
2013-01-30,22.06583595275879,22.57446698873288,21.97792343977164,22.51795282841415,82413787
2013-01-31,22.09095573425293,22.45516192937018,22.028160819279773,22.310735241829565,54114475
2013-02-01,21.450454711914062,21.96536651940778,21.249513869292677,21.96536651940778,92246187
2013-02-04,21.149045944213867,21.613722595898246,20.351561431794565,21.45045724372166,92249862
2013-02-05,21.15532112121582,21.400218207493417,20.59645488559996,20.91042583149096,47593404
2013-02-06,21.563486099243164,21.927692296137952,21.230678258264668,21.412780458435588,73696591
2013-02-07,21.29347038269043,21.689073120475847,21.243235171433643,21.601160602500034,41098795
2013-02-08,21.494413375854492,21.701634990412973,21.29347251074545,21.29347251074545,35815605
2013-02-18,21.48185157775879,21.733029431193454,21.38766190384277,21.494411278879316,31322899
2013-02-19,20.797401428222656,21.61372467450586,20.671813374683182,21.538371842382176,45736822
2013-02-20,20.91042709350586,21.023455419192402,20.722044155291165,20.772279365941372,24548773
2013-02-21,20.244810104370117,20.722044616161035,20.03758850841466,20.722044616161035,49710909
2013-02-22,21.19300079345703,21.607442200897236,19.97479597430534,20.244810694565402,74570655
2013-02-25,20.97949981689453,21.3123076487229,20.803676574119727,21.161602012058783,34871265
2013-02-26,20.552501678466797,21.09881009149152,20.38295737846723,20.979501006561968,45718813
2013-02-27,20.508544921875,20.835075608513563,20.420634195897662,20.615294302187824,25023249
2013-02-28,20.904142379760742,21.16159733637199,20.376672767981532,20.56505387391214,50133318
2013-03-01,20.71576499938965,21.023455212458277,20.583896225314955,20.841351228227364,35322934
2013-03-04,20.043869018554688,20.59645634141485,19.89316338504737,20.59645634141485,51810459
2013-03-05,20.169456481933594,20.320162111222654,19.9999121998452,20.05642636169039,32867683
2013-03-06,20.163175582885742,20.376676121062317,20.031308607379717,20.207131840238684,37075242
2013-03-07,19.968515396118164,20.338998716127538,19.5101177652807,19.99991195269386,54967956
2013-03-08,20.018749237060547,20.408073014519836,19.780132886805525,19.95595612256553,51010053
2013-03-11,19.572912216186523,19.993630735476287,19.566631467776375,19.8366461597248,46844616
2013-03-12,19.09567642211914,19.855485309025106,18.995206003674,19.62942686752354,44884782
2013-03-13,19.353132247924805,19.773854388847905,19.04544202741573,19.12079484447221,49307610
2013-03-14,18.926132202148438,19.346854326418764,18.80682313072655,19.27777866782668,36637899
2013-03-15,18.957530975341797,19.20870884817472,18.75031116154912,18.951253819126062,40497220
2013-03-18,18.19144058227539,18.838219276420933,18.084691223985132,18.838219276420933,50620135
2013-03-19,18.2730770111084,18.392386099055333,17.977944665969737,18.191445233693358,32470270
2013-03-20,18.926132202148438,19.08311857888368,18.191442714066024,18.31703073752254,58468606
2013-03-21,18.68752098083496,19.020328885127757,18.561932922936425,18.926137392565533,39467907
2013-03-22,18.53053092956543,18.775428043612706,18.467737811198557,18.63728210527382,26209314
2013-03-25,19.89316177368164,20.081542902030296,18.524249685377445,18.524249685377445,109651269
2013-03-26,19.554073333740234,19.87432322988123,19.353130707695545,19.71733685942609,57576828
2013-03-27,19.685941696166992,19.94339670302288,19.38453043061292,19.554074716625298,48013563
2013-03-28,18.844497680664062,19.340570749921447,18.83821872954752,19.340570749921447,42387670
2013-03-29,18.725189208984375,19.208704391044552,18.668675054073024,18.838219315359673,28662852
2013-04-01,18.241676330566406,18.499131307032826,18.078411016053035,18.492852355546482,36662358
2013-04-02,18.285633087158203,18.568205673896887,18.14748537134206,18.285633087158203,24837306
2013-04-03,18.20400047302246,18.436339661979527,18.14748631205573,18.241677778035474,20248297
2013-04-08,17.607460021972656,17.833518502253614,17.255813497091165,17.833518502253614,38111958
2013-04-09,18.090972900390625,18.455177282319685,17.651413905314467,17.67653151084588,45558382
2013-04-10,18.13492774963379,18.2730754812809,17.965385256093562,18.147487450943935,25040088
2013-04-11,17.82723617553711,18.335867210777696,17.777000967203403,18.241677542566567,21605457
2013-04-12,17.65769386291504,18.078414228658495,17.58234104203052,17.827238159043443,18973671
2013-04-15,17.450471878051758,17.506986037527984,17.236971347232057,17.49442813389004,25544556
2013-04-16,17.52582550048828,17.620016968342224,17.010913699899177,17.205575587716574,24714123
2013-04-17,17.400238037109375,17.607457835833603,17.293488661591184,17.52582606611692,19452358
2013-04-18,17.39395523071289,17.70792616436856,17.086265045179307,17.350000773174283,23120164
2013-04-19,17.883752822875977,18.01561981395257,17.48815005309319,17.48815005309319,43699230
2013-04-22,17.701648712158203,17.83351568904871,17.56350098661362,17.645134550141247,28606149
2013-04-23,17.25581169128418,17.946546762578787,17.218136180123285,17.789560375841795,32933568
2013-04-24,17.481868743896484,17.632574369542358,17.28720686163237,17.324884166320224,26098038
2013-04-25,17.2620906829834,17.569782708169686,17.23069412418575,17.48187018767277,27010599
2013-04-26,17.324888229370117,17.676534771678988,17.268372259084156,17.30604957260813,27439188
2013-05-02,16.64670753479004,17.186736940549558,16.452045646907923,17.186736940549558,38809807
2013-05-03,16.690658569335938,16.992071531552156,16.64670232520521,16.64670232520521,29825781
2013-05-06,17.52582550048828,17.626295920451735,17.01719265200869,17.02347340067102,59737159
2013-05-07,18.254236221313477,18.838221890399097,17.400237643386006,17.576060880018133,99899710
2013-05-08,18.13492774963379,18.32958964579431,17.90886929502725,18.2730754812809,46480906
2013-05-09,17.990503311157227,18.442620231653965,17.79584141013845,18.229119676476255,41381145
2013-05-10,17.85863494873047,18.134928628867304,17.645136185083043,17.959105377871136,30198849
2013-05-13,17.971662521362305,18.185161254616265,17.833514802683965,17.858632406393415,26885403
2013-05-14,17.450471878051758,17.952823954624307,17.38767697020382,17.952823954624307,32826271
2013-05-15,17.450471878051758,17.563500197004213,17.21813449177514,17.46303157824244,22981936
2013-05-16,17.589622497558594,17.627571117806557,17.248075867446435,17.482097486107822,24916842
2013-05-17,18.01972007751465,18.07031764297271,17.551674953657756,17.633898485694644,41117560
2013-05-20,18.33596420288086,18.658535652404737,17.899545070922837,18.14621565272224,55534770
2013-05-21,18.152538299560547,18.39921064158344,18.000740213635062,18.34228500217944,40884291
2013-05-22,18.291690826416016,18.582636306693605,18.12724196485161,18.152541650509498,48143304
2013-05-23,17.804668426513672,18.146213237941815,17.779368743830993,18.1398905792412,45068922
2013-05-24,18.09561538696289,18.279037631026178,17.70979387516382,17.804668136070216,40271998
2013-05-27,17.836294174194336,18.114590708617165,17.773045866613614,17.956468130089153,33613690
2013-05-28,18.05766487121582,18.089289021505948,17.59594431484553,17.836292200032915,45355489
2013-05-29,17.981765747070312,18.18416320337413,17.96279053314783,18.063991070875737,38973720
2013-05-30,17.68449592590332,17.899544151059942,17.665522519523535,17.886893403897226,39701056
2013-05-31,17.51371955871582,17.88689029632853,17.507395091021337,17.68449285349803,32599836
2013-06-03,17.431499481201172,17.66552292772136,17.399875326927933,17.52004747508149,23906953
2013-06-04,17.096275329589844,17.444144568969467,17.02037629034006,17.43149563388242,30737149
2013-06-05,17.241748809814453,17.380897966776047,17.089950716534172,17.10260146242887,20503219
2013-06-06,17.096275329589844,17.298672767589263,16.9508017186338,17.248073408089407,25289559
2013-06-07,16.76105308532715,17.203798382294412,16.67882957917351,17.134223811129417,25589466
2013-06-13,15.799667358398438,16.634556894412952,15.666842665941356,16.634556894412952,36303829
2013-06-14,15.856589317321777,15.926163889488988,15.559317625896668,15.80598995748669,30669937
2013-06-17,15.49606990814209,15.913515595867784,15.483420971022952,15.875566974934245,26253457
2013-06-18,15.552995681762695,15.768043900741016,15.48342109830711,15.515045250941052,20117533
2013-06-19,16.33728790283203,16.34993865119267,15.527697914194842,15.62257038380599,61924816
2013-06-20,15.628896713256836,16.236089206696,15.616245964855334,16.071642144511078,31305207
2013-06-21,15.350598335266113,15.685818698913248,14.933152640690912,15.312647904133751,35548231
2013-06-24,13.870565414428711,15.306323894714048,13.851591103081311,15.306323894714048,47288508
2013-06-25,13.446794509887695,13.77569130170701,12.485405627623653,13.77569130170701,69443157
2013-06-26,13.598591804504395,13.75038989720176,13.092598162179842,13.516367385232654,42843010
2013-06-27,13.181146621704102,13.769364664205833,13.092597737171753,13.668165034238033,46123923
2013-06-28,13.200119972229004,13.661839574744777,12.656176863866314,12.91549812592434,36153085
2013-07-01,13.453120231628418,13.58594312166796,12.978750699114446,13.09259927834323,33551757
2013-07-02,13.143199920654297,13.459445099928208,13.016701487029465,13.313972353653735,40978627
2013-07-03,12.63720417022705,13.143198765024424,12.605579112207426,13.143198765024424,42302782
2013-07-04,13.535343170166016,13.826289526775426,12.21975873983977,12.523354938040894,97197108
2013-07-05,14.098261833190918,14.534681828541304,13.313970735263899,13.408845001344092,117601962
2013-07-08,13.288671493530273,14.022363248556994,13.231746751031508,13.845265457120082,59899917
2013-07-09,13.364569664001465,13.819963954751177,13.219096940183764,13.288670615543179,37699384
2013-07-10,14.69913101196289,14.69913101196289,13.421495070326186,13.421495070326186,111307816
2013-07-11,16.166513442993164,16.166513442993164,15.401196688325273,15.55931925194074,220628797
2013-07-12,15.654193878173828,16.12223892124012,15.565644082360174,15.93249039282576,150478879
2013-07-15,15.926163673400879,16.31830961159006,15.502393588137808,15.647867198083848,115222399
2013-07-16,15.837616920471191,16.248736339822766,15.647870192145916,15.812317236056078,82185732
2013-07-17,15.243072509765625,16.071639386204918,15.179824207342264,16.071639386204918,75285499
2013-07-18,14.977426528930664,15.331623010407137,14.926827160832321,15.217775336973936,51990910
2013-07-19,13.952788352966309,15.084950565897309,13.914838827075284,14.926827088957339,68210968
2013-07-22,14.458782196044922,14.47775741041298,13.712440653611011,13.92116348771955,61939999
2013-07-23,15.628896713256836,15.812318993255824,14.465109291255404,14.471434665456155,101471223
2013-07-24,15.590943336486816,15.742741431210769,15.034350322498991,15.432820773543373,80889921
2013-07-25,15.034350395202637,15.616243094458392,15.021700553914469,15.49606914982678,58531248
2013-07-26,14.812980651855469,15.072302901978574,14.528358714149046,14.850930183230446,41042212
2013-07-29,14.749730110168457,14.768704421760265,14.281685931850422,14.54733262765255,34772485
2013-07-30,15.255724906921387,15.799669052591263,14.939477931853174,14.958453148464043,69051111
2013-07-31,14.926828384399414,15.527697287003173,14.88255348129007,15.243074460937068,46152166
2013-08-01,15.394872665405273,15.483422472128577,14.926828469462322,15.059652274759127,50803965
2013-08-02,15.26204776763916,15.628894075294424,15.230423616337726,15.56564396311549,39288603
2013-08-05,15.578295707702637,15.67949444601331,15.249399808192951,15.287348430271363,53171766
2013-08-06,15.989416122436523,16.179164673338114,15.293675658142044,15.552996988769678,89319918
2013-08-07,15.945138931274414,16.36890906584733,15.685817637857447,15.862915415484455,91344400
2013-08-08,16.191810607910156,16.849604135320277,16.065312200634356,16.495406785372076,99322480
2013-08-09,17.810993194580078,17.810993194580078,16.387884662543986,16.44480849714413,235488142
2013-08-12,18.702810287475586,19.37325286296894,17.583297838644103,17.810995009827007,253746924
2013-08-13,18.715457916259766,18.949481349675114,18.34228712608839,18.361262341420254,111880021
2013-08-14,18.449813842773438,18.89888372614376,18.247416352755973,18.65853580195987,97882743
2013-08-15,18.53203582763672,18.81033235323849,18.089290450300375,18.456136775199873,113334337
2013-08-16,17.665523529052734,18.968458272885236,17.614922347086367,18.582636701228715,130719700
2013-08-19,19.07598304748535,19.10128273575023,17.557999942015996,17.773048197055715,150109920
2013-08-20,18.721784591674805,19.265726902646357,18.55733573793613,18.867256420102812,110189134
2013-08-21,19.038028717041016,19.341624914134464,18.633233787583084,18.728108051568807,100412835
2013-08-22,18.46878433227539,19.03170361962936,18.373911881001455,18.924180422439957,81963150
2013-08-23,18.177837371826172,18.797680440053156,17.595942919021812,18.46878278865249,107506281
2013-08-26,18.45613670349121,18.506736071585845,17.994416112445567,18.354937967301943,64695930
2013-08-27,19.12657928466797,19.53769869909897,18.361262483088474,18.468785688171756,122539411
2013-08-28,19.75274658203125,19.955144051478587,18.72178401963985,18.97478085644902,159193654
2013-08-29,19.411203384399414,19.822324674187442,19.310004631758012,19.607276420036243,87516778
2013-08-30,18.49408531188965,19.69582109050277,18.203138069228213,19.57564715072626,114031165
2013-09-02,18.380239486694336,18.78503447187191,18.076643247811155,18.52571313688661,57969351
2013-09-03,18.506736755371094,18.525711971501714,17.950143685765166,18.380238330460656,48666616
2013-09-04,18.63323211669922,19.158200946158853,18.089288074228772,18.405534989297244,79447971
2013-09-05,18.089290618896484,18.456136947215068,18.063992744091237,18.456136947215068,61740853
2013-09-06,18.158864974975586,18.46878565235634,18.095616669605537,18.101941138227314,40531618
2013-09-09,18.588960647583008,18.785033662474206,18.120917370926353,18.15886599436348,73872813
2013-09-10,18.9558048248291,19.08230323778514,18.481435323849936,18.75973183235323,80255661
2013-09-11,19.417526245117188,20.163867888794194,19.196155349239145,19.196155349239145,144083913
2013-09-12,18.962129592895508,19.417523886737552,18.85460639257682,19.417523886737552,66361881
2013-09-13,19.373249053955078,19.986765858845725,18.848280226771166,19.170851608252935,90225711
2013-09-16,18.974781036376953,19.50607439871419,18.89255751602832,19.265726496678326,64676272
2013-09-17,18.20313835144043,19.12025317918112,18.14621270987893,18.974779555595052,89436001
2013-09-18,18.133567810058594,18.335965310681985,17.77937218396766,18.17784271571406,47301874
2013-09-23,18.424509048461914,18.607931270543705,18.13356183243663,18.190485658328253,46050180
2013-09-24,18.082963943481445,18.620581718585477,18.026040112963877,18.45613469496229,61180093
2013-09-25,17.75406837463379,18.013389659709798,17.602270284407446,17.9754410419412,59189196
2013-09-26,17.75406837463379,18.437159780652333,17.286023358314576,17.77936805633818,76745892
2013-09-27,17.583297729492188,17.950144074464394,17.494749734925534,17.583297729492188,37503750
2013-09-30,17.836294174194336,17.886893544089396,17.49474933219079,17.773045866613614,32108343
2013-10-08,17.874244689941406,18.139892287920112,17.488423135506235,17.646547524349465,40835403
2013-10-09,18.09561538696289,18.171514433772803,17.728769089260304,17.89321792880312,50327314
2013-10-10,17.627567291259766,18.120911914421995,17.545343790591293,18.026037670032995,52859565
2013-10-11,17.665523529052734,17.880569956922393,17.583298191736645,17.709796622711828,34831221
2013-10-14,17.159526824951172,17.621247423694175,17.089952240267134,17.621247423694175,62169492
2013-10-15,17.646549224853516,17.924845787394958,17.393550540239453,17.399876819297685,65642874
2013-10-16,17.070980072021484,17.50739920836672,16.874907050773512,17.456799835759263,50541577
2013-10-17,17.070980072021484,17.475775052881136,17.001405482292157,17.153203600114523,31071418
2013-10-18,17.05832862854004,17.24807717286929,17.014053726919716,17.127903215432514,21750883
2013-10-21,17.165855407714844,17.178506157769405,16.52071420392393,17.014057264519735,54107328
2013-10-22,16.931827545166016,17.13422499558217,16.90020339593248,17.077301165046613,29294488
2013-10-23,17.273374557495117,17.63389457221144,17.001402524649475,17.05200188845443,66243481
2013-10-24,16.86857795715332,17.393544946856316,16.843276468209567,17.361920800040338,37051974
2013-10-25,16.31831169128418,16.976103444047887,16.26138604780528,16.824305347256264,39584407
2013-10-28,15.91351318359375,16.43215752795756,15.812314463676504,16.318309872838586,28481541
2013-10-29,15.805991172790527,16.242412042105936,15.217774021874261,15.938814050176266,37997251
2013-10-30,15.89454174041748,16.077965820946226,15.616245194650327,15.812318213380347,24481345
2013-10-31,15.926163673400879,15.989411967548655,15.654191665583461,15.755390383880563,20360203
2013-11-01,16.69780921936035,16.836956589015315,16.077966001143785,16.090614939486827,56701602
2013-11-04,16.7104549407959,17.52004474533914,16.68515525940392,17.140549524459495,45481785
2013-11-05,17.1215763092041,17.197475362237867,16.539683569278548,16.716783169266836,39604399
2013-11-06,17.184825897216797,17.51372178359815,16.874905225905316,17.12790206158328,53823441
2013-11-07,16.723108291625977,17.29867845721464,16.697810413131283,17.292352178014536,32086144
2013-11-08,15.99574089050293,16.659857136786144,15.856591725039637,16.451135198167325,37669303
2013-11-11,15.571971893310547,16.002066549204148,15.293675351261747,15.907192275657083,50018473
2013-11-12,15.72376823425293,15.793341004738396,15.502395557462306,15.552994923038673,23925832
2013-11-13,15.41384506225586,15.850265927695903,15.37589644458662,15.660517410621802,27828388
2013-11-14,15.654193878173828,15.717442181261228,15.382221831915421,15.527695462422951,28468251
2013-11-15,15.900867462158203,16.12856462799248,15.559320808618677,15.660519548989468,36925821
2013-11-18,16.248737335205078,16.280363299843476,15.78069404964165,15.9071924794664,51130368
2013-11-19,16.12224006652832,16.255062960108166,16.002066110634075,16.255062960108166,33118489
2013-11-20,16.1348876953125,16.280361324352977,16.06531311495713,16.20446227566787,24565243
2013-11-21,15.818641662597656,16.05266509999575,15.692145050435455,16.05266509999575,33555604
2013-11-22,15.711116790771484,15.90086530804937,15.704792322749148,15.87556562638405,18830017
2013-11-25,15.647869110107422,15.80599167437379,15.515044418930671,15.578294530382845,19571019
2013-11-26,15.647869110107422,15.761716777314872,15.565643784261992,15.565643784261992,13671169
2013-11-27,15.91351318359375,15.970437011153237,15.622565959043742,15.685816063779946,24665851
2013-11-28,17.248075485229492,17.488421567010125,15.907190487428279,15.926165701919818,123716446
2013-11-29,16.767379760742188,17.045676272472306,16.685156243761394,17.045676272472306,65311713
2013-12-02,16.51438331604004,17.07097816202337,16.242413075886766,16.546009277563435,86018017
2013-12-03,16.780033111572266,16.805332798383844,16.31831427965505,16.381562591895822,45136626
2013-12-04,16.76105308532715,16.98242573381078,16.55233118140798,16.773703829891613,48014241
2013-12-05,16.51438331604004,16.836954732715526,16.501734379091562,16.7673801507706,32155933
2013-12-06,16.55865478515625,16.74207699995449,16.444805328318072,16.444805328318072,19716072
2013-12-09,16.55865478515625,16.805327100325865,16.508055428689442,16.68515317632327,20184408
2013-12-10,16.64720916748047,16.72943451059793,16.451137942817443,16.63456022827866,26511534
2013-12-11,16.42583465576172,16.817978828741218,16.29933624357865,16.44480806040716,33719034
2013-12-12,16.008386611938477,16.40053253622149,16.00206214466314,16.33095796746551,36886807
2013-12-13,15.869239807128906,16.058988329887203,15.805991505926825,15.812315974131828,19901835
2013-12-16,15.331622123718262,15.81864056110456,15.306322441132272,15.692143957750648,40670301
2013-12-17,15.135550498962402,15.483421618348128,15.116576187702362,15.337947977939377,31742479
2013-12-18,15.249401092529297,15.375899526071601,15.116577284915797,15.135551597553059,21288610
2013-12-19,15.192473411560059,15.578294939526517,15.179824474683043,15.299996613319063,29917152
2013-12-20,13.75039005279541,15.262047433527297,13.674491005587885,15.167173172123885,81922048
2013-12-23,13.883214950561523,14.091937799505649,13.731416843979645,13.921164477206993,34104930
2013-12-24,13.832613945007324,14.079286291410314,13.661840642914797,13.946462511473017,28243495
2013-12-25,13.997063636779785,14.003389010329435,13.731416948244402,13.864239840118048,19358557
2013-12-26,13.522692680358887,14.01603647878709,13.40884411149084,14.01603647878709,34969341
2013-12-27,13.769366264343262,13.889540216853703,13.440469464499769,13.522693890657662,25292721
2013-12-30,13.74406623840332,13.965439841711461,13.737741769479493,13.807316356370283,19026679
2013-12-31,14.085612297058105,14.40185925433004,13.459443755957954,13.623892608037636,34983778
2014-01-02,14.003387451171875,14.060311282840287,13.908513192007202,14.022361760132016,20192484
2014-01-03,14.420832633972168,14.794003404202565,14.325959276746758,14.737078666036902,50644453
2014-01-06,14.231085777282715,14.724430518526788,14.218435030534238,14.420833406688871,41898507
2014-01-07,13.984414100646973,14.31963538162747,13.914839514017995,14.288011227551108,25790989
2014-01-08,13.819963455200195,14.20578496143221,13.80731451903573,13.90218787378518,24816154
2014-01-09,13.604917526245117,13.997062609100887,13.522693104865217,13.851589885596791,29699889
2014-01-10,13.598591804504395,13.756715270124818,13.484743234981371,13.604917177427453,21182634
2014-01-13,13.718765258789062,14.003387124862789,13.598591320619187,13.623891001835165,23660412
2014-01-14,13.70611572265625,13.75039062108448,13.41517026779095,13.731416310892417,20887015
2014-01-15,13.573291778564453,13.763039389629682,13.503717202113213,13.731415240179468,17031811
2014-01-16,13.921163558959961,14.079287028613555,13.497393420310269,13.566968000298496,42833934
2014-01-17,13.503719329833984,13.819965398105515,13.491070391891245,13.788341243672424,27439800
2014-01-20,13.162172317504883,13.45944314086037,13.098923109898605,13.45944314086037,26115303
2014-01-21,13.23807144165039,13.396194913956162,13.035673976163348,13.16217239209275,18276966
2014-01-22,13.66816520690918,13.725089942935954,13.168496947415417,13.25704583306641,38241346
2014-01-23,13.48474407196045,13.649192015922981,13.427819331271698,13.649192015922981,26056165
2014-01-24,13.636542320251465,13.819964576551001,13.377221012078728,13.408845164631861,32257683
2014-01-27,13.459441184997559,13.623890005664986,13.408842731053301,13.529016660436136,22433704
2014-01-28,13.522692680358887,13.623891408241594,13.40884411149084,13.478417784516203,15002712
2014-01-29,13.434144020080566,13.661841161657659,13.396194496484386,13.541667217875743,17878849
2014-01-30,13.21277141571045,13.472093614032636,13.162172050651293,13.440468558476654,19541580
2014-02-07,13.28234577178955,13.345594072262298,13.079947410167147,13.212771193608724,15528613
2014-02-10,14.199460983276367,14.382884147497414,13.40884539369696,13.427819704595366,80975232
2014-02-11,14.053986549377441,14.243735076339348,13.895863078505197,14.205785551904574,54192534
2014-02-12,14.12988567352295,14.19313487720112,13.984412052669168,14.117235832787316,29684055
2014-02-13,14.142535209655762,14.401858312923462,14.028686638203515,14.136210741413535,49946697
2014-02-14,14.25638484954834,14.401859392266337,14.129887332131322,14.142536269563747,37317354
2014-02-17,14.325959205627441,14.465106554257128,14.117236373106884,14.414507189377964,44809306
2014-02-18,14.003387451171875,14.351257623603699,13.927488405755334,14.351257623603699,39146256
2014-02-19,14.016036987304688,14.142535401747578,13.813640428984092,14.003388050648429,33548605
2014-02-20,13.965438842773438,14.256384297796902,13.800989995483228,13.832615052204591,50536414
2014-02-21,13.763040542602539,14.035012593640639,13.712441175412945,13.826289751589533,29758035
2014-02-24,13.358244895935059,13.661841082955581,13.313969999600562,13.661841082955581,35275899
2014-02-25,13.168498992919922,13.55431874507872,12.997725663100823,13.351921260723122,34208008
2014-02-26,13.541667938232422,13.554317780104064,13.16849805541299,13.250721575184638,37812922
2014-02-27,13.124220848083496,13.674489325108711,13.105245636219502,13.4088426925281,32798284
2014-02-28,13.28234577178955,13.345594072262298,12.997723895722174,13.060973100982924,24259680
2014-03-03,13.313970565795898,13.402519457442551,13.16217246583021,13.345594717561395,22170612
2014-03-04,13.402521133422852,13.630218311844834,13.048325522544214,13.276022700966196,39528540
2014-03-05,13.257047653198242,13.491070192657228,13.244397810654192,13.434145448814947,22436857
2014-03-06,13.155847549438477,13.263371659708616,13.067298654716982,13.155847549438477,19798636
2014-03-07,13.307644844055176,13.699790830151313,13.162172121125208,13.162172121125208,35843424
2014-03-10,12.763701438903809,13.149522045052144,12.719426542636358,13.143197576892797,31808806
2014-03-11,12.74472713470459,12.833275117698685,12.59925350952571,12.757376071028313,18504120
2014-03-12,12.770028114318848,12.820627483906483,12.61823000555594,12.71310337113871,19136416
2014-03-13,12.814300537109375,12.997723681739846,12.732077024018052,12.814300537109375,20625849
2014-03-14,12.732076644897461,12.921824251905807,12.675151910400977,12.776350634138762,18296185
2014-03-17,12.86490249633789,12.921826335223946,12.668829485090132,12.744728540130275,22461756
2014-03-18,12.795327186584473,12.953450672551604,12.744728720629208,12.871226242699548,24490812
2014-03-19,12.630878448486328,12.74472793038778,12.529679713274426,12.738402557043004,23631528
2014-03-20,12.295659065246582,12.68780419528056,12.283008317554126,12.517030863678148,25972896
2014-03-21,12.63720417022705,12.732078439497835,12.048986053197211,12.301982898201855,38884453
2014-03-24,12.763701438903809,12.801650962223906,12.523354457876518,12.523354457876518,35156602
2014-03-25,12.6878023147583,12.826951470869986,12.586603586522893,12.649852791670021,24921190
2014-03-26,13.269696235656738,13.465769242233698,12.428482181395038,12.675153652005312,64557208
2014-03-27,12.921825408935547,13.250721290532924,12.902851098929718,13.250721290532924,45153534
2014-03-28,12.801651000976562,13.136872243712869,12.68780243067163,12.909174198314995,36295728
2014-03-31,12.662503242492676,12.858576240285144,12.605578502724912,12.713102609047114,18452136
2014-04-01,12.770028114318848,12.833276421515293,12.630878943164753,12.656179532746668,15995544
2014-04-02,12.795327186584473,12.959776046288587,12.713103661520535,12.744728720629208,21566344
2014-04-03,12.681476593017578,12.915499098018653,12.662502284389369,12.807975904620195,21278662
2014-04-04,13.168498992919922,13.408846005592197,12.618230379934074,12.668829751022974,71848474
2014-04-08,13.408844947814941,13.579617359374273,12.991399264474234,13.067298315120171,63903492
2014-04-09,13.491068840026855,13.712440609958689,13.326619998653927,13.491068840026855,56424057
2014-04-10,13.459441184997559,13.623890005664986,13.307643108801077,13.516365915965192,48436782
2014-04-11,13.23807144165039,13.421493692354002,13.219097131655,13.402519382358612,31800348
2014-04-14,13.332944869995117,13.503717268398095,13.111572203605055,13.155846194010277,39921550
2014-04-15,13.288671493530273,13.465769284967186,13.155847697558547,13.28234702480157,30975625
2014-04-16,12.738401412963867,13.060972804874602,12.713101731433142,13.060972804874602,67308903
2014-04-17,12.65617847442627,12.814301038771239,12.630877886960011,12.738401990736529,27808060
2014-04-18,12.694129943847656,12.7447293169586,12.554980763004407,12.65618041401445,18534684
2014-04-21,12.523354530334473,12.763701512752368,12.491729474990745,12.599253577413808,20747061
2014-04-22,12.415830612182617,12.599253764407315,12.270357888848842,12.523354716201514,25450387
2014-04-23,12.396855354309082,12.479079775304667,12.320956306369167,12.403180727364752,12628894
2014-04-24,12.226083755493164,12.434805698705016,12.21343391333523,12.396856172231217,17638786
2014-04-25,12.219759941101074,12.295658998112598,12.14386088408955,12.226084410124637,16404679
2014-04-28,12.226083755493164,12.498055814282761,12.21343391333523,12.396856172231217,24365544
2014-04-29,12.33360767364502,12.377881668112423,12.093259771609155,12.194459412080505,18303031
2014-04-30,12.232409477233887,12.320957470072377,12.20710888740961,12.320957470072377,12028894
2014-05-05,12.156508445739746,12.270357923154776,12.048985246208256,12.207107811351747,16279426
2014-05-06,12.314631462097168,12.510703544227908,12.156507997989673,12.16283337085221,21582274
2014-05-07,12.112234115600586,12.2513823671549,12.0869344334998,12.207107471084527,14046294
2014-05-08,12.131209373474121,12.314632535442975,12.067961068063982,12.08061000531555,15243555
2014-05-09,12.352582931518555,12.491730288774187,12.137534712662944,12.175484238674862,31682457
2014-05-12,13.010374069213867,13.212771531219904,12.346256944612549,12.491729668035374,94569424
2014-05-13,12.63720417022705,12.93447591550155,12.586604801226121,12.890201015231693,45941212
2014-05-14,12.536005020141602,12.706778337300118,12.460105969135164,12.592928856002402,21522409
2014-05-15,12.33360767364502,12.548654986971997,12.31463245831037,12.460106093249124,22048213
2014-05-16,12.33360767364502,12.428481940742131,12.238733406547908,12.339932142231191,15374043
2014-05-19,12.403902053833008,12.486977628769601,12.205797212706537,12.34638833490215,15071557
2014-05-20,12.29526424407959,12.538102800871664,12.263312379763235,12.493369093831824,13601262
2014-05-21,12.378339767456055,12.423073470992822,12.19940678163708,12.295263281243793,13050802
2014-05-22,12.263311386108398,12.461416219808864,12.237749531060857,12.397511582190011,18672559
2014-05-23,12.3080472946167,12.327218232254971,12.23775172355988,12.263313583187049,11764404
2014-05-26,12.327216148376465,12.45502542490654,12.301654293070449,12.435854490509056,16666140
2014-05-27,12.26970386505127,12.442245951450836,12.25692202174032,12.423075014812735,16453536
2014-05-28,12.359169960021973,12.391121824749339,12.218578829896341,12.269703458955563,23215636
2014-05-29,12.244141578674316,12.391122726779479,12.237751570929325,12.36556086747112,18930934
2014-05-30,12.327216148376465,12.448634503998008,12.244139661549887,12.244139661549887,23381731
2014-06-03,12.256919860839844,12.397510970832405,12.237748927581586,12.333605422200877,19768633
2014-06-04,12.02686595916748,12.256922696474117,11.905447582671085,12.256922696474117,31721316
2014-06-05,12.39751148223877,12.525319842282013,12.077988296720568,12.084377389184874,51683079
2014-06-06,12.205796241760254,12.397511060716809,12.077987886062564,12.397511060716809,27157986
2014-06-09,12.3080472946167,12.512542171634053,12.218579871757397,12.256922661198152,41331250
2014-06-10,12.327216148376465,12.371948938079964,12.180235023284851,12.269702431019958,23077464
2014-06-11,12.333606719970703,12.397512275326518,12.224969287026832,12.276092999980206,19483527
2014-06-12,12.205796241760254,12.35277735918321,12.193016228938092,12.295262730663444,22633014
2014-06-13,12.276092529296875,12.365559023535004,12.19940696280705,12.205796969599172,23575074
2014-06-16,12.26970386505127,12.314436659982949,12.218579234299954,12.25692202174032,18364113
2014-06-17,12.244141578674316,12.339999008162762,12.224970641275146,12.269704352146872,16563558
2014-06-18,12.276092529296875,12.359169016742882,12.052425836619522,12.231359739259842,33529687
2014-06-19,12.090768814086914,12.333606445205563,12.065206958179688,12.269702719601574,29942091
2014-06-20,12.161063194274902,12.244139681235042,12.084377628233568,12.109940397744737,17939823
2014-06-23,12.288872718811035,12.384730128246868,12.090767893531117,12.17384437598644,33207264
2014-06-24,12.800110816955566,13.087681219288617,12.212187256876321,12.231359104586,120340645
2014-06-25,12.416682243347168,12.678691708904822,12.403901316104454,12.621177079230595,56787903
2014-06-26,12.429466247558594,12.589228334724337,12.403904386745214,12.49337089959204,36102727
2014-06-27,12.384732246398926,12.51893245972846,12.308046671400382,12.423075033898197,29779621
2014-06-30,12.55727481842041,12.61478854062325,12.359169966023664,12.403902759496527,34412452
2014-07-01,12.582836151123047,12.819283797027182,12.467807788993397,12.614788931018918,43293901
2014-07-02,12.602005958557129,12.640348742498066,12.455025743865573,12.589225944740894,26818747
2014-07-03,12.659520149230957,12.84484405555237,12.627568287478603,12.653130142546106,38461863
2014-07-04,12.53171157836914,12.723425502152688,12.506149721864668,12.659520860891506,25010797
2014-07-07,12.403902053833008,12.5636631967868,12.378340197827276,12.538102254945148,20370034
2014-07-08,12.423072814941406,12.474196522475602,12.333605412592565,12.474196522475602,17458581
2014-07-09,12.570053100585938,12.940700896836919,12.429462903932256,12.448633837303028,61417998
2014-07-10,12.819282531738281,12.998216435998538,12.512540263001961,12.589225830186042,102169900
2014-07-11,12.819282531738281,12.966262745092399,12.710645101976203,12.78093974814624,57742206
2014-07-14,13.030167579650879,13.138805003419003,12.768158115812664,12.908748314559896,75828348
2014-07-15,13.189932823181152,13.273008412767377,12.927922381673088,13.036561660101132,83612793
2014-07-16,12.9279203414917,13.253834468685694,12.864016614457377,13.151587956932318,46742226
2014-07-17,12.921527862548828,13.068508966269567,12.812889536212117,12.972651565727533,30867201
2014-07-18,12.876795768737793,13.10046152503712,12.844842995458476,13.10046152503712,27286732
2014-07-21,12.7362060546875,12.857625326583934,12.653130480580737,12.844844398708734,28576485
2014-07-22,13.074901580810547,13.196319934514335,12.697862849755921,12.697862849755921,67902399
2014-07-23,12.972654342651367,13.15797826342654,12.883187842937451,13.087682699426402,49929322
2014-07-24,13.349691390991211,13.522233458726777,12.966262643899153,12.966262643899153,114027027
2014-07-25,13.937614440917969,14.301871325132378,13.426376436041807,13.426376436041807,175734984
2014-07-28,14.046253204345703,14.544710329461479,13.809805570273756,13.944005776458184,163131433
2014-07-29,13.969568252563477,14.180454039010035,13.828978032987155,14.014301961328929,89254896
2014-07-30,13.886491775512695,14.090987554793045,13.80341619364132,13.835368973397802,65188882
2014-07-31,14.186842918395996,14.199622931444527,13.867318823918106,13.867318823918106,88465183
2014-08-01,13.988739013671875,14.33382407120856,13.982348092561377,14.142110150354847,86811103
2014-08-04,14.947310447692871,15.145415301791877,13.867320589483374,14.027082657062971,151746150
2014-08-05,15.177366256713867,15.835585423740444,15.030386040951731,15.343518321668155,173287012
2014-08-06,15.579967498779297,15.688606775836703,14.82589262314957,15.113464007378616,134733817
2014-08-07,15.222101211547852,15.81002486534793,15.209319368261172,15.57996631281425,103825560
2014-08-08,15.011214256286621,15.317956531366942,14.966480550755364,15.151804465698435,75306531
2014-08-11,15.432985305786133,15.579964603321748,15.068728408679874,15.266832331260144,74421616
2014-08-12,15.375472068786621,15.7077743715706,15.298785585904342,15.471327658438225,69792483
2014-08-13,15.29239559173584,15.381861179832741,14.985653298269398,15.36908116510245,64452933
2014-08-14,14.864234924316406,15.317958384855768,14.80672028369747,15.260444658401031,55604320
2014-08-15,14.915358543395996,15.055947846099441,14.825891127588852,14.845062063716,47640447
2014-08-18,14.921746253967285,15.049556444350511,14.832280674777916,14.940918102482186,41849085
2014-08-19,14.80033016204834,14.979263176119321,14.64056808526001,14.928139457813327,61591342
2014-08-20,14.806718826293945,14.9345290246265,14.730033255792877,14.730033255792877,42157314
2014-08-21,14.5127592086792,14.940919877806728,14.429682712183313,14.82589151554146,58102161
2014-08-22,14.468024253845215,14.563880757063862,14.378557757564572,14.499976116863403,39765015
2014-08-25,14.710862159729004,14.947309789942635,14.199624114469595,14.46163360123799,79575793
2014-08-26,14.282700538635254,14.819500437941851,14.237967746955427,14.538319102988826,43548154
2014-08-27,14.2571382522583,14.563880520232397,13.937615056451952,14.212404547763379,56647617
2014-08-28,14.039860725402832,14.33382296213065,14.00790886481486,14.193232764382744,31876102
2014-08-29,14.29548168182373,14.410510037512596,13.931224765060264,14.065424970445997,40583695
2014-09-01,14.321043014526367,14.352995791463709,14.122938174341444,14.237967439984613,39679770
2014-09-02,14.499975204467773,14.544708906875316,14.244356659750464,14.340214071101467,50969206
2014-09-03,14.551100730895996,14.761985586297328,14.461633320526847,14.51275794680811,65833176
2014-09-04,14.557491302490234,14.602225012219092,14.442462938541397,14.576663153563794,41266887
2014-09-05,14.666130065917969,14.755596568118069,14.480805225828686,14.589444492603596,54695968
2014-09-09,14.563880920410156,14.75559575732586,14.525538135859833,14.672519267051449,37858735
2014-09-10,14.627785682678223,14.870623305002011,14.570271051887936,14.570271051887936,61985389
2014-09-11,14.365777015686035,14.691691162753337,14.346606079239569,14.634177439249784,56991751
2014-09-12,14.372167587280273,14.378558508716228,14.161281806519812,14.321043872449147,41123454
2014-09-15,14.442460060119629,14.51914562080188,14.174060597731755,14.378556340381747,49686654
2014-09-16,14.007909774780273,14.468024093281388,13.96956699108552,14.442461323320813,50868150
2014-09-17,14.0845947265625,14.161280290600246,13.944004525826632,14.027081010616206,30810079
2014-09-18,14.065423965454102,14.142109530434068,13.96317563131677,14.084594899617072,30865878
2014-09-19,14.122939109802246,14.148501881543766,14.00791075070402,14.065425387335202,28154191
2014-09-22,13.73311996459961,14.116548732371466,13.694777179238836,14.116548732371466,34797855
2014-09-23,13.739511489868164,13.803416134945234,13.656434994185897,13.707559624411706,35162308
2014-09-24,14.001519203186035,14.046252909028372,13.630873199050585,13.72672970359773,49871061
2014-09-25,14.065423965454102,14.231576022910694,13.9440046971538,14.014300255467457,50584363
2014-09-26,13.969568252563477,14.046253826877834,13.886491756640845,14.033473811989596,25565833
2014-09-29,13.860931396484375,14.020692559285905,13.822588607712303,14.001520707817773,38497164
2014-09-30,13.937614440917969,14.033471852508507,13.87370980457895,13.931223520202053,28817316
2014-10-08,14.046253204345703,14.084595989803523,13.93761576929727,13.944005776458184,29854627
2014-10-09,14.321043014526367,14.340214863521588,13.982347966978105,14.046252606688714,69570549
2014-10-10,14.078205108642578,14.282700879165144,14.033473230060343,14.282700879165144,44774290
2014-10-13,14.46163272857666,14.468023649411752,14.193233250947708,14.193233250947708,93601771
2014-10-14,14.352993965148926,14.5319269335707,14.257136560698138,14.493584154623177,50707653
2014-10-15,14.269918441772461,14.44246050149862,14.110157309217277,14.372165859140264,35131831
2014-10-16,13.944005012512207,14.218795416987115,13.931224084726491,14.15489077805854,40660161
2014-10-17,14.014299392700195,14.250746079749952,13.745899931793884,13.899271052311777,40345042
2014-10-20,13.969568252563477,14.071816599146773,13.91844545051806,14.052644748486108,21346476
2014-10-21,13.688385963439941,13.892880800640965,13.675605036114877,13.892880800640965,30694696
2014-10-22,13.528623580932617,13.790633041712525,13.509452647500142,13.688385625635293,25195392
2014-10-23,13.17714786529541,13.579747530337304,13.049338592927194,13.509452887616797,38070258
2014-10-24,13.241055488586426,13.362474781809746,13.170760830007843,13.22827547263053,24761442
2014-10-27,13.189932823181152,13.253836560300254,13.055732598404013,13.253836560300254,20258524
2014-10-28,13.471111297607422,13.496673154342355,13.221882737359767,13.221882737359767,29985259
2014-10-29,13.598919868469238,13.70116821108701,13.464720575705881,13.515845204096825,39072718
2014-10-30,13.618090629577637,13.771461759995615,13.490281354229321,13.586138767822582,37333357
2014-10-31,14.05903434753418,14.282701056535913,13.515845335668475,13.605310922272215,92727267
2014-11-03,14.033473014831543,14.244357875134833,13.944005602382749,14.161281383931282,63416593
2014-11-04,13.956786155700684,14.122937294432385,13.892880605807543,13.956786155700684,41285667
2014-11-05,13.790634155273438,14.052643637209988,13.771462306128871,13.937615284834838,34388040
2014-11-06,13.726729393005371,13.867319600213744,13.624481969581101,13.74590124197946,30257401
2014-11-07,13.586140632629395,13.899273857294837,13.554188766488688,13.73312086237215,36374538
2014-11-10,13.803415298461914,13.892881796148165,13.509453948921372,13.598919532443526,47555232
2014-11-11,13.669217109680176,14.00152035653685,13.611702470882944,13.7970264023805,68304282
2014-11-12,13.931225776672363,13.956788549512455,13.579749762796439,13.61170254322342,47550424
2014-11-13,14.544708251953125,14.621393811915304,13.841756371469163,13.995128405557505,180245910
2014-11-14,14.276310920715332,14.480804863607663,14.122938863758872,14.346605570746426,88524958
2014-11-17,14.116547584533691,14.5511000307858,14.06542387487627,14.468023545510473,59234991
2014-11-18,13.982348442077637,14.18045328899387,13.8992728647131,14.078204947818573,50750454
2014-11-19,13.867319107055664,14.02708115755657,13.809804476342846,13.937614665241995,39528379
2014-11-20,13.90566349029541,13.969568135019664,13.777854200846907,13.816196987681458,29805436
2014-11-21,14.065423965454102,14.084594899617072,13.84814728384682,13.918443756324521,42484177
2014-11-24,14.244357109069824,14.499975661850282,14.046252273582942,14.250747115807307,94008645
2014-11-25,14.557491302490234,14.66613057302151,14.122939705350182,14.174063422660776,114297303
2014-11-26,14.384947776794434,14.563880769508616,14.282700352386328,14.525537985355577,86674413
2014-11-27,14.576662063598633,14.851452480677802,14.384948138019249,14.442461858611011,134985781
2014-11-28,14.378557205200195,14.666128532137009,14.17406145025052,14.602222980227452,91185928
2014-12-01,14.378557205200195,14.761985031673248,14.225186074610974,14.25074701554513,97881429
2014-12-02,14.65334701538086,14.800328142537051,14.289090115071565,14.44246124906199,130486320
2014-12-03,15.976174354553223,16.116765474323053,14.544709528766791,14.659737878807874,323954499
2014-12-04,16.135934829711914,16.385163368277734,15.720555150987584,16.00173555061034,261231063
2014-12-05,15.407423973083496,16.040080373777414,14.889795011609465,16.03368853845439,194081739
2014-12-08,15.93783187866211,16.212624132455208,15.081509651608858,15.337129141012769,175158844
2014-12-09,15.362690925598145,16.864450505083884,15.20931886701832,15.771680644039996,240240199
2014-12-10,15.778069496154785,15.950612478072182,15.081508475848498,15.375471642785024,116697165
2014-12-11,16.014516830444336,16.519363896418135,15.599135337958254,15.784458319583374,125644975
2014-12-12,16.519365310668945,17.573791405467613,16.50658346860329,16.947526852454057,212759454
2014-12-15,16.167888641357422,16.38516349218127,15.963393803721768,16.321259769584163,103055302
2014-12-16,16.091205596923828,16.199843039347005,15.64387215538503,15.758901433731252,113189652
2014-12-17,15.624700546264648,15.9825665737069,15.413815665746846,15.97617656601324,104685912
2014-12-18,16.34682273864746,16.93474543692851,15.624698922773508,15.624698922773508,181399551
2014-12-19,16.225404739379883,16.60883261623702,15.982566169872863,16.33404400906899,125510250
2014-12-22,16.05925178527832,16.973090512809684,15.925052485125862,16.48741520091324,134253667
2014-12-23,15.87392807006836,16.615221934576937,15.324347221872008,15.841976205404364,113278801
2014-12-24,16.001737594604492,16.263746179729733,15.516062296854356,15.880318313084887,71809231
2014-12-25,16.359601974487305,16.423507526728944,15.707773751931859,15.995345994527082,103151785
2014-12-26,16.755815505981445,16.96670223148079,16.45546318072087,16.474635033644176,170914263
2014-12-29,17.10089874267578,17.484326596660573,16.519366040383456,16.755812759925355,175531836
2014-12-30,16.50019645690918,17.305395975035758,16.487416440851796,17.177586672819512,114470584
2014-12-31,16.53853416442871,16.743028996426293,16.1678881955971,16.500192297593173,80919261
2015-01-05,18.193668365478516,18.193668365478516,16.73025070240294,16.73025070240294,303462099
2015-01-06,17.688817977905273,18.40455165976309,17.529056860538592,18.40455165976309,218502202
2015-01-07,17.75911521911621,18.3662097169225,17.445982960456224,17.631305947384785,142377909
2015-01-08,17.183975219726562,17.84858536306894,17.056165928377705,17.76550795244594,105497452
2015-01-09,16.838886260986328,17.52905814136225,16.806934400843886,17.203144048590953,95781609
2015-01-12,16.87084197998047,17.094506856225184,16.551317855115098,16.679127139395604,73035963
2015-01-13,16.928356170654297,17.062555465791338,16.67912760230817,16.81332872577348,50989335
2015-01-14,16.084814071655273,17.030602754579384,15.988956653466055,16.96669902800536,87466408
2015-01-15,16.353214263916016,16.35960427153897,15.829195243938244,16.167891244551836,69862329
2015-01-16,16.429899215698242,16.743031517257748,16.372385492621657,16.551318497559702,66825820
2015-01-19,15.311566352844238,16.072032025043164,15.145414289037188,15.656650494279418,91577635
2015-01-20,15.669432640075684,15.765290058903961,15.362690362487752,15.362690362487752,63494049
2015-01-21,16.38516616821289,16.672738451850496,15.675824127232188,15.682215963198269,104929095
2015-01-22,16.691909790039062,17.113679534418385,16.19984265049211,16.295700075424975,121074909
2015-01-23,16.576881408691406,17.139242317085852,16.359604689011167,16.934747441306055,99599881
2015-01-26,17.33095359802246,17.56101028576233,16.58326799162186,16.69190724318949,166632172
2015-01-27,17.10728645324707,17.382076835462133,16.762200516822947,17.369296822875746,110803480
2015-01-28,16.7813720703125,17.22231357840082,16.685514664280447,16.998648735429956,67787488
2015-01-29,16.787765502929688,17.222317093530005,16.628004345820475,16.743031793874046,80333143
2015-01-30,16.838886260986328,17.330953317488717,16.806934400843886,16.82610624826055,81710731
2015-02-02,16.155107498168945,16.61522090273823,16.11037379342045,16.61522090273823,74691328
2015-02-03,16.353214263916016,16.41072981750768,15.912272656350085,16.219014962192187,70741084
2015-02-04,16.072031021118164,16.487412525935476,16.04007916023315,16.45545883672242,52479421
2015-02-05,15.78445816040039,16.359600775096627,15.771678147885883,16.29569705586814,63755005
2015-02-06,15.426594734191895,15.925051870267763,15.337129146987255,15.797242582598088,53944291
2015-02-09,15.567184448242188,15.688603717561787,15.394641468506768,15.464937027410546,39184189
2015-02-10,15.739727973937988,15.75250798782119,15.54801313906464,15.592746844312178,32074293
2015-02-11,15.835586547851562,16.014519553581067,15.714167265453039,15.778070996192284,39126442
2015-02-12,15.599137306213379,15.835585853230448,15.528843571149276,15.835585853230448,40175818
2015-02-13,15.771681785583496,16.04008222190173,15.669434348572434,15.669434348572434,49956280
2015-02-16,15.886711120605469,15.92505299545128,15.726948128484128,15.784461854917044,40623387
2015-02-17,15.78445816040039,16.001734828098783,15.752506300786148,15.90587742092808,44979217
2015-02-25,15.548012733459473,15.746117570106406,15.484109009054208,15.746117570106406,38052034
2015-02-26,16.033687591552734,16.040079426498274,15.548012350391804,15.548012350391804,60584950
2015-02-27,16.4171142578125,16.698296469123676,15.93144087916941,16.072030156497053,105620445
2015-03-02,16.519365310668945,16.672736445487956,16.33404231317801,16.538535331275213,73383781
2015-03-03,16.596052169799805,16.787765189081103,16.167890594689574,16.44907103040956,103265956
2015-03-04,16.51297378540039,16.78137419053528,16.39794634629128,16.570489333283124,56560371
2015-03-05,16.250961303710938,16.4874097886572,16.11676204761153,16.4874097886572,55642444
2015-03-06,16.493803024291992,16.66634417521305,16.167888914227603,16.302088196608906,79590810
2015-03-09,16.43628692626953,16.487412463150118,16.008127238387942,16.30208764840109,51955477
2015-03-10,16.397947311401367,16.615222188430042,16.35960361055614,16.481022892128316,52543098
2015-03-11,16.155107498168945,16.474631609950578,16.103983786550135,16.295698619284742,50334625
2015-03-12,16.38516616821289,16.474633588454378,16.135937587058315,16.2254050072998,55945966
2015-03-13,16.64078712463379,16.74303273513595,16.33404480814203,16.44268225481742,86025297
2015-03-16,16.87084197998047,16.92196569369267,16.500194141402897,16.67273713226363,110846431
2015-03-17,17.011430740356445,17.31178300599583,16.78776404285936,16.896401473978912,130786191
2015-03-18,17.152019500732422,17.22870505831416,16.896399147132065,17.01142839766862,104564091
2015-03-19,17.228708267211914,17.471544997285843,16.985869708809737,17.158412702587256,116979294
2015-03-20,17.081727981567383,17.41403214286634,17.030604264444467,17.23509913293613,100175172
2015-03-23,17.324565887451172,17.561012612991878,17.17758474927927,17.254270322021792,128213239
2015-03-24,17.152019500732422,17.37568433909988,16.826105423928073,17.330952468423135,128747149
2015-03-25,16.819713592529297,17.12645765123847,16.74302803493398,17.12645765123847,92404764
2015-03-26,17.024211883544922,17.152021158534353,16.679125926909414,16.743029650240086,92849139
2015-03-27,17.120067596435547,17.279828717222202,17.030600198665162,17.06255205715691,81358930
2015-03-30,17.426809310913086,17.522666711883282,16.947524134389965,17.120067090470748,145423180
2015-03-31,17.369298934936523,17.68243122131478,17.228707809422897,17.50988823212195,150361641
2015-04-01,17.906095504760742,18.12976217695607,17.241485494381717,17.369296588488723,184915912
2015-04-02,17.89970588684082,18.05307702476844,17.63769731662985,17.99556330512763,136637652
2015-04-03,17.976390838623047,18.404554202714458,17.733554126072363,17.98278267373005,151589028
2015-04-07,18.2192325592041,18.315089990929316,17.835804660631684,17.98917582006065,152979573
2015-04-08,17.816627502441406,18.321474542289426,17.567398985512906,18.3086945303074,160601466
2015-04-09,17.420419692993164,18.021124198612533,17.26704856325989,17.816629358968168,126750828
2015-04-10,18.50680160522461,18.53236346316697,17.39485987056772,17.445985414780743,212652172
2015-04-13,18.51958465576172,18.775203251850634,18.315089778890588,18.634613938165938,165909645
2015-04-14,18.34065055847168,18.724078430026093,18.04029826867198,18.5259735726409,132881391
2015-04-15,17.618526458740234,18.40455587026112,17.605746444024533,18.35982216209959,108755695
2015-04-16,17.86136245727539,17.995561734164784,17.273439813210206,17.57379022751923,100486366
2015-04-17,18.398160934448242,18.74324687022056,17.98917127920874,17.98917127920874,182342953
2015-04-20,18.736858367919922,19.478154078207286,17.957222613127133,18.27035491652776,280792338
2015-04-21,19.04360008239746,19.13945566651609,18.28313444608897,18.724075983684486,173125800
2015-04-22,19.17780303955078,19.49093536335974,18.979698170068207,19.165023023882704,174265638
2015-04-23,21.094942092895508,21.094942092895508,18.97969614583739,19.228924708068288,292643926
2015-04-24,21.753162384033203,22.590313733502825,21.10772589354935,21.299438924206722,404893999
2015-04-27,21.433637619018555,21.842627321453747,21.107723492808464,21.663694326638353,222611830
2015-04-28,20.328083038330078,21.91291973593924,20.06607267659812,21.267481583252145,224168035
2015-04-29,21.24192237854004,21.82345505773118,20.641217850329195,21.088551243038737,229204152
2015-04-30,20.647611618041992,21.216362508342144,20.507020483176603,21.216362508342144,143898654
2015-05-04,20.430335998535156,20.762640174290002,20.066078126942184,20.737078314616554,91218067
2015-05-05,20.002174377441406,21.165239905905526,19.938268814139835,20.60287899349678,123072649
2015-05-06,19.804065704345703,20.564531340102768,19.490931612468746,20.25778908315821,102253950
2015-05-07,19.982999801635742,20.22583834941938,19.650695671419516,19.77211311698316,81333609
2015-05-08,20.27056884765625,20.443111822152556,19.71459805668373,20.321694384847792,85432896
2015-05-11,21.15273666381836,21.335586133636717,20.315481946474115,20.47908371724599,74482535
2015-05-12,20.83515739440918,20.91214635659511,20.48870798235333,20.700427169474217,134773639
2015-05-13,21.518434524536133,22.297947941218293,20.40209373367526,20.690801862650428,184646656
2015-05-14,23.67412757873535,23.67412757873535,21.094994727031285,21.17198368519134,285321926
2015-05-15,23.356548309326172,25.752831739379776,23.260311651036304,25.021435706163007,413676113
2015-05-18,22.22096061706543,23.07746305344041,22.134347804896986,22.528916466748043,185288621
2015-05-19,22.75025749206543,23.029343603381946,22.134345847175865,22.22095865168365,127338303
2015-05-20,22.769506454467773,23.443161230151368,22.326820394007168,22.846495414354905,153291131
2015-05-21,22.663644790649414,22.721387884291588,22.35568896680381,22.711764035351226,119840261
2015-05-22,23.462406158447266,23.933965583970533,22.596279935342796,22.81762295675232,182449518
2015-05-25,23.914718627929688,24.222674464761425,23.096709789119394,23.241063858189072,181486353
2015-05-26,24.164934158325195,24.47289000731564,23.385418850561276,23.9820846846515,195005673
2015-05-27,25.136919021606445,25.502616105280385,23.770363670089715,24.10718920680459,247830497
2015-05-28,22.625152587890625,25.136920409617286,22.625152587890625,24.963694789420742,238501870
2015-05-29,21.951496124267578,23.000471779032925,20.690801303017665,22.47117294504078,179072750
2015-06-01,22.96198081970215,23.03896978310222,21.74940326947975,22.14397193635033,138640751
2015-06-02,23.20256996154785,23.38541758980218,22.577032612003244,22.990848950110028,149926759
2015-06-03,23.49127769470215,23.760739961224623,22.30757179582262,23.221815428179674,183422745
2015-06-04,23.087085723876953,23.481654365573053,21.364457089372785,23.47203051631686,140654886
2015-06-05,24.049448013305664,24.61724225610129,23.192945642386828,23.212193340411446,260032737
2015-06-08,24.482507705688477,24.521001259359757,23.26030663097538,24.078315296553484,214495034
2015-06-09,24.944446563720703,25.502616975034854,24.05907261795741,24.49213665930527,271536562
2015-06-10,24.193803787231445,24.723104506946957,24.059073562660274,24.068697412352737,170657207
2015-06-11,24.367027282714844,25.021434320162786,24.059071461694987,24.193801674500804,162999626
2015-06-12,24.57874870300293,24.87708068022814,23.81848115085559,24.453640501366817,211648179
2015-06-15,24.13606071472168,25.011810779886776,23.96283510437052,24.877080565418762,164316525
2015-06-16,22.654024124145508,23.760741120225084,22.3075728839405,23.751117270712545,141251306
2015-06-17,22.894617080688477,23.03897116628494,21.7301568743452,22.605907073933764,115071424
2015-06-18,21.53767967224121,22.98122394033024,21.33558435577825,22.80800017003118,108087567
2015-06-19,19.834299087524414,21.932250411312047,19.68032117711445,21.32596078295651,109962125
2015-06-23,20.19999885559082,20.209622705718093,18.246401333235852,19.88241914363772,103178193
2015-06-24,20.6908016204834,20.758166727418388,20.094135835873562,20.402093494887296,113162909
2015-06-25,19.266502380371094,20.690798786537584,19.074029099295082,20.652303396097885,108560324
2015-06-26,17.341781616210938,18.958551742039322,17.341781616210938,18.958551742039322,125237853
2015-06-29,16.15807342529297,17.97693865736429,15.609525048983706,17.899949701392,150732521
2015-06-30,17.457260131835938,17.64010957284112,15.118719215260095,16.263930512421528,157726126
2015-07-01,16.408287048339844,17.803714016272313,16.15807430448644,17.29366100797693,125095990
2015-07-02,15.243826866149902,16.841348963878623,15.012860014912645,16.745112316972758,119020856
2015-07-03,13.91576862335205,15.580657043536448,13.723296212348874,15.012862742741437,127897563
2015-07-06,14.599044799804688,15.311193102775466,13.858024949954547,15.311193102775466,159230257
2015-07-07,13.877273559570312,14.974367632981707,13.35759761275035,14.319960545215526,169283355
2015-07-08,12.510716438293457,13.473079241239109,12.491468741699814,12.491468741699814,190430313
2015-07-09,13.761789321899414,13.761789321899414,12.048783658161172,12.510717398493874,140878456
2015-07-10,15.137969017028809,15.137969017028809,13.906144677333483,14.242972082598856,129319668
2015-07-13,16.64887809753418,16.64887809753418,15.301570351093769,15.397807012031292,193672430
2015-07-14,15.715386390686035,17.033824397097906,15.474795660984435,15.936729421476723,162850200
2015-07-15,14.810766220092773,15.474796255768053,14.14673526663666,15.30157063003501,115548799
2015-07-16,15.032109260559082,15.45554855731841,14.050499522817494,14.810766221243732,80476183
2015-07-17,15.792373657226562,16.148448706647283,15.032107069610158,15.137966648925612,94112548
2015-07-20,15.657645225524902,16.06183772732449,15.30157013573604,15.676892924553837,95315281
2015-07-21,15.792373657226562,16.023340512704298,15.186084973261982,15.388181201250175,82946462
2015-07-22,15.590278625488281,15.95597569430299,15.234203569707448,15.609524487117472,77960124
2015-07-23,16.24468421936035,16.51414648013654,15.407429561641104,15.580655169599977,121528800
2015-07-24,16.302425384521484,17.207045041567344,15.85973756813709,16.167693352285575,184555176
2015-07-27,14.676033973693848,16.090706751667433,14.676033973693848,15.686514267166189,103677898
2015-07-28,13.588563919067383,14.377701196478448,13.213242060947579,14.012004105322667,107879018
2015-07-29,14.31033706665039,14.377702179979682,13.530823585100254,13.858026219685978,70113564
2015-07-30,13.71367073059082,14.53167952724713,13.569316668960056,14.242970486204861,71328109
2015-07-31,13.646306991577148,13.809908767301508,13.444210734375341,13.463457516223649,51829092
2015-08-03,13.665553092956543,13.665553092956543,13.04964141998638,13.501951325378647,55258936
2015-08-04,14.493185043334961,14.512431823246361,13.665552398187701,13.713670724637314,58167823
2015-08-05,14.165982246398926,14.627916001171332,14.079369437933902,14.425819754013208,55476241
2015-08-06,14.522056579589844,14.868506899671738,13.704047732170489,13.838778871092735,72035302
2015-08-07,15.118721008300781,15.599901534555325,14.454691019355586,14.724152371036746,95747311
2015-08-10,16.17732048034668,16.37941765190023,15.022485137837124,15.282323571736704,137428626
2015-08-11,16.167695999145508,16.831726914651878,15.878987863131382,16.475653669271892,172811478
2015-08-12,15.86936092376709,16.44677891892182,15.782748132715819,15.936726020015588,88349168
2015-08-13,17.457260131835938,17.457260131835938,15.696136328953845,15.696136328953845,161409869
2015-08-14,17.062694549560547,17.996187779615685,17.02420098630845,17.803714456670267,195766659
2015-08-17,17.601621627807617,18.044307763878386,16.937590588139557,17.15893365617494,127316141
2015-08-18,15.840492248535156,17.89995007614313,15.840492248535156,17.707476764402053,139022018
2015-08-19,15.88861083984375,16.167695111255917,14.3392060672722,15.253451507044788,103963862
2015-08-20,15.291946411132812,16.215814807661694,15.214957454570468,15.494042651554155,73551195
2015-08-21,14.907001495361328,15.763503911655567,14.396949401837485,15.109097746422593,75050907
2015-08-24,13.415338516235352,14.435443601211153,13.415338516235352,14.098616216737245,71511557
2015-08-25,12.077653884887695,12.703189366848354,12.077653884887695,12.135395141614145,60056498
2015-08-26,11.201905250549316,12.510718553430134,11.11529243679602,12.173891148340832,81277810
2015-08-27,11.846688270568848,11.91405338310743,11.067173880387553,11.596473684310078,62422141
2015-08-28,12.886038780212402,12.99189836239381,11.933298869456838,12.106524474645255,81273018
2015-08-31,12.780180931091309,12.828299266711008,12.125774687118508,12.703191961212156,65845345
2015-09-01,12.578083992004395,12.606955542521296,11.817817266229136,12.55883720944066,73027603
2015-09-02,12.655071258544922,12.953404149361129,11.942922961474936,12.029535765833858,85085802
2015-09-07,12.481846809387207,13.338349185125766,12.395234003350552,12.674319201812683,42513279
2015-09-08,12.943781852722168,13.020770817433696,12.22200962021594,12.60695536155444,39240316
2015-09-09,13.347972869873047,13.39609119683225,12.866791435842522,13.068887674846573,58940019
2015-09-10,12.93415641784668,13.222865459029395,12.760931727361644,13.117005874967388,37609230
2015-09-11,12.886038780212402,13.068887316304055,12.712813175023987,12.828296605889355,24445638
2015-09-14,12.972649574279785,13.136251317028533,11.644589772101533,13.02076789587306,76533868
2015-09-15,12.347116470336914,12.655072318034659,11.673462594607688,12.501094394185786,40008211
2015-09-16,13.242115020751953,13.530824102574506,12.135397026728981,12.135397026728981,43555977
2015-09-17,12.635826110839844,13.453834097916964,12.606955478250992,12.991900305371889,48153584
2015-09-18,12.568459510803223,12.857167638147832,12.472222856501185,12.760931901626547,25953229
2015-09-21,12.857168197631836,12.934157157311367,12.347116110309752,12.501094029668812,28426241
2015-09-22,13.020770072937012,13.328726831955747,12.789803192008561,12.85716830283416,41364365
2015-09-23,12.578083992004395,12.886040773051938,12.54921335926836,12.770557324326935,28289313
2015-09-24,12.69356632232666,12.780179130684362,12.539588404259984,12.645448911266413,20226730
2015-09-25,12.5299654006958,12.9726514537026,12.318245305680666,12.65507177007029,30591061
2015-09-28,12.501094818115234,12.578083782650474,12.173891259950045,12.578083782650474,16236686
2015-09-29,12.077653884887695,12.318244596069599,12.058406187458393,12.318244596069599,17304543
2015-09-30,12.1738920211792,12.29899932581709,12.07765626838299,12.164269088346215,13868578
2015-10-08,12.655071258544922,12.69356573628436,12.44335208986838,12.597330000826135,26351108
2015-10-09,13.03039264678955,13.222865028720864,12.529964453768136,12.597329557998917,48554347
2015-10-12,13.694422721862793,13.83877769799571,13.049640465813019,13.049640465813019,71122074
2015-10-13,13.704047203063965,14.060121358845484,13.501950961373831,13.896519595678196,57436849
2015-10-14,14.13711166381836,14.907002225462586,13.530823798721162,13.569318280914331,96940649
2015-10-15,14.33920669555664,14.406572721955406,13.732918882433154,14.04087471357915,73357375
2015-10-16,14.416194915771484,14.618291149066446,14.088992320809822,14.435442613123731,76904944
2015-10-19,14.108240127563477,14.60866928178805,14.012004387137761,14.416195965375035,67175548
2015-10-20,13.973511695861816,14.060123597996062,13.492330178805101,14.060123597996062,78200170
2015-10-21,13.71367073059082,14.310335592595118,12.828296827544252,13.963885294012838,99950248
2015-10-22,15.041731834411621,15.089850161679474,13.367220653511787,13.473080239276458,159816600
2015-10-23,15.022485733032227,15.282324177226677,14.435444647757848,15.10909854776371,144701728
2015-10-26,14.647162437438965,15.109096152398376,14.445066207699044,15.051354896918804,92224721
2015-10-27,14.618291854858398,14.791517468269294,13.838778430070903,14.647163402280727,65739739
2015-10-28,14.165982246398926,14.618292151835043,14.060121739261326,14.435443603349496,48595260
2015-10-29,14.24297046661377,14.522055658421912,14.194852140209454,14.33920620164166,40271754
2015-10-30,14.069744110107422,14.319958659872919,13.867647884186164,14.117862433951663,34648626
2015-11-02,14.165982246398926,14.801141618101378,13.761789752082677,13.848402560547699,52527842
2015-11-03,14.214099884033203,14.445066750186923,14.050498124395798,14.117863230912114,36876913
2015-11-04,14.897375106811523,14.955117276322397,14.262215831095155,14.33920477858922,90120927
2015-11-05,14.849260330200195,15.349688577450957,14.647164077826801,14.733776888526943,163606683
2015-11-06,15.28232479095459,15.57103387906028,14.724154315581336,14.743401098638573,138947708
2015-11-09,15.176464080810547,15.705762966253083,14.820388983569128,15.012862306763676,141367993
2015-11-10,15.609526634216309,15.898236625103602,14.92624981001692,15.157216701389743,165013867
2015-11-11,15.474796295166016,16.177320814150466,15.407431181778694,15.609526521940658,148951720
2015-11-12,16.321674346923828,17.024200678061217,15.214958266711271,15.72501036060744,254082939
2015-11-13,15.349688529968262,16.0329662460903,15.16683997732977,16.0329662460903,142355385
2015-11-16,15.243826866149902,15.378557070481294,14.724150991975732,14.820386721100915,73895444
2015-11-17,15.224581718444824,15.73463474754231,15.118722123350679,15.368936712970482,117753175
2015-11-18,14.666409492492676,15.272698193114476,14.54130221289319,15.272698193114476,69432339
2015-11-19,14.830012321472168,14.887754499993902,14.435443674546166,14.743399512579964,58005143
2015-11-20,14.983989715576172,15.13796762919898,14.72415221578287,14.839635650999979,73241014
2015-11-23,14.570174217224121,15.080226282571548,14.49318526086152,15.01286117519946,61369890
2015-11-24,14.5316801071167,14.704904804429797,14.252594903788111,14.599045216195082,40509159
2015-11-25,14.762646675109863,14.849259480855949,14.541302736227562,14.550926585261742,48608876
2015-11-26,14.993613243103027,15.378558018905379,14.733775748881627,14.849259181622331,92487760
2015-11-27,13.617435455322266,14.916625812560868,13.540446492292805,14.916625812560868,83828642
2015-11-30,13.357597351074219,13.800284328047168,12.703190276127913,13.723295368380636,61420287
2015-12-01,13.444209098815918,13.61743378550031,13.165123912611412,13.347972447939583,38550320
2015-12-02,13.79065990447998,13.819530533707724,13.232489511246236,13.453832531626865,45194707
2015-12-03,13.848402976989746,13.944638719904223,13.588564543780949,13.694424136321118,39116559
2015-12-04,13.482704162597656,13.829154468830337,13.376843658468767,13.742541662826977,38298564
2015-12-07,13.578939437866211,13.72329441555379,13.376843203328182,13.550068809440987,34452329
2015-12-08,13.174747467041016,13.559693170985282,13.020769552575613,13.473080364653303,40001026
2015-12-09,13.0015230178833,13.386467811322161,12.934156990695913,13.261360524009335,34512646
2015-12-10,13.068888664245605,13.107383145171099,12.85716856026499,13.011147401747778,28281757
2015-12-11,13.242115020751953,13.434587436040031,12.895663755452542,13.01114812240626,41876641
2015-12-14,13.742541313171387,13.819530268153128,12.93415636808235,12.982274694391124,60515356
2015-12-15,13.578939437866211,13.781035672404238,13.559692658176305,13.67517608965793,33657426
2015-12-16,13.665553092956543,13.896519970320353,13.550069654274637,13.617434764060551,37244937
2015-12-17,13.829154968261719,14.060121847424732,13.694423829859563,13.73291922750086,47303079
2015-12-18,13.60781192779541,13.829154957373833,13.473080789499331,13.78103662814089,40209292
2015-12-21,13.992754936218262,14.050497107467878,13.588562490812976,13.627056965719161,55416109
2015-12-22,14.483561515808105,14.7626467140705,14.031250705596374,14.088992882173073,101560010
2015-12-23,14.040873527526855,14.377699959945394,13.992755203529722,14.339205484303827,51349486
2015-12-24,14.26221752166748,14.358454176332803,13.886896587590394,14.060121281094911,49541557
2015-12-25,14.108240127563477,14.37770148564859,14.021627318733778,14.281465745222874,29104698
2015-12-28,13.482704162597656,14.214100171314076,13.473080313534892,14.146734145655484,44834709
2015-12-29,13.588563919067383,13.627058398019612,13.376843825939742,13.4730804822107,27445648
2015-12-30,13.627058029174805,13.732918531763676,13.444209488546091,13.636681878097566,29944669
2015-12-31,13.492326736450195,13.704045889136085,13.453831343837479,13.617433091318823,24676926
2016-01-04,12.183513641357422,13.578939602579583,12.154643012581996,13.550068973804157,33810031
2016-01-05,12.356740951538086,12.568461066541067,11.625344858095694,11.750452157061961,46693828
2016-01-06,13.078513145446777,13.290233259650762,12.231633606411703,12.366364755047124,52595229
2016-01-07,11.88518238067627,12.895662708333587,11.837064051316208,12.87641592725804,14610372
2016-01-08,12.414481163024902,12.751308548396755,11.452118253711939,12.298997724041042,51803195
2016-01-11,12.222009658813477,12.799427813754306,12.02953724642682,12.135396843794267,53155821
2016-01-12,12.116148948669434,12.462599259146579,11.942923334540476,12.366363520682203,38059459
2016-01-13,11.991042137145996,12.385610791358712,11.91405317621575,12.14502005900649,37210613
2016-01-14,12.366364479064941,12.385611261137116,11.55797944085501,11.55797944085501,38337245
2016-01-15,11.769698143005371,12.39523459549733,11.644591770287786,12.202762193877037,32127982
2016-01-18,11.779321670532227,11.962171135408738,11.452118137831757,11.548354794901583,22745447
2016-01-19,12.087279319763184,12.106526101937428,11.7119574306665,11.798570244902724,32004746
2016-01-20,12.029536247253418,12.481847067128765,11.914052809413478,12.010288548723038,42016192
2016-01-21,11.557978630065918,12.068030709239942,11.548354780814519,11.79856935466622,31253918
2016-01-22,11.702332496643066,11.808193001027991,11.43287114669926,11.702332496643066,20808538
2016-01-25,11.971795082092285,12.077655597402158,11.7023337043397,11.75045203695502,22248952
2016-01-26,11.259644508361816,12.26050177759885,11.076795981290921,11.875557027038715,50381433
2016-01-27,11.654213905334473,11.827439513841188,11.076796739946657,11.404000259223457,51163755
2016-01-28,10.720724105834961,11.538732101765968,10.69185255515275,11.538732101765968,39224486
2016-01-29,11.028678894042969,11.192280660811539,10.605239620970705,10.682228579711117,33707270
2016-02-01,10.739970207214355,11.240399373923951,10.60523998370086,11.047926052708991,25928635
2016-02-02,10.999807357788086,11.096043089395238,10.634109375007215,10.634109375007215,23909567
2016-02-03,10.884324073791504,10.95168917858954,10.701474621081523,10.836205748458314,19538725
2016-02-04,11.230775833129883,11.480990423365059,10.9998089426578,10.9998089426578,39196731
2016-02-05,10.96131420135498,11.375129640873347,10.87470139003368,11.259646198371884,24644290
2016-02-15,11.269269943237305,11.404001083793275,10.585992226454893,10.63411055649494,30842637
2016-02-16,11.53873062133789,11.673461753892818,11.201904166621702,11.250021576023476,39624736
2016-02-17,11.53873062133789,11.615719577717634,11.298139903206005,11.500236143148019,38178115
2016-02-18,11.471366882324219,11.779322744578014,11.452119182042924,11.634968663591764,45497779
2016-02-19,11.375128746032715,11.50985987724268,11.278893010409094,11.500236028346094,24509809
2016-02-22,12.06803035736084,12.270126596843612,11.548354444088105,11.548354444088105,81100681
2016-02-23,11.991042137145996,12.308621830428466,11.875558695750627,11.933299957557907,59074129
2016-02-24,11.991042137145996,12.00066598670748,11.750451404793774,11.933299957557907,36387763
2016-02-25,10.874702453613281,12.010290208165395,10.788089633820979,11.981419574161597,57694348
2016-02-26,11.163409233093262,11.355881616191963,10.836205722935112,10.893946978974364,44226740
2016-02-29,10.711098670959473,11.11529114290366,10.412765782512768,11.067172816666353,38712448
2016-03-01,11.028678894042969,11.096044003495633,10.701475360505828,10.759217538451528,33692148
2016-03-02,12.135396003723145,12.135396003723145,10.942066211753101,11.047925801792433,90271168
2016-03-03,11.962170600891113,12.64544826576911,11.91405227450632,12.212384246086708,105530358
2016-03-04,12.241253852844238,12.587704095911121,11.760072500805492,12.116146591180494,93448980
2016-03-07,12.991899490356445,13.13625356202586,12.327869475784002,12.683943647978595,119973488
2016-03-08,12.616578102111816,12.943781656054721,12.366364429491513,12.89566332439591,101194362
2016-03-09,11.769698143005371,12.183514494824605,11.721580730935903,12.029536573528372,66203907
2016-03-10,11.606097221374512,12.058407133063957,11.548355042339264,11.87555858205047,41657466
2016-03-11,11.471366882324219,11.683086996514135,11.346259583838398,11.452119182042924,30992017
2016-03-14,11.788944244384766,11.96216984125738,11.557977393741734,11.61571864751215,37835430
2016-03-15,12.193138122558594,12.25087938310397,11.413623762949706,11.702332819018952,71547993
2016-03-16,11.894805908203125,12.45297635406791,11.885182976073681,11.981418721834013,49702399
2016-03-17,12.135396003723145,12.289374840754164,11.788945685410136,12.010288714887137,40707431
2016-03-18,12.347116470336914,12.799427309978592,12.106525734877847,12.270127508412479,112305876
2016-03-21,12.645448684692383,12.780178901696312,12.250879129490217,12.308621306621022,96494162
2016-03-22,12.385610580444336,12.568460047875536,12.32786931962033,12.50109401987314,52056577
2016-03-23,12.712812423706055,12.876414170541766,12.318243828789578,12.318243828789578,91542117
2016-03-24,12.164267539978027,12.510717857950969,12.145019841200245,12.510717857950969,66019473
2016-03-25,12.183513641357422,12.279750294316498,12.000665102072066,12.12577238380657,32620887
2016-03-28,12.116148948669434,12.366363520682203,12.048783839966294,12.21238468713381,40076357
2016-03-29,11.981417655944824,12.366363358083191,11.885181918745802,12.106524940306237,42335350
2016-03-30,12.270127296447754,12.28937499548677,12.010288866105839,12.116149375258829,38337141
2016-03-31,12.202763557434082,12.32787086191217,12.145021371605385,12.250880974880271,33997381
2016-04-01,12.491469383239746,12.58770603558913,12.135395237996194,12.183513564170887,71690044
2016-04-05,12.616578102111816,12.732061547424458,12.26050391628596,12.491470806911245,68663358
2016-04-06,12.462597846984863,12.61657574530494,12.337490575154632,12.520340017745227,39642575
2016-04-07,12.2316312789917,12.558834779288643,12.222007430681627,12.481845828369444,34926027
2016-04-08,12.058406829833984,12.2123847463482,11.885182132645882,12.116149007417205,28938662
2016-04-11,12.472223281860352,12.616577350455783,12.135395898096634,12.135395898096634,59983377
2016-04-12,12.414481163024902,12.606954479112126,12.289374792461311,12.452975642686189,43755624
2016-04-13,12.963027954101562,13.617434073443741,12.606953806779016,12.606953806779016,156400811
2016-04-14,12.895663261413574,13.088136587108778,12.693567003658279,12.982276074420248,77212579
2016-04-15,13.088135719299316,13.280608114451795,12.789802818477396,12.895662406366064,84711185
2016-04-18,12.67431926727295,12.97265124762807,12.597330309905127,12.97265124762807,52744802
2016-04-19,13.126629829406738,13.578939715857727,12.914909741799004,12.943780370815276,99480707
2016-04-20,13.781036376953125,13.954261991922007,13.001522945154717,13.242113669153373,243425817
2016-04-21,14.031250953674316,14.724152495941663,13.357597109866429,13.473080547280857,278489190
2016-04-22,13.376843452453613,13.694423124387754,13.155500434103468,13.540445212877959,118373039
2016-04-25,13.222867012023926,13.444210972779938,12.982276269078305,13.184372529863861,72700106
2016-04-26,13.213241577148438,13.29985438106484,12.8282968017208,13.107381993351021,76885057
2016-04-27,12.866791725158691,13.290231910584033,12.809050465733907,13.280608061419647,64371913
2016-04-28,12.780180931091309,13.06889002702859,12.635826842013126,12.895664385910038,53641984
2016-04-29,12.924532890319824,13.068886945359035,12.751307290048214,12.770554986869815,49374145
2016-05-03,13.347972869873047,13.453832454958691,12.79942632876809,12.914909762801726,73401329
2016-05-04,13.174747467041016,13.357596928804252,13.078511729390522,13.203619014338852,53627299
2016-05-05,13.347972869873047,13.37684349893627,13.126629850753766,13.20361880677619,52915826
2016-05-06,12.87641716003418,13.73292056774557,12.837922676416865,13.40571699810794,90973420
2016-05-09,11.79857063293457,12.7128153019097,11.63496884905913,12.703191451615643,88264045
2016-05-10,11.615720748901367,11.7600757450039,11.278894260223817,11.702333563006718,49626714
2016-05-11,11.673460960388184,11.904427813827418,11.625342636476502,11.721579284299864,46788146
2016-05-12,12.125773429870605,12.173890842720386,11.394377374071757,11.654214891027692,62847946
2016-05-13,11.894805908203125,12.222009462906104,11.788946312532508,12.000666421654584,48503069
2016-05-16,12.385610580444336,12.58770682888994,11.73120350590032,11.81781631491712,76566319
2016-05-17,12.7031888961792,13.23248862472431,12.279749664011526,12.318244139663133,143090183
2016-05-18,12.250880241394043,12.539589317690092,11.971795015123394,12.395235238432495,71199803
2016-05-19,13.136252403259277,13.165123949271006,12.173889562939015,12.212384039840597,127287708
2016-05-20,13.088135719299316,13.453832811198637,12.828297297507891,12.847544995913527,115943477
2016-05-23,13.107382774353027,13.213242364458075,12.770556305229261,12.943781005602903,76496784
2016-05-24,12.751309394836426,13.117007434784304,12.539589283754843,12.963029505918009,61371203
2016-05-25,12.356740951538086,13.04001871187332,12.193139169642265,12.895663712551842,68013632
2016-05-26,13.049642562866211,13.107383828373715,11.981419055387834,12.222009803157793,95338846
2016-05-27,12.866791725158691,13.280608061419647,12.79942661656952,12.991899010953416,81735599
2016-05-30,13.155500411987305,13.521198410098656,12.462598893577336,12.703189609352114,106938273
2016-05-31,14.47393798828125,14.47393798828125,13.16512477386918,13.174747705361765,225658284
2016-06-01,14.358454704284668,14.907001269816762,14.300712525806178,14.560550952288196,235144260
2016-06-02,14.5028076171875,14.5797965704983,14.127486699242532,14.21409950116236,122515675
2016-06-03,14.358454704284668,14.618292212985894,14.223723566355385,14.49318584221395,108849786
2016-06-06,14.24297046661377,14.454690552124314,14.012003601209942,14.358453899315682,74285355
2016-06-07,14.146735191345215,14.435444260103448,14.04087559717222,14.242971853524901,90210229
2016-06-08,13.53082275390625,14.00238035380533,13.415338398463295,13.954262025334229,114000112
2016-06-13,13.011147499084473,13.57894086753795,12.991899799587324,13.280608867578763,82589801
2016-06-14,13.184370994567871,13.270983798787327,12.953404128503148,13.030393083858057,56295772
2016-06-15,13.588563919067383,13.761789533242796,12.943780708281981,12.99189903641746,86918757
2016-06-16,13.386468887329102,13.819532044202715,13.280609290069595,13.521200034752809,83608450
2016-06-17,13.482704162597656,13.829154468830337,13.328726248716466,13.367220727186762,83429778
2016-06-20,13.27098560333252,13.501952500803364,13.088137038946652,13.453834167718387,50864755
2016-06-21,13.222867012023926,13.473081604954775,12.93415793693301,13.338350458504122,63940375
2016-06-22,13.406115531921387,13.463984062814935,13.049262197480273,13.116775636820927,48831951
2016-06-23,12.952815055847168,13.37718088308835,12.856367817034199,13.309668367792694,64389938
2016-06-24,12.634540557861328,13.04926148062437,12.277686323234763,12.923880437067018,56762073
2016-06-27,12.856368064880371,12.87565788093045,12.567027262652564,12.634540699038787,39078362
2016-06-28,12.914237022399902,12.923881010956372,12.682763821052042,12.779211064929408,46050961
2016-06-29,13.087841033935547,13.261445708451424,12.78885622759054,12.827434941950834,80090649
2016-06-30,12.837079048156738,13.068551319851236,12.759920704469526,13.02032769996762,45812654
2016-07-01,12.827432632446289,12.933523847888718,12.788853925031866,12.875656246661553,33096617
2016-07-04,13.232511520385742,13.406115270097688,12.750277144917638,12.779210949904781,82260669
2016-07-05,13.338601112365723,13.34824601943897,13.078195059910778,13.203575172707144,67772590
2016-07-06,13.444694519042969,13.666522818887293,13.222867138987759,13.27109076241384,81110470
2016-07-07,13.74367904663086,14.274137018353366,13.367535920546384,13.406114631955893,138268386
2016-07-08,13.791901588439941,13.840125203881936,13.531494616926542,13.647230742113955,72957927
2016-07-11,14.592411994934082,15.17109268104714,13.869060447450966,14.129466526254578,257638588
2016-07-12,14.698503494262695,14.872108163181954,14.399518697556273,14.467031215563063,176870186
2016-07-13,14.418806076049805,14.83352788822865,14.254846332620447,14.794949179174035,134236843
2016-07-14,14.158402442932129,14.341651112355287,13.955863955785938,14.274138589902934,83253179
2016-07-15,14.206624031066895,14.341649985148132,14.013730467943029,14.158401330127724,65849704
2016-07-18,14.206624031066895,14.438097226604597,14.110177709399492,14.30307127252336,80093904
2016-07-19,14.061952590942383,14.12946510089776,13.878703955439661,14.110176206534351,58383544
2016-07-20,14.100532531738281,14.322360814931868,13.936572776270124,14.052308911931933,55397788
2016-07-21,14.033018112182617,14.158399138754485,13.897992179000084,14.081241725447015,46901727
2016-07-22,14.187334060668945,14.283781294824362,13.965505790027086,14.033019221851474,67162869
2016-07-25,13.975152015686035,14.19698030725311,13.907639497282139,14.090888155716609,46735409
2016-07-26,14.100532531738281,14.129466335706473,13.946217684189202,13.984796396076472,36885666
2016-07-27,13.136062622070312,14.129465052812687,13.020326496916837,14.129465052812687,103593027
2016-07-28,13.251800537109375,13.377181586241099,13.020328255538079,13.164998201572867,46305567
2016-07-29,13.058905601501465,13.280733871284161,13.049260694165481,13.251799149276208,27505985
2016-08-01,12.69240951538086,12.875659106137851,12.460937219488057,12.875659106137851,49287496
2016-08-02,12.750275611877441,12.76956450628663,12.634539486055417,12.673118194662758,20820375
2016-08-03,12.711698532104492,12.923880996738736,12.634541105003116,12.75027724565518,33890116
2016-08-04,12.808144569396973,12.856368190203195,12.576672293273976,12.721342235903583,33162982
2016-08-05,12.69240951538086,12.798501674173584,12.644185890455907,12.779211856287946,28583947
2016-08-08,12.866013526916504,12.875658435356854,12.538093998257365,12.673119957054979,37141821
2016-08-09,13.087841033935547,13.348248045709363,13.001038696677607,13.14570956537054,69084403
2016-08-10,13.174643516540527,13.444694520041882,12.943171227825081,12.972105033967233,62920826
2016-08-11,12.894946098327637,13.116774372279965,12.88530119081036,13.078195661999864,39101730
2016-08-12,12.991393089294434,13.020326891512434,12.798499541526121,12.894945855515784,29691406
2016-08-15,13.213221549987793,13.280734987223642,12.933525652265178,13.020327986004794,56450813
2016-08-16,13.348246574401855,13.415759087143543,13.184286826495756,13.2421544317632,45678098
2016-08-17,13.251800537109375,13.338602872645883,13.136064396323727,13.309669067396742,31893994
2016-08-18,13.213221549987793,13.280734987223642,13.06855160694781,13.251800262784393,37864134
2016-08-19,13.319313049316406,13.444693169938216,13.136063482643262,13.174642193555131,56510797
2016-08-22,12.923880577087402,13.300023711834685,12.90459168083293,13.300023711834685,41635257
2016-08-23,12.923880577087402,13.001038001683401,12.846723152491405,12.894946772811167,20497078
2016-08-24,12.894946098327637,12.972103518887836,12.87565720308209,12.943169716125013,16697006
2016-08-25,12.702054023742676,12.798501270550952,12.595962788084863,12.798501270550952,29286576
2016-08-26,12.798500061035156,12.962458893451798,12.721341719006878,12.721341719006878,26029651
2016-08-29,12.817789077758789,12.827433985577045,12.69240803548858,12.750276562609073,17792829
2016-08-30,12.798500061035156,12.95281490551366,12.769565337853667,12.808144048973293,20971960
2016-08-31,12.88530158996582,12.96245901291617,12.663474228930824,12.798500178988453,22533232
2016-09-01,12.750275611877441,12.885300632108654,12.682762181972869,12.875656644798543,18623487
2016-09-02,12.721341133117676,12.866011982995138,12.653828621714917,12.730986040400637,20966252
2016-09-05,12.817789077758789,12.97210392369473,12.730986746972563,12.76956545845655,26916719
2016-09-06,12.972105026245117,12.972105026245117,12.750277646305475,12.85636888195629,29309913
2016-09-07,13.010683059692383,13.145709014186487,12.923880726073964,13.001038151559433,39568332
2016-09-08,12.933526039123535,13.097485803360597,12.885302416738089,13.02032837545952,24989211
2016-09-09,12.721341133117676,12.95281430896382,12.711697145623699,12.91423559962096,27758926
2016-09-12,12.113726615905762,12.49951370694554,12.055858092355306,12.49951370694554,50334973
2016-09-13,12.15230655670166,12.248752879342392,12.055859314271856,12.20052925812749,18685064
2016-09-14,12.219819068908691,12.33555520789778,12.017280595730517,12.065504216923237,20253705
2016-09-19,12.374134063720703,12.509160020661026,12.306621545145083,12.335555350279051,22104166
2016-09-20,12.325909614562988,12.37413323307519,12.25839710051932,12.37413323307519,10513939
2016-09-21,12.345200538635254,12.412713058742384,12.306621824318452,12.325910721582302,11159124
2016-09-22,12.316267013549805,12.441647148095175,12.306622104803507,12.432003159138002,14946043
2016-09-23,12.15230655670166,12.364489018384713,12.142661648500866,12.345200121772196,16211548
2016-09-26,11.853321075439453,12.152306797054026,11.824387270053878,12.152306797054026,19292315
2016-09-27,11.872610092163086,11.920832791293098,11.727939235405966,11.78580776206662,17011063
2016-09-28,11.785807609558105,11.901543741592757,11.776162701941297,11.901543741592757,10204631
2016-09-29,11.824387550354004,11.940123694428948,11.795452824493434,11.824387550354004,13601859
2016-09-30,11.920831680297852,11.94976640082604,11.795450650709194,11.824385371237382,14417593
2016-10-10,12.084792137145996,12.0944370445631,11.930477297628284,11.94012220504539,15581644
2016-10-11,12.084792137145996,12.13301575444253,12.017279624804246,12.13301575444253,16017307
2016-10-12,12.026924133300781,12.065502841900594,11.978700517603775,12.065502841900594,13455243
2016-10-13,12.04621410369873,12.055859011657429,12.00763539165299,12.04621410369873,12551433
2016-10-14,11.988347053527832,12.036569755987772,11.920833614463554,12.036569755987772,12083614
2016-10-17,11.930479049682617,12.084793911862288,11.920834140849106,12.007636480772453,15739407
2016-10-18,12.219819068908691,12.296976494901417,11.88225464034871,11.911189364937785,25359223
2016-10-19,12.229463577270508,12.412712228064766,12.181239957654427,12.296976092859596,43026190
2016-10-20,12.19088363647461,12.287329946194205,12.161948915748678,12.268041052165865,15757377
2016-10-21,12.15230655670166,12.268042695743981,12.036569497870268,12.21981907452908,19776309
2016-10-24,12.316267013549805,12.393424443941935,12.104083620076883,12.133017426526651,30978713
2016-10-25,12.45129108428955,12.470580900275447,12.248752615382907,12.316266051544488,27650555
2016-10-26,12.268041610717773,12.422356449126088,12.229462901115696,12.422356449126088,21371921
2016-10-27,12.248753547668457,12.31626698896867,12.219819741276435,12.229464650003484,13369926
2016-10-28,12.075148582458496,12.296975942271324,12.05585876693267,12.268042138771614,19234625
2016-10-31,12.113726615905762,12.15230532500974,12.00763447602809,12.065502999578545,11201467
2016-11-01,12.219819068908691,12.268042690101412,12.05585930872688,12.05585930872688,16119114
2016-11-02,12.219819068908691,12.296976494901417,12.152306551112323,12.17159544771597,20943474
2016-11-03,12.210175514221191,12.296977858032394,12.055860645129798,12.161951887682838,23953575
2016-11-04,12.432001113891602,12.673118274146985,12.200527941006815,12.22946266248552,67264055
2016-11-07,12.538093566894531,12.644184796721115,12.26804257837928,12.345200003669351,42854913
2016-11-08,12.634540557861328,12.78885540538144,12.412712274709383,12.538093318266736,47483570
2016-11-09,12.624896049499512,12.759921085458389,12.354845057792682,12.702053475701463,58632418
2016-11-10,12.721341133117676,12.991393018306681,12.711697145623699,12.769564749743497,64491818
2016-11-11,13.213221549987793,13.357892412816842,12.673119570835398,12.740632088282181,121207400
2016-11-14,13.136062622070312,13.184286237498167,12.875656570422235,13.001036682830112,78983893
2016-11-15,13.0299711227417,13.425403105095592,12.952813707637961,13.16499613927877,50443956
2016-11-16,13.0203275680542,13.097484991170658,12.827434010263056,12.98174885649597,45819168
2016-11-17,13.058905601501465,13.19393154483828,12.827433344171773,12.923879658164651,40462409
2016-11-18,12.76956558227539,13.020327669247301,12.721341962505555,13.00103785342375,34593210
2016-11-21,12.730987548828125,12.885302404483518,12.653830121000428,12.711698651765747,28055808
2016-11-22,12.88530158996582,12.952815024889153,12.740631651881174,12.759920547724244,30290471
2016-11-23,12.730987548828125,12.962459832311215,12.692408834914277,12.904592221334989,27271323
2016-11-24,12.846723556518555,13.049262032400113,12.779211037821064,12.808144843007263,42278885
2016-11-25,12.788854598999023,12.846722203275787,12.547737435004874,12.817788401137404,29604303
2016-11-28,13.0203275680542,13.049261371775613,12.759920575194379,12.856367813984468,49709945
2016-11-29,12.798500061035156,12.972103801178962,12.798500061035156,12.95281490551366,37699509
2016-11-30,12.528448104858398,12.75027638260133,12.441645775297644,12.730986567237153,38202026
2016-12-01,12.605605125427246,12.673118557263498,12.52844770600495,12.52844770600495,18173366
2016-12-02,12.306620597839355,12.615250281615713,12.296975690274092,12.615250281615713,24532438
2016-12-05,12.248753547668457,12.38377951047976,12.161951208703272,12.210174832549388,15526431
2016-12-06,12.4705810546875,12.538093571895978,12.24875276704826,12.287331479708683,17719383
2016-12-07,12.547737121582031,12.5863158300659,12.432000996130425,12.518802400377407,19916251
2016-12-08,12.499513626098633,12.68276226321003,12.460934917244183,12.557382149274796,17877554
2016-12-09,12.509159088134766,12.634540127420564,12.403066944237313,12.432001667003352,16687624
2016-12-12,12.200528144836426,12.846722218699691,12.09443692367566,12.779209707032749,45448539
2016-12-13,12.393423080444336,12.605605530784281,11.969056340186404,12.10408228841193,32298348
2016-12-14,12.104082107543945,12.354844184877562,11.930477450960824,12.258396949044938,27901518
2016-12-15,12.171595573425293,12.296976621905687,12.017280719846063,12.046214524944899,14251011
2016-12-16,12.084792137145996,12.190884279156169,12.026924532221352,12.190884279156169,16128234
2016-12-19,12.296975135803223,12.422356169131186,12.084791777879824,12.171594102475257,25866415
2016-12-20,12.23910903930664,12.354846108238956,12.094439082824975,12.296977573772798,16163980
2016-12-21,12.316267013549805,12.393424443941935,12.229464674411377,12.258398480861144,15952333
2016-12-22,12.219819068908691,12.316266311294134,12.123371826523247,12.316266311294134,12931273
2016-12-23,12.084792137145996,12.229462989035598,12.026924532221352,12.219818081618492,14021441
2016-12-26,12.075148582458496,12.08479257043238,11.91118882964509,12.05585876693267,13005990
2016-12-27,12.06550407409668,12.152306407258234,12.026925361556994,12.046214257932307,9273999
2016-12-28,11.95941162109375,12.123371375171356,11.949767633045507,12.046213952051193,10072883
2016-12-29,11.843674659729004,12.026924216690412,11.814740858025772,11.969055693494974,12646367
2016-12-30,11.834031105041504,11.920832513324921,11.74722877696908,11.862964907802644,11385313
2017-01-03,11.988347053527832,12.017280858961614,11.891899809029772,11.91118962584502,12895901
2017-01-04,12.094437599182129,12.113727414900922,11.94976766044734,11.97870146423649,13007630
2017-01-05,12.06550407409668,12.123371683011674,12.01728045347481,12.123371683011674,12527447
2017-01-06,11.997990608215332,12.094437849225187,11.949767907499462,12.094437849225187,12254499
2017-01-09,12.017280578613281,12.046214383372073,11.940123152730457,11.99799076224804,9798895
2017-01-10,12.05585765838623,12.123370166940731,11.959410429203563,12.007634043794896,16257491
2017-01-11,12.007634162902832,12.123370287196694,11.959410547833151,12.055857777972513,14557642
2017-01-12,11.776164054870605,12.017281254257973,11.727940431035307,11.988347447872444,16253589
2017-01-13,11.641136169433594,11.814740818652385,11.583268566219976,11.77616210991365,15890801
2017-01-16,11.74722957611084,11.843675898472032,11.236060480419154,11.573624908155999,39201340
2017-01-17,11.641136169433594,11.689359785304255,11.467532440003772,11.689359785304255,9585140
2017-01-18,11.573623657226562,11.679714876293776,11.563978750096187,11.641136167561246,7306801
2017-01-19,11.506110191345215,11.612201401601885,11.486820378686424,11.573622696073196,7910625
2017-01-20,11.592913627624512,11.602557615095806,11.486821487339444,11.506111301859995,8162681
2017-01-23,11.699005126953125,11.814741257467926,11.612202799119773,11.631492614100075,12567741
2017-01-24,11.650781631469727,11.718294145030761,11.602558013302268,11.70865015722848,7480534
2017-01-25,11.708650588989258,11.737584393041072,11.621848257044768,11.641137153149629,8195582
2017-01-26,12.05585765838623,12.123370166940731,11.69900438207267,11.718293276035839,30598709
2017-02-03,11.9787015914917,12.133016439725239,11.940122879433314,12.017280303550084,15364977
2017-02-06,11.95941162109375,12.01728014832839,11.862965302088064,11.988346344605588,12406319
2017-02-07,12.017280578613281,12.075149107919934,11.930478244547837,11.97870186567187,13263043
2017-02-08,12.017280578613281,12.036569475189452,11.901544439789046,12.017280578613281,11281511
2017-02-09,12.075148582458496,12.08479257043238,11.978701344407423,12.02692496343296,21627273
2017-02-10,12.113726615905762,12.190884034113719,12.01727938325133,12.065502999578545,24664486
2017-02-13,12.181241035461426,12.393424428672931,12.133017411578475,12.152307229047304,38053047
2017-02-14,12.19088363647461,12.19088363647461,12.05585769912044,12.171593822657321,21169992
2017-02-15,11.997990608215332,12.229463802681174,11.978701711886796,12.161950366058651,24232659
2017-02-16,12.518802642822266,12.711697108766254,12.094436841281249,12.094436841281249,84608466
2017-02-17,12.306620597839355,12.432001636820754,12.268041887367312,12.42235672925549,37871074
2017-02-20,12.374134063720703,12.42235768547004,12.248753015088065,12.287331728529717,22476154
2017-02-21,12.441645622253418,12.538092858309867,12.306620595521201,12.37413310888731,32504641
2017-02-22,12.441645622253418,12.557382673436761,12.393422924014203,12.460935437380313,22989302
2017-02-23,12.441645622253418,12.595961383901539,12.335554398422532,12.441645622253418,29953381
2017-02-24,12.364487648010254,12.39342236940576,12.258396428926975,12.383777462273924,20765590
2017-02-27,12.325909614562988,12.432001759247635,12.25839710051932,12.364488325414946,15537838
2017-02-28,12.422357559204102,12.518803881933371,12.287331603636238,12.325910316685759,21568908
2017-03-01,12.460936546325684,12.586317596441592,12.354845313053342,12.422357832427643,32274620
2017-03-02,12.509159088134766,12.79849987727207,12.4512905623917,12.480224365368725,50403455
2017-03-03,12.432001113891602,12.451290008421767,12.306620080184125,12.354843696192995,23454583
2017-03-06,12.489870071411133,12.595962222090856,12.432002461757714,12.499514979616395,20418770
2017-03-07,12.374134063720703,12.509160020661026,12.316266453452766,12.480225295737977,21350031
2017-03-08,12.25839614868164,12.383777179162191,12.229462347736574,12.374132272250854,16401209
2017-03-09,12.181241035461426,12.258398465758496,12.152307229047304,12.229464659344375,13909358
2017-03-10,12.200528144836426,12.24875176165095,12.142660540490185,12.161949435342603,10104403
2017-03-13,12.364487648010254,12.37413255514209,12.133015395580024,12.18123901145023,19457833
2017-03-14,12.364487648010254,12.48022377422537,12.345198753535554,12.451289972618833,19396036
2017-03-15,12.287331581115723,12.412712628244137,12.248752868136908,12.325910294094538,14640278
2017-03-16,12.441645622253418,12.470580344943759,12.296975687957755,12.335554398422532,24618287
2017-03-17,12.354844093322754,12.57667144638934,12.345199185853163,12.460935316121251,30563475
2017-03-20,12.354844093322754,12.470580223590842,12.268041765674436,12.393422803412117,20462275
2017-03-21,12.248753547668457,12.364489693025664,12.219819741276435,12.364489693025664,16009542
2017-03-22,12.210175514221191,12.287332948766888,12.113729180933657,12.200530604955686,12585338
2017-03-23,12.084792137145996,12.258396791497919,12.055858334683673,12.181239371739064,17265543
2017-03-24,12.007634162902832,12.13301519416842,11.891898038608971,12.123370287196694,22073469
2017-03-27,11.930479049682617,12.055860105150883,11.862966527426295,11.959412856394023,13226507
2017-03-28,11.9787015914917,11.997990487626367,11.891899259413071,11.911189075336788,8741040
2017-03-29,11.930479049682617,12.036570287483858,11.920834140849106,11.98834758289456,10793966
2017-03-30,11.641136169433594,11.940121852000514,11.60255746069486,11.93047694486859,21885531
2017-03-31,11.67971420288086,11.737582722537635,11.621846603013,11.670070216095494,11512511
2017-04-05,11.920831680297852,12.02692381598999,11.66042563406675,11.679714527963267,20130370
2017-04-06,11.911190032958984,11.988347463278968,11.872611317798992,11.93047893064442,9194920
2017-04-07,11.94012451171875,12.084794471767669,11.9111907036668,11.9690583197707,17068271
2017-04-10,11.776164054870605,11.959412721697792,11.747230248485076,11.959412721697792,13758885
2017-04-11,11.86296558380127,11.86296558380127,11.660427113353842,11.785808158848827,16115720
2017-04-12,12.036567687988281,12.181238529879513,11.756871830745286,11.843674151922238,32326017
2017-04-13,12.084792137145996,12.113726859397314,11.94012220504539,12.055858334683673,21604785
2017-04-14,12.181241035461426,12.422358235087053,12.055859981281404,12.14266232031289,48653942
2017-04-17,12.277685165405273,12.29697497942071,11.959410592462206,12.152305053460756,29599892
2017-04-18,12.036567687988281,12.268040851056465,12.017278794276143,12.268040851056465,19624537
2017-04-19,11.708650588989258,11.940122860981868,11.641137153149629,11.940122860981868,23368736
2017-04-20,11.708650588989258,11.814741817038609,11.68936077309535,11.718294577147164,13021013
2017-04-21,11.56397819519043,11.776161542932059,11.554333288522873,11.727937929383199,15249509
2017-04-24,10.888851165771484,11.6025577554647,10.609155290362576,11.57362395312281,27789078
2017-04-25,10.83098316192627,10.985298928008367,10.80204935819358,10.869562793288571,12153199
2017-04-26,10.850274085998535,10.92743151702695,10.792405552832658,10.879207892686907,7234514
2017-04-27,10.908141136169434,10.917785123895008,10.522353113687286,10.869562425900119,15474782
2017-04-28,10.98530101776123,11.043168636234867,10.88885376058622,10.917787569823039,11656356
2017-05-02,11.023877143859863,11.06245585369832,10.927429909369222,11.052810946291457,9427171
2017-05-03,11.03352165222168,11.207126314582773,10.975654044627342,11.00458784842451,11980938
2017-05-04,10.994942665100098,11.014232480340958,10.802049111636572,10.975653769648252,10642244
2017-05-05,11.043166160583496,11.139613396137014,10.927430029792678,11.043166160583496,15179293
2017-05-08,11.091390609741211,11.11068042621343,10.898497043964396,10.975654470275122,14242429
2017-05-09,11.187836647033691,11.284282959635462,11.052810705644442,11.101034321839816,19970915
2017-05-10,10.69595718383789,11.255348911992337,10.686312276851687,11.236059098019929,19349951
2017-05-11,10.628446578979492,10.72489290675648,10.329460847355852,10.695959100402296,20263449
2017-05-12,10.541644096374512,10.676669137378822,10.425907952746913,10.618801525459578,11978110
2017-05-15,10.493419647216797,10.657379401063077,10.464485843534815,10.560932162404429,7721621
2017-05-16,10.667023658752441,10.676667646199297,10.3294592638101,10.493419007663354,12191109
2017-05-17,10.628446578979492,10.753826713110664,10.589866944121752,10.657380385333676,10988427
2017-05-18,10.522353172302246,10.60915550083899,10.48377446181803,10.54164298743886,8890741
2017-05-19,10.68631362915039,10.753826147019272,10.49342006396139,10.503064972168108,11855708
2017-05-22,10.580221176147461,10.869561950404432,10.512707746287823,10.705602208985114,15431541
2017-05-23,10.541644096374512,10.551288085168315,10.22336947145134,10.474130656083249,20562056
2017-05-24,10.589866638183594,10.59951154661939,10.358394354459044,10.425907793720524,11117299
2017-05-25,10.70560359954834,10.7538263016974,10.5030651232394,10.60915635567205,13556423
2017-05-26,10.580221176147461,10.734536010474121,10.560931361962146,10.705602208985114,11379866
2017-05-31,10.570576667785645,10.715246600476714,10.560931760329172,10.589865562909587,8994991
2017-06-01,10.454841613769531,10.599511561351171,10.358394368855707,10.55128793889426,12262983
2017-06-02,10.377683639526367,10.445196155539076,10.194434067793233,10.38732854746791,10932591
2017-06-05,10.435552597045898,10.474131314011737,10.37768498149172,10.37768498149172,6449712
2017-06-06,10.416243553161621,10.522432915419746,10.367975326447983,10.522432915419746,5303495
2017-06-07,10.63827896118164,10.6479318717668,10.416245446202632,10.42589927742781,13156707
2017-06-08,10.590008735656738,10.676891359076615,10.570701076834613,10.657583700254488,8793844
2017-06-09,10.676891326904297,10.686544235646428,10.541740477476198,10.590008703746221,10773090
2017-06-12,10.39693832397461,10.618970910189562,10.38728449310266,10.590010338213697,9818912
2017-06-13,10.580355644226074,10.6575844436216,10.396937475821677,10.396937475821677,11883074
2017-06-14,10.715507507324219,10.88927186192256,10.590010466389863,10.618971038716253,21516000
2017-06-15,10.792736053466797,10.792736053466797,10.628624613178163,10.734813989571997,16674716
2017-06-16,10.831350326538086,10.908579130382495,10.72516003077205,10.80238883461646,17397414
2017-06-19,10.831350326538086,10.831350326538086,10.831350326538086,10.831350326538086,0
2017-06-20,10.850655555725098,10.98580640394681,10.79273442122996,10.82169498847753,16927813
2017-06-21,10.792736053466797,10.956847493755431,10.715507248700378,10.956847493755431,12563562
2017-06-22,10.802389144897461,10.879618871600131,10.754121831588277,10.812042975815293,17938347
2017-06-23,10.841002464294434,10.927885092590419,10.66723812834236,10.860310124200161,17852695
2017-06-26,11.034075736999512,11.0437286466241,10.792735504226224,10.802388413850812,26394772
2017-06-27,11.01476764678955,11.13061084352495,10.92788501907803,11.082342614725228,17867431
2017-06-28,11.005114555358887,11.140265420938926,10.94719341342455,10.985807814927425,21337316
2017-06-29,11.024421691894531,11.091996661149395,10.976153462152524,10.99546112230529,14287660
2017-06-30,10.937540054321289,11.014768860655774,10.821696844819563,11.005115029703965,12059612
2017-07-03,11.101651191711426,11.111305022396941,10.927885921932022,10.927885921932022,17143555
2017-07-04,11.072690963745117,11.256109149259293,11.04372947079025,11.17888034265964,21784313
2017-07-05,11.285069465637207,11.3333376988273,10.985808077010578,11.063036881858737,28695504
2017-07-06,11.719482421875,11.825671796371214,11.198187538697296,11.275416342083625,68485477
2017-07-07,12.887568473815918,12.887568473815918,11.58433088140221,11.69052024971803,176990206
2017-07-10,12.65588092803955,13.14821520256518,12.559345391487785,12.916528810073078,152608579
2017-07-11,12.231122970581055,12.626920801790211,12.12493360045955,12.549692001585493,85543872
2017-07-12,12.665534019470215,12.810338696815398,12.231121828714329,12.289042963140536,89071060
2017-07-13,13.698471069335938,13.930158390154071,12.675189008228854,12.935835978269369,320418177
2017-07-14,13.283367156982422,13.48609299733753,13.099948057278295,13.321981558924348,160077522
2017-07-17,13.022719383239746,13.524707534129924,12.646229190712086,13.244752887099624,159655936
2017-07-18,13.515052795410156,13.746739193806466,12.945489708872628,13.032372338431221,186758579
2017-07-19,13.862582206726074,14.007386894257886,13.428169985410433,13.61158907215608,215185129
2017-07-20,13.939810752868652,14.36457005717339,13.447477401962537,13.601934996022486,243302661
2017-07-21,13.640548706054688,14.036346501016075,13.515051687055252,13.804660121620117,117694054
2017-07-24,13.640548706054688,13.804660121620117,13.350940271489822,13.544012254319789,89067977
2017-07-25,13.447477340698242,13.97842508770044,13.321980315936306,13.650203162138311,134488606
2017-07-26,14.615564346313477,14.789328682146177,13.544013158918984,13.89154367186418,294237925
2017-07-27,15.204435348510742,15.841573444384036,14.441800215474533,14.461106956231921,308025786
2017-07-28,16.333906173706055,16.700742498177764,14.866557193259705,15.011361877736318,263066750
2017-07-31,17.96536636352539,17.96536636352539,16.459402081977395,16.507671230201215,313060583
2017-08-01,17.482688903808594,17.859179117619057,17.09654301743063,17.859179117619057,260127620
2017-08-02,17.328229904174805,18.718348355691965,17.14481080689744,17.37649721548363,330458029
2017-08-03,17.72402572631836,17.781946861534912,16.826239844703192,17.00965892104858,227742250
2017-08-04,16.80693244934082,18.43839282063303,16.787624790206067,17.675756856327776,259641925
2017-08-07,18.486661911010742,18.486661911010742,16.89381670429074,16.89381670429074,369014134
2017-08-08,18.892114639282227,19.683710371544436,18.35151299015096,18.63146672511394,379977818
2017-08-09,19.16241455078125,19.490637409522357,18.226013283845816,18.583197632927543,244485657
2017-08-10,19.32652473449707,19.973316580177993,18.486659981549124,18.921073102260078,295447518
2017-08-11,17.714372634887695,18.88245842369599,17.540607380719244,18.756962318618648,266314677
2017-08-14,19.30721664428711,19.403753095764475,17.270304699105328,17.762638944488206,273761733
2017-08-15,19.384449005126953,19.683710402637338,18.950035814160263,19.114147259494345,230885769
2017-08-16,17.96536636352539,19.01760985816814,17.62748969107758,19.01760985816814,252666695
2017-08-17,18.216360092163086,18.467352293422536,17.28961271653548,18.235665909835557,200457558
2017-08-18,17.733678817749023,18.06189979783706,17.47303095820184,17.5599135780509,136680870
2017-08-21,17.810911178588867,18.110172572897348,17.37649799227012,17.666105555629297,157769462
2017-08-22,17.501989364624023,17.994323561812607,17.135153094455003,17.550258506277505,196085482
2017-08-23,16.60420799255371,17.241346030657585,16.526979195246568,17.23169220083422,179465480
2017-08-24,16.642822265625,16.961391299895553,16.333907061638993,16.758666387759682,115054123
2017-08-25,17.038618087768555,17.376494742687857,16.51732420295333,16.749010578568946,157580109
2017-08-28,17.376497268676758,17.637145169614087,16.729705352247038,16.874509127896697,189589902
2017-08-29,17.086891174316406,17.70472165178446,17.038622017464178,17.357191087568648,136604856
2017-08-30,17.579221725463867,17.71437350830292,16.922777836976444,16.990352807756043,174169734
2017-08-31,17.463380813598633,17.656453752059736,17.19307906800909,17.559917282829186,128797882
2017-09-01,18.129480361938477,18.58319937205779,17.540609558861075,17.55026338987808,236552464
2017-09-04,18.67973518371582,18.766617818531984,17.859177988940928,18.04259708925059,217364138
2017-09-05,18.26462745666504,18.58319646527572,18.013633413323333,18.58319646527572,131507411
2017-09-06,18.129480361938477,18.81488579262595,17.888140110353312,17.95571508619236,181556978
2017-09-07,17.530956268310547,18.12948092085703,17.424765965129705,17.97502330238311,145042794
2017-09-08,17.51164436340332,17.820559525515016,17.386148269275296,17.492338546731045,98717477
2017-09-11,18.00398063659668,18.14878440510897,17.27030612268396,17.43441755133917,157830888
2017-09-12,18.58319664001465,19.59682481113992,17.89779131009331,17.926750957606778,329284653
2017-09-13,18.911418914794922,19.085184159790106,18.22601176412277,18.53492877815847,198897444
2017-09-14,18.15843963623047,18.969343012001907,18.00398202572924,18.911421868383933,174838106
2017-09-15,17.009658813476562,18.032940788469464,16.806932079581173,18.032940788469464,179209349
2017-09-18,17.038618087768555,17.41511005926361,16.903468162312688,16.97104312504062,95875787
2017-09-19,16.932432174682617,17.222039727068058,16.65247661160077,17.106195601345934,77868170
2017-09-20,17.231693267822266,17.33788171989493,16.749012794445058,16.913124229044506,111539714
2017-09-21,16.546283721923828,17.14480823529005,16.382172310297577,17.086887102151262,114769995
2017-09-22,16.66213035583496,17.028966709707433,16.343561313349955,16.526980410926143,85194230
2017-09-25,15.368546485900879,16.604209171857093,15.194781219298298,16.604209171857093,140100619
2017-09-26,15.561620712280273,15.648501511552658,15.24305072337466,15.387854510535371,59788254
2017-09-27,15.687115669250488,15.851227106826151,15.416814857036437,15.551965723463441,63540215
2017-09-28,15.378198623657227,15.754688765667465,15.339584226511565,15.600231177084819,57505132
2017-09-29,15.571271896362305,15.706423686493034,15.320278739650883,15.49404309112187,54604459
2017-10-09,15.513349533081055,15.880187710092,15.407160164384138,15.880187710092,60515289
2017-10-10,15.01136302947998,15.513350247183416,14.712100728446048,15.513350247183416,120147853
2017-10-11,14.963094711303711,15.185127287693303,14.750715044718927,14.982402372193212,80038769
2017-10-12,14.750714302062988,14.837596930411562,14.432145278544814,14.818290191134045,95534313
2017-10-13,14.760368347167969,14.885865376540712,14.673485717552998,14.750714517068547,52921590
2017-10-16,14.847251892089844,15.001709500642981,14.499722272845284,14.760369257118713,81924528
2017-10-17,14.461106300354004,14.673485962892693,14.287341958858645,14.673485962892693,67914860
2017-10-18,14.142537117004395,14.596257007416497,14.074962147174476,14.451453237598125,65927576
2017-10-19,14.19080638885498,14.33561108994288,13.97842671297672,14.01704203644548,63090646
2017-10-20,14.615564346313477,14.673485484711078,14.103922406841916,14.161844465879414,97372949
2017-10-23,14.528681755065918,14.644524952795944,14.35491649815093,14.41283855733589,49786010
2017-10-24,14.644525527954102,14.741061990173838,14.42249203310468,14.519028495324417,54365131
2017-10-25,14.576950073242188,14.673485611619743,14.393530985236994,14.673485611619743,49255690
2017-10-26,14.789328575134277,14.895518862494674,14.383876926725227,14.528681612951253,90155085
2017-10-27,14.364570617675781,14.7217540480366,14.325956217654069,14.67348581784948,70029352
2017-10-30,13.727432250976562,14.47075966498376,13.708124591076167,14.287341499129484,75973393
2017-10-31,14.017041206359863,14.055655606901905,13.650203940890508,13.72743274197459,52577818
2017-11-01,13.997733116149902,14.152190713577449,13.901196657437737,13.997733116149902,48770229
2017-11-02,13.823968887329102,14.132885025809731,13.795008315816531,14.06530913142711,50519052
2017-11-03,13.321980476379395,13.775700352807707,13.186829620245035,13.727432124142586,74125186
2017-11-06,13.6502046585083,13.659857568671336,13.341288517291721,13.399210581469823,55075590
2017-11-07,13.814314842224121,13.978425347738161,13.466784330067606,13.650203416070188,74397649
2017-11-08,13.891544342041016,14.142537488272573,13.659857015353511,13.708125246773404,73047547
2017-11-09,13.891544342041016,14.084616347080653,13.775701139017233,13.852929941033088,43532371
2017-11-10,13.814314842224121,13.939810948680758,13.650203416070188,13.862582150565954,46222572
2017-11-13,14.316302299499512,14.345262869177823,13.737085382093824,13.814315102302505,107703935
2017-11-14,14.41283893585205,14.547988876433164,14.171498704083007,14.316302474888465,115262128
2017-11-15,13.62124252319336,14.28734208692255,13.611589613485929,14.28734208692255,98192922
2017-11-16,13.476439476013184,13.746740295810817,13.389556839489664,13.418517411450843,46208160
2017-11-17,12.684843063354492,13.592281940465362,12.58830660124826,13.447478167945947,81461676
2017-11-20,12.829647064208984,12.858607635100306,12.356620416877625,12.723457690514174,48539465
2017-11-21,12.704150199890137,12.858607807568806,12.588306994131134,12.829647236289047,40228885
2017-11-22,13.022719383239746,13.099948187893624,12.742764736209446,12.83930120234678,62756701
2017-11-23,12.762070655822754,13.399208667575504,12.694494770493932,12.993757038161963,79509893
2017-11-24,13.505398750305176,13.746738974952402,12.568999341534665,12.646228139770585,103595319
2017-11-27,13.293020248413086,13.7563930459484,13.167523218920627,13.321980818099064,84127924
2017-11-28,13.67916488647461,13.708125457515795,13.109601772371523,13.177176745014277,76567110
2017-11-29,13.988079071044922,14.229419293474157,13.515052456037193,13.61158891326484,125761314
2017-11-30,13.698471069335938,14.02669392990837,13.621242269276532,13.891543990124369,74681282
2017-12-01,13.659856796264648,13.775700918070362,13.515053024967397,13.659856796264648,49731081
2017-12-04,13.611589431762695,13.997733434102662,13.55366737109174,13.55366737109174,60929572
2017-12-05,12.839300155639648,13.572974660679606,12.646228159744897,13.515052601591231,92150178
2017-12-06,12.926183700561523,12.935836610560836,12.549692591389453,12.71380402969728,51606821
2017-12-07,12.762070655822754,13.06133200285094,12.752416826398658,12.858606188144169,43686509
2017-12-08,12.945489883422852,13.0227186839296,12.723457312125927,12.78137845218603,38084717
2017-12-11,13.09029483795166,13.109601578146428,12.791032539493262,12.97445071422329,46755085
2017-12-12,12.935835838317871,13.264058695339294,12.906875268768895,13.070986697279606,58546491
2017-12-13,13.003412246704102,13.022718986960083,12.800686410496601,12.858607551904491,35160221
2017-12-14,12.762070655822754,13.070985832275033,12.665534202861492,13.003410867586059,45744718
2017-12-15,12.733109474182129,12.781377701825129,12.501423086263577,12.76207096315185,42577164
2017-12-18,12.926183700561523,12.94549044120011,12.636575225863005,12.742764600975145,45211275
2017-12-19,12.926183700561523,12.955144271839385,12.800686664170833,12.94549044120011,30703541
2017-12-20,12.588305473327637,12.974449445873942,12.559344905546626,12.887567742530912,42696338
2017-12-21,12.723457336425781,12.819992876923624,12.501423844064885,12.57865264471913,38689767
2017-12-22,12.974449157714844,13.225443194615357,12.694494553676527,12.71380221219495,75795814
2017-12-25,13.022719383239746,13.177176992547501,12.848955033088508,13.032373213981474,66045405
2017-12-26,13.235097885131836,13.25440462426679,12.78137800746179,12.964797092763249,64270474
2017-12-27,13.408863067626953,13.717778257225424,13.14821518592333,13.215790153488024,126345243
2017-12-28,14.296995162963867,14.374223960388342,13.302672785003974,13.331634274518066,191042562
2017-12-29,14.084615707397461,14.25838096436118,13.91085045043374,14.200458905159975,111037358
2018-01-02,14.296995162963867,14.47075949684899,13.901196425363585,14.094269339564654,101723978
2018-01-03,14.258381843566895,14.557643226079916,14.123230977523622,14.200459780794077,93802789
2018-01-04,14.432144165039062,14.47075856125472,13.891542618019871,14.13288282452768,107477907
2018-01-05,14.123229026794434,14.345261575369413,14.074960801257317,14.345261575369413,79663942
2018-01-08,14.567296981811523,14.663832525083677,14.02669444105565,14.074962673011703,138963060
2018-01-09,14.77002239227295,15.15616639547175,14.335610158514317,14.605910960753478,151693576
2018-01-10,14.673484802246094,15.339584307317443,14.490066644997952,15.204433456275757,170515837
2018-01-11,14.576950073242188,14.808636470116205,14.306648356249262,14.547988583153007,105653591
2018-01-12,14.316302299499512,14.567296358417972,14.21011293025243,14.393531099068282,70627460
2018-01-15,13.52470588684082,14.354915896071645,13.321980069156103,14.325955328013787,108843836
2018-01-16,13.640548706054688,13.69846984058376,13.428169064621809,13.515051687055252,58928392
2018-01-17,13.408863067626953,13.572974492261112,13.06133255868879,13.553666832591265,65834166
2018-01-18,13.688817977905273,13.87223614544904,13.457130660165905,13.515052719760725,63157583
2018-01-19,13.737086296081543,13.862583333890633,13.486093141103336,13.766047788326699,49231549
2018-01-22,13.949464797973633,13.96877245784909,13.534360237690167,13.563320806863457,63643384
2018-01-23,14.18115234375,14.277688809683534,13.80466215201715,13.949465930277482,103180776
2018-01-24,13.997733116149902,14.171498373575842,13.80466111936547,14.171498373575842,69815207
2018-01-25,14.017041206359863,14.3163025804007,13.99773354576888,14.084616177148453,75101424
2018-01-26,13.727432250976562,13.930158076731233,13.640549622704574,13.920504246781036,59001781
2018-01-29,13.727432250976562,13.920504246781036,13.60193522354368,13.688817851815667,49349053
2018-01-30,13.6502046585083,13.852930502171692,13.553668191758124,13.688819061080377,40445888
2018-01-31,12.974449157714844,13.524705457172097,12.86825979778301,13.515051627912884,73235319
2018-02-01,12.472463607788086,13.119255521057836,12.385580974566784,12.974450825475683,59184649
2018-02-02,12.81033992767334,12.945489868080012,12.076665403088839,12.453155574953051,57086079
2018-02-05,12.713804244995117,12.887569516884792,12.404889024426785,12.453156337160603,33737646
2018-02-06,11.719482421875,12.675189554260799,11.593985386212225,12.404888742408644,64374259
2018-02-07,11.758095741271973,12.144239722660267,11.584330489327304,12.028396528243778,47642223
2018-02-08,12.086319923400879,12.2118160407612,11.738789381049305,11.767749952698612,39419882
2018-02-09,11.40091323852539,11.8449793128941,11.19818740195185,11.661560216611402,55180006
2018-02-12,11.719482421875,11.816017965787934,11.410566287689724,11.410566287689724,33610054
2018-02-13,11.719482421875,11.902900599757544,11.690520930125158,11.806364135204653,30090278
2018-02-14,11.748442649841309,11.844979111574602,11.68086767901196,11.844979111574602,17579217
2018-02-22,12.395235061645508,12.67518970746473,11.835325770007064,11.902900743626885,64762496
2018-02-23,12.385580062866211,12.395233892655726,12.144239841967586,12.298697436040325,39236759
2018-02-26,12.549692153930664,12.713803586517875,12.298698089898469,12.414541291611807,61165137
2018-02-27,12.308351516723633,12.549691742541745,12.24077654809933,12.549691742541745,45637985
2018-02-28,12.636574745178223,12.819992917147566,12.038051077909941,12.163548109526827,82669171
2018-03-01,12.607613563537598,12.69449526985255,12.404887740856276,12.46280887839958,52276011
2018-03-02,12.848954200744629,13.186829969058058,12.443502542256585,12.443502542256585,93054344
2018-03-05,12.868261337280273,13.08064100319186,12.752418134230302,12.848954597091915,52028251
2018-03-06,13.177176475524902,13.264059107511562,12.877915099393004,12.993758301828572,92081928
2018-03-07,12.906875610351562,13.293020537330236,12.89722178003311,13.119255274157837,57947688
2018-03-08,13.051679611206055,13.254404513305433,12.955143154419783,13.032371951592847,53941816
2018-03-09,13.03237247467041,13.070986874806799,12.77172458326984,13.061333044612722,55633887
2018-03-12,13.235097885131836,13.312326682951433,12.984103831898201,13.003411491673047,79459352
2018-03-13,12.916529655456543,13.186830464388445,12.90687582497756,13.148216063112459,56780319
2018-03-14,13.321980476379395,13.69847063455958,13.003411456085443,13.003411456085443,142462379
2018-03-15,13.399209022521973,13.42816959092158,13.12890823596593,13.321980226363102,74596856
2018-03-16,13.042024612426758,13.350939773430566,13.03237078348544,13.32197920724641,57868578
2018-03-19,12.858607292175293,12.974450493291116,12.752417921312437,12.887568782934192,43474066
2018-03-20,12.733109474182129,12.791031531481702,12.549691313906575,12.752417133495277,45791373
2018-03-21,12.453155517578125,12.897221578239666,12.424194947715828,12.742763978120855,46403577
2018-03-22,12.501422882080078,12.646227562644006,12.43384791686749,12.491769052581178,32505729
2018-03-23,11.65190601348877,12.240776764084982,11.275415843778973,12.057357673668488,81008741
2018-03-26,12.346965789794922,12.540037784347485,11.342990497481711,11.439526955077937,89144617
2018-03-27,12.511077880859375,12.626921083753265,12.26008381426931,12.3759270171632,68426806
2018-03-28,12.279391288757324,12.375926829384204,12.231123058123922,12.327659519390727,37781995
2018-03-29,12.511077880859375,12.626921083753265,12.279391475071593,12.327659706437366,54775879
2018-03-30,12.559345245361328,12.588305813925917,12.414540561258637,12.48211644876251,39453505
2018-04-02,12.617266654968262,12.733109852368198,12.424194659301703,12.559345516588243,61955568
2018-04-03,12.289044380187988,12.453155814385623,12.211815578287917,12.385580842883046,38983449
2018-04-04,12.298697471618652,12.559345352850325,12.269736902806205,12.346965700065986,36840429
2018-04-09,13.013063430786133,13.29301895281112,12.308350473059265,12.308350473059265,120572619
2018-04-10,12.993758201599121,13.003412031887603,12.742764137938174,12.897221739994164,63943439
2018-04-11,13.157869338989258,13.264058707862366,12.906875280954738,13.003411740395679,73840517
2018-04-12,12.81033992767334,13.051680159130878,12.791032267249575,13.032372498707113,52824617
2018-04-13,12.617266654968262,12.935835677978057,12.597959915721553,12.868260709654736,37140117
2018-04-16,12.491769790649414,12.839300308024576,12.3469660221697,12.617266819630455,41578895
2018-04-17,12.433849334716797,12.829647182906514,12.424195504117057,12.569000201193269,46990773
2018-04-18,12.588305473327637,12.597959302801257,12.009088593868327,12.472462281563745,55208396
2018-04-19,12.984105110168457,13.157870382689486,12.511078446794524,12.578653421379377,103873551
2018-04-20,12.491769790649414,12.877914707661827,12.453155391012162,12.848954138093866,63136766
2018-04-23,12.308351516723633,12.453155283958539,12.095971860224525,12.44350237461214,41926584
2018-04-24,12.48211669921875,12.520731098292966,12.26008321406209,12.308351443064835,30555791
2018-04-25,12.433849334716797,12.655881914671046,12.395234932957798,12.414541673517318,26743809
2018-04-26,12.018742561340332,12.482116254356175,11.989781993226797,12.375925970206783,35475305
2018-04-27,12.115279197692871,12.211814733066435,11.98978217313135,12.115279197692871,24655247
2018-05-02,12.1345853805542,12.202161264923504,12.009088361742442,12.144239209841219,21830778
2018-05-03,12.124932289123535,12.163546685049669,11.81601620107465,12.15389285590818,25592306
2018-05-04,12.221470832824707,12.462811097045225,12.163549684970208,12.221470832824707,35306669
2018-05-07,12.424195289611816,12.462809690704132,12.173201222191794,12.240777114583302,39645420
2018-05-08,12.491769790649414,12.578652419993205,12.327659282671029,12.433848651513491,37139708
2018-05-09,12.404888153076172,12.491769862278241,12.346966092968213,12.453155462419573,21194569
2018-05-10,12.356620788574219,12.501424568026582,12.26973815264681,12.43384959370081,22054922
2018-05-11,12.501422882080078,12.607613165288262,12.327658554299159,12.375925860513949,47753408
2018-05-14,12.569000244140625,12.665535788547995,12.395234975311412,12.482117609726018,36764123
2018-05-15,12.5400390625,12.65588227103894,12.404889112857896,12.65588227103894,28125811
2018-05-16,12.250431060791016,12.472464576336332,12.240778150181235,12.46281074508653,37540740
2018-05-17,12.221470832824707,12.327661138291365,12.173202595852594,12.250431406751956,18488617
2018-05-18,12.289044380187988,12.308352040982975,12.124933866630291,12.182855007735375,18442768
2018-05-21,12.356620788574219,12.453156334662468,12.308352555210105,12.404889021938333,23707310
2018-05-22,12.298697471618652,12.385580098695877,12.173200445911538,12.375926268878434,23908458
2018-05-23,11.989782333374023,12.260083124928382,11.980128503515683,12.25042929507004,34659749
2018-05-24,11.960821151733398,12.09597108026744,11.94151349300577,11.989781719185002,17288276
2018-05-25,11.729135513305664,12.01874399080555,11.680868200922324,11.912554614666247,26609787
2018-05-28,11.632599830627441,11.77740360734863,11.565023936936255,11.729135374894913,21785683
2018-05-29,11.565024375915527,11.738789651088613,11.526409972614841,11.66156084448724,18596001
2018-05-30,11.458834648132324,11.84497959002293,11.342991441757134,11.439527907389776,34584496
2018-05-31,11.671213150024414,11.719481378001529,11.507101727286148,11.555369955263263,24707792
2018-06-01,11.65190601348877,11.79671070391862,11.565023383358842,11.593984873828761,22124982
2018-06-04,11.536062240600586,11.729134230945057,11.497447842531692,11.66155926448446,17689883
2018-06-05,11.603638648986816,11.622945388568672,11.371951329525183,11.487794528936044,24577189
2018-06-06,11.593985557556152,11.700174933621707,11.536063493840414,11.5650240653783,20553474
2018-06-07,11.536062240600586,11.709827492230545,11.507101672208883,11.66155926448446,16983584
2018-06-08,11.304374694824219,11.526407230828285,11.217492077904444,11.516754322779247,26710397
2018-06-11,11.342989921569824,11.381604318519788,11.227146730719936,11.27541495706735,14299969
2018-06-12,11.49744701385498,11.622944028693675,11.236800075836001,11.304375037426142,23443311
2018-06-13,11.48779582977295,11.61329287350553,11.410567021420595,11.497449660976999,22976259
2018-06-14,11.835325241088867,12.038051073528528,11.632599408649208,11.651906148546358,67151048
2018-06-15,11.758095741271973,11.87393893568846,11.642252546855484,11.729134252187947,42357734
2018-06-19,11.072690963745117,11.748443481812073,10.618971034492162,11.584332037627814,58499042
2018-06-20,10.976153373718262,11.16922537049081,10.831349606298826,10.831349606298826,27941459
2018-06-21,10.976153373718262,11.36229828790326,10.947192804362354,11.014767773072771,35610952
2018-06-22,11.034075736999512,11.063036307153126,10.503127040770293,10.889271044951583,26212514
2018-06-25,10.850655555725098,11.22714661250283,10.83134881777333,11.120957252168521,25170954
2018-06-26,10.947192192077637,11.063035383661969,10.57070112894867,10.618969355602104,22830310
2018-06-27,11.048870086669922,11.174755660282415,10.864884047384125,10.942351950608698,31900436
2018-06-28,10.855199813842773,11.05855328103659,10.748681682832759,10.97140166316921,25445521
2018-06-29,11.019819259643555,11.039185772660328,10.806782075517841,10.893933692818823,26027359
2018-07-02,10.816465377807617,11.077919296165753,10.729313763858183,10.9810848878254,28303544
2018-07-03,10.816465377807617,10.826149095688702,10.45817612761896,10.768047711892358,33524816
2018-07-04,10.816465377807617,10.9810848878254,10.700263533705094,10.758363994011273,23841341
2018-07-05,10.419442176818848,10.816465374936286,10.332290562892549,10.748681196767015,33816072
2018-07-06,10.341975212097168,10.496911018145173,9.954634773486903,10.429126833871733,34687855
2018-07-09,10.45817756652832,10.496911519891784,10.264507799711005,10.264507799711005,22297316
2018-07-10,10.603428840637207,10.67121394639809,10.409759088799449,10.458176757631444,27476892
2018-07-11,10.3129243850708,10.458177400495488,10.187039731255796,10.448493681435787,23548969
2018-07-12,10.555011749267578,10.613113139742731,10.361341986834189,10.361341986834189,29623141
2018-07-13,10.622796058654785,10.69058023952857,10.477543055152129,10.555010954290797,29887706
2018-07-16,10.53564453125,10.632478944255425,10.44849291310197,10.632478944255425,17890645
2018-07-17,10.53564453125,10.555011044455,10.429126399896969,10.458176631449575,14610603
2018-07-18,10.45817756652832,10.613113379982174,10.438810128101442,10.535645473255247,16961115
2018-07-19,10.400076866149902,10.496912217741459,10.264508482110148,10.458178261802907,18871647
2018-07-20,10.477543830871582,10.59374568818275,10.22577360177585,10.390392207015637,22736217
2018-07-23,10.671215057373047,10.709949011773173,10.361342498681731,10.429127611499688,35990044
2018-07-24,11.02950382232666,11.068237774815918,10.613113140449443,10.613113140449443,67031657
2018-07-25,10.89393424987793,11.00045238564247,10.85520029837353,10.971402152886732,34884614
2018-07-26,10.913301467895508,10.990769369346335,10.845516361508361,10.932667981513099,22511610
2018-07-27,10.806782722473145,10.942352015667309,10.709948304611817,10.932668296834098,19551506
2018-07-30,10.826149940490723,10.9810857447176,10.758364833523785,10.787415989434004,21015121
2018-07-31,10.758365631103516,10.845517258314747,10.680897723246934,10.806783304386455,15592487
2018-08-01,10.487226486206055,10.835832022782895,10.477542768206376,10.787415279764856,22856455
2018-08-02,10.245138168334961,10.54532693526478,10.022418215040334,10.506592990192232,27693486
2018-08-03,10.17735481262207,10.390391065883893,10.16767109470376,10.254822708988218,15364871
2018-08-06,9.964319229125977,10.235456909761357,9.906217835816093,10.235456909761357,17655662
2018-08-07,10.264507293701172,10.303241245155165,9.915900807124977,10.012736147505086,21947784
2018-08-08,10.109570503234863,10.274190026790999,10.090203989370153,10.206405843029145,16276175
2018-08-09,10.274189949035645,10.332291337170549,10.051469962080684,10.08052019440302,22077580
2018-08-10,10.245138168334961,10.30323954768883,10.167670278189865,10.264505602616282,14307655
2018-08-13,10.167671203613281,10.196721434189213,10.003051691199376,10.119253536993279,16472372
2018-08-14,10.293557167053223,10.438809249062137,10.099887416544599,10.138621366646323,22544612
2018-08-15,10.09988784790039,10.293557606680451,10.080520410277257,10.216089703168427,14653541
2018-08-16,9.983685493469238,10.119253856092023,9.92558410699504,9.964318056814436,12314854
2018-08-17,9.857799530029297,10.099886937556617,9.828748376213095,10.080519501679149,13496796
2018-08-20,9.896533966064453,9.95463442958011,9.702864215195232,9.857800015890609,13492172
2018-08-21,9.93526840209961,9.983686073057223,9.790015389226769,9.877167012252421,13561380
2018-08-22,9.7803316116333,9.935267404345959,9.760964175799133,9.935267404345959,11544947
2018-08-23,9.7803316116333,9.848115790072546,9.741597663455137,9.7803316116333,12105408
2018-08-24,9.838432312011719,9.896533697440535,9.790014644736072,9.819065799195576,15437440
2018-08-27,9.983685493469238,10.012735724961233,9.838432489028845,9.86748272052084,18865503
2018-08-28,10.070837020874023,10.148304926919955,9.97400260006175,10.003052833956405,28275156
2018-08-29,9.93526840209961,10.070836772592614,9.906217245430884,10.032102820524575,15297669
2018-08-30,9.838432312011719,9.983685313838661,9.819065799195576,9.915900210256678,12868885
2018-08-31,9.915900230407715,9.925583948580563,9.770648151775784,9.819065819149825,11466539
2018-09-03,9.838432312011719,9.896533697440535,9.76096441376676,9.867482542981032,8404941
2018-09-04,9.896533966064453,9.95463442958011,9.819066065716765,9.848116297474593,13475818
2018-09-05,9.760964393615723,9.944951344185313,9.760964393615723,9.915900189785784,12868747
2018-09-06,9.731913566589355,9.82874797151907,9.712546131509333,9.731913566589355,10311606
2018-09-07,9.664130210876465,9.838433464083474,9.606029742134329,9.741599041683147,12593092
2018-09-10,9.112171173095703,9.693181403545223,8.99596931170386,9.664130245579535,34369937
2018-09-11,9.03470230102539,9.170271586588687,8.976601838276983,9.150904150012414,16423068
2018-09-12,9.054070472717285,9.121854659257345,9.015336519910068,9.015336519910068,10223773
2018-09-13,9.121853828430176,9.189638008796388,9.054069648063964,9.150904059517096,10003462
2018-09-14,9.315524101257324,9.53824501481711,9.102486906437148,9.131538062655977,30915798
2018-09-17,9.083120346069336,9.23805615115099,9.073436627379172,9.160588248610162,12140071
2018-09-18,9.199321746826172,9.21868918325268,9.034702231161646,9.083119898737719,12930628
2018-09-19,9.305840492248535,9.431726066877111,9.209006074181348,9.209006074181348,24010625
2018-09-20,9.509194374084473,9.828749721892464,9.499511578310214,9.586662281220331,53194224
2018-09-21,9.56729507446289,9.615712743794763,9.373625320625631,9.518877405131018,31725256
2018-09-25,9.586661338806152,9.702864111576956,9.49951064446336,9.567294825671157,20726827
2018-09-26,9.64476203918457,9.809381544829007,9.528560198169112,9.58666065693177,28628173
2018-09-27,9.518877029418945,9.722230493794221,9.509193311236743,9.654446313499195,17330922
2018-09-28,9.906218528747559,9.935269689179762,9.470461280658702,9.509195237744592,54927457
2018-10-08,9.838432312011719,10.17735505945106,9.673812797368633,9.683496515521801,59774396
2018-10-09,9.944951057434082,10.0030515175775,9.79969806009521,9.838432008020877,28949373
2018-10-10,9.877167701721191,10.119255149917741,9.80938351174306,9.944952815189648,26933457
2018-10-11,9.276789665222168,9.664129159671658,8.976601787896364,9.58666126078176,48987969
2018-10-12,9.383307456970215,9.422041405018454,8.995967976487814,9.238055382661855,28783442
2018-10-15,9.238055229187012,9.45109240165816,9.238055229187012,9.392991018805974,17967115
2018-10-16,9.179953575134277,9.373624229926579,9.01533499614502,9.296156337405707,21018789
2018-10-17,9.257423400878906,9.37362525233468,8.986284823991877,9.30584014636781,16633119
2018-10-18,8.966917037963867,9.22837093576285,8.918499375855879,9.209004425013712,17643636
2018-10-19,9.054070472717285,9.06375326830138,8.627996068347613,8.715147693036423,26402135
2018-10-22,9.40267562866211,9.528561200544164,9.06375286409579,9.06375286409579,38377994
2018-10-23,9.131537437438965,9.42204159181507,9.102486283209206,9.354257412259336,29630674
2018-10-24,9.092803955078125,9.228372321144166,9.005652334898393,9.054070004274937,18689296
2018-10-25,9.1896390914917,9.247740484001065,8.734515364711273,8.802299553063612,27193851
2018-10-26,9.199321746826172,9.489826828792406,9.1509040792501,9.402675211853516,32409442
2018-10-29,9.092803955078125,9.228372321144166,9.005652334898393,9.15090441953779,16346904
2018-10-30,9.276789665222168,9.422041744768176,9.054069686786262,9.083119917997424,30830029
2018-10-31,10.167671203613281,10.206405152211248,9.451092692805798,9.451092692805798,119166396
2018-11-01,10.032102584838867,10.322607680269407,9.954634682522755,10.022419789667033,86489954
2018-11-02,10.090202331542969,10.16767022125427,9.915899117947495,10.128936276398619,66875594
2018-11-05,10.109570503234863,10.254823512926286,9.954634698356205,10.061153756827965,45710037
2018-11-06,10.148303985595703,10.196721653255914,9.95463423844506,10.05146957376548,38866403
2018-11-07,9.964319229125977,10.361342492357505,9.964319229125977,10.128938766098608,56604234
2018-11-08,9.867484092712402,10.119255263295374,9.828750137506587,10.041787352883743,35586310
2018-11-09,9.741598129272461,10.012735779484693,9.731914410892328,9.87716649263347,25174921
2018-11-12,9.974000930786133,9.983684648293753,9.712546099021182,9.731913534036421,28619451
2018-11-13,9.964319229125977,10.02242062243586,9.770649457243563,9.857801085463228,41183261
2018-11-14,9.867484092712402,10.13862270264345,9.848117576854662,9.935269206940333,33866796
2018-11-15,10.032102584838867,10.032102584838867,9.828749110386514,9.848116547710662,31789781
2018-11-16,9.974000930786133,10.109569281932288,9.906215831722925,10.06115254137445,37731615
2018-11-19,10.293557167053223,10.312923680358978,9.886850229240004,10.012735797943163,63116768
2018-11-20,10.061153411865234,10.225772929777126,10.003052025282715,10.187038979885516,40816223
2018-11-21,9.944951057434082,10.012735235431457,9.838432008020877,10.012735235431457,29366476
2018-11-22,9.93526840209961,9.993368868456535,9.886850731141996,9.993368868456535,17556900
2018-11-23,9.363941192626953,9.935267634083539,9.325207243553127,9.906216479660527,53138681
2018-11-26,9.228373527526855,9.41236051051144,9.199323291499418,9.392993070832915,20403171
2018-11-27,9.305840492248535,9.38330839609839,9.257423744960072,9.296157696884997,13601303
2018-11-28,9.480142593383789,9.480142593383789,9.22837147451591,9.315523086700187,20117658
2018-11-29,9.373625755310059,9.68349737581939,9.373625755310059,9.586662032665087,27918836
2018-11-30,9.422041893005371,9.518877229886357,9.25742329789204,9.38330794295102,17804945
2018-12-03,9.702863693237305,9.770647871522582,9.53824418298149,9.586660925476592,34561962
2018-12-04,9.64476203918457,9.702863421437371,9.576977862798088,9.58666065693177,19670669
2018-12-05,9.57697868347168,9.722230766315459,9.45109311404497,9.509193577786393,28149575
2018-12-06,9.470460891723633,9.615713917448222,9.441410655974853,9.528562286711537,16890947
2018-12-07,9.451093673706055,9.557611812533114,9.422042516624813,9.480143907297021,9903729
2018-12-10,9.257423400878906,9.422041997823584,9.199322013405908,9.422041997823584,15886642
2018-12-11,9.334892272949219,9.373626227463932,9.276790879431989,9.296158318434506,9317816
2018-12-12,9.344573974609375,9.402675361322304,9.305840024630827,9.373625129710947,12447834
2018-12-13,9.29615592956543,9.373623818687634,9.121852717295427,9.363940101674837,34824031
2018-12-14,9.03470230102539,9.247739485913367,8.91850045203837,9.228372049337095,51507746
2018-12-17,9.025017738342285,9.07343540176273,8.90881590022729,9.015334944450291,13716467
2018-12-18,8.976602554321289,9.063753255395728,8.918501163448052,9.00565278801277,10913001
2018-12-19,8.899133682250977,9.034702977972126,8.889450886727538,8.9766025108704,9862774
2018-12-20,8.908815383911133,8.966916761346386,8.870081440117652,8.870081440117652,9984973
2018-12-21,8.82166576385498,8.908817387866776,8.782931811348657,8.899133668867627,11985094
2018-12-24,8.831348419189453,8.870082367030584,8.782930753515497,8.831348419189453,12000071
2018-12-25,8.579578399658203,8.76356536817865,8.463376541193316,8.76356536817865,25625179
2018-12-26,8.560211181640625,8.647362799201025,8.52147723200158,8.52147723200158,10351322
2018-12-27,8.482744216918945,8.71514794035747,8.473060497569763,8.71514794035747,13787236
2018-12-28,8.492427825927734,8.56021201351069,8.463376668257645,8.492427825927734,11223189
2019-01-02,8.414958953857422,8.521478017805045,8.385908719821838,8.511794298629754,9241109
2019-01-03,8.540844917297363,8.569896076131538,8.38590909747642,8.424643052431655,12515368
2019-01-04,8.889450073242188,8.889450073242188,8.414958043384697,8.453691992404677,32427875
2019-01-07,8.986285209655762,9.034702880712828,8.414958722860952,8.453692675008552,33198703
2019-01-08,8.87008285522461,9.00565214187515,8.831348905251629,8.90881680519759,17874194
2019-01-09,8.811983108520508,8.957235201857213,8.811983108520508,8.90881752958155,21979960
2019-01-10,8.676413536071777,8.831349343654981,8.657046098378748,8.821665624808467,18355664
2019-01-11,8.773248672485352,8.821665418605688,8.715147284254616,8.734514721494941,18902615
2019-01-14,8.715147018432617,8.850716304509156,8.70546330010782,8.79261491805058,15208107
2019-01-15,8.753881454467773,8.773248892193115,8.608629365488754,8.608629365488754,15675154
2019-01-16,8.627994537353516,8.782930321089811,8.58926059141944,8.753880092511785,18124557
2019-01-17,8.627994537353516,8.802297755801908,8.58926059141944,8.64736197206561,32245316
2019-01-18,8.773248672485352,8.8022989048556,8.57957799404306,8.608629149903546,35697690
2019-01-21,8.763564109802246,8.821664568946797,8.695779009480074,8.792614339374522,22845299
2019-01-22,8.627994537353516,8.763563809867833,8.58926059141944,8.753880092511785,17577736
2019-01-23,8.618311882019043,8.695779783433444,8.5892616498612,8.598945368410558,11655255
2019-01-24,8.598945617675781,8.647363288335866,8.550527947015699,8.618312131845661,16731456
2019-01-25,8.579578399658203,8.657046305301462,8.569895604070506,8.598945837814158,15135079
2019-01-28,8.560211181640625,8.657045593993134,8.540843745076,8.618311644354089,13404390
2019-01-29,8.414958953857422,8.550528251840628,8.250340345328922,8.521478017805045,22345716
2019-01-30,8.366541862487793,8.463376279806042,8.337490706151092,8.424642328180692,9835205
2019-01-31,8.279390335083008,8.463376376533624,8.24065638301497,8.463376376533624,15608218
2019-02-01,8.424641609191895,8.424641609191895,8.308439764232922,8.327807200137839,13634252
2019-02-11,8.676413536071777,8.686097254918293,8.453692620053227,8.502110290795542,22142611
2019-02-12,8.695779800415039,8.753881188334418,8.627995617417623,8.715147237551577,23612296
2019-02-13,8.899133682250977,8.986285306393839,8.67641368587724,8.69578020041439,52023584
2019-02-14,8.87008285522461,8.928184241929188,8.821665186885829,8.87008285522461,23842124
2019-02-15,8.802297592163086,8.93786593866701,8.792613874987063,8.87976548259107,24125289
2019-02-18,9.025017738342285,9.054068890488622,8.84103172553274,8.860398236806846,45536533
2019-02-19,8.976602554321289,9.073436974456312,8.89913372532688,9.044386740764834,38625297
2019-02-20,9.054070472717285,9.238056517678997,8.947551409879727,8.966918848028476,49646969
2019-02-21,8.986285209655762,9.141221018246165,8.957234976417627,9.005652647474694,39676830
2019-02-22,9.083120346069336,9.0928040647595,8.870083152336939,8.966918492258095,37165124
2019-02-25,9.083120346069336,9.083120346069336,9.083120346069336,9.083120346069336,0
2019-02-26,10.922985076904297,10.990770188342568,10.119254846842944,10.409759960676151,277759876
2019-02-27,10.613112449645996,10.922984049390628,10.409758981441028,10.603428731281424,140994556
2019-02-28,10.322607040405273,10.700263733404313,10.293556809710019,10.62279583589018,83204199
2019-03-01,10.438809394836426,10.438809394836426,10.14830430327158,10.429126599793438,80833209
2019-03-04,10.56469440460205,10.84551576272977,10.438808840822013,10.593744635169696,129388866
2019-03-05,10.777731895446777,10.777731895446777,10.390391474879053,10.458176579485274,91945945
2019-03-06,11.02950382232666,11.455577299708489,10.81646662189061,10.932668479358382,150304981
2019-03-07,11.42652702331543,11.910701889358538,10.777732628938443,10.893934485969956,165198997
2019-03-08,10.50659465789795,11.23285693590499,10.458176987999432,11.039186256310918,122597394
2019-03-11,10.835833549499512,10.893934942193612,10.429127494602033,10.429127494602033,68293033
2019-03-12,10.942351341247559,11.155388524996575,10.719630439262177,10.893933673555937,93246147
2019-03-13,11.116652488708496,11.416841258190043,10.826148359940028,11.029501804172018,114456700
2019-03-14,10.93266773223877,11.513677903362668,10.7874156512029,10.98108540041413,128985083
2019-03-15,11.320008277893066,11.320008277893066,10.80678316413149,10.99077013552074,106703464
2019-03-18,11.49431037902832,12.075320545720803,11.397475966906375,11.813865693662125,148650075
2019-03-19,11.513677597045898,11.629879443481132,11.252222749948983,11.426525981346925,84817366
2019-03-20,11.174753189086914,11.455574507047459,10.961716040585452,11.426524280635002,87373201
2019-03-21,11.194123268127441,11.397476748058079,11.05855397367693,11.17475583028154,73199524
2019-03-22,11.194123268127441,11.32000792016474,11.010136302552441,11.116654440234102,55069088
2019-03-25,10.748682022094727,11.039186192834933,10.748682022094727,10.942351777084944,66788625
2019-03-26,10.555011749267578,10.903618245137952,10.448493610801783,10.797099183181883,55493214
2019-03-27,10.555011749267578,10.68089732572185,10.419443377309342,10.642163373235173,35297795
2019-03-28,10.438809394836426,10.584062402363962,10.371025212084378,10.46786055043607,34362182
2019-03-29,10.797099113464355,10.797099113464355,10.41944331003036,10.458177262266931,54006501
2019-04-01,11.13602066040039,11.28127273440085,10.83583187104523,10.83583187104523,83903500
2019-04-02,11.42652702331543,11.59114655164931,11.029503780918523,11.184439590293875,117563381
2019-04-03,11.271591186523438,11.387793043272305,11.155389329774568,11.232857234273814,69514839
2019-04-04,11.407159805297852,11.484627711478902,11.155389571954585,11.290957946026277,90411830
2019-04-08,11.42652702331543,11.74608236102466,11.242540057064499,11.503994928003106,110438486
2019-04-09,11.155388832092285,11.32000742919125,11.077920007558937,11.32000742919125,59802549
2019-04-10,11.126338005065918,11.223173345973798,10.942351965529246,11.165071956731019,47629727
2019-04-11,10.93266773223877,11.242539330976738,10.922984013905657,11.10697096827398,44123067
2019-04-12,10.864884376525879,10.99076995395196,10.758365313747506,10.893934610242582,30629662
2019-04-15,10.738996505737305,11.116652233875138,10.729312788736314,11.039184344847373,35622154
2019-04-16,11.116652488708496,11.136019923154448,10.642161426663888,10.671212578332817,48989652
2019-04-17,11.106971740722656,11.25222383186027,11.029503835650559,11.136021974252124,41212838
2019-04-18,10.903617858886719,11.155389002876486,10.88425042158432,11.039186226042563,35598303
2019-04-19,11.01013469696045,11.019818414471237,10.729313353578508,10.903616574812173,35059980
2019-04-22,10.845516204833984,11.20380547474077,10.845516204833984,11.087603624243181,33961599
2019-04-23,11.155388832092285,11.397476253724598,10.700264220846273,10.864883741435465,71828439
2019-04-24,11.174753189086914,11.184436905721082,10.942349530807164,11.087601586359495,44621573
2019-04-25,11.281272888183594,11.687979809117182,11.029502684716753,11.155388248195262,142715876
2019-04-26,10.622796058654785,11.223172738724571,10.438809105582793,11.223172738724571,84462770
2019-05-06,9.228373527526855,9.760966113311733,9.102487940087494,9.66413076189981,50245329
2019-05-07,9.383307456970215,9.470459070951296,9.160587486565376,9.334890714527539,27538765
2019-05-08,9.422041893005371,9.557611179940707,9.150904242624915,9.189638192679265,27663609
2019-05-09,9.528560638427734,9.664128997464514,9.257422996863989,9.315523458311128,31946299
2019-05-10,9.877167701721191,9.915901656493025,9.460777918796547,9.615713737883887,53298607
2019-05-13,9.702863693237305,9.838432049807858,9.654446027252035,9.7319139234324,30100598
2019-05-14,9.809382438659668,10.157987993470975,9.79001500164726,9.925584290263437,46396447
2019-05-15,9.867484092712402,9.954635722798072,9.702865475705437,9.88685153206048,40299019
2019-05-16,9.867484092712402,9.867484092712402,9.867484092712402,9.867484092712402,0
2019-05-17,10.642163276672363,11.513678584950236,10.642163276672363,11.513678584950236,180806381
2019-05-20,11.232856750488281,11.368425115778063,10.051469872520288,10.390391709234967,158934641
2019-05-21,11.232856750488281,11.232856750488281,11.232856750488281,11.232856750488281,0
2019-05-22,12.3270902633667,13.072719916705946,12.259306085241374,13.072719916705946,342566030
2019-05-23,12.598228454589844,12.830632135789147,12.152787603879446,12.414241514356126,215611232
2019-05-24,11.66861343383789,12.782215158758067,11.571778099718664,12.191522206403306,196881873
2019-05-27,12.055953979492188,12.249623741206829,11.697664689447535,11.765448875175093,142575285
2019-05-28,12.046269416809082,12.3561419373392,11.736397819769168,11.910701054849222,146358674
2019-05-29,13.092086791992188,13.169554684673432,12.414241345796103,12.588544566073969,300161630
2019-05-30,12.549812316894531,12.917785318637966,12.046270022880279,12.840317415480428,209890914
2019-05-31,12.714430809020996,13.295440035499725,12.278673658289406,12.394875503585151,214229253
2019-06-03,12.42392635345459,13.033986764290587,12.23994032010257,12.714431442922715,151146918
2019-06-04,11.99785327911377,12.607913709254156,11.794499802400306,12.394876513770946,122085745
2019-06-05,12.06563663482666,12.540127740072213,12.0365864040029,12.452976124110746,103169574
2019-06-06,12.4142427444458,12.666013885770687,11.978485568146716,12.094687420260458,135425328
2019-06-10,12.3270902633667,12.656329283101423,11.939750783378885,12.636962770847115,114628156
2019-06-11,13.276073455810547,13.489110632852535,12.288356390562372,12.336774056729665,228430388
2019-06-12,13.866767883300781,14.602713902138266,13.247024645113653,13.36322650227374,393586267
2019-06-13,13.547211647033691,13.828033014090844,13.130821917356663,13.556895365360885,216266821
2019-06-14,13.188921928405762,13.605312567304892,13.130821467413897,13.55689490081822,134414424
2019-06-17,13.363224983215332,13.71183051506802,13.179238037675457,13.295439881626352,126492829
2019-06-18,12.90644645690918,13.266038611129984,12.64404177219601,13.178571000791194,104462048
2019-06-19,12.760665893554688,13.071664306052812,12.663478426224835,12.867571366138822,123614967
2019-06-20,12.576009750366211,12.799540551985885,12.274730273339811,12.770384682852317,126235999
2019-06-21,12.614884376525879,12.789821442597658,12.469104106031635,12.576009575937524,111290654
2019-06-24,12.828696250915527,13.013352248957743,12.527416777886334,12.614884384126569,106325647
2019-06-25,12.303887367248535,12.731511149067202,12.080357470226224,12.731511149067202,110207823
2019-06-26,12.14838695526123,12.37191683035082,12.090074290062695,12.167824819276866,45621726
2019-06-27,12.196980476379395,12.274730077393341,12.03176234251267,12.245574208725198,47524542
2019-06-28,12.4788236618042,12.585729137055123,12.10951257432591,12.196981111735031,87834230
2019-07-01,12.235856056213379,12.294167797263658,11.691607887603105,12.128949652873846,104147969
2019-07-02,12.138668060302734,12.303886197546431,12.051199525662145,12.128949128265251,53455942
2019-07-03,11.847105979919434,12.196980100549759,11.79851317591929,12.099792638852819,64973899
2019-07-04,11.876263618469238,12.138668300740232,11.701326545722981,11.847106821779269,55916444
2019-07-05,11.85682487487793,12.002606066973573,11.730481545801034,11.876262737896678,36420412
2019-07-08,11.283421516418457,11.817950730000545,11.176516044441389,11.808231797953074,67726452
2019-07-09,11.341733932495117,11.51667099810994,11.137640998227273,11.273703263355287,42936977
2019-07-10,11.069611549377441,11.370891054650535,11.011298878794786,11.27370450614405,38621946
2019-07-11,11.021016120910645,11.293139712568793,10.92382866046572,11.166796384729718,37054519
2019-07-12,10.972423553466797,11.098766894694831,10.933548750538817,11.079329029806637,24049843
2019-07-15,11.263985633850098,11.341735243813035,11.001580005088835,11.079329615051773,52642410
2019-07-16,11.390328407287598,11.516671748817437,11.254266133290445,11.322296806864813,44723095
2019-07-17,11.380608558654785,11.526388826535188,11.225109359089465,11.332014827078538,42069641
2019-07-18,11.604138374328613,11.87626289919708,11.47779597038409,11.487513975177128,77634178
2019-07-19,11.516671180725098,11.71104518624126,11.477796379621866,11.565263986967862,39759049
2019-07-22,10.729455947875977,11.468078140298035,10.70030007699965,11.458359207723118,75029540
2019-07-23,10.7974853515625,10.865516944732581,10.719735753809534,10.748892548103132,23738772
2019-07-24,10.875236511230469,10.962705052976974,10.80720583513805,10.80720583513805,26413359
2019-07-25,10.923829078674316,10.991860674329615,10.787767741060417,10.87523534659149,30640566
2019-07-26,10.875236511230469,10.933549181344288,10.816924767965096,10.923830248517243,20812078
2019-07-29,10.91411018371582,10.99186071141971,10.865517378317373,10.894673246926112,18919244
2019-07-30,10.875236511230469,11.001579857436704,10.865518505251872,10.875236511230469,31538984
2019-07-31,10.923829078674316,10.96270387897091,10.710018140467232,10.846079478081132,30501130
2019-08-01,10.758610725402832,10.904391918666224,10.748892720663937,10.865517119165652,24355811
2019-08-02,11.73048210144043,11.808231703501555,11.089047421011973,11.273703421043416,158085515
2019-08-05,11.82767105102539,12.226138043281793,11.555547409678075,11.740202506023062,136142493
2019-08-06,11.604138374328613,12.090073834217302,11.361170644384268,11.633295169252737,113170977
2019-08-07,11.96373176574707,12.128948974041602,11.487514297297835,11.536108030018985,127375520
2019-08-08,11.623577117919922,11.866544866265365,11.497233777558483,11.817951131226595,76733877
2019-08-09,11.448639869689941,11.759639213134149,11.419483999846182,11.652732812293044,58598549
2019-08-12,11.079327583312988,11.526388222041662,10.826641860695444,11.497232355364309,77079700
2019-08-13,11.079327583312988,11.23482770157155,10.933547323077933,10.982141052105714,46081401
2019-08-14,10.923829078674316,10.96270387897091,10.700299208680997,10.748892940763826,49005208
2019-08-15,10.836360931396484,10.943267331147604,10.729455458493746,10.768330260171867,39036384
2019-08-16,11.127922058105469,11.225109522674288,10.991860719927146,11.030735520385003,71977895
2019-08-19,11.254264831542969,11.283420698724123,10.914109649319036,10.952985374691652,62425963
2019-08-20,11.29313850402832,11.419481818346707,11.12792039506183,11.18623305045809,59351096
2019-08-21,11.059890747070312,11.273702600602483,11.040452884545434,11.273702600602483,40744647
2019-08-22,11.069611549377441,11.12792329311164,10.972424074022502,11.059892616472256,28810379
2019-08-23,11.244545936584473,11.400045131184868,11.069609806083184,11.079327810609477,70402186
2019-08-26,11.312579154968262,11.720765062874486,11.283422356654643,11.574983851851725,82497571
2019-08-27,11.370889663696289,11.380608595412598,11.059891263561168,11.234828327061345,61323657
2019-08-28,11.127922058105469,11.273703254958697,11.089047257647612,11.273703254958697,44347025
2019-08-29,11.069611549377441,11.157079164978741,11.0015799458896,11.098767421244542,31306024
2019-08-30,11.29313850402832,11.506950338016992,10.96270228609534,11.069608666513782,71376065
2019-09-02,11.312579154968262,11.312579154968262,11.118204206937913,11.263985417960674,45302552
2019-09-03,11.322295188903809,11.497232240923221,11.263983456129525,11.351451982139231,41115731
2019-09-04,11.35145378112793,11.409765523143511,11.19595456662181,11.30286004488266,42421449
2019-09-05,11.487513542175293,11.66245059773274,11.302858482191109,11.361170216144725,86191804
2019-09-06,11.341733932495117,11.526389003095378,11.263984331521495,11.506952066276149,52035230
2019-09-09,11.565264701843262,11.565264701843262,11.322296948217575,11.409765487818571,61682693
2019-09-10,11.594420433044434,11.779075501000323,11.516670833184234,11.565263637960603,78394222
2019-09-11,11.604138374328613,11.759638500045595,11.468077038742715,11.643013174045775,59251591
2019-09-12,11.506953239440918,11.633296585616183,11.419484697715854,11.594421781165982,36964159
2019-09-16,11.458357810974121,11.5361074083991,11.40976408087143,11.477795673754521,32562974
2019-09-17,11.205672264099121,11.604139222020448,11.186235326244823,11.458358944143807,53739206
2019-09-18,11.147360801696777,11.263985212276317,11.127922936509307,11.176516672629555,30164630
2019-09-19,11.23482894897461,11.273703751143447,11.118203615619706,11.147360412382628,23287395
2019-09-20,11.35145378112793,11.409765523143511,11.176516701384331,11.21539150501086,30859884
2019-09-23,11.050171852111816,11.263983706346437,11.00157812248827,11.263983706346437,34821851
2019-09-24,10.972423553466797,11.098766894694831,10.923829818094719,11.050173159322755,24585201
2019-09-25,10.836360931396484,10.962704268562474,10.826642926113239,10.962704268562474,25434546
2019-09-26,10.42817497253418,10.894673516038884,10.360144301817225,10.816923913262828,46228757
2019-09-27,10.447612762451172,10.544800228655182,10.369863160227311,10.418456893329317,15085753
2019-09-30,10.564236640930176,10.612830371617926,10.447612243388567,10.457331174895781,17845105
2019-10-08,10.622550010681152,10.641986948141932,10.437894007137636,10.564237344602047,20326667
2019-10-09,10.719735145568848,10.797484738910281,10.505924227304039,10.564235958885982,31228195
2019-10-10,10.651705741882324,10.719736412383599,10.554518275296184,10.67114267909053,19044345
2019-10-11,10.612831115722656,10.651705917628849,10.56423738162782,10.573956313816465,14227829
2019-10-14,10.622550010681152,10.710018546375618,10.554518412447464,10.58367520891121,24004185
2019-10-15,10.399019241333008,10.651705917135752,10.399019241333008,10.632268052759363,21719999
2019-10-16,10.146331787109375,10.486486972812584,10.107456988187437,10.39901844352614,26539433
2019-10-17,10.1268949508667,10.243519348781778,10.107457087790024,10.185206686400075,15849896
2019-10-18,9.883928298950195,10.194926727229568,9.815897624476188,10.156051923694646,24372058
2019-10-21,9.932520866394043,9.932520866394043,9.650678342216098,9.845052337020142,20681013
2019-10-22,9.951957702636719,10.010270363917241,9.883927036849698,9.913082904065806,12796993
2019-10-23,9.825615882873535,9.981116027860084,9.75758520665023,9.922803357634072,13535613
2019-10-24,9.78674030303955,9.874208838025142,9.767303365736295,9.767303365736295,11918297
2019-10-25,9.815896034240723,9.854770831477689,9.718708577724172,9.777021237003758,11947508
2019-10-28,10.019989967346191,10.058864768524566,9.835333966612632,9.835333966612632,24722774
2019-10-29,9.874208450317383,10.058864445113919,9.874208450317383,10.029707650031304,15887442
2019-10-30,9.679834365844727,9.864489432174679,9.660396502626662,9.864489432174679,21541514
2019-10-31,9.767302513122559,9.767302513122559,9.670115054544903,9.679833985772328,13247610
2019-11-01,10.000553131103516,10.039427936277109,9.670116823703744,9.728429494888367,36562734
2019-11-04,9.883928298950195,10.00055270955496,9.883928298950195,10.00055270955496,18543510
2019-11-05,9.951957702636719,10.000551432562435,9.825614375569176,9.903363972711,17696389
2019-11-06,9.981114387512207,10.088019850700643,9.86448906622699,9.903363864372631,22690874
2019-11-07,9.864490509033203,9.971396914706347,9.835334637871632,9.932522110874775,15314161
2019-11-08,9.767302513122559,9.913082774140745,9.757583581895133,9.874207976079344,19041195
2019-11-11,9.621521949768066,9.903364485719097,9.582647149183384,9.738147278370466,24853576
2019-11-12,9.388273239135742,9.650678840814521,9.17446137038063,9.572929238876,27143297
2019-11-13,9.23277473449707,9.388273950150746,9.213336869116144,9.388273950150746,19397656
2019-11-14,9.281368255615234,9.300805193696458,9.184180784663873,9.223055587674734,16021785
2019-11-15,9.456303596496582,9.757583989184358,9.261929598076243,9.291086392975545,34961151
2019-11-18,9.446586608886719,9.524336216626656,9.281368460727244,9.456304614717885,16043280
2019-11-19,9.611804008483887,9.611804008483887,9.368836271506677,9.446585873191514,18897062
2019-11-20,9.893646240234375,10.000551707531717,9.50489731698813,9.572928911494014,52643094
2019-11-21,9.699271202087402,9.883927193359455,9.67983426591832,9.796458663477779,27749216
2019-11-22,9.592367172241211,9.815897996167608,9.543773434270388,9.708991587262107,24388754
2019-11-25,9.67011547088623,9.747865070356502,9.534054135237424,9.572928934972559,21632588
2019-11-26,9.767302513122559,9.777021444349982,9.592365458422096,9.670115054544903,22526137
2019-11-27,9.757585525512695,9.883928876090716,9.689554847066255,9.718710719707804,21693589
2019-11-28,9.78674030303955,9.961677373010732,9.75758443366048,9.913083639480028,29001071
2019-11-29,9.660396575927734,9.806177770624378,9.621521776044963,9.777021902424385,16717388
2019-12-02,9.466023445129395,9.66039746237928,9.446586506828618,9.621522658929303,21674149
2019-12-03,9.621521949768066,9.660396750352747,9.495179543004118,9.495179543004118,18530785
2019-12-04,9.951957702636719,10.029707299778543,9.621521451359806,9.631240382714612,71165676
2019-12-05,9.893646240234375,9.932521039874166,9.815896640954792,9.864489445368282,34579080
2019-12-06,9.92280387878418,10.049147231869107,9.835335332275498,9.86449120549556,35709654
2019-12-09,9.942239761352539,10.039427230882122,9.854772150993995,9.922802823555664,29007136
2019-12-10,9.91308307647705,10.00055160649496,9.815896541783626,9.893646140277696,27289255
2019-12-11,9.815896034240723,9.913082563908999,9.796458172198102,9.90336363288769,20443680
2019-12-12,9.981114387512207,10.058863983803487,9.854771061826805,9.854771061826805,42931553
2019-12-13,10.010270118713379,10.02970705409857,9.883926794740644,9.913082661242573,40531080
2019-12-16,10.146331787109375,10.146331787109375,9.913082993577738,9.961676723942242,45097852
2019-12-17,10.389300346374512,10.505925679353998,10.146332601889297,10.185207403932996,81104112
2019-12-18,10.31155014038086,10.525362002564762,10.28239427226207,10.399018671585562,57294901
2019-12-19,10.272675514221191,10.350425115084205,10.224082708818072,10.350425115084205,29272272
2019-12-20,10.097739219665527,10.311550155310666,10.097739219665527,10.301832150489224,31837067
2019-12-23,9.990833282470703,10.214364086869342,9.961677412974664,10.088020749922004,28501133
2019-12-24,10.272675514221191,10.350425115084205,10.000551911200645,10.000551911200645,41586862
2019-12-25,10.18520736694336,10.301832699499299,10.15605149722857,10.27267590293612,26255837
2019-12-26,10.233800888061523,10.282394621140499,10.107457552795534,10.194926086968016,21241838
2019-12-27,10.535080909729004,10.865517170468216,10.243519448673915,10.243519448673915,108871029
2019-12-30,10.603111267089844,10.632267134287401,10.311549814569341,10.505924734148548,55589235
2019-12-31,10.535080909729004,10.671142245199269,10.45733131036076,10.583674641046242,35095236
2020-01-02,10.758610725402832,10.807204456490629,10.544799791573851,10.573955659487197,57561327
2020-01-03,10.748892784118652,10.914109987835173,10.690580121099387,10.778048652204117,58416609
2020-01-06,10.952986717224121,11.030736323802685,10.641987364061444,10.700300032419578,83079419
2020-01-07,10.865517616271973,11.001578957324726,10.729455348370845,10.9141104227346,57361175
2020-01-08,10.593393325805664,10.593393325805664,10.593393325805664,10.593393325805664,50315990
2020-01-09,10.651705741882324,10.739174276440176,10.57395613935276,10.67114267909053,31310515
2020-01-10,10.641985893249512,10.719735489082428,10.603111095333054,10.671141759974782,24412307
2020-01-13,10.739173889160156,10.739173889160156,10.739173889160156,10.739173889160156,28912617
2020-01-14,10.768330574035645,10.768330574035645,10.768330574035645,10.768330574035645,39167467
2020-01-15,10.544800758361816,10.75861171179381,10.535081825883521,10.75861171179381,27540271
2020-01-16,10.48648738861084,10.719736191390993,10.437893656319554,10.573955921365487,22898167
2020-01-17,10.399019241333008,10.554518448950578,10.36986337161681,10.496206709518182,21844087
2020-01-20,10.573956489562988,10.641987162317443,10.360144612101037,10.418457279353715,24975894
2020-01-21,10.272675514221191,10.564236980881665,10.253238577429615,10.5545180490617,27121346
2020-01-22,10.262957572937012,10.340707174282505,10.049145705812727,10.253238641056736,23896086
2020-01-23,9.854771614074707,10.24351961731601,9.767303081633326,10.20464481699188,33882052
2020-02-03,8.873183250427246,8.873183250427246,8.873183250427246,8.873183250427246,13364600
2020-02-04,8.649650573730469,8.795431763735012,8.047090731517292,8.047090731517292,60274915
2020-02-05,9.018961906433105,9.15502416932621,8.707963507646966,8.707963507646966,47885557
2020-02-06,9.096711158752441,9.155023819722219,8.950930896600452,9.125867952661482,33456915
2020-02-07,9.13558578491211,9.22305431129386,8.941211796757267,9.018961392019204,33206541
2020-02-10,9.310523986816406,9.339679856926091,9.038400369813083,9.106431042351813,32876305
2020-02-11,9.281368255615234,9.417429602729042,9.25221238506919,9.407711597112637,26205402
2020-02-12,9.553491592407227,9.582647462085676,9.24249317757474,9.2813679794288,42494025
2020-02-13,9.514616966247559,9.757584714034113,9.388273626176742,9.553491768819471,43457870
2020-02-14,9.534053802490234,9.689552996003712,9.417428480506823,9.475741141498528,35723824
2020-02-17,9.728428840637207,9.767303643196412,9.563210698048485,9.60208550060769,64451089
2020-02-18,9.981114387512207,10.175488378240406,9.757583603038556,9.893645859972443,87417404
2020-02-19,9.718709945678711,9.913083959222604,9.689554075359228,9.913083959222604,65076745
2020-02-20,9.825615882873535,9.845053748565023,9.553492251131862,9.75758520665023,52461169
2020-02-21,9.91308307647705,9.99083267497112,9.728428011765718,9.786739747212108,63597155
2020-02-24,9.757585525512695,9.854773003449166,9.650680041261364,9.854773003449166,66142288
2020-02-25,9.514616966247559,9.650679238673455,9.232774415889091,9.534054830957716,76989779
2020-02-26,9.407711029052734,9.640959833033788,9.281367695184242,9.388273165296802,52985615
2020-02-27,9.397993087768555,9.504898569149468,9.339680417202675,9.446586825432044,29053808
2020-02-28,8.844025611877441,9.232773603385942,8.805150812726591,9.174460941235505,64378364
2020-03-02,9.13558578491211,9.174460582543079,8.824587403864363,8.824587403864363,36121796
2020-03-03,9.213335037231445,9.388272083483365,9.135585444863537,9.252210760263651,37473841
2020-03-04,9.329960823059082,9.359116689955057,9.184179634882607,9.193898566130699,29832084
2020-03-05,9.54377269744873,9.553491629662242,9.320242817628294,9.407711353853122,53815417
2020-03-06,9.388273239135742,9.485460704983074,9.329961501106036,9.427148040105003,36469450
2020-03-09,9.028681755065918,9.252212572031642,8.9898069512695,9.24249363937043,42472555
2020-03-10,9.106431007385254,9.135586877382988,8.814869526862733,8.882901125988639,37813124
2020-03-11,9.009243965148926,9.174461170533077,9.009243965148926,9.125868365516272,25966690
2020-03-12,8.873183250427246,8.921776990776166,8.834308443517811,8.882902183866731,25638608
2020-03-13,8.775993347167969,8.824587074102876,8.45527604698513,8.552463500854945,35907410
2020-03-16,8.552465438842773,8.91205761668744,8.552465438842773,8.844026939671775,29808761
2020-03-17,8.455276489257812,8.698244209793085,8.260902498199254,8.562182879476243,27831107
2020-03-18,8.3580904006958,8.630214002618706,8.3580904006958,8.503870670013843,23641524
2020-03-19,8.3580904006958,8.416402137683678,8.183153336035474,8.319215600421101,23131245
2020-03-20,8.484432220458984,8.53302594915823,8.328933030100027,8.435839418608024,19322316
2020-03-23,8.192873001098633,8.33865328346437,8.124841399392649,8.270622608606816,24146151
2020-03-24,8.396965980529785,8.396965980529785,8.212309966945561,8.358091176646017,24285537
2020-03-25,8.552465438842773,8.601059176789017,8.484433834978647,8.552465438842773,25830491
2020-03-26,8.6107759475708,8.746838208930676,8.455276749929988,8.52330834403409,32063147
2020-03-27,8.474715232849121,8.669089244115487,8.464996300573704,8.65937031184007,20865644
2020-03-30,8.270622253417969,8.396965591904953,8.222028519100144,8.396965591904953,17413343
2020-03-31,8.7371187210083,8.83430617676932,8.290058092834496,8.358089682606517,52427194
2020-04-01,8.766276359558105,8.980087299902188,8.639933025619316,8.746838495791357,50687334
2020-04-02,8.75655746459961,8.775994401599961,8.620495198203695,8.775994401599961,24407396
2020-04-03,8.785714149475098,8.921776428507448,8.69824560772919,8.805152015129053,36280622
2020-04-07,8.902338027954102,8.970368699958412,8.79543255382613,8.844026288192804,34439998
2020-04-08,8.912056922912598,9.057837198554344,8.873182120951572,8.989806526834647,36863130
2020-04-09,8.824589729309082,8.950933086615642,8.805152788795743,8.941214152934707,26688630
2020-04-10,8.853744506835938,9.048119448984293,8.785713833193062,8.83430756873015,37918636
2020-04-13,8.902338027954102,9.009244428930465,8.766276683945481,8.814869491463764,30782343
2020-04-14,8.99952507019043,9.038399870471773,8.824588005500209,8.902337606062895,38635732
2020-04-15,8.873183250427246,9.028682478064987,8.844027376957296,9.028682478064987,25877962
2020-04-16,8.785714149475098,8.84402681958852,8.727401479361676,8.83430788676154,22835648
2020-04-17,8.824589729309082,8.921777212421368,8.785714921433874,8.785714921433874,25236217
2020-04-20,8.785714149475098,8.853744825567048,8.746839345015632,8.824588953934562,16359387
2020-04-21,8.601058006286621,8.775994141498511,8.533026411680792,8.756557205074229,25223347
2020-04-22,8.873183250427246,8.960651797685601,8.55246586171228,8.620496542091665,40336067
2020-04-23,8.785714149475098,8.873182691221006,8.756558277842611,8.863463758394028,24313944
2020-04-24,8.639932632446289,8.834306627026702,8.63021370100519,8.805150759551719,19138118
2020-04-27,8.571901321411133,8.698244653759957,8.523308516302494,8.630213985129185,15566483
2020-04-28,8.387247085571289,8.601058971317924,8.231747869336806,8.581621105864393,24254438
2020-04-29,8.396965980529785,8.47471558829732,8.358091176646017,8.377528115163683,12936223
2020-04-30,8.775993347167969,8.834306004859508,8.474713908498394,8.474713908498394,36307181
2020-05-06,9.300804138183594,9.5243349252647,8.775993893671473,8.775993893671473,91456039
2020-05-07,9.018961906433105,9.223054837348595,8.989806038258989,9.106430437803791,60550968
2020-05-08,9.067557334899902,9.125870009009374,8.970369853666952,9.086995201885896,38353160
2020-05-11,8.98980712890625,9.125869408306489,8.941213391488418,9.067556738035401,33272704
2020-05-12,8.912056922912598,9.057837198554344,8.824588386788193,8.980087594632295,26889771
2020-05-13,8.941210746765137,8.989804469809417,8.882899020590541,8.931491816786645,22739388
2020-05-14,9.11614990234375,9.271649110826207,9.02868136586027,9.038400298102522,70351747
2020-05-15,9.125868797302246,9.203618401225828,9.018962396771029,9.07727506313791,36846406
2020-05-18,9.60208511352539,9.913083521461965,9.232774040676526,9.378554312684704,132715406
2020-05-19,9.534053802490234,9.718708863075413,9.388272613435122,9.602084467940305,83170838
2020-05-20,9.368836402893066,9.650678944665191,9.349398538775084,9.514616676384437,61207191
2020-05-21,9.572928428649902,9.757583485913104,9.397991375670237,9.407710306802059,89495856
2020-05-22,9.738146781921387,9.97139557353849,9.261929340476078,9.44658532897585,119267666
2020-05-25,9.563211441040039,9.93252255746946,9.495180762988046,9.80617920762399,72805034
2020-05-26,9.621521949768066,9.660396750352747,9.446585810561176,9.52433541173054,53681118
2020-05-27,9.757585525512695,9.806179264480932,9.524336690683343,9.563211496488236,82302448
2020-05-28,9.796459197998047,10.039426937882618,9.592366259421071,9.708990663343862,119723950
2020-05-29,9.864490509033203,9.883928374373204,9.650679551383782,9.777022895548495,74916345
2020-06-01,9.815896034240723,9.845051900456378,9.572928319797619,9.69927071568155,76343862
2020-06-02,9.796459197998047,9.825615067266652,9.670115862036265,9.777022260768435,58261489
2020-06-03,9.524335861206055,9.777022540355533,9.524335861206055,9.767303608038615,71393297
2020-06-04,9.495179176330566,9.611803573580948,9.456303450398785,9.543771980048652,38594262
2020-06-05,9.407711029052734,9.543772367950837,9.300804632091817,9.49517956225772,40518282
2020-06-08,9.456303596496582,9.514616259446852,9.34939812907748,9.407710792027748,28437297
2020-06-09,9.329960823059082,9.495178946883442,9.3105229605629,9.466022153139168,31878560
2020-06-10,9.397993087768555,9.407712020670942,9.329962411148742,9.329962411148742,21387372
2020-06-11,9.611804008483887,9.611804008483887,9.3979921404264,9.427148009346125,61619579
2020-06-12,9.417428016662598,9.485459605610156,9.349397354563296,9.475740674782182,36318745
2020-06-15,9.125868797302246,9.349398676870448,9.09671200069461,9.349398676870448,49015689
2020-06-16,9.24249267578125,9.320242275268189,9.155024144646358,9.184180012741876,28359262
2020-06-17,9.193899154663086,9.329961420301272,9.155024354030513,9.271648755928233,24758406
2020-06-18,9.213335037231445,9.320241421873508,9.106429579437632,9.184179171805543,24360772
2020-06-19,9.281368255615234,9.281368255615234,9.184180784663873,9.232774520139554,21877333
2020-06-22,9.320242881774902,9.407711418601734,9.261930214940884,9.28136807950169,30796614
2020-06-23,9.329960823059082,9.436866286243191,9.300804029314808,9.3105229605629,31561214
2020-06-24,9.145305633544922,9.32024270385918,9.135586701450046,9.300804839669427,29600820
2020-06-29,8.960650444030762,9.125868580149048,8.941212580088202,9.125868580149048,27881337
2020-06-30,9.057835578918457,9.086992370311977,8.999523849827861,8.999523849827861,19850348
2020-07-01,9.203618049621582,9.203618049621582,9.038399915883673,9.057836852697829,30830490
2020-07-02,9.368836402893066,9.368836402893066,9.13558666771915,9.19389933322472,47297274
2020-07-03,9.582647323608398,9.708990659520426,9.359117447889838,9.417429186404084,73887110
2020-07-06,10.272675514221191,10.301832309681085,9.611803906885582,9.631240843677158,151989424
2020-07-07,10.156050682067871,10.476768003733824,10.107456951877934,10.389299474761597,139239479
2020-07-08,11.176515579223633,11.176515579223633,10.117176128201486,10.156050927924852,148441435
2020-07-09,11.96373176574707,12.167824701697212,11.477796292232295,11.66245136435463,308294865
2020-07-10,12.284448623657227,12.906445412246036,11.65273197668631,11.885980772407114,276219463
2020-07-13,12.634323120117188,12.82869713659546,12.012325340538295,12.313605761215932,237877939
2020-07-14,12.663477897644043,13.04250789219149,12.303885766490573,12.546853497825216,174554873
2020-07-15,11.78879451751709,13.12025758326351,11.75963864907182,13.013352114398621,194379116
2020-07-16,11.61385726928711,12.420510056006618,11.458358070909615,12.167824322067354,174545280
2020-07-17,11.390328407287598,11.730482702007858,11.040454253251607,11.613858292945334,112597536
2020-07-20,12.527416229248047,12.527416229248047,11.458357868971023,11.49723266788028,191865271
2020-07-21,12.274730682373047,12.488542559123637,12.099793608045436,12.488542559123637,131147146
2020-07-22,12.585728645324707,12.61488451437248,12.196980635193185,12.430229441272099,155551514
2020-07-23,12.663477897644043,13.489568554921165,12.449666961400363,12.896727624130039,282349605
2020-07-24,11.992888450622559,12.974478396352248,11.93457578201998,12.439949153747575,212356346
2020-07-27,12.109513282775879,12.294168373893807,11.526390283832551,11.98316993544321,116575058
2020-07-28,12.051198959350586,12.605166010426098,11.983168291981865,12.235854951991866,132549768
2020-07-29,12.381635665893555,12.439948330637778,11.7596388518131,11.983168725161173,124052798
2020-07-30,12.167824745178223,12.517697953693702,12.109512080334794,12.371916755009313,96535439
2020-07-31,12.060916900634766,12.333040474614476,11.866542919220684,12.041479965917484,109264822
2020-08-03,12.731510162353516,12.731510162353516,12.002606930009193,12.06091866956164,170271810
2020-08-04,12.537134170532227,12.721790159555,12.36219803974808,12.721790159555,118359664
2020-08-05,13.790848731994629,13.790848731994629,12.478823471420034,12.585728945039946,361761293
2020-08-06,13.683942794799805,14.140722397243865,13.440975059200591,13.586755329820777,314971310
2020-08-07,14.199033737182617,14.461439329169677,13.460412546047,13.606192812585368,259564399
2020-08-10,13.334070205688477,13.975504909030693,13.275757538635366,13.946349038928338,201289635
2020-08-11,13.479849815368652,13.86859874715439,13.304912749722654,13.363225413887438,168499348
2020-08-12,12.887008666992188,13.178570129387841,12.702352672507327,13.16885119771004,137520429
2020-08-13,13.023070335388184,13.178570465655763,12.760665661330345,12.993914466459172,88865887
2020-08-14,13.091102600097656,13.1882891437702,12.85785285621705,13.032789932415403,77270891
2020-08-17,13.538162231445312,13.547880236254398,12.955039307876667,13.10081957534466,115334624
2020-08-18,13.411819458007812,13.849161205441554,13.334069855212853,13.645068266392691,112761903
2020-08-19,13.470131874084473,14.082410722022187,13.392382267379533,13.800568166004677,158930985
2020-08-20,12.828696250915527,13.168851451404857,12.702352917215158,13.159132519539822,113662473
2020-08-21,12.566291809082031,12.94532089028974,12.342761006326382,12.867571287639523,101252011
2020-08-24,12.731510162353516,12.76066603212974,12.20669987213954,12.624603761760046,67423211
2020-08-25,12.294166564941406,12.81897681603092,12.216416966768762,12.780102016944598,96787450
2020-08-26,11.82767105102539,12.371918333720018,11.740202506023062,12.196982170563844,89972436
2020-08-27,11.954012870788574,12.002606603659949,11.759638866151436,11.89570020597325,62174001
2020-08-28,12.119231224060059,12.187261895192552,11.66245160982439,11.788794946819293,64704048
2020-08-31,12.002607345581055,12.410793243974556,12.002607345581055,12.138668693813274,67591969
2020-09-01,12.167824745178223,12.23585541512192,11.895700211706707,11.924857007552603,48614467
2020-09-02,11.885981559753418,12.11923129777338,11.779076086345208,12.090074501240643,62993277
2020-09-03,11.74020004272461,11.954011893774576,11.672169378373919,11.837387500524127,48095960
2020-09-04,11.61385726928711,11.652732068881484,11.477795934130967,11.545826601709038,43233486
2020-09-07,11.361170768737793,11.837388229045875,11.33201490034288,11.584701564694377,51786531
2020-09-08,11.458357810974121,11.5361074083991,11.29313968473396,11.429201943651831,44163708
2020-09-09,11.040453910827637,11.351453252197018,11.001579109012512,11.254265784235015,55960224
2020-09-10,11.011297225952148,11.205671220637207,10.836360167311437,11.137640554209517,57009536
2020-09-11,11.108485221862793,11.137641090758038,10.894673353984825,10.98214188751892,38761911
2020-09-14,11.283421516418457,11.3903279152439,11.08904750971089,11.118203379004932,51626693
2020-09-15,11.176515579223633,11.273703041956216,11.040453316767683,11.273703041956216,30338656
2020-09-16,11.040453910827637,11.147360310955518,10.962704307197386,11.147360310955518,27327993
2020-09-17,11.069611549377441,11.147361158922012,10.914111403439847,11.0015799458896,28464624
2020-09-18,11.361170768737793,11.438921295871468,11.001578635706053,11.011297567453806,53018732
2020-09-21,11.254264831542969,11.448638824164513,11.225108964361814,11.341733359934741,40392089
2020-09-22,10.923829078674316,11.11820308015728,10.884954278377725,11.079328279860686,36409140
2020-09-23,11.030735969543457,11.205672115302828,10.982142235280369,11.021017037321162,34115949
2020-09-24,10.700298309326172,10.90439122544146,10.651704581327623,10.875234432533368,39832068
2020-09-25,10.505925178527832,10.787767711621079,10.457331446577614,10.690580247720643,33325642
2020-09-28,10.437893867492676,10.564237203266782,10.408737998267382,10.525362402016931,20881796
2020-09-29,10.496207237243652,10.583675777638351,10.476769371889972,10.496207237243652,19624091
2020-09-30,10.437893867492676,10.544800266066042,10.379582129042086,10.525362402016931,21007870
2020-10-09,10.768330574035645,10.816924309261749,10.544800689583331,10.564237627564728,34385708
2020-10-12,11.137640953063965,11.166796821598757,10.807204686841823,10.836360555376615,47654840
2020-10-13,11.15707778930664,11.205671520992484,10.98214165282528,11.137640852741308,32199314
2020-10-14,10.933548927307129,11.15707881604483,10.875236258548183,11.15707881604483,27387046
2020-10-15,10.923829078674316,11.11820308015728,10.87523534659149,10.904392141950195,23520911
2020-10-16,10.816924095153809,10.972423303320701,10.75861142866703,10.904392631459784,21132898
2020-10-19,10.846078872680664,11.050171794557915,10.797485143310213,10.826641937041462,21149960
2020-10-20,10.816924095153809,10.816924095153809,10.671142892361056,10.80720516293128,20605374
2020-10-21,10.680861473083496,10.93354814146314,10.641986672321117,10.807204807273317,22087630
2020-10-22,10.544800758361816,10.603112499534754,10.389300619254348,10.603112499534754,23593290
2020-10-23,10.476768493652344,10.641986627915136,10.447612624914308,10.5448000898389,18350307
2020-10-26,10.457331657409668,10.467050589365327,10.321269390575553,10.399018992524086,16104621
2020-10-27,10.437893867492676,10.632267873741927,10.194926127969019,10.476768668742526,26106199
2020-10-28,10.48648738861084,10.48648738861084,10.194925921711473,10.360144055392835,36866774
2020-10-29,10.272675514221191,10.399018847335675,10.24351964560965,10.311550314652697,37143187
2020-10-30,9.78674030303955,10.311550586104717,9.777022297812112,10.292113648801463,47949268
2020-11-02,9.757585525512695,9.845054070285823,9.660398047576226,9.777023391839382,26445017
2020-11-03,10.729455947875977,10.729455947875977,9.796459738197699,9.796459738197699,116319473
2020-11-04,10.807204246520996,10.846079045266283,10.476767993761907,10.690579850285138,89387211
2020-11-05,10.943267822265625,11.021017429111158,10.651706333170665,10.797486614293934,76883727
2020-11-06,10.894673347473145,11.10848521522332,10.758611081296058,10.943267080168415,61639253
2020-11-09,11.147360801696777,11.293141083209097,10.836361446636243,11.011298525929767,90282920
2020-11-10,11.186235427856445,11.322296774617667,11.059892086686446,11.19595436029608,77820012
2020-11-11,11.283421516418457,11.51667125131591,10.962704173638878,11.079328577663418,91298928
2020-11-12,11.098766326904297,11.40976473441808,11.050172594018177,11.147360059790417,58502179
2020-11-13,11.400046348571777,11.74020156822083,11.050173123358666,11.079328993747657,104813590
2020-11-16,11.905420303344727,11.954014040972968,11.254266628932282,11.322297305502746,124887427
2020-11-17,11.584702491760254,11.924857715365757,11.4972339527275,11.856826114535606,91591660
2020-11-18,12.041481971740723,12.119231577257581,11.574983411791163,11.6235771469513,115157607
2020-11-19,11.924857139587402,12.177542885111086,11.71104526859194,12.041481543717188,87482466
2020-11-20,12.060916900634766,12.206698081831515,11.63329414152379,11.924855577069035,108580833
2020-11-23,12.362198829650879,12.634322438029352,11.905419220450735,12.041481488064157,159280171
2020-11-24,13.295194625854492,13.59647409527494,12.323323695352808,12.323323695352808,296605714
2020-11-25,13.586756706237793,14.16016076863682,13.411820549141197,13.45069535370138,349134324
2020-11-26,13.897754669189453,14.092128672404675,13.256319995155048,13.946348401705349,284805394
2020-11-27,13.363224983215332,13.683942308664633,13.03278872624373,13.683942308664633,204377535
2020-11-30,13.15913200378418,13.781129716042573,13.15913200378418,13.275756401048568,198731444
2020-12-01,13.479849815368652,13.55759941635613,12.945320613443485,13.188288348241437,165551952
2020-12-02,13.1494140625,13.470131410840361,13.071664458468906,13.343788072577736,120256437
2020-12-03,12.750946044921875,13.139694959449876,12.50797832090999,13.120257096641735,135282197
2020-12-04,12.955039978027344,13.13969598167709,12.653760495849061,12.731510099433676,123625149
2020-12-07,12.964757919311523,13.217444575073268,12.828695660013281,12.87728939025182,93237669
2020-12-08,12.673196792602539,13.100819590698599,12.605166124617522,13.02306999104477,79262466
2020-12-09,12.274730682373047,12.848134713248301,12.196981077527086,12.702353509025826,104269985
2020-12-10,12.09979248046875,12.333041273270233,11.983168084068009,12.313604337294267,82526816
2020-12-11,11.565264701843262,12.459386109333659,11.380609616901047,12.323324760486267,143693649
2020-12-14,11.662452697753906,11.662452697753906,11.283422651411456,11.565265221199903,75361551
2020-12-15,11.526389122009277,11.643013524672885,11.38060885039186,11.506952184989524,51076376
2020-12-16,11.41948413848877,11.711045621011355,11.341734533395867,11.52638961377941,65403606
2020-12-17,12.012323379516602,12.09979190436462,11.20567064768218,11.3514518313783,122848817
2020-12-18,12.090073585510254,12.420509839732834,11.86654372344693,11.944293321281853,115021740
2020-12-21,12.245573997497559,12.371916401829637,11.93457467195794,12.041481066644321,87285698
2020-12-22,11.487513542175293,12.167823901855009,11.429201808221677,12.128948176754864,108438494
2020-12-23,12.265010833740234,12.546853361962576,11.468076980183612,11.497232848110523,130831371
2020-12-24,12.294166564941406,12.595446952996646,12.148386300079778,12.255291765855084,94650184
2020-12-25,12.887008666992188,13.013351998258582,11.9637314751129,12.22613614247515,144061731
2020-12-28,12.682916641235352,12.935603321803496,12.459385830933254,12.76066624651041,102584357
2020-12-29,11.954012870788574,12.682916083314117,11.934575006900678,12.682916083314117,106445916
2020-12-30,12.22613525390625,12.469102967102874,11.934573812700647,11.973448609738176,88759882
2020-12-31,12.721790313720703,12.828695779764761,12.323323390372108,12.37191619421593,114763169
2021-01-04,13.071664810180664,13.246601887381752,12.634323044026358,12.644041976503843,145668544
2021-01-05,13.178569793701172,13.40209965550677,12.760665010684063,12.91616420617462,131889151
2021-01-06,13.129976272583008,13.363225069534927,12.838414812968944,13.22716280788881,112072474
2021-01-07,13.557599067687988,13.60619279876754,12.916164412613252,12.974477075278378,187454874
2021-01-08,13.421538352966309,13.839442235121854,12.945320878603184,13.74225569532101,123702135
2021-01-11,13.888035774230957,14.69468858485447,13.382663364528105,13.46041296602085,255336386
2021-01-12,14.140722274780273,14.140722274780273,13.343787478659706,13.79084814536449,161915804
2021-01-13,14.898781776428223,15.306967654701465,14.189316418907058,14.189316418907058,251586577
2021-01-14,14.86962604522705,15.209780329049398,14.383690559610796,14.927937784465906,158616622
2021-01-15,13.450695037841797,15.122313448372305,13.38266436317114,14.772439288698228,250361392
2021-01-18,14.791876792907715,14.791876792907715,14.12128528779907,14.578064914642077,235950535
2021-01-19,14.053253173828125,14.889061809568584,13.829722386095671,14.772437413431426,214881071
2021-01-20,15.4624662399292,15.4624662399292,13.897754387231172,14.101847318178596,248450559
2021-01-21,17.007741928100586,17.007741928100586,16.084463767667852,16.13305842825191,165821709
2021-01-22,17.785236358642578,18.65992163340909,17.61030115738587,17.96989234483735,461237716
2021-01-25,17.503395080566406,18.990358220575033,17.474238286320368,18.076799058195423,392386245
2021-01-26,18.358642578125,18.81542313402589,17.017461415117136,17.02718034755086,350605546
2021-01-27,17.493677139282227,17.872706217450386,16.52180618709988,17.872706217450386,285718176
2021-01-28,17.134082794189453,18.047641940180085,16.929990799218423,16.929990799218423,226438050
2021-01-29,17.299301147460938,18.028204316938726,16.852241426622268,17.882424053782493,221329060
2021-02-01,16.531526565551758,17.1535234361894,15.841497165203343,16.61899510719729,174683773
2021-02-02,17.678333282470703,17.969893829009084,16.045589772983575,17.00774180099633,228583586
2021-02-03,18.79598617553711,19.388828106704466,17.143804656069186,17.29930387511359,292575941
2021-02-04,17.551986694335938,18.679356710354188,17.2312693941531,18.465545794797798,229505444
2021-02-05,15.860932350158691,17.542268515496865,15.79290168564276,17.396488255291786,212408236
2021-02-08,16.288558959960938,16.618995264029717,15.229219371098726,15.860935180513653,151950391
2021-02-09,17.590864181518555,17.843550845442966,16.239962330011267,16.317713783861873,183043396
2021-02-10,18.242019653320312,18.650205559516237,17.260429691903997,17.668615598099922,210002156
2021-02-18,19.583200454711914,19.903917813437435,18.825142254286227,19.622076184834686,242680566
2021-02-19,19.136138916015625,19.660948248404658,18.348922136887072,18.980639717256157,207896508
2021-02-22,21.05072593688965,21.05072593688965,19.79701329740069,19.80673037625143,211587816
2021-02-23,20.778600692749023,21.857378071446348,20.09829212040849,20.72028895310767,356280008
2021-02-24,19.486013412475586,20.28294921428134,19.204171777662463,20.214916685067394,242506179
2021-02-25,19.437419891357422,20.27322953986877,18.873734788655927,20.195479934451214,186175176
2021-02-26,20.108009338378906,20.96325491042869,18.43639021246394,18.56273446689532,242365903
2021-03-01,22.119781494140625,22.119781494140625,19.573478967976065,20.214913601724273,350346409
2021-03-02,21.624128341674805,23.88858755004839,21.186785678679108,22.35303154420317,401109609
2021-03-03,23.14996337890625,23.324900428713043,21.10903422065455,21.274252339505797,311364792
2021-03-04,22.595998764038086,24.063524067500932,22.255843573194955,22.450218497590075,342404109
2021-03-05,20.98269271850586,21.964282542427554,20.593944732224152,21.381159636156685,230221173
2021-03-08,21.711597442626953,22.722342279335997,21.264535836117698,22.07118866055062,282503384
2021-03-09,19.54432487487793,20.74944459819772,19.54432487487793,20.5550696719185,272493650
2021-03-10,19.84560775756836,20.370417182923443,18.737675306721066,19.54432823831457,207561995
2021-03-11,21.614408493041992,21.614408493041992,19.981665092043347,20.244070678710262,240822095
2021-03-12,21.750473022460938,22.547408831006535,21.17707081524047,21.5269431285296,233629612
2021-03-15,21.585254669189453,22.28500299659346,20.992414601879467,21.11875702005137,154330704
2021-03-16,20.545351028442383,21.92540783403339,19.933073153358244,21.857377164990343,205181480
2021-03-17,20.438446044921875,20.759163373275438,19.728978866942583,20.0399791173825,116827183
2021-03-18,19.46657371520996,20.71056721188389,19.417979060685806,20.642536549246604,170065192
2021-03-19,19.311077117919922,19.884479288631272,18.834858708200542,18.951484041002523,151523244
2021-03-22,19.165294647216797,19.78729332159014,18.864015168913664,19.388826376632103,123879917
2021-03-23,17.940736770629883,19.320793587885777,17.668614092157583,19.213889044355966,189377484
2021-03-24,16.959150314331055,18.144832310546295,16.89111778472712,17.921302417224034,163932285
2021-03-25,17.386770248413086,17.833831837664267,17.124366507572987,17.22155211707845,143592567
2021-03-26,18.193422317504883,18.45582790159643,17.202115422653385,17.50339487826038,164909531
2021-03-29,18.057363510131836,18.659924359248954,17.707489349115647,18.17398884836952,124363883
2021-03-30,19.301355361938477,19.797009709863698,17.892141910757175,18.008767226496964,196585492
2021-03-31,18.582172393798828,19.106981715034166,18.29061001204886,18.932044656723512,116076744
2021-04-01,18.69879913330078,19.194453600621216,18.368362821753824,18.484988165586792,88688081
2021-04-02,18.455829620361328,18.893172301243002,18.193424011832327,18.650204557130245,80063605
2021-04-06,18.621047973632812,18.9028914498039,18.368361294419813,18.455829831597267,66276148
2021-04-07,19.38882827758789,19.680388852441588,18.11567586160766,18.56273751057318,156718003
2021-04-08,19.38882827758789,19.787295261613174,18.91260982965823,19.2819218684163,133560589
2021-04-09,19.748416900634766,20.09829102683943,19.145857965167494,19.398542774430105,146004145
2021-04-12,18.970922470092773,20.214916170625525,18.951484605097743,19.5637625228666,123259557
2021-04-13,18.183704376220703,19.09726357778039,17.969893437003204,18.88345263856289,117867395
2021-04-14,18.407236099243164,18.504423563859,18.105954773564402,18.105954773564402,66654013
2021-04-15,18.747392654418945,18.90289186757178,17.688053106254745,18.086520071670986,101805517
2021-04-16,18.514141082763672,18.864015222231526,18.173987729055202,18.786265619427198,76349927
2021-04-19,19.38882827758789,19.57348244327,18.125394794595707,18.41695722314633,131427826
2021-04-20,20.020540237426758,20.79803618980007,19.34994881994442,19.38882454441137,186374505
2021-04-21,20.29266357421875,20.79803688705228,19.77757318363929,19.826165987155477,144980170
2021-04-22,20.11772918701172,20.399570795514773,19.66094865912889,20.146884128827757,106289255
2021-04-23,20.108009338378906,20.457881600096417,19.563760302468786,20.13716427886567,116484078
2021-04-26,19.758134841918945,20.74944358067667,19.651228452338234,20.098290019378545,113043008
2021-04-27,20.020540237426758,20.29266289390913,19.447136277415225,19.75813465836455,90406529
2021-04-28,20.74944305419922,20.759161985159647,19.728977547712773,20.030258846396418,147613116
2021-04-29,19.91363525390625,20.3023832575222,19.758136052459868,20.195478715088253,152525340
2021-04-30,19.77757453918457,20.185760419265954,19.466576126493376,19.923354813421472,96479156
2021-05-06,19.923355102539062,19.981666842340662,19.126421195028986,19.728980164938015,138108125
2021-05-07,21.011850357055664,21.526940764443594,19.728979170223965,19.884478370985985,236113407
2021-05-10,21.643566131591797,21.857377069607868,20.710569071610404,21.128473869561684,198808308
2021-05-11,20.613384246826172,21.138195507829572,20.29266687188974,21.06044589735095,127762994
2021-05-12,20.788318634033203,21.089599957495057,20.428727427406297,20.487039164268044,82125060
2021-05-13,19.583200454711914,20.48704078940116,19.45685803920658,20.214916239632263,116316459
2021-05-14,19.583200454711914,19.816449274358035,18.961203602322257,19.57348152218122,93994812
2021-05-17,20.00110626220703,20.00110626220703,19.340233647407487,19.524889667118405,85847538
2021-05-18,20.030258178710938,20.448162927596265,19.8650400652841,20.049694186287375,87982947
2021-05-19,20.409290313720703,20.487039916958437,19.320794014695693,19.767855623585223,113840537
2021-05-20,19.592918395996094,20.069134943726244,19.544325589497877,19.923354670534852,96174872
2021-05-21,19.34023094177246,19.78729252899902,19.291638137239794,19.58319867182914,81679980
2021-05-24,18.553016662597656,19.213889207996115,18.319767856050564,19.213889207996115,118092772
2021-05-25,18.834856033325195,18.902888549121013,18.42667020703287,18.51413873078812,70308070
2021-05-26,19.719263076782227,19.971947900365034,18.64048569564565,18.834858779455256,143329045
2021-05-27,19.728981018066406,19.942793829412693,19.437420452753845,19.466577250763848,94327506
2021-05-28,19.865041732788086,20.35097718322236,19.719261468397132,20.020540928631323,112774336
2021-05-31,21.352005004882812,21.575536741621793,20.098292390418457,20.11773025512564,216701638
2021-06-01,21.400596618652344,21.478346212710715,20.749443073277295,21.099315319691687,145283779
2021-06-02,21.264535903930664,21.8768156501051,21.06044389100369,21.32284949650702,151043689
2021-06-03,22.0517520904541,22.770936361745626,21.18678569558323,21.264535296433753,206963131
2021-06-04,21.867097854614258,22.255845890179142,21.526942628358665,21.604692235471642,112266161
2021-06-07,21.78934669494629,22.148939760782277,21.28397335787285,21.799065626855015,88180151
2021-06-08,20.97297477722168,22.10034491750744,20.82719450719617,21.614409448291276,101574769
2021-06-09,20.759164810180664,21.225662437585516,20.652258408764087,20.93410188388168,62098584
2021-06-10,20.827194213867188,21.177068339958165,20.603664346063145,20.72028781896235,72916186
2021-06-11,20.26350975036621,20.895225499375425,19.728979613745544,20.827194829224748,94812182
2021-06-15,19.417980194091797,20.535631361632042,19.37910632189998,20.321820430335436,96490721
2021-06-16,18.630767822265625,19.728981276611506,18.494706470496283,19.36939003159342,118469512
2021-06-17,18.68907928466797,18.883454230302256,18.446111529473544,18.65992434041063,76113373
2021-06-18,18.96120262145996,19.1847324970122,18.02820553744254,18.46554821021582,108180416
2021-06-21,19.116701126098633,19.291638188798444,18.591889937999195,18.747390991051997,79505644
2021-06-22,19.903915405273438,20.389850850833998,18.9126066514427,19.175012236932595,144543757
2021-06-23,19.622074127197266,19.80672826482646,19.349949605964273,19.631793058708798,91941342
2021-06-24,19.85613441467285,20.30474951182917,19.397764712630863,19.622074121354878,106887239
2021-06-25,19.836627960205078,19.95365717109804,19.524547584296155,19.865886193001202,73827786
2021-06-28,19.456281661987305,19.865887650454802,19.349003327343514,19.709845590906603,69442426
2021-06-29,19.64158058166504,20.09995034977269,19.427025746902522,19.44653123919351,102559876
2021-06-30,20.187721252441406,20.36326508564388,19.51479671465444,19.60256956132865,106017920
2021-07-01,19.544055938720703,20.441286220953685,19.456283087607297,20.38277160692676,80419309
2021-07-02,20.10970115661621,20.928911292228964,19.329498281531475,19.55380584080813,165102431
2021-07-05,22.11871910095215,22.11871910095215,20.275493129254755,20.285244013844622,318908190
2021-07-06,22.762388229370117,23.064715913540915,21.670104863766788,22.06995814738993,322354323
2021-07-07,24.508089065551758,24.95670608323153,22.030949232771995,22.3332769198119,305407682
2021-07-08,26.331809997558594,26.95597082447623,25.298043162939763,25.33705228454912,415909387
2021-07-09,28.96499252319336,28.96499252319336,26.185523243065344,26.526861902054055,299214252
2021-07-12,31.861488342285156,31.861488342285156,30.20356067913666,31.013019949887266,355202981
2021-07-13,32.251590728759766,32.826989689351485,31.013019958662596,31.988272182018605,304747815
2021-07-14,31.500646591186523,33.64620226210372,31.091040576198548,31.695697783141185,251590129
2021-07-15,34.65070724487305,34.65070724487305,29.754942929747987,31.578665244810384,324648766
2021-07-16,33.06105041503906,35.304129686671594,32.81723736985527,33.64620023536344,326030709
2021-07-19,33.84125518798828,35.69423230576874,32.47590049464078,32.67095169658932,273461741
2021-07-20,35.099327087402344,35.752744252810324,33.09030628635859,33.15857364034773,193802871
2021-07-21,38.610233306884766,38.610233306884766,34.45566072675349,35.14808887006008,254207126
2021-07-22,39.58549118041992,40.65826722703493,37.74226492053638,39.370934482980005,248513539
2021-07-23,38.42493438720703,40.42420045642627,37.576462378084216,38.92231132333804,199849320
2021-07-26,39.9853401184082,40.18039130206857,36.279382510028746,38.10310307862564,213621985
2021-07-27,39.361183166503906,43.88635321374062,37.22537826244815,39.88782029793894,275924010
2021-07-28,38.44444274902344,40.89232803335755,36.74750588031986,38.512713830683445,204643753
2021-07-29,42.28693771362305,42.28693771362305,39.585488562900586,39.89756898201801,194915484
2021-07-30,46.51953125,46.51953125,42.57951142119693,43.26218871356054,226176661
2021-08-02,47.592308044433594,50.18647882548644,44.061896016149355,48.87964068944977,318253056
2021-08-03,43.749820709228516,47.7581084348468,42.83308112567463,46.256218933516244,259887271
2021-08-04,47.45577621459961,48.07993708405863,42.472236424592644,43.7010563915958,264858580
2021-08-05,46.402503967285156,50.001183440294014,44.198431792910824,45.93437961215149,257427820
2021-08-06,46.78285217285156,48.499294516097095,45.456508502015765,46.812108550201955,212781517
2021-08-09,44.5105094909668,45.41749432803314,42.84282913389326,45.349226972150035,229841194
2021-08-10,43.769325256347656,46.080672217980364,42.033373593257735,43.2036771238046,236494394
2021-08-11,45.046897888183594,46.43175795010136,42.72580032515222,43.7693198840652,245740435
2021-08-12,43.593772888183594,45.44674978517715,42.91109562285258,44.06189348490697,171070039
2021-08-13,44.05214309692383,45.710072694215135,42.52099733597331,43.0086234692771,223411462
2021-08-16,39.64400863647461,41.350700211127155,39.64400863647461,41.350700211127155,282326239
2021-08-17,38.51271057128906,40.355936612809685,37.274139845121496,39.98533973939697,278099611
2021-08-18,39.185638427734375,40.14138525276541,37.96657303045615,38.51271566774204,213385372
2021-08-19,40.2584114074707,41.253169141936844,38.0640938603433,38.42493986892565,222524165
2021-08-20,41.838321685791016,42.86233577174563,39.683011454246504,39.89756813293314,231753589
2021-08-23,45.82710266113281,46.02215012552156,40.56073927621452,42.02361758088161,287011247
2021-08-24,46.265960693359375,48.87963675505397,44.91036079903178,45.232195794526845,237020504
2021-08-25,46.2562141418457,47.24121726946842,44.686057436769794,45.72957703822545,169790898
2021-08-26,46.85111618041992,48.12869417051327,44.686055124431924,45.29071044158202,186209712
2021-08-27,47.85562515258789,50.1279645641481,47.153442378150075,48.538302436592225,259971050
2021-08-30,51.44455337524414,52.283270859641746,47.4655226270207,47.67032841574682,215091406
2021-08-31,56.59388732910156,56.59388732910156,50.81064114277927,51.43480571281071,224793128
2021-09-01,52.25402069091797,59.96826633419204,51.17149002876662,58.027512595335395,311348508
2021-09-02,54.00946807861328,55.433335403040445,50.90816577345215,51.68836679229635,187532806
2021-09-03,50.157222747802734,54.6141251644963,48.60657154521339,52.371045767870044,237078904
2021-09-06,51.44455337524414,52.468567437707215,46.909629172532405,49.54281084764593,207799704
2021-09-07,55.901458740234375,56.36957937436757,50.127967198966246,50.908168255854896,217335683
2021-09-08,54.72140121459961,57.15953170022396,54.22402051216879,55.44308575498096,167883739
2021-09-09,58.086021423339844,58.35909084438994,54.61412230869624,54.662884173842066,167636437
2021-09-10,59.5001335144043,59.88048498740908,56.99373572419081,58.086020837967155,163846317
2021-09-13,57.169281005859375,60.563158101653,55.10174745285006,58.973499747552545,160584942
2021-09-14,56.04774856567383,58.01775857706215,54.526353700959206,56.35982899121137,123333072
2021-09-15,54.126495361328125,57.22779755533027,53.638869276991834,56.07699969867328,125518215
2021-09-16,51.83465576171875,55.17977109524906,51.83465576171875,54.61412303521565,147376662
2021-09-17,48.55780792236328,52.653867905704075,46.65606538863806,52.14673631535789,219870360
2021-09-22,48.90890121459961,50.46930330698872,48.099440071471975,48.51879883135631,113461085
2021-09-23,49.68910217285156,51.55183379497207,48.23597470414874,49.1722159579252,162083843
2021-09-24,47.89463424682617,52.663616721345804,47.1924515000482,50.97643092837474,214664447
2021-09-27,43.10615158081055,46.763347635964855,43.10615158081055,46.714585765954574,211263160
2021-09-28,43.174415588378906,43.56451423844404,41.74079365565243,42.90134616130412,137317130
2021-09-29,40.4242057800293,43.47674630934892,39.90731956702048,42.42347211253881,147612985
2021-09-30,43.174415588378906,43.545012468188915,40.88257067304206,41.6140098272426,122445679
2021-10-08,43.13540267944336,45.25170180556541,42.813571400530456,44.89085582701017,111602457
2021-10-11,43.593772888183594,44.26669554841873,40.5704889189439,43.15490866616424,98134744
2021-10-12,41.30192947387695,43.55476341110898,40.141380686977264,43.20367202138015,110071375
2021-10-13,43.89609909057617,44.783578427701606,41.360444904586885,42.277180616689385,114114751
2021-10-14,42.979366302490234,44.276453578998556,42.735553240315774,43.281695838891714,82399851
2021-10-15,44.05214309692383,44.33496714711014,42.37471172815747,43.32070389696815,93864762
2021-10-18,44.159420013427734,44.61778975440358,42.51124507546638,44.37397669563635,108986057
2021-10-19,42.84283447265625,43.66204656562974,41.74079831561389,43.66204656562974,126226537
2021-10-20,44.76408004760742,45.54428110850744,41.448220888417204,41.93584701651623,172368564
2021-10-21,48.17746353149414,48.72360242063451,44.42274006719329,45.34923046593205,242430187
2021-10-22,46.73408508300781,49.25023762253282,46.46101564905949,48.17746165748555,170493997
2021-10-25,50.77163314819336,51.20074279613199,46.04165753389926,47.35825029511789,187758589
2021-10-26,52.61486053466797,53.59011280140772,49.93291680113366,50.81064160902414,198247843
2021-10-27,52.91718673706055,53.638875056568395,51.68837050905681,52.039461922855644,139431482
2021-10-28,49.59157943725586,53.54135434559912,48.74311095278091,52.73189312685858,194986294
2021-10-29,49.34776306152344,50.81064145726376,48.50904923967772,49.679348980036266,135742458
2021-11-01,44.80308532714844,49.32825872063826,44.608037860776626,49.08444566738155,247937693
2021-11-02,43.7888298034668,45.2809646335186,42.92085213052236,44.84210035400563,161481645
2021-11-03,44.500762939453125,45.31022040387443,42.46248550888947,43.78882921570689,162815095
2021-11-04,45.836856842041016,46.02215343465047,43.788828556364564,44.5495241389943,135671397
2021-11-05,45.339481353759766,47.007161904550216,45.21269751226747,45.8271075068769,141220406
2021-11-08,49.474544525146484,49.72811218494624,44.76407825128634,45.34922809340707,188806496
2021-11-09,48.996673583984375,49.884152962876136,48.567560222569455,49.4647942071072,110042440
2021-11-10,47.76785659790039,49.776877649564334,46.29522728062427,48.71385250732011,142134319
2021-11-11,47.00716018676758,47.57280456916111,45.42725255008447,47.10468392571027,118140087
2021-11-12,47.39725875854492,49.113704834380236,46.89988173856406,46.90963262432001,121427570
2021-11-15,44.87135696411133,46.90963443255296,44.149672341003175,46.81211069006558,132220361
2021-11-16,44.139915466308594,45.300468031848176,43.86684602514263,44.3252157759216,87429397
2021-11-17,46.431758880615234,46.743839294004644,44.20818500514269,44.20818500514269,124135041
2021-11-18,47.05591583251953,48.548050418684326,45.08590606003916,45.88561251853325,140561714
2021-11-19,46.314727783203125,47.28022536050114,45.856358066941176,46.73408279900375,99056836
2021-11-22,49.103946685791016,49.70860572721792,45.8368533103012,45.8368533103012,178566559
2021-11-23,49.3282585144043,52.33203338341686,49.22098017617314,51.56158324547671,216760011
2021-11-24,52.85866928100586,52.965947616825694,49.34775917552796,49.64033780787001,240792045
2021-11-25,52.809913635253906,54.76041823902628,51.73713387100373,52.84892089990721,187056275
2021-11-26,55.062740325927734,55.920963334887965,52.01995439271313,52.097972637004766,170624517
2021-11-29,54.65313720703125,55.004228613718,52.68312720751616,53.93144890214271,134523355
2021-11-30,52.488075256347656,55.09200067155918,52.32228416129678,54.90670036498225,137715358
2021-12-01,51.50307083129883,53.08297837846445,51.00569011811301,52.07846978715986,99315885
2021-12-02,54.27278518676758,55.052986185007875,50.995937273866495,51.68836542728652,163560381
2021-12-03,52.624610900878906,53.521844911973595,51.78589336451608,53.32679371649283,109217374
2021-12-06,50.77163314819336,53.04396894154601,50.713116674264064,51.8249036368762,114260721
2021-12-07,50.57658386230469,51.87366746082615,48.57731743132516,51.10322098664823,113079965
2021-12-08,51.171485900878906,51.34703160059621,49.903655020633444,50.21573915813579,75313220
2021-12-09,51.00569534301758,52.16624797914082,50.46930731369379,51.132479185680694,73451162
2021-12-10,50.95692825317383,51.78589114812303,50.323012825065405,50.47905303071321,74353061
2021-12-13,52.156490325927734,52.16624493187404,49.46479573002677,51.00569236354393,113963475
2021-12-14,49.65984344482422,52.03946134746432,49.269744771810466,51.70787542924195,117638571
2021-12-15,47.904388427734375,50.15722241513297,47.11443650354563,48.95766262037539,146719701
2021-12-16,48.91864776611328,48.95765874503985,46.92913248435876,47.8361172827971,93052915
2021-12-17,47.05591583251953,48.86013080637511,46.95839210647554,48.4797830663952,88961801
2021-12-20,47.49478530883789,48.63582865535214,47.007159183942825,48.14820253045708,103347680
2021-12-21,46.10017395019531,47.35825023591184,45.83685539828078,47.35825023591184,92919308
2021-12-22,45.65156173706055,46.675575913267906,45.202942849331464,46.35374086687263,87225025
2021-12-23,45.84660720825195,46.78285220736879,45.700321601099915,46.32448245364972,84263568
2021-12-24,43.10615158081055,45.84660811048583,42.61852544012331,45.84660811048583,135091794
2021-12-27,42.725799560546875,43.65228615998516,41.623763549908226,43.07688722207208,90330038
2021-12-28,45.0761604309082,45.13467318523983,42.540502334927695,42.911099233627176,127188434
2021-12-29,44.53001403808594,45.54427719014067,44.47149756844331,44.86159992547722,79707334
2021-12-30,44.64704895019531,45.788096071829116,44.5202688302411,44.851854759914175,71824684
2021-12-31,44.66655349731445,45.202941505062896,44.13016548956601,44.549524265874766,58344293
2022-01-04,43.22317886352539,45.427251003391554,43.008622180806015,45.241950697300446,74009048
2022-01-05,41.64326858520508,43.39872175482503,41.35069367698372,43.349959890170105,78984856
2022-01-06,42.29668426513672,42.83307219801521,41.61400702315879,41.83831828918904,63339259
2022-01-07,40.960594177246094,42.28693782204174,39.98534193493071,42.03337015567619,94932681
2022-01-10,40.91183090209961,42.12114155761506,40.27791547828017,40.96059276847989,80444923
2022-01-11,40.980098724365234,41.331190118756524,40.11212484394898,40.94108774270132,60469671
2022-01-12,41.9846076965332,42.01386779318932,40.98009909158392,41.682281886658686,72689576
2022-01-13,40.01459884643555,42.0041143402156,39.995093354893534,41.99436345459065,92652252
2022-01-14,42.823326110839844,43.593776280529,40.02435319749544,40.13163154014736,160153293
2022-01-17,41.36044692993164,42.52099574445119,41.155644854479725,42.49173936804149,94903883
2022-01-18,41.28242492675781,41.72128541410723,40.54123121601027,41.15564110670779,49757837
2022-01-19,40.2584114074707,40.960594213044935,40.024352952474004,40.960594213044935,57788897
2022-01-20,38.502960205078125,40.76554523449402,38.41518734961405,40.03410601239081,84367938
2022-01-21,38.86380386352539,39.283162663061105,37.71300581646817,38.43469417761804,54440438
2022-01-24,40.06336212158203,40.57048999121683,38.10310311818346,38.424938129600974,71440840
2022-01-25,39.312416076660156,40.697272364029615,39.28315598193691,39.93657686647691,53765575
2022-01-26,39.46846008300781,40.04385906420357,38.61998793969555,39.975591703747476,41280036
2022-01-27,37.86904525756836,39.97558989111952,37.80077417991578,39.751278608029516,54206417
2022-01-28,36.2598762512207,38.22988609588774,36.15259791646633,38.1323586459784,81303419
2022-02-07,39.887821197509766,39.887821197509766,37.235133708494246,37.58622513736893,139851505
2022-02-08,39.9853401184082,40.33643150493849,38.55171819684016,40.082863850092444,108545938
2022-02-09,41.545745849609375,42.1308994527386,39.36118281474516,39.91707631952798,133479194
2022-02-10,41.916343688964844,42.794072252974274,41.1653989664884,41.93584918153086,107410748
2022-02-11,41.71154022216797,42.96961654900338,41.262925068817914,41.545745400969444,100758045
2022-02-14,42.90134811401367,43.340208650275756,41.71153917853171,41.71153917853171,96668164
2022-02-15,43.58402633666992,43.89610679215263,42.52100112259053,43.710810184301174,91090465
2022-02-16,45.00789260864258,46.129430458560606,43.50600325801279,43.88635103843247,136410068
2022-02-17,46.89988327026367,46.919388762704756,44.66655460970534,44.87135669989829,161286169
2022-02-18,46.334228515625,46.607301650405816,45.56378213613203,46.334228515625,100231814
2022-02-21,45.914878845214844,46.89013111920538,44.2081873657314,46.32448301455062,114444079
2022-02-22,45.95388412475586,46.31473012916369,45.076159348234256,45.085910233624624,89534252
2022-02-23,46.64631271362305,47.10467870015551,45.30046368782096,45.75882967435342,95730648
2022-02-24,45.290714263916016,47.38750814107091,44.471502204968544,46.13918642088131,122518808
2022-02-25,46.73408508300781,47.79711016268208,45.914876781162846,46.05141149813701,138569408
2022-02-28,47.992164611816406,48.07993746730198,46.32448407788277,46.880377589193984,115597955
2022-03-01,45.973388671875,48.01166594347591,45.81734846678894,47.99216045280366,126767228
2022-03-02,45.78809356689453,46.656067468182925,45.15417812063407,45.446753049565025,69338943
2022-03-03,44.773834228515625,46.12943436915394,44.510515653527314,45.934383159500484,84762312
2022-03-04,43.8863525390625,45.280963595149416,43.42798277760545,44.46175153227523,78079624
2022-03-07,42.13089370727539,42.79406546820863,41.5652456734181,41.682278610259296,108508752
2022-03-08,40.56074142456055,43.00862294709654,40.42420670413994,42.25768198478321,99719953
2022-03-09,40.19990158081055,41.16539928848066,37.99582926741005,41.05812093867457,86335071
2022-03-10,41.06787109375,41.92609407888182,40.287670071035585,41.15564394132362,83603892
2022-03-11,40.76554489135742,40.94109060080795,39.25390458912653,40.18039500671715,65012339
2022-03-14,39.234397888183594,40.67777078341485,39.19538690499818,40.11212640839482,51202566
2022-03-15,38.32740783691406,40.32667395267745,38.27864597463527,39.000334185352884,76879994
2022-03-16,39.94633102416992,40.08286574309276,36.962061538307665,39.1076134990244,99396733
2022-03-17,40.658260345458984,42.12113855431353,40.47296377830908,40.96058984792726,111953412
2022-03-18,40.268165588378906,40.65826424935466,39.49771543153565,40.09261988883761,58582854
2022-03-21,41.10688018798828,41.70178088279899,39.84880400394781,40.18038988841681,68728432
2022-03-22,40.73628616333008,41.31168512882761,40.492473105412344,41.00935559770449,42612107
2022-03-23,40.268165588378906,41.08737761280762,40.02435253015955,40.96059378085179,39077629
2022-03-24,40.385196685791016,40.40470217778735,38.79553443086596,40.034105270441465,62163309
2022-03-25,39.224647521972656,40.629009452616,39.224647521972656,40.375445499137186,46103326
2022-03-28,38.502960205078125,38.99058635314694,37.92756120154524,38.834546134576605,40940265
2022-03-29,37.3424072265625,38.66875079944884,37.059583198754595,38.502955992692115,77510253
2022-03-30,38.86380386352539,38.86380386352539,37.64473845098956,37.83978966105377,72686602
2022-03-31,37.77151870727539,38.72726545347232,37.59597300692371,38.72726545347232,50695721
2022-04-01,37.66423797607422,38.32740975303661,37.26438473293146,37.36191218265641,43986231
2022-04-06,37.254638671875,37.634986474320606,36.92305274045971,37.634986474320606,42048022
2022-04-07,37.24488067626953,38.20062739860285,36.962060361913025,37.04983320989731,52948687
2022-04-08,37.07908630371094,37.38141580229408,36.1916070172222,37.2448773795106,45876659
2022-04-11,34.133827209472656,36.83527626648595,33.724223068699104,36.80601989079982,90405118
2022-04-12,35.001800537109375,35.089573383104444,33.84125176921178,34.124075797450544,57301583
2022-04-13,34.86526870727539,35.684480764174104,34.55318827800847,34.748239476373335,50042850
2022-04-14,34.54343032836914,35.31388044117555,34.47516297359306,35.21635671157881,53563882
2022-04-15,33.86075973510742,34.99205221048215,33.60719206356411,34.71897904725919,46472771
2022-04-18,33.821746826171875,33.91927055872566,32.49540322980562,33.64620113134152,48246067
2022-04-19,34.37764358520508,35.25537214358255,33.89001743506032,34.0168012757798,73212822
2022-04-20,33.06105041503906,34.91402732626079,33.051295809868286,34.81650359630401,58274542
2022-04-21,31.51040267944336,33.47065813609812,31.325102364237015,33.06105396198515,71015992
2022-04-22,30.700939178466797,31.61767491817719,30.58390995474231,31.500645694452704,60812627
2022-04-25,27.804441452026367,30.23281929474129,27.78493596088504,29.745193177084175,103041052
2022-04-26,27.27780532836914,28.331077705799675,27.199785221157473,28.067761006551603,82751465
2022-04-27,29.98900604248047,30.008511533495984,26.819436298153263,26.936467384100357,134347882
2022-04-28,29.052762985229492,30.203558981249547,28.691918864510416,29.257565047693316,109332080
2022-04-29,30.8959903717041,31.266587253920907,28.779692997400687,29.43311205380255,124210805
2022-05-05,30.87648582458496,31.685946970966942,30.291334107513492,30.42787068625599,89146697
2022-05-06,29.355091094970703,30.086530232585524,29.257565504592876,29.940242777091743,70939687
2022-05-09,31.21782112121582,31.617674372305398,29.062514663398623,29.160040254915923,100040908
2022-05-10,31.247081756591797,32.00777729124516,30.427869749929737,30.564404464324756,93119923
2022-05-11,32.8074836730957,34.231351003524686,31.091039564257418,31.354359966927962,164022525
2022-05-12,32.5149040222168,33.17807572457663,32.19306905476656,32.475893046715306,79227415
2022-05-13,32.48565673828125,32.895260934755534,31.939514089356447,32.74897531614004,55683486
2022-05-16,32.115055084228516,33.1390691450877,31.978520372152875,32.70995951852257,51126211
2022-05-17,33.23659896850586,33.59744126478249,32.06629550674442,32.193075622551895,93687232
2022-05-18,32.85625076293945,33.460909906477106,32.83674526924864,33.26585868986149,56940189
2022-05-19,33.02204132080078,33.02204132080078,31.65668670168055,32.29060214347752,81964166
2022-05-20,33.76322937011719,33.89001319497434,32.67094797213354,33.45114897069329,99174875
2022-05-23,35.3528938293457,35.547945022117744,33.431645719022974,33.821748104567064,132771655
2022-05-24,33.28535842895508,35.28462468296029,33.27560382364985,35.07006800974787,114825448
2022-05-25,33.3341178894043,33.56817631575508,32.52465684090311,33.256095933759624,64063069
2022-05-26,33.2463493347168,33.72422457390679,32.33936444504615,33.158576483448925,58144426
2022-05-27,33.21709442138672,34.348386931859075,32.98303223426143,33.66570958306025,64334859
2022-05-30,33.3341178894043,33.997289631217534,32.963521040675346,33.41213612475735,54977356
2022-05-31,33.968040466308594,34.085069704318606,32.6709530806499,33.15857924603274,70870176
2022-06-01,33.40238571166992,33.93877364327344,33.21708914483719,33.772982565627046,50082148
2022-06-02,34.9725456237793,35.577200965747565,33.17808136865139,33.28535970938441,136783951
2022-06-06,36.92304992675781,37.1571083779839,34.787245167640734,34.83601075524717,148570410
2022-06-07,36.34764862060547,37.23512794156828,36.025813620551595,36.92304754652367,88637614
2022-06-08,38.34691619873047,38.863798674133996,36.12334237366724,36.142847864098385,153771756
2022-06-09,37.59597396850586,38.44444239504536,37.16686431238877,38.04458911630448,84539279
2022-06-10,38.610233306884766,39.00033566045308,36.92304751024157,37.05958221790294,122479123
2022-06-13,40.47296905517578,41.24341923849382,37.88854906112601,38.03483838920134,144471357
2022-06-14,40.54123306274414,41.14588837620863,39.59523725210265,39.86831039390262,117766684
2022-06-15,39.312416076660156,40.7265287384611,39.312416076660156,40.27791363581677,92921730
2022-06-16,39.234397888183594,40.62900891457914,39.02959580689835,39.234397888183594,71698350
2022-06-17,39.91707229614258,40.47296574489489,38.72726343796794,38.971076484623936,85573024
2022-06-20,39.55623245239258,40.66801941801665,39.26365380224555,39.887818364972745,79089454
2022-06-21,36.28913116455078,39.59523531734648,35.957545288796815,39.56597894369784,210026386
2022-06-22,34.748233795166016,36.3573975479265,34.592193606044546,36.094079031229356,201421896
2022-06-23,33.977787017822266,34.02654888408106,32.47589772718308,33.158575015681976,230952919
2022-06-24,34.33863067626953,34.69947668576826,33.19758733460577,33.47065677289274,133109066
2022-06-27,35.02130889892578,35.733242610241994,33.5681813783679,34.60195012481878,144272504
2022-06-28,34.85837173461914,35.45086757816846,34.36462708181441,35.0459971135475,104963626
2022-06-29,33.76226043701172,35.07562311631561,33.70301348526588,34.828750772113196,95776060
2022-06-30,34.720123291015625,35.213867936090914,34.06838051019515,34.06838051019515,94619311
2022-07-01,34.5621223449707,35.105240656997196,34.07825097467326,34.71024723323811,73199477
2022-07-04,34.58187484741211,34.917621351444176,33.88075836654218,34.38437623910396,76405971
2022-07-05,33.58450698852539,34.354751147945954,32.9130177790658,34.06837836773796,133568243
2022-07-06,32.67601776123047,33.5548825460456,32.15264969094109,33.5548825460456,87530943
2022-07-07,32.68589401245117,33.00189028408903,32.30077379182832,32.34027426752623,66606453
2022-07-08,33.59438705444336,34.79912522797977,32.68589492294807,32.68589492294807,138788336
2022-07-11,32.64639663696289,33.89063146025339,32.290899896887716,33.7227600924249,73814764
2022-07-12,30.9775390625,32.211898759893764,30.89853999666313,32.182275287383874,104333916
2022-07-13,31.51078224182129,31.74778132248572,30.720791584560835,31.20466109756865,53363297
2022-07-14,31.570032119750977,31.767528848888478,31.135538185556662,31.303411441241035,45238541
2022-07-15,30.87879180908203,32.06377975878151,30.85904157044021,31.30341252244912,55878789
2022-07-18,32.04402542114258,32.85376626701294,31.48115499277023,31.48115499277023,96484478
2022-07-19,32.08353042602539,32.54764785590339,31.461411084902064,32.034152945274776,59662938
2022-07-20,31.85640525817871,32.26127574715928,31.698407110453925,32.22177903545782,42333500
2022-07-21,32.05390167236328,32.320524234555215,31.333034937684086,31.698404922774042,53609521
2022-07-22,31.560157775878906,32.36002548151232,31.3034122100432,32.36002548151232,47757450
2022-07-25,30.770166397094727,31.451534540580145,30.691167328537457,31.402158945552873,44608945
2022-07-26,31.036788940429688,31.263911026954418,30.32579544037125,30.770166377907774,41700487
2022-07-27,30.809667587280273,31.026914559976927,30.51341966070876,30.99728920227385,33919832
2022-07-28,31.639158248901367,31.89590381083583,30.86891591263885,31.06641264362585,68029389
2022-07-29,30.98741340637207,31.698405024342357,30.97754017083972,31.688531788810007,46758509
2022-08-01,30.740541458129883,30.78991705382863,30.315922636039,30.641794033705168,39543107
2022-08-02,29.279056549072266,30.394920481602664,29.130933534914032,30.385045362860605,68610257
2022-08-03,31.096036911010742,31.856402218065828,29.27905650208689,29.27905650208689,115412956
2022-08-04,31.24416160583496,31.83665746036538,30.612169041247437,31.31328555715092,62823494
2022-08-05,32.577274322509766,32.735272463022326,30.928165199372913,31.25403659961587,115120994
2022-08-08,32.577274322509766,32.93276731343342,32.09340289826785,32.44889965616431,64399648
2022-08-09,32.439022064208984,32.873519767955536,32.21189997678363,32.58714696629944,45674070
2022-08-10,32.03415298461914,32.695772804366406,31.836658129265718,32.48840094606157,57312672
2022-08-11,32.64639663696289,32.78464453210932,31.747781551538466,32.15265200174128,70556022
2022-08-12,32.5871467590332,33.37713744222128,32.44889886034688,32.65627070837637,60839523
2022-08-15,33.17963790893555,33.42651022601683,32.19214864061041,32.29089982762649,73403428
2022-08-16,32.172401428222656,33.14014043682666,32.04402677154862,33.10063996293119,87563248
2022-08-17,31.876155853271484,32.369900541293525,31.41203652458591,32.28102634677063,49464808
2022-08-18,31.895902633666992,32.20202566315141,31.599656606376733,31.619406843792433,36061462
2022-08-19,30.938037872314453,31.955152469491228,30.928162753877444,31.945275467567964,52131713
2022-08-22,31.194787979125977,31.402159833646163,30.444295864863868,30.74054190946025,37295218
2022-08-23,30.947914123535156,31.352784576840648,30.760290633336947,31.105912257337966,30938182
2022-08-24,30.02954864501953,31.293535592673223,30.00979840752034,31.036788155642647,49239475
2022-08-25,30.217174530029297,30.24679800514044,29.427181918804553,30.039426145416567,45508288
2022-08-26,30.45417022705078,30.95778999713366,30.108548594622956,30.217173020568197,43184641
2022-08-29,30.20729637145996,30.562793104920296,29.792550810251665,29.920923584286633,29482259
2022-08-30,29.99005126953125,30.424545211213303,29.832051246617496,30.20729824037228,25075435
2022-08-31,29.762928009033203,30.157925250550274,29.486432200154976,29.89130267757218,33911287
2022-09-01,29.713552474975586,30.039423860819845,29.634553408209896,29.772801304178273,23963044
2022-09-02,29.782676696777344,29.88142600201392,29.535804375429066,29.743178104774515,22043677
2022-09-05,29.703678131103516,30.0690500016056,29.525929755372033,29.891301625874117,25291782
2022-09-06,30.464046478271484,30.562795788847456,29.723429474181348,29.75305294891363,45433029
2022-09-07,30.404796600341797,30.710917757468476,30.246796578758662,30.34554588594073,36711690
2022-09-08,29.911052703857422,30.582543865996012,29.88142734590817,30.464046201171847,31040926
2022-09-09,30.296173095703125,30.37517216715466,29.9110528578127,29.97030169052974,32824065
2022-09-13,31.07628631591797,31.21453609300756,30.345544489964922,30.345544489964922,64497205
2022-09-14,30.3159236907959,30.85904207797365,30.16779878203246,30.602294621866537,45722643
2022-09-15,29.634553909301758,30.562794372109007,29.298807398998846,30.28629669201062,52858139
2022-09-16,28.4396915435791,29.585178999306073,28.4396915435791,29.57530576361543,52368518
2022-09-19,27.985445022583008,28.716186829211416,27.876820604203704,28.439689165830572,33093419
2022-09-20,28.647064208984375,29.229683034256524,28.094070740136452,28.094070740136452,39057581
2022-09-21,30.098674774169922,30.612169685446418,28.805064259999845,28.83468961839572,96500557
2022-09-22,29.022310256958008,29.851801429145112,28.992686783049717,29.52593003174921,54953589
2022-09-23,28.370567321777344,29.130934539767324,28.153320352417225,29.03218523242677,40406843
2022-09-26,27.74844741821289,28.28169061682207,27.659573237863658,28.24219202749253,38143057
2022-09-27,27.945945739746094,27.945945739746094,26.988081820686457,27.699073420902096,48631447
2022-09-28,26.672086715698242,27.649700914884725,26.672086715698242,27.649700914884725,40112421
2022-09-29,26.632587432861328,27.304080500827368,26.40546533148649,26.968333966844348,32908680
2022-09-30,26.22771453857422,26.889332426194798,26.207966184582588,26.662210345657396,27054490
2022-10-10,25.24022674560547,26.464713288698885,25.082228603495764,26.227716075534328,35800758
2022-10-11,25.447599411010742,25.63522101967376,25.180976851138436,25.319224748782,30946819
2022-10-12,25.635221481323242,25.645096600402237,24.045364979332472,25.37847591921486,59212549
2022-10-13,26.514087677001953,27.10658162465575,25.279726070842518,25.37847537603254,81285293
2022-10-14,26.75108528137207,27.057206436923714,26.40546364975628,26.662211093714113,54275843
2022-10-17,26.859708786010742,26.909082495911473,26.38571250692675,26.66221017943522,32876922
2022-10-18,26.73133659362793,27.086833364876846,26.672087759581935,27.047332886521865,27250481
2022-10-19,26.316591262817383,26.968334094580477,26.26721754784516,26.59308896372671,30113316
2022-10-20,26.346214294433594,26.60296173327803,25.73397011203743,26.16846592265773,32105626
2022-10-21,25.87221908569336,26.810332742459764,25.87221908569336,26.543710193105472,31328668
2022-10-24,25.18097686767578,26.52396290333412,24.98347825649555,26.168466156604243,45432300
2022-10-25,25.25997543334961,25.575971698167738,24.450234533881577,25.180976367145078,33431661
2022-10-26,25.447599411010742,25.852469868526608,24.98347824008791,25.131603140118976,51609869
2022-10-27,25.822845458984375,26.217840812087196,25.457475463671674,25.575973127859314,60858738
2022-10-28,24.46010971069336,25.5858468776535,24.39098576303599,25.575971758918687,51724002
2022-10-31,23.897241592407227,24.272486694203184,23.334371114483766,24.08486320156203,46751424
2022-11-01,26.286964416503906,26.286964416503906,23.98611456098295,23.98611456098295,125830185
2022-11-02,27.462078094482422,28.459442556677608,26.17834270230288,26.36596620480146,162406499
2022-11-03,27.146081924438477,27.728700789878015,26.909084707164393,27.086833090991572,83647652
2022-11-04,27.936073303222656,28.14344515290746,26.958457235179967,27.1460807302422,87374597
2022-11-07,28.33106803894043,29.229683135229926,27.8965722273158,27.965696175724787,120479303
2022-11-08,28.06444549560547,28.53843989936494,27.827448293725737,28.301442697485204,63622763
2022-11-09,27.659574508666992,28.489065641046174,27.590450561549776,28.291567034865874,47993379
2022-11-10,26.464712142944336,27.205329108326954,26.395588194199775,26.909083075568443,105455836
2022-11-11,26.514087677001953,27.21520416522707,26.148715812844774,27.007832319465727,106166120
2022-11-14,26.000593185424805,26.790583871780026,25.941344354819755,26.444964123678595,59049207
2022-11-15,26.90908432006836,26.918959439415197,25.90184474852814,26.010469177856915,72100194
2022-11-16,26.40546417236328,26.997958140647288,26.336340221369323,26.948584428076288,50580675
2022-11-17,26.099342346191406,26.306714193893022,25.72409535965559,26.198091652305376,53595519
2022-11-18,25.654972076416016,26.2672162834272,25.625348602253258,26.099343023721424,46924937
2022-11-21,25.398223876953125,25.56609713169971,25.1316031999326,25.457474590501107,40231918
2022-11-22,25.25997543334961,25.743844949288157,25.180976367145078,25.417973565758675,47688144
2022-11-23,25.378475189208984,25.44759913728724,25.052603802921247,25.230350290771202,36315433
2022-11-24,25.289602279663086,25.65497227608096,25.279727160369845,25.447600421382127,36795287
2022-11-25,25.092103958129883,25.329101173517024,24.924230695128184,25.200728388156403,28115326
2022-11-28,24.934104919433594,24.934104919433594,24.420610029452092,24.864980969529615,34418756
2022-11-29,25.6154727935791,25.664846504845706,24.904479297027322,24.934104653879096,49012428
2022-11-30,25.84259605407715,26.079593269208836,25.496974409036024,25.615473958345085,55010135
2022-12-01,25.97096824645996,26.484463142600283,25.872220821690696,26.030218961505195,58775364
2022-12-02,25.575973510742188,26.010469347403077,25.496974438938974,25.961095633833484,41544632
2022-12-05,26.444963455200195,26.662210417584703,25.536473247113413,25.67472114285934,82551727
2022-12-06,26.316591262817383,26.425215695940064,26.010470086319323,26.217841949386447,43627273
2022-12-07,26.286964416503906,26.622709025538843,26.178339997309916,26.227713705951047,42161807
2022-12-08,26.069717407226562,26.553586943106783,25.970968099529575,26.247465784383866,36469675
2022-12-09,26.48446273803711,26.593087163807684,25.882093662016814,25.941344376156966,48993127
2022-12-12,25.69447135925293,26.464711787473828,25.674721121737953,26.464711787473828,50021917
2022-12-13,26.948585510253906,27.481828784682545,25.64509797429023,25.694473572330413,132938711
2022-12-14,26.672086715698242,26.948584402902192,26.494338337030445,26.948584402902192,55072408
2022-12-15,26.48446273803711,26.721459944138612,26.030218563880826,26.681961351531545,45830532
2022-12-16,25.94134521484375,26.326465451773878,25.803095427533467,26.217841022491463,40679659
2022-12-19,25.269851684570312,26.22771564066428,25.131603783388154,25.793221698809955,46561311
2022-12-20,25.378475189208984,25.516723085365502,24.993353090151604,25.230350290771202,24874060
2022-12-21,24.99335479736328,25.477224350448914,24.79585805843311,25.289602730988218,25997295
2022-12-22,24.53911018371582,25.279727179903503,24.529235064414948,25.190852989682067,29177449
2022-12-23,24.736608505249023,24.78598410491908,24.144116377100683,24.351488245255297,22948844
2022-12-26,25.111854553222656,25.171103387038418,24.58848451797176,24.608234757072506,21457847
2022-12-27,25.378475189208984,25.437724018492304,24.983477971356663,25.240225409566143,29165777
2022-12-28,24.97360610961914,25.329100988357915,24.825481203034354,25.180977965259558,21813094
2022-12-29,24.99335479736328,25.259977372579787,24.74648246108573,24.756357580555207,21231344
2022-12-30,24.736608505249023,25.1612292449788,24.726735268801555,25.062479929125228,24151416
2023-01-03,25.447599411010742,25.654971257476085,24.79585663142489,24.79585663142489,43595181
2023-01-04,25.18097686767578,25.496973138775072,25.03285385103378,25.437724308815543,26395342
2023-01-05,25.50684928894043,25.64509719226423,25.161227647144504,25.289602314647823,35625368
2023-01-06,26.04996681213379,26.306714255234247,25.41797426510889,25.51672357145312,62479335
2023-01-09,26.316591262817383,26.553588484959736,26.059843801291542,26.23759218876993,49134474
2023-01-10,26.178342819213867,26.336340964080453,25.931470482424018,26.316590725100518,35620481
2023-01-11,26.198091506958008,26.780710337963065,26.178341269147516,26.365964761374485,49068873
2023-01-12,26.188215255737305,26.54371010352367,25.970966416187917,26.198090374215575,35106216
2023-01-13,26.346214294433594,26.583211495639304,26.030218026159314,26.306713819156144,31922274
2023-01-16,26.672086715698242,26.839959975163783,26.35609043517167,26.35609043517167,58323719
2023-01-17,26.8300838470459,27.14608011568978,26.533837816063844,26.75108477988493,48813383
2023-01-18,26.770835876464844,26.95845748981286,26.681961687621513,26.830084707864934,29166396
2023-01-19,27.057205200195312,27.086830555889307,26.533837100672038,26.741208940071157,41556032
2023-01-20,28.35081672668457,28.775437424462655,27.067081397878297,27.16583070397563,125954681
2023-01-30,28.765562057495117,29.35805600548444,28.558190211616342,28.864311362741063,110230521
2023-01-31,28.66681671142578,28.982813004304205,28.518691801088355,28.577942518617917,61519598
2023-02-01,30.414670944213867,30.898542378689346,28.824814386246025,28.824814386246025,161280006
2023-02-02,30.009798049926758,30.434418733668117,29.950549221621493,30.26654548389796,82592332
2023-02-03,29.180307388305664,29.812301806493895,28.765561816535953,29.802426687703388,94950508
2023-02-06,29.012435913085938,29.081561748854007,28.54831660241895,28.785313817450163,46065459
2023-02-07,28.755691528320312,29.17043714259611,28.439693345097282,29.101311303978047,57541227
2023-02-08,28.291568756103516,28.844562250171244,28.232319924039288,28.814938775882336,45121498
2023-02-09,28.6273136138916,28.68656244251387,28.054569914579528,28.14344409925608,40730317
2023-02-10,28.202693939208984,28.51869021450758,27.975571851773914,28.51869021450758,40408256
2023-02-13,28.4396915435791,28.58781644774829,28.143445502213517,28.192819214612314,36925808
2023-02-14,28.85443878173828,28.97293833515322,28.439693170015754,28.666817157103846,59153429
2023-02-15,28.35081672668457,28.83468813821287,28.31131813433745,28.83468813821287,41651618
2023-02-16,27.560827255249023,28.518691234440414,27.25470608804129,28.242195425408827,62690780
2023-02-17,27.68920135498047,28.281693438439003,27.550951569818597,27.560826689007758,49597303
2023-02-20,28.173070907592773,28.232319739269236,27.363328085077907,27.90644833981909,41881681
2023-02-21,29.417306900024414,29.55555479812896,28.06444574183581,28.06444574183581,118810007
2023-02-22,29.061809539794922,29.37780580507999,28.933434879843922,29.15068372484214,53095975
2023-02-23,29.190183639526367,29.27905782860248,28.834688766708314,29.081561095589425,44566792
2023-02-24,28.96306037902832,29.23955805426113,28.558189926696972,29.209932697937013,47437238
2023-02-27,28.449565887451172,28.78531239637518,28.350816581858286,28.78531239637518,33475552
2023-02-28,28.68656349182129,28.745814206097155,28.252069554716506,28.449566285176942,27855132
2023-03-01,28.982810974121094,28.982810974121094,28.518689803415928,28.617439108894878,36684516
2023-03-02,27.738574981689453,28.163195688078765,27.649700792748135,27.768200339165354,107135519
2023-03-03,27.71882438659668,27.87682252412841,27.402828111533214,27.738574624659737,52088019
2023-03-06,27.165830612182617,27.70894896865323,26.76096015368932,27.70894896865323,61875435
2023-03-07,26.593088150024414,27.264581200624477,26.56346279185567,27.116456293267188,45448896
2023-03-08,26.810335159301758,26.83996051750715,26.237591418402562,26.484463752988187,31472492
2023-03-09,26.711585998535156,26.9683334539621,26.593088332022077,26.909084620705556,21931659
2023-03-10,26.237590789794922,26.662211496466846,26.19809219662049,26.662211496466846,27047102
2023-03-13,26.375839233398438,26.573337853790182,26.11909366377018,26.168467377124898,22284646
2023-03-14,25.79322052001953,26.346213982961892,25.408098424562723,26.316588626854042,40358713
2023-03-15,25.803096771240234,26.138843312427817,25.783348415013013,25.970970041834025,22598520
2023-03-16,25.210601806640625,25.664845967947112,25.1809764504086,25.585846901481364,29945709
2023-03-17,25.575973510742188,25.793222370815855,25.42785048654697,25.575973510742188,32688198
2023-03-20,25.753721237182617,25.891969138445234,25.447600077178368,25.575972859281315,26538153
2023-03-21,26.168466567993164,26.168466567993164,25.743845865720736,25.83272005380038,30100079
2023-03-22,26.11909294128418,26.36596526820185,25.97096803834447,26.32646479182156,24857407
2023-03-23,26.089466094970703,26.109216332033622,25.882092372782573,26.06971585790778,22691511
2023-03-24,25.812969207763672,26.119092241044775,25.79322085358935,26.099342003384127,23770094
2023-03-27,26.04996681213379,26.346214731166484,25.842594963948628,25.95121938927592,35872399
2023-03-28,25.575973510742188,26.049967941561462,25.526599797172594,25.980843989169458,30258193
2023-03-29,25.5167236328125,25.763595957523545,25.47722315678528,25.57597246336697,18817694
2023-03-30,25.575973510742188,25.595723749564602,25.190853271137332,25.477224200116563,24270399
2023-03-31,25.76359748840332,25.891970276147006,25.53647538821023,25.575973983098105,20598889
2023-04-03,26.198091506958008,26.24746521799789,25.59572243814246,25.66484638699283,38705394
2023-04-04,26.020343780517578,26.277091227977817,25.90184423419501,26.18821703910749,32795764
2023-04-06,26.66221046447754,26.751084650038035,25.773470492358886,26.059841403120014,56515891
2023-04-07,26.45484161376953,26.632588121515617,26.365967418153218,26.56346416569994,29570373
2023-04-10,26.168466567993164,26.583212151202698,26.148716329867383,26.464712605934384,26675972
2023-04-11,26.612836837768555,26.612836837768555,26.000592655702032,26.16846590856815,36735715
2023-04-12,26.593088150024414,26.830085364915064,26.41533976798482,26.533839317173364,38106144
2023-04-13,26.50421142578125,27.155954175309788,26.425212361701618,26.484461188889778,49754478
2023-04-14,26.60296058654785,26.849832895931403,26.4153371040402,26.454837577614967,33574594
2023-04-17,27.00783348083496,27.10658279027132,26.267216485291883,26.60296300728366,54312690
2023-04-18,26.75108528137207,27.15595574359771,26.464712480366128,26.98808248729783,45622659
2023-04-19,26.168466567993164,26.65233610115656,26.168466567993164,26.622710743967886,40864581
2023-04-20,25.79322052001953,26.099341665855405,25.50684772810258,26.099341665855405,34673698
2023-04-21,25.16122817993164,25.793222644550934,25.131604704870075,25.783347525034923,36026022
2023-04-24,24.87485694885254,25.27972742670897,24.785982757763428,25.151352758030722,27889286
2023-04-25,24.529233932495117,25.062477165730403,24.33173532256422,24.874855558131017,29558698
2023-04-26,24.766231536865234,24.93410479298917,24.489733855165113,24.52923433118786,23318243
2023-04-27,24.62798309326172,24.874855412486713,24.489733313725022,24.805731464461527,19050565
2023-04-28,24.845230102539062,24.95385452591661,24.667481731007197,24.667481731007197,21100352
2023-05-04,24.440359115600586,24.68723142989958,24.22311215707253,24.53910841801744,27584834
2023-05-05,23.8182430267334,24.440360464365043,23.77874255019227,24.430485345229762,34120806
2023-05-08,24.02561378479004,24.12436308816272,23.78861658678739,23.818241942845084,26778026
2023-05-09,24.677358627319336,25.161228182738956,23.551621371179262,23.97624209298268,65770679
2023-05-10,24.509485244750977,24.736607342093965,24.28236314740799,24.489735005811642,25264504
2023-05-11,24.558860778808594,24.825481469856687,24.539110539920156,24.539110539920156,17422358
2023-05-12,24.11448860168457,24.588483010116544,24.045364652557367,24.578607891171753,17475185
2023-05-15,24.71685791015625,24.766231621867774,23.986116052604704,23.986116052604704,26383940
2023-05-16,24.61810874938965,24.855105957287353,24.519359441894007,24.805732245282723,14331845
2023-05-17,24.62798309326172,24.77610610809945,24.519358670087097,24.539108907661813,13764206
2023-05-18,24.410736083984375,24.726734258501864,24.15398862665005,24.627984946683053,19929688
2023-05-19,24.12436294555664,24.41073385180966,24.074987352419022,24.302111313879482,14542749
2023-05-22,24.173738479614258,24.29223802860148,23.995990097876643,24.114489646863863,13292356
2023-05-23,24.11448860168457,24.35148580590056,24.09473836379498,24.193487669756564,13897080
2023-05-24,23.897241592407227,24.213237864127265,23.83799087884496,23.99598901470498,14651579
2023-05-25,23.808366775512695,23.95648978852591,23.600993050505153,23.768866300849812,18350204
2023-05-26,23.600994110107422,23.86761667559341,23.314623189889655,23.80836784442532,18451175
2023-05-29,23.383747100830078,23.857741516350217,23.36399686264514,23.84786639725775,15093622
2023-05-30,23.31462287902832,23.51211960811747,22.85050170452179,23.284997522096088,22554483
2023-05-31,23.561494827270508,23.62074365670378,23.077625306011758,23.275122031951433,20218265
2023-06-01,23.670116424560547,23.897240381400238,23.502243178280562,23.581242242207246,19351846
2023-06-02,23.976240158081055,24.025613868195645,23.670117128214404,23.67999224693458,20627367
2023-06-05,23.778743743896484,24.03549120384349,23.630620716404188,24.03549120384349,14855027
2023-06-06,23.20599937438965,23.758992874658478,23.20599937438965,23.758992874658478,19113917
2023-06-07,23.12700080871582,23.334372669544493,22.96900266232641,23.21587500149567,16650193
2023-06-08,23.077625274658203,23.255371762716525,22.969000851272845,23.047999918238652,13866235
2023-06-09,23.600994110107422,23.600994110107422,23.0874992173536,23.09737433646268,23378641
2023-06-12,23.531869888305664,23.719493382240493,23.3343712753757,23.383746870351374,15289886
2023-06-13,23.452871322631836,23.620744582175394,23.373872252463478,23.472621561045525,12067939
2023-06-14,23.51211929321289,23.67999254660779,23.413369988247716,23.49237093900892,14939014
2023-06-15,23.94661521911621,23.995988930090988,23.403496864448318,23.591118472941538,32768357
2023-06-16,23.96636390686035,23.986114143367438,23.778740427015464,23.946613670353265,20988232
2023-06-19,23.719493865966797,24.07498873960965,23.69974362757375,23.96636619542069,19751643
2023-06-20,23.670116424560547,23.867615026120387,23.462744588060346,23.719492016693636,18908447
2023-06-21,23.265249252319336,23.788619301479688,23.255374132506518,23.551622076431563,17173262
2023-06-26,23.245498657226562,23.502244213684662,23.097373757787835,23.176372825194864,15344625
2023-06-27,23.472620010375977,23.571369312434356,23.245497934082096,23.324496999031545,13460643
2023-06-28,23.383747100830078,23.57137059661419,23.00850010926185,23.50224476296692,16721401
2023-06-29,23.76886749267578,23.93674075143799,23.2356242423929,23.255372597228266,25330748
2023-06-30,23.84842872619629,23.918044354417237,23.659472562991883,23.84842872619629,18428788
2023-07-03,24.007549285888672,24.126891710705767,23.81859313384655,23.83848195724649,24360600
2023-07-04,24.186561584472656,24.942391871097858,24.15672740141231,24.524696236301917,46666342
2023-07-05,26.344655990600586,26.533614040846995,23.967769909737637,24.017494813910297,174318804
2023-07-06,25.12140464782715,25.857344217150807,25.081623207758238,25.857344217150807,104410348
2023-07-07,25.061737060546875,25.340199583227918,24.64404137964164,24.972230707718346,57580182
2023-07-10,24.813106536865234,25.35014270961128,24.78327045625798,25.210911460544434,34325697
2023-07-11,24.942392349243164,25.012007973563108,24.574421610416106,24.773325020087515,35028753
2023-07-12,24.813106536865234,25.11145975540376,24.644039207191135,24.862831440993823,35938605
2023-07-13,24.922502517700195,25.031899586609203,24.81310734567475,24.84294153037098,26813169
2023-07-14,24.63409423828125,25.04184452863965,24.62414887792086,24.872777196280055,24547139
2023-07-17,23.739032745361328,24.226344023234216,23.739032745361328,24.216398662842906,38359459
2023-07-18,23.88821029663086,23.957825925223425,23.66941615318724,23.76886786412674,16836625
2023-07-19,23.85837173461914,23.927987355976367,23.669413693161374,23.868317094367804,14520918
2023-07-20,23.78875732421875,24.057276360451258,23.768866603708897,23.868318309374658,17693517
2023-07-21,23.679359436035156,23.86831748055021,23.60974381355157,23.71914087567346,12956515
2023-07-24,23.51029396057129,23.75892228721653,23.480459775379362,23.629636391989788,14075294
2023-07-25,23.987661361694336,24.01749554635436,23.629635970705543,23.629635970705543,24606849
2023-07-26,23.95782470703125,24.017494971807427,23.838482280595375,23.987660787861095,14309046
2023-07-27,23.78875732421875,24.04733100019633,23.75892124345397,23.967770015040422,15502905
2023-07-28,24.116947174072266,24.246233066562237,23.639581252270517,23.679360797312217,29529816
2023-07-31,24.544588088989258,24.743489607143474,24.19650806111495,24.216398781995434,34548284
2023-08-01,24.61420249938965,24.673872762200197,24.375519551264006,24.5147507967831,24972388
2023-08-02,24.474971771240234,24.743488908005535,24.425244970444073,24.6142030197025,18519465
2023-08-03,24.524696350097656,24.544587070152485,24.30590412014494,24.38546510348079,13111488
2023-08-04,24.514751434326172,24.763379748866768,24.395410905601448,24.564478235364394,25546639
2023-08-07,24.86283302307129,25.360089683532717,24.365576362609865,24.465028074078873,51891664
2023-08-08,24.78327178955078,25.06173619954883,24.465027833486502,24.763381068075862,27972568
2023-08-09,24.78327178955078,25.191022095368588,24.62414981151864,24.683820079059792,26040602
2023-08-10,24.663928985595703,24.91255730963148,24.56447917348825,24.78327141576165,14962940
2023-08-11,24.126893997192383,24.79321801476639,24.126893997192383,24.673875578639308,19480211
2023-08-14,23.93793487548828,24.06722266700228,23.71914263192775,23.957825596780218,16265408
2023-08-15,23.76886558532715,24.05727532971254,23.569964079401107,23.93793290865017,15474322
2023-08-16,23.390953063964844,23.828537546330853,23.390953063964844,23.679360932029553,20646847
2023-08-17,23.59980010986328,23.669415737232455,23.17215908815712,23.39095322775576,14384019
2023-08-18,23.26166534423828,23.649526818855495,23.251719983670295,23.639581458287505,15072531
2023-08-21,22.91358757019043,23.35117206078241,22.91358757019043,23.172159361502235,16042494
2023-08-22,22.615230560302734,23.112487173933534,22.098083226874678,22.933474489525096,29012823
2023-08-23,21.849456787109375,22.595341771291924,21.799731880250647,22.595341771291924,22886960
2023-08-24,21.9190731048584,22.247262403943896,21.73011505481417,21.879291664056034,17646034
2023-08-25,21.4118709564209,22.01852274906967,21.292528531786353,21.87929150106561,22702881
2023-08-28,21.89918327331543,22.82408094379223,21.750006658018687,22.73457459523747,34107022
2023-08-29,22.306934356689453,22.446165616269223,21.839511876299685,21.88923868106649,22794426
2023-08-30,22.207481384277344,22.51577996880814,22.13786575843654,22.316878451674917,17157982
2023-08-31,21.958852767944336,22.227371804167,21.82956687840204,22.19753572340331,14321071
2023-09-01,22.237316131591797,22.326822472842156,21.93896102846278,21.978742467633353,14705814
2023-09-04,22.853914260864258,23.013036230722744,22.277096645906376,22.277096645906376,43906402
2023-09-05,22.843969345092773,23.003091318047154,22.585395664821018,22.784299079455767,26881224
2023-09-06,22.744518280029297,22.754461743017345,22.595339778840426,22.674900760928885,15509287
2023-09-07,22.32682228088379,22.804188165525872,22.32682228088379,22.754461366990192,15461764
2023-09-08,22.048358917236328,22.416329655848088,21.978743292957116,22.30693259090447,15107433
2023-09-11,22.28704261779785,22.426273871024332,22.048359656459503,22.09808456207366,14597957
2023-09-12,22.257205963134766,22.525724999056877,22.197535698557687,22.356657668685568,13043210
2023-09-13,22.108030319213867,22.37654936686835,21.919074156983164,22.25720693561627,13127651
2023-09-14,22.048358917236328,22.207480886126955,21.948907212458813,22.10802918134944,11647801
2023-09-15,21.998634338378906,22.316878280863076,21.919073352757863,22.098084147742565,15488280
2023-09-18,22.336767196655273,22.525725249615267,21.889237362023962,21.998634429035043,23981746
2023-09-19,22.048358917236328,22.33676677451928,22.008577476571926,22.326823311236673,12964076
2023-09-20,21.720169067382812,22.028467637164145,21.68038762772925,22.028467637164145,14181908
2023-09-21,21.491432189941406,21.819621490390443,21.481486829699495,21.630663439561147,13164850
2023-09-22,21.938962936401367,21.958853657716464,21.342254575133566,21.481487727455658,19518349
2023-09-25,21.650554656982422,21.94890788355372,21.630663936042055,21.938962523083536,12799291
2023-09-26,21.52126693725586,21.73011571403708,21.46159667112561,21.67044544790683,11207237
2023-09-27,21.670446395874023,21.7997322942924,21.451652249019418,21.531213239634642,13358669
2023-09-28,21.670446395874023,21.81962301616712,21.63066495212459,21.68038985992774,11787985
2023-10-09,21.491432189941406,21.73011514509675,21.451650748973762,21.67044488052879,13405338
2023-10-10,21.61077308654785,21.839510685350746,21.53121210014321,21.53121210014321,13293852
2023-10-11,21.69033432006836,21.799731388952416,21.53121234544622,21.70027968059269,14214270
2023-10-12,22.058303833007812,22.117974095918786,21.700278461775067,21.779839444617515,23827538
2023-10-13,21.879291534423828,21.929016438248667,21.710224205782488,21.879291534423828,15039347
2023-10-16,21.541156768798828,21.92901632795559,21.43175970467421,21.88923678447249,17530137
2023-10-17,21.570993423461914,21.750006116111283,21.501377797850168,21.71022467468541,10428811
2023-10-18,21.033954620361328,21.551101959767674,21.033954620361328,21.54115659975408,17931920
2023-10-19,20.795270919799805,21.23285726018025,20.77538020049083,20.96433824015929,16802959
2023-10-20,20.73560333251953,20.984231665291027,20.636151620034205,20.70576724970884,16448379
2023-10-23,19.89026641845703,20.626206048313907,19.661528809896847,20.60631532664338,27251344
2023-10-24,20.526752471923828,21.431759359990167,19.21399531107523,19.770922189066024,59088932
2023-10-25,20.20850944519043,20.387522138197923,19.969826486808284,20.069278193688394,24544084
2023-10-26,20.407413482666016,20.506865192585686,19.840541202072558,20.178675877669285,25698795
2023-10-27,20.64609718322754,20.74554889668713,20.188620060066885,20.367632764917417,25749176
2023-10-30,20.795270919799805,20.92455869842474,20.54664261908782,20.56653333839679,20779714
2023-10-31,20.785327911376953,20.924561065406397,20.606315211113102,20.795273272156457,20275972
2023-11-01,20.685876846313477,20.864889552166403,20.596370493387013,20.864889552166403,14434601
2023-11-02,20.5665340423584,20.874832614666506,20.5665340423584,20.675931105418854,14459698
2023-11-03,20.964340209960938,21.103571464439078,20.606314816293057,20.606314816293057,24699434
2023-11-06,21.44170570373535,21.62071839695264,21.03395541224421,21.41187151945483,41002328
2023-11-07,21.471542358398438,21.580939428705086,21.242804754015065,21.362145288091785,24214663
2023-11-08,21.262693405151367,21.441706101691114,21.133407511474648,21.401926556284266,17485511
2023-11-09,21.15329933166504,21.37209158497925,21.133408609486384,21.232860323495995,13751627
2023-11-10,21.0737361907959,21.262692341572926,20.994175207078342,21.11351573421294,12779221
2023-11-13,21.12346076965332,21.18313103230358,20.994174884430517,21.073735866925347,10723042
2023-11-14,21.093626022338867,21.332310881784164,21.01406503481829,21.133407464540937,14070280
2023-11-15,21.35219955444336,21.38203563588314,21.23285902245136,21.262693207007583,20998014
2023-11-16,20.954395294189453,21.322366056257522,20.954395294189453,21.28258461305725,15285849
2023-11-17,21.004121780395508,21.02401060481111,20.83505444311958,20.93450425584835,11521523
2023-11-20,21.173189163208008,21.203023348337368,20.785327684574018,21.004121825568472,16712437
2023-11-21,20.984230041503906,21.372089603611595,20.96433932116928,21.212967634701595,17856272
2023-11-22,20.58642578125,21.024010261382656,20.58642578125,20.994176076804806,16911527
2023-11-23,20.626205444335938,20.646096165424023,20.447192748310307,20.576480538499293,13630611
2023-11-24,20.288070678710938,20.626205348096416,20.2781253182133,20.58642580298942,13287727
2023-11-27,19.979772567749023,20.347741430527524,19.959881846278943,20.258236977679363,18264912
2023-11-28,20.069278717041016,20.07922407767673,19.810705031163238,19.979772368203186,11745511
2023-11-29,19.969825744628906,20.148838430983385,19.860428681438176,20.06927744781289,12694465
2023-11-30,19.731143951416016,19.98971763609411,19.61180152122475,19.94993619373583,17296618
2023-12-01,19.77092170715332,19.85048268778415,19.482513863697843,19.731142165279607,17294523
2023-12-04,19.920101165771484,20.019550973691015,19.741088476502735,19.76097919684004,15502338
2023-12-05,19.492460250854492,19.900210535190848,19.492460250854492,19.890265174977337,15248199
2023-12-06,19.780868530273438,20.029496850249256,19.393008958113896,19.44273386335564,25540595
2023-12-07,19.59191131591797,19.76097864025615,19.353226472360056,19.70130648092495,18664473
2023-12-08,19.512351989746094,19.68141932843336,19.47257054681563,19.552131535792956,14863538
2023-12-11,19.55213165283203,19.591913096000628,19.104599901603397,19.472570663378452,19363038
2023-12-12,19.482515335083008,19.522294879961006,19.353227546241534,19.47256997464262,10196641
2023-12-13,19.124488830566406,19.46262347827019,19.124488830566406,19.45267811841026,13586476
2023-12-14,18.806245803833008,19.33333852036837,18.806245803833008,19.27366635834914,17229288
2023-12-15,18.776411056518555,19.09465691924231,18.746576870273334,18.826137861733358,19223842
2023-12-18,18.189647674560547,18.766465265342003,18.14986623532155,18.69684774667376,25152946
2023-12-19,17.791841506958008,18.189648326062585,17.62277417790361,18.17970296589662,30880224
2023-12-20,17.602886199951172,17.980800419992175,17.58299547866386,17.79184236152988,18232303
2023-12-21,17.931076049804688,18.01063704044926,17.463653569994637,17.533269199698182,22906374
2023-12-22,18.48800277709961,18.69684966386945,17.811733415758678,17.970855395264355,35665396
2023-12-25,18.905696868896484,18.995203212005098,18.398494890242173,18.41838561024041,29543914
2023-12-26,18.676959991455078,18.875861508368377,18.55761756380027,18.86591614799018,16880615
2023-12-27,18.7067928314209,18.786353811845608,18.408439629049088,18.607341131669163,14502752
2023-12-28,19.303503036499023,19.402954746057347,18.63717904840692,18.676960490983685,33124311
2023-12-29,19.23388671875,19.383063329293147,19.204050637887963,19.303502343877902,19720985
2024-01-02,19.144380569458008,19.432790330099394,19.07476494361589,19.343283983478518,15591815
2024-01-03,19.074764251708984,19.194104778285574,18.885806204932006,19.05487353165173,17774325
2024-01-04,18.657068252563477,19.04492780172952,18.47805556929194,19.005148259271085,21550914
2024-01-05,18.36865997314453,18.875861983909246,18.279153624369368,18.65706974072751,19713608
2024-01-08,17.990745544433594,18.507892909812522,17.97085482340743,18.398495841052174,16180249
2024-01-09,18.169757843017578,18.29904373309652,17.88134808508864,17.990745151459414,14726807
2024-01-10,18.219482421875,18.627232702297043,17.980799469692595,18.11008535746009,19223774
2024-01-11,18.44822120666504,18.627233906596352,18.08025234292499,18.169758692890646,19140488
2024-01-12,18.229429244995117,18.557618567695183,18.229429244995117,18.41838730863565,13910288
2024-01-15,17.950963973999023,18.299044001933257,17.950963973999023,18.27915328104935,13954186
2024-01-16,17.891294479370117,18.01063691293385,17.58299587991561,17.95096474771017,19736390
2024-01-17,17.403982162475586,17.841568530830926,17.403982162475586,17.781896369089164,18323159
2024-01-18,17.493488311767578,17.563103936134393,16.807273634511056,17.3244209824981,35304292
2024-01-19,17.51338005065918,17.752063018176674,17.304531268529114,17.35425807231418,19907465
2024-01-22,16.94650650024414,17.483542662835376,16.817218716940914,17.473597302821013,24350758
2024-01-23,17.13546371459961,17.284640330317362,16.727713413092072,16.936562192603798,20372428
2024-01-24,17.463651657104492,17.483542376807804,16.78738236225931,17.175243808940188,20614472
2024-01-25,17.88134765625,17.9708539998825,17.394036394741644,17.453706658202155,26084258
2024-01-26,17.801788330078125,18.07030738597561,17.7520634220454,17.781897608111574,21272797
2024-01-29,17.682445526123047,18.00068944927178,17.662554806705398,17.8813470296493,17456792
2024-01-30,17.145408630371094,17.73217161426901,17.125517909622527,17.582995002421843,17213759
2024-01-31,16.787384033203125,17.294586054821714,16.7674952084036,17.016123538792105,21215907
2024-02-01,16.707820892333984,17.04595552988047,16.359742792109703,16.71776625189516,20369304
2024-02-02,16.170785903930664,16.886834771294872,15.514407301292596,16.727712800769492,30451407
2024-02-05,15.723255157470703,16.200622018483003,14.997259979884143,16.111115672765585,38505001
2024-02-06,17.294586181640625,17.294586181640625,15.613859073204171,15.663584929334869,54745119
2024-02-07,18.816190719604492,19.015094127868764,17.294584767968214,17.503433536334047,95789371
2024-02-08,18.597400665283203,19.661529661246345,18.438278678796213,19.12449153418997,80531637
2024-02-19,18.42833137512207,18.657068969476942,18.080251355039195,18.239373324754194,48036832
2024-02-20,18.23937225341797,18.39849421378653,18.05041421414903,18.39849421378653,32664126
2024-02-21,18.299043655395508,18.647123676737987,18.000690435321104,18.070306060212896,40289800
2024-02-22,18.547672271728516,18.547672271728516,18.129976618723727,18.179703420797836,34798841
2024-02-23,18.478055953979492,18.56756229747866,18.29904326698116,18.56756229747866,28846121
2024-02-26,18.42833137512207,18.69684851346394,18.388549934251568,18.478056279326694,28817878
2024-02-27,18.587453842163086,18.587453842163086,18.20953773131581,18.368659705288277,28572142
2024-02-28,18.348770141601562,19.34328338728439,18.32887942143587,18.637177996470175,59524166
2024-02-29,18.74657440185547,18.74657440185547,18.179702175234112,18.239372436751253,36167274
2024-03-01,18.965368270874023,19.12449024664825,18.746576028405357,18.796300934503464,36542632
2024-03-04,18.816190719604492,19.233886359452676,18.756520455878604,18.99520340766564,30816866
2024-03-05,19.034982681274414,19.611800280801415,18.58745286435095,18.726684110031567,60207282
2024-03-06,18.79629898071289,19.025036560001652,18.647122381041235,19.025036560001652,31022241
2024-03-07,19.482515335083008,20.188618854398506,18.80624600020512,18.885806986844663,108454289
2024-03-08,19.4029541015625,19.532239991875407,19.14438042405316,19.393008741248657,48550857
2024-03-11,19.70130729675293,19.870374628092158,19.402954075275943,19.412899435576314,47990176
2024-03-12,19.572021484375,19.741088816385936,19.353227350664653,19.71125273536629,38627275
2024-03-13,19.472570419311523,19.790814373137003,19.40295479152265,19.591912850437875,34895482
2024-03-14,19.373117446899414,19.850483346525856,19.204050120337946,19.54218477346088,34681864
2024-03-15,19.790813446044922,19.850483710371076,19.02503778247255,19.213995832536114,52639930
2024-03-18,19.979772567749023,20.08916963895087,19.601856447351878,19.77092378608037,44035832
2024-03-19,20.39746856689453,21.033956489249732,19.800760191244713,19.880321181539113,79834595
2024-03-20,20.278125762939453,20.337797927233975,20.009608611148508,20.039442796412168,38846488
2024-03-21,20.14883804321289,20.506863409031546,20.089167781204257,20.407411707761536,28541235
2024-03-22,19.562076568603516,20.128948842674845,19.44273413869628,20.089169297294816,39722665
2024-03-25,19.412899017333984,19.84054001661891,19.393008297161785,19.402953657247885,28453947
2024-03-26,19.104598999023438,19.49246046405862,18.80624577688886,19.353227316430097,33663217
2024-03-27,18.627233505249023,19.194105778228465,18.59739932049236,19.124490151284824,21454120
2024-03-28,18.985258102416992,19.154325430865054,18.58745318162258,18.61728736512998,25117185
2024-03-29,19.263723373413086,19.462624894434043,18.985258967723457,18.985258967723457,16200843
2024-04-01,19.820650100708008,19.959881353796035,19.363173002601762,19.373118363091415,36741120
2024-04-02,20.03944206237793,20.168729850063382,19.721198118665324,19.800759104593478,37762910
2024-04-03,20.675931930541992,21.382035446407635,19.969826517792814,20.138893850686262,99913208
2024-04-08,20.596370697021484,21.382037158947444,20.576481871528486,20.695822412021233,90014451
2024-04-09,21.481487274169922,21.680388792473064,20.337797379055324,20.39746764485791,112714161
2024-04-10,20.58642578125,21.28258394339753,20.367631644300115,21.28258394339753,79139979
2024-04-11,20.298015594482422,20.76543614632898,20.049387278139537,20.526753190265833,45968489
2024-04-12,20.0593318939209,20.467082165838974,20.00960699125126,20.298014841125372,34492927
2024-04-15,20.17867660522461,20.36763277431297,19.39301015510344,19.939991734058022,46116410
2024-04-16,19.77092170715332,20.606312952218726,19.741087524968886,19.989715826550654,50160629
2024-04-17,20.288070678710938,20.317906760203854,19.75103449002336,19.770923314135082,37135446
2024-04-18,20.14883804321289,20.38752098813085,19.93998928085753,20.19856294540618,30928577
2024-04-19,19.880319595336914,20.367630859119192,19.760979067859022,19.93998985907586,35856146
2024-04-22,19.80076026916504,20.327853017491936,19.72119927855755,19.790814908228647,28677096
2024-04-23,18.945476531982422,19.63169120119944,18.905696988617503,19.63169120119944,43769355
2024-04-24,19.432790756225586,19.572022010962915,18.746576049379257,18.945477570877785,33495359
2024-04-25,19.522294998168945,19.731143774914546,19.15432614406433,19.313448118306905,26343343
2024-04-26,19.77092170715332,19.820648505599717,19.393007523377733,19.41289824275629,31377837
2024-04-29,19.77092170715332,19.969825107172095,19.393007523377733,19.591910923396508,38761512
2024-04-30,19.19410514831543,19.77092276291159,19.14438024409715,19.64163687381396,38424604
2024-05-06,19.562076568603516,19.74108926502258,19.303502884540816,19.363173151052646,32243975
2024-05-07,20.17867660522461,20.4372484047017,19.949937095096935,20.0493888086024,53712459
2024-05-08,20.119003295898438,20.387522338041773,19.8007593482694,20.06927839041273,43634807
2024-05-09,20.526752471923828,20.61625881442564,20.079222656298235,20.08916801622993,52636366
2024-05-10,20.35768699645996,20.70576703816049,20.148840109569818,20.526754336892584,33555193
2024-05-13,20.069278717041016,20.29801632101166,19.900211380001068,20.29801632101166,26607135
2024-05-14,20.049386978149414,20.238345026870096,19.890265009821523,19.989716714247326,23197103
2024-05-15,19.691362380981445,20.178675562282926,19.681418917340125,20.059333132867884,26547814
2024-05-16,19.641637802124023,19.969827117372777,19.58196753486523,19.850484685971594,24547004
2024-05-17,19.880319595336914,19.880319595336914,19.542184939343745,19.691361547132853,23014013
2024-05-20,20.278125762939453,20.288071123655207,19.93999108613823,19.969827168285494,43981578
2024-05-21,19.85048484802246,20.327852680640618,19.77092385873337,20.278125876782678,29919460
2024-05-22,19.860429763793945,20.07922390209927,19.77092341573878,19.830595579031268,22721949
2024-05-23,19.184162139892578,19.721198326342048,19.144380698067813,19.711252965885855,31799929
2024-05-24,19.04492950439453,19.2836124711343,19.025038782945316,19.144381214757004,18108955
2024-05-27,19.025039672851562,19.12449138786594,18.766467869451347,19.054875756420984,22552874
2024-05-28,18.95542335510254,19.24383312851364,18.91564380866727,19.0349843448567,18381373
2024-05-29,19.283611297607422,19.472569346108493,18.895751737369398,18.965367361321505,30459375
2024-05-30,18.945476531982422,19.28361118655988,18.865915548369106,19.273665826497783,23617944
2024-05-31,18.79629898071289,19.044927279126775,18.77640826158777,18.965366299509665,16103276
2024-06-03,18.299043655395508,18.78635492652157,18.19959194974287,18.756520742644238,27462636
2024-06-04,18.32887840270996,18.547670621721576,18.17970180352552,18.29904232411972,18310310
2024-06-05,18.23937225341797,18.488000553604273,18.010634672498583,18.289097154701874,17034136
2024-06-06,18.02058219909668,18.428332508683287,17.970855394949762,18.289099353955542,19361629
2024-06-07,18.090198516845703,18.229429779991385,17.90124044765964,18.13992342600239,17828866
2024-06-11,18.060359954833984,18.080250674520574,17.78189556987204,17.980798972971062,15262380
2024-06-12,18.100141525268555,18.249318130231277,18.020580542829542,18.060360085607325,16500070
2024-06-13,17.9012393951416,18.179703801944115,17.781896964545215,18.179703801944115,22121958
2024-06-14,17.871402740478516,17.970854446640733,17.64266514412388,17.811732475534594,39490992
2024-06-17,17.77195167541504,18.050414156732568,17.742115596609565,17.781895138133475,23181332
2024-06-18,18.00069236755371,18.31893634229633,17.752064025175574,17.781898212255374,28612647
2024-06-19,17.742116928100586,18.239373564209046,17.732171567752392,18.00069060650301,24444766
2024-06-20,17.205080032348633,17.742118146736903,17.185191207169694,17.742118146736903,28889727
2024-06-21,17.145166397094727,17.334892125544336,17.07526794571591,17.235036378750333,16554171
2024-06-24,16.885541915893555,17.115208796207703,16.725773485710675,17.115208796207703,22770133
2024-06-25,16.8555850982666,17.065282359187755,16.725773959288727,16.92548545496697,16165824
2024-06-26,17.205080032348633,17.255008860794632,16.63590472019467,16.775701630663345,19431992
2024-06-27,16.94545555114746,17.23503703745863,16.93546978562742,17.14516705236827,14555594
2024-06-28,17.175125122070312,17.26499511120619,16.915500920632237,16.92548668660179,22217181
2024-07-01,18.003923416137695,18.27353146045358,17.774254623779,18.03387880740058,66060209
2024-07-02,17.524616241455078,17.874110408763496,17.474689319521012,17.864124643458684,33475390
2024-07-03,17.36484718322754,17.56455867298411,17.245021813045533,17.464702928105822,18707716
2024-07-04,16.955440521240234,17.52461579705089,16.91549936562384,17.414776190663353,19471649
2024-07-05,16.955440521240234,16.955440521240234,16.955440521240234,16.955440521240234,0
2024-07-08,16.935470581054688,17.374834761622555,16.835616730344366,17.225052080966954,18611225
2024-07-09,17.095239639282227,17.155152326094917,16.665861257179667,16.865570848085294,19192140
2024-07-10,16.995384216308594,17.344878387809583,16.98539845088399,17.045311138841587,18301940
2024-07-11,17.474689483642578,17.53460217144415,17.16513837464611,17.16513837464611,27060760
2024-07-12,16.925485610961914,17.364847858159504,16.855585253617303,17.334892466744662,39979687
2024-07-15,16.905513763427734,16.985397980020007,16.6758468787987,16.835615311983243,17138959
2024-07-16,17.0552978515625,17.0552978515625,16.77570211791422,16.77570211791422,17176491
2024-07-17,16.995384216308594,17.105223826799183,16.885542701227994,16.98539845088399,14829938
2024-07-18,17.095239639282227,17.125195030393584,16.75573123969369,16.975412361066873,17796055
2024-07-19,17.394805908203125,17.474690129755547,16.87555751581734,17.065283256225623,32417761
2024-07-22,17.59451675415039,17.764270956653075,17.27497797534122,17.27497797534122,27772052
2024-07-23,17.045310974121094,17.59451663962673,17.03532520879299,17.51463242159191,18786837
2024-07-24,16.91550064086914,17.12519600899132,16.845602184828415,17.035326021341792,15351270
2024-07-25,16.955440521240234,17.115208952885684,16.80565785464637,16.895527835520674,13835009
2024-07-26,17.215065002441406,17.26499382857994,16.93546928983555,16.945455055063253,13919333
2024-07-29,17.065282821655273,17.23503702620511,17.05529705614175,17.215065495178063,9996205
2024-07-30,17.125194549560547,17.14516607946735,16.895527669402064,17.02533880461645,10555490
2024-07-31,17.4547176361084,17.504646462195364,17.115209237076932,17.115209237076932,25755253
2024-08-01,17.4047908782959,17.62447200137463,17.304935129772844,17.484675096196344,20422604
2024-08-02,17.444732666015625,17.554574183823508,17.235037300662455,17.294949990107636,18497745
2024-08-05,17.155153274536133,17.704357060627398,17.11521021139273,17.37483440805462,23568300
2024-08-06,17.294950485229492,17.444733165425475,17.14516780503351,17.225052028110706,14707366
2024-08-07,17.185108184814453,17.3249069973013,17.165138558393497,17.304935466290317,10890330
2024-08-08,17.015356063842773,17.12519567637767,16.83561609203471,17.12519567637767,16624356
2024-08-09,16.905513763427734,17.12519488290899,16.895527998279956,17.025339136021163,10178732
2024-08-12,16.795673370361328,16.935470282563927,16.785687604548272,16.885543358088736,9216397
2024-08-13,16.89552879333496,16.925486090188002,16.745746118249855,16.82563033860125,9807703
2024-08-14,16.82563018798828,16.925485938681184,16.775701360346815,16.88554287656801,7091244
2024-08-15,16.94545555114746,17.055297067277905,16.695817126916467,16.79567287752687,12710880
2024-08-16,16.91550064086914,17.055297552950595,16.875557577651534,16.965427565301066,8589448
2024-08-19,16.925485610961914,17.085254047141035,16.89552831495708,16.925485610961914,9095266
2024-08-20,16.905513763427734,17.075267961760055,16.795672251392126,16.965426449724447,10939168
2024-08-21,16.935470581054688,17.025340570366073,16.77570213441003,16.90551518767764,9651909
2024-08-22,16.7557315826416,16.975412708511104,16.695816990012634,16.925485785910315,11049007
2024-08-23,16.256454467773438,16.72577400801766,16.246468702501435,16.72577400801766,18413155
2024-08-26,16.595962524414062,16.675846740343072,16.266439895633148,16.266439895633148,15426704
2024-08-27,16.206525802612305,16.57599150299137,16.13662734960302,16.496107284610762,14613221
2024-08-28,16.256454467773438,16.356308311313498,16.146612954371395,16.156598719643398,8690233
2024-08-29,16.645889282226562,16.845600772389382,16.176569756310837,16.246468206490846,20753443
2024-08-30,16.795673370361328,16.935470282563927,16.56600647043132,16.57599223624437,19532221
2024-09-02,16.695817947387695,16.89552945842279,16.585978330449503,16.735761011430764,13517076
2024-09-03,16.91550064086914,17.135181774795722,16.71578913396128,16.71578913396128,18586253
2024-09-04,16.8056583404541,16.98539830739853,16.705802591641643,16.90551408926656,11599730
2024-09-05,16.91550064086914,17.0952406161682,16.835616419024014,16.875557577651534,10235092
2024-09-06,16.72577476501465,17.00537049151508,16.72577476501465,16.915500504589588,7731161
2024-09-09,16.56600570678711,16.8555852836566,16.516078784613406,16.67584722107726,12149100
2024-09-10,16.416223526000977,16.76571770542571,16.23648355346311,16.556020435934848,17672664
2024-09-11,16.61593246459961,16.715788212549267,16.276424064324765,16.306381360086654,16344130
2024-09-12,16.42620849609375,16.69581653725277,16.366293905089556,16.585976929591673,11554143
2024-09-13,16.136627197265625,16.52606252012089,16.136627197265625,16.41622291125324,11910193
2024-09-18,16.056743621826172,16.236483594821884,15.946903056270475,16.156599374000464,11472530
2024-09-19,16.575992584228516,16.615933743729148,15.956888422952687,16.136628402180836,22461620
2024-09-20,16.61593246459961,16.62591822985357,16.416222873290273,16.575991308173734,13662601
2024-09-23,16.51607894897461,16.7457458406032,16.51607894897461,16.54603434074094,8571249
2024-09-24,16.995384216308594,17.005369981733192,16.526062764302402,16.6159327485338,26740016
2024-09-25,17.095239639282227,17.514632256151007,17.065282343580893,17.155152326094917,35787999
2024-09-26,17.674400329589844,17.674400329589844,17.03532469981544,17.095239289993938,36455202
2024-09-27,18.722881317138672,18.732867082391945,17.973966064453126,17.973966064453126,51727479
2024-09-30,20.600162506103516,20.600162506103516,19.76137912943335,19.76137912943335,131227549
2024-10-08,22.337646484375,22.657183354733753,21.309135516391535,22.657183354733753,181006056
2024-10-09,20.220712661743164,22.267747008873734,20.210726896075446,22.267747008873734,119556825
2024-10-10,20.56022071838379,21.229251769760744,19.88120390151285,20.120856559598472,76454720
2024-10-11,19.871217727661133,20.590177591733244,19.70146352693188,20.51029337401301,46005069
2024-10-14,19.941116333007812,20.1308420657695,19.531709475978385,19.871217880040348,46251305
2024-10-15,19.332000732421875,19.941117209769697,19.312029200813072,19.85124722212017,40841554
2024-10-16,19.062389373779297,19.361954707617684,18.90262094178683,19.152259354848802,37767391
2024-10-17,18.74285316467285,19.35196961870553,18.732867399250676,19.102331196921153,36279007
2024-10-18,19.272085189819336,19.641550888052013,18.57309875919723,18.73286719503028,57908256
2024-10-21,19.871217727661133,20.200740363830857,19.262101281765574,19.262101281765574,71409769
2024-10-22,19.971073150634766,20.380479997855584,19.851245873711377,20.011016211139214,59086768
2024-10-23,20.350522994995117,20.670061769853877,19.8212907678337,19.97107343769844,67916778
2024-10-24,19.991044998168945,20.480336069574342,19.951101937030554,20.230697651229345,34947892
2024-10-25,21.129396438598633,21.598715998586755,19.931131219808023,19.971074282576406,119734444
2024-10-28,21.299150466918945,21.568760424566157,20.83981667648892,20.939670523389328,69962255
2024-10-29,20.899728775024414,21.438946770493164,20.80985879168129,21.329107161088228,63374087
2024-10-30,21.089454650878906,21.518831135281328,20.869771621390687,21.089454650878906,63515746
2024-10-31,21.4289608001709,21.818398025795616,20.789887062146708,20.899728575090855,96280062
2024-11-01,23.57585334777832,23.57585334777832,21.578745957832574,21.578745957832574,126024403
2024-11-04,23.815505981445312,25.223466537536957,23.136489164830046,24.844015067268415,301919577
2024-11-05,25.552989959716797,26.162108341068517,22.97672142695308,23.146475636284375,269028827
2024-11-06,26.6114559173584,27.500170011934266,24.564421579327,25.35327801766957,309642891
2024-11-07,26.571514129638672,27.809720468732014,25.82259886695068,26.711311035871628,239959380
2024-11-08,25.79264259338379,27.110733203238187,25.76268529603616,26.571515183111423,205043935
2024-11-11,25.79264259338379,26.06225255574221,25.243438807474483,25.373249953467383,128002988
2024-11-12,25.123611450195312,26.132150936241676,24.923899944300757,25.802628284728712,126290965
2024-11-13,25.513046264648438,26.361817290283145,25.033740945910022,25.093653634604816,123152364
2024-11-14,24.09510040283203,25.28337986179539,24.06514501019796,25.143582950596194,114562153
2024-11-15,23.286272048950195,24.20494153188293,23.276286283369508,24.055158857352712,81232752
2024-11-18,22.777009963989258,23.515939492912498,22.56731459566608,23.26630106133343,70306302
2024-11-19,23.176429748535156,23.316228557347998,22.487429088073913,22.896835940089428,66597990
2024-11-20,23.386127471923828,23.545895909792254,23.06659059618697,23.186415972293286,61055326
2024-11-21,23.22635841369629,23.525923750550916,23.01666115422608,23.376141082123603,48746178
2024-11-22,23.595823287963867,24.544450072638835,22.677153800188865,23.31622946859107,140958672
2024-11-25,22.996692657470703,23.76557756770263,22.747054229639414,23.366156464090576,80640920
2024-11-26,22.75704002380371,23.715650673673167,22.747054258127147,22.93677809221169,49606938
2024-11-27,22.906822204589844,22.91680797005054,21.918254279060804,22.57729956274683,65262405
2024-11-28,22.49741554260254,22.89683664161263,22.46745824595552,22.82693818735962,38929869
2024-11-29,22.816951751708984,23.0366328735653,22.307689151206176,22.46745758611804,52019746
2024-12-02,23.31622886657715,23.346184258113627,22.647197823139088,22.667169353890074,61800629
2024-12-03,23.426069259643555,23.815506503946395,23.226359659227544,23.34618503855914,72499347
2024-12-04,23.475997924804688,24.115071689032277,23.336201015027417,23.945317482335568,69222407
2024-12-05,23.046619415283203,23.246330917946487,22.926792132767222,23.216373621169982,47922830
2024-12-06,23.136489868164062,23.206388324130497,22.806967215329387,23.036634114816266,39808774
2024-12-09,22.846908569335938,23.326215808587115,22.69712589032811,23.136490066062485,37710963
2024-12-10,22.92679214477539,23.436054762702465,22.916808283768038,23.326215150311164,54707776
2024-12-11,22.986705780029297,23.096545387841314,22.76702275522534,22.84690697208406,28148649
2024-12-12,22.92679214477539,23.06659095854893,22.6671698576032,22.986706738359782,33999842
2024-12-13,22.347631454467773,22.836924454158464,22.297704530216922,22.767024093781167,40462760
2024-12-16,22.0380802154541,22.337647473117816,21.96818176004292,22.337647473117816,28040699
2024-12-17,21.998138427734375,22.2977037722363,21.988152662305644,22.048065350288027,27764151
2024-12-18,22.05805206298828,22.167893582831415,21.968182074860284,22.008125138290545,20580023
2024-12-19,22.167892456054688,22.187862082164685,21.648644085394814,21.938223662184743,26698799
2024-12-20,22.018108367919922,22.31767562128287,22.008124506938856,22.167892946896416,31762038
2024-12-23,21.768468856811523,22.11796301601055,21.668615015260322,22.088007625381167,27201156
2024-12-24,21.888296127319336,21.958194578222695,21.7185419303012,21.768468851063616,18059799
2024-12-25,21.518831253051758,21.898282721740838,21.389020111399187,21.898282721740838,22983105
2024-12-26,21.63865852355957,21.838370023257834,21.468904320193047,21.468904320193047,17456258
2024-12-27,21.608701705932617,21.878311665121032,21.55877478219701,21.62867323726288,21810424
2024-12-30,21.74850082397461,21.81839928001534,21.618687773107474,21.628673538911876,19440912
2024-12-31,21.189308166503906,21.76846921823033,21.189308166503906,21.7385138271036,27385676
2025-01-02,20.460365295410156,21.259209406400828,20.230698399143733,21.199294812478243,41625570
2025-01-03,20.300596237182617,20.99958457498302,20.220712018970286,20.530263126469322,36219999
2025-01-06,20.789888381958008,21.219266791172622,20.230698825687625,20.24068459155193,48394110
2025-01-07,21.438947677612305,22.167893340526156,20.78988814068579,20.95964234922873,71226050
2025-01-08,21.009571075439453,21.31912219376941,20.500308452295943,21.199294909963264,42595706
2025-01-09,21.129396438598633,21.408992164207124,20.919701072834812,20.919701072834812,33778083
2025-01-10,21.109424591064453,21.648644502821497,20.889743462898636,21.269193030565052,45910118
2025-01-13,21.279178619384766,21.498861650316154,20.769916008484753,20.899729054869667,39264469
2025-01-14,22.048065185546875,22.06803671625511,21.039525739860757,21.339092986714356,63156919
2025-01-15,21.858339309692383,22.147920789293323,21.578745499970076,22.048065040996793,44070969
2025-01-16,21.858339309692383,22.11796349342737,21.62867242182335,21.868325074981033,38443683
2025-01-17,21.93822479248047,22.05805207826415,21.54878944671617,21.81839941128688,37625527
2025-01-20,21.369049072265625,21.96818168084299,21.319122148463368,21.96818168084299,47882563
2025-01-21,21.129396438598633,21.468904853769637,20.76991649204344,21.408992164207124,36362984
2025-01-22,21.029541015625,21.24922405511158,20.9197014004718,20.979614090972646,20150090
2025-01-23,21.25920867919922,21.86832512652272,21.169338695979523,21.169338695979523,46283375
2025-01-24,21.49886131286621,21.54878823479058,21.159352910928522,21.19929406755002,28130952
2025-01-27,21.019554138183594,21.5887313339067,21.019554138183594,21.49886135061305,25094300
2025-02-05,21.59871482849121,21.798426322333764,21.23923680600055,21.428960630102026,45746955
2025-02-06,23.386127471923828,23.755593174863325,21.518831235525305,21.618686985340574,134148838
2025-02-07,23.076576232910156,23.396113106864686,22.86687896900874,23.16644621678362,89330666
2025-02-10,23.22635841369629,23.266299569801593,22.79698003417202,23.08656151044279,57247280
2025-02-11,23.066591262817383,23.326215458004288,22.916808586060725,23.15646124978939,44503540
2025-02-12,22.986705780029297,23.01666117098259,22.66716891259441,23.01666117098259,45649060
2025-02-13,22.647197723388672,23.14647456242426,22.5872850359896,22.896836142906466,39960799
2025-02-14,22.71709632873535,22.966734749930243,22.567313656936417,22.58728518773361,31577021
2025-02-17,22.85689353942871,22.876865070491785,22.387573986986677,22.617240880441926,37508396
2025-02-18,22.47744369506836,22.906822084680705,22.417531007207803,22.84690749223014,38055303
2025-02-19,22.94676399230957,23.056605510805163,22.437501367361907,22.467458664567086,47695118
2025-02-20,23.29625701904297,23.81550538396787,23.096545523428784,23.37614123637065,106919689
2025-02-21,23.106531143188477,23.36615532401632,23.006677300600042,23.166445734249493,51159479
2025-02-24,23.026647567749023,23.326214817628372,22.916807956924277,23.126503317708806,41120282
2025-02-25,22.76702308654785,23.016661505938025,22.717096164505815,22.86687883522192,34793656
2025-02-26,22.777009963989258,22.876865717538905,22.627227285959833,22.727083039509477,35234601
2025-02-27,22.54734230041504,22.986706458399244,22.21781965807439,22.77700919258791,41739682
2025-02-28,22.337646484375,22.687138745961146,22.20783344042302,22.467457623737,37929180
2025-03-03,22.96673583984375,23.34618542004761,22.78699586331925,22.826938926809184,70695192
2025-03-04,23.056604385375977,23.266299741806474,22.79698020270728,22.976720167984837,52887755
2025-03-05,22.71709632873535,23.056604733927607,22.467457907540457,23.056604733927607,41588703
2025-03-06,22.906822204589844,23.026647580938203,22.61724071999961,22.71709647001659,45359518
2025-03-07,23.126502990722656,23.515938315010555,22.777008823099933,22.826937649668885,70272444
2025-03-10,23.086563110351562,23.34618540450286,22.90682313394674,23.246331555024714,37936996
2025-03-11,24.015214920043945,24.035186450477664,22.767022836786154,22.886850114798488,127911961
2025-03-12,23.426069259643555,23.865433427902882,23.366156569977758,23.855447662193573,76361591
2025-03-13,23.236345291137695,23.505955249966412,23.076576849888838,23.3461849041275,40373696
2025-03-14,23.475997924804688,23.61579483458196,23.206387966299904,23.456026393525065,53724737
2025-03-17,23.46601104736328,23.57585255960696,23.246329927465883,23.55588102927357,32742965
2025-03-18,23.55588150024414,23.835477216731874,23.426068455071622,23.475997281903357,45648085
2025-03-19,23.53590965270996,23.68569232200905,23.17642972272017,23.545895417941896,37927457
2025-03-20,23.216373443603516,23.595823010253554,23.19640191257193,23.42606880566511,28862648
2025-03-21,22.507400512695312,23.196401169915806,22.41753053052047,23.186415404719714,44384244
2025-03-24,22.6372127532959,22.717096974164303,22.31767586982228,22.367602793643762,26458007
2025-03-25,22.836923599243164,22.95674897479549,22.55732788197106,22.66716939671903,25834646
2025-03-26,23.306243896484375,23.406099649056703,22.816952803929038,22.85689396220393,47981505
2025-03-27,23.266300201416016,23.485983232023816,23.066590606288035,23.206387513336622,30009983
2025-03-28,23.146474838256836,23.40609902620004,22.767023369497533,23.266300214482918,37650542
2025-03-31,22.627225875854492,23.1664457686649,22.487428972351037,23.1664457686649,29946589
2025-04-01,22.78699493408203,22.826937995943112,22.557328042150868,22.567313807616138,17191356
2025-04-02,22.6871395111084,22.926792171959995,22.647198353261487,22.74705410476383,16345454
2025-04-03,22.85689353942871,23.096546198415496,22.677153569041113,22.866879304960246,31069460
2025-04-07,22.73706817626953,24.96384246724629,21.16933917406087,22.91680814676811,172711378
2025-04-08,23.905376434326172,23.98526065522207,21.229252177428446,22.357617035656784,172273964
2025-04-09,25.26340675354004,25.72274242602456,23.42606787278186,24.155013489686212,218420903
2025-04-10,24.913915634155273,25.64285937973074,24.334754563006403,25.153568294155836,181979815
2025-04-11,24.684246063232422,25.363262864295365,24.244883819265795,25.313335942577787,121043394
2025-04-14,24.344738006591797,24.78410216135481,24.095099585297586,24.364709537396934,89414528
2025-04-15,24.005231857299805,24.454579879454,23.825491886602116,24.374695659653916,60313987
2025-04-16,24.284826278686523,24.3647105004747,23.915362467137488,24.085116676511124,58916225
2025-04-17,23.985260009765625,24.324768415584355,23.825491572273283,24.29481111933329,53404457
2025-04-18,23.51593780517578,23.805519279227507,23.226358235714002,23.77556198393562,53395477
2025-04-21,23.53590965270996,23.565866948405766,23.28627123568149,23.366155452947,33345419
2025-04-22,23.126502990722656,23.56586714157951,23.116517225408867,23.555881376265717,42184988
2025-04-23,23.46601104736328,23.695677932427373,23.12650265005551,23.12650265005551,48967030
2025-04-24,22.96673583984375,23.65573844832429,22.96673583984375,23.56586846006204,40608623
2025-04-25,23.106531143188477,23.306242637545267,22.886850023067975,22.966734239892702,28750466
2025-04-28,23.386127471923828,23.565867440673312,23.20638750317434,23.2663001912275,41242169
2025-04-29,23.206388473510742,23.416085747349957,23.096546953662106,23.416085747349957,22850964
2025-04-30,23.256317138671875,23.515939430788972,23.2163740755215,23.416085582093203,30329775
2025-05-06,24.53446388244629,24.794088070649796,23.68569286420213,23.695678629662655,118681373
2025-05-07,24.184968948364258,24.704217308425743,24.03518628035151,24.66427615243099,70784382
2025-05-08,24.214927673339844,24.2948118946353,23.985260775189165,24.18497037613277,38356626
2025-05-09,24.344738006591797,24.46456528683262,24.035186897472176,24.224912630940977,49242907
2025-05-12,24.524478912353516,24.714204653076496,24.115072038144508,24.474551988021716,65823311
2025-05-13,24.11507225036621,24.83403215644775,24.11507225036621,24.78410332708648,57599601
2025-05-14,24.39466667175293,24.913915041701426,24.00523134658656,24.065144034014462,91017454
2025-05-15,24.62433433532715,25.213481176572685,24.42462283149847,24.474551659750666,123341453
2025-05-16,24.194955825805664,24.724189975343382,24.125057371158995,24.47455154898239,69510587
2025-05-19,23.725635528564453,24.16499967851657,23.635765545515383,24.145028147930113,51618154
2025-05-20,23.76557731628418,23.9852603493893,23.565867718885933,23.71565039308213,55334127
2025-05-21,23.685693740844727,23.725636804165166,23.5758541258937,23.665724113774594,29361794
2025-05-22,23.31622886657715,23.6956784278959,23.286271570450666,23.685692662520403,36630965
2025-05-23,23.176429748535156,23.545895444168412,23.14647435739596,23.505954287786153,33198596
2025-05-26,23.376142501831055,23.47599825504381,23.086562912563156,23.176430995405546,25247862
2025-05-27,23.206388473510742,23.366156918059623,23.10653271952017,23.366156918059623,19502171
2025-05-28,22.996692657470703,23.226359553973875,22.976721126142586,23.206388022645758,22964475
2025-05-29,23.29625701904297,23.36615547113094,23.016661306101103,23.066590132299638,25763850
2025-05-30,23.236345291137695,23.266300683503072,23.086562615540647,23.206387994182265,18764390
2025-06-03,23.615795135498047,23.765577812823686,23.236345559300425,23.236345559300425,50003990
2025-06-04,24.065143585205078,24.244883548726676,23.475996773479817,23.565866755240616,67819404
2025-06-05,23.97527503967285,24.33475498825054,23.855447755283596,24.045173495320718,57678385
2025-06-06,24.02520179748535,24.234899067567188,23.945317576642285,24.125057549686698,34199069
2025-06-09,24.734174728393555,24.92389855335626,24.174983304932,24.324767878288824,116148165
2025-06-10,24.664276123046875,25.203494108168353,24.314781961706867,24.83403032114974,108892584
2025-06-11,25.513046264648438,25.84256890935485,24.574407158266553,24.584392923814026,176068367
2025-06-12,25.33330726623535,25.562974151604774,24.98381310329625,25.543002621244835,98452387
2025-06-13,25.063697814941406,25.33330776635322,24.724189410479866,25.33330776635322,96635915
2025-06-16,25.433162689208984,25.692786886250722,24.84401583911236,25.043727345941416,97938511
2025-06-17,25.14358139038086,25.702770905068746,25.073682939118616,25.403205569776297,60744023
2025-06-18,24.714204788208008,25.063698974211796,24.564422109803555,24.973828986251107,63615812
2025-06-19,24.165000915527344,24.744162000052047,24.105086320700938,24.70421893683444,48455057
2025-06-20,23.969999313354492,24.389999389648438,23.899999618530273,24.290000915527344,34661410
2025-06-23,24.079999923706055,24.170000076293945,23.799999237060547,23.850000381469727,33414550
2025-06-24,24.350000381469727,24.420000076293945,23.950000762939453,24.100000381469727,41627446
2025-06-25,24.639999389648438,24.649999618530273,24.260000228881836,24.3799991607666,54337187
2025-06-26,24.280000686645508,24.6299991607666,24.270000457763672,24.6299991607666,45437977
2025-06-27,24.399999618530273,24.700000762939453,24.309999465942383,24.329999923706055,47312110
2025-06-30,24.899999618530273,25.059999465942383,24.40999984741211,24.540000915527344,74540939
2025-07-01,24.860000610351562,24.90999984741211,24.6299991607666,24.899999618530273,42351603
2025-07-02,24.579999923706055,24.799999237060547,24.549999237060547,24.799999237060547,36195741
2025-07-03,24.6299991607666,24.670000076293945,24.389999389648438,24.579999923706055,34035114
2025-07-04,24.420000076293945,24.6299991607666,24.299999237060547,24.56999969482422,35213855
2025-07-07,24.420000076293945,24.579999923706055,24.329999923706055,24.450000762939453,24347074
2025-07-08,24.889999389648438,25.049999237060547,24.43000030517578,24.43000030517578,63423689
2025-07-09,24.549999237060547,24.950000762939453,24.5,24.899999618530273,41613066
2025-07-10,27.010000228881836,27.010000228881836,25.700000762939453,26.5,296952215
2025-07-11,29.709999084472656,29.709999084472656,28.0,28.600000381469727,342638635
2025-07-14,29.8799991607666,31.899999618530273,29.709999084472656,30.989999771118164,473502648
2025-07-15,29.0,30.68000030517578,28.850000381469727,30.010000228881836,310770768
2025-07-16,29.040000915527344,29.780000686645508,28.809999465942383,29.149999618530273,195171014
2025-07-17,30.0,30.489999771118164,28.229999542236328,28.799999237060547,249892367
2025-07-18,32.959999084472656,33.0,29.829999923706055,30.0,458797395
2025-07-21,35.04999923706055,35.75,32.029998779296875,33.0,429150327
2025-07-22,34.369998931884766,35.63999938964844,34.029998779296875,34.52000045776367,308247672
2025-07-23,34.9900016784668,36.09000015258789,33.58000183105469,34.119998931884766,327937485
2025-07-24,38.13999938964844,38.4900016784668,34.63999938964844,34.689998626708984,421611145
2025-07-25,38.25,39.650001525878906,36.9900016784668,38.20000076293945,411660335
2025-07-28,40.060001373291016,40.41999816894531,38.0099983215332,38.15999984741211,334171085
2025-07-29,39.43000030517578,39.959999084472656,38.88999938964844,39.29999923706055,241114298
2025-07-30,39.59000015258789,39.95000076293945,37.88999938964844,39.650001525878906,351820085
2025-07-31,37.5,38.709999084472656,37.150001525878906,38.439998626708984,279067004
2025-08-01,36.0,37.400001525878906,35.88999938964844,37.29999923706055,258980813
2025-08-04,36.29999923706055,36.349998474121094,35.70000076293945,35.70000076293945,157435542
2025-08-05,36.45000076293945,36.66999816894531,35.95000076293945,36.439998626708984,133587975
2025-08-06,36.61000061035156,36.97999954223633,36.08000183105469,36.45000076293945,158507420
2025-08-07,38.810001373291016,39.38999938964844,35.529998779296875,36.61000061035156,395660481
2025-08-08,38.689998626708984,39.7599983215332,37.86000061035156,38.0,278875613
2025-08-11,38.650001525878906,39.20000076293945,37.880001068115234,38.68000030517578,208115410
2025-08-12,37.470001220703125,38.29999923706055,37.02000045776367,38.099998474121094,192921401
2025-08-13,37.59000015258789,37.79999923706055,37.33000183105469,37.470001220703125,150445661
2025-08-14,38.349998474121094,39.279998779296875,37.209999084472656,37.54999923706055,286792643
2025-08-15,39.0,39.220001220703125,37.90999984741211,38.0,237122892
2025-08-18,42.900001525878906,42.900001525878906,38.54999923706055,39.70000076293945,286118437
2025-08-19,44.45000076293945,47.0,43.900001525878906,44.16999816894531,476720792
2025-08-20,45.43000030517578,46.540000915527344,44.0,44.0,358560628
2025-08-21,44.599998474121094,47.41999816894531,44.33000183105469,44.95000076293945,321037785
2025-08-22,47.95000076293945,48.43000030517578,44.56999969482422,44.58000183105469,393736913
2025-08-25,52.689998626708984,52.75,48.75,49.0,442979043
2025-08-26,49.11000061035156,52.0,48.70000076293945,52.0,407281388
2025-08-27,53.459999084472656,54.02000045776367,49.11000061035156,50.0,531808425
2025-08-28,56.13999938964844,56.9900016784668,52.20000076293945,52.70000076293945,472149519
2025-08-29,56.810001373291016,58.83000183105469,54.150001525878906,56.150001525878906,376590691
2025-09-01,56.54999923706055,58.0099983215332,54.33000183105469,56.83000183105469,274841380
2025-09-02,53.65999984741211,56.09000015258789,53.59000015258789,55.95000076293945,297157119
2025-09-03,53.70000076293945,55.9900016784668,52.70000076293945,53.65999984741211,277790591
2025-09-04,49.4900016784668,54.400001525878906,48.33000183105469,53.0,354819454
2025-09-05,50.61000061035156,51.20000076293945,48.470001220703125,49.400001525878906,228045061
2025-09-08,49.83000183105469,51.18000030517578,49.27000045776367,50.61000061035156,163036567
2025-09-09,49.52000045776367,51.5,48.70000076293945,49.70000076293945,234458539
2025-09-10,49.36000061035156,50.91999816894531,48.72999954223633,48.900001525878906,180579004
2025-09-11,50.560001373291016,51.0,48.68000030517578,49.0,233458942
2025-09-12,53.59000015258789,53.599998474121094,50.349998474121094,50.650001525878906,339785942
2025-09-15,52.2599983215332,53.9900016784668,52.02000045776367,53.9900016784668,229559352
2025-09-16,50.15999984741211,51.91999816894531,49.20000076293945,51.7400016784668,239692700
2025-09-17,50.34000015258789,50.5,49.11000061035156,49.400001525878906,141384959
2025-09-18,48.099998474121094,50.0099983215332,47.25,50.0,206300430
2025-09-19,47.04999923706055,48.81999969482422,47.04999923706055,47.79999923706055,141408613
2025-09-22,48.060001373291016,48.689998626708984,46.65999984741211,46.79999923706055,151082071
2025-09-23,46.029998779296875,48.2599983215332,45.04999923706055,47.68000030517578,182223243
2025-09-24,46.540000915527344,47.0,45.83000183105469,45.95000076293945,120438531
2025-09-25,47.279998779296875,47.849998474121094,46.310001373291016,46.650001525878906,148375065
2025-09-26,46.38999938964844,48.349998474121094,46.2400016784668,47.970001220703125,131557333
2025-09-29,46.650001525878906,46.91999816894531,45.779998779296875,46.38999938964844,108571572
2025-09-30,48.29999923706055,48.79999923706055,46.81999969482422,46.81999969482422,187830944
2025-10-09,53.130001068115234,53.130001068115234,48.56999969482422,49.849998474121094,340231985
2025-10-10,52.47999954223633,54.70000076293945,51.70000076293945,54.70000076293945,321618503
2025-10-13,57.72999954223633,57.72999954223633,53.900001525878906,54.5,380262585
2025-10-14,56.79999923706055,61.689998626708984,56.099998474121094,58.0,427770081
2025-10-15,54.5,57.65999984741211,53.0,56.97999954223633,303116177
2025-10-16,53.150001525878906,54.880001068115234,52.900001525878906,53.369998931884766,164274987
2025-10-17,53.0,54.900001525878906,52.630001068115234,53.15999984741211,174906871
2025-10-20,52.220001220703125,53.38999938964844,51.02000045776367,52.02000045776367,152607298
2025-10-21,52.349998474121094,52.59000015258789,51.349998474121094,52.22999954223633,138748960
2025-10-22,50.790000915527344,51.40999984741211,49.869998931884766,51.400001525878906,144378111
2025-10-23,49.75,50.77000045776367,48.900001525878906,50.36000061035156,112799830
2025-10-24,51.189998626708984,51.380001068115234,49.810001373291016,49.810001373291016,129127990
2025-10-27,53.310001373291016,54.189998626708984,51.060001373291016,51.29999923706055,219664664
2025-10-28,51.06999969482422,53.38999938964844,50.900001525878906,53.33000183105469,199449532
2025-10-29,51.81999969482422,51.83000183105469,50.20000076293945,50.400001525878906,133710651
2025-10-30,53.0,55.5,50.709999084472656,51.83000183105469,265725659
2025-10-31,50.810001373291016,52.5,50.529998779296875,52.029998779296875,150996789
2025-11-03,48.900001525878906,50.790000915527344,47.959999084472656,50.779998779296875,138857749
2025-11-04,49.099998474121094,49.95000076293945,48.400001525878906,48.83000183105469,81323593
2025-11-05,47.77000045776367,48.470001220703125,47.0,48.20000076293945,106895589
2025-11-06,47.9900016784668,48.189998626708984,47.54999923706055,47.709999084472656,81685429
2025-11-07,48.27000045776367,49.400001525878906,47.209999084472656,48.0,109869510
2025-11-10,47.79999923706055,49.20000076293945,47.529998779296875,48.97999954223633,77565832
2025-11-11,46.599998474121094,48.08000183105469,46.459999084472656,47.790000915527344,90055964
2025-11-12,45.58000183105469,46.599998474121094,45.040000915527344,46.599998474121094,83670613
2025-11-13,46.7599983215332,47.22999954223633,45.40999984741211,45.5,103523109
2025-11-14,46.7599983215332,47.560001373291016,45.709999084472656,46.279998779296875,80921772
2025-11-17,47.25,47.7400016784668,46.79999923706055,47.0,72796354
2025-11-18,45.900001525878906,47.2400016784668,45.54999923706055,47.20000076293945,70208931
2025-11-19,46.56999969482422,47.22999954223633,45.599998474121094,45.81999969482422,77841241
2025-11-20,46.849998474121094,47.75,46.0099983215332,46.029998779296875,91094069
2025-11-21,44.099998474121094,46.0,44.09000015258789,46.0,101006214
2025-11-24,44.84000015258789,45.209999084472656,43.5,44.400001525878906,85264452
2025-11-25,45.04999923706055,45.70000076293945,44.560001373291016,44.86000061035156,64450777
2025-11-26,44.54999923706055,45.099998474121094,44.36000061035156,44.900001525878906,50808043
2025-11-27,44.43000030517578,45.439998626708984,44.34000015258789,44.70000076293945,62849038
2025-11-28,45.0,45.06999969482422,44.040000915527344,44.439998626708984,56021718
2025-12-01,47.56999969482422,47.59000015258789,45.900001525878906,45.900001525878906,168507470
2025-12-02,46.400001525878906,47.5,46.040000915527344,47.5,85524622
2025-12-03,47.220001220703125,48.65999984741211,46.459999084472656,46.630001068115234,144056489
2025-12-04,46.65999984741211,46.91999816894531,46.0099983215332,46.810001373291016,76137269
2025-12-05,47.33000183105469,47.849998474121094,46.279998779296875,46.93000030517578,89610789
2025-12-08,47.18000030517578,47.529998779296875,46.58000183105469,47.33000183105469,82795825
2025-12-09,46.86000061035156,47.45000076293945,46.4900016784668,47.0,63176244
2025-12-10,46.400001525878906,46.880001068115234,45.810001373291016,46.880001068115234,60190081
2025-12-11,45.79999923706055,46.66999816894531,45.65999984741211,46.40999984741211,58174361
2025-12-12,46.59000015258789,46.59000015258789,45.09000015258789,45.900001525878906,74952716
2025-12-15,45.22999954223633,46.08000183105469,45.189998626708984,45.75,54448449
2025-12-16,44.380001068115234,44.91999816894531,43.52000045776367,44.91999816894531,72828636
2025-12-17,44.75,44.939998626708984,43.75,44.09000015258789,53449153
2025-12-18,44.11000061035156,45.41999816894531,44.11000061035156,44.380001068115234,48070195
2025-12-19,45.5,45.5,44.130001068115234,44.130001068115234,81182972
2025-12-22,45.54999923706055,45.72999954223633,45.04999923706055,45.25,57473526
2025-12-23,45.459999084472656,45.9900016784668,45.11000061035156,45.79999923706055,54147328
2025-12-24,45.619998931884766,45.72999954223633,45.2599983215332,45.58000183105469,41832060
2025-12-25,46.029998779296875,46.18000030517578,45.150001525878906,45.5,65419931
2025-12-26,46.11000061035156,46.41999816894531,45.630001068115234,46.0,64855511
2025-12-29,45.77000045776367,46.900001525878906,45.58000183105469,46.2599983215332,66016964
2025-12-30,45.970001220703125,46.560001373291016,44.880001068115234,45.16999816894531,63641851
2025-12-31,46.119998931884766,46.849998474121094,45.70000076293945,45.95000076293945,71091548
2026-01-05,46.849998474121094,47.0,46.119998931884766,46.119998931884766,82405872
2026-01-06,48.150001525878906,48.880001068115234,46.810001373291016,47.0099983215332,142382557
2026-01-07,50.5,51.150001525878906,48.2599983215332,49.29999923706055,271331496
2026-01-08,48.709999084472656,49.77000045776367,48.31999969482422,49.77000045776367,160920038
2026-01-09,49.40999984741211,50.16999816894531,48.33000183105469,48.5,143999645
2026-01-12,52.47999954223633,52.869998931884766,49.90999984741211,50.11000061035156,230241432
2026-01-13,50.810001373291016,52.689998626708984,50.599998474121094,52.4900016784668,151810925
2026-01-14,49.83000183105469,52.4900016784668,49.060001373291016,50.5,177966952
2026-01-15,50.43000030517578,51.47999954223633,49.7599983215332,49.81999969482422,111914491
2026-01-16,51.0,52.20000076293945,50.209999084472656,50.45000076293945,150746541
2026-01-19,51.06999969482422,52.290000915527344,50.290000915527344,51.0,121633176
2026-01-20,49.619998931884766,51.560001373291016,48.7599983215332,51.099998474121094,120592415
2026-01-21,49.95000076293945,50.79999923706055,49.02000045776367,49.15999984741211,87329219
2026-01-22,50.099998474121094,51.0,49.689998626708984,49.939998626708984,93568649
2026-01-23,50.459999084472656,50.869998931884766,49.70000076293945,50.5099983215332,97149778
2026-01-26,51.720001220703125,51.97999954223633,50.61000061035156,50.68000030517578,183939010
2026-01-27,50.75,52.68000030517578,50.13999938964844,51.79999923706055,147167928
