Date,Close,High,Low,Open,Volume
2009-10-30,13.356613159179688,18.117802902900312,11.797639099562995,12.850999733452547,115240720
2009-11-02,12.020952224731445,12.808865553840048,12.020952224731445,12.020952224731445,40261816
2009-11-03,11.546940803527832,12.153676015465727,11.443711096665563,12.014632428940317,23492760
2009-11-04,11.768145561218262,11.993564680830966,11.549046348472139,11.692303464217648,15096736
2009-11-05,11.9135103225708,12.157889992646338,11.481632561271425,11.755506204755138,19498504
2009-11-06,11.487953186035156,11.898764078733844,11.45003213109986,11.797641533456568,14918492
2009-11-09,11.06028938293457,11.481633740379698,11.056075842922048,11.376297651018415,13716456
2009-11-10,10.550460815429688,11.163516690838813,10.533606659023054,11.062393359699831,16354448
2009-11-11,10.487258911132812,10.617876217048124,10.272373231093576,10.55467393189213,13196936
2009-11-12,10.598916053771973,10.700038588360348,10.360856301541785,10.468298743401164,9512404
2009-11-13,11.165623664855957,11.346801837813164,10.512540337994375,10.59259517432162,18663824
2009-11-16,10.988661766052246,11.140346005097426,10.86015159726682,11.140346005097426,11129004
2009-11-17,10.954950332641602,11.197223594150554,10.89385522444886,10.933883441923593,6391816
2009-11-18,11.180370330810547,11.270959414697346,10.93388431440956,10.97601809920771,10267200
2009-11-19,11.966176986694336,12.292718631923899,11.1614095033955,11.20143691932802,28579848
2009-11-20,11.921936988830566,12.25690573914461,11.565901344997593,11.888229477009993,13136932
2009-11-23,12.02306079864502,12.218985983009457,11.825029246165618,11.877697289195833,10183960
2009-11-24,11.06028938293457,12.193705929484125,10.828550307799985,12.067302140060235,14771764
2009-11-25,11.45845890045166,11.544834455764816,10.826442406847924,10.954952555798101,12427108
2009-11-26,11.138237953186035,11.58907629067657,11.022368414691366,11.376297742070037,11508052
2009-11-27,11.850308418273926,11.871375311779557,11.041327331440407,11.15509048513195,19841788
2009-11-30,11.82502555847168,11.858733063353137,11.376293746771388,11.856625892244748,11914124
2009-12-01,11.915617942810059,12.033593840884569,11.61435668254031,11.713372053617054,11675036
2009-12-02,12.539207458496094,12.699317951582803,11.873483443866185,11.934578565085676,23343240
2009-12-03,13.188076972961426,13.27234615892273,12.326427801291691,12.566594740186252,22125288
2009-12-04,11.983031272888184,12.947909234019969,11.869268127026013,12.766731069198826,24546268
2009-12-07,12.174744606018066,12.26112016150638,11.555367926694059,11.902977320341227,9163188
2009-12-08,12.417016983032227,12.638223396837677,11.966178683336343,12.17685084608399,11014704
2009-12-09,12.488645553588867,12.851001930772252,12.256906495969577,12.32432152377339,14717980
2009-12-10,12.210558891296387,12.615049879270785,12.119969793081047,12.429658142963747,7882312
2009-12-11,11.839776992797852,12.334856307553963,11.589076577568925,12.218986766190897,8446200
2009-12-14,11.65438461303711,11.89244439491722,11.41843200294342,11.886123683208517,6178244
2009-12-15,11.671236991882324,11.943003444372328,11.614355417086617,11.713370777375046,5025568
2009-12-16,11.780787467956543,11.966179204267393,11.418431878738293,11.73444013661675,10777692
2009-12-17,10.957058906555176,11.650170519656855,10.870683351378256,11.629103624696837,8335048
2009-12-18,10.97812557220459,11.351015364194522,10.322935074599988,10.746385731196767,8870704
2009-12-21,10.990763664245605,11.14034147409017,10.851720102889633,10.980230219407337,3680576
2009-12-22,10.5146484375,11.056075874049274,10.445127036224127,10.923352176058225,4782200
2009-12-23,10.784306526184082,10.851721546497624,10.512540077142184,10.512540077142184,5041068
2009-12-24,10.954950332641602,10.954950332641602,10.59680756488286,10.744278210860033,4838012
2009-12-25,10.662115097045898,10.959162725550573,10.634727499056027,10.959162725550573,5631444
2009-12-28,10.695825576782227,10.849616155952818,10.590489497598218,10.74428007676881,4758772
2009-12-29,10.603129386901855,10.773773309103042,10.533607193671408,10.773773309103042,3841028
2009-12-30,10.76113224029541,10.997084788904642,10.60944805722144,10.60944805722144,5917844
2009-12-31,10.786416053771973,10.866471709250314,10.63894536325417,10.849617548665144,3199560
2010-01-04,10.849615097045898,10.92335002381808,10.76534592046304,10.86857562159452,3369748
2010-01-05,10.88332462310791,10.895965243032169,10.681079526223233,10.874897543158404,3654644
2010-01-06,10.693718910217285,10.891751262772587,10.681079094454551,10.891751262772587,4561444
2010-01-07,10.470405578613281,10.681077719818175,10.449337882302528,10.681077719818175,5548752
2010-01-08,10.068021774291992,10.449337833765354,9.901590590637094,10.428270941202896,7073168
2010-01-11,10.006926536560059,10.143863747467893,9.733052918394817,10.059594570963007,7237100
2010-01-12,10.23655891418457,10.238665281895955,9.905803731619214,10.006926258424189,6043264
2010-01-13,10.099623680114746,10.232347374071827,9.990074053762138,10.112264299803703,4868748
2010-01-14,10.607342720031738,10.64947731190977,10.1333303696175,10.1333303696175,8348216
2010-01-15,10.468299865722656,10.681079208030745,10.371390860142018,10.611557005994275,4850960
2010-01-18,10.508326530456543,10.544140408375622,10.371389318488502,10.47040548110079,3278828
2010-01-19,10.32293701171875,10.537822735747701,10.228134368227947,10.533609195631378,4737180
2010-01-20,9.859456062316895,10.280800345353091,9.832068458897417,10.280800345353091,5496992
2010-01-21,9.869991302490234,10.023782700961746,9.842604497743768,9.903698819113306,2379812
2010-01-22,9.164238929748535,9.859456894723495,9.056796482109432,9.859456894723495,9580580
2010-01-25,8.835589408874512,9.058902170293585,8.738680415742827,9.058902170293585,7416204
2010-01-26,8.702866554260254,9.054688648838706,8.675478950529751,8.87983118729116,4769044
2010-01-27,8.605956077575684,8.825055282814011,8.511154263223872,8.702865866894813,2939704
2010-01-28,8.730253219604492,8.730253219604492,8.308908938286026,8.605956624469528,5002072
2010-01-29,9.084183692932129,9.26536188667022,8.616492024714628,8.707081121583673,10004716
2010-02-01,8.806096076965332,9.503421211896066,8.44795324628111,8.44795324628111,22033792
2010-02-02,9.08629035949707,9.195839977612083,8.84612422902014,8.84612422902014,8825524
2010-02-03,9.143171310424805,9.185305096025022,8.707080039528895,9.06522203903342,5804168
2010-02-04,9.374913215637207,9.501316218432713,9.029410924588845,9.138960568715273,5920196
2010-02-05,9.322240829467773,9.623502009830736,8.953564638471873,9.269572802182644,4831592
2010-02-08,9.227439880371094,9.395977437286685,9.11157036021978,9.355950018660002,2939024
2010-02-09,9.347522735595703,9.364376892744119,9.16845173597125,9.178985182363785,2888508
2010-02-10,9.606648445129395,9.724625122805152,9.30538724627107,9.368589525813665,4339832
2010-02-11,9.57504940032959,9.796254997610044,9.48235313977934,9.58768921502246,3897300
2010-02-12,9.566622734069824,9.63825130047071,9.402298706770948,9.480247180790862,3072908
2010-02-22,9.739372253417969,10.009032316557347,9.625609112912151,9.648783175272637,5475736
2010-02-23,9.756229400634766,9.756229400634766,9.473928634108056,9.707774893410486,2927304
2010-02-24,10.006926536560059,10.108049066175667,9.688811962372442,9.690918330142372,7216228
2010-02-25,10.017459869384766,10.280800038420383,9.924764419198379,10.133329383030354,7402752
2010-02-26,9.93529987335205,10.112264534858092,9.92265925336927,10.006928445953319,4964756
2010-03-01,9.92265796661377,9.985860254681118,9.806788444574423,9.985860254681118,5364888
2010-03-02,9.977435111999512,10.086984747951439,9.851031314985457,9.901592994521206,5704136
2010-03-03,9.68038558959961,9.979539661061624,9.657211524189076,9.979539661061624,7495936
2010-03-04,9.328563690185547,9.813110337598182,9.311710334014553,9.680386641780338,5380260
2010-03-05,9.482353210449219,9.537128420028134,9.332776175365339,9.332776175365339,4569940
2010-03-08,9.70777416229248,9.747801586032587,9.482354196785998,9.482354196785998,4245632
2010-03-09,9.720413208007812,9.764654168159094,9.631931287705251,9.711986128840758,3023612
2010-03-10,9.461287498474121,9.764655146013462,9.37491193748823,9.764655146013462,3517324
2010-03-11,9.486567497253418,9.520275012091794,9.20637393084389,9.438112994901411,3478592
2010-03-12,9.76887035369873,10.086985847389212,9.438115041484602,9.438115041484602,8567764
2010-03-15,9.90369701385498,9.985859824069403,9.627717022950375,9.796254575344493,6826928
2010-03-16,9.764655113220215,10.002714899001576,9.621397968117321,10.002714899001576,4205316
2010-03-17,9.96479320526123,9.96479320526123,9.733054146116993,9.733054146116993,4980776
2010-03-18,10.021675109863281,10.129118367114218,9.964793527257001,10.002714582327854,6112772
2010-03-19,10.17125129699707,10.196532534003628,9.985860380851904,10.023781432711253,5542568
2010-03-22,10.112264633178711,10.238667619633208,10.04906313995146,10.198640194774422,4366360
2010-03-23,10.723212242126465,10.92967084278572,10.013246552051287,10.133329607499522,12349556
2010-03-24,10.889642715454102,11.117169014248484,10.638943156138465,10.712678084275286,12777464
2010-03-25,11.199333190917969,11.456353510767464,10.828550503279073,10.828550503279073,12623908
2010-03-26,10.72110652923584,11.060288849195247,10.533608427804998,11.060288849195247,9633496
2010-03-29,10.512541770935059,10.90860487817865,10.365071088869627,10.786415435541965,8901716
2010-03-30,10.681078910827637,10.847510113813765,10.510434168109521,10.51254133980078,7523140
2010-03-31,11.749187469482422,11.749187469482422,11.119277303335327,11.119277303335327,19130716
2010-04-01,11.692303657531738,12.58976661169285,11.629102176869761,11.968284447591236,29529668
2010-04-02,11.677556991577148,11.900869753251444,11.27306605770584,11.481631833610654,12784780
2010-04-06,12.00409984588623,12.05044797927959,11.568008529332165,11.723906284786766,10540040
2010-04-07,12.366456031799316,12.404377085133818,11.877696681766306,11.93457826176806,11782116
2010-04-08,11.797639846801758,12.543419415707831,11.755505258047378,12.22319766628516,11885964
2010-04-09,12.39173412322998,12.423335262917401,11.818705695540613,11.818705695540613,11397076
2010-04-12,12.39173412322998,12.39173412322998,12.39173412322998,12.39173412322998,0
2010-04-13,12.39173412322998,13.251276764764029,11.233037454896571,13.177541040043502,38473724
2010-04-14,11.972497940063477,12.358027533152228,11.89454867068917,11.987244925372037,13523072
2010-04-15,10.910710334777832,12.008311992438665,10.910710334777832,11.978818021392184,18416808
2010-04-16,11.07924747467041,11.355228257418803,10.725318227958889,10.86646897456011,9686264
2010-04-19,10.828550338745117,11.3130961904616,10.805376270435316,11.051862334492826,8726112
2010-04-20,10.674758911132812,11.03711531573819,10.154399176121107,10.826443136995637,8476872
2010-04-21,11.150876998901367,11.220398390722012,10.641049976397893,10.641049976397893,8425964
2010-04-22,11.671236991882324,11.730224934492488,11.018152869289374,11.07082090480572,11485080
2010-04-23,11.772359848022461,12.111542134677947,11.378402352876398,11.755505690440602,12407988
2010-04-26,11.959856986999512,12.183169735429301,11.770251747422293,11.835560397421203,13475100
2010-04-27,12.042022705078125,12.071516683967978,11.561690354813319,11.968287757853492,11851336
2010-04-28,11.728119850158691,12.195812345942334,11.591183415637312,11.83556311177684,7915948
2010-04-29,11.167731285095215,11.9767124433045,11.167731285095215,11.73022639220936,7746632
2010-04-30,11.108743667602539,11.245680902520501,10.74428090206848,11.165625251169205,5878444
2010-05-04,11.776573181152344,11.881909253242613,10.908603368500195,10.908603368500195,8230252
2010-05-05,11.776573181152344,11.776573181152344,11.776573181152344,11.776573181152344,0
2010-05-06,11.902976989746094,12.492858874525533,11.892443542520668,12.240052122862771,22010988
2010-05-07,12.38752269744873,12.636115907534156,11.55747468640195,11.591182199448253,18694916
2010-05-10,11.742867469787598,12.526567419756491,11.481633617364249,12.288508438979004,10887360
2010-05-11,11.858734130859375,12.31167871824925,11.667022528904043,11.92404197539282,11692388
2010-05-12,11.565901756286621,11.772360373985716,11.060288257347668,11.772360373985716,8123444
2010-05-13,11.618569374084473,11.671237411494374,11.10452881462753,11.523766746016555,6015576
2010-05-14,11.483739852905273,11.624890627405343,11.273067678872774,11.542728608116759,5188544
2010-05-17,11.313096046447754,12.004100528667909,11.281494898491106,11.428965582871172,10618504
2010-05-18,10.88759994506836,11.179005251901636,10.220322729227895,11.179005251901636,6844578
2010-05-19,11.07764720916748,11.390169380054747,10.676436673330365,10.853814208755631,6385036
2010-05-20,10.777795791625977,11.373277380538267,10.689106615870095,10.98051275688854,6050458
2010-05-21,11.212793350219727,11.24657951362184,10.237217177148713,10.431488220855126,6650538
2010-05-24,11.529535293579102,11.639340491344907,11.043859045960462,11.043859045960462,7716076
2010-05-25,11.926525115966797,12.036330331443027,11.369053103184049,11.529537153172047,10249026
2010-05-26,11.75337028503418,12.24326995354277,11.656235186482158,11.888514910067514,7527010
2010-05-27,12.289726257324219,12.289726257324219,11.542206641650749,11.78293310640395,12272652
2010-05-28,12.336181640625,12.652927156559883,12.196813645834672,12.462880330314254,12576728
2010-05-31,11.989872932434082,12.733169147968429,11.972980257696618,12.331958658029324,11464070
2010-06-01,11.529535293579102,12.06166780327858,11.098762047606076,11.774485102279614,10439828
2010-06-02,11.77448558807373,11.77448558807373,11.102985875477707,11.402837892669767,6239404
2010-06-03,11.909632682800293,12.43754191864205,11.78293398288293,11.926525359473933,11449138
2010-06-04,13.100595474243164,13.100595474243164,11.80827311606986,11.86739949681654,20687498
2010-06-07,13.632728576660156,14.021270640082793,12.737394899022886,12.834530012115733,26082348
2010-06-08,13.506031036376953,13.767873592237436,13.210402318291711,13.611612894020036,13161126
2010-06-09,13.345544815063477,14.300004750902042,13.125934393254493,13.569378607160193,24898676
2010-06-10,14.426705360412598,14.642091647061596,13.43001233910056,13.43001233910056,22117750
2010-06-11,14.291557312011719,14.612525382941051,14.09728712142157,14.464711457720494,14885434
2010-06-15,14.291557312011719,14.291557312011719,14.291557312011719,14.291557312011719,0
2010-06-17,12.995014190673828,14.359131488781976,12.99079082004347,14.359131488781976,20517732
2010-06-18,11.905409812927246,12.775404044634529,11.7702651717524,12.66982219302598,17786222
2010-06-21,12.391087532043457,12.534678930465898,11.537985883892656,11.787159145535966,12479560
2010-06-22,12.04900074005127,12.619142072763086,12.040553998915765,12.289727223734138,8614022
2010-06-23,12.37419319152832,12.500891901946826,11.82939123385821,11.918079606178095,7590800
2010-06-24,12.289726257324219,12.500889935953413,12.146134891414327,12.285502887088574,5483342
2010-06-25,11.618226051330566,12.289726634417514,11.407062366222107,12.171474680767584,10014278
2010-06-28,11.398615837097168,11.8167198447106,11.191675518512271,11.402839207540804,7079152
2010-06-29,10.815804481506348,11.521091239757935,10.773571582315576,11.40283928312888,8136770
2010-06-30,11.187451362609863,11.309926680299817,10.473717918256716,10.883375961746776,8250950
2010-07-01,10.88759994506836,11.225461520610796,10.8158042595749,11.191675363056552,5699438
2010-07-02,10.663764953613281,10.967840337548935,10.05139001030452,10.853812572026468,7547610
2010-07-05,10.397701263427734,10.591971486772936,10.102071752090863,10.473719521133065,5118264
2010-07-06,11.043862342834473,11.174783623070129,10.241440371722197,10.347022231224487,8734930
2010-07-07,11.166336059570312,11.297257320730694,10.896045990868357,11.043860733740036,6756824
2010-07-08,10.955171585083008,11.305703250179443,10.85381311866632,11.195898043513328,5385658
2010-07-09,11.233908653259277,11.394392705858804,10.896046260405468,10.896046260405468,7190772
2010-07-12,11.195898056030273,11.347936158588025,11.064976804119702,11.233907581669712,5772582
2010-07-13,11.035414695739746,11.14521991728014,10.718669143209006,11.128327240018479,6025340
2010-07-14,11.031189918518066,11.2339068381614,10.883375195872766,11.098762225065844,4738638
2010-07-15,10.558184623718262,11.031191649292087,10.558184623718262,10.980512008666992,5167858
2010-07-16,10.537068367004395,10.65954288732912,10.27100166868683,10.55818441362142,4100676
2010-07-19,10.676435470581055,10.68488140520178,10.304786959402893,10.309010329475994,4914662
2010-07-20,11.17055892944336,11.267694028354047,10.676435888887262,10.722891350460564,8656164
2010-07-21,11.052306175231934,11.26769320857575,10.98051049745066,11.26769320857575,6919648
2010-07-22,11.284588813781738,11.390170672911333,10.887601603432941,11.03119299629124,7064054
2010-07-23,11.297259330749512,11.39017108011596,11.128328511207927,11.297259330749512,6641890
2010-07-26,11.263471603393555,11.38594612848876,11.107210113554208,11.360606710456231,5369544
2010-07-27,11.571769714355469,11.698468407986047,11.195898614855027,11.276141040268508,10620810
2010-07-28,11.808273315429688,12.061669907909948,11.732255062658615,11.744924368691011,12091576
2010-07-29,11.77448558807373,11.994095992666072,11.609778187392202,11.939193794280714,8465316
2010-07-30,11.711137771606445,11.812496243698657,11.571769771788961,11.778710086334588,4936694
2010-08-02,12.053221702575684,12.07856111539421,11.597107438689743,11.69001996156669,9352724
2010-08-03,11.668907165527344,12.074341939057247,11.656237857480768,12.07011856786649,9112474
2010-08-04,11.546431541442871,11.698469667964554,11.229685981539777,11.614003863113483,9686648
2010-08-05,11.72803020477295,11.85895145216599,11.554876063068308,11.559099433052015,7914912
2010-08-06,11.981427192687988,12.019435912846806,11.677350987213542,11.71958388303227,8803404
2010-08-09,12.37419319152832,12.37419319152832,11.930749718877635,11.998322042223919,10293132
2010-08-10,11.75337028503418,12.58113232165161,11.74070017436524,12.382637948799085,11883228
2010-08-11,11.825166702270508,11.926525177341189,11.622449752129148,11.761817756042028,6803384
2010-08-12,11.597107887268066,11.8885139652917,11.533758950008696,11.7364766769743,5448012
2010-08-13,11.740701675415039,11.774487835992938,11.360607167532292,11.597110291577573,5316332
2010-08-16,12.04900074005127,12.154582587668356,11.753371244513195,11.753371244513195,8306900
2010-08-17,11.93074893951416,12.14191263755866,11.816720349243992,12.04900090040829,6729430
2010-08-18,12.036331176757812,12.141913029185513,11.909633276054816,11.95186537260541,6629578
2010-08-19,12.158804893493652,12.201036984421782,11.909631690495294,12.044776314726505,8018958
2010-08-20,11.64778995513916,12.141913057889967,11.609780423733282,12.078564107388706,7128612
2010-08-23,11.335268020629883,11.81249765094124,11.301481859240809,11.647790214860212,8112762
2010-08-24,11.394392967224121,11.508421557635087,11.149443109411077,11.402839708482471,5699354
2010-08-25,11.208569526672363,11.436625902660056,11.026968616695255,11.31837394126144,4919404
2010-08-26,11.124102592468262,11.259247217151698,11.001627272895458,11.195898275022026,3449216
2010-08-27,11.314152717590332,11.343715510063658,11.04386260313633,11.107211559225695,3649782
2010-08-30,11.580215454101562,11.635117652728146,11.339489004193808,11.343712374169,5346658
2010-08-31,11.402837753295898,11.563321782059237,11.347935555581595,11.554875847774653,4742572
2010-09-01,11.022745132446289,11.504198103311397,10.984735602585825,11.402839625525353,6926756
2010-09-02,11.229683876037598,11.267693400541448,10.980510684523678,11.128325412535819,5824714
2010-09-03,11.516867637634277,11.72803132381521,11.162112580408264,11.162112580408264,8744586
2010-09-06,11.301481246948242,11.567547152781547,11.128327078519701,11.525315057477481,6058166
2010-09-07,11.343713760375977,11.385945854237765,11.212791691722654,11.314150972462503,3044430
2010-09-08,11.191676139831543,11.385946357870674,11.10721033732069,11.339490891462738,6684548
2010-09-09,11.233908653259277,11.46618839385675,11.170559706325927,11.238132023791577,5359140
2010-09-10,11.449296951293945,11.483083113668346,11.026969518851093,11.305705559821323,6679506
2010-09-13,11.542207717895508,11.609780036915542,11.449295980624358,11.466188657616575,5775340
2010-09-14,11.297259330749512,11.601334805924363,11.191677467845311,11.567548642016046,5410766
2010-09-15,11.770265579223633,12.331961017005257,11.339491416421765,11.339491416421765,16927336
2010-09-16,12.120798110961914,12.31506835088888,11.639344271247067,11.732256825582297,20385734
2010-09-17,11.825166702270508,12.116572821552188,11.740700903615497,12.099679339610963,8524602
2010-09-20,11.284588813781738,11.964536244344533,11.276142877250871,11.930750081644089,8830396
2010-09-21,10.824249267578125,11.360605177640554,10.64264918973399,11.225460559000519,7989648
2010-09-27,10.925607681274414,11.010072658545512,10.469494226329187,10.824248419708448,6038228
2010-09-28,10.562408447265625,10.845367839538776,10.515952175160518,10.845367839538776,5695228
2010-09-29,10.596195220947266,10.642651495742795,10.47371988031383,10.562409058966601,2936532
2010-09-30,10.591971397399902,10.621534187179021,10.347021532125705,10.537069188599482,3978658
2010-10-08,10.794686317443848,10.972063828070821,10.401921772089446,10.676435180709502,6089796
2010-10-11,10.693329811096191,10.807358404256249,10.562408540537756,10.807358404256249,7066654
2010-10-12,10.815804481506348,11.022744801463029,10.655319625686522,10.727115312653169,6955800
2010-10-13,11.090314865112305,11.09876160433973,10.684880242975154,10.841141696580973,6554524
2010-10-14,11.107209205627441,11.385945197777524,11.022744217248164,11.170558953818785,9211668
2010-10-15,10.760900497436523,11.06497669968198,10.515950670919619,11.06497669968198,10122862
2010-10-18,10.347020149230957,10.642649618562041,10.220322265532207,10.642649618562041,7085822
2010-10-19,11.212793350219727,11.381724972755974,10.347022409587003,10.347022409587003,12295936
2010-10-20,11.402837753295898,11.88429064511136,10.908714751765391,10.972063689289724,16409018
2010-10-21,11.284588813781738,11.423956835611776,11.064979158991685,11.407064157024383,6157190
2010-10-22,11.529535293579102,11.791378581409164,11.132548200339752,11.288808854660976,8244014
2010-10-25,11.719585418701172,12.057447018471509,11.554877989503833,11.554877989503833,9301312
2010-10-26,11.402837753295898,11.951862952540708,11.170558047198197,11.825165077492043,13141954
2010-10-27,11.145218849182129,11.736477801663566,11.13254954383144,11.41550890919595,10540404
2010-10-28,11.326820373535156,11.38594594985865,11.01429820428509,11.166336321146145,5771758
2010-10-29,11.529535293579102,11.698466862772907,11.014296263009172,11.16633435307343,12240354
2010-11-01,11.901185989379883,12.369969650453612,11.698469035330648,11.82939030079675,16760578
2010-11-02,11.618226051330566,11.846282412374428,11.508420838411103,11.846282412374428,8941446
2010-11-03,11.271916389465332,11.609777923048885,11.157887819808845,11.609777923048885,5610676
2010-11-04,11.360605239868164,11.369051979960801,11.15366494075141,11.297256300224337,5682988
2010-11-05,11.740701675415039,11.76181852922973,11.322597636191457,11.390169957347252,7941444
2010-11-08,11.905409812927246,12.230601303682123,11.757595059570157,11.778711107681627,10332432
2010-11-09,12.20526123046875,12.20526123046875,11.668905259727433,11.884292322124155,10589346
2010-11-10,13.04569149017334,13.096371126241102,12.336181418377585,12.336181418377585,19324598
2010-11-11,12.669820785522461,13.235739511717838,12.661374045005989,12.99923641593523,14113624
2010-11-12,11.972980499267578,13.0921478124528,11.698467883659957,12.716276729798926,15056776
2010-11-15,12.864090919494629,12.897877881390441,12.015213640000043,12.120795479347933,13797858
2010-11-16,13.092148780822754,13.514476160849295,12.496667239427376,12.864091608956159,20060272
2010-11-17,12.044777870178223,13.04991674684471,11.943419388915471,13.03724744014037,11786690
2010-11-18,12.344629287719727,12.50089077482244,11.829390167278687,12.087010130261987,7101678
2010-11-19,12.885209083557129,12.885209083557129,12.369969945030748,12.462881683134512,8220398
2010-11-22,13.18506145477295,13.493361076379086,12.88520938022149,12.889432750986023,12365770
2010-11-23,13.801658630371094,13.936803260375497,13.23996325846183,13.522922629605626,19539326
2010-11-24,14.181755065917969,14.350685061676927,13.514476991174169,13.54826395695668,15036988
2010-11-25,13.759427070617676,14.460490470065741,13.556708506707588,14.384471411362242,15764454
2010-11-26,13.776318550109863,14.017045025477351,13.497582546471135,13.704523669514792,10302020
2010-11-29,13.865007400512695,13.93680227529308,13.560931198969994,13.810104395000605,7531756
2010-11-30,13.256855010986328,13.87345254381105,12.690936308120238,13.87345254381105,11778166
2010-12-01,13.003458976745605,13.21462264335966,12.902099707908453,13.096370700066622,4490552
2010-12-02,13.168166160583496,13.337096929968457,12.995012021273231,13.21884498863626,5019852
2010-12-03,12.771181106567383,13.155498995000324,12.606473670246302,13.092150042994186,6998198
2010-12-06,12.606473922729492,12.880986590604458,12.522008114679204,12.775404733304422,5597772
2010-12-07,12.606473922729492,12.606473922729492,12.606473922729492,12.606473922729492,0
2010-12-08,12.8134126663208,13.092148670344148,12.77117976756942,12.77117976756942,6166040
2010-12-09,12.944334983825684,13.0076839343597,12.602250006521503,12.872539291746968,4918760
2010-12-10,13.100595474243164,13.113264780061666,12.733170300521213,12.83875214514498,4614528
2010-12-13,13.34976863861084,13.468019788580214,13.049915782205185,13.08792531055978,6695590
2010-12-14,13.598942756652832,13.843891813688096,13.201954770597093,13.42156521441734,7933012
2010-12-15,13.307537078857422,13.767873224812622,13.2821976592465,13.556709515161808,5734170
2010-12-16,13.430008888244629,13.556706766133074,13.315981120355213,13.315981120355213,3631892
2010-12-17,13.62850284576416,13.636949585512602,13.324426659023809,13.34554350839491,4259026
2010-12-20,13.36666202545166,13.873454421247464,13.147051584510683,13.472243875266484,6666368
2010-12-21,13.24841022491455,13.49336007235181,13.117488157532591,13.370884745870407,4299544
2010-12-22,12.75850772857666,13.244184782547253,12.648703336149408,13.197728520387354,8320154
2010-12-23,12.648707389831543,12.88521053516475,12.627590534116099,12.674046811164395,3777664
2010-12-24,12.289726257324219,12.661373977280379,12.247493360493278,12.65292723680909,4445132
2010-12-27,12.289726257324219,12.289726257324219,12.289726257324219,12.289726257324219,0
2010-12-28,11.297259330749512,11.909634457804152,11.060756183391295,11.909634457804152,9793398
2010-12-29,11.3563814163208,11.487303465952056,11.225460172214984,11.23390691197031,4921576
2010-12-30,11.381722450256348,11.470410807459013,11.145218553331576,11.356382229176587,4705314
2010-12-31,11.567546844482422,11.609779744186477,11.390169310145836,11.42395546880397,3228082
2011-01-04,11.677352905273438,11.761818710784796,11.559101744188279,11.690023017757827,3667804
2011-01-05,11.571769714355469,11.668904815604376,11.542206927499326,11.592886566056663,6137518
2011-01-06,11.466187477111816,11.605555471432659,11.432401321080263,11.52953641898029,2687192
2011-01-07,11.309926986694336,11.584439609489843,11.259247349081459,11.46196428848194,4090536
2011-01-10,10.89604663848877,11.255025090934748,10.773572110904608,11.255025090934748,4165700
2011-01-11,11.073424339294434,11.107210499687547,10.76934889575641,10.88760085989511,3296472
2011-01-12,11.073424339294434,11.170560255259538,10.853814699501998,11.132550724126585,2018050
2011-01-13,11.111433029174805,11.221238243520414,10.988958509094482,11.07764687133966,2013944
2011-01-14,10.917162895202637,11.111433102658106,10.879153366696036,11.111433102658106,2011914
2011-01-17,10.482165336608887,10.980511768848402,10.42303976177557,10.921386194015083,2856996
2011-01-18,10.735560417175293,10.786240049584235,10.4863872360093,10.4863872360093,3134050
2011-01-19,10.853813171386719,10.917162112514168,10.672212282769337,10.760900639242669,1632078
2011-01-20,10.61308765411377,10.934056588281589,10.56240881507579,10.849591588043083,2235620
2011-01-21,10.596195220947266,10.752455918035725,10.524399526047647,10.566632429904889,1942408
2011-01-24,10.727115631103516,10.917163280341065,10.638427265143044,10.684882730658996,2009562
2011-01-25,10.621532440185547,10.883375745423919,10.494834560392269,10.727114275188436,1847702
2011-01-26,10.807357788085938,10.811581158576141,10.62153351414475,10.62153351414475,1396094
2011-01-27,10.89604663848877,10.96361895829912,10.689106308378875,10.798911529452091,2021066
2011-01-28,10.790465354919434,10.972066276021373,10.769349305941567,10.929833372540005,2382858
2011-01-31,10.91294002532959,10.959396296863165,10.790464693295831,10.794688063937574,1879716
2011-02-01,10.89604663848877,10.976289070335657,10.879153961298979,10.976289070335657,1598706
2011-02-09,10.769349098205566,10.96784269355582,10.744009678815786,10.782019210663266,1781742
2011-02-10,11.107209205627441,11.107209205627441,10.583523377784088,10.769347641059314,3578596
2011-02-11,11.525313377380371,11.67735067046813,11.00162677227381,11.17055835096649,6348870
2011-02-14,11.656235694885254,11.820943113137888,11.49152747110708,11.563323156978198,6744178
2011-02-15,11.550652503967285,11.740699316969678,11.49574950060349,11.656234335254874,5096978
2011-02-16,11.698468208312988,11.728030994664545,11.487304528058425,11.525314054946287,3493110
2011-02-17,11.529535293579102,11.816717994578067,11.407060791991556,11.698466862772907,4356974
2011-02-18,11.554877281188965,11.690021912812723,11.398615797420529,11.521091123283025,3619014
2011-02-21,11.77448558807373,11.778708958030366,11.445070786710673,11.483080310794941,4528464
2011-02-22,11.373274803161621,11.816718164872407,11.360604693631867,11.795602121181583,4464598
2011-02-23,11.411287307739258,11.516869164830423,11.347938354589688,11.373277774744388,2292044
2011-02-24,11.331043243408203,11.402838928139733,11.242354882841592,11.402838928139733,2735046
2011-02-25,11.394392967224121,11.457741915610574,11.221238799055879,11.326820648208495,2085022
2011-02-28,11.542207717895508,11.60133329565664,11.318373907688159,11.394392967967091,2690112
2011-03-01,11.529535293579102,11.69424349299052,11.453517054072394,11.542205402926264,2839062
2011-03-02,11.402837753295898,11.525313063964994,11.339488815771565,11.525313063964994,2182678
2011-03-03,11.343713760375977,11.550654081295852,11.309927601971212,11.44084886509898,2675628
2011-03-04,11.65201187133789,11.68579802775593,11.343713093332589,11.343713093332589,4590266
2011-03-07,11.723808288574219,11.994097556844338,11.690022130040454,11.740700965078322,6795892
2011-03-08,11.833612442016602,11.833612442016602,11.588662613272579,11.732253975521711,3526058
2011-03-09,11.732254981994629,12.015214360639108,11.681575341636796,11.846282763130032,4938204
2011-03-10,12.074338912963867,12.125017743500326,11.825165713837396,11.825165713837396,8760968
2011-03-11,11.875844955444336,12.070115141923909,11.854728105484298,11.972980048684121,4110100
2011-03-14,11.820942878723145,11.846282295138241,11.60555582538102,11.825166249046582,3675684
2011-03-15,11.529535293579102,11.846280777529357,11.356381160128329,11.791378581409164,4726154
2011-03-16,11.61400318145752,11.715361658014444,11.42817890500704,11.42817890500704,2927852
2011-03-17,11.901185989379883,11.930748777821366,11.478858599014524,11.601333123347182,6167368
2011-03-18,11.960311889648438,11.977205372372095,11.740701447394438,11.825167249961542,6118366
2011-03-21,11.8589506149292,11.951862331434821,11.74069868031035,11.951862331434821,4101486
2011-03-22,11.681573867797852,11.930747056607984,11.677350497840424,11.892737532516577,2836350
2011-03-23,11.4873046875,11.749147203555694,11.449295160084572,11.740700462902149,4964696
2011-03-24,11.267693519592285,11.49152649345161,11.246576669352885,11.49152649345161,7516298
2011-03-25,11.005850791931152,11.347936534003054,10.984734746110894,11.276140850478454,10638884
2011-03-28,10.853813171386719,11.060753475349982,10.845366431096261,11.022743949568415,7715744
2011-03-29,10.845365524291992,10.97206339595341,10.710220913046367,10.8538122638762,7440858
2011-03-30,10.849589347839355,10.92983096066895,10.735560775259883,10.849589347839355,5326118
2011-03-31,10.929830551147461,10.946724030389431,10.832695462082409,10.883375094282894,4160152
2011-04-01,10.756678581237793,10.967842281104833,10.714446485684856,10.963618910444422,4178128
2011-04-06,10.76512336730957,10.782016846882884,10.549736335902459,10.727113843795054,4495740
2011-04-07,10.706000328063965,10.752455796810104,10.613087779520422,10.752455796810104,3015834
2011-04-08,10.870708465576172,10.887601950227317,10.684884162041984,10.706001017855916,5191438
2011-04-11,10.80313491821289,10.853814560918275,10.752455275507506,10.81158165958472,3353388
2011-04-12,10.80313491821289,10.80313491821289,10.80313491821289,10.80313491821289,0
2011-04-13,10.841141700744629,10.896043894693204,10.604638640963602,10.769346028334715,4734154
2011-04-14,10.744007110595703,10.845365569451978,10.735560370976323,10.836918829832598,3440870
2011-04-15,10.431486129760742,10.769347696054197,10.37658312178461,10.744008279963566,6897732
2011-04-18,10.444156646728516,10.515952338585985,10.393477808667717,10.431487339976119,2209256
2011-04-19,10.165420532226562,10.431487249066627,10.140081113416993,10.431487249066627,6182326
2011-04-20,10.275226593017578,10.321682869231177,10.140081940969651,10.140081940969651,2545454
2011-04-21,10.254109382629395,10.33857437783662,10.220323223441389,10.279448800639004,3157232
2011-04-22,10.271001815795898,10.30901134467138,10.21187624000095,10.30901134467138,2022500
2011-04-25,10.271001815795898,10.347020873546862,10.21187624000095,10.347020873546862,3294160
2011-04-26,10.106293678283691,10.325904094998352,10.055614041532039,10.271001088056938,3357050
2011-04-27,9.794739723205566,10.281275537367756,9.722186065477015,10.238596771522182,4629462
2011-04-28,9.4533109664917,9.892900896706156,9.4533109664917,9.858758044827447,2791032
2011-04-29,9.560009002685547,9.577080838358292,9.431973491259686,9.444776553984315,2202538
2011-05-03,9.560009002685547,9.560009002685547,9.560009002685547,9.560009002685547,0
2011-05-04,9.63682746887207,9.901435136650463,9.611220537806311,9.726452948646722,3664368
2011-05-05,9.722187995910645,9.764865956200586,9.624026570766008,9.624026570766008,3276418
2011-05-06,9.75206184387207,9.807543674694072,9.645365326573755,9.683776137923534,2825922
2011-05-09,9.824616432189941,9.845955412044582,9.752062761042305,9.816080514636125,2608256
2011-05-10,9.54720687866211,9.824617723380372,9.517331163297365,9.82034976404255,6403028
2011-05-11,9.517330169677734,9.585615883893743,9.436241392814928,9.55574098567798,3881860
2011-05-12,9.184436798095703,9.500258405152787,9.184436798095703,9.474651467831903,6691042
2011-05-13,9.192971229553223,9.252721011655847,9.107613700238277,9.197238373392214,2434228
2011-05-16,9.192971229553223,9.338077726941064,9.167363482340901,9.197238373392214,4471472
2011-05-17,9.367953300476074,9.385024317681513,9.197238244243385,9.197238244243385,3515450
2011-05-18,9.355151176452637,9.449043823714662,9.261258529190611,9.303936487199795,4108754
2011-05-19,9.14175796508789,9.367954882986405,9.14175796508789,9.355151007397104,2726544
2011-05-20,9.056403160095215,9.205778497670373,9.009457230136812,9.175903592961362,2457156
2011-05-23,8.740577697753906,9.026524370373256,8.659488938167192,9.026524370373256,4346972
2011-05-24,9.154561996459961,9.210043830231353,8.544257754825315,8.719239987374147,8435286
2011-05-25,8.757651329040527,9.069204999539895,8.757651329040527,9.069204999539895,3533928
2011-05-26,8.586935043334961,8.89848864121674,8.578399127604841,8.761917245653754,2398888
2011-05-27,8.59546947479248,8.668023124781568,8.407684227551036,8.578398458693105,4750122
2011-05-30,8.471704483032227,8.697900601333686,8.335133057484951,8.569865093390591,4888248
2011-05-31,8.505847930908203,8.535722830570405,8.313793841608383,8.47170507214712,4543570
2011-06-01,8.608274459838867,8.655221184731,8.518648968138415,8.518648968138415,3497922
2011-06-02,8.35647201538086,8.497311399358013,8.30525732392103,8.497311399358013,2710826
2011-06-03,8.49731159210205,8.510115468764914,8.347936287155003,8.356472204930245,2561100
2011-06-07,8.522916793823242,8.565595559968571,8.407685183469534,8.501577817765455,2297714
2011-06-08,8.52718734741211,8.557062248598468,8.373544882163698,8.505848364858998,2013154
2011-06-09,8.429025650024414,8.548526053556538,8.407686670193275,8.53999013601212,2373064
2011-06-10,8.35647201538086,8.454632625479805,8.262579364072726,8.433293645555652,2139022
2011-06-13,8.313791275024414,8.335131063930927,8.113202143481475,8.275380469022405,1860128
2011-06-14,8.313791275024414,8.313791275024414,8.313791275024414,8.313791275024414,0
2011-06-15,8.313791275024414,8.313791275024414,8.313791275024414,8.313791275024414,0
2011-06-16,8.313791275024414,8.313791275024414,8.313791275024414,8.313791275024414,0
2011-06-17,7.938222885131836,8.104669230110353,7.933954925769564,8.053455345823124,1411018
2011-06-20,7.7675065994262695,7.963827795832326,7.7589706828791005,7.9254169853998695,1549940
2011-06-21,7.895542621612549,7.90407853873281,7.771774265458343,7.771774265458343,1391874
2011-06-22,7.891274929046631,7.946757578168643,7.8229892178425295,7.895542887750623,1158944
2011-06-23,8.091864585876465,8.185758054896468,7.771774990282682,7.887007440063629,3945590
2011-06-24,8.275381088256836,8.322327813334404,8.023577258525876,8.083327857905445,4793134
2011-06-27,8.377811431884766,8.475972861128948,8.245507958594711,8.300990611736633,3902948
2011-06-28,8.360738754272461,8.403417521923492,8.313792028453348,8.403417521923492,2667870
2011-06-29,8.228435516357422,8.373542841641854,8.172952872791711,8.365006925088696,3729392
2011-06-30,8.38207721710205,8.39914904872755,8.177220121774486,8.177220121774486,3736072
2011-07-01,8.343666076660156,8.493041341297054,8.343666076660156,8.382076882253351,3555028
2011-07-04,8.586935043334961,8.60827401863053,8.343666329204945,8.343666329204945,5396800
2011-07-05,8.49731159210205,8.621079957753293,8.493043633214429,8.616811998865673,3237640
2011-07-06,8.574131965637207,8.582667882159676,8.416220766090749,8.535721155315901,3751726
2011-07-07,8.493042945861816,8.642418238719733,8.454632133011785,8.57413253010409,9278798
2011-07-08,8.399149894714355,8.527185388682758,8.326596231057643,8.50157845269504,4636938
2011-07-11,8.510113716125488,8.557059626161065,8.20282725174113,8.343666609907375,5820724
2011-07-12,8.262577056884766,8.407684359133915,8.25830909928571,8.407684359133915,4322808
2011-07-13,8.35647201538086,8.390614871677444,8.224168548985329,8.24550752890948,3561804
2011-07-14,8.676558494567871,8.702165424122498,8.39061187011409,8.407683699170251,12182936
2011-07-15,9.086277961730957,9.163098788644632,8.646687913014278,8.680830774097029,17293200
2011-07-18,9.026524543762207,9.346614072363915,8.98811373520762,9.346614072363915,11034934
2011-07-19,8.838739395141602,8.962507750043194,8.834472250654517,8.962507750043194,5848754
2011-07-20,8.983845710754395,9.056399369262486,8.791792483430454,8.843006351771601,6177644
2011-07-21,8.719239234924316,9.005185924369272,8.706435360222077,8.983846133198874,4792120
2011-07-22,8.642416954040527,8.800328140509661,8.638148996132742,8.749113459645967,4459338
2011-07-25,8.228435516357422,8.616810765198164,8.121739001532386,8.616810765198164,6537488
2011-07-26,8.211362838745117,8.266845476604658,8.083327359734938,8.236969771741208,2525526
2011-07-27,8.35647201538086,8.399150789259068,8.117472021304762,8.168685898734687,3305464
2011-07-28,8.339400291442871,8.531453536664623,8.194292960903857,8.356471311137547,3550468
2011-07-29,8.322330474853516,8.471705800028687,8.26258067039546,8.305258636991194,2595860
2011-08-01,8.727775573730469,8.727775573730469,8.283917664265424,8.322328476201047,9505978
2011-08-02,8.825933456420898,8.834469370672116,8.552790712618648,8.663754341766122,6436084
2011-08-03,8.881418228149414,9.064936375506804,8.646686206291738,8.646686206291738,8694968
2011-08-04,8.766186714172363,9.022257717966133,8.744846921169637,8.877150381667066,5026072
2011-08-05,8.458900451660156,8.539990039354517,8.34366800820447,8.450364534212351,5166082
2011-08-08,7.899811744689941,8.373544632309576,7.852865007637911,8.373544632309576,5470650
2011-08-09,7.793113708496094,7.878470433778227,7.216952353214943,7.724828002658458,5001618
2011-08-10,7.835792064666748,8.061988148056638,7.8101843158065565,7.8955418506143,5456540
2011-08-11,8.061988830566406,8.07906066458513,7.515703166444842,7.68214947797815,4273488
2011-08-12,8.100399017333984,8.300988981409441,8.083327998663824,8.194292469124127,5401360
2011-08-15,8.228435516357422,8.29672122072306,8.11320308497923,8.14307797888547,4134220
2011-08-16,8.330866813659668,8.356473757713703,8.172955561594621,8.228438223413452,5905242
2011-08-17,8.266846656799316,8.35647134209553,8.22416788635976,8.275381759663356,2927440
2011-08-18,8.002238273620605,8.271113121441157,7.929684614045254,8.262578019278589,5397938
2011-08-19,7.874203681945801,7.916881639699328,7.7077565533935575,7.784578179797691,2996748
2011-08-22,7.827256679534912,8.027845841706302,7.81445280423595,7.916881364538138,1822280
2011-08-23,8.126007080078125,8.126007080078125,7.848595486203352,7.848595486203352,3447594
2011-08-24,8.24550724029541,8.480240081394346,8.19002540601668,8.194293364658103,8255846
2011-08-25,8.339400291442871,8.386346206125609,8.134542356897898,8.3137925408561,4775868
2011-08-26,8.433292388916016,8.531452984388112,8.258310174716268,8.330863835289074,5051080
2011-08-29,8.279648780822754,8.4460958852916,8.262577762997338,8.433292011400228,3597284
2011-08-30,8.126007080078125,8.441828670950976,8.126007080078125,8.322328279527538,3593020
2011-08-31,8.0406494140625,8.194292655741975,7.980899626311506,8.113203076630052,2591796
2011-09-01,7.993701934814453,8.177220053098615,7.933952152686485,8.108934355229588,2122544
2011-09-02,8.019309997558594,8.108934674276842,7.908345530648076,8.002238165404778,1619686
2011-09-05,7.784577369689941,7.8998097973043935,7.7376306442107685,7.8998097973043935,3058334
2011-09-06,7.780309677124023,7.810184571074228,7.716291930940754,7.788845593689741,1540614
2011-09-07,8.044918060302734,8.044918060302734,7.797382157556338,7.852863991779722,2406690
2011-09-08,8.006505966186523,8.177220214222855,7.972363116579257,8.066255749491804,3439478
2011-09-09,7.929684638977051,8.09186297699257,7.895541788130112,8.049185023956225,1514444
2011-09-13,7.741899490356445,7.8528639725615275,7.729096428506161,7.810185200324208,1778372
2011-09-14,7.844324588775635,7.852860502256917,7.724825056155741,7.750431982570074,1457790
2011-09-15,7.831523418426514,7.929684005009941,7.827255460658141,7.848594435470292,1430500
2011-09-16,7.835792064666748,7.925416743588075,7.8101843158065565,7.827256148380018,1187632
2011-09-19,7.639471054077148,7.788846352408774,7.635203095378543,7.788846352408774,1225970
2011-09-20,7.669345855712891,7.7589713592110074,7.596792186797226,7.6010601454428395,955568
2011-09-21,7.874203681945801,7.92541755686198,7.648006761314727,7.7077565533935575,2575184
2011-09-22,7.596792221069336,7.852864042752209,7.5669173244451455,7.831525063457754,2132102
2011-09-23,7.443150043487549,7.5626496342261,7.340721473984543,7.460221064723094,2596888
2011-09-26,7.323647975921631,7.46875528661248,7.289505127172592,7.357790824670671,1361794
2011-09-27,7.396202564239502,7.421809500523962,7.293774005071831,7.421809500523962,1338842
2011-09-28,7.259631156921387,7.460220317006555,7.2553631985327875,7.417541547150396,1987660
2011-09-29,7.059041976928711,7.24255930294194,7.050506060175587,7.24255930294194,2257550
2011-09-30,7.046239376068115,7.105989176085722,6.913935898587713,7.076114276076919,1514784
2011-10-10,6.8243088722229,7.041969856376288,6.785898062429373,6.943809259806072,2503774
2011-10-11,6.679202079772949,7.0206314368210965,6.657863101095503,7.0206314368210965,3248646
2011-10-12,6.884058952331543,6.8968628274848935,6.627987554488241,6.743219988778912,2776012
2011-10-13,6.9822211265563965,7.054774798923911,6.8499168443374545,6.8499168443374545,2638592
2011-10-14,6.862720012664795,6.982220406005538,6.79016634778467,6.977952447597316,2525340
2011-10-17,6.866987705230713,6.9267374925730705,6.828576895073541,6.892594640658895,1590100
2011-10-18,6.713344573974609,6.858451900481368,6.709077022676986,6.858451900481368,1538482
2011-10-19,6.632255554199219,6.7987022690957035,6.632255554199219,6.764559415837181,1443422
2011-10-20,6.423130989074707,6.6365240424857275,6.295095075625104,6.6365240424857275,2227120
2011-10-21,6.214004993438721,6.427398015909605,6.175594184271579,6.423130057776614,2425756
2011-10-24,6.307898044586182,6.33777334646448,6.060362154822665,6.149987246427726,2176328
2011-10-25,6.482879638671875,6.525558404623042,6.2652190719625755,6.359111705831341,2425358
2011-10-26,6.5212907791137695,6.610915866568866,6.384719372330726,6.478612418001517,3445252
2011-10-27,6.478612899780273,6.653595129487236,6.453005555596727,6.538362691183669,2721830
2011-10-28,6.696273326873779,6.7218806704190825,6.525559059954817,6.6023806835758085,4424396
2011-10-31,6.760291576385498,6.798702388730971,6.602380775532381,6.653595056321371,3554298
2011-11-01,6.734684944152832,6.824310046758182,6.627988412813842,6.679202699014762,3157950
2011-11-02,6.913934230804443,6.931005249250176,6.538362056641014,6.59811224926063,4512900
2011-11-03,7.007827281951904,7.1486666520885755,6.926737700955086,7.0206311570660835,7407524
2011-11-04,7.093186378479004,7.204150064375653,7.003560861064015,7.024899843575677,5295438
2011-11-07,6.94807767868042,7.212684592546704,6.94807767868042,7.041970323273319,3303548
2011-11-08,6.828576564788818,6.999290816102587,6.807237181620877,6.935273073613644,2906998
2011-11-09,6.956613063812256,6.973684898447026,6.777363277311512,6.871256332728046,2941788
2011-11-10,7.413273334503174,7.6309334827470305,6.854183076611774,6.854183076611774,14566326
2011-11-11,7.502898693084717,7.67361294951985,7.298041585362557,7.332184436649584,20375622
2011-11-14,7.648006916046143,7.746167523312985,7.387667135527238,7.588257122758478,11251486
2011-11-15,7.7077555656433105,7.861398798762169,7.652273739255811,7.652273739255811,11950594
2011-11-16,7.537041187286377,7.852862750236017,7.4943624216921565,7.767506033077322,8962256
2011-11-17,7.519970417022705,7.665076922372343,7.400470032230904,7.537041435404521,6310738
2011-11-18,7.229755401611328,7.53277308486259,7.191344594716135,7.528505126982043,7091182
2011-11-21,7.302310943603516,7.332185842453873,7.046239102839119,7.221221350988303,5591400
2011-11-22,7.2553629875183105,7.3108448168968065,7.131594639938103,7.225488093696827,2547470
2011-11-23,7.216952323913574,7.40473842121956,7.212684365562322,7.336452715659169,2673080
2011-11-24,7.161470890045166,7.255363536883495,6.9694168237510095,7.127328035373967,3935834
2011-11-25,6.99502420425415,7.191346241569361,6.986489100568208,7.1273284867602404,3045124
2011-11-28,7.170004844665527,7.187076676281413,6.9267369423473015,6.9267369423473015,5125300
2011-11-29,7.174274444580078,7.191346280103277,7.07611383241145,7.07611383241145,3449590
2011-11-30,6.798701763153076,7.276701673200817,6.683469336719688,7.212683929858859,6285476
2011-12-01,6.913934230804443,7.127327252569645,6.901130356447812,7.0675766529351405,4738222
2011-12-02,6.704808712005615,6.913934181165398,6.542629967786648,6.888326432635987,4320680
2011-12-05,6.444469928741455,6.692005820964538,6.3932552413026125,6.615184196821195,2661064
2011-12-06,6.517024040222168,6.610916690581234,6.414595065352811,6.444470369571558,3790386
2011-12-07,6.423130989074707,6.568238330516593,6.393255684826999,6.529827515780217,3300088
2011-12-08,6.342041015625,6.440202025879395,6.158523277608833,6.435934067386829,3644588
2011-12-09,6.243880748748779,6.337773805568708,6.231077279596272,6.278023604498763,1973298
2011-12-12,6.222541332244873,6.269487656921734,6.107309296396235,6.196934394062929,1889764
2011-12-13,5.936594009399414,6.2225407011935046,5.932326051130272,6.2225407011935046,4351162
2011-12-14,5.7103986740112305,5.962202564907168,5.667719896667348,5.9323272579604565,3493012
2011-12-15,5.7103986740112305,5.846970110287677,5.595166219391739,5.6634523445449485,3677718
2011-12-16,5.910987377166748,5.932326355577772,5.590897816822301,5.637844139147448,3105090
2011-12-19,5.975005149841309,5.979273108346206,5.706129869256658,5.846969243798867,2928568
2011-12-20,5.812826156616211,6.030487147455705,5.812826156616211,5.910987163216632,3014810
2011-12-21,5.616504669189453,5.919522798035507,5.616504669189453,5.893915861521709,2618984
2011-12-22,5.5396833419799805,5.6719872110956455,5.360433555749148,5.590898031777291,2857454
2011-12-23,5.633575916290283,5.731736921837235,5.471397164484598,5.488468590621254,2838616
2011-12-26,5.5610222816467285,5.718933075965034,5.548218813733056,5.633575944849046,1330436
2011-12-27,5.484200954437256,5.59943297732184,5.471397079771826,5.479932996215446,1407920
2011-12-28,5.620772361755371,5.633575829406676,5.377504441306085,5.484200954768389,2303076
2011-12-29,5.7360053062438965,5.7573446937679105,5.52688020394148,5.625041223745959,2964456
2011-12-30,5.834165573120117,5.923790663542438,5.74880844105479,5.74880844105479,3180568
2012-01-04,5.633575916290283,5.910987099779576,5.633575916290283,5.910987099779576,2047432
2012-01-05,5.420182704925537,5.637843686154587,5.403111279359429,5.573825942035403,2096544
2012-01-06,5.620772361755371,5.659183171724185,5.36896852486195,5.492736464197627,2078454
2012-01-09,5.825629711151123,5.838433586342426,5.552486885975281,5.654915445416222,2594048
2012-01-10,6.0945048332214355,6.103040749803135,5.761611819818327,5.804290588697018,4635116
2012-01-11,6.026219367980957,6.1798622094199045,5.966469170580572,6.051826711728242,3289924
2012-01-12,5.970737457275391,6.081701941255569,5.94086256044032,5.979273374665378,2655552
2012-01-13,5.633575916290283,5.97073688775042,5.629307958002394,5.97073688775042,4592552
2012-01-16,5.484200954437256,5.646379296717055,5.471397079771826,5.625040319637802,2130978
2012-01-17,5.838433742523193,5.87257659658351,5.432986638280807,5.484201326386208,2763536
2012-01-18,5.6122355461120605,5.953664415890266,5.548217811097636,5.855503834599505,2631186
2012-01-19,5.812826156616211,6.141451622042299,5.590897614457932,5.5951651657767165,8085380
2012-01-20,5.876844882965088,5.915255290664675,5.73173754160571,5.910987738930242,5634622
2012-01-30,5.975005149841309,6.068898201874422,5.846969243798867,5.928058827332214,5768692
2012-01-31,5.902451038360596,5.996344083315568,5.800022484054204,5.936593889796059,3194590
2012-02-01,5.8469696044921875,6.073166128011537,5.8469696044921875,5.940862662317464,4074920
2012-02-02,5.987809658050537,6.009149047265421,5.8469702590533,5.8469702590533,2921012
2012-02-03,6.073165416717529,6.111576227102572,5.996344202962347,6.017683587289026,4126224
2012-02-06,6.10304069519043,6.141451505434553,5.983540713220302,6.073165394436722,4624220
2012-02-07,5.928058624267578,6.056094118909261,5.872576386649224,6.02621922442819,2794240
2012-02-08,6.111576557159424,6.13291594263854,5.8896480064154115,5.928058818874837,3365914
2012-02-09,6.1798624992370605,6.256684127066701,6.068898423168063,6.128648216355614,4735262
2012-02-10,6.132915019989014,6.222540099905967,6.06889728019756,6.1841292932251495,3248138
2012-02-13,6.239613056182861,6.269487954484703,6.021952036230968,6.094505709548266,4615416
2012-02-14,6.209737300872803,6.3078979000402216,6.167058531747459,6.214005259188318,4371684
2012-02-15,6.312165260314941,6.346308109574418,6.13718305610641,6.209736712536514,4612618
2012-02-16,6.222541332244873,6.342041326795483,6.162791131462096,6.316434388613539,4310514
2012-02-17,6.1627912521362305,6.290827166597866,6.128648395881788,6.226809412874524,2343630
2012-02-20,6.145718097686768,6.3078968228471055,6.137182589528243,6.3078968228471055,4110368
2012-02-21,6.260950565338135,6.260950565338135,6.145718151576343,6.145718151576343,4968060
2012-02-22,6.465808868408203,6.495684170405079,6.2481482796590635,6.2481482796590635,7907382
2012-02-23,6.401790618896484,6.508487129211425,6.3463083846909285,6.48714774574546,7151400
2012-02-24,6.487147808074951,6.551165959087943,6.3804512967348535,6.401790680405851,5332866
2012-02-27,6.499951362609863,6.645058685100085,6.427398108379648,6.5255587047613295,7570866
2012-02-28,6.35911226272583,6.4914161231489595,6.316433900052014,6.457273270203941,5691248
2012-02-29,6.235344409942627,6.371916230728497,6.2310768585234735,6.359112355426282,3545130
2012-03-01,6.265219688415527,6.295094583311895,6.209737450025903,6.209737450025903,2400274
2012-03-02,6.440201759338379,6.440201759338379,6.2694870898354385,6.2694870898354385,4138872
2012-03-05,6.354844570159912,6.478612511089122,6.3249692692356865,6.401790890162404,3962716
2012-03-06,6.239613056182861,6.350577545611078,6.201202240071943,6.337774075912425,3284190
2012-03-07,6.1627912521362305,6.265220227914511,6.137184313452875,6.184130639048995,3521098
2012-03-08,6.252416133880615,6.2865589889463775,6.188398382386045,6.188398382386045,2899854
2012-03-09,6.393255710601807,6.401791628139836,6.252416327343926,6.269487755405035,3549470
2012-03-12,6.414594650268555,6.4444699525540905,6.337773432856274,6.4444699525540905,3571672
2012-03-13,6.435934066772461,6.45300549372617,6.37191631744978,6.444469983756777,4268954
2012-03-14,6.265219688415527,6.657862908546005,6.209737450025903,6.474344766719936,12428286
2012-03-15,6.1542558670043945,6.312166682153167,6.051827296153563,6.256684437855227,6852314
2012-03-16,6.243880748748779,6.260952176623771,6.077434021706398,6.154255650651335,3832772
2012-03-19,6.478612899780273,6.534095139665517,6.214005575953289,6.239612513121908,8394686
2012-03-20,6.222541332244873,6.4402023418661205,6.222541332244873,6.418862955371204,4511816
2012-03-21,6.201201915740967,6.312166399365595,6.098773349478976,6.273755585263613,3285350
2012-03-22,6.1627912521362305,6.218273495303437,6.124380844111196,6.188398597834539,2223204
2012-03-23,6.039022445678711,6.154254874564649,6.00061204306496,6.145718958196108,2279612
2012-03-26,6.039022445678711,6.0731652971230865,6.004879594234335,6.004879594234335,1425524
2012-03-27,6.043290615081787,6.14571917299489,6.039022656748347,6.051826531748667,1720554
2012-03-28,6.043290615081787,6.043290615081787,6.043290615081787,6.043290615081787,0
2012-03-29,5.6421122550964355,5.804291019038852,5.58236205563925,5.718933474952892,4589562
2012-03-30,5.616504669189453,5.714665677865457,5.569558347570879,5.64637956412719,1871270
2012-04-05,5.7360053062438965,5.744541224059487,5.620773264838163,5.701862449011459,2380702
2012-04-06,5.676255226135254,5.787219710106839,5.67198726744059,5.72320155073172,2834710
2012-04-09,5.659183502197266,5.761612063418909,5.654915543725966,5.6762549290675395,2363284
2012-04-10,5.680523872375488,5.693327342994211,5.501273655653407,5.65918448333429,2397854
2012-04-11,5.684790134429932,5.7146654351135195,5.569558110982922,5.646379324275962,1974008
2012-04-12,5.782951831817627,5.782951831817627,5.676255305057209,5.727469589060416,2385300
2012-04-13,5.804290771484375,5.829897708006073,5.761612001261655,5.795754854633864,3536012
2012-04-16,5.859772682189941,5.910987369955707,5.74027269377131,5.761612079171225,2988284
2012-04-17,5.800023078918457,5.872576747413819,5.800023078918457,5.838433892476583,1671706
2012-04-18,5.889647006988525,5.915253939606231,5.795753971022277,5.812825395105699,2853958
2012-04-19,5.953665256500244,6.0304868749760185,5.876844045039361,5.889647512447026,4636636
2012-04-20,5.979273319244385,6.021951684753914,5.872576794948153,5.910987608817187,3987626
2012-04-23,5.780395984649658,5.983596259860729,5.758778863914475,5.923068404264671,4260578
2012-04-24,5.8149824142456055,5.866863249497132,5.676633520241535,5.776071684728904,3382258
2012-04-25,5.836600303649902,5.914421772971831,5.7285151128415706,5.793366062401657,2451482
2012-04-26,6.057094573974609,6.057094573974609,5.840924178720518,5.858217793848353,5571074
2012-04-27,6.260294437408447,6.3727031416937026,6.078711685048359,6.083034779588325,10640334
2012-05-02,6.294881820678711,6.38134989260171,6.199766735407266,6.377026385927488,4911454
2012-05-03,6.549963474273682,6.580227613045016,6.204091136707132,6.268942096922773,10386060
2012-05-04,6.528346061706543,6.6148141368173485,6.428907466094888,6.5413161698950875,5393958
2012-05-07,6.476464748382568,6.51105239044042,6.415937302484007,6.472141653898601,9381328
2012-05-08,6.247323989868164,6.485111493768811,6.247323989868164,6.467817879611252,7721574
2012-05-09,6.247323989868164,6.407290023903654,6.234353882328066,6.307851845575763,5356712
2012-05-10,6.480788230895996,6.701282128931934,6.195443380408217,6.221384008776333,24179536
2012-05-11,6.407290458679199,6.4721418254048375,6.225707291547113,6.381350241838795,15564616
2012-05-14,6.346761703491211,6.433229762330554,6.264616738359664,6.42025965658271,11165630
2012-05-15,6.320822238922119,6.338115853861637,6.0657411093300055,6.251647779164048,13679768
2012-05-16,6.307852268218994,6.355409607260681,6.195443562507031,6.273265037586438,7487592
2012-05-17,6.312175273895264,6.3510855960329025,6.238677311559257,6.325145381274477,6912744
2012-05-18,6.338115692138672,6.441877379128202,6.20409028285527,6.268941234145652,24825076
2012-05-21,6.264617919921875,6.333792380040263,6.208413567997608,6.329469285517093,24086044
2012-05-22,6.294881820678711,6.377026385927488,6.251647578561066,6.281911300656043,8396844
2012-05-23,6.454847812652588,6.524022269717721,6.2559710424341874,6.281911257677469,24753488
2012-05-24,6.351085662841797,6.528345723012997,6.329468954419809,6.528345723012997,21249438
2012-05-25,5.819307327270508,6.355409833468948,5.715545631679648,6.355409833468948,31163404
2012-05-28,5.637723922729492,5.741485614066967,5.430200540054543,5.611783293738968,22176544
2012-05-29,5.672309875488281,5.698250498635684,5.4993737622129935,5.572871713433045,10664402
2012-05-30,5.680958271026611,5.750132733185642,5.642047532984078,5.663664655486854,6487798
2012-05-31,5.672309875488281,5.728514215380804,5.5988119242682295,5.655016264160753,5668734
2012-06-01,5.7760725021362305,5.814983237159429,5.676634323576757,5.680957830204287,7764144
2012-06-04,5.58151912689209,5.737162063849433,5.56854901958307,5.702574423838252,7421942
2012-06-05,5.611783504486084,5.689604982067883,5.581519779787529,5.581519779787529,3411064
2012-06-06,5.559902191162109,5.663664290017326,5.525314962314467,5.611783034433572,3163580
2012-06-07,5.469111442565918,5.624754408319082,5.456141332857272,5.611783886298082,4432346
2012-06-08,5.477756977081299,5.598812263713348,5.473433470909236,5.5339613203813816,3481518
2012-06-11,5.564226150512695,5.577196259307645,5.4474943467334915,5.4474943467334915,2815388
2012-06-12,5.6161065101623535,5.771749451431151,5.5253149318596515,5.533961945180047,6052088
2012-06-13,5.698251247406006,5.724191461649826,5.620429780050002,5.650693500771883,5789260
2012-06-14,5.6463704109191895,5.719867959541004,5.624753290824645,5.711221358890549,4626266
2012-06-15,5.923069000244141,6.212737375230106,5.840924427959793,6.057094832438136,20174124
2012-06-18,5.879835605621338,5.966303691404402,5.814984232049773,5.91874593498945,12765320
2012-06-19,5.879835605621338,5.992243910983143,5.819307739417015,5.858218481097483,9753410
2012-06-20,5.789043426513672,5.944685965169308,5.784719919584048,5.910098734356945,5870928
2012-06-21,5.6852803230285645,5.780395397209814,5.6852803230285645,5.780395397209814,5573202
2012-06-25,5.655016899108887,5.750131978245973,5.650693392713505,5.698251138438179,4211780
2012-06-26,5.611783504486084,5.642047641496965,5.490728193379538,5.611783504486084,3911222
2012-06-27,5.659340858459473,5.737162330555871,5.585842893104496,5.585842893104496,3567364
2012-06-28,5.572873115539551,5.711222040967667,5.546932485865619,5.6377240712559,3785622
2012-06-29,5.711222171783447,5.711222171783447,5.499375271791203,5.568549736089705,3988332
2012-07-02,5.7933669090271,5.827954142155259,5.702575318987597,5.750133073773072,5420374
2012-07-03,5.789043426513672,5.901451720497697,5.758779290318619,5.784719919584048,5479922
2012-07-04,5.7760725021362305,5.845247371239852,5.745808780368093,5.797689622961594,2660006
2012-07-05,5.7933669090271,5.871188389721628,5.745809566553967,5.823631047248496,5852570
2012-07-06,5.806336879730225,5.858217724499571,5.633400318186766,5.836600602767601,6369182
2012-07-09,5.68960428237915,5.849570312604502,5.680957681662462,5.767425750390723,5894802
2012-07-10,5.542608737945557,5.685281164169793,5.5296386298285265,5.6766345628625405,4109716
2012-07-11,5.598813056945801,5.598813056945801,5.490727861204328,5.542608705682759,2179766
2012-07-12,5.672309875488281,5.7414843207983965,5.533960984868051,5.568548207523109,3868870
2012-07-13,5.49072790145874,5.6420473415310965,5.4777577933221195,5.6117832061292425,7269988
2012-07-16,4.976242542266846,5.469110774075552,4.9503019137079285,5.456140665952245,8255178
2012-07-17,4.980566024780273,5.02812336254192,4.933008274706326,4.954625396347911,3362038
2012-07-18,4.993536472320557,4.993536472320557,4.902744885103371,4.989212965235851,2685844
2012-07-19,5.041093826293945,5.088651579723496,4.971919362009868,4.989212978080888,3935948
2012-07-20,4.9503021240234375,5.058387325038413,4.941655522344646,5.006506478028704,3329380
2012-07-23,4.9892120361328125,5.002182142659278,4.820599002039755,4.920037584908662,2864222
2012-07-24,5.049740314483643,5.067033928753287,4.93733161557481,4.967595337468616,4130704
2012-07-25,5.092974662780762,5.218353482085059,5.041093814687156,5.058387430718358,6608160
2012-07-26,4.99785852432251,5.136207412255409,4.976241407504942,5.097296684446229,3161238
2012-07-27,4.9892120361328125,5.054062981077392,4.954624810520737,5.0151526614979955,2765456
2012-07-30,4.9503021240234375,5.01082998502426,4.9200383996791865,4.9503021240234375,2005308
2012-07-31,4.859509468078613,4.950301033421374,4.820598738315684,4.950301033421374,2643380
2012-08-01,4.928684711456299,5.002182676808371,4.863833759586728,4.868157266327978,1795562
2012-08-02,4.868156909942627,4.954624976876047,4.850863296555943,4.9459779640265715,1938216
2012-08-03,5.019475936889648,5.02379944332549,4.881127029440853,4.928684363298309,2588212
2012-08-06,5.092974662780762,5.114591785897846,4.950302227445263,4.98921296659355,4108442
2012-08-07,5.192413330078125,5.2832049184720224,5.058387494901482,5.1016217416842276,5754878
2012-08-08,5.114591598510742,5.205383182426235,5.088651381570495,5.1967365808835915,3806874
2012-08-09,5.175118923187256,5.218352751052523,5.075680335703825,5.101620962272803,3741454
2012-08-10,5.11891508102417,5.183766035377803,5.101621465709046,5.1707959269695385,2437674
2012-08-13,5.015153884887695,5.1232390943696515,5.015153884887695,5.110268572366922,2657026
2012-08-14,5.05838680267334,5.062710309222419,4.920037891601008,5.019476068356177,3004898
2012-08-15,4.976242542266846,5.041093495195685,4.963272021831235,5.041093495195685,1663170
2012-08-16,4.967595100402832,5.019475940735885,4.945977980519326,4.963271593963677,1829394
2012-08-17,4.928684711456299,4.97191895424421,4.898420988892139,4.950301832850255,2275106
2012-08-20,4.976242542266846,4.9848891435782825,4.863833839032042,4.920038190649444,2010176
2012-08-21,5.049740314483643,5.097297650647094,4.954625229844455,4.989212458383744,4240572
2012-08-22,4.984889507293701,5.088651616787924,4.954625782027067,5.062710986336286,4166964
2012-08-23,5.123238563537598,5.123238563537598,4.9330083836646805,4.971919121016518,4406172
2012-08-24,5.032446384429932,5.114590943978132,5.002182252122901,5.080003717609178,2859742
2012-08-27,4.902744293212891,5.049740217847987,4.885450679274189,5.036769698159752,2638792
2012-08-28,4.963272571563721,5.006506819846445,4.898421611451984,4.941655859734707,1989914
2012-08-29,4.539577960968018,4.920037877650429,4.535254454431197,4.920037877650429,15526802
2012-08-30,4.388258934020996,4.556871993644455,4.357995210106138,4.522284762795384,8077658
2012-08-31,4.409876823425293,4.453111075662872,4.396906712678973,4.401230220365209,3735310
2012-09-03,4.4531097412109375,4.479049954930139,4.3579946621785846,4.405551995538629,4442452
2012-09-04,4.427168369293213,4.513636420976246,4.414198264618807,4.44878548529202,3582374
2012-09-05,4.44446325302124,4.461756868312673,4.37528879185551,4.409876022438375,3495136
2012-09-06,4.53093147277832,4.5352549798159965,4.448786900624105,4.448786900624105,4854418
2012-09-07,4.712514877319336,4.82060008471026,4.56119583435945,4.582812958300104,11590328
2012-09-10,4.669280529022217,4.69089765058912,4.617399684649029,4.69089765058912,9685550
2012-09-11,4.591458797454834,4.656310158499435,4.561195076354719,4.647663145435245,7790172
2012-09-12,4.604429244995117,4.643339982034833,4.548225305173647,4.59578264360424,8546660
2012-09-13,4.53525447845459,4.651986681693423,4.522284371087701,4.60010583991359,8155400
2012-09-14,4.4790496826171875,4.578488261994591,4.431492352148488,4.552547637540239,9758390
2012-09-17,4.288819789886475,4.453109305858152,4.2628791663910635,4.453109305858152,9947138
2012-09-18,4.193705081939697,4.271526546827289,4.193705081939697,4.249909427434929,6234160
2012-09-19,4.245585918426514,4.258556437441134,4.189381572966595,4.189381572966595,4477462
2012-09-20,4.098590850830078,4.236940196138843,4.098590850830078,4.236940196138843,4878462
2012-09-21,4.016445159912109,4.146147454744995,4.01212165387816,4.111560231097855,4424686
2012-09-24,4.012122631072998,4.059680384405179,3.9343015650689077,3.9645652900531467,5093258
2012-09-25,3.990504741668701,4.055356098583331,3.9429474097811066,4.012121860640244,3058948
2012-09-26,3.8348629474639893,3.9905054911283866,3.8218928385700384,3.981858889303195,3804016
2012-09-27,3.9343011379241943,3.968888366240304,3.834862547281165,3.85215616143922,5253228
2012-09-28,3.977534532546997,3.9861815448373275,3.891066471204892,3.925653695741734,5113540
2012-10-08,3.999152898788452,4.025093531441279,3.9645656634595956,3.9775357736298247,4011416
2012-10-09,4.1245317459106445,4.141825363642062,3.9948294067688264,3.9991529142797733,7019750
2012-10-10,4.137500286102295,4.163440909012096,4.076972853166447,4.094266464335577,4754196
2012-10-11,4.0640034675598145,4.120207822592934,4.046709851573649,4.102914206606768,3529512
2012-10-12,4.029415607452393,4.1072370734149155,3.986181780382752,4.076973353234941,4016584
2012-10-15,3.9256536960601807,4.020768769700332,3.912683589935873,4.020768769700332,3902204
2012-10-16,3.9559175968170166,3.990504822951091,3.8997136635833396,3.934300889717414,3286904
2012-10-17,4.068326473236084,4.267203238722707,3.9472711762523107,3.96024128356536,12614452
2012-10-18,4.1418256759643555,4.176412914035308,4.033740453914529,4.042387469588467,11896568
2012-10-19,4.0596795082092285,4.141824063571139,4.033738883598381,4.115883851272532,9151284
2012-10-22,4.1245317459106445,4.128855253421591,4.016446532011191,4.033740149742608,6468930
2012-10-23,4.016445159912109,4.133177348955375,4.01212165387816,4.120206830853526,6265984
2012-10-24,3.981858253479004,4.02509249263829,3.951594533454861,3.9645646402777417,3684820
2012-10-25,3.9343011379241943,4.046709423795408,3.9343011379241943,3.981858473780774,2997392
2012-10-26,3.7959511280059814,3.9775342500855397,3.787304528641922,3.942947028004882,6234636
2012-10-29,3.765688180923462,3.8002754100687284,3.739747552908365,3.787305302217327,2864608
2012-10-30,3.7916293144226074,3.8002759167055054,3.7483950660710694,3.761365175651591,2910012
2012-10-31,3.856480836868286,3.856480836868286,3.7786593434149753,3.800276470742274,3434666
2012-11-01,3.908360481262207,3.921330588705547,3.843509531733225,3.8608031457617726,4326354
2012-11-02,3.9472711086273193,3.9732113228090076,3.8910667614839674,3.908360375042516,4075266
2012-11-05,3.895390272140503,3.9775348335538756,3.856479538513858,3.9343010057671477,3685064
2012-11-06,3.856480836868286,3.8997150915228835,3.808923486598157,3.8997150915228835,2915894
2012-11-07,3.869450092315674,3.8780971062586103,3.8348628611685642,3.847832969770651,2405382
2012-11-08,3.7570407390594482,3.839185708146551,3.7570407390594482,3.808921989173538,3187158
2012-11-09,3.731100559234619,3.791628410026937,3.7181304527477836,3.7570407722082906,2288802
2012-11-12,3.7916293144226074,3.804599424003129,3.739748051475822,3.752718573368693,1964684
2012-11-13,3.6965138912200928,3.7916289818636435,3.661926660497404,3.761364845747056,2572168
2012-11-14,3.705160140991211,3.726777261218725,3.6705729135520984,3.6878665272716544,1764926
2012-11-15,3.614367961883545,3.7224531326465815,3.6100448684102995,3.696512922558288,2219078
2012-11-16,3.588428020477295,3.6273387508353654,3.5711344083528456,3.5970746203834016,2009534
2012-11-19,3.6230154037475586,3.6230154037475586,3.5408704333167393,3.5841046716816183,1808942
2012-11-20,3.5797817707061768,3.644633139219543,3.5711351689584556,3.6359861251594974,1952804
2012-11-21,3.8002753257751465,3.9083605175347493,3.6230156772593634,3.6230156772593634,13314014
2012-11-22,3.7094836235046387,3.7700114772877034,3.6965135163769363,3.7613644643277206,5662770
2012-11-23,3.7224538326263428,3.7613645673878633,3.6965136176601847,3.735424352421705,3902792
2012-11-26,3.6100451946258545,3.7354239875481285,3.605721688449717,3.709483362803549,3760462
2012-11-27,3.428462266921997,3.6013986179206015,3.4111686524377514,3.6013986179206015,5312424
2012-11-28,3.3765814304351807,3.4198154667349874,3.337670694687281,3.398198551663157,2937704
2012-11-29,3.359287738800049,3.4111685811688495,3.3463174251297776,3.3765813529229827,2085194
2012-11-30,3.3938753604888916,3.424139291790514,3.354964827279567,3.3722584434073037,2018306
2012-12-03,3.307406187057495,3.4025210443333584,3.307406187057495,3.3938742391264616,2563538
2012-12-04,3.4111688137054443,3.4154923206089784,3.3074071218944927,3.3074071218944927,2637020
2012-12-05,3.519254446029663,3.545194664502792,3.380905308517237,3.3938754177538013,5670554
2012-12-06,3.4760193824768066,3.514930113360601,3.4673727824538756,3.506283101025428,3012746
2012-12-07,3.5970749855041504,3.610045505148236,3.4630495810134896,3.4630495810134896,5753232
2012-12-10,3.648955821990967,3.6576028350748135,3.5668112592558106,3.597074980424719,6234304
2012-12-11,3.6057217121124268,3.6748961621356084,3.584104593402121,3.6316619247149973,4769152
2012-12-12,3.5711350440979004,3.6143688759495336,3.523577293055102,3.5927521661798716,3955842
2012-12-13,3.588428020477295,3.653278962865922,3.545193784010053,3.545193784010053,5014952
2012-12-14,3.8045990467071533,3.8045990467071533,3.5668115289793985,3.5668115289793985,13649316
2012-12-17,4.003475189208984,4.051032520250437,3.778657815604496,3.8132450404186877,24222332
2012-12-18,3.8780972957611084,3.9948291035086014,3.8694502813956366,3.9299781450169204,16909284
2012-12-19,3.8737735748291016,3.929977928166374,3.8521564524205636,3.8651265609407597,5660458
2012-12-20,3.964564800262451,3.9775349076087236,3.834862489862892,3.8478325972091643,8870764
2012-12-21,3.981858253479004,4.020768986259909,3.9040367879171938,3.9645646402777417,7925036
2012-12-24,3.977534532546997,4.051032487765847,3.9126835896184784,3.9515943203004853,13563652
2012-12-25,4.038063049316406,4.051033157584206,3.925654344829325,3.9472714668171958,11560956
2012-12-26,4.1418256759643555,4.172089406198339,4.007800231517516,4.038063961751498,17792174
2012-12-27,3.977534532546997,4.180734785935124,3.977534532546997,4.115883843006605,13157220
2012-12-28,3.9472711086273193,3.968888228653573,3.873773147925418,3.968888228653573,13463092
2012-12-31,3.9559175968170166,3.9688881158514886,3.912683770305553,3.9472709964396273,7467694
2013-01-04,3.9343011379241943,3.999152087938829,3.891066896372915,3.968888366240304,7153838
2013-01-07,4.016445159912109,4.042385783803578,3.942947206583882,3.942947206583882,10406288
2013-01-08,4.098590850830078,4.1245314819230785,3.9775355344582093,4.007799672785434,12197488
2013-01-09,4.0207695960998535,4.128854798079353,3.977535350383124,4.107237675220988,10141268
2013-01-10,4.055356979370117,4.0769741030367035,3.9775354990953415,4.020769746428515,9255320
2013-01-11,4.003475189208984,4.180734819459777,3.99050467066948,4.055356026430272,15880758
2013-01-14,4.1418256759643555,4.167766310673771,3.9515958665741175,3.98618310464507,14646104
2013-01-15,4.262879371643066,4.310437114955792,4.180734815858187,4.193704922074275,18794808
2013-01-16,4.219646453857422,4.280173904084737,4.120207851993169,4.262880287975172,12096654
2013-01-17,4.301790714263916,4.401229308892148,4.172088396724279,4.2239696535899744,16604858
2013-01-18,4.3493475914001465,4.379611308237453,4.241262417195803,4.323406968173728,11423272
2013-01-21,4.366642475128174,4.431493433622098,4.3104381186876815,4.40987631002001,9590060
2013-01-22,4.366642475128174,4.366642475128174,4.366642475128174,4.366642475128174,0
2013-01-23,4.366642475128174,4.366642475128174,4.366642475128174,4.366642475128174,0
2013-01-24,4.085620403289795,4.26720356897488,4.042386571462871,4.245586446905263,20928442
2013-01-25,4.0596795082092285,4.120206945114139,4.020768777449077,4.0596795082092285,5583758
2013-01-28,4.115884780883789,4.137501491910886,4.064003519944223,4.089944150414006,8566936
2013-01-29,4.154795169830322,4.159118677024892,4.076974101889779,4.115884842016221,11220534
2013-01-30,4.422845363616943,4.422845363616943,4.076973117785264,4.16776468539414,21823300
2013-01-31,4.319084644317627,4.513637928669241,4.2888209191976046,4.383936013976386,22269548
2013-02-01,4.297467231750488,4.319084353514598,4.185058940739262,4.2628800018528334,12778854
2013-02-04,4.111560821533203,4.31908419321716,4.1072373148783825,4.31908419321716,16915472
2013-02-05,4.193705081939697,4.20667518865021,4.046709164846361,4.064002777897798,8550456
2013-02-06,4.219646453857422,4.262880287975172,4.154795084212301,4.167765605528724,6706972
2013-02-07,4.336378574371338,4.375289316521145,4.210999745395492,4.219646760234276,13806546
2013-02-08,4.340701103210449,4.3882584371652165,4.293143769255682,4.293143769255682,13784292
2013-02-18,4.474728107452393,4.496344820803106,4.314761624932944,4.323408640123132,21164744
2013-02-19,4.392582416534424,4.479050493176378,4.366642199697994,4.4617568778479875,14099158
2013-02-20,4.643340110778809,4.6952209574994725,4.401229492749041,4.401229492749041,27485628
2013-02-21,4.764395713806152,4.863833897806964,4.582812548636374,4.617399778924684,45360288
2013-02-22,4.70819091796875,4.78168887848552,4.669280184481957,4.747101239143273,14470362
2013-02-25,4.725483417510986,4.8076279592645825,4.673602589196267,4.673602589196267,11385676
2013-02-26,4.59578275680542,4.798983048400012,4.539578403287242,4.6995444499256,15695660
2013-02-27,4.617400169372559,4.69089814302829,4.55687230509362,4.600106552766054,8900298
2013-02-28,4.868156909942627,4.868156909942627,4.591458683443415,4.617399309679574,18945202
2013-03-01,4.99785852432251,5.032445746305735,4.7816881807712495,4.872479741555267,25589150
2013-03-04,4.768718242645264,4.989212118810294,4.695220283923587,4.911390653737399,21767886
2013-03-05,4.971919536590576,4.971919536590576,4.7600726292038535,4.790336355312715,17149214
2013-03-06,4.980566024780273,5.18376589619919,4.950301889557133,4.9978596396310815,25256842
2013-03-07,4.889774799346924,5.041093837218175,4.794659704594035,4.954625756675698,16593356
2013-03-08,4.747101783752441,4.928684952648009,4.734131675206277,4.868157504557698,10186680
2013-03-11,4.773043155670166,4.833571025488744,4.669281446534645,4.755749537480913,7655454
2013-03-12,4.574164867401123,4.8292459627877,4.444462566591242,4.773041618693009,13970950
2013-03-13,4.474728107452393,4.5741663082652835,4.3752894943271246,4.522285454061291,10524578
2013-03-14,4.483373641967773,4.530930977244029,4.431492800126691,4.4487864140737186,6047838
2013-03-15,4.522284030914307,4.604428587808594,4.409875342690755,4.479049793193788,8000058
2013-03-18,4.496344089508057,4.608752794823836,4.448786750633986,4.496344089508057,5761290
2013-03-19,4.4531097412109375,4.522284194211825,4.3277309420687615,4.496343568180361,6491492
2013-03-20,4.604429244995117,4.604429244995117,4.418522985812029,4.4531102160001526,9278956
2013-03-21,4.639016628265381,4.682250873583369,4.578489179594983,4.595782795259714,7551932
2013-03-22,4.613074779510498,4.690896228636392,4.582811065878062,4.6563090095387,6109202
2013-03-25,4.53093147277832,4.656310702996968,4.504991255176916,4.600106348444158,6531824
2013-03-26,4.210999011993408,4.4358164108984965,4.198028904306511,4.414199289878809,19932934
2013-03-27,4.245585918426514,4.2628795314670835,4.180734972602439,4.210998692345372,7753026
2013-03-28,4.176413059234619,4.2282939181447645,4.111562088675042,4.219647314482614,5698362
2013-03-29,4.176413059234619,4.215323806495332,4.163442947585187,4.176413059234619,3410204
2013-04-01,4.262879371643066,4.293143502563594,4.193704922074275,4.193704922074275,5966374
2013-04-02,4.236938953399658,4.2974663876760815,4.180734612777107,4.232615447433565,6216154
2013-04-03,4.2412638664245605,4.249910468913076,4.1288551478873465,4.236940359024124,5365048
2013-04-08,4.383935928344727,4.392582530076267,4.133178293445183,4.223969879344144,9036000
2013-04-09,4.375289440155029,4.401230073092034,4.31908507905183,4.388259550467345,8693780
2013-04-10,4.401228904724121,4.409875505199513,4.336377545753499,4.349348064934981,8985606
2013-04-11,4.366642475128174,4.4660806664605035,4.357995460762403,4.4012297079665785,4114654
2013-04-12,4.249908924102783,4.375287706954694,4.228291807270617,4.353670590122529,6688978
2013-04-15,4.111560821533203,4.232616121682178,4.0812966872617435,4.219646014030003,7950350
2013-04-16,4.120207786560059,4.137501402394984,4.042386721459055,4.072650446092094,3553112
2013-04-17,4.133178234100342,4.159118451234835,4.094267496086285,4.124531220180632,3651026
2013-04-18,4.107237339019775,4.141824567837064,4.076973616882721,4.115884352380243,3868468
2013-04-19,4.206674575805664,4.215321587227781,4.102912912613446,4.1158834297466225,6773644
2013-04-22,4.314760684967041,4.319084191620264,4.172088263908999,4.189381878209602,7267402
2013-04-23,4.2672038078308105,4.340701779594157,4.210999452228703,4.3234081634329184,9398886
2013-04-24,4.405552387237549,4.431493015575402,4.215322624571724,4.258556867697379,8440768
2013-04-25,4.3493475914001465,4.466079365138484,4.314759956327515,4.375287802314347,8942418
2013-04-26,4.336378574371338,4.561196012431398,4.2715276123298995,4.396906441305745,10902736
2013-05-02,4.396905899047852,4.427169622626535,4.271527085534618,4.288820700767054,6001848
2013-05-03,4.496344089508057,4.539578333802529,4.375288782720769,4.42716962848675,10575322
2013-05-06,4.526607036590576,4.578487868730798,4.470402698693952,4.496342908607962,13821398
2013-05-07,4.556870937347412,4.595781666111066,4.487696491684124,4.522283714515768,8531272
2013-05-08,4.582812309265137,4.595782416867716,4.509314345663377,4.56119518838598,7177408
2013-05-09,4.794659614562988,4.837893447866244,4.561195595325975,4.600106333917531,28001172
2013-05-10,4.760072708129883,4.850864300274215,4.703868349915549,4.781689832414219,13372758
2013-05-13,4.685352325439453,4.8347913993963045,4.654585605212499,4.8347913993963045,12270186
2013-05-14,4.86995267868042,4.9974153231540654,4.698537224733769,4.702932589514081,20058330
2013-05-15,5.164436340332031,5.168831705902158,4.878744284915887,4.9007202744362575,23926588
2013-05-16,5.045764446258545,5.1820178572340705,5.010602356812958,5.168832178483267,18481652
2013-05-17,5.182016372680664,5.252340531425245,4.971043896446921,5.0018106111064125,15777154
2013-05-20,5.23036527633667,5.305084816212777,5.1072979714910804,5.190808242724444,13166056
2013-05-21,5.454523086547852,5.520452304448361,5.177621377361903,5.230364500183263,17728530
2013-05-22,5.313875198364258,5.5644051572702775,5.300689521360024,5.406175775724125,16476602
2013-05-23,5.186412811279297,5.406176062442274,5.146855359003538,5.300689802483678,14352422
2013-05-24,5.375408172607422,5.436942025251161,5.164435682111876,5.164435682111876,10128250
2013-05-27,5.489685535430908,5.560009703894106,5.34024646786406,5.362222875300087,11670180
2013-05-28,5.362223148345947,5.538033997621384,5.283108664378873,5.494081180511243,10802276
2013-05-29,5.454523086547852,5.494080533455142,5.309479393997843,5.3226650699119125,9148504
2013-05-30,5.634728908538818,5.713843803021169,5.414965685345696,5.419361050409179,14577042
2013-05-31,5.7138447761535645,5.8544931288183415,5.542429281969502,5.542429281969502,14910716
2013-06-03,5.502871036529541,5.779772315128991,5.494080306839368,5.67428607383729,13222806
2013-06-04,5.239154815673828,5.485289369364116,5.203992736575215,5.480894423850574,15935762
2013-06-05,5.265527248382568,5.353432883373804,5.195203075721687,5.239155893217304,6876534
2013-06-06,5.265527248382568,5.313875431460775,5.164436354973834,5.2567369363825245,5834386
2013-06-07,5.265527248382568,5.265527248382568,5.265527248382568,5.265527248382568,0
2013-06-13,5.265527248382568,5.265527248382568,5.265527248382568,5.265527248382568,0
2013-06-14,5.265527248382568,5.265527248382568,5.265527248382568,5.265527248382568,0
2013-06-17,5.265527248382568,5.265527248382568,5.265527248382568,5.265527248382568,0
2013-06-18,5.265527248382568,5.265527248382568,5.265527248382568,5.265527248382568,0
2013-06-19,5.265527248382568,5.265527248382568,5.265527248382568,5.265527248382568,0
2013-06-20,5.265527248382568,5.265527248382568,5.265527248382568,5.265527248382568,0
2013-06-21,5.265527248382568,5.265527248382568,5.265527248382568,5.265527248382568,0
2013-06-24,4.751282215118408,5.489686538000238,4.742491482872523,5.489686538000238,26129376
2013-06-25,4.86995267868042,4.922695798548991,4.320544656093142,4.571074580260123,14569542
2013-06-26,5.313875198364258,5.357827594766743,4.76886246498462,4.900720073357189,17634218
2013-06-27,5.168831825256348,5.520453114848336,5.164436459584726,5.252341677191438,14505516
2013-06-28,4.944672584533691,5.269922058383397,4.922696178102746,5.107297321458544,8700672
2013-07-01,5.063345432281494,5.076531109787868,4.878744270531744,4.9446730772287415,7241408
2013-07-02,4.988625526428223,5.08092610049351,4.918300940197208,5.032577921261869,14401824
2013-07-03,4.957858562469482,5.023787785774877,4.79083845026031,4.988625701011379,12107492
2013-07-04,4.865557670593262,5.019392095861296,4.84358168341076,4.900719753083369,8801686
2013-07-05,4.641400337219238,4.9095113693879435,4.6370049713234,4.8699539146557225,13064952
2013-07-08,4.333730697631836,4.522727207511972,4.228244448977147,4.518331842360087,8554464
2013-07-09,4.430427551269531,4.456799328468892,4.307360235724594,4.329336646863198,4814282
2013-07-10,4.588656425476074,4.619423565172502,4.395264952019858,4.3996603175715085,5293880
2013-07-11,4.6501898765563965,4.685351959545606,4.549098992753693,4.654585241721321,8609886
2013-07-12,4.711723804473877,4.900719898681935,4.610632499937618,4.641399637404358,13821854
2013-07-15,4.795234203338623,4.847977334748118,4.702933618580719,4.711724350064876,10198588
2013-07-16,4.773257255554199,4.826000381016306,4.6545853280557345,4.826000381016306,10807946
2013-07-17,4.667771816253662,4.7996298624187155,4.658981503397418,4.746886727785729,10236854
2013-07-18,4.927091598510742,4.9974157645468305,4.672166287047375,4.672166287047375,15551660
2013-07-19,4.782048225402832,4.98862579150973,4.782048225402832,4.935882244242551,12292422
2013-07-22,5.010601997375488,5.0237880943455515,4.7029335272147375,4.760072023256256,12910476
2013-07-23,5.076530933380127,5.1556454148342965,4.96664931326006,5.036973483070484,17517954
2013-07-24,5.116088390350342,5.155645421546367,4.966649319726079,5.067740209168894,11253866
2013-07-25,4.826000690460205,5.155645560109076,4.680956981347912,5.120483474213073,14143406
2013-07-26,4.724909782409668,4.865558125520651,4.641399933478804,4.826000674229405,10091870
2013-07-29,4.509541988372803,4.716119141471897,4.509541988372803,4.66777137739522,6354052
2013-07-30,4.535913944244385,4.588657080902437,4.377684534270228,4.483170807586332,6413244
2013-07-31,4.685352325439453,4.768862593434223,4.483170122879912,4.584261433742245,7832720
2013-08-01,4.8347907066345215,4.865557422453011,4.6106321278182145,4.667770613741885,10078466
2013-08-02,4.804023265838623,4.92269516549044,4.795232537408487,4.804023265838623,8936668
2013-08-05,4.979836463928223,5.032579606893652,4.861164497047317,4.861164497047317,12677914
2013-08-06,4.971045017242432,5.001811738838735,4.8743490675845775,4.966649651538632,9066520
2013-08-07,4.746885776519775,4.98423004438751,4.733700100295204,4.98423004438751,10615920
2013-08-08,4.768862724304199,4.922696748825702,4.6941431852752755,4.702933497367724,9916222
2013-08-09,4.86995267868042,4.88753371863661,4.7117233190747045,4.790837789295034,8893382
2013-08-12,4.913905620574951,4.944672336536132,4.834790729057551,4.8787435397150105,10959476
2013-08-13,4.988625526428223,4.993020472496018,4.883138856664251,4.940277347196582,9034498
2013-08-14,4.988625526428223,5.050158963028348,4.922696305430104,4.993020472496018,10953234
2013-08-15,4.878743648529053,4.984229893461608,4.8611626077069605,4.966648852639516,6566594
2013-08-16,4.852372646331787,5.072135901001098,4.821605924810929,4.839186968417868,9792038
2013-08-19,4.940277099609375,4.953463194647224,4.790838042501053,4.830395489284442,6138378
2013-08-20,5.177621364593506,5.208388500537235,4.918300696987514,4.927091427018602,22024804
2013-08-21,5.322666168212891,5.454524212056965,5.124879312029362,5.160041401165761,19480612
2013-08-22,5.239154815673828,5.423755940524067,5.239154815673828,5.309478973871053,14657690
2013-08-23,5.269922733306885,5.3929904574155305,5.151250794045506,5.322665863996957,18554088
2013-08-26,5.564405918121338,5.661101874092744,5.397385782958062,5.406176514939631,34187582
2013-08-27,5.546823978424072,5.647915284076653,5.498476217821162,5.538033667025863,15129898
2013-08-28,5.419361114501953,5.652310016475439,5.397384708089717,5.489685279689036,20862356
2013-08-29,5.48529052734375,5.617148561382138,5.450128440822199,5.458919172035154,19068420
2013-08-30,5.199599266052246,5.4940821001537,5.173227906704019,5.4940821001537,16102916
2013-09-02,5.371013164520264,5.419360921573942,5.142459216633622,5.239155149906053,15523888
2013-09-03,5.353433132171631,5.432547620509358,5.283108956242472,5.300690000224762,13359096
2013-09-04,5.533638954162598,5.590777452065475,5.190808385910492,5.335852103985043,31981928
2013-09-05,5.718240261077881,5.836912206319461,5.472105219622318,5.472105219622318,45155068
2013-09-06,6.065464496612549,6.276436970640441,5.718238652067859,5.718238652067859,46609886
2013-09-09,6.008327007293701,6.219299516219174,5.902840752830965,6.0039316418998085,27376322
2013-09-10,6.017117977142334,6.1489760192275575,5.863283944013873,5.995141986099097,32591734
2013-09-11,5.836912155151367,6.135790327334819,5.735821255245294,6.025908695698569,24095392
2013-09-12,5.753401756286621,5.916026505452924,5.696263262931144,5.757797121736686,16416618
2013-09-13,5.7797722816467285,5.858887171739722,5.669890676146486,5.77098197117254,16695212
2013-09-16,5.700657844543457,5.96437344780975,5.687471750006345,5.836910801439776,30941744
2013-09-17,5.687471866607666,5.8237252454624375,5.595171298780904,5.6654958802587325,20820962
2013-09-18,5.823725700378418,5.867678514839768,5.6479152808632245,5.6479152808632245,28399410
2013-09-23,5.924817085266113,6.056675120578341,5.8808646862721305,6.056675120578341,37561510
2013-09-24,6.399505615234375,6.518177544680364,5.880864244264587,5.924816639955095,56519622
2013-09-25,6.377529144287109,6.483015395891826,6.23688038964905,6.333576329869259,38647654
2013-09-26,6.417087078094482,6.7467319536301895,6.315995764964328,6.386319938012191,44608038
2013-09-27,6.399505615234375,6.632454527972878,6.351157435060176,6.417086657343599,30283130
2013-09-30,6.623664379119873,6.6939885537336385,6.201718912272138,6.364343670857756,32499692
2013-10-08,6.654431343078613,7.010447572392712,6.592897482343955,6.628059568716578,32032830
2013-10-09,6.80826473236084,6.861007857009722,6.562130150666058,6.5928968685866325,26573860
2013-10-10,6.557735443115234,6.847822867357401,6.496201581938206,6.817056146351455,28527212
2013-10-11,6.623664379119873,6.6456407884779605,6.452249308290107,6.557735570210754,19385534
2013-10-14,6.72475528717041,6.768707684059165,6.461039229177406,6.60168798905073,19989506
2013-10-15,6.821450710296631,7.124723357425529,6.751126126145407,6.957703675165998,40023878
2013-10-16,6.373134136199951,6.759917499593281,6.280833556081485,6.7247554137543535,31922592
2013-10-17,6.359948635101318,6.566525790340116,6.329181494765537,6.4390631208494185,16755092
2013-10-18,6.390715599060059,6.513782907583186,6.34676277929065,6.359948876720565,11479014
2013-10-21,6.715964317321777,6.834636664945488,6.4258769153506226,6.4258769153506226,24903194
2013-10-22,6.597291946411133,6.900565004723999,6.513781688313988,6.720359231898158,23431658
2013-10-23,6.1226043701171875,6.610478641467745,5.995141699989647,6.5928975979730895,31541890
2013-10-24,6.091837406158447,6.223695445771952,6.025908595934271,6.109418450162571,14622682
2013-10-25,5.854492664337158,6.135789766514439,5.819330578960638,6.056674864834709,15249472
2013-10-28,5.951188087463379,6.061069699432175,5.784167986970999,5.894049598939795,12555424
2013-10-29,5.753401756286621,6.0303034921638785,5.472104654959299,5.977560364258466,19953928
2013-10-30,5.7621917724609375,5.784168179418901,5.639124480327477,5.709448647260883,13148486
2013-10-31,5.529243469238281,5.770983133876105,5.5204531569930735,5.766587768170929,13842554
2013-11-01,5.546823978424072,5.625938876833475,5.322665379040836,5.502871583102818,16991526
2013-11-04,5.546823978424072,5.625938876833475,5.507266529219371,5.507266529219371,10446336
2013-11-05,5.7797722816467285,5.7841676464663525,5.48089459971831,5.538033084878243,14918232
2013-11-06,5.630334377288818,5.828121208895707,5.630334377288818,5.713844223819686,12264274
2013-11-07,5.612753391265869,5.691867873203988,5.53803385559395,5.5863816178430845,7271278
2013-11-08,5.441338062286377,5.603962815252719,5.414966288134884,5.568800729160814,7527854
2013-11-11,5.639124393463135,5.678681841545112,5.441337572218339,5.441337572218339,9296580
2013-11-12,5.87647008895874,5.911632180417349,5.5995683043483035,5.5995683043483035,17826200
2013-11-13,5.7446112632751465,5.916026750440022,5.713844542180863,5.863283620350476,14048786
2013-11-14,5.990745544433594,6.047884033048693,5.749005913882046,5.753401278967457,16376640
2013-11-15,6.061070442199707,6.1401853466453815,5.968769860068132,5.968769860068132,18113438
2013-11-18,6.13578987121582,6.285228946198625,6.065465699262766,6.144580183127387,20642042
2013-11-19,5.9863505363464355,6.113813197269068,5.955583817243937,6.113813197269068,18562142
2013-11-20,6.061070442199707,6.100627894422544,5.977560591302157,5.986350903371045,10421870
2013-11-21,6.034698486328125,6.074255937362313,5.907235821420809,6.0522799482678735,13842026
2013-11-22,6.039093494415283,6.061069901374267,5.981955003987965,6.003931410946948,8401866
2013-11-25,6.13578987121582,6.285228946198625,6.021512882209542,6.078651376712681,20112164
2013-11-26,6.588501930236816,6.751126679897609,6.3203909244444505,6.3247862899078795,61603362
2013-11-27,6.680802345275879,6.852217821659035,6.597292499344666,6.601687864700287,31213232
2013-11-28,6.650035381317139,6.724754912951664,6.584106160905153,6.667616422927315,14440856
2013-11-29,6.729150772094727,6.830241663982486,6.60168810627335,6.60168810627335,13626664
2013-12-02,6.329180717468262,6.790683574175655,6.285228323931659,6.443457695160585,25932480
2013-12-03,6.5313639640808105,6.606083506331832,6.263252936639892,6.285229346566396,15739512
2013-12-04,6.623664379119873,6.865404043728549,6.509387804955077,6.535759160852667,20674132
2013-12-05,6.562130928039551,6.746732095761699,6.531363787309097,6.592897649604861,13207152
2013-12-06,6.3115997314453125,6.5753157716327175,6.2896237440672715,6.504991606026767,13823452
2013-12-09,6.632455348968506,6.680803115962305,6.298415088379101,6.333577176950074,15407904
2013-12-10,6.526968479156494,6.676407132169359,6.469829985725787,6.601688015245487,8069832
2013-12-11,6.632455348968506,6.737941614681426,6.474225531233967,6.53575939581575,12059586
2013-12-12,6.61487340927124,6.7643124750518755,6.61487340927124,6.632454451176898,14357228
2013-12-13,6.812660217285156,6.87858901946381,6.504991775176266,6.562130266008147,20238792
2013-12-16,6.715964317321777,7.028028126537889,6.680802233395886,6.768707443210614,19989820
2013-12-17,6.636850833892822,6.904961868847555,6.526969200346022,6.702779646354836,14407472
2013-12-18,6.904961585998535,6.966495449163582,6.592897742742134,6.64124550862279,21930560
2013-12-19,6.8829851150512695,7.124724361466581,6.839032715323552,6.913751836777186,26885750
2013-12-20,6.926937580108643,7.173072179673447,6.812660592156707,6.8654037206348795,24060030
2013-12-23,6.75552225112915,6.975285501012982,6.575316453290831,6.891775650489785,18478638
2013-12-24,6.953308582305908,6.9664946781309,6.645640138862879,6.724755037152411,13195908
2013-12-25,7.260978698730469,7.392836326428556,6.988471872935978,7.001657971037927,35036918
2013-12-26,7.23021125793457,7.3400928828981336,7.063190718525004,7.2433965163988265,21691758
2013-12-27,7.375255584716797,7.44557976349464,7.124724754699098,7.151096950488544,23520468
2013-12-30,7.551065444946289,7.5818321659797405,7.269768751691569,7.375255011662089,16663390
2013-12-31,7.362069606781006,7.621390334623601,7.287350060820761,7.555461520736409,19735560
2014-01-02,7.533483505249023,7.682922573657039,7.260977560502797,7.362068448446389,17815988
2014-01-03,7.384043216705322,7.700502762609605,7.2521856314652595,7.5246923695128265,19815598
2014-01-06,7.133514404296875,7.3620683698126985,7.032423517433026,7.3620683698126985,18216598
2014-01-07,7.247791767120361,7.309325207858973,7.0543998755172534,7.1335147783699,14185934
2014-01-08,7.23021125793457,7.590622853682215,7.1598870850243115,7.2653733443897,28983038
2014-01-09,7.0104475021362305,7.203838975247553,6.988471093582298,7.1906537169463745,24283262
2014-01-10,6.878589153289795,7.11593385174684,6.856613164912758,6.979680460317622,15181238
2014-01-13,6.821450710296631,6.918146227570025,6.733545084898873,6.882984145076956,10096186
2014-01-14,7.168676376342773,7.181862472030809,6.768707362104563,6.891775073535627,16794022
2014-01-15,7.208234786987305,7.29174506082858,7.120329985660449,7.199444055355526,10323184
2014-01-16,7.115934371948242,7.318116162453923,7.098352909297167,7.1994438045500075,11399390
2014-01-17,7.107143402099609,7.239001014236273,7.093957305553841,7.1115387676148645,7960684
2014-01-20,6.7115702629089355,7.080772612348388,6.597293265384313,7.080772612348388,15943694
2014-01-21,6.790684223175049,6.865403760409966,6.645640514228474,6.645640514228474,7546764
2014-01-22,6.997262001037598,7.217025253785851,6.8038701038866565,6.8038701038866565,14184754
2014-01-23,7.0104475021362305,7.120329544905894,6.962099738649682,7.0456100073216,12609636
2014-01-24,7.2521867752075195,7.318115578225182,6.97968041334802,6.97968041334802,18300862
2014-01-27,7.2521867752075195,7.471950010819869,7.199443229795262,7.2521867752075195,18166328
2014-01-28,7.379650592803955,7.471950758599881,7.133515140687557,7.173072594123038,16597486
2014-01-29,7.384043216705322,7.476344197037432,7.296138439321974,7.304929168559334,11308202
2014-01-30,7.427996635437012,7.515902258379759,7.318115025923653,7.375253932335484,17097588
2014-02-07,7.493926048278809,7.573040947751817,7.181862654057739,7.300535003267253,15895428
2014-02-10,7.682924747467041,7.753248936223637,7.50711427557555,7.50711427557555,23682296
2014-02-11,7.485134601593018,7.871917449628496,7.441181795642838,7.682920970873756,24983534
2014-02-12,7.731271743774414,7.7664338327049105,7.340093399631358,7.449975032330448,21923834
2014-02-13,7.3708600997924805,7.726876353900806,7.3708600997924805,7.68292353329143,20050076
2014-02-14,7.520299911499023,7.5510666373910755,7.304931991924253,7.335698717816305,14335452
2014-02-17,7.612597465515137,7.638968816000884,7.406020349771569,7.559854764543641,20143334
2014-02-18,7.502716541290283,7.67413159249826,7.463159092806874,7.573040707854079,17506350
2014-02-19,7.533483505249023,7.590622416403381,7.436787982650397,7.436787982650397,14495620
2014-02-20,7.867525100708008,8.082893010248213,7.344488269921586,7.520299561108205,38144898
2014-02-21,7.876314640045166,8.052125066274474,7.735666299061719,7.86752390915114,20321056
2014-02-24,8.307051658630371,8.52681493445832,7.788410193543554,7.871920473090678,42551122
2014-02-25,7.933452129364014,8.377373946824745,7.586226667948897,8.267492333740313,40509812
2014-02-26,7.867525100708008,7.9026871912792584,7.384045726605538,7.726876738423005,22579760
2014-02-27,7.7576422691345215,8.153215936772751,7.713689453101332,7.88950071723409,26635272
2014-02-28,7.827966213226318,7.902685746824265,7.454368545236583,7.669737253742005,16260982
2014-03-03,7.955427646636963,8.043332419649667,7.735664456610141,7.792802517151897,13643164
2014-03-04,8.249910354614258,8.320234508354803,7.871917399511301,7.9114748407816124,25366836
2014-03-05,8.140030860900879,8.386165462530874,8.087287312815038,8.254307849811655,17013394
2014-03-06,8.337818145751953,8.491652602118222,8.056521428965867,8.157612331769574,21650348
2014-03-07,8.79492473602295,9.172917767230349,8.298259357111338,8.351002902201058,37130718
2014-03-10,8.487255096435547,8.966338970388188,8.403745678649404,8.715809040369495,20922270
2014-03-11,8.329028129577637,8.680649020387795,7.964221140988223,8.355399486805815,17631266
2014-03-12,8.175192832946777,8.438908893041237,7.990591674713681,8.232330907440959,13902822
2014-03-13,8.663066864013672,8.73778640212781,8.069706763005815,8.170797656239571,20394054
2014-03-14,8.614718437194824,8.922386443822758,8.52681281339818,8.570765625296502,17558220
2014-03-17,9.001500129699707,9.133358547701137,8.641088629489882,8.641088629489882,22495248
2014-03-18,8.878436088562012,9.326752504316842,8.830087902828229,8.96634089005125,24413250
2014-03-19,9.484981536865234,9.766278219714247,8.658672111831141,8.79492508779485,48903558
2014-03-20,9.484981536865234,9.484981536865234,9.484981536865234,9.484981536865234,0
2014-03-21,9.484981536865234,9.484981536865234,9.484981536865234,9.484981536865234,0
2014-03-24,9.484981536865234,9.484981536865234,9.484981536865234,9.484981536865234,0
2014-03-25,9.484981536865234,9.484981536865234,9.484981536865234,9.484981536865234,0
2014-03-26,9.484981536865234,9.484981536865234,9.484981536865234,9.484981536865234,0
2014-03-27,9.484981536865234,9.484981536865234,9.484981536865234,9.484981536865234,0
2014-03-28,9.484981536865234,9.484981536865234,9.484981536865234,9.484981536865234,0
2014-03-31,9.484981536865234,9.484981536865234,9.484981536865234,9.484981536865234,0
2014-04-01,9.484981536865234,9.484981536865234,9.484981536865234,9.484981536865234,0
2014-04-02,9.484981536865234,9.484981536865234,9.484981536865234,9.484981536865234,0
2014-04-03,9.484981536865234,9.484981536865234,9.484981536865234,9.484981536865234,0
2014-04-04,9.484981536865234,9.484981536865234,9.484981536865234,9.484981536865234,0
2014-04-08,9.484981536865234,9.484981536865234,9.484981536865234,9.484981536865234,0
2014-04-09,9.484981536865234,9.484981536865234,9.484981536865234,9.484981536865234,0
2014-04-10,9.484981536865234,9.484981536865234,9.484981536865234,9.484981536865234,0
2014-04-11,9.484981536865234,9.484981536865234,9.484981536865234,9.484981536865234,0
2014-04-14,9.484981536865234,9.484981536865234,9.484981536865234,9.484981536865234,0
2014-04-15,9.484981536865234,9.484981536865234,9.484981536865234,9.484981536865234,0
2014-04-16,9.484981536865234,9.484981536865234,9.484981536865234,9.484981536865234,0
2014-04-17,9.484981536865234,9.484981536865234,9.484981536865234,9.484981536865234,0
2014-04-18,9.484981536865234,9.484981536865234,9.484981536865234,9.484981536865234,0
2014-04-21,9.484981536865234,9.484981536865234,9.484981536865234,9.484981536865234,0
2014-04-22,9.484981536865234,9.484981536865234,9.484981536865234,9.484981536865234,0
2014-04-23,9.484981536865234,9.484981536865234,9.484981536865234,9.484981536865234,0
2014-04-24,9.484981536865234,9.484981536865234,9.484981536865234,9.484981536865234,0
2014-04-25,9.484981536865234,9.484981536865234,9.484981536865234,9.484981536865234,0
2014-04-28,9.484981536865234,9.484981536865234,9.484981536865234,9.484981536865234,0
2014-04-29,9.484981536865234,9.484981536865234,9.484981536865234,9.484981536865234,0
2014-04-30,9.484981536865234,9.484981536865234,9.484981536865234,9.484981536865234,0
2014-05-05,9.484981536865234,9.484981536865234,9.484981536865234,9.484981536865234,0
2014-05-06,9.484981536865234,9.484981536865234,9.484981536865234,9.484981536865234,0
2014-05-07,9.484981536865234,9.484981536865234,9.484981536865234,9.484981536865234,0
2014-05-08,9.484981536865234,9.484981536865234,9.484981536865234,9.484981536865234,0
2014-05-09,9.484981536865234,9.484981536865234,9.484981536865234,9.484981536865234,0
2014-05-12,9.484981536865234,9.484981536865234,9.484981536865234,9.484981536865234,0
2014-05-13,9.484981536865234,9.484981536865234,9.484981536865234,9.484981536865234,0
2014-05-14,9.484981536865234,9.484981536865234,9.484981536865234,9.484981536865234,0
2014-05-15,9.484981536865234,9.484981536865234,9.484981536865234,9.484981536865234,0
2014-05-16,9.484981536865234,9.484981536865234,9.484981536865234,9.484981536865234,0
2014-05-19,9.484981536865234,9.484981536865234,9.484981536865234,9.484981536865234,0
2014-05-20,9.484981536865234,9.484981536865234,9.484981536865234,9.484981536865234,0
2014-05-21,9.484981536865234,9.484981536865234,9.484981536865234,9.484981536865234,0
2014-05-22,9.484981536865234,9.484981536865234,9.484981536865234,9.484981536865234,0
2014-05-23,9.484981536865234,9.484981536865234,9.484981536865234,9.484981536865234,0
2014-05-26,9.54246711730957,9.54246711730957,9.54246711730957,9.54246711730957,0
2014-05-27,9.54246711730957,9.54246711730957,9.54246711730957,9.54246711730957,0
2014-05-28,9.54246711730957,9.54246711730957,9.54246711730957,9.54246711730957,0
2014-05-29,9.54246711730957,9.54246711730957,9.54246711730957,9.54246711730957,0
2014-05-30,9.54246711730957,9.54246711730957,9.54246711730957,9.54246711730957,0
2014-06-03,9.54246711730957,9.54246711730957,9.54246711730957,9.54246711730957,0
2014-06-04,9.54246711730957,9.54246711730957,9.54246711730957,9.54246711730957,0
2014-06-05,9.54246711730957,9.54246711730957,9.54246711730957,9.54246711730957,0
2014-06-06,9.54246711730957,9.54246711730957,9.54246711730957,9.54246711730957,0
2014-06-09,9.54246711730957,9.54246711730957,9.54246711730957,9.54246711730957,0
2014-06-10,8.53869342803955,8.53869342803955,8.53869342803955,8.53869342803955,3231600
2014-06-11,9.392121315002441,9.392121315002441,8.264536454092836,8.445834398891462,60860242
2014-06-12,9.30810546875,9.387699857619788,8.967619579067438,9.24177709249553,33756398
2014-06-13,9.237354278564453,9.622060176575614,9.113541545318876,9.255042293834387,26486012
2014-06-16,9.153337478637695,9.308103373930527,9.064899101261043,9.27715019487196,21421754
2014-06-17,8.812854766845703,9.250623159644427,8.7376823654513,9.153341575715128,23750040
2014-06-18,8.861494064331055,9.011837991198654,8.755367649560528,8.799586848479736,13183154
2014-06-19,8.812854766845703,9.31252954547114,8.777479568743118,8.892449173429336,21278372
2014-06-20,8.976463317871094,9.056057711828814,8.622711392960248,8.799587355415671,11439110
2014-06-23,9.100275039672852,9.285994972866622,8.976461469740023,8.976461469740023,13332510
2014-06-24,9.303683280944824,9.378854813900439,9.033946958086318,9.042790965520261,16093826
2014-06-25,9.29041862487793,9.418653377730335,9.078167475970513,9.330215820724456,10159224
2014-06-26,9.493825912475586,9.617639506299625,9.250621572669234,9.285996764703086,13387656
2014-06-27,9.418652534484863,9.675122860639155,9.400965362031647,9.49382491508583,14078382
2014-06-30,9.241776466369629,9.4142312450408,9.078166538920502,9.374434053302144,13856794
2014-07-01,9.423075675964355,9.49824806563981,9.206402515937718,9.31695009820097,9091464
2014-07-02,9.277152061462402,9.502669210077796,9.122385291619166,9.427496827206,10798092
2014-07-03,9.215245246887207,9.440762384636896,9.113541687728818,9.232932419022534,15233556
2014-07-04,9.091431617736816,9.454027500310092,9.02510324662895,9.175448004292647,12848224
2014-07-07,8.653663635253906,9.162182288019306,8.569647245990085,9.091431910769042,26589478
2014-07-08,8.759788513183594,8.781898531469793,8.467943019093445,8.666928966614437,12025330
2014-07-09,8.534272193908691,8.874758917005076,8.490053839978076,8.746524172466422,11206048
2014-07-10,8.591756820678711,8.742101575395502,8.53869361878591,8.662507194261792,7137480
2014-07-11,8.697881698608398,8.728834879196004,8.512161771671849,8.512161771671849,4758864
2014-07-14,8.799586296081543,8.817274311903281,8.689038727428732,8.689038727428732,6399694
2014-07-15,8.773056030273438,8.918978802369866,8.711149655266196,8.817275231026224,5711210
2014-07-16,8.693460464477539,8.861493235981039,8.64924126969183,8.755366831130939,5186562
2014-07-17,9.042793273925781,9.197559226472944,8.69346248180805,8.69346248180805,13193518
2014-07-18,8.914556503295898,9.23293322005251,8.861494138875333,8.989728889067594,7331492
2014-07-21,8.666929244995117,8.896868382091444,8.60060087482798,8.8703363592958,9392984
2014-07-22,8.773056030273438,8.839384409697068,8.631555262593398,8.631555262593398,4855122
2014-07-23,8.313176155090332,8.87917996458753,8.202628595350243,8.87917996458753,12312578
2014-07-24,8.078817367553711,8.352974894279274,7.915206577673407,8.246849318442498,13990248
2014-07-25,8.277801513671875,8.423724268381426,8.08323840299981,8.123035594594324,10059060
2014-07-28,8.414883613586426,8.432570791008283,8.215897596270203,8.28222598757186,9360700
2014-07-29,8.39719295501709,8.560803722684739,8.326442580731348,8.432568142159962,6385454
2014-07-30,8.476788520812988,8.512163712896372,8.304334564832876,8.352974926815588,6680176
2014-07-31,8.507740020751953,8.618287579509246,8.476786839245662,8.490052849924474,6302404
2014-08-01,8.304332733154297,8.600600217784379,8.224738357669958,8.52100584230004,10711468
2014-08-04,8.282224655151367,8.370663058266697,8.13187987590198,8.268959485071852,9736102
2014-08-05,8.436991691589355,8.516586088094815,8.18052132696684,8.26895973273094,9582622
2014-08-06,8.490052223205566,8.53427056871562,8.366238662909133,8.401613845363702,8437888
2014-08-07,8.857071876525879,9.042791833408458,8.494475127632425,8.525429156622064,18570904
2014-08-08,8.88802433013916,8.932243524500247,8.7553667470559,8.87475831880754,8833210
2014-08-11,9.16218376159668,9.210824970058459,8.843807012765152,8.865916192932602,14991780
2014-08-12,9.087011337280273,9.241778128158401,8.980885754698141,9.166605735069663,7822218
2014-08-13,9.14449691772461,9.14449691772461,8.843807333441799,9.029527321180524,8264896
2014-08-14,8.923398971557617,9.179869271083563,8.91455496454374,9.056055703122064,6193878
2014-08-15,8.896869659423828,9.011838401067182,8.834962440756899,8.923400842617594,7656590
2014-08-18,9.188713073730469,9.224088257588267,8.84380439855875,8.9676179637665,11795308
2014-08-19,9.056056022644043,9.255041970422402,9.02068083675133,9.224088788192647,8449586
2014-08-20,8.972041130065918,9.166604244796213,8.923399929677835,9.056056675485856,6249440
2014-08-21,9.117964744567871,9.153339936334694,8.857072389008392,8.976463134089482,7216248
2014-08-22,9.436341285705566,9.529200845996122,9.109120557416668,9.109120557416668,16649076
2014-08-25,9.29041862487793,9.772406135987122,9.29041862487793,9.502669773785346,12064976
2014-08-26,9.489401817321777,9.80777931889202,9.241775527642304,9.57784019962705,26612950
2014-08-27,9.511513710021973,9.6397484618971,9.387700119064018,9.387700119064018,12060596
2014-08-28,9.29041862487793,9.608795348239056,9.056057454160724,9.595530178564275,16434628
2014-08-29,9.241776466369629,9.39212122551321,9.117963730659156,9.193136110230945,5275712
2014-09-01,9.418652534484863,9.458449726768375,9.241776592897597,9.259464608761833,8543396
2014-09-02,9.374436378479004,9.476139963298818,9.272731950247973,9.423076746682142,15446324
2014-09-03,9.6928129196167,9.781251330757458,9.378857319137085,9.378857319137085,18915598
2014-09-04,10.081939697265625,10.254394508219677,9.639749344869568,9.719343743246645,16614922
2014-09-05,10.139421463012695,10.413578915840045,9.953701544505737,10.112890287057667,15244040
2014-09-09,9.989078521728516,10.210173662371623,9.905062132129046,10.081938075961327,12212888
2014-09-10,10.024454116821289,10.104048505624812,9.847578165819606,9.989078926620952,12050750
2014-09-11,10.130579948425293,10.462222681377002,10.024454375090077,10.081938744367495,17879340
2014-09-12,10.223440170288086,10.26765852583253,9.993501010448263,10.108470590368174,7059632
2014-09-15,10.347253799438477,10.656787375165518,10.223441043876573,10.223441043876573,8501060
2014-09-16,9.856422424316406,10.479910694549465,9.843156411375524,10.329565921530463,13752520
2014-09-17,10.05540657043457,10.05540657043457,9.776827073323641,9.838733440812513,9955082
2014-09-18,10.2057523727417,10.258815581311268,9.882953647225825,9.949282025379471,9046182
2014-09-19,10.546238899230957,10.590458098229938,10.219018176096215,10.219018176096215,10304768
2014-09-22,10.762911796569824,10.771755804846403,10.303033487120326,10.510863464564677,9948638
2014-09-23,10.656785011291504,10.842504946849349,10.524127432515353,10.7231133789741,8852008
2014-09-24,10.705426216125488,10.802708616982967,10.546238289705016,10.630254678606196,7513080
2014-09-25,10.42684555053711,10.745222211314474,10.395892369499009,10.705425023290937,8546420
2014-09-26,10.263236045837402,10.550660404018986,10.219017692342725,10.426846821365212,8409132
2014-09-29,10.311878204345703,10.612567759133599,10.280925016660674,10.338409387588426,8304692
2014-09-30,10.391471862792969,10.422425048289563,10.223439922921008,10.31629947941079,7977702
2014-10-08,10.687740325927734,10.692162330443727,10.38262876161325,10.47106716511085,10069502
2014-10-09,10.594878196716309,10.899989711463704,10.484330632008946,10.692160593441818,12727954
2014-10-10,10.590457916259766,10.718692663401242,10.418003127468047,10.528550701360484,7914572
2014-10-13,11.001694679260254,11.045913879495371,10.49317598508414,10.524129172225393,13856532
2014-10-14,10.904414176940918,11.297963326251624,10.899992172145033,11.001695752216829,11656394
2014-10-15,11.306804656982422,11.351023851053464,10.904411593416793,10.904411593416793,10920898
2014-10-16,11.545589447021484,11.718043400763817,11.182993522019096,11.320072284137076,14404850
2014-10-17,11.545589447021484,11.545589447021484,11.545589447021484,11.545589447021484,0
2014-10-20,11.545589447021484,11.545589447021484,11.545589447021484,11.545589447021484,0
2014-10-21,11.545589447021484,11.545589447021484,11.545589447021484,11.545589447021484,0
2014-10-22,11.545589447021484,11.545589447021484,11.545589447021484,11.545589447021484,0
2014-10-23,11.545589447021484,11.545589447021484,11.545589447021484,11.545589447021484,0
2014-10-24,11.545589447021484,11.545589447021484,11.545589447021484,11.545589447021484,0
2014-10-27,11.545589447021484,11.545589447021484,11.545589447021484,11.545589447021484,0
2014-10-28,11.545589447021484,11.545589447021484,11.545589447021484,11.545589447021484,0
2014-10-29,11.545589447021484,11.545589447021484,11.545589447021484,11.545589447021484,0
2014-10-30,11.545589447021484,11.545589447021484,11.545589447021484,11.545589447021484,0
2014-10-31,11.545589447021484,11.545589447021484,11.545589447021484,11.545589447021484,0
2014-11-03,11.545589447021484,11.545589447021484,11.545589447021484,11.545589447021484,0
2014-11-04,11.545589447021484,11.545589447021484,11.545589447021484,11.545589447021484,0
2014-11-05,11.545589447021484,11.545589447021484,11.545589447021484,11.545589447021484,0
2014-11-06,11.545589447021484,11.545589447021484,11.545589447021484,11.545589447021484,0
2014-11-07,11.545589447021484,11.545589447021484,11.545589447021484,11.545589447021484,0
2014-11-10,11.806480407714844,12.133701102462801,10.39147122296762,11.939137149792584,36239722
2014-11-11,11.054756164550781,11.76668273143936,10.87788023460016,11.541165604473209,17836002
2014-11-12,11.4969482421875,11.580964638573978,10.79828757505255,10.877881967059624,17948888
2014-11-13,11.006114959716797,11.452727209656702,10.479909173913875,11.426196031035696,22705004
2014-11-14,10.683317184448242,10.988428716291477,10.594878790362628,10.838083952392552,10430742
2014-11-17,11.187414169311523,11.45272851601767,10.789443070957832,10.807131087663402,17194042
2014-11-18,11.324494361877441,11.346603540506726,10.97516360433926,11.143196398201786,7033094
2014-11-19,11.64286994934082,11.673823133757587,11.152038472414894,11.284696061443775,9855496
2014-11-20,11.532323837280273,11.616340236606138,11.320072680109678,11.541167846348497,7369572
2014-11-21,11.32007122039795,11.572119542463046,11.267008016242185,11.43504079322626,8604704
2014-11-24,11.156462669372559,11.443886236983001,10.988430702333144,11.443886236983001,12197908
2014-11-25,11.262585639953613,11.275851651406754,10.860192570062566,11.11224088379531,16139748
2014-11-26,11.050336837768555,11.205103630245997,11.032649662194338,11.205103630245997,10914786
2014-11-27,10.767332077026367,11.165303108241915,10.661206524929614,11.045911545853976,22835932
2014-11-28,10.855772018432617,10.957476433023153,10.683318063527393,10.736381273027288,12635162
2014-12-01,10.510863304138184,10.767333636367132,10.435690921756713,10.767333636367132,13520936
2014-12-02,10.886724472045898,10.922099658783692,10.510862585824983,10.510862585824983,12630552
2014-12-03,10.984006881713867,11.006116058870868,10.44453503101922,10.922100510945429,20233670
2014-12-04,11.010539054870605,11.165305839144937,10.908835481328746,10.966319853162064,16842026
2014-12-05,11.311227798461914,11.328915815233858,10.541816780514669,11.010538260627369,26091334
2014-12-08,11.143196105957031,11.364291260095774,10.979585320793488,11.200680474932229,17985334
2014-12-09,10.524127006530762,11.098974804470746,10.457798641532936,11.06359962024451,18816908
2014-12-10,10.581613540649414,10.723114295374572,10.502019155263756,10.519707171309914,13985512
2014-12-11,10.506442070007324,10.723115224888524,10.404738499159004,10.590458466687332,15866336
2014-12-12,10.625834465026855,10.674474830240259,10.479911682564316,10.497598858075238,12295964
2014-12-15,11.289116859436035,11.351023221656293,10.630253518884514,10.718691058711894,28183460
2014-12-16,11.231635093688965,11.311229494273606,11.006117906502878,11.187415888540698,17299628
2014-12-17,11.62518310546875,11.771105867137724,10.944209655406176,11.218368005753574,22049908
2014-12-18,11.474837303161621,11.921448712615277,11.43061810956306,11.519055653349215,12773078
2014-12-19,11.231635093688965,11.76226386864578,11.1034003265113,11.457152280875052,12537694
2014-12-22,10.21901798248291,11.169726947598686,10.152688763535604,11.147616926812566,23443136
2014-12-23,10.170377731323242,10.52412966287438,9.922751379237445,10.294191329071706,15298028
2014-12-24,10.280924797058105,10.426847566892809,10.170377218595114,10.170377218595114,5759190
2014-12-25,10.298612594604492,10.471066543433825,10.201330187850655,10.298612594604492,7702240
2014-12-26,10.563926696777344,10.647943095497007,10.161533564598969,10.325144357536091,13679684
2014-12-29,10.356097221374512,10.524129170141372,10.161533246425181,10.435691613099742,12760802
2014-12-30,10.23670482635498,10.418002773912995,10.12615725621419,10.333987227861934,9467976
2014-12-31,10.524127006530762,10.54181502034934,10.165953160813759,10.236703529266231,11094846
2015-01-05,10.188065528869629,10.303034271574461,10.161533502019791,10.272081083660767,14094770
2015-01-06,10.546238899230957,10.599301263300877,10.104048596063295,10.17037697285623,15815904
2015-01-07,10.325142860412598,10.69658275062867,10.227860462292057,10.524127973692709,8330362
2015-01-08,10.294191360473633,10.462223317620213,10.241128148873528,10.254394162626339,8863378
2015-01-09,10.378205299377441,10.502018878201037,10.241126552280214,10.241126552280214,10835062
2015-01-12,10.594878196716309,10.67889458204898,10.227860315624305,10.347251887926893,12463614
2015-01-13,10.634675979614258,10.65678599983339,10.285346094262291,10.594878786630852,11750488
2015-01-14,10.453376770019531,10.683315892097788,10.391470407694973,10.678893888587329,7527362
2015-01-15,10.364940643310547,10.568347772060767,10.294190264318205,10.395893828693316,6970892
2015-01-16,10.223440170288086,10.431269308944616,10.165954958622596,10.364940932216879,14853938
2015-01-19,10.077518463134766,10.391473206230327,9.953704861730387,10.135002837430024,15119448
2015-01-20,10.749648094177246,10.83366450403717,10.077519345531558,10.077519345531558,27416150
2015-01-21,10.9751615524292,11.275851048672894,10.612565692868607,10.745222426665086,26429264
2015-01-22,10.948630332946777,10.957474340076015,10.678894019381616,10.944208329382159,12253722
2015-01-23,10.603724479675293,11.054758842883624,10.603724479675293,10.944211254454789,10832736
2015-01-26,11.010539054870605,11.059180261091113,10.65678712802452,10.65678712802452,13261538
2015-01-27,11.143196105957031,11.244899674442195,10.846928565674673,11.010538507427139,14761976
2015-01-28,11.06360149383545,11.267008626730023,10.9663190881806,11.129929870065807,9936234
2015-01-29,10.811552047729492,11.037068335069192,10.802708040230804,11.037068335069192,7387902
2015-01-30,10.723114967346191,10.966319299344251,10.701005789314033,10.8557717223613,5245530
2015-02-02,10.922099113464355,11.06359985335067,10.69658199299144,10.767332362934598,10975130
2015-02-03,10.89556884765625,11.253743602039403,10.873459669765916,10.922100873217941,16790108
2015-02-04,10.997273445129395,11.041491801659184,10.855771836636372,10.96189825385891,10581106
2015-02-05,11.656135559082031,12.098325820432203,10.789442208261981,10.997272170879596,39122458
2015-02-06,11.470417022705078,11.806481763767069,11.302384230468537,11.806481763767069,18629208
2015-02-09,11.12993049621582,11.572120820509795,11.09897730846102,11.346603653910535,9212480
2015-02-10,11.054756164550781,11.31122647383192,10.87788023460016,11.187412901161006,21136604
2015-02-11,11.028225898742676,11.311227410088357,10.922100331988045,11.054757079578575,22949028
2015-02-12,11.40850830078125,11.54116588401558,11.014959241682469,11.03264725681144,16014408
2015-02-13,11.908184051513672,12.151388361535544,11.209523461849544,11.452727771871416,23069020
2015-02-16,13.097678184509277,13.097678184509277,11.660559585806467,11.908185938966295,30842994
2015-02-17,12.823518753051758,13.75211855557565,12.717393181822038,13.75211855557565,25130596
2015-02-25,12.823518753051758,12.823518753051758,12.823518753051758,12.823518753051758,0
2015-02-26,12.160234451293945,12.995973930964034,12.10717123895103,12.88100434039701,38708646
2015-02-27,12.315000534057617,12.505142505883516,12.111592549053945,12.164655758353934,19871872
2015-03-02,12.907532691955566,12.947329879024947,12.261934535483,12.403435270213725,23742808
2015-03-03,12.770455360412598,13.283396879029286,12.62453259666291,12.903112955082985,21207742
2015-03-04,13.398365020751953,13.539866617487744,12.655486065796895,12.655486065796895,23204914
2015-03-05,13.217068672180176,13.65925900145658,13.044614713653937,13.398366639710613,17358980
2015-03-06,12.761611938476562,13.3541469898685,12.690861560108363,13.177270200536967,21626494
2015-03-09,12.814674377441406,12.991550324423242,12.496297672874102,12.686439632158717,12555196
2015-03-10,14.097027778625488,14.097027778625488,13.23917911955563,13.23917911955563,46216826
2015-03-11,13.730009078979492,14.34907620082211,13.66368069975667,13.928995060059062,32887886
2015-03-12,13.800758361816406,13.928993949041706,13.33645890087943,13.632726424960568,15774706
2015-03-13,13.96436882019043,14.671873427323645,13.96436882019043,14.503840650881362,27596780
2015-03-16,14.410983085632324,14.88854777030163,14.185466756976147,14.185466756976147,20681124
2015-03-17,14.685139656066895,14.946032004055693,14.216419011316345,14.349075765739666,21466696
2015-03-18,14.707247734069824,14.884124517954035,14.393293045156275,14.57459098956768,20780528
2015-03-19,14.720516204833984,14.853172963894865,14.415403803489527,14.596701767797914,17142988
2015-03-20,14.892969131469727,15.175970647735417,14.614388775911022,14.685139154977444,21455160
2015-03-23,15.613738059997559,15.764082809824787,14.826638281809407,15.034468235435199,27368528
2015-03-24,16.763429641723633,17.174666643711117,15.653533033092057,15.91884646613226,41551004
2015-03-25,16.87398338317871,17.3780801031651,16.53791946546188,17.024328166930992,35156200
2015-03-26,15.516454696655273,16.728056626772506,15.282094422717343,16.705945766586677,39707936
2015-03-27,15.830411911010742,15.914429144967688,15.299783230125371,15.741973516392834,23269024
2015-03-30,15.401488304138184,15.786193376478693,15.255564701665062,15.786193376478693,24315088
2015-03-31,15.927692413330078,16.537915407879453,15.609314905422252,15.61373775237757,27841068
2015-04-01,16.20627784729004,16.5290766172034,15.967494641001558,16.051510204626435,19467556
2015-04-02,16.321247100830078,16.750172315586276,16.007292331202684,16.48927992003701,22727330
2015-04-03,16.97568702697754,17.046437414505924,16.04266513175662,16.250495133106007,29688316
2015-04-07,17.068544387817383,17.196779975767075,16.582135747292305,16.97568483246984,26190002
2015-04-08,16.210695266723633,17.068543785172594,15.97633496288627,17.068543785172594,28412092
2015-04-09,15.609317779541016,16.122258477382868,14.946032307151265,16.122258477382868,22979940
2015-04-10,16.11783790588379,16.529075048750638,15.388223184843316,15.4147552119652,22031586
2015-04-13,17.03316879272461,17.41787384153508,15.945381172324268,15.945381172324268,47063742
2015-04-14,16.8032283782959,17.51073205633752,16.608665288539907,17.015479481708386,33086650
2015-04-15,15.631426811218262,16.73690258815936,15.622584489406243,16.52907428913351,24689964
2015-04-16,15.52087688446045,16.024975179381617,15.145015851915403,15.476658534804061,16853130
2015-04-17,14.981409072875977,15.825992548115027,14.636499463368084,15.485505786592588,32638438
2015-04-20,15.05657958984375,15.573943125283003,14.901813657391322,14.990252056002202,17884384
2015-04-21,15.768502235412598,15.856940611491947,15.153858136234785,15.153858136234785,17503190
2015-04-22,16.11783790588379,16.449480654207232,15.76850713947909,15.786195157560346,17604656
2015-04-23,15.940959930419922,16.361041051540106,15.834835203354647,16.13110189380251,20635990
2015-04-24,15.728707313537598,15.9232704194482,15.158281476916702,15.503191024568993,17444532
2015-04-27,15.741973876953125,16.17974301258646,15.613739972983218,15.746396724537464,16420588
2015-04-28,15.069845199584961,15.918849707651825,14.954874784853814,15.830411316356024,20556142
2015-04-29,15.344002723693848,15.693333442225663,14.950453652840897,15.012360020819292,14164518
2015-04-30,15.834836959838867,16.166479720644148,15.587209757848225,15.671225316662865,32551076
2015-05-04,16.414104461669922,16.714794018897663,15.326316662369564,15.702177765493127,26438306
2015-05-05,15.865790367126465,16.48485585037149,15.69775756036721,16.27260468295985,14499196
2015-05-06,15.927692413330078,16.4715861981247,15.830410022175604,15.998442783218277,20941418
2015-05-07,14.892969131469727,16.25933719773296,14.777998711222981,16.016132875118515,23735310
2015-05-08,15.36169147491455,15.401488668637986,14.976984706647311,15.20250270002081,20055430
2015-05-11,16.896089553833008,16.896089553833008,15.520877565243122,15.520877565243122,39518578
2015-05-12,17.369232177734375,17.63012448816385,16.502539707664962,17.068542678025082,41973468
2015-05-13,17.718563079833984,18.218238531747346,16.586555439140703,16.869558614430467,38451762
2015-05-14,17.404611587524414,18.204975001985506,17.24100163840364,17.71856631570332,29221184
2015-05-15,17.095077514648438,17.687612604367644,16.679419225701785,17.550532999427805,25411786
2015-05-18,18.311100006103516,18.40838241056147,17.27195348998704,17.27195348998704,35222116
2015-05-19,18.43491554260254,19.014185522761316,17.9131307816833,18.735605123024552,29825228
2015-05-20,19.01418113708496,19.673045365199574,18.120956611482335,18.120956611482335,30148226
2015-05-21,20.91560173034668,20.91560173034668,18.92574529684351,19.009762536935405,24950294
2015-05-22,21.05268096923828,22.993896163957785,20.345175459792433,22.817019364890783,45197560
2015-05-25,21.220712661743164,21.225133822421117,19.677467814536246,20.040063715723505,34902720
2015-05-26,22.06087303161621,22.498642155627756,20.82274057194271,21.00403852117895,34452030
2015-05-27,21.3577880859375,22.40577847414964,20.924441856578987,22.158153021271566,25707006
2015-05-28,19.8985595703125,21.844197180805107,19.889715563640415,21.18091186179469,28532628
2015-05-29,20.340755462646484,21.04383816458911,18.12980378192404,19.898565126501996,24423564
2015-06-01,22.16257667541504,22.28639110260894,20.38497152220119,20.38497152220119,25245348
2015-06-02,22.803756713867188,23.126555474016538,21.84420444303146,22.16258035496347,28222700
2015-06-03,22.6401424407959,23.705820937175947,21.760183050433486,22.99389432379761,25785888
2015-06-04,21.225135803222656,23.347649046180475,20.376131180768425,22.626878337219146,29723496
2015-06-05,21.379901885986328,22.10951660880582,20.54416242806503,21.388745895048523,24350104
2015-06-08,20.402660369873047,21.645215732173202,19.889719684373958,21.61426254581894,24946098
2015-06-09,20.438142776489258,21.063528563188935,20.01234686634553,20.602250647507464,18323550
2015-06-10,22.198984146118164,22.482847013668636,20.801846277651403,20.828457364011665,33135908
2015-06-11,23.10822868347168,23.343303952253756,21.38730994164561,22.221156539124117,34220264
2015-06-12,24.891244888305664,25.139625707722512,22.84654324341122,23.055005747063856,35734126
2015-06-15,23.463058471679688,25.636384170967393,22.961862245413457,25.636384170967393,31384484
2015-06-16,23.507413864135742,24.16828341345604,21.73326942155946,23.507413864135742,29703714
2015-06-17,23.862241744995117,24.243683060163686,22.41187850083265,23.494107663302714,20920882
2015-06-18,23.950946807861328,25.813798564641697,23.418703207073257,23.573941840445816,28527562
2015-06-19,21.555850982666016,23.950946288275897,21.555850982666016,22.677998320405873,27553300
2015-06-23,21.555850982666016,22.176802118773978,19.604293411387342,20.84619399164754,24372878
2015-06-24,21.733264923095703,22.172366326206486,20.934900427577194,21.289728904257014,19681726
2015-06-25,20.482498168945312,22.212289714740205,19.919207093180884,21.955037952850738,16283216
2015-06-26,18.433361053466797,20.40266074207608,18.433361053466797,19.693003653916687,20752990
2015-06-29,16.5882511138916,19.09422910860216,16.5882511138916,18.69504762662606,35160632
2015-06-30,17.99425506591797,18.127315525170005,14.929421427882458,15.63907833853034,41206398
2015-07-01,16.579378128051758,18.890200557159595,16.193500543892707,17.457579309594973,26388150
2015-07-02,17.08057403564453,17.555159207271554,15.191111041770986,17.07170480278951,28619992
2015-07-03,17.70152473449707,18.628515201487417,15.967298744132071,17.360001752768433,30234836
2015-07-06,17.954343795776367,19.471238363240182,15.931818269810014,19.471238363240182,42282230
2015-07-07,16.189064025878906,17.69708710507177,16.15801664118572,17.69708710507177,41589276
2015-07-08,16.189064025878906,16.189064025878906,16.189064025878906,16.189064025878906,0
2015-07-09,16.189064025878906,16.189064025878906,16.189064025878906,16.189064025878906,0
2015-07-10,17.80797576904297,17.80797576904297,17.209200996097213,17.80797576904297,23278198
2015-07-13,19.590988159179688,19.590988159179688,18.61521012091962,19.049875283334135,34307328
2015-07-14,20.757488250732422,21.498194385759657,19.138582570386692,19.95912364338807,43537240
2015-07-15,19.072050094604492,20.668779193184427,18.681737897990555,19.959122192027955,26514418
2015-07-16,20.30508041381836,20.62442692046431,17.985387008379327,19.072050700644414,22635550
2015-07-17,21.493755340576172,21.808665511892663,20.44701005207368,20.55789405819546,24247768
2015-07-20,21.932859420776367,22.775576954774372,21.067963729288103,21.644560292961657,23183088
2015-07-21,21.62238121032715,21.955033228947567,20.624425154465893,20.624425154465893,18732860
2015-07-22,21.33407974243164,22.398566760297264,20.92159114990537,21.289726821668687,17759274
2015-07-23,21.520370483398438,21.799798683375034,20.717569581477797,21.11231641607244,20425500
2015-07-24,20.6732177734375,21.82197633354347,20.62442853200368,21.573595509860365,18738012
2015-07-27,18.60633659362793,20.779662101712226,18.60633659362793,20.03008682830494,19266956
2015-07-28,19.045434951782227,19.418005254000374,16.854367752996655,18.180541118021832,28681640
2015-07-29,19.604293823242188,19.737354300359073,17.790231304137695,19.258334552391368,21729480
2015-07-30,17.985387802124023,19.515587624726727,17.874503781528986,19.42244545349631,17260194
2015-07-31,18.522064208984375,18.530935132782204,17.621686592951075,17.621686592951075,13340800
2015-08-03,18.619646072387695,19.054311265968362,17.74144475981174,17.74144475981174,37454900
2015-08-04,18.965599060058594,19.116401371271348,17.963208421024834,18.72609090033119,16479332
2015-08-05,18.672868728637695,19.497846127476087,18.49545530765523,18.672868728637695,13184162
2015-08-06,18.10514259338379,18.619644376889745,17.95434025897915,18.495454816305646,10502552
2015-08-07,18.428924560546875,18.610774293315437,17.96321199535479,18.136190803115625,10994354
2015-08-10,19.582117080688477,19.64864647232332,18.71722145378958,18.943424092477237,15614546
2015-08-11,19.320432662963867,20.092184511008412,19.27607803885125,19.46679869264573,14179250
2015-08-12,19.515588760375977,20.096621671209505,18.9389921581197,19.14301836181783,16806002
2015-08-13,19.555505752563477,19.86598134564777,18.903507176282048,19.51558743785327,10154884
2015-08-14,19.515588760375977,20.074443512235202,19.462364901140806,19.77727513188653,14544704
2015-08-17,19.17406463623047,19.449056533529422,18.561984368862976,19.449056533529422,11894658
2015-08-18,17.257993698120117,19.267212168749253,17.257993698120117,19.20511737065703,15150582
2015-08-19,17.453144073486328,17.74144320230615,16.224550620647793,16.916465822685975,12072634
2015-08-20,16.898723602294922,17.612816946218206,16.898723602294922,17.284601201678903,7798816
2015-08-21,15.998346328735352,17.284601642220398,15.639081493517724,16.614861211476462,8419332
2015-08-24,14.397180557250977,15.51932797510075,14.397180557250977,14.929424184489479,14175072
2015-08-25,12.9556884765625,13.399224556077456,12.9556884765625,13.301646923136223,15244854
2015-08-26,12.330304145812988,13.394791540656211,11.753707511921272,13.248424650761974,20198848
2015-08-27,13.022218704223633,13.217373957202145,12.552069881920604,12.56094080595905,14584496
2015-08-28,14.326214790344238,14.326214790344238,13.226245534578203,13.306082162912142,16611884
2015-08-31,14.65443229675293,14.68104337835158,13.66091074614432,13.749618299370136,14124552
2015-09-01,14.534679412841797,14.716529161337519,13.306084110290264,14.237509321228147,24867036
2015-09-02,15.182241439819336,15.217725142154803,13.532287350231282,13.79397373310917,20786802
2015-09-07,14.454841613769531,15.922946718656496,14.352828513471904,15.080227449128689,14648346
2015-09-08,15.000389099121094,15.08022572360251,13.944773670699185,14.104446073684135,11138012
2015-09-09,15.279818534851074,15.736660163014555,14.725398426126116,15.160063588331775,15094554
2015-09-10,14.51250171661377,15.027003524339502,14.463712474957337,14.725398841332423,11523140
2015-09-11,14.170979499816895,14.752010739389682,14.073401011113539,14.468147890750146,9320716
2015-09-14,13.878244400024414,14.401617111694943,13.217374893946923,14.281862166622275,10697614
2015-09-15,12.543201446533203,13.73631296868539,12.489976741310041,13.527851302348811,5813768
2015-09-16,13.05770206451416,13.075443067306244,12.352479649487146,12.813756719794187,5597834
2015-09-17,13.05770206451416,13.05770206451416,13.05770206451416,13.05770206451416,0
2015-09-18,13.05770206451416,13.05770206451416,13.05770206451416,13.05770206451416,0
2015-09-21,13.05770206451416,13.05770206451416,13.05770206451416,13.05770206451416,0
2015-09-22,13.05770206451416,13.05770206451416,13.05770206451416,13.05770206451416,0
2015-09-23,13.05770206451416,13.05770206451416,13.05770206451416,13.05770206451416,0
2015-09-24,13.05770206451416,13.05770206451416,13.05770206451416,13.05770206451416,0
2015-09-25,13.05770206451416,13.05770206451416,13.05770206451416,13.05770206451416,0
2015-09-28,13.05770206451416,13.075443067306244,12.352479649487146,12.813756719794187,5597834
2015-09-29,13.05770206451416,13.05770206451416,13.05770206451416,13.05770206451416,0
2015-09-30,14.188720703125,14.361700369162508,13.288342054295823,14.361700369162508,27407886
2015-10-08,15.213288307189941,15.421750821310413,13.758490400875157,13.758490400875157,26495678
2015-10-09,15.208853721618652,15.435056394799604,14.858459786261262,15.044744141591927,12139924
2015-10-12,15.949559211730957,16.268905774425438,15.257643915167717,15.30199685245035,15041148
2015-10-13,15.967299461364746,16.29108060851882,15.687871247043201,15.878591903743756,11640428
2015-10-14,15.523764610290527,16.144715871484575,15.466104439418892,15.71891989914428,10862312
2015-10-15,15.909638404846191,16.03382965534846,15.412878478704641,15.514891572075756,9929464
2015-10-16,15.749968528747559,16.35761429509163,15.452800109316568,16.122538976304572,13975342
2015-10-19,15.985039710998535,16.175760348605817,15.687869676511657,15.905203086327777,13865312
2015-10-20,16.579378128051758,16.668085677006335,15.976168825507544,16.011650829915915,14777404
2015-10-21,16.406402587890625,17.95877908024004,15.96730106416539,16.619299732378096,25578532
2015-10-22,18.047481536865234,18.047481536865234,16.433010561293365,16.433010561293365,48212096
2015-10-23,18.98334503173828,19.82606431140025,18.544245233522687,18.89020285538418,48529794
2015-10-26,18.406749725341797,19.205114435278656,17.972084513175687,19.16963242405902,26334058
2015-10-27,19.364784240722656,19.994606323423984,17.91885743489949,18.451099351377945,30052952
2015-10-28,17.87450408935547,19.11197018657658,17.603946803731223,19.067617254357092,22521378
2015-10-29,18.131755828857422,18.37570033991121,17.315649355763284,17.976517182218895,14498638
2015-10-30,17.657175064086914,18.30030113980419,17.417665132629573,17.74144632502657,12811290
2015-11-02,17.342262268066406,17.874505970493907,17.036222942849736,17.297909331179152,10309330
2015-11-03,16.889854431152344,17.59951146945461,16.823323343580824,17.386614357963932,14247034
2015-11-04,18.269250869750977,18.47327875627532,16.91203152227266,17.053962935186,18589144
2015-11-05,18.096271514892578,18.579725904141384,17.634993590994373,18.273686621609073,21151122
2015-11-06,18.433361053466797,18.894637314792423,18.051919734097638,18.096272667624117,14856124
2015-11-09,18.522064208984375,18.805928694647783,18.07409355490611,18.3091671137036,17246120
2015-11-10,18.55755043029785,18.890202504197582,18.242640206408865,18.47771379720544,15055644
2015-11-11,18.628517150878906,18.68617732056979,18.11844993306052,18.575293289909798,15830926
2015-11-12,18.82811164855957,19.293824310773182,18.63295464164455,18.850288119720926,18375698
2015-11-13,18.020872116088867,18.757141970298065,17.737009284387387,18.757141970298065,14775342
2015-11-16,17.96320915222168,18.13618793260424,17.430965579690643,17.74144113799672,12535934
2015-11-17,18.114017486572266,18.530940882702115,17.65273945769058,18.193854133569335,11792338
2015-11-18,17.475322723388672,18.096272237789965,17.453144565196265,17.91442250752128,10160180
2015-11-19,17.78135871887207,17.918855491155686,17.435401172297585,17.737005794628637,8033140
2015-11-20,17.918859481811523,18.118449377312654,17.69265511870813,17.72370251098413,8712490
2015-11-23,18.074094772338867,18.61964393298458,17.963210755330653,17.963210755330653,12894426
2015-11-24,17.989822387695312,18.136188401047352,17.52410819222934,18.07409362617341,10568436
2015-11-25,19.085357666015625,19.289385556025376,17.989824659623036,18.167238082817512,22188610
2015-11-26,18.96116828918457,19.320433139557473,18.73496562247597,19.231725581099923,13290388
2015-11-27,18.184980392456055,18.761576993337858,17.564029165687362,18.69948220905218,13244060
2015-11-30,18.2736873626709,18.43336062679988,17.50193381669945,18.131755948324226,11141132
2015-12-01,18.433361053466797,18.752705897160542,17.74144412354442,18.251511318878705,8529628
2015-12-02,17.79910659790039,18.273690154366555,16.681395270199197,18.082969469959835,13021782
2015-12-03,17.76361846923828,17.963210030187067,17.320082419110207,17.785794933353532,10750682
2015-12-04,17.257993698120117,17.918863389150932,17.2446881533736,17.741448230067714,10433856
2015-12-07,17.320083618164062,17.701524918393968,17.014044331492936,17.129362968049108,9122692
2015-12-08,17.209197998046875,17.688217732952452,17.098313988147147,17.249116309289008,7857610
2015-12-09,17.320083618164062,17.51524057658264,17.169281283002377,17.191457748652883,6059958
2015-12-10,17.28903579711914,17.42653258785607,17.169280855242942,17.42653258785607,6416432
2015-12-11,16.734615325927734,17.209198774350487,16.734615325927734,17.204764158214967,5858958
2015-12-14,17.200328826904297,17.342260238682062,16.410835137395996,16.63260317979324,7237588
2015-12-15,17.111623764038086,17.408792142613905,17.067269138310074,17.30677904137343,10011998
2015-12-16,17.098312377929688,17.275727453843643,17.045088531937722,17.173714377377564,6049786
2015-12-17,17.537416458129883,17.608382161021446,17.16484609496023,17.16484609496023,12479520
2015-12-18,17.52410888671875,17.683782138125792,17.32008270634566,17.56402719957051,7712602
2015-12-21,17.741445541381836,17.81684587279378,17.430969906016433,17.435406214897192,8885352
2015-12-22,17.923297882080078,18.007569151482453,17.58621111251423,17.78580105014914,9241950
2015-12-23,17.564029693603516,18.038613207143825,17.555160460115534,17.807975913423697,9758602
2015-12-24,17.586206436157227,17.883374800784633,17.302341920689816,17.56402827835623,6561854
2015-12-25,17.368873596191406,17.737009371073157,17.324520663004762,17.626125346150598,6430180
2015-12-28,17.50636863708496,17.892244531293347,17.36887185089311,17.488626788810702,12916100
2015-12-29,17.351133346557617,18.260382096398143,17.022917550008405,17.49750108509483,9888276
2015-12-30,17.466449737548828,17.643863138462763,17.133797707385018,17.466449737548828,8829156
2015-12-31,17.120494842529297,17.51080713122506,17.076141903976755,17.51080713122506,9777496
2016-01-04,16.237855911254883,17.027349580158557,15.612470115694544,16.987431265890628,8705636
2016-01-05,15.834239959716797,16.189068520402913,15.3995747613818,15.52376433463293,11158806
2016-01-06,15.829805374145508,16.05157346020953,15.53707156821925,15.900771094007746,5986682
2016-01-07,14.379439353942871,15.612470845672997,14.281862563802388,15.612470845672997,2530720
2016-01-08,15.013697624206543,15.576988723615159,13.660912739022685,14.547985016776833,14351364
2016-01-11,13.962514877319336,14.90281084481538,13.962514877319336,14.694350048465822,11798370
2016-01-12,14.255249977111816,14.43266509381734,13.838326652396564,13.838326652396564,5300492
2016-01-13,13.572203636169434,14.50806414964024,13.527849860872632,14.50362953349067,7995292
2016-01-14,13.993562698364258,14.166542341278516,12.862546055971706,13.128667867704635,11131994
2016-01-15,13.749617576599121,14.304037640171666,13.514543165092325,14.104446078894398,6694124
2016-01-18,14.197588920593262,14.281861857126982,13.660910679530044,13.749618232323298,7674814
2016-01-19,14.911681175231934,15.018130569179514,13.971385245177137,14.215329728527182,9153014
2016-01-20,14.37057113647461,14.76975263407021,14.237508945320032,14.76975263407021,8290856
2016-01-21,13.771794319152832,14.63225535806365,13.758488778783958,14.290732388964257,6466074
2016-01-22,13.585509300231934,14.14436484371149,13.510108135334425,14.14436484371149,9201944
2016-01-25,13.585509300231934,13.585509300231934,13.585509300231934,13.585509300231934,0
2016-01-26,13.585509300231934,13.585509300231934,13.585509300231934,13.585509300231934,0
2016-01-27,13.585509300231934,13.585509300231934,13.585509300231934,13.585509300231934,0
2016-01-28,13.585509300231934,13.585509300231934,13.585509300231934,13.585509300231934,0
2016-01-29,13.585509300231934,13.585509300231934,13.585509300231934,13.585509300231934,0
2016-02-01,13.585509300231934,13.585509300231934,13.585509300231934,13.585509300231934,0
2016-02-02,13.585509300231934,13.585509300231934,13.585509300231934,13.585509300231934,0
2016-02-03,13.585509300231934,13.585509300231934,13.585509300231934,13.585509300231934,0
2016-02-04,13.585509300231934,13.585509300231934,13.585509300231934,13.585509300231934,0
2016-02-05,13.585509300231934,13.585509300231934,13.585509300231934,13.585509300231934,0
2016-02-15,13.585509300231934,13.585509300231934,13.585509300231934,13.585509300231934,0
2016-02-16,13.585509300231934,13.585509300231934,13.585509300231934,13.585509300231934,0
2016-02-17,13.585509300231934,13.585509300231934,13.585509300231934,13.585509300231934,0
2016-02-18,13.585509300231934,13.585509300231934,13.585509300231934,13.585509300231934,0
2016-02-19,13.585509300231934,13.585509300231934,13.585509300231934,13.585509300231934,0
2016-02-22,13.585509300231934,13.585509300231934,13.585509300231934,13.585509300231934,0
2016-02-23,13.585509300231934,13.585509300231934,13.585509300231934,13.585509300231934,0
2016-02-24,14.942729949951172,14.94272994995117,14.94272994995117,14.94272994995117,1985896
2016-02-25,14.34839153289795,15.479409892171605,13.80284320268627,15.301994783121184,26618726
2016-02-26,14.787493705749512,15.479410633851591,14.268555586683963,14.268555586683963,20506654
2016-02-29,13.629864692687988,14.623386340709288,13.310518992524146,14.370570888998996,16381628
2016-03-01,14.99151611328125,14.99151611328125,13.310515152247728,13.745180219113625,14830492
2016-03-02,15.43505859375,15.51489524082447,14.525809770908788,14.991522417539043,17392660
2016-03-03,15.199982643127441,15.967299907888476,15.09353323261422,15.28869020322913,16522494
2016-03-04,14.525806427001953,15.275381783138558,14.375004094127362,15.080226519635616,13212778
2016-03-07,14.964908599853516,15.301995287820251,14.610078370049463,14.610078370049463,9576298
2016-03-08,15.43505859375,15.435058593749998,14.308476300104676,14.685483065057731,10822750
2016-03-09,14.99151611328125,15.674561943480027,14.916115807171847,15.089094572439798,9048952
2016-03-10,14.99151611328125,15.30199164445847,14.805231809748236,14.938292268265464,7896008
2016-03-11,15.239901542663574,15.29312540397508,14.689916002591193,15.027004405461504,6269274
2016-03-14,15.523764610290527,15.922947805623282,15.244336373557598,15.244336373557598,12344590
2016-03-15,15.45279598236084,15.687869546410942,15.3108645823356,15.581421842369886,6241056
2016-03-16,15.324172019958496,15.758837197855263,14.991519942715016,15.656824097201978,7506702
2016-03-17,15.856416702270508,15.856416702270508,15.279820069670068,15.324173006040844,9656154
2016-03-18,16.19350242614746,16.322128302484664,15.714484313243206,15.781015405681336,13867984
2016-03-21,16.28664779663086,16.672523769289143,16.104798044738462,16.260035018809003,13570092
2016-03-22,16.410837173461914,16.801149450254123,16.060443216932047,16.109232463025585,10237922
2016-03-23,16.233423233032227,16.393096525808975,16.033833309017517,16.286648791928627,6237734
2016-03-24,15.83867073059082,16.366479672659043,15.834236114889812,16.01608581383244,6589996
2016-03-25,15.736659049987793,15.953992461696954,15.621340419989883,15.829801215596385,4861202
2016-03-28,15.568115234375,16.051569613824217,15.483843990968555,16.047134997626326,7858486
2016-03-29,15.22215747833252,15.73665924142,15.182239165163844,15.634646150423563,9925358
2016-03-30,16.623733520507812,16.623733520507812,15.293125164834718,15.364090876125708,10732008
2016-03-31,16.45075035095215,16.94307558296011,16.313253581486457,16.854368044335647,10219448
2016-04-01,16.36204719543457,16.672522817813395,16.18906837935443,16.588251564120924,6231956
2016-04-05,16.65477752685547,16.676953989882772,16.322125505578907,16.32656181335777,9196840
2016-04-06,16.260034561157227,16.668088683160107,16.189068847585776,16.54389741544302,10286958
2016-04-07,16.36648178100586,16.592684433920734,16.260032378956844,16.40640009527976,10018678
2016-04-08,16.34430694580078,16.36648510753749,15.936254487579465,16.082620541695828,6905248
2016-04-11,16.801149368286133,16.99630465975208,16.366484156414643,16.450755413465735,13787566
2016-04-12,16.641477584838867,17.085013762392283,16.51285168727888,16.832198276543338,11079526
2016-04-13,16.676956176757812,16.974126234550198,16.62816862848243,16.676956176757812,10252616
2016-04-14,16.6148624420166,16.81001941523571,16.206810028842106,16.80558310659564,7691974
2016-04-15,16.379789352416992,16.67695774621988,16.322129181994022,16.63260481017517,7202474
2016-04-18,16.056007385253906,16.40640131527421,15.803191940038236,16.40640131527421,5468556
2016-04-19,16.01165199279785,16.357611289651196,15.90076797154037,16.18019617885687,5994952
2016-04-20,15.075793266296387,16.268904804404293,14.854025209193772,16.189068168490873,10622046
2016-04-21,14.933858871459961,15.195545224060181,14.862893166955962,15.124579519556182,4647600
2016-04-22,15.22215747833252,15.386265347156717,14.933858361897,14.969342058916178,3673930
2016-04-25,15.900769233703613,16.01608957246053,14.645562893250858,15.222159511167375,9595490
2016-04-26,15.803194046020508,16.07375137761159,15.554813184306882,15.727792018089719,5364056
2016-04-27,15.661259651184082,15.958428013732137,15.6124704114927,15.803191061946716,4432342
2016-04-28,15.883028984069824,15.90964006828019,15.532635045014542,15.749966795193934,4027606
2016-04-29,15.568115234375,15.914074516264009,15.395136439408406,15.883027127011328,6082974
2016-05-03,16.162456512451172,16.19350390724037,15.372962715886773,15.568118010555468,7646110
2016-05-04,16.01165199279785,16.149148788261247,15.99391183528313,16.047135691739072,4473910
2016-05-05,16.122533798217773,16.171323031578545,15.883025631105449,15.958425943058892,4024372
2016-05-06,15.5281982421875,16.189067780995614,15.523763625612235,16.189067780995614,6041578
2016-05-09,15.155625343322754,15.50158459748914,15.102401493433957,15.412877053037358,4172936
2016-05-10,15.182241439819336,15.470540599448825,15.084662950352852,15.14232312066996,2804352
2016-05-11,15.262072563171387,15.51488792911063,15.142317648996675,15.341909172621195,3590686
2016-05-12,15.381831169128418,15.435055024217363,14.858458466878902,15.208852371122466,3262482
2016-05-13,15.19554615020752,15.56368192797903,15.120145824807162,15.346348492964193,2821140
2016-05-16,15.191110610961914,15.204416151823015,14.658866981091785,15.075791975602051,4334078
2016-05-17,15.279818534851074,15.630212449634666,14.86289353023813,15.191110979063902,5521346
2016-05-18,14.956037521362305,15.226594807429972,14.907248280667359,15.20441664932797,3957082
2016-05-19,15.111271858215332,15.32416894185264,14.97377508480232,14.991516931427666,4321422
2016-05-20,15.266511917114258,15.301995617641857,14.907248755030137,14.907248755030137,2323438
2016-05-23,15.275383949279785,15.408446143945563,15.133452520795306,15.133452520795306,3115092
2016-05-24,15.13788890838623,15.381833446615323,15.08022873652827,15.381833446615323,2914882
2016-05-25,15.018129348754883,15.466099967815468,14.991516579441704,15.235461042967986,4219822
2016-05-26,15.665695190429688,15.679000732236322,14.938296244430036,14.991520103612553,7473604
2016-05-27,15.523764610290527,15.679001579611004,15.213288979693504,15.426186119885616,6848090
2016-05-30,15.350783348083496,15.568115070565469,15.244333948940223,15.461667363377996,4696724
2016-05-31,16.01165199279785,16.12253601405533,15.208852761745462,15.355218789988273,10464514
2016-06-01,15.945120811462402,16.189065292548012,15.905202500597069,15.905202500597069,7453212
2016-06-02,15.985039710998535,16.13140572825775,15.838672001783559,15.878590314118938,5223992
2016-06-03,16.22011375427246,16.543894878539625,15.936250943515265,15.936250943515265,8538102
2016-06-06,16.06488037109375,16.38866156716606,15.967301873772493,16.224553660544466,4737130
2016-06-07,15.989474296569824,16.144712929558438,15.825366431484273,15.927379520156684,3815926
2016-06-08,15.834239959716797,16.024960628327342,15.705614077731816,15.9850423095029,4559554
2016-06-13,15.315300941467285,15.825368131580886,15.315300941467285,15.736660573479918,5742158
2016-06-14,15.310866355895996,15.412879455733766,14.982648897845655,15.089098306173208,5827652
2016-06-15,15.612467765808105,15.78101192201074,15.031434988240562,15.049176834568332,4889780
2016-06-16,15.497151374816895,15.918511025879107,15.45723305646456,15.652390031500877,6456582
2016-06-17,16.224550247192383,16.246726712293633,15.568115374895653,15.61246999705399,11610180
2016-06-20,16.087055206298828,16.224552012012087,15.758837734448727,16.153584608839296,6646430
2016-06-21,16.056007385253906,16.251162662907205,15.887463191124802,16.18906787874279,6213034
2016-06-22,16.100360870361328,16.233421368406095,15.92294743695365,15.998347765461807,6626940
2016-06-23,15.601400375366211,16.287470351023398,15.556849383763858,16.12709018014805,5906365
2016-06-24,16.127092361450195,16.563681941525687,15.583582086513845,15.645951783746517,13709552
2016-06-27,16.323108673095703,16.483488836388215,15.770689998917588,15.850880080563844,7649352
2016-06-28,16.2696475982666,16.44784644053017,16.046897770852404,16.39438695779573,8430320
2016-06-29,16.2340087890625,16.43002974872748,16.171639101695106,16.269649581527595,7417597
2016-06-30,16.251829147338867,16.643869366306692,16.17163906392621,16.367660023133382,7119627
2016-07-01,16.082538604736328,16.358749644304545,15.993440023659096,16.17163888526006,6363460
2016-07-04,16.1983699798584,16.34092975332355,15.931069130026327,16.037989809848465,6647710
2016-07-05,16.153818130493164,16.287469398033647,16.055809353595663,16.23400821123887,6234400
2016-07-06,16.162731170654297,16.171641370020367,16.04690197778893,16.055812177154998,4039546
2016-07-07,16.447847366333008,16.643868313136608,16.10926835736215,16.153817645574016,11060805
2016-07-08,16.617137908935547,16.78642826506348,16.35874897537374,16.52803763205524,12208215
2016-07-11,16.394390106201172,16.822069449101555,16.36766120942405,16.661690970098892,6514928
2016-07-12,16.58150291442871,16.697332113377026,16.11818271974175,16.34093261725123,9749218
2016-07-13,16.661691665649414,16.750790257888145,16.474580883165313,16.57259137396397,8743995
2016-07-14,17.00918197631836,17.258662468438832,16.536951591055367,16.670601187051513,11917812
2016-07-15,16.839887619018555,17.151737735924648,16.715148252034684,16.95571848788622,6300553
2016-07-18,17.142826080322266,17.36557590210314,16.66168734898765,16.822065793135007,9438080
2016-07-19,16.848798751831055,17.240838969115853,16.688418585694247,17.00917891796786,7115266
2016-07-20,16.848798751831055,17.05372820880741,16.741879774037525,16.839888553773843,4732693
2016-07-21,16.73297119140625,16.89334967357972,16.64387090167876,16.76861028762924,5007195
2016-07-22,16.572587966918945,16.830976890294934,16.5280369805118,16.750786814208436,4206447
2016-07-25,16.697328567504883,16.750788055709297,16.536948403445155,16.67059797367943,3923725
2016-07-26,16.92898941040039,16.973538702754396,16.70623954973723,16.750788842091232,5416971
2016-07-27,16.251829147338867,17.035909585274517,16.029079293291822,16.97353819860627,9631908
2016-07-28,16.323108673095703,16.46566844058983,16.09144862605613,16.25182878934864,5108941
2016-07-29,16.474576950073242,16.750786258854674,16.323107000203493,16.323107000203493,6636586
2016-08-01,16.37656593322754,16.57258686145075,16.18054670445058,16.456756003964987,3951727
2016-08-02,16.64386749267578,16.741877961246146,16.269647712025495,16.367658180595864,4412129
2016-08-03,16.741878509521484,16.750787007459326,16.438938596243386,16.572588158113987,3981451
2016-08-04,16.483489990234375,16.79534014074975,16.438940697066435,16.732970450535994,4838408
2016-08-05,16.385478973388672,16.554769340928658,16.30528888873534,16.492399652741966,3606976
2016-08-08,16.55476951599121,16.590410309301383,16.305289061159698,16.314199259487243,3680488
2016-08-09,16.54585838317871,16.581499174475944,16.447847906557787,16.48348869785502,3603196
2016-08-10,16.34984016418457,16.617139318045645,16.314199370631588,16.483489741115108,4485200
2016-08-11,16.1983699798584,16.447848733699136,16.1983699798584,16.314199158506376,2980172
2016-08-12,16.474576950073242,16.536946629529083,16.144908158821988,16.189457444305788,4134666
2016-08-15,16.741878509521484,16.80424819176467,16.216188759976927,16.483487883718126,9044260
2016-08-16,16.911169052124023,17.044818628936433,16.626049501738468,16.750788880170507,8504459
2016-08-17,17.329938888549805,18.06055811952744,16.706238633134205,16.94680887731849,13261022
2016-08-18,17.285390853881836,17.606151234290245,16.982450872262064,17.312121452064794,9031032
2016-08-19,17.10719108581543,17.285389966210303,17.01809079589465,17.196289676289528,4158773
2016-08-22,16.893348693847656,17.454679296963725,16.884440194893564,17.20519884008474,5523626
2016-08-23,16.830978393554688,17.08045884137797,16.759698508383252,16.91116847680337,3984641
2016-08-24,16.813159942626953,17.00026900664475,16.76860895158947,16.830978639595404,3636289
2016-08-25,17.10719108581543,17.178470977862716,16.572591045737443,16.75078992613232,6796016
2016-08-26,16.937902450561523,17.151742148742088,16.92899225070648,17.10719284891371,4911164
2016-08-29,17.044816970825195,17.294297402866512,17.01808807773083,17.089367958393147,5928913
2016-08-30,17.044816970825195,17.35666708601524,17.01808807773083,17.151737641541875,5143113
2016-08-31,16.87552833557129,17.089367977801096,16.80424845482802,17.035908492105246,5356580
2016-09-01,16.795337677001953,17.00026711462745,16.795337677001953,16.830976766419003,3240587
2016-09-02,16.884443283081055,16.902261983694878,16.750791982072602,16.795342982224383,2865564
2016-09-05,16.830978393554688,17.05372824714624,16.804249498769472,16.991358560052046,2796882
2016-09-06,16.982450485229492,17.018091281994508,16.64387141319548,16.79534140055334,4971289
2016-09-07,17.00918197631836,17.1962910708236,16.964632677468583,16.964632677468583,4771908
2016-09-08,16.902259826660156,17.160650496224484,16.75970004326145,17.053729808952117,5007937
2016-09-09,16.73297119140625,16.955721066001637,16.67950999790175,16.8398901795219,4357946
2016-09-12,16.572587966918945,16.679506935403367,16.43002820930881,16.54585737507466,5833774
2016-09-13,16.50130844116211,16.661688596766464,16.305287495669496,16.572588321492223,3512958
2016-09-14,16.358753204345703,16.510223204365456,16.26074270449561,16.349843004409617,3573830
2016-09-19,16.58150291442871,16.71515251304503,16.34984281708523,16.367663216753233,2884877
2016-09-20,16.510223388671875,16.626052590240295,16.438943487834333,16.626052590240295,2158674
2016-09-21,16.447847366333008,16.563678234798118,16.332018197314305,16.528037444671497,3070938
2016-09-22,16.447847366333008,16.706237996411787,16.40329807812114,16.528037444671497,3505680
2016-09-23,16.528038024902344,16.55476861843571,16.385478258283992,16.49239893297099,2161906
2016-09-26,16.332015991210938,16.599315083268614,16.31419559855478,16.412206058717477,3126109
2016-09-27,16.447847366333008,16.536947642203152,16.135998949957116,16.314197802250995,2562768
2016-09-28,16.45676040649414,16.528040299613384,16.27856152341939,16.43894170779936,2783887
2016-09-29,16.483489990234375,16.54585968044813,16.394389704451896,16.456759394665653,2266156
2016-09-30,16.492399215698242,16.670598077302788,16.465668621706637,16.510219611692648,2505805
2016-10-10,16.804250717163086,16.85771021005612,16.590411046144315,16.643870539037348,4765738
2016-10-11,16.804250717163086,16.84880001133284,16.715150429376937,16.83097961388628,3548049
2016-10-12,17.133920669555664,17.160651267436716,16.706241300139315,16.786431394335725,7743993
2016-10-13,17.018089294433594,17.196288159106455,16.920078814223277,17.11609807519738,4205581
2016-10-14,17.142826080322266,17.36557590210314,17.009176527142998,17.19628556170472,6273549
2016-10-17,17.027000427246094,17.267568992732294,17.000269831326907,17.267568992732294,4749838
2016-10-18,17.196287155151367,17.231927945673075,16.955718616915572,17.044817194326978,4914856
2016-10-19,16.97353744506836,17.258658673125737,16.92898815601532,17.16955839557321,4079304
2016-10-20,16.92898941040039,17.05372878854886,16.875529919686272,16.96463020384085,3919098
2016-10-21,16.75969696044922,17.00026718797607,16.661688189544705,17.00026718797607,4617509
2016-10-24,16.884443283081055,17.009182684612263,16.715152881398065,16.83098208289892,4120088
2016-10-25,16.804250717163086,16.937900299118986,16.688419833207103,16.937900299118986,5569772
2016-10-26,16.866619110107422,17.071548566624045,16.83988851599575,16.875529308144646,6159699
2016-10-27,16.73297119140625,17.000270361142043,16.545860413033854,16.822069781687066,5125861
2016-10-28,16.45676040649414,16.76861057618333,16.41221111058713,16.72406128027632,8589405
2016-10-31,16.528038024902344,16.599317908211518,16.234008293821187,16.438939445350726,9567353
2016-11-01,16.483489990234375,16.554769878971037,16.349840411283957,16.528039283402315,6644363
2016-11-02,16.41221046447754,16.52803964894387,16.332020375444447,16.48349035479066,6721251
2016-11-03,16.438941955566406,16.483491252144862,16.340931463757727,16.36766206137284,5430823
2016-11-04,16.572587966918945,16.61713725387973,16.41220781474595,16.45675710170673,5511709
2016-11-07,16.385478973388672,16.572589737395298,16.30528888873534,16.563679539161978,3772000
2016-11-08,16.62605094909668,16.62605094909668,16.39439086937992,16.438941865160096,5272895
2016-11-09,16.37656593322754,16.626046342126962,16.127087223774364,16.581497058137824,5012578
2016-11-10,16.58150291442871,16.661693013487874,16.49240261553555,16.56368251476071,3895172
2016-11-11,16.661691665649414,16.750790257888145,16.492401281391743,16.5904117721904,5180832
2016-11-14,16.590410232543945,16.85770938334729,16.554769439398672,16.554769439398672,5246654
2016-11-15,16.67951011657715,16.732971310462027,16.536950331777515,16.652781219081398,4345133
2016-11-16,16.661691665649414,16.9111704430326,16.581501573077187,16.804251452567435,8432514
2016-11-17,16.528038024902344,16.706238582898514,16.465668339437624,16.661689293122706,4639882
2016-11-18,16.41221046447754,16.617139936696933,16.37656966959766,16.53694984766384,5051179
2016-11-21,16.394390106201172,16.536949887167967,16.34984081194154,16.394390106201172,3457337
2016-11-22,16.536949157714844,16.545859356063065,16.33201969404545,16.394389383036433,6844897
2016-11-23,16.323108673095703,16.572589115933663,16.30528827729732,16.483488836388215,8718485
2016-11-24,16.314199447631836,16.394389534057957,16.242919559636015,16.34093004292274,7948927
2016-11-25,16.474576950073242,16.501307541031306,16.26073732074765,16.35874778814758,5432837
2016-11-28,16.62605094909668,16.697330842898243,16.438941865160096,16.545860856139083,7894670
2016-11-29,16.590410232543945,16.72405980794562,16.43003006228332,16.572589835971307,7345775
2016-11-30,16.688417434692383,16.8309771948824,16.545857674502365,16.581498464273068,6563794
2016-12-01,16.617137908935547,16.78642826506348,16.5993175136702,16.777518067430808,6078316
2016-12-02,16.661691665649414,16.87553134602645,16.581501573077187,16.5904117721904,10399488
2016-12-05,16.82206916809082,16.83097936668323,16.41221022951959,16.483490118812266,6172935
2016-12-06,16.77751922607422,16.964629990389234,16.75969882957821,16.81316001906624,7250277
2016-12-07,16.572587966918945,16.839887087576365,16.41220781474595,16.626047451161156,8086349
2016-12-08,16.41221046447754,16.697330025730025,16.394390067037598,16.64387053285684,6065233
2016-12-09,16.911169052124023,17.17846990519541,16.421120037329672,16.421120037329672,17197037
2016-12-12,15.68159008026123,16.973538215339868,15.601399996769516,16.91116852805665,18215206
2016-12-13,16.082538604736328,16.162728687263037,15.761779974075992,15.761779974075992,13055414
2016-12-14,16.22509765625,16.287469039470825,16.002347814514906,16.020168209720858,5545435
2016-12-15,16.144908905029297,16.367658741636262,16.046898433099386,16.162727600378602,5191793
2016-12-16,16.144908905029297,16.144908905029297,16.144908905029297,16.144908905029297,0
2016-12-19,16.144908905029297,16.144908905029297,16.144908905029297,16.144908905029297,0
2016-12-20,16.144908905029297,16.144908905029297,16.144908905029297,16.144908905029297,0
2016-12-21,16.144908905029297,16.144908905029297,16.144908905029297,16.144908905029297,0
2016-12-22,16.144908905029297,16.144908905029297,16.144908905029297,16.144908905029297,0
2016-12-23,16.144908905029297,16.144908905029297,16.144908905029297,16.144908905029297,0
2016-12-26,16.144908905029297,16.144908905029297,16.144908905029297,16.144908905029297,0
2016-12-27,15.904341697692871,16.572591334575375,15.841972003495313,16.483491043101697,6657841
2016-12-28,15.948890686035156,16.05581137363029,15.824151300046392,15.895431191960926,2830859
2016-12-29,16.064720153808594,16.234008820000856,15.94888927752281,15.94888927752281,3629091
2016-12-30,15.97562026977539,16.21619052702479,15.913250580735895,16.064720553880342,3763474
2017-01-03,15.984528541564941,16.073628814930913,15.868697676355268,15.93106735787754,4656032
2017-01-04,16.09145164489746,16.11818224360984,15.922162951392785,15.931071451516779,2737043
2017-01-05,16.002351760864258,16.153821758576086,15.966712661109804,16.13600305842228,2348449
2017-01-06,15.735052108764648,16.09145159321777,15.690502810500558,16.00235129724279,5601442
2017-01-09,15.7261381149292,15.859787676922233,15.619219145113327,15.7261381149292,3608551
2017-01-10,15.619222640991211,15.841972527317372,15.592492042831237,15.77069263167087,2933788
2017-01-11,15.146989822387695,15.637038813333406,15.146989822387695,15.619220116886401,5487468
2017-01-12,15.191536903381348,15.50338698837945,15.155897816223812,15.164808012874756,5125779
2017-01-13,15.191536903381348,15.396468027460596,15.155897816223812,15.396468027460596,2585331
2017-01-16,15.004430770874023,15.38756080365334,14.612390539722329,15.280640122631398,5857939
2017-01-17,14.950970649719238,15.138079709310476,14.835139775208614,15.138079709310476,3826761
2017-01-18,14.995519638061523,15.04006892770076,14.879690465331628,14.879690465331628,1677591
2017-01-19,14.728222846984863,14.968791428575319,14.683671850803863,14.968791428575319,2831098
2017-01-20,14.701489448547363,14.915329091138119,14.567839884358941,14.781679526949697,5401921
2017-01-23,15.146989822387695,15.209359508568442,14.737130913516225,14.737130913516225,6514913
2017-01-24,15.040069580078125,15.182631051889649,14.950970996934915,15.120259664464246,2184521
2017-01-25,15.040069580078125,15.209359947053995,14.968789693895634,15.022250883117406,2468570
2017-01-26,15.18263053894043,15.20044923529914,15.040069071945384,15.040069071945384,3263048
2017-02-03,14.942061424255371,15.227180980921386,14.870781535088867,15.218270782344748,3173747
2017-02-06,15.048979759216309,15.191539531400686,14.897509788839592,14.942060779801295,3880211
2017-02-07,15.022249221801758,15.093529100101383,14.933148949065638,14.986608432928769,2198561
2017-02-08,15.048979759216309,15.15590043807786,14.879691091901448,15.031161062278164,4444474
2017-02-09,15.218271255493164,15.307371544583146,15.10244206928885,15.129170966403182,7152205
2017-02-10,15.191536903381348,15.253908279937963,15.129167226270976,15.146987619572867,3936306
2017-02-13,15.262819290161133,15.289549884515152,15.146990113520097,15.289549884515152,3628483
2017-02-14,15.2806396484375,15.441019815270158,15.245000555500532,15.245000555500532,3533988
2017-02-15,15.20936107635498,15.485570443389971,15.173721980340787,15.369741257035512,3880946
2017-02-16,15.20936107635498,15.289551166695245,15.155901582610356,15.200450877489764,2749471
2017-02-17,15.200448989868164,15.343008755114916,15.164809898279703,15.209359187626893,2761030
2017-02-20,15.31628131866455,15.396471406676925,15.146990944033243,15.146990944033243,4104825
2017-02-21,15.36974048614502,15.387560882981642,15.227180710345198,15.343009890890086,5156446
2017-02-22,15.236089706420898,15.405380064116255,15.146989428715635,15.369739273255572,5140628
2017-02-23,15.218271255493164,15.289551146875818,15.129170966403182,15.19154065893217,5351472
2017-02-24,15.28954792022705,15.52120794319368,15.209357846913745,15.387558387486937,10839065
2017-02-27,15.102441787719727,15.325191656568416,15.040070396906923,15.271730464443156,7288403
2017-02-28,15.155900001525879,15.191539093822152,14.924239953537391,15.102440513358223,6197028
2017-03-01,15.441019058227539,15.49447854473524,15.182630123901626,15.182630123901626,11378239
2017-03-02,15.351920127868652,15.50339010246724,15.271730041349013,15.50339010246724,7317763
2017-03-03,15.396472930908203,15.43211202941603,15.24500293849467,15.343011733976285,4501214
2017-03-06,15.476661682128906,15.494480380111204,15.32519170287624,15.39647159314534,5518614
2017-03-07,15.735052108764648,15.752872507849004,15.45884272074433,15.476663119828686,8293841
2017-03-08,15.423199653625488,15.735049793937366,15.334099370758302,15.735049793937366,10944722
2017-03-09,15.449930191040039,15.467750587436717,15.316280616958029,15.369740106701524,4306428
2017-03-10,15.378649711608887,15.46774999070835,15.334098722335918,15.414288803580789,3170715
2017-03-13,15.36974048614502,15.458840770881553,15.280640201408486,15.334099692471774,4504101
2017-03-14,15.253911972045898,15.405381952881779,15.253911972045898,15.39647175407418,5015042
2017-03-15,15.245000839233398,15.30737052761878,15.191539649663174,15.289550131095371,3786480
2017-03-16,15.2806396484375,15.32519063891686,15.200449565021172,15.245000555500532,5920622
2017-03-17,15.20936107635498,15.343010660439868,15.200450877489764,15.280640967830031,4391435
2017-03-20,15.31628131866455,15.325191517271104,15.146990944033243,15.218270833439066,4023760
2017-03-21,15.307371139526367,15.32519153676214,15.23609125002989,15.32519153676214,3821205
2017-03-22,15.521211624145508,15.521211624145508,15.236092051167564,15.245002250253963,9407290
2017-03-23,15.574670791625977,15.80633086465959,15.405382110885263,15.521211297678734,10315962
2017-03-24,15.610309600830078,15.699409879035366,15.476660033245372,15.637038494679146,4924590
2017-03-27,15.458840370178223,15.6014001422828,15.414289379241456,15.592489944095448,4436386
2017-03-28,15.619222640991211,15.752872232897554,15.458842450924893,15.458842450924893,7062870
2017-03-29,15.476661682128906,15.690501352936208,15.449931085985506,15.654860558078338,3430839
2017-03-30,15.20936107635498,15.503390841120401,15.173721980340787,15.458841546240993,4866741
2017-03-31,15.441019058227539,15.53011933537133,15.236089610409326,15.236089610409326,4051099
2017-04-05,15.628132820129395,15.72614161436212,15.432111832770417,15.441022032145531,6329666
2017-04-06,15.699411392211914,15.850881369926295,15.565760112298868,15.63704000184407,5857624
2017-04-07,16.144908905029297,16.287468664502043,15.770689111551738,15.850879188685957,16195053
2017-04-10,16.1983699798584,16.49239972506109,16.136000291398215,16.144910489670604,8960787
2017-04-11,16.421117782592773,16.492397660401924,16.118177877042292,16.1538169662237,10016444
2017-04-12,16.2785587310791,16.563678254648128,16.260738335994436,16.412208295321282,5774586
2017-04-13,16.162731170654297,16.617141141643224,16.082541075806443,16.340931759082146,5002251
2017-04-14,16.242918014526367,16.2607384096918,15.966708687247833,16.162727935728338,5568874
2017-04-17,16.30529022216797,16.4567602056284,16.127091341268255,16.162730437669524,3735354
2017-04-18,16.162731170654297,16.430032053296067,16.162731170654297,16.36766235718035,4584349
2017-04-19,16.073633193969727,16.21619299041518,15.85979179985472,16.162731792163015,4015659
2017-04-20,16.323108673095703,16.421119150540346,16.00234834651068,16.073629929704225,5230062
2017-04-21,16.492399215698242,16.786428951819914,16.332019050641602,16.332019050641602,8270146
2017-04-24,16.2874698638916,16.572589403832954,16.064720010881604,16.44784833052373,5290918
2017-04-25,16.741878509521484,16.768607402227776,16.153817378287357,16.3409281244633,7164357
2017-04-26,16.63496208190918,16.768611677857507,16.501312485960852,16.63496208190918,5998649
2017-04-27,16.590410232543945,16.804249893075934,16.367660373725638,16.626049326242665,5492676
2017-04-28,16.2696475982666,16.741877844185375,16.242917007176224,16.661687770360558,5007920
2017-05-02,16.528038024902344,16.661689293122706,16.216189597578747,16.37656806043954,4724811
2017-05-03,16.367658615112305,16.652778131853793,16.260737946611062,16.53694726602358,6590093
2017-05-04,16.421117782592773,16.519128251872733,16.22509684403285,16.33201751046975,5722203
2017-05-05,16.706241607666016,16.741882405496824,16.34984212659183,16.54586141632094,9085651
2017-05-08,16.813159942626953,17.04481829823569,16.608228782747624,16.741880056413525,11143457
2017-05-09,16.991357803344727,17.044817289980866,16.412208549688316,16.8398878416703,8244258
2017-05-10,16.97353744506836,17.107188711120372,16.848798076162687,16.97353744506836,8259044
2017-05-11,16.92898941040039,16.982448901114513,16.652780059023108,16.884440118046385,8697170
2017-05-12,16.77751922607422,16.955719792141227,16.661690047743246,16.9111688009012,5276705
2017-05-15,16.946807861328125,17.053726830480183,16.74187842091471,16.7775175108166,5924086
2017-05-16,17.757617950439453,17.757617950439453,16.83988797542328,16.83988797542328,11620323
2017-05-17,17.401222229003906,17.926912111715914,17.401222229003906,17.775442116706575,10363531
2017-05-18,17.543779373168945,17.615059260081175,17.31211931584256,17.436858693077323,7962948
2017-05-19,17.909088134765625,17.909088134765625,17.463588438375666,17.552688717542953,7119802
2017-05-22,17.52596092224121,18.220941171374292,17.410131730442405,18.220941171374292,7752517
2017-05-23,17.552690505981445,17.819989671271866,17.338849134413135,17.525959909673745,7495852
2017-05-24,18.131837844848633,18.131837844848633,17.285387748376614,17.374488026865215,9517278
2017-05-25,17.935815811157227,18.310035598695126,17.84671723748573,18.26548631185938,8016867
2017-05-26,17.73088836669922,18.220939074237684,17.650698281819224,17.998189216114714,7380253
2017-05-31,17.561595916748047,17.80216614286835,17.44576675201217,17.650696189323682,9258693
2017-06-01,17.739795684814453,17.811075559863305,17.463586381430943,17.463586381430943,6863214
2017-06-02,17.713069915771484,17.89127050162189,17.552691427842202,17.570510126869856,6791982
2017-06-05,17.133920669555664,17.909091013638697,17.053730575359253,17.819990720148603,10611285
2017-06-06,17.356670379638672,17.356670379638672,17.11610009946003,17.133920497868832,6275851
2017-06-07,17.864538192749023,17.926909581435112,17.24083960090727,17.285388893379338,8592595
2017-06-08,17.837804794311523,17.98927472970673,17.730884140142965,17.953633945168495,5369104
2017-06-09,18.24766731262207,18.256577510559794,17.775438718048132,17.83780840416571,7837264
2017-06-12,18.131837844848633,18.452596468182552,18.016006972979515,18.265487412858306,9381269
2017-06-13,18.755535125732422,18.791175914493767,18.024915950588305,18.06055673934965,10567319
2017-06-14,18.853548049926758,18.96046873068447,18.497148613145324,18.65752878455861,8604768
2017-06-15,18.55951690673828,18.880277225448218,18.354587458427574,18.826816039365603,9255527
2017-06-16,18.253360748291016,18.57563741366885,18.128031692857554,18.57563741366885,9150921
2017-06-19,18.253360748291016,18.253360748291016,18.253360748291016,18.253360748291016,0
2017-06-20,18.360782623291016,18.557728480175353,18.25335652386688,18.31602103708099,5704000
2017-06-21,18.6651554107666,18.933718110066266,18.342878805623005,18.342878805623005,4588544
2017-06-22,19.050094604492188,19.291800326414936,18.539822795482362,18.629344255351445,11716378
2017-06-23,19.130664825439453,19.273898486307775,18.736771404311604,19.02323872604825,8868895
2017-06-26,19.255990982055664,19.5424582610993,18.9158098075816,19.247038666150594,8182184
2017-06-27,19.175426483154297,19.309707839241298,18.969528289988887,19.22018636602327,6603765
2017-06-28,18.978479385375977,19.33656354769855,18.844196330460036,19.193329882769522,7688689
2017-06-29,19.70359992980957,19.846833594028343,18.888957824260313,18.978479291267035,10821214
2017-06-30,19.793119430541992,19.99901758896729,19.50665213056248,19.676741022750445,7410727
2017-07-03,20.052734375,20.178065128064627,19.614081007974274,19.900548373584527,6998820
2017-07-04,19.524555206298828,20.088539201514006,19.51560288967067,19.981113109455944,8687386
2017-07-05,19.793119430541992,20.043777464284165,19.443985914647143,19.497699814003145,6518928
2017-07-06,19.55141258239746,19.864736841294057,19.15751917957089,19.73940611324751,8388275
2017-07-07,19.28285026550293,19.52455599429902,19.10380734067335,19.42608392237464,8319982
2017-07-10,19.148569107055664,19.497702674165716,19.032192389672346,19.032192389672346,6065977
2017-07-11,19.524555206298828,19.721502757158646,19.16647107857162,19.211230954232597,8492735
2017-07-12,19.15751838684082,19.64988554687005,18.817338899030613,19.524554824009638,10598664
2017-07-13,19.443984985351562,19.461889617614506,19.067996245228315,19.247039152898324,6668232
2017-07-14,19.435033798217773,19.640933666243097,19.300752463404606,19.426083189046064,5337302
2017-07-17,18.629343032836914,19.282848451760316,17.94898237295099,19.282848451760316,13288448
2017-07-18,18.468204498291016,18.906859445967434,18.32497085689942,18.4413492577049,7051930
2017-07-19,18.763628005981445,18.90686338469188,18.468208345633762,18.468208345633762,5516422
2017-07-20,19.023242950439453,19.3097103357904,18.718870926633997,18.745727884315762,4962556
2017-07-21,18.65620231628418,19.24704159612497,18.557728533817404,18.987429517796173,4833792
2017-07-24,18.9337158203125,19.13066336962902,18.486110237291022,18.566679378833275,4646168
2017-07-25,18.51296615600586,19.023236219037404,18.217546555962347,19.023236219037404,6541630
2017-07-26,17.85946273803711,18.656200097858648,17.716229093742893,18.441349631417324,13074707
2017-07-27,18.423444747924805,18.53087083342126,17.814700914230855,17.814700914230855,9927962
2017-07-28,18.351829528808594,18.656201472226247,18.262308067659898,18.42344635623158,4599717
2017-07-31,18.45925521850586,18.64724874605983,18.235452424286475,18.26230766680572,3162745
2017-08-01,18.754674911499023,19.00533294921227,18.36078151404701,18.396589073371832,5196824
2017-08-02,19.0411434173584,19.56036586642576,18.75467609476674,18.75467609476674,9594356
2017-08-03,19.121713638305664,19.24704267210249,18.799437028565222,18.97847996897214,5441090
2017-08-04,18.709915161132812,19.220185310734983,18.53982454210543,19.130665549912138,5848678
2017-08-07,18.441349029541016,18.70991167695757,18.23545088602301,18.70991167695757,4733066
2017-08-08,18.557727813720703,18.638296958525384,18.13697916333615,18.45030342563437,3974131
2017-08-09,18.9337158203125,19.03218959497076,18.450302678538797,18.55772706227527,3999852
2017-08-10,19.336559295654297,20.231770358346814,19.220180901315697,19.220180901315697,10444778
2017-08-11,19.059049606323242,19.86473944369334,19.03219265233488,19.38132451678324,8430076
2017-08-14,19.560365676879883,19.837880679516353,19.094855428439413,19.094855428439413,9012737
2017-08-15,19.640933990478516,19.87368910482094,19.381321925738174,19.515603262768078,6316149
2017-08-16,19.909494400024414,20.0974896164675,19.470841171630077,19.658834680593515,9237359
2017-08-17,19.53350830078125,19.91844939372187,19.51560366681195,19.91844939372187,6600597
2017-08-18,19.685693740844727,19.855784343981874,19.336561925308327,19.3544665587922,5534556
2017-08-21,19.784168243408203,19.891592633293193,19.560365439087928,19.71255141432491,3429926
2017-08-22,19.560365676879883,19.784168483920887,19.452939578209037,19.73045628832542,3441803
2017-08-23,19.766263961791992,19.855785426612666,19.42608444444934,19.470844323119717,3568854
2017-08-24,19.13961410522461,19.793119558440434,19.076949596384143,19.793119558440434,5838186
2017-08-25,19.291799545288086,19.399225634277258,19.09485370753432,19.09485370753432,2998357
2017-08-28,19.596174240112305,19.739407907344006,19.23809007203305,19.25599470730701,4367037
2017-08-29,19.95425796508789,20.464528063041126,19.87368882251845,19.882639431710775,9550358
2017-08-30,20.043777465820312,20.142251240500737,19.739405532698807,20.052729782380332,5692376
2017-08-31,20.08854103088379,20.20491774268809,19.712552235660723,20.04377944366678,5389028
2017-09-01,20.715185165405273,21.01955708860744,20.088538393944148,20.17805984914709,14105236
2017-09-04,20.661474227905273,20.983750803182428,20.410814479636393,20.768900322157606,10187469
2017-09-05,21.055370330810547,21.17174704932085,20.491386251737374,20.661476878003256,14344688
2017-09-06,21.046415328979492,21.08222288877025,20.768900337551713,21.055367645797144,6261506
2017-09-07,20.858421325683594,21.15384096823688,20.83156608112053,20.938990474332666,4488802
2017-09-08,20.39291000366211,20.813658616924442,20.32129318209661,20.733089479228294,11446498
2017-09-11,19.20227813720703,20.1422490778481,18.906858552364444,20.13329676224928,41883598
2017-09-12,19.211233139038086,19.614078895719874,18.978479710155277,19.050096543845374,13276491
2017-09-13,19.229137420654297,19.37237108540003,18.94267009116283,19.211232785691088,8729410
2017-09-14,18.915809631347656,19.381319809196352,18.862097443897316,19.229133855187342,7612274
2017-09-15,18.969528198242188,19.059049671027243,18.84419745335108,18.91581429008311,5037117
2017-09-18,19.49770164489746,19.560366159217395,18.88895772153817,19.01428675017804,8578991
2017-09-19,19.336559295654297,19.57826669237638,19.202277977746338,19.47979292908673,5566874
2017-09-20,19.336559295654297,19.524552799229518,19.139611769075003,19.336559295654297,3359895
2017-09-21,18.969528198242188,19.515605938018886,18.933718926136137,19.33656469992885,4652794
2017-09-22,19.175426483154297,19.372372358249894,18.969528289988887,18.978480608058696,3678312
2017-09-25,18.88895606994629,19.139614105309267,18.351829025271645,19.139614105309267,11094564
2017-09-26,18.790485382080078,19.05009748419665,18.575634870404336,18.754677817207497,5665478
2017-09-27,18.790485382080078,18.942671374618737,18.53087498744359,18.727820862943,5032320
2017-09-28,19.193328857421875,19.309705563654635,18.602489594283504,18.754675568575504,6198517
2017-09-29,19.238086700439453,19.515601668629664,19.12171000651443,19.130662322582463,4094953
2017-10-09,19.649887084960938,19.873689891361497,19.3544674488114,19.48874879115575,8013519
2017-10-10,20.410818099975586,20.545101168479228,19.45294222853314,19.649889818349067,20848352
2017-10-11,19.900543212890625,21.037461769370914,19.864735655215203,20.6167131486762,16442937
2017-10-12,19.96320915222168,20.348150242868766,19.775215619103726,20.052730614054934,10608062
2017-10-13,20.133296966552734,20.303387549697078,19.84682969440203,20.04377551713573,7924147
2017-10-16,19.84683609008789,20.31234641108431,19.7841715675461,19.91845293120425,6502643
2017-10-17,20.12434959411621,20.276535583263495,19.757313098081,19.784170051747008,6696135
2017-10-18,20.383960723876953,20.464529873574488,19.990067292853446,20.14225327478435,7670853
2017-10-19,20.464529037475586,20.912134647516748,20.29443842756557,20.375007573971374,9447357
2017-10-20,20.213871002197266,20.455578461993984,19.936355978438094,20.410816872690866,5238271
2017-10-23,20.992704391479492,21.01955963605926,20.160157659907714,20.231774491253677,11612440
2017-10-24,20.93899154663086,21.126986805599362,20.72414104172402,20.921088618498647,6941559
2017-10-25,21.126983642578125,21.306024849455362,20.768899521343872,20.947940728221113,7096920
2017-10-26,20.661474227905273,21.529828468815577,20.63461727747223,21.288122744837555,14212360
2017-10-27,20.750995635986328,21.18069659694781,20.5182405219289,20.768900269563016,9939017
2017-10-30,21.22545623779297,21.279170137926773,20.48243102740688,20.867372107633376,11582373
2017-10-31,21.1717472076416,21.18965184369402,20.822615342019848,21.18069952566781,7139847
2017-11-01,20.849468231201172,21.38659354821294,20.643568371701605,21.055366383221,9870532
2017-11-02,20.527193069458008,20.813660379985766,20.437671608048117,20.69728367538881,5268360
2017-11-03,20.62566566467285,20.89422832601796,20.366053612223453,20.527191892022422,7502720
2017-11-06,21.037466049194336,21.386597918085208,20.285488402752385,20.56300343424308,15623582
2017-11-07,20.956893920898438,21.44925939474645,20.688331245614037,20.94794160405831,12338752
2017-11-08,20.92108726501465,21.56563873803608,20.688332139553594,20.795756531317206,23455809
2017-11-09,21.046415328979492,21.055367645797144,20.482431321826443,20.750995703916413,13789270
2017-11-10,21.59249496459961,21.601445574046064,20.965846439596223,21.11803241238391,18841993
2017-11-13,21.870010375976562,22.335520620132993,21.55668610750666,21.83420110758919,23801140
2017-11-14,22.111717224121094,22.254950878882248,21.673062235500232,21.977434178737642,17072841
2017-11-15,22.013242721557617,22.505608180156898,21.753630663673775,22.11171649626939,13771443
2017-11-16,22.147525787353516,22.19228737366898,21.574591142354986,21.93267529547907,12244666
2017-11-17,21.511924743652344,22.09381165491643,21.511924743652344,21.92372105678454,10573416
2017-11-20,21.61935043334961,21.69096726202713,21.109080315587303,21.198601778304173,10445560
2017-11-21,21.118030548095703,21.762581942571217,20.813658629390115,21.690965120962826,17090304
2017-11-22,21.001651763916016,21.47611426561886,20.87632275525023,20.87632275525023,9500146
2017-11-23,20.070636749267578,21.22545840011345,19.936355400212943,21.21650778999247,12282863
2017-11-24,19.793119430541992,20.169108188635047,19.74835784774532,19.900543814294412,6889060
2017-11-27,19.130664825439453,19.900545325736704,19.03219104328751,19.873690081498847,8865021
2017-11-28,19.39922523498535,19.443985108446363,18.897907480807213,19.139613187968273,10085055
2017-11-29,19.452939987182617,19.479796939284938,18.906862287608305,19.40818010782536,6125897
2017-11-30,19.47979736328125,19.855786163497783,19.175425396083106,19.336563697244475,9966839
2017-12-01,19.802072525024414,20.106442762599965,19.399226801427588,19.569317407777344,7547439
2017-12-04,19.98111343383789,20.02587501770535,19.72150307732597,19.784167587260576,4521871
2017-12-05,20.043777465820312,20.249677331741186,19.811022357699173,19.828926990819213,6005463
2017-12-06,20.643569946289062,20.68833153110739,19.92740166399451,20.05273068652609,10637171
2017-12-07,20.876327514648438,21.11803497859109,20.464531130876573,20.768903113438416,9869260
2017-12-08,21.037466049194336,21.153842769664596,20.571955752353112,20.938992257464054,11335354
2017-12-11,21.610395431518555,21.61934774742602,20.876322601903045,20.876322601903045,11251052
2017-12-12,21.79839515686035,22.00429334285709,21.377644759628733,21.655161487690446,8803176
2017-12-13,22.129619598388672,22.21914105725147,21.565637310268734,21.69096632818876,8444899
2017-12-14,21.93267250061035,22.263901367216764,21.798391173735208,22.06695382748549,7200095
2017-12-15,21.825246810913086,22.380278468215927,21.67306084903003,21.977432772796146,7692036
2017-12-18,21.717823028564453,22.371326768038752,21.171743672507407,21.977433378055977,9354538
2017-12-19,21.69096565246582,21.88791319732457,21.3776414099467,21.78048710853982,7248346
2017-12-20,21.89686393737793,22.63989083200755,21.76258260620237,21.91476857019594,12888395
2017-12-21,22.43399429321289,22.71151102056759,21.941628770130716,22.031150240003843,12035877
2017-12-22,21.5745906829834,22.514561778355002,21.476116902666032,22.469801900472504,7447355
2017-12-25,22.272857666015625,22.389236097857637,21.494024746679706,21.75363515063163,8570606
2017-12-26,21.55668830871582,22.308665946838005,21.485071472107997,22.19228922765532,8737683
2017-12-27,21.386594772338867,22.129619991379478,21.189648925327084,21.65515915369658,7873634
2017-12-28,21.10907745361328,21.628299817998965,20.885274680904285,21.520875443287252,7594420
2017-12-29,21.62830352783203,21.88791560829512,21.126985709068755,21.126985709068755,9504502
2018-01-02,21.48506736755371,22.075906583563057,21.153838494346168,21.93267293771108,8876492
2018-01-03,20.930034637451172,21.592492349942134,20.715184179675585,21.45820931978769,18605146
2018-01-04,21.064319610595703,21.252313138185148,20.867372058858404,20.930036568054884,10617473
2018-01-05,22.46084976196289,22.47875439625019,20.974799265715326,21.198602071866826,19707392
2018-01-08,22.648841857910156,22.68465112420544,22.10276420674542,22.460848332299296,15520759
2018-01-09,22.693603515625,22.872644725252535,22.308662439080088,22.648841932608264,10101045
2018-01-10,22.639890670776367,22.836836507932645,22.2012357072578,22.684650545022873,9646663
2018-01-11,22.380281448364258,22.55932438294316,22.031149604163367,22.532467430512334,7143823
2018-01-12,22.06695556640625,22.34447055814758,21.941626545777233,22.34447055814758,6666323
2018-01-15,21.85210609436035,22.550371471861308,21.68201548173577,22.02219670698493,8565697
2018-01-16,21.85210609436035,22.53246683737874,21.68201548173577,21.69096779897706,13559255
2018-01-17,23.311298370361328,23.365010559434687,21.89686316243203,21.89686316243203,23440595
2018-01-18,23.194921493530273,23.338155145462206,22.94426174890948,23.275490636176965,9149436
2018-01-19,23.29339599609375,23.44558196945331,22.94426246457483,23.168065266134196,10404903
2018-01-22,23.30234718322754,23.35605937490316,22.827884652233493,23.29339486670164,9858158
2018-01-23,23.329206466674805,24.0006149551083,22.953217644852845,23.418727939961954,10480422
2018-01-24,23.902137756347656,24.65411523907408,23.09644637665526,23.09644637665526,22357522
2018-01-25,24.063276290893555,24.573548108883678,23.63357532493542,23.767856663362355,14505453
2018-01-26,24.170700073242188,24.752586955731708,23.875280473979526,23.875280473979526,12270514
2018-01-29,23.42768096923828,24.761545668520995,23.4097763325413,24.33184463267424,13580775
2018-01-30,24.027469635009766,24.17070329571934,23.409773406024783,23.409773406024783,10322891
2018-01-31,23.365013122558594,24.34974580348633,22.96216739161728,23.982709340841975,13396224
2018-02-01,23.05168914794922,23.535104031224726,22.20123779736301,23.3650134196115,11760019
2018-02-02,23.29339599609375,23.88423525561208,22.836838076015063,23.05168856061447,13502344
2018-02-05,23.624622344970703,23.812617579475837,22.38923167564482,23.096447615499834,9614073
2018-02-06,21.91476821899414,23.11435127890043,21.49401959939228,23.096446646369355,14466329
2018-02-07,21.977436065673828,22.980073442566074,21.75363324745931,22.56827536916176,12772143
2018-02-08,22.989023208618164,23.194921368727485,21.843152291848355,21.995338259642157,12551598
2018-02-09,21.673063278198242,22.711509886396374,21.55668656841083,21.664112668389922,13103853
2018-02-12,22.87264633178711,23.024832309773682,21.73572936298381,21.74468168021595,10048046
2018-02-13,23.114351272583008,23.714142802372223,22.917405437234212,23.00692689238539,9102189
2018-02-14,23.8663330078125,23.902142279232493,22.89055255885821,23.40082272423283,6645230
2018-02-22,24.188608169555664,24.46612317649184,23.633576448203367,23.97375767636508,9998716
2018-02-23,24.0811767578125,24.340788780332037,23.794709496742364,24.10803370384266,5749658
2018-02-26,24.421363830566406,24.66306957350794,24.04537503240405,24.41241151305302,10420593
2018-02-27,23.95585060119629,24.636211280727156,23.82156927006725,24.322887036439553,10944775
2018-02-28,24.77049446105957,25.012201899624,23.74100190224205,23.884235560469886,13021334
2018-03-01,25.003250122070312,25.03010536639258,24.439266086583654,24.788399630092513,9440151
2018-03-02,24.752588272094727,25.343427502041365,24.663066814455583,24.940583503884902,7798559
2018-03-05,25.791034698486328,26.01483750286485,24.663068359521,24.663068359521,12742301
2018-03-06,26.75786018371582,27.10699368621196,25.674655533803506,25.674655533803506,17856755
2018-03-07,26.40873146057129,26.856337078547075,25.987982794366825,26.73100805190743,13077911
2018-03-08,26.67729377746582,26.910048900474784,26.122263775081283,26.37292182487563,10828142
2018-03-09,26.94585609436035,27.08013742605143,26.29235236131194,26.63253184876132,11095284
2018-03-12,27.08013916015625,27.97535037206224,26.793671845543113,27.465080254472607,17772509
2018-03-13,26.65938949584961,27.321845562679904,26.47139426057787,26.945856799616244,14407596
2018-03-14,26.954809188842773,27.482983921889016,26.498251281930944,26.498251281930944,12718929
2018-03-15,27.098041534423828,27.35765187633755,26.507202320435656,26.856334117570558,12263684
2018-03-16,26.417682647705078,27.330798479108637,26.417682647705078,27.017474218433314,10061363
2018-03-19,28.960079193115234,29.0048424823612,26.274447463893377,26.319207338179837,21570180
2018-03-20,29.112266540527344,29.345019933209333,28.476665746339606,28.673611581485805,17069631
2018-03-21,29.407686233520508,30.16861779420343,28.8078963752379,29.01379453919878,17492377
2018-03-22,28.56618881225586,29.631488894344418,28.422955159076224,29.434544755572208,17002739
2018-03-23,28.700471878051758,29.228646614859535,27.491934726901924,27.73364215713189,22211158
2018-03-26,29.85529327392578,30.186523889121656,28.467716544867976,28.619902522875858,23447114
2018-03-27,29.900053024291992,30.571461369912686,29.550917816003302,30.159661655896155,21086942
2018-03-28,29.103313446044922,30.23128142533309,28.843704803791876,29.45244866865479,16508444
2018-03-29,28.485618591308594,29.336069868935326,27.92163631668397,29.228645486854333,18730637
2018-03-30,30.186519622802734,30.616220544395738,28.28867132454746,28.485617153407667,26524575
2018-04-02,30.168617248535156,30.419275284482563,29.75682092806167,30.186521881811345,14615048
2018-04-03,29.873199462890625,30.168620824525625,29.38083394179232,29.85529482749214,8936454
2018-04-04,29.900053024291992,31.1443959451155,29.729960724494042,30.302895299696857,12785345
2018-04-09,29.524063110351562,30.42822827789408,28.93322389208952,29.891099542681626,13290450
2018-04-10,29.935861587524414,30.0522400008363,28.986939891940626,29.452450130228414,9319323
2018-04-11,29.425594329833984,30.213381226141458,29.20179150593664,29.926913884749663,11453767
2018-04-12,30.50880241394043,31.063832457761908,29.165985478431644,29.353979029812457,17125137
2018-04-13,29.783679962158203,31.305539834781026,29.434548106224742,30.822124919660826,16453253
2018-04-16,30.070146560668945,30.705745739920175,29.34502420584432,29.738919348447315,12525667
2018-04-17,29.36292839050293,30.57146563000382,29.345023755662925,29.94481707044335,12022644
2018-04-18,28.78104019165039,29.810530977807357,27.527743200287617,29.541968312503784,20493621
2018-04-19,28.969038009643555,29.255505350422027,28.557239926664472,28.557239926664472,9975372
2018-04-20,29.36292839050293,29.953767680383393,28.646760071702353,28.96903666890259,11961843
2018-04-23,29.83738899230957,30.526698566260407,29.237595751586245,29.237595751586245,14665824
2018-04-24,29.953765869140625,30.48194061262339,29.327117347472303,29.33607137183083,10589937
2018-04-25,32.952720642089844,32.952720642089844,29.828432512223387,29.873192382631036,20596185
2018-04-26,32.138084411621094,33.033295638519064,31.950087458603058,33.033295638519064,12590616
2018-04-27,33.03329086303711,34.83266366639206,32.27235938120256,32.27235938120256,22272813
2018-05-02,33.35557556152344,34.286596245490514,32.49617342938176,33.695756852773044,13772324
2018-05-03,32.94377136230469,33.45404147133126,32.5588302744482,33.29290318269553,10386001
2018-05-04,33.55251693725586,34.71629086875605,33.05119741239675,33.05119741239675,13893018
2018-05-07,33.9732666015625,34.43877684739606,33.16757513474291,33.84793757671497,14546604
2018-05-08,33.68680191040039,34.00012449695354,33.26605150992039,33.973269250951866,10119591
2018-05-09,33.471946716308594,33.90164768886424,32.98853184157358,33.659940251496735,8509847
2018-05-10,34.8237190246582,35.14599220640352,33.21233604113208,33.489852758286005,16745582
2018-05-11,34.0806999206543,35.08333579706613,33.63309419181464,34.6178254292776,13215814
2018-05-14,33.946414947509766,34.232885739794035,33.078062204042354,33.97327361191922,10584026
2018-05-15,34.99380111694336,35.15493938390991,33.6062246313618,33.72259961253601,10905776
2018-05-16,35.360843658447266,35.808449274376976,34.59991547735069,35.09228097188141,12900519
2018-05-17,35.07437515258789,35.629405141402295,34.99380600784389,35.441411608652864,5661314
2018-05-18,34.9042854309082,35.31608175435533,33.65993902142461,34.85057153069176,11543568
2018-05-21,34.08964157104492,35.074372450992094,33.78526964934061,35.074372450992094,16933857
2018-05-22,34.519351959228516,34.626776368381435,33.74946962788504,34.08965090765643,12995618
2018-05-23,34.680484771728516,35.262370025926195,34.01802695476393,34.17916525037803,14228415
2018-05-24,35.01169967651367,35.40559125247893,34.68047259183928,34.68047259183928,10434160
2018-05-25,35.280277252197266,35.78159681037574,34.626773411958965,35.01171454476455,11775513
2018-05-28,35.307132720947266,35.59360006600873,34.71629339488797,35.58464945552062,10028383
2018-05-29,34.52829360961914,37.321351427461735,34.27763558165979,35.27132049958366,19651286
2018-05-30,34.01802444458008,35.07437389789801,33.176527174546976,33.65993861075855,14653141
2018-05-31,35.62940216064453,35.78158982796661,34.07173671252113,34.58200678155736,11100055
2018-06-01,33.391380310058594,35.960635746632654,33.319765182903666,35.71893170439472,14653855
2018-06-04,33.38243103027344,33.72260887399767,32.066469293621765,33.391381640914524,14840436
2018-06-05,34.80581283569336,35.101230759508844,33.38242687377572,33.516706506433756,14401733
2018-06-06,35.333988189697266,35.59359684991696,34.74314891702379,35.01171160188267,9541674
2018-06-07,34.94904708862305,35.56674160528343,34.80581342903688,35.40560331137902,5950185
2018-06-08,34.27764129638672,35.19075722684874,33.830035649001026,34.92219110644926,9218208
2018-06-11,32.99748611450195,34.3761122128467,32.58568977290593,34.35820757865211,12504946
2018-06-12,33.55251693725586,33.92850743464015,32.657305695338806,33.06910204703028,10679402
2018-06-13,32.585693359375,33.83898715629855,32.54988408704457,33.588329079905876,9271070
2018-06-14,32.021705627441406,33.28395330624366,31.959041115476452,32.67520940576146,12609887
2018-06-15,32.20970153808594,32.49616887532054,31.69048076995823,31.985898717436402,7872626
2018-06-19,30.276039123535156,32.13807985039164,30.168614747742463,31.806849284678552,12734702
2018-06-20,31.144393920898438,31.68151919650098,28.825797114786177,29.90005108095048,31441868
2018-06-21,31.153350830078125,32.46931246091739,30.884788137957436,31.054877046143226,24584911
2018-06-22,31.33933448791504,31.878427156977725,30.03652320563468,31.09674175859655,12603886
2018-06-25,32.39057540893555,32.77692652142997,31.22253867632224,31.447161256727437,18740610
2018-06-26,32.07610321044922,32.35463299957917,31.447159338191714,31.986252127287653,13298022
2018-06-27,31.069793701171875,32.25580052685594,30.5846081559007,32.25580052685594,11263776
2018-06-28,31.195581436157227,31.62685632909193,30.342015044373294,30.944001844677516,12278325
2018-06-29,32.95661926269531,33.513682200846944,31.006893837962675,31.168622340566046,20550116
2018-07-02,32.93864822387695,34.04379067902926,32.57026740549285,32.74996611805121,20261362
2018-07-03,32.085079193115234,33.21717858714819,31.26745337629924,33.03747988980529,15529642
2018-07-04,30.997909545898438,32.076098389510214,30.728363191862456,32.076098389510214,10870299
2018-07-05,30.162317276000977,31.5190394664824,30.036529189989356,30.997913478756217,9613313
2018-07-06,30.476783752441406,31.339336887438474,29.919720828095613,29.93769104210262,11239401
2018-07-09,31.626853942871094,31.734671801102955,30.458817434200167,30.458817434200167,12123920
2018-07-10,32.24681091308594,32.41752623504883,31.402231406551092,31.743658623008972,10915428
2018-07-11,32.58824157714844,33.33398669775044,31.27644664285788,31.447158555412972,14964624
2018-07-12,33.828155517578125,34.124655484786835,32.543314328915216,32.79489047411872,15230100
2018-07-13,33.96293258666992,34.59187648090739,33.37891594931751,33.78323384153515,16170350
2018-07-16,34.86141586303711,35.17588946054834,33.54063772138685,33.8551078914303,15282538
2018-07-17,34.09770584106445,35.08604374994874,33.60353688662231,35.0231497063362,12647258
2018-07-18,34.06175994873047,35.70599849597428,34.06175994873047,34.48405139741516,12646494
2018-07-19,33.54962158203125,34.394201070109524,32.89372419860857,34.160595144459904,11027898
2018-07-20,33.31601333618164,33.67540730657267,33.00153975618843,33.657437093932984,9764466
2018-07-23,32.18391799926758,32.79489159635604,30.54866614455083,31.986249062718947,32376731
2018-07-24,32.45346450805664,32.830832167871975,31.177610091109475,31.806553905823,21606800
2018-07-25,33.22616195678711,33.81018186588268,32.28274808072066,32.50737059537779,14939319
2018-07-26,32.56128692626953,33.54962479258916,32.56128692626953,33.20819755091932,9615086
2018-07-27,32.96560287475586,33.181242022146066,32.08508292555947,32.76793736940514,10410787
2018-07-30,31.483097076416016,33.06443830254039,30.683441355806824,33.06443830254039,20435401
2018-07-31,31.006895065307617,31.977266119337994,30.827199768606953,31.12369975013751,8888894
2018-08-01,29.757997512817383,31.339342346197757,29.47946771586345,30.99791507552974,16526141
2018-08-02,29.937694549560547,30.683443094616837,29.542360077493136,30.03652902444447,17675760
2018-08-03,28.931385040283203,30.656484574017643,28.931385040283203,30.117391826592655,14084878
2018-08-06,28.032894134521484,29.560328116917248,27.83522519930909,28.87747366480243,14304833
2018-08-07,28.545034408569336,28.832551001829465,27.583650157205494,28.34736546540244,14293655
2018-08-08,27.484811782836914,28.661833312011286,27.044551847706558,28.41025718549899,14192370
2018-08-09,28.715744018554688,29.012247409595915,26.72109652700872,27.134402882071758,20893822
2018-08-10,29.102094650268555,29.80291585218084,28.53604662459064,28.625895979991522,16223218
2018-08-13,30.20723533630371,30.252159154522253,28.392286688773858,28.464165826163814,13654630
2018-08-14,31.006895065307617,31.43817337429984,30.342014241591762,30.80922955344327,16230145
2018-08-15,29.605253219604492,31.294415780634832,29.362660450669164,31.141670662060072,14118409
2018-08-16,30.350996017456055,30.890092161223574,29.200929728033984,29.353671407580645,13461109
2018-08-17,28.329397201538086,30.35998530065849,28.041878892129265,30.09942231474446,17610023
2018-08-20,27.727405548095703,28.751683732677492,26.64921672262674,27.89811743637007,17583589
2018-08-21,29.964645385742188,30.04550963702698,27.727406812642798,27.853194886315155,15909087
2018-08-22,30.27911949157715,30.629530110374333,29.39859953403171,30.063480342142263,12281805
2018-08-23,30.32404136657715,30.773286423859773,29.5603261401838,30.377952007339466,11908601
2018-08-24,30.548664093017578,30.818210443638876,29.955660750663593,30.189266673877306,8708875
2018-08-27,31.60888671875,31.770615235131068,30.261151367219902,30.72836670037986,13727214
2018-08-28,30.944000244140625,31.474109581937288,30.67445387843188,31.44715597360681,10446368
2018-08-29,30.180286407470703,30.890094498702354,29.802918735530927,30.782273205309185,12084219
2018-08-30,30.009571075439453,30.45881613089533,29.695097480139683,30.32404124327146,7545291
2018-08-31,28.25751304626465,29.784946832340385,27.853191834146426,29.757989799887454,20496401
2018-09-03,28.805599212646484,28.83255282388414,27.30511868349688,28.230564276053183,19157924
2018-09-04,29.371644973754883,29.479466271293973,27.970000666695462,28.75168793651242,15365701
2018-09-05,29.182960510253906,29.964646003818668,29.07514264880622,29.20093072507319,12797173
2018-09-06,28.661834716796875,29.51539930945203,28.589955575165558,29.182958922057406,8136645
2018-09-07,30.512725830078125,30.67445433741693,28.805596536733457,28.86849057542432,19187731
2018-09-10,29.89276885986328,30.494755638500074,29.623222489914447,30.20723905355891,12148728
2018-09-11,29.928709030151367,30.41389112086204,29.740023488103194,29.740023488103194,9479727
2018-09-12,28.356351852416992,30.31506258826789,28.212593549301467,29.74901277023312,19052440
2018-09-13,26.325759887695312,28.922395791741277,25.51711912068544,28.652849440649288,50815440
2018-09-14,26.379671096801758,26.640232346635514,25.517119670017372,26.05621409754087,23685154
2018-09-17,24.645584106445312,26.13707755890298,24.30415690336191,26.13707755890298,27849992
2018-09-18,25.3194522857666,25.472195677309813,24.259233651964788,24.51979661378188,17793385
2018-09-19,26.038244247436523,26.604294004056516,24.897161340743875,25.148739200767647,21727389
2018-09-20,26.110126495361328,26.577341842208376,25.840580102652584,26.056217559566413,11637646
2018-09-21,26.631248474121094,26.927750165943877,25.615955321435216,26.32576167482077,15971792
2018-09-25,26.550384521484375,26.71211303044514,26.146064962816503,26.32576197320199,7198619
2018-09-26,27.17034339904785,27.736393183836753,26.19098894551002,26.775007231832404,18118417
2018-09-27,27.1344051361084,27.59263363695663,26.79297789525064,27.1344051361084,13001168
2018-09-28,27.269176483154297,27.55669305788373,26.954704586893744,27.053539052107226,9089508
2018-10-08,25.274526596069336,26.936733678869714,25.157723633243627,26.595308183604335,14944285
2018-10-09,25.930429458618164,26.343734155731333,25.22960643869486,25.22960643869486,12228250
2018-10-10,25.409303665161133,26.415611737082603,24.546752175494376,26.325762373656097,12619504
2018-10-11,24.780357360839844,25.517118982657617,24.124459986659033,24.600658651927944,14949880
2018-10-12,25.292497634887695,25.580014211590544,24.645585337306287,24.645585337306287,11285150
2018-10-15,25.292497634887695,26.110123542536666,25.004981058184846,25.121784024820137,11005865
2018-10-16,24.852237701416016,25.993320616505144,24.61863005404654,25.606969573306937,9258736
2018-10-17,25.11280059814453,25.60696949948307,24.465886587683638,25.60696949948307,12044562
2018-10-18,23.612323760986328,24.97802760234384,22.911500767620712,24.483858663437818,13687300
2018-10-19,25.472196578979492,25.472196578979492,23.25292476954442,23.26190987686313,20594152
2018-10-22,26.981660842895508,27.08947870528618,25.98433619024468,26.056215336416468,21879417
2018-10-23,26.46053695678711,27.06252545663585,25.88550206602766,26.864856516732832,12935798
2018-10-24,25.77768325805664,26.595309169343146,25.445241143681233,26.307792591361164,12193167
2018-10-25,25.247573852539062,25.562045751457646,24.591676446676914,24.81629898679962,11730529
2018-10-26,24.654571533203125,25.696820026639926,24.313144297991798,25.606970664019364,12239555
2018-10-29,24.07953453063965,24.798327654883966,23.37871333382547,24.70847830013669,12516598
2018-10-30,25.238590240478516,25.454227686123097,23.79202044799527,24.25923577042557,15111482
2018-10-31,25.750728607177734,26.388657530714273,24.978026498417258,25.15772522120519,14994204
2018-11-01,25.876514434814453,26.75703604342935,25.84057572162231,25.921439968471983,15868737
2018-11-02,27.943044662475586,27.969998270817396,26.7750064118671,26.93673491685397,22380836
2018-11-05,27.6106014251709,28.545031987754257,26.999627859440842,27.853194172810877,17199273
2018-11-06,27.556692123413086,27.83522358152024,27.026582814081912,27.493798089040556,8812391
2018-11-07,27.583648681640625,28.28446991178881,27.269176781934497,27.574663574365136,11070654
2018-11-08,28.12274169921875,28.661836145186875,27.511769821771146,27.898119156209866,12364294
2018-11-09,27.853195190429688,28.26649984485665,27.28714713898972,27.808271367551626,8929542
2018-11-12,28.518077850341797,28.643865926012403,27.44887406593963,27.853195328786583,11933054
2018-11-13,29.12904930114746,29.380628876272706,28.041877031665067,28.131726390285806,12886218
2018-11-14,28.913414001464844,29.290778228419803,28.751685496350433,29.102096114942324,10000002
2018-11-15,28.571985244750977,29.003260092779286,28.095786576036602,28.91341245140715,19918565
2018-11-16,26.595308303833008,28.39228857147397,25.804636026379985,28.311424322331412,38636702
2018-11-19,27.376995086669922,27.745375922281468,26.334746618051792,26.59530959207333,25116447
2018-11-20,26.775007247924805,27.58364979810925,26.595310236343636,27.134404698555247,13614135
2018-11-21,28.059846878051758,28.66183534505975,27.13440312347971,27.224250767187865,20836428
2018-11-22,27.709436416625977,28.392289137593142,27.583648343777853,27.94304406172532,13102011
2018-11-23,26.90978240966797,28.15868325014126,26.703128359431744,27.718423253958115,16250955
2018-11-26,26.685157775878906,27.63755684202022,26.2359127070172,26.99962795309495,16160386
2018-11-27,27.808273315429688,27.871167357358097,26.235915412283063,26.828918827228204,17969947
2018-11-28,27.412933349609375,27.745373729258482,26.972673403158424,27.61060055605658,11742247
2018-11-29,27.77233123779297,28.275485257136683,27.412935509690314,27.448874225633574,15304399
2018-11-30,28.12274169921875,28.446198709546426,27.85319533310169,28.032894053002398,12746739
2018-12-03,29.2458553314209,29.52438852737527,28.167668119406418,28.77864001601426,17464085
2018-12-04,30.000587463378906,30.126375543964187,28.931385350935873,29.06615682550519,16402756
2018-12-05,29.82088851928711,30.43186212979548,29.515401714032926,29.551342144643563,15616263
2018-12-06,26.837902069091797,30.135361053818905,26.837902069091797,29.605251717661634,14445701
2018-12-07,24.15141487121582,24.960057390370157,24.15141487121582,24.15141487121582,26495396
2018-12-10,21.734477996826172,22.57905753457727,21.734477996826172,21.734477996826172,76073746
2018-12-11,22.0040225982666,22.38138851318771,21.518838829787402,21.563762649814294,38572966
2018-12-12,21.707523345947266,21.896207181271087,21.4469620760756,21.869251858015094,23444813
2018-12-13,21.698535919189453,21.923158447780928,21.491883604181435,21.869249520764463,23957567
2018-12-14,20.37775421142578,21.68056373031875,19.632007552995432,21.608684596267643,48346443
2018-12-17,20.368772506713867,20.701214628296356,19.856633376863947,20.12617974613211,19956141
2018-12-18,20.054298400878906,20.809030208545003,19.8656163058293,20.431664304711955,26573676
2018-12-19,18.940168380737305,20.189068882841052,18.526863819711224,20.09023615209729,45606324
2018-12-20,18.94915771484375,19.101901111426145,18.625700707084807,18.985096430298086,25899290
2018-12-21,18.31122398376465,19.003061639815932,17.88893433442955,18.949152723966108,39523312
2018-12-24,18.589763641357422,18.74250705149485,18.131533410945135,18.284276821082564,24289456
2018-12-25,18.428035736083984,18.616717871141084,17.906911445410884,18.31123104070504,20775702
2018-12-26,18.167469024658203,18.913215731703804,18.095589885921296,18.607728963638486,21526606
2018-12-27,18.05965232849121,18.652655689431864,18.02371189995713,18.616715260897784,22400569
2018-12-28,18.69757843017578,18.9581413807789,17.29593435934211,18.032695964347834,42163735
2019-01-02,17.134206771850586,18.598746666258865,17.08928295014425,18.580776452082752,37156920
2019-01-03,16.855676651000977,17.38578601532562,16.80176771790829,17.22405750231348,22412968
2019-01-04,17.412738800048828,17.493603052723827,16.442369481682857,16.532218841736633,30070784
2019-01-07,17.251014709472656,17.52954622688922,17.116239791422903,17.475637287909883,24650635
2019-01-08,17.233043670654297,17.49360495808251,17.098270472761484,17.206088345582057,17525232
2019-01-09,17.251014709472656,17.58345516586856,17.098271287585973,17.251014709472656,21169653
2019-01-10,16.59511375427246,17.23304270191467,16.55917503659726,17.224057594062348,29821737
2019-01-11,16.59511375427246,16.846691632935233,16.541204820892613,16.720903550470894,16689332
2019-01-14,16.26267433166504,16.71191946948046,16.199780286568352,16.658010532788182,15194973
2019-01-15,16.59511375427246,16.631054185681755,16.262673332406965,16.361506091314336,20049051
2019-01-16,17.12522315979004,17.322892105515844,16.415416775207106,16.613084007198815,34231589
2019-01-17,18.086605072021484,18.419047165142572,16.945523940326005,17.206085179813236,56066970
2019-01-18,18.8682918548584,19.021035238423273,17.727209031387506,17.844013702560915,44884453
2019-01-21,19.003067016601562,19.623025722354907,18.643671286358327,18.859308724504267,45607747
2019-01-22,18.28427505493164,18.760473741800766,18.086606123415574,18.661640989776707,27723582
2019-01-23,17.960819244384766,18.266306055471045,17.70025797241946,18.221382230084156,19757787
2019-01-24,17.969804763793945,18.221382647431348,17.763152420306508,18.02371369823977,17684145
2019-01-25,18.122549057006836,18.742507831450116,17.8350324409561,18.023714577589065,23558238
2019-01-28,17.3947696685791,18.28427470203136,17.251011383196957,18.275289594978233,23478906
2019-01-29,17.86198616027832,18.19442832067444,17.421726125080475,17.421726125080475,25349956
2019-01-30,17.70025634765625,18.09559077322729,17.56548145639883,17.745180168919436,13971993
2019-01-31,18.275291442871094,18.275291442871094,17.610408877316065,17.86198504530579,19575719
2019-02-01,18.83235740661621,19.047996604349898,18.24833900656797,18.49093181871758,24157007
2019-02-11,19.497234344482422,19.6320075062909,18.625697918235726,18.86829063773122,24843987
2019-02-12,20.557453155517578,20.566438262349894,19.50621964841115,19.524189862075783,32090733
2019-02-13,20.449634552001953,20.65628686037461,20.14414778582766,20.629331540864936,27069374
2019-02-14,20.287912368774414,20.566443902018708,20.08125999616524,20.566443902018708,19914230
2019-02-15,19.955467224121094,20.35080340592765,19.793740421946428,20.332833189996872,21398111
2019-02-18,20.809030532836914,20.827000746093262,19.99140468074558,19.99140468074558,27730397
2019-02-19,20.04531478881836,20.9348198326538,19.7667833218559,20.871925796281694,42552914
2019-02-20,19.398401260375977,19.928510552765726,19.15580852377717,19.928510552765726,45131752
2019-02-21,19.533178329467773,19.95546814083554,19.272617041438277,19.380434914507656,35165067
2019-02-22,20.027347564697266,20.027347564697266,19.191751396818454,19.587085854564116,33529546
2019-02-25,20.656288146972656,20.79106132544784,19.93749671928239,20.6742583610984,59233800
2019-02-26,21.653614044189453,22.72281785618091,21.581734897132367,21.725493191246542,85856062
2019-02-27,21.950115203857422,22.399360290424347,21.446961186747984,21.65361351527261,44058677
2019-02-28,23.207998275756836,23.60333438361216,22.10285590875265,22.516160515443467,58579409
2019-03-01,23.315824508666992,24.124465454585103,23.046276384204763,23.881872656689385,41411549
2019-03-04,23.531455993652344,23.899836794341372,23.1540900863936,23.47754535423406,52263473
2019-03-05,23.576379776000977,23.58536488255668,22.9833764531954,23.36074235986566,31939294
2019-03-06,23.504501342773438,24.151413610596357,23.2888639201658,23.59435069729343,33328078
2019-03-07,22.74976921081543,23.4865308235734,22.120827164825542,23.468562323890282,49078494
2019-03-08,21.941131591796875,22.686878417772302,21.932146483805106,22.147783934405144,30381918
2019-03-11,22.92048454284668,22.94743986500911,21.995039046744676,21.995039046744676,29255489
2019-03-12,23.459579467773438,23.75608116266318,23.05525819577196,23.100182019890326,40248003
2019-03-13,22.53413200378418,23.44160722510437,22.390373722558593,23.36074297769824,28816175
2019-03-14,22.51616668701172,23.01033738571403,22.17474112328122,22.345454762013603,21058965
2019-03-15,22.884544372558594,23.100181811098995,22.46225460296706,22.668906934018192,19945245
2019-03-18,23.881868362426758,23.89983857690649,22.73180034173349,22.911499059062866,36427273
2019-03-19,23.441608428955078,24.124461156711657,23.261909711327668,23.99867136887888,25241708
2019-03-20,23.163076400756836,23.836944005018257,22.731799831591733,23.43262275696783,28715966
2019-03-21,23.163076400756836,23.28886447182411,22.740784938629957,23.163076400756836,19371737
2019-03-22,22.956422805786133,23.118151308102174,22.552103263730004,23.118151308102174,18705322
2019-03-25,22.902515411376953,23.441609883987052,22.363420938766854,22.507179236298338,26325584
2019-03-26,21.96808433532715,23.360743349516284,21.815340944877107,22.95642210605032,28639417
2019-03-27,22.282554626464844,22.426312910733603,21.81534105945834,22.075902307045244,19674967
2019-03-28,22.255599975585938,22.453267178752522,21.878234068643298,22.147780410573535,15825922
2019-03-29,23.809988021850586,23.95374630299701,22.884542587453325,23.360742964834536,53212663
2019-04-01,25.238590240478516,25.894487685197547,24.438934498663095,24.46588810828487,56104455
2019-04-02,25.130769729614258,25.472196957867773,24.97802633039221,25.301483343741015,29324399
2019-04-03,25.355392456054688,25.60697032531785,24.78934439238011,24.78934439238011,25134938
2019-04-04,24.83426856994629,25.606970690040658,24.67254005981174,25.166710697859976,28223314
2019-04-08,24.24126434326172,24.933102184543404,23.953747763439196,24.843252824915368,32988471
2019-04-09,24.870206832885742,24.888177046608675,24.04359585270368,24.259233276177188,22390648
2019-04-10,25.148740768432617,25.4093037518854,24.43893439378213,24.600661192020947,26832665
2019-04-11,24.169384002685547,25.283511551250715,24.00765550610233,24.906145630467844,26035854
2019-04-12,24.09750747680664,24.304159816544423,23.836946203601197,24.08852236893968,14331057
2019-04-15,23.85491371154785,24.825283042200176,23.83694521029679,24.816299648441657,16856545
2019-04-16,24.15141487121582,24.223294015836874,22.956423020807062,23.81897446999369,19762313
2019-04-17,24.178369522094727,24.223293343585905,23.792018487828432,24.034611236842238,13317777
2019-04-18,23.60333824157715,24.241265468451846,23.54044420103841,24.187356535666368,16485143
2019-04-19,23.85491371154785,24.106491580136982,23.61232266418529,23.61232266418529,11332946
2019-04-22,23.540443420410156,23.998671904492443,23.315820875229655,23.926792758584043,14261132
2019-04-23,23.459579467773438,23.783034771640583,23.342774783091215,23.585367546292105,9596913
2019-04-24,23.94476318359375,24.016642330132843,23.369730011281025,23.522473411893348,15495471
2019-04-25,23.558414459228516,24.33111664627749,23.540445956116418,23.630293612879523,17280924
2019-04-26,23.423641204833984,23.80999229744279,23.145109699313245,23.5224756835202,16500553
2019-05-06,22.39037322998047,23.45059181599525,21.72549076550578,23.09119612083783,29746110
2019-05-07,22.525146484375,22.82164814818819,22.07590143534085,22.543116697632495,16576602
2019-05-08,22.35443687438965,22.911501588626745,21.743464938229636,21.752448332727344,17402191
2019-05-09,21.995037078857422,22.534131477735407,21.91417283333903,22.102856644126557,12283106
2019-05-10,22.489208221435547,22.64195160971177,21.473913430618907,22.336464833159322,19269409
2019-05-13,22.453269958496094,22.525149106158477,21.91417549416119,21.923160601835743,9029599
2019-05-14,22.291536331176758,23.019314462160036,22.282551225564582,22.453264804728597,16829908
2019-05-15,23.3427734375,23.432622794291426,22.318495225786023,22.44428329705365,21888022
2019-05-16,23.21698570251465,23.405667812149023,22.767740625784466,23.18104527378393,16777207
2019-05-17,22.24661636352539,23.10018097946851,22.138796791269794,23.073227371705084,18576725
2019-05-20,21.9591007232666,22.561089219111057,21.77041689222644,22.01300965482063,17008821
2019-05-21,22.192707061767578,22.489208738326333,21.842294743118913,22.013008348935752,12667086
2019-05-22,21.87823486328125,22.255600783930173,21.671582546046672,22.255600783930173,11875595
2019-05-23,21.01568603515625,21.743464358941203,21.006700927163756,21.743464358941203,15180493
2019-05-24,21.312185287475586,21.554778034108715,20.86294022203672,20.97974489874182,11055725
2019-05-27,21.482898712158203,21.734476563639923,20.898880474728617,21.25827618132114,13415494
2019-05-28,21.89620590209961,21.89620590209961,21.114518710682457,21.55477868240606,14846582
2019-05-29,21.3660945892334,21.743460489084747,21.294215451820467,21.56376178868551,10317844
2019-05-30,20.683244705200195,21.096549372407846,20.53050130346388,20.92583746920506,18573052
2019-05-31,20.647302627563477,20.82700133776426,20.557453272463086,20.683243055097197,11806546
2019-06-03,20.144149780273438,20.75512337311371,19.955465952492055,20.7191829435424,18184119
2019-06-04,20.10820960998535,20.440651732870613,19.964451317314435,20.17110536254615,11738471
2019-06-05,19.290584564208984,20.449637780079776,19.281599456287417,20.368773522519763,23863383
2019-06-06,18.562808990478516,19.23667669840121,18.553823882058108,19.19175287003338,28313140
2019-06-10,18.8682918548584,18.994079918829293,18.463970629617897,18.598745513853956,16529597
2019-06-11,19.470279693603516,19.497235012382088,18.778441935224265,18.778441935224265,18743080
2019-06-12,19.31753921508789,19.569117086926315,19.13784049038415,19.461297509357262,14222546
2019-06-13,19.371448516845703,19.524191921639847,19.04799320543122,19.299569368338698,8276434
2019-06-14,19.272611618041992,19.614037071662022,19.200732484978104,19.362459249071566,11581232
2019-06-17,19.22768783569336,20.395725996268826,19.07494444983864,19.479265681140507,14124072
2019-06-18,19.31753921508789,19.425358792656944,19.17378092081852,19.200736243644293,8623056
2019-06-19,19.47926902770996,19.937499263998806,19.452313703080915,19.901558831160077,12365427
2019-06-20,20.081254959106445,20.305877493965053,19.416372461573033,19.49723671122085,18292878
2019-06-21,20.221559524536133,20.782765666909604,20.221559524536133,20.773715458644244,16532077
2019-06-24,20.239662170410156,20.520265224632645,20.103884883918063,20.26681624652464,8771133
2019-06-25,19.823280334472656,20.303022451908454,19.678452851186336,20.221556776749928,11759115
2019-06-26,20.12198829650879,20.248713645932153,19.69655775771289,19.823281380656375,10396498
2019-06-27,20.49310874938965,20.61078216362306,20.176299695253213,20.303023316907787,14634144
2019-06-28,20.837074279785156,20.972849828486357,20.384487966461307,20.384487966461307,15941092
2019-07-01,21.733196258544922,21.832765805839408,21.036212880443276,21.262506050490835,26421040
2019-07-02,21.85991859436035,22.23103923327133,21.588367496881993,21.724143045621172,20315119
2019-07-03,21.74224853515625,22.104317267642138,21.633627052170535,21.87802409402847,17278753
2019-07-04,21.59741973876953,21.86897084012601,21.362074645236675,21.86897084012601,12893098
2019-07-05,21.97759246826172,22.095264152600503,21.570264086935527,21.67888556411578,15567051
2019-07-08,22.21293830871582,22.348713864886875,21.20819608538627,21.905179460605506,21108274
2019-07-09,21.923282623291016,22.35776684035035,21.687937509273862,21.941386492018477,16202069
2019-07-10,22.475439071655273,22.873715560785108,21.995696897783425,22.13147419000677,30008674
2019-07-11,23.009489059448242,23.42586765385275,22.529746928674502,22.982333258147143,38382235
2019-07-12,22.692678451538086,23.37155795077347,22.620264707345505,23.018541163644624,26121150
2019-07-15,23.172422409057617,23.407767527820294,22.85561160585863,22.95518115938745,31678365
2019-07-16,23.244834899902344,23.326300579926105,22.728886744071783,23.244834899902344,19682279
2019-07-17,22.79224967956543,23.1633703617554,22.710783995525684,23.1633703617554,15672558
2019-07-18,22.556900024414062,22.96422836267484,22.158623618834593,22.62931375938491,18335423
2019-07-19,23.109060287475586,23.163370167553424,22.728887673970796,22.728887673970796,18040330
2019-07-22,22.58405876159668,23.443971760476483,22.357765594552543,23.434919826617136,16864777
2019-07-23,22.982336044311523,23.19957730161712,22.638371151864344,22.647423086728747,14187816
2019-07-24,22.92802619934082,23.19957733979973,22.810354498869973,23.08190563932888,14583931
2019-07-25,22.99138641357422,23.136213908582565,22.774145171061697,22.964232337310108,10834694
2019-07-26,22.90086555480957,23.181470297324523,22.810349678106352,22.955177152607117,9988540
2019-07-29,22.3125057220459,22.96423114214456,22.22198811075666,22.909919539483116,19606480
2019-07-30,23.281038284301758,23.362503955138838,22.185780284238305,22.26724595507539,25810141
2019-07-31,22.430179595947266,23.172420916119684,22.33966198279651,23.08190330296893,26829935
2019-08-01,22.14957618713379,22.33966335910934,21.534060178043365,21.72414562353894,26398119
2019-08-02,21.823713302612305,22.040954533013874,21.470694792539902,21.52500639500017,14686143
2019-08-05,21.62457275390625,22.240090395079722,21.61552082077373,21.74224615814926,16211164
2019-08-06,21.443540573120117,21.60647192644203,20.945694579472065,21.199143543137247,15401587
2019-08-07,21.235347747802734,21.687934034599685,21.208193675541906,21.63362416359836,11325900
2019-08-08,21.525005340576172,21.660780887116072,21.253452521016623,21.353022060836434,10486212
2019-08-09,21.74224853515625,21.986645577014187,21.497851493298313,21.651730920414803,12361448
2019-08-12,22.231040954589844,22.258196757032223,21.633627112696722,21.74224859598634,10804174
2019-08-13,21.887075424194336,22.303454023443496,21.706040199706965,21.995695177702878,9762551
2019-08-14,22.221988677978516,22.43923164120981,21.941385629651258,22.20388653644247,12977879
2019-08-15,22.357763290405273,22.430177027337386,21.760349529095436,21.8146594001746,13064493
2019-08-16,22.21293830871582,22.728886458053744,22.077161026064903,22.40302374205932,20359718
2019-08-19,22.728885650634766,22.783195525877915,22.122419909900223,22.221987726766027,22550113
2019-08-20,22.60215950012207,22.873712319610096,22.40302214701465,22.810350513006814,13395250
2019-08-21,22.231040954589844,22.61121355638364,22.18578301033245,22.49354186542647,13695614
2019-08-22,22.439231872558594,22.64742117744848,22.231040841188808,22.231040841188808,10847842
2019-08-23,23.163368225097656,23.389661387338563,22.312505451657497,22.565954414900045,27386788
2019-08-26,24.113800048828125,24.620698001230327,23.00948998216314,23.00948998216314,38972856
2019-08-27,24.140954971313477,24.62069710383965,23.996127483471586,24.23147258283462,29415763
2019-08-28,24.258625030517578,24.783625070348073,23.87845246881414,24.466816040994974,26455720
2019-08-29,24.16811180114746,24.620698151532395,24.023284307142674,24.611646217347108,14563512
2019-08-30,24.367246627807617,24.566383979637642,24.023281797104893,24.30388482161078,19828325
2019-09-02,25.1094913482666,25.236214978120415,24.13190486794297,24.358198050670477,28758677
2019-09-03,24.73836898803711,25.163799521163536,24.638799441919918,25.163799521163536,18231129
2019-09-04,24.24957847595215,24.80173267203973,23.860353922435994,24.7383708566264,25217812
2019-09-05,24.78362464904785,25.000867589025212,24.204314746387414,24.29483235029803,27606484
2019-09-06,24.792682647705078,25.00087370557809,24.31294216462407,24.828890388719557,14683311
2019-09-09,24.982763290405273,25.01896929545485,24.530177005167786,24.937503625993727,19253207
2019-09-10,25.688798904418945,25.84267832312197,24.711212516917332,24.892247736501997,25401562
2019-09-11,25.064233779907227,25.878888904703086,25.03707797603803,25.878888904703086,15371048
2019-09-12,25.055177688598633,25.299574703435617,24.756470801513334,25.236211171586255,10786296
2019-09-16,25.399147033691406,25.634492157278398,24.982768394908277,25.20906158376346,12358752
2019-09-17,24.412508010864258,25.254318929597503,24.340094261214084,25.163801310914792,17227034
2019-09-18,24.077594757080078,24.611646801324515,23.83319770771806,24.240526123321427,14743354
2019-09-19,24.30388641357422,24.340092422424107,23.987075635358423,24.177161066399993,10562415
2019-09-20,24.240522384643555,24.584487206395856,24.06853911052756,24.34914212773178,12104064
2019-09-23,23.516386032104492,24.113799868376532,23.271988991862322,24.07759385860726,17299248
2019-09-24,24.910354614257812,25.471560755130298,23.534491613280082,23.534491613280082,45666321
2019-09-25,24.865093231201172,25.308627643165906,24.60259404825383,24.982766648006447,24827658
2019-09-26,23.42586898803711,25.118542716319542,23.36250717453904,24.8741456701299,31154852
2019-09-27,23.15431785583496,23.516386594587356,22.638369687302802,23.507334660308555,15170235
2019-09-30,22.68362808227539,23.40776730062753,22.62931820200497,23.163370249690683,12213996
2019-10-08,23.59785270690918,23.74268020505098,22.74698986046613,22.74698986046613,18354440
2019-10-09,23.905609130859375,24.122850355887582,23.317247263931343,23.625006097674582,10335715
2019-10-10,24.095699310302734,24.222422942543304,23.670267013815106,23.959922016924978,9706171
2019-10-11,24.014230728149414,24.303885696319632,23.887505384715098,24.168110145799815,9617802
2019-10-14,24.629745483398438,24.91940216406678,24.30388452317608,24.43966006714204,12788277
2019-10-15,24.928457260131836,25.471559504904786,24.665956345542302,24.82888770956616,20209633
2019-10-16,24.928457260131836,25.299577933083985,24.783628038181792,25.064232821325074,13260346
2019-10-17,24.901302337646484,25.154751326919424,24.4939739131864,25.028025969042957,10880279
2019-10-18,25.290525436401367,25.90604314170154,24.72026567499919,24.865093167248656,26117190
2019-10-21,25.344833374023438,25.661644136494683,24.38535087970688,25.48060892180261,16897724
2019-10-22,25.00992202758789,25.37199250449738,24.738370896385756,25.145699319668942,12845363
2019-10-23,24.358196258544922,25.25431698903723,24.25862671299694,25.028023822958975,13913910
2019-10-24,24.575437545776367,24.756472769635874,24.18621302301432,24.35819631303287,9522450
2019-10-25,24.78362464904785,24.964659856869087,24.376298021169617,24.6840568385779,11350502
2019-10-28,24.892250061035156,25.209060861653416,24.40345595839899,24.40345595839899,16745821
2019-10-29,26.548717498779297,26.756906823278594,24.91035525468646,25.000872877745305,39908262
2019-10-30,27.082765579223633,27.327162607473987,26.150437134312916,26.494403705883002,31707913
2019-10-31,27.33621597290039,28.359060354607134,26.88362962716681,27.12802494173822,34817052
2019-11-01,28.060352325439453,28.28664548935429,27.34526509875826,27.34526509875826,24693818
2019-11-04,28.087509155273438,28.811646615728616,27.978887672965215,28.331904469127128,22708752
2019-11-05,28.829750061035156,29.363800351238392,28.087508743334535,28.159922488318013,23067311
2019-11-06,28.775442123413086,29.517683491141568,28.66682063537673,28.893113819512486,17813608
2019-11-07,28.847856521606445,29.463372546045676,28.58535559339911,28.97457842861685,20538068
2019-11-08,28.974576950073242,29.28233580982824,28.43147470483965,29.28233580982824,20734085
2019-11-11,27.951730728149414,28.739231694872636,27.85216291045692,28.739231694872636,24061160
2019-11-12,28.159923553466797,28.422422741530987,27.77069901202824,28.069405937193654,18128618
2019-11-13,30.033628463745117,30.11509413944264,28.06035183281371,28.232335117784007,32612970
2019-11-14,30.13319969177246,30.278027184116368,29.599147666324342,29.734921498106875,24245159
2019-11-15,31.065519332885742,31.346124045613802,29.925003523880758,29.9431073878915,28036315
2019-11-18,30.739662170410156,30.956905124335144,30.413799466002477,30.77586990489092,19587596
2019-11-19,32.76725387573242,33.75389230036472,30.685357264506102,30.757769288160596,34516172
2019-11-20,33.20173263549805,34.66811134211547,32.77630039072402,33.70863055580413,43849985
2019-11-21,32.93018341064453,33.6543208716483,32.61337089754553,33.49138951130248,25805899
2019-11-22,31.834922790527344,33.292251416961584,31.119838968547715,33.10216597515535,40801072
2019-11-25,31.509063720703125,32.13363165630949,31.228458933596546,32.05216597314693,26831287
2019-11-26,31.137943267822266,31.753460999957724,30.49526800579617,31.67199531620568,29064966
2019-11-27,31.15604019165039,31.45474881624684,30.640092070037927,31.13793977769868,18811081
2019-11-28,30.567676544189453,31.22845207223231,30.268967953904227,31.22845207223231,21950052
2019-11-29,29.20992088317871,30.621991414479798,28.630609231947584,30.558626154310566,41452290
2019-12-02,28.929317474365234,29.363799938153885,28.64871443231171,29.23707631783549,21534311
2019-12-03,28.46767807006836,28.87500469143857,27.86121237798058,28.793539021868593,30195179
2019-12-04,28.512937545776367,28.947419989261626,28.28664439065116,28.42241993843033,19543373
2019-12-05,28.58535385131836,29.065096004763735,28.350008741693077,28.666819532591724,24587712
2019-12-06,28.856904983520508,29.092250093245923,28.503888182172346,28.630611807993755,24470606
2019-12-09,28.01509666442871,28.938371536255907,27.55345836527513,28.920269393793387,36210831
2019-12-10,29.66250991821289,29.671560125948663,27.8793185867598,27.94268212626964,38551101
2019-12-11,28.62156105041504,29.40906204577032,28.43147388885485,29.37285430967128,31350317
2019-12-12,28.36811065673828,28.86595491781327,28.178023504695965,28.730179367200073,15167634
2019-12-13,28.8750057220459,29.05603920695644,28.40431555361497,28.60345463144022,21956922
2019-12-16,29.463369369506836,29.53578483967119,28.558196710210407,29.23707620468273,26067735
2019-12-17,30.766822814941406,31.15604391468558,29.083200973562587,29.44526799617483,36492423
2019-12-18,30.612934112548828,31.39138302618005,30.513364583648215,30.91164269925067,21797030
2019-12-19,30.440959930419922,30.984062188193857,30.11509719457158,30.703457398333356,19105363
2019-12-20,30.938806533813477,30.956910404141535,30.142253504179838,30.413804653180335,18522546
2019-12-23,30.169403076171875,31.545262328491855,30.169403076171875,30.95690223638539,18012956
2019-12-24,30.1241455078125,30.486215958861287,29.834490528157357,30.42285414787171,13082508
2019-12-25,30.486217498779297,30.685356602211005,29.943115247732692,29.97026932439705,13207014
2019-12-26,29.93406105041504,30.41380147867398,29.526732642949973,30.41380147867398,16513789
2019-12-27,28.96552276611328,30.09698849916458,28.947418900029334,29.87069535255432,23399820
2019-12-30,28.920269012451172,29.32759742588624,28.49483673031234,28.56725047864747,18933795
2019-12-31,29.943113327026367,30.142248964724587,29.23707630240277,29.23707630240277,28066918
2020-01-02,30.042680740356445,30.169407819139757,29.418112818957955,30.15130395074214,22650352
2020-01-03,29.59009552001953,29.961216203952674,29.327598050622893,29.961216203952674,17308760
2020-01-06,29.463369369506836,29.94311322694652,29.17371439476875,29.436215294675037,19019354
2020-01-07,30.667251586914062,30.69440566256323,29.327596425185224,29.454320048827714,31068943
2020-01-08,30.36853790283203,30.739658504603494,30.060779102366,30.241814300221172,19365723
2020-01-09,31.7353572845459,31.807769307698063,30.49526815332551,30.658199521617828,29475087
2020-01-10,31.64483642578125,32.450439567715506,31.454750989518967,31.816821446841228,26659813
2020-01-13,32.169837951660156,32.21509589517478,31.346130949038976,31.81682115810247,18827671
2020-01-14,31.77155876159668,32.4232841771649,31.726300819506584,32.17888714632682,16087369
2020-01-15,31.536216735839844,31.9978532895811,31.264665618759114,31.545266943459957,15706136
2020-01-16,31.355178833007812,31.816818800342833,30.984058198953925,31.536214046610574,16281544
2020-01-17,32.079315185546875,32.287504465846965,31.056472650110706,31.500005283327603,22177057
2020-01-20,29.86164665222168,32.3780254645076,28.87500661863648,32.02500869046283,77285877
2020-01-21,30.15130043029785,30.902591889799567,29.87069568233777,29.87069568233777,26352821
2020-01-22,29.70777130126953,30.676305930210404,28.96552987447298,30.323289087338903,20045087
2020-01-23,28.8750057220459,29.861645724995185,28.340953747572296,29.372851690129284,20742340
2020-02-03,27.03750991821289,28.693975927498787,25.9965599085607,25.9965599085607,28497712
2020-02-04,28.938371658325195,29.119405169073794,27.38147517878336,27.38147517878336,26326150
2020-02-05,29.571990966796875,29.91595756561838,28.675871911841757,29.445267339062607,24990689
2020-02-06,31.545265197753906,32.13362879633544,28.86595500569934,29.535784280192782,35542457
2020-02-07,31.7353572845459,33.437079537661255,30.775872943820044,32.85776954060412,37665107
2020-02-10,31.662935256958008,32.106471323971434,30.929744251349412,31.72629705896575,22209206
2020-02-11,31.47285270690918,31.843973346471188,30.839231176375144,31.545264721649314,18859450
2020-02-12,31.653892517089844,32.01595954925597,31.409495457573687,31.62673498628135,18940592
2020-02-13,32.14268112182617,32.25130433217396,31.047422981351357,31.7625102444884,27140454
2020-02-14,31.500011444091797,32.260356702702566,31.328029862284144,31.943547617014772,18613225
2020-02-17,31.853025436401367,32.03406066339268,31.328027076382305,31.500008642896184,21741838
2020-02-18,31.545265197753906,32.01595538602721,31.409491373207125,31.807766092687796,18751121
2020-02-19,30.62199592590332,31.328029569091388,30.603892056467725,31.328029569091388,23245872
2020-02-20,30.82113265991211,31.13794520665667,30.323288318410828,30.64009741219524,19048650
2020-02-21,32.36897277832031,32.55000800077814,30.839232227118956,31.002163582035035,36992161
2020-02-24,33.29225158691406,33.71768387090351,32.00690797999433,32.65863344432541,35165089
2020-02-25,33.79010009765625,34.21552893814897,32.45044140162986,32.6586341707799,35808739
2020-02-26,32.061214447021484,33.76294004051173,32.061214447021484,33.292249835803375,27476563
2020-02-27,32.63147735595703,33.11122126748363,32.05216734116874,32.47759964394892,19981411
2020-02-28,31.047422409057617,32.368973700623904,31.047422409057617,31.699147847291847,29892270
2020-03-02,31.807764053344727,31.979749054220672,31.17414255387201,31.581470907315854,17410862
2020-03-03,33.31940841674805,34.36035495268024,32.6405288899819,32.74914864743573,42836710
2020-03-04,33.10216522216797,34.00733791832342,32.54095911738034,33.12931929810549,20794826
2020-03-05,35.51898193359375,35.8719987705588,33.35561605680353,33.62717065720142,42457844
2020-03-06,36.65949630737305,37.193548367006265,35.120701944619704,35.283633315555946,44393057
2020-03-09,35.7362174987793,37.130184274455885,35.59139000604405,35.92630293556434,33870747
2020-03-10,35.93535614013672,36.5327699717085,34.4689773631805,35.30173457260066,31543324
2020-03-11,36.134490966796875,36.813370462492344,35.41035352864697,35.98061327185988,22484474
2020-03-12,33.93492126464844,36.18879903667039,33.717678327931466,35.817678420038376,28982714
2020-03-13,34.260780334472656,35.165952902918,31.952590975528885,32.3237115904731,28471626
2020-03-16,33.690528869628906,35.690959700240064,33.27414680497769,34.532339753634474,27912886
2020-03-17,32.387081146240234,34.39656583412869,31.400442672353403,34.034495338901166,30592614
2020-03-18,31.92543601989746,33.29224504112188,31.84397035287354,32.76724676149157,20275184
2020-03-19,32.17888259887695,32.495695054655656,31.029313076853068,31.88922766688218,21033763
2020-03-20,33.1112174987793,33.20173338342747,32.3418186674312,32.49569981488468,14476465
2020-03-23,32.42328643798828,33.228889603428165,31.780614637801396,31.95259621091961,16140008
2020-03-24,33.20173263549805,33.310352385220924,32.133628646504235,33.01164721024311,15573925
2020-03-25,35.2474250793457,35.44656418611442,33.72673460738084,33.98018532134829,22083898
2020-03-26,35.47372055053711,36.20691175667545,34.849152565800125,35.22932348182433,23205169
2020-03-27,34.75863265991211,36.080183957945074,34.622855375295664,35.82673670981814,17680449
2020-03-30,35.69095993041992,35.94440718213448,34.85819924870661,34.85819924870661,19365554
2020-03-31,32.77629852294922,34.66810936653482,32.49569723107536,34.01638745237668,47725075
2020-04-01,33.056907653808594,33.77199492061228,32.31466631075864,32.76725266398226,19116108
2020-04-02,33.038795471191406,33.147415201802424,32.37801997612266,33.08405340453275,13865490
2020-04-03,33.27414321899414,33.71767931179372,32.839660785841595,33.06595393558518,13667860
2020-04-07,33.627166748046875,34.00733761967281,32.94828723189217,33.83535605197914,16886039
2020-04-08,34.378456115722656,34.541387465561684,33.129316917943285,33.45517961762134,14252141
2020-04-09,35.392250061035156,35.835786189204114,34.40561171135619,34.49613105024766,18518738
2020-04-10,34.405609130859375,35.75431782902869,34.242681238994095,35.30173152739542,13703801
2020-04-13,34.93966293334961,35.54613040481446,34.333198914844395,34.577595944871156,9817625
2020-04-14,35.392250061035156,35.546131210670815,34.650008746923604,35.346992118069274,10821640
2020-04-15,35.374149322509766,36.20690651493257,35.120698628892654,35.30173385205926,14054865
2020-04-16,36.025875091552734,36.433203523400145,34.60475413718734,35.12070233320739,21670434
2020-04-17,35.27458190917969,36.18880483463676,34.993977123663214,36.04397733794178,16783426
2020-04-20,35.292686462402344,35.899150537525216,35.04828940955941,35.2293211942194,12702277
2020-04-21,35.3107795715332,35.690953837160464,34.75862721784287,35.61853837591366,10722456
2020-04-22,35.89009475708008,35.89009475708008,34.758629013829875,35.211215311129955,13375453
2020-04-23,36.65044403076172,37.05776898215422,35.890098826957335,36.12544220893878,26049392
2020-04-24,36.225006103515625,36.740954184170974,35.89914343089977,36.740954184170974,12723315
2020-04-27,35.7362174987793,36.523716774717194,35.16595773546436,36.20690771340878,12131786
2020-04-28,35.35604476928711,36.38794103247903,35.12975160795697,35.88104310803404,13816948
2020-04-29,35.03923416137695,35.89914891140015,34.8491487243183,35.745271210817364,11973666
2020-04-30,34.4870719909668,35.491814051132835,34.40560632519768,35.04828144535812,16567923
2020-05-06,35.79957962036133,35.84483756480218,34.125011505331265,34.2607853386538,16962029
2020-05-07,35.781471252441406,36.03492192476618,35.49181630089257,35.75431717978351,13133522
2020-05-08,35.84484100341797,36.47846264525297,35.78147918453049,36.04398012161301,11756899
2020-05-11,35.102596282958984,36.1435462715718,34.59570177967052,36.11639219545558,17349513
2020-05-12,35.283626556396484,35.45560810256772,34.686212795061394,35.13879908252614,11498189
2020-05-13,36.76811218261719,37.05776715521899,35.30173345220063,35.49181888054063,25990988
2020-05-14,36.2069091796875,36.83147711997153,35.935358051431834,36.82242691197899,15636403
2020-05-15,35.908199310302734,36.415097264785594,35.34699320377659,36.34268524440794,15027858
2020-05-18,36.65949630737305,37.45604929273242,35.79053129768646,36.07113263977441,20646032
2020-05-19,36.61423873901367,37.2931183072786,36.07113301262571,37.06682511785696,15550279
2020-05-20,35.84484100341797,36.88579109021548,35.727171027175594,36.59613607445551,14670732
2020-05-21,36.134490966796875,37.33837226325082,35.67285442902621,36.02587121431431,21314740
2020-05-22,34.57759475708008,36.342682055778056,34.405609749473086,36.22500864840898,20006497
2020-05-25,34.52328872680664,34.876305552909834,34.15216803103661,34.66811623118129,9924567
2020-05-26,34.69527053833008,35.22026889804609,34.32414642408426,34.93966412372355,15012371
2020-05-27,31.862075805664062,34.70431718106916,31.237504509707552,34.70431718106916,56374156
2020-05-28,32.07026290893555,32.721988233344604,31.717246175867025,31.952589513592983,22510417
2020-05-29,31.49095344543457,32.31466031741161,31.30086804104584,31.86207404812842,27979891
2020-06-01,32.12458038330078,32.26035421543022,31.3642351833126,31.735355849202083,26186678
2020-06-02,31.916391372680664,32.088376414381116,31.500012713860986,31.771563862962505,19024557
2020-06-03,31.436643600463867,32.2241427860364,31.391385661607405,31.952591699938225,24378172
2020-06-04,30.7215633392334,31.62673613187627,29.96121805529498,31.62673613187627,43286419
2020-06-05,31.15604019165039,31.4637990232227,30.803023419279707,30.956904561545638,27788001
2020-06-08,30.540529251098633,31.635787419290253,29.970269467701048,31.55432173594774,36681551
2020-06-09,30.80302619934082,31.10173485089658,30.54957894562795,30.76682191521031,25249213
2020-06-10,31.62672996520996,31.907334719281835,30.866384829525717,30.920696429560127,36212028
2020-06-11,31.020267486572266,31.753458584569053,30.884490206327044,31.65388903945051,24485459
2020-06-12,31.599580764770508,31.717254189845537,30.377598925705307,30.459064611840322,20134647
2020-06-15,32.061214447021484,32.65863172654186,31.62673197797371,32.28750761546052,35364413
2020-06-16,33.60874938964844,33.654267811062105,32.27969343697423,32.36162173392363,31313247
2020-06-17,33.51771545410156,34.30058498118006,33.281035665075954,33.51771545410156,25154687
2020-06-18,32.95332336425781,33.76350118367661,32.6802302244917,33.517716316116804,21342805
2020-06-19,33.39027404785156,33.88184379718454,32.598302877860284,32.89870429851859,20390310
2020-06-22,32.82587814331055,33.818119153360584,32.680228246081526,33.372064389777506,26863458
2020-06-23,32.9442138671875,33.15358536197382,32.561884217377845,32.7803573108213,22141738
2020-06-24,32.589195251464844,33.39027143139438,32.370722139481565,33.098971633705006,18280471
2020-06-29,32.434444427490234,33.08986724963357,32.29789612523627,32.76215757484569,16996364
2020-06-30,33.253726959228516,33.26283203227346,32.498169107190115,32.69843557079601,19488546
2020-07-01,33.035247802734375,33.8636321979204,32.59829813552752,33.49950573896439,21278746
2020-07-02,33.45399856567383,33.79081336122685,32.516377404170605,32.93512049837903,25434058
2020-07-03,36.9313850402832,36.9313850402832,32.81677132217606,33.344754341842744,68652637
2020-07-06,37.504886627197266,38.67919092792325,37.00421530076477,37.49578155490583,51347273
2020-07-07,38.32416534423828,39.31640637956044,37.14075946504051,37.69605079754661,43637718
2020-07-08,39.62591552734375,40.04466205929886,37.941838217052094,38.142108146571154,40512086
2020-07-09,40.217620849609375,40.945870414431326,39.006903126631514,39.534886231482325,29661715
2020-07-10,40.83663558959961,41.75605005329539,39.644124488950716,39.87170270469965,28932687
2020-07-13,41.48295593261719,42.74829022740104,40.25403498493005,41.12793447984392,31656086
2020-07-14,40.73649597167969,41.8561802487183,39.95362644320531,41.7378386177107,25975754
2020-07-15,41.14613342285156,42.17478771337885,40.7364920263967,40.7364920263967,29907999
2020-07-16,39.32550811767578,41.69231967541328,39.21627156937472,40.96407023246076,30192088
2020-07-17,40.37236785888672,42.338643200829424,39.55308849207494,39.65322344717323,30879664
2020-07-20,39.53488540649414,41.482954253954766,38.242239417412414,41.34640594415162,28429858
2020-07-21,40.34505844116211,40.690978238237456,39.21627264185759,39.51667402604268,19671827
2020-07-22,40.8275260925293,41.92900717655656,39.74425515306496,40.12658831983142,20016542
2020-07-23,41.13703155517578,41.309993198575114,39.871697399581294,40.590845299078204,21238965
2020-07-24,38.251346588134766,40.82753016234082,37.941840078497044,40.78201521409927,29114613
2020-07-27,38.23313522338867,39.38923282423258,37.96004209487798,38.18762028073148,20473711
2020-07-28,38.19672393798828,38.9249734774386,37.732465941766115,38.50623042632564,21328770
2020-07-29,39.20717239379883,39.21627746652399,37.97825149105288,38.233137966273006,19552046
2020-07-30,38.96138381958008,40.2176163486618,38.70649736855993,40.044658181550616,22411086
2020-07-31,39.006900787353516,40.80021805464213,38.51533453093326,39.41654222817676,23507055
2020-08-03,40.7638053894043,41.391923433317736,38.9704915648139,39.14344974379,29427826
2020-08-04,40.36327362060547,40.94587331371559,39.926323850772874,40.36327362060547,17259460
2020-08-05,39.999141693115234,40.654567995942074,39.707841885762775,40.053761709206675,15836210
2020-08-06,39.680538177490234,40.563542773397245,39.36193006173411,40.135694612895,15198699
2020-08-07,38.442508697509766,39.944526189744515,37.75977410514265,39.4438548498555,18451494
2020-08-10,37.82349395751953,38.38788688855225,37.413852526702414,38.09658708720843,16608527
2020-08-11,36.9313850402832,38.31506072648831,36.9222834414398,37.85080278899457,14332941
2020-08-12,35.848114013671875,37.1407563417284,35.283717656500166,37.1407563417284,20924800
2020-08-13,35.09255599975586,36.130311984520326,35.01973278511378,35.85721885261929,19278625
2020-08-14,35.292823791503906,35.38385367246612,34.42802603209345,35.165380569129866,15583807
2020-08-17,35.311031341552734,35.57502286451158,34.637398398928006,35.29282467039342,25913143
2020-08-18,35.48398971557617,35.711567897543105,35.15627657793299,35.3474448899365,18914983
2020-08-19,34.65560531616211,35.793496227442894,34.61009037422438,35.50219643196041,20950075
2020-08-20,34.409820556640625,35.010626820535855,33.8545292348075,34.50085391333232,14816198
2020-08-21,34.20045471191406,35.27462419088717,33.872741518658806,34.637404478731725,18215343
2020-08-24,35.0106315612793,35.33834474460963,33.772605523172686,34.43713696301917,20453755
2020-08-25,34.85588073730469,35.63875036362187,34.610095844909665,35.037944006401155,18958993
2020-08-26,34.710227966308594,35.47489085566898,34.41892814870156,34.87408454778352,20145506
2020-08-27,33.8181266784668,34.68292118237634,32.74395714516905,34.591891278565306,32035446
2020-08-28,35.48398971557617,35.49309478749264,34.32789213447605,34.48264710394866,28126625
2020-08-31,35.30192947387695,36.38520393449122,35.0561445997687,36.27596389762015,22726974
2020-09-01,35.729774475097656,36.184930837837754,35.28371971168268,35.47488802318479,18766470
2020-09-02,35.48398971557617,35.948251151426504,35.06524669417321,35.86632286701571,18435186
2020-09-03,34.65560531616211,35.775289556154306,34.509955418420866,35.64784632970165,21346822
2020-09-04,34.4371337890625,34.664711981781444,33.81812082706157,33.954665659152354,17877499
2020-09-07,33.42668914794922,34.9196016745887,33.11718263833606,34.59188849116678,21360553
2020-09-08,33.51771545410156,33.77260191498569,32.95332251675774,33.49040718259757,15630424
2020-09-09,32.716644287109375,33.863640482635525,32.489066062726835,33.45399898423332,20214823
2020-09-10,31.742603302001953,33.353857219299314,31.697088360905568,33.035249159057216,19493994
2020-09-11,31.45130729675293,31.651577228758388,30.896015919878035,31.40579235017928,32183803
2020-09-14,31.041664123535156,31.860947007028663,30.41354956123523,31.815432062960724,27933913
2020-09-15,31.178213119506836,31.351171299826436,30.64112843343598,30.950634921554233,23226070
2020-09-16,30.4317569732666,31.66978292839366,30.213280374833943,31.323863094445162,24080782
2020-09-17,29.96749496459961,30.49547804231394,29.421308687197172,30.49547804231394,28231037
2020-09-18,30.386240005493164,30.431754947638105,29.88556869676383,30.01301192379666,20802801
2020-09-21,30.468172073364258,31.114493360746316,30.167767167287344,30.586510243120685,21013979
2020-09-22,30.21328353881836,31.014359853537837,30.04032534001551,30.2405952868374,20199819
2020-09-23,30.768569946289062,31.19641804571118,30.149557004704203,30.62292004665542,22253951
2020-09-24,29.912878036499023,30.58650753847885,29.876464692454814,30.477270978913833,18595682
2020-09-25,30.01301383972168,30.195073619923498,29.53965077154798,30.04032211223841,15103894
2020-09-28,29.93108558654785,30.331621965081034,29.767229006109794,30.158663784648738,10109822
2020-09-29,30.522785186767578,30.741261773197664,29.85825730053706,30.15866217280748,16157414
2020-09-30,30.659334182739258,30.90511904583491,30.313414359948982,30.55919922304463,16272854
2020-10-09,30.923320770263672,31.214620530459296,30.641122608326075,31.041658910453293,18821305
2020-10-12,32.033905029296875,32.07031837340298,30.923325814601544,31.196418950262114,24492889
2020-10-13,32.252384185791016,32.46175572219708,31.68799119754127,31.797227765977503,18479363
2020-10-14,31.45130729675293,32.17955685963482,31.387585677036252,32.09762856677512,22742922
2020-10-15,31.596954345703125,31.815430931051118,30.868704848822347,31.587852746240404,17467545
2020-10-16,31.232833862304688,31.68799026877773,30.96884231313405,31.68799026877773,12621031
2020-10-19,28.465478897094727,30.8140838863516,28.219694048352597,30.8140838863516,57620102
2020-10-20,28.592926025390625,28.72036926675528,27.855573114763192,28.228801238431643,22904009
2020-10-21,28.683956146240234,29.166422548740684,28.638439465088954,28.765884436028685,17913805
2020-10-22,28.866016387939453,28.947944674111852,28.165076891985514,28.565613250735257,13397077
2020-10-23,28.592926025390625,29.19373235794393,28.401761163343636,28.85691758111335,11298173
2020-10-26,28.29252052307129,28.6566452799654,28.001220717556,28.57471699262875,10466516
2020-10-27,28.611129760742188,29.111801074361523,28.16507672548698,28.20148833230181,15468279
2020-10-28,28.76588249206543,28.966150666745623,28.04673460502902,28.72036581399011,17964271
2020-10-29,28.92974090576172,29.37579396164752,28.137768019575034,28.847812616284344,32593896
2020-10-30,27.919292449951172,28.756780259541415,27.682610923731776,28.72036691568437,24664023
2020-11-02,26.526514053344727,28.037633140621367,26.30803919285358,28.001221532014767,35540066
2020-11-03,28.256107330322266,28.383550554014537,25.943912215264934,26.562925135399453,34485446
2020-11-04,28.419965744018555,28.474585763590284,27.764541135713113,28.137769254700313,19573974
2020-11-05,27.637096405029297,29.23014376130342,26.435483819816515,28.510995835626293,71542392
2020-11-06,26.672163009643555,27.42772252635092,26.353554934627752,27.42772252635092,47265257
2020-11-09,26.88153839111328,26.990774957972278,26.24431871806142,26.590236828160137,48642702
2020-11-10,26.480998992919922,27.546065018342404,26.308039078013,27.318486822622077,38984109
2020-11-11,26.544719696044922,26.617544646716883,26.171491606815646,26.380863122962065,22572470
2020-11-12,27.964805603027344,28.62933519560117,26.817811389224318,26.845121395368565,63756826
2020-11-13,28.38355255126953,28.492789111754174,27.354898145050193,27.546064730324048,31782533
2020-11-16,28.146869659423828,28.492787732593186,27.74633157237215,28.419962783700495,23726439
2020-11-17,27.227453231811523,28.183280890332135,27.090906671491968,28.146869284512658,28006584
2020-11-18,27.61888885498047,27.782745427080336,27.06359752426065,27.21835076054566,19647129
2020-11-19,27.546066284179688,27.855572783484938,27.31848807800135,27.336694751203762,15406592
2020-11-20,27.582475662231445,27.728125563496373,27.345795874888776,27.546064055057105,15388489
2020-11-23,26.790504455566406,27.582475574129315,26.67216282598929,27.582475574129315,32843452
2020-11-24,26.94525909423828,27.00898071211829,26.490102696485213,26.653959277481736,14061476
2020-11-25,25.625303268432617,26.8451224782065,25.588891661721927,26.799607535747196,43908859
2020-11-26,25.91660499572754,26.271628171205922,25.670821857361137,25.807368431183335,20583889
2020-11-27,26.144182205200195,26.362657062280086,25.78005744340038,25.943914020281255,14599677
2020-11-30,26.317142486572266,26.69947392588524,25.834676085256127,26.144182571189674,21438499
2020-12-01,26.599342346191406,26.98167383412075,26.49010577037392,26.49010577037392,25788239
2020-12-02,27.00897979736328,27.172836372810217,26.626648366748363,26.681266646469403,23604475
2020-12-03,26.981670379638672,27.382208491017774,26.890640490206742,27.100012013954334,21925792
2020-12-04,27.00897979736328,27.109114757088367,26.56292675102651,26.990773125361663,15819935
2020-12-07,26.298934936523438,27.072701125535616,26.262523329190753,27.072701125535616,23407655
2020-12-08,26.125978469848633,26.535618194590512,26.08046178735471,26.289833317975045,16745519
2020-12-09,25.65261459350586,26.244317557292568,25.62530458485705,26.08046097796742,19341420
2020-12-10,26.353557586669922,26.526515777288463,25.670822952158098,25.743647910388002,20691235
2020-12-11,25.233867645263672,26.36265519503387,25.04270280996526,26.35355359588188,33860590
2020-12-14,24.769607543945312,25.361312183442113,24.569339376540714,25.306692171736035,24002881
2020-12-15,25.406829833984375,25.980327864093333,24.769610186370834,24.851538476386402,25249503
2020-12-16,25.461448669433594,25.76185182726803,25.215665530320976,25.470552005887228,14873984
2020-12-17,26.135080337524414,26.21700863056801,25.42503744619183,25.43414078278378,23767713
2020-12-18,25.72543716430664,26.1259752393061,25.51606565957562,26.1259752393061,15258089
2020-12-21,26.144182205200195,26.262523837962526,25.315797720999186,25.57978925848144,22098776
2020-12-22,25.406829833984375,26.508309212924836,25.30669487145783,26.244317670367156,36677968
2020-12-23,25.01539421081543,25.388622303254962,24.58754783897308,25.388622303254962,27415300
2020-12-24,24.250732421875,25.115530275870967,24.123289185562115,25.024498648668672,27603741
2020-12-25,23.94122314453125,24.28714294038003,23.740954977023414,24.28714294038003,20375072
2020-12-28,24.105079650878906,24.532927727046296,23.90481148383872,24.032254705020325,19800037
2020-12-29,24.43279457092285,24.633062752680523,23.750060002218863,23.941224848039756,18320570
2020-12-30,24.605754852294922,24.74230142083856,24.032256833614287,24.168803402157927,18862731
2020-12-31,24.7423038482666,25.024500349113815,24.387282387965787,24.487415622036995,22035085
2021-01-04,24.369075775146484,24.7969221959739,24.20521918189394,24.687685624661533,31137485
2021-01-05,25.270280838012695,25.33400244940313,24.187008235524235,24.305349859206775,42717427
2021-01-06,24.915258407592773,25.461444617622394,24.760505185075417,25.32489806511499,31804450
2021-01-07,24.205215454101562,24.851536654299185,23.94122393089945,24.80602171264269,29444970
2021-01-08,25.6344051361084,26.01673653423534,24.205214494816932,24.205214494816932,49739921
2021-01-11,25.51606559753418,26.308036673950625,25.37951730355287,25.770952042227435,38287715
2021-01-12,26.11687469482422,26.544721085379745,25.425036759088307,25.497861713571883,39209122
2021-01-13,25.734539031982422,26.2534169646725,25.497857534630466,26.2534169646725,28104171
2021-01-14,25.689027786254883,26.016740965114302,25.17925308069442,25.743647806920755,26260166
2021-01-15,25.051807403564453,25.59799540315093,24.951672445026528,25.59799540315093,25400504
2021-01-18,25.206560134887695,25.525169939603995,24.678578817691793,24.94256860814787,17675749
2021-01-19,25.94391441345215,26.12597766525307,24.9516733373332,25.288489832279755,30988606
2021-01-20,25.898401260375977,26.38086595934429,25.570688078975635,26.007637829986777,29657424
2021-01-21,26.00763511657715,26.845122920114324,25.962120173368607,25.989428444780216,36792301
2021-01-22,27.272968292236328,27.464134866545354,25.80736599185784,26.00763416544869,64483289
2021-01-25,27.1910457611084,27.74633542235888,26.708579322571573,27.555170556096577,44113268
2021-01-26,26.044048309326172,27.21835085288618,25.97122335884403,27.21835085288618,35543966
2021-01-27,25.30669593811035,26.180597156349183,25.07911773098244,25.916605602664518,38713161
2021-01-28,24.19611358642578,24.978983131654907,23.950328719488663,24.93346645095331,42153110
2021-01-29,24.48741340637207,24.55113502309283,23.777370550016382,24.432795125794826,24090495
2021-02-01,25.898401260375977,26.21700936864412,24.92436505302318,25.48875978362555,49106233
2021-02-02,26.635751724243164,26.990773147142146,25.670820679068303,25.852882190379965,44426412
2021-02-03,26.271629333496094,26.744990694602897,25.971226163283482,26.599340777910964,33267357
2021-02-04,26.990772247314453,27.291175380433373,25.989427891490138,26.27162608948348,44813695
2021-02-05,26.135080337524414,27.47324129971383,26.12597873721639,27.191044810499186,33629262
2021-02-08,28.18328285217285,28.319831158281264,26.39907063572622,26.39907063572622,60541189
2021-02-09,29.339380264282227,30.01301324439731,27.837364535720372,28.328934266677244,73108615
2021-02-10,30.69574737548828,30.814085534028305,29.512338009547292,29.858257830633164,66138776
2021-02-18,29.61247444152832,31.569648361708595,29.42130958585521,31.50592674315089,68545209
2021-02-19,30.08583641052246,30.941532638373737,29.858258217594805,30.031219866663115,46822962
2021-02-22,28.811399459838867,30.113148763790594,28.784091187357124,30.113148763790594,51170440
2021-02-23,29.066286087036133,29.43951417180348,28.547408102666104,28.67485133074751,31787771
2021-02-24,29.17552375793457,29.931085028371786,28.856915675562043,29.157317085717903,38385266
2021-02-25,28.23790168762207,29.339379272574845,28.055838444617823,29.221037643736956,35290384
2021-02-26,28.975255966186523,29.266557516760596,27.682611738060782,27.764540027865387,37168276
2021-03-01,29.084495544433594,29.94018835249148,28.802297317674576,29.111803818047488,29585126
2021-03-02,28.29252052307129,29.084493388564304,28.228798907650294,29.084493388564304,24218128
2021-03-03,28.78409194946289,28.920638524338454,28.0740473293125,28.219697240684287,18864842
2021-03-04,28.374452590942383,29.02077390350804,28.15597770769692,28.49279250159383,21180706
2021-03-05,28.001224517822266,28.365349324134616,27.527861401474194,28.046739467504796,23482023
2021-03-08,26.59023666381836,28.419965642095114,26.508310107322426,28.21059411000613,36582627
2021-03-09,25.94391441345215,27.081805396498297,25.379519721896365,26.462792423915776,31309563
2021-03-10,25.843780517578125,26.47189685229347,25.689027268047795,26.326246939357144,17253988
2021-03-11,26.21700668334961,26.399069929098285,25.834675256304422,25.843778592220232,17194877
2021-03-12,25.71633529663086,26.3535549188485,25.497860444057782,26.235213288527383,19587826
2021-03-15,25.57068634033203,25.925707771853897,25.261179853672616,25.497861386781807,18406979
2021-03-16,25.57068634033203,25.716336247432483,25.252076517443356,25.506964723011066,13458919
2021-03-17,25.72543716430664,26.044046957231583,25.434137377501102,25.57978727090387,16383007
2021-03-18,26.663063049316406,26.754092941326846,25.689026883736087,25.85288346740911,27557235
2021-03-19,26.70857810974121,27.027187941994363,26.144183400925584,26.399071613984884,24711455
2021-03-22,27.045392990112305,27.191044638377534,26.581134980849296,26.663063273374274,20382129
2021-03-23,27.109115600585938,27.25476550856314,26.681267476654522,27.13642387315425,14203616
2021-03-24,25.934810638427734,27.081804938285657,25.861985686196302,26.854226745526955,21491579
2021-03-25,25.17925262451172,26.116875460214455,25.170149287899,25.85288390729744,27641002
2021-03-26,25.971221923828125,26.080458475373685,25.452342226993835,25.534270508794844,19114909
2021-03-29,26.490100860595703,26.644854094557967,25.998531151674246,26.10776944352915,20852605
2021-03-30,26.480998992919922,26.608442226912477,25.907500967385747,26.308039078013,14186370
2021-03-31,26.681264877319336,26.9998746710864,26.417275095935448,26.490100042829315,14605192
2021-04-01,26.726783752441406,26.94525861109141,26.40817393247038,26.690370407857824,12272380
2021-04-02,26.817811965942383,27.45503156607539,26.76319368876301,26.872431979405484,18986510
2021-04-06,26.044048309326172,26.963464394340573,25.96212002299829,26.86332943632121,19135359
2021-04-07,26.207904815673828,26.353554716269606,25.9166032781985,26.135078129092168,12604374
2021-04-08,26.080461502075195,26.1805964661826,25.798265018835277,26.125978184071236,10574207
2021-04-09,25.334003448486328,26.034944673991124,25.28848850606498,25.953016388605693,19526966
2021-04-12,24.760507583618164,25.516067099385815,24.65126928926019,25.33400385421712,15123982
2021-04-13,24.68768310546875,24.96077624216655,24.596651481141542,24.596651481141542,14226649
2021-04-14,24.86974334716797,25.01539324413627,24.62395849492756,24.669475172907486,11111081
2021-04-15,25.315797805786133,25.38862275839,24.769609793115222,24.81512647367003,12332380
2021-04-16,25.29759407043457,25.443243982554634,25.079117465970565,25.443243982554634,9636424
2021-04-19,25.907501220703125,25.93481122951878,25.197458354334735,25.261179971954068,14616395
2021-04-20,25.270280838012695,25.82557214232995,25.252074167248658,25.780055465419863,15539950
2021-04-21,24.969879150390625,25.270282290124584,24.842435920286455,25.051807437252958,20857100
2021-04-22,26.444581985473633,26.67216014967318,24.833329902516393,25.024494727027882,41703685
2021-04-23,26.33534812927246,26.854226118848192,26.25341984288853,26.672162874376387,27731085
2021-04-26,28.11956024169922,28.629336630913652,26.581132947069445,26.581132947069445,66150499
2021-04-27,28.67485237121582,28.67485237121582,27.627993028729787,27.81005454169737,38120632
2021-04-28,29.585163116455078,29.994804531042554,28.67485040517954,29.85825623532426,66187551
2021-04-29,29.157318115234375,29.49413635428395,28.419965227262445,29.33938137126186,50007516
2021-04-30,29.211938858032227,29.67619687347276,29.066288944112856,29.066288944112856,26587215
2021-05-06,28.219697952270508,29.55785893413216,28.12866632129672,29.330280724839653,35675850
2021-05-07,27.263870239257812,28.729472730272146,27.172838608045282,28.729472730272146,24896548
2021-05-10,27.336692810058594,27.73722917436644,27.127319555666084,27.509650984348156,19831839
2021-05-11,27.6826114654541,28.019427957587748,27.227455076036858,27.309383365034666,24732715
2021-05-12,27.7463321685791,27.819157119036642,27.245660851218993,27.719023897334885,16686052
2021-05-13,27.700817108154297,28.183281751782665,27.245660735654315,27.36400062853945,25202704
2021-05-14,29.18463134765625,29.548754405694165,27.400417251053014,27.77364538226845,42422674
2021-05-17,29.084495544433594,29.657993598300312,28.947947231228422,29.384896971889972,31240493
2021-05-18,28.774986267089844,29.029872723068937,28.510994739072913,29.029872723068937,18158875
2021-05-19,28.665748596191406,29.275658214675637,28.447273742205322,28.74767688347166,16429715
2021-05-20,29.30296516418457,29.412205190674726,28.49278740017017,28.49278740017017,26477757
2021-05-21,28.88422393798828,29.384895269793155,28.847812329850896,29.257452036886566,19941143
2021-05-24,28.419965744018555,28.81140053619633,28.037634288436067,28.702163969620717,19932493
2021-05-25,29.029874801635742,29.175524711562115,28.228800297040696,28.392656879778837,20778961
2021-05-26,29.821842193603516,30.104040377600626,28.62023145700808,29.13000607719965,34068026
2021-05-27,31.715295791625977,32.42533861292803,29.403100613837875,29.78543376785494,55164502
2021-05-28,30.905118942260742,32.00659655007498,30.732157295161457,31.733503416184256,35473018
2021-05-31,30.295207977294922,30.322519721833693,28.893327209600145,29.148215411128206,61563344
2021-06-01,29.53965187072754,29.95839493688162,29.057185448334252,29.548753471049217,42556855
2021-06-02,29.903770446777344,30.13134861904374,29.312069282425114,29.539647454691508,28625248
2021-06-03,29.202835083007812,29.74902135139053,29.093595051277184,29.694401335525217,18596459
2021-06-04,29.503236770629883,29.667093347223194,28.647542279689155,29.06628705723693,20271740
2021-06-07,29.585163116455078,30.668433992748707,29.54874977458788,30.085834413143147,18885158
2021-06-08,29.084495544433594,30.003909972635796,28.95705056786103,29.621580251769885,17138642
2021-06-09,28.128665924072266,29.275660291063055,27.74633446840867,29.275660291063055,24844402
2021-06-10,28.09225082397461,28.52009717318762,27.937497593615227,28.21059071246886,17468108
2021-06-11,28.155973434448242,28.49278817722658,27.73722866956789,28.192385041320925,16376060
2021-06-15,28.192384719848633,28.21969472690456,27.27296865103737,28.046734821451178,19559066
2021-06-16,27.873777389526367,28.265210416645353,27.618889192447313,28.110457178469456,11472128
2021-06-17,28.165075302124023,28.456375087056472,27.700815618781554,27.992115403714003,11987507
2021-06-18,28.347139358520508,28.429067647464056,27.928396313950223,28.06494288342819,10371865
2021-06-21,28.08315086364746,28.438172308081743,27.728127682929266,28.401760698124235,13354473
2021-06-22,28.94794464111328,29.348484471973986,28.15597352406127,28.15597352406127,22261138
2021-06-23,28.811399459838867,29.339380808653402,28.6384395435578,29.312072536171662,13221540
2021-06-24,28.392654418945312,29.19372885411005,28.383551083328427,28.73857249096824,13164893
2021-06-25,29.30783462524414,29.43621632352288,28.05152350876645,28.537542686502253,22965679
2021-06-28,29.500411987304688,29.61962508293648,29.014394479317403,29.353689522734594,17254040
2021-06-29,29.12443733215332,29.500412118854733,28.867672143475797,29.307839539148905,16023450
2021-06-30,29.454561233520508,29.555433581623497,28.867671387982472,29.170286683221736,16482037
2021-07-01,29.252817153930664,30.527470892834227,29.252817153930664,29.711327014344263,29327858
2021-07-02,28.38165283203125,29.078583623080227,28.170737771221273,28.959372283552536,19726650
2021-07-05,27.831439971923828,28.59256329195615,27.69388790185909,28.583392920742572,19180287
2021-07-06,27.63886833190918,28.01484484246671,27.354593793234624,27.528827364905318,16353043
2021-07-07,27.473804473876953,27.79476049324029,27.409613619818202,27.510485961378862,14397130
2021-07-08,26.382556915283203,27.46463632842241,25.85985795278333,27.43712521231782,32745169
2021-07-09,26.22666358947754,26.465088010635558,25.9423890580878,26.2358339613378,18109706
2021-07-12,27.106996536254883,28.051523787596963,27.03363531521362,27.464634019266843,35423063
2021-07-13,27.693889617919922,27.868121434565836,26.88691439181523,27.189529664337094,21686910
2021-07-14,27.317914962768555,28.134058866633268,27.235383360235076,27.739741598766592,20109734
2021-07-15,27.547168731689453,27.602189216434905,27.05197912177138,27.409614896221317,15217841
2021-07-16,26.978618621826172,27.547169476466316,26.694344069040962,27.427956382380128,17147629
2021-07-19,27.574676513671875,28.115716204916982,27.152849906433765,27.217040759790038,21429130
2021-07-20,27.556333541870117,27.84978016773667,27.32707951323869,27.556333541870117,14104907
2021-07-21,27.152849197387695,27.593016536681898,27.051976859565034,27.336251380892183,20259598
2021-07-22,26.309194564819336,27.15284951624163,26.199151854168797,27.061147548877774,28329233
2021-07-23,25.99740982055664,26.446747552137914,25.878196734157147,26.18998238449021,16991743
2021-07-26,24.896987915039062,26.134960057027968,24.530181807912218,26.043258092978885,28719859
2021-07-27,24.209226608276367,25.08956304354127,24.209226608276367,24.89698873776757,21553289
2021-07-28,23.64984703063965,24.420138977157322,23.45727273220812,24.108355099485834,27268503
2021-07-29,23.558147430419922,24.071676029305607,23.493956574192918,24.053335284935134,21503505
2021-07-30,23.64067840576172,23.88827145193608,22.622789858027353,23.61316728993363,33579566
2021-08-02,23.998313903808594,24.09001587316338,23.053786592872576,23.686528257444067,27062530
2021-08-03,24.686073303222656,24.970347802424925,23.74154609739654,23.842418427368383,29234887
2021-08-04,24.566864013671875,24.65856423134091,24.209226518298383,24.53018252734863,18880518
2021-08-05,24.108356475830078,24.85113910002685,23.961632276278905,24.43848111487888,18665351
2021-08-06,23.888269424438477,24.163375312161143,23.613165285785264,24.163375312161143,14592182
2021-08-09,24.410972595214844,24.53935430657144,23.71404005672114,23.842421768077735,14442209
2021-08-10,24.6585636138916,24.695245099296343,24.15420543306285,24.365118726931637,13978896
2021-08-11,24.319271087646484,24.667736489013237,24.22756911389639,24.667736489013237,13189657
2021-08-12,24.300928115844727,24.52101178323196,24.135864928036924,24.273417001520254,11831091
2021-08-13,24.099185943603516,24.429310580454548,23.897441263732233,24.135865681444933,13910804
2021-08-16,24.328441619873047,24.640227283231365,23.98914483948793,24.11752655414029,12961122
2021-08-17,24.016653060913086,24.59437245626484,23.952462211326164,24.282586830497394,17078325
2021-08-18,24.12669563293457,24.14503637663577,23.750719132407976,23.979973181464175,12878048
2021-08-19,23.998313903808594,24.429310885985636,23.869932196153645,23.943293421823558,12371260
2021-08-20,22.696151733398438,23.833251650759134,22.512747787440084,23.796571911009256,31696684
2021-08-23,23.145488739013672,23.38391316152938,22.58610829583952,22.7420011202125,18507497
2021-08-24,23.007938385009766,23.338064802353784,22.980427267207855,23.145490475879864,18552175
2021-08-25,23.46644401550293,23.59482572006722,22.806193000368605,23.035447043701716,16360707
2021-08-26,23.035446166992188,23.466443122390025,22.888721975699212,23.34723004491501,15917797
2021-08-27,22.943744659423828,23.209678435339242,22.760340728463913,23.090467104563956,14119024
2021-08-30,23.411422729492188,23.934121650459776,22.94374428729238,23.29220965158094,24138683
2021-08-31,23.677356719970703,23.695697462752666,22.797022055270425,23.338061723851865,23105296
2021-09-01,24.145038604736328,24.255081328028645,23.29221318369754,23.438935648707467,26113474
2021-09-02,24.227569580078125,24.282590065759006,23.842422682172547,23.998315515826466,19229100
2021-09-03,24.667734146118164,24.83279733337701,24.034992511315764,24.053333254137748,25496819
2021-09-06,24.667734146118164,25.493048333342884,24.566863558736262,24.75943611115858,31355455
2021-09-07,24.420141220092773,24.90616044737452,24.14503705314515,24.750267619685633,27341938
2021-09-08,24.154205322265625,24.438479836570416,24.03499224431655,24.429309465261294,21582670
2021-09-09,24.337608337402344,24.81445538410361,24.099183939516998,24.15420441623841,22671303
2021-09-10,24.181716918945312,24.521011918808863,24.126694689992153,24.337609736173558,18836035
2021-09-13,24.200057983398438,24.45682315993992,24.06250589738573,24.126696754253683,16150039
2021-09-14,24.044164657592773,24.447652284113104,23.943294062764917,24.190887112860235,17922124
2021-09-15,23.007938385009766,24.025827005773994,22.815364058535845,24.025827005773994,36097962
2021-09-16,23.026277542114258,23.30138170488082,22.751171630278083,22.9620866874067,17011349
2021-09-17,23.283042907714844,23.49395798247875,22.82453476538682,23.00793872194593,22301140
2021-09-22,23.145488739013672,23.457274387759632,22.879554949830116,22.98959591464069,12554329
2021-09-23,23.62233543395996,23.89743957001625,23.172997745564324,23.172997745564324,21188154
2021-09-24,24.649394989013672,24.759437703955214,23.530635840944463,23.622337811884144,41226750
2021-09-27,24.603544235229492,25.291306375702625,24.438481041664808,24.750266685271527,33775494
2021-09-28,25.291309356689453,25.318820475216054,24.557697020011283,24.704419487346915,32376850
2021-09-29,24.78694725036621,25.38300740012522,24.649393428132242,25.01620128866348,21735983
2021-09-30,24.603544235229492,25.107902438615294,24.46599215694878,24.67690546025051,17463528
2021-10-08,25.089563369750977,25.383008268964744,24.33761037824831,24.392630859583498,22823762
2021-10-11,25.0345401763916,25.53890010795091,24.961178954410002,25.199603363117575,15408348
2021-10-12,25.0345401763916,25.447198143206535,24.686074809246378,24.832797253209577,19179510
2021-10-13,25.0345401763916,25.300475699243336,24.392629921319983,24.942839960716725,18982630
2021-10-14,24.50267219543457,25.043711892501186,24.465992457008994,25.043711892501186,13593104
2021-10-15,24.181716918945312,24.465991438925226,23.961631501271714,24.438480324448644,15443658
2021-10-18,23.97997283935547,24.273417738109853,23.695698312320854,24.071674807483603,14753517
2021-10-19,23.814910888671875,24.200057775642804,23.668188431641962,23.769060776751147,14861632
2021-10-20,23.750720977783203,23.897443440653593,23.475616797168655,23.75989135034632,10669323
2021-10-21,23.677356719970703,23.84241990686938,23.53980464724497,23.75071794202906,11218700
2021-10-22,23.732378005981445,23.979972794745947,23.503123960622364,23.60399630028262,13799365
2021-10-25,23.805740356445312,23.924953445149267,23.44810458847273,23.74154950055994,14470071
2021-10-26,23.475616455078125,23.74155025925433,23.383914479852997,23.659018656458684,14734596
2021-10-27,22.962085723876953,23.24636024668302,22.907063494376782,23.053785941571498,15050478
2021-10-28,23.237192153930664,23.328894129687797,22.52191884190866,22.92540648579823,17863741
2021-10-29,19.5507869720459,22.00839090269838,19.202321552343868,22.00839090269838,88229088
2021-11-01,19.53244400024414,19.624145968367312,18.991404312293955,19.25733984494419,30093879
2021-11-02,18.881364822387695,19.67916798442115,18.80800359198152,19.669999361056362,30427920
2021-11-03,19.459081649780273,19.624144833038557,19.284849844402718,19.486592763346472,21755193
2021-11-04,19.51410675048828,19.761699812765887,19.275682311680082,19.31236205276688,16718447
2021-11-05,19.71584701538086,19.816719350510624,19.394891016479367,19.53244308770301,16985767
2021-11-08,19.51410675048828,19.688338581522576,19.358213915462525,19.53244574649682,12457818
2021-11-09,19.688337326049805,19.789209668478144,19.51410550612581,19.587466732691073,12055800
2021-11-10,20.03680419921875,20.17435627857695,19.523275620049002,19.69750743767025,21328617
2021-11-11,20.284399032592773,20.421951112229593,19.880911416464457,19.908420782950067,12147588
2021-11-12,20.3760986328125,20.541161822980726,20.1743557054233,20.339418895591525,11722433
2021-11-15,20.64203453063965,20.697055011990578,20.24771729130726,20.25688766304401,12745491
2021-11-16,20.660377502441406,20.779588849737575,20.44029380423096,20.541164406075485,13769454
2021-11-17,20.6053524017334,20.706224738625398,20.35775936883319,20.513652185361956,11778539
2021-11-18,20.330251693725586,20.632867006525164,20.20186996983177,20.48614453662657,12321802
2021-11-19,20.476970672607422,20.614522746053062,20.19269615427717,20.22020551952459,10063910
2021-11-22,20.486141204833984,20.72456561691016,20.40360961030494,20.642034022381118,10730450
2021-11-23,20.247716903686523,20.50448206019131,20.220205789002947,20.449459830824157,12936094
2021-11-24,20.26605796813965,20.476971270182634,20.220206109606675,20.247717224726458,10122186
2021-11-25,20.577844619750977,20.843778416014764,20.348590563044077,20.348590563044077,17439923
2021-11-26,20.421951293945312,20.660375717003124,20.385269806211983,20.49531252034236,10369943
2021-11-29,20.431123733520508,20.89880225503214,20.35776249969926,20.752078038319862,13891321
2021-11-30,20.330251693725586,20.431124047682047,19.935934399971938,20.412783301677273,16932322
2021-12-01,20.156017303466797,20.24771928077503,20.064315326158567,20.201869166655783,9041169
2021-12-02,19.935932159423828,20.247717810185005,19.935932159423828,20.018463758099998,9789265
2021-12-03,20.064311981201172,20.13767320100363,19.706676253297875,19.935930283814233,10059709
2021-12-06,19.90842056274414,20.119335614861907,19.90842056274414,20.064313384360105,9081628
2021-12-07,19.789209365844727,20.036804157617162,19.624146171329766,19.908420701289096,10009459
2021-12-08,19.835060119628906,19.89008235229946,19.715848780315312,19.77086926391623,11025760
2021-12-09,20.5228214263916,20.733736477984557,19.706677582410922,19.789209178888697,29235378
2021-12-10,20.174354553222656,20.58701250507544,20.110163704949876,20.449458688411557,21159593
2021-12-13,19.981782913208008,20.495311471712995,19.835058718851354,20.183525838210446,21208189
2021-12-14,19.981782913208008,20.11933498703101,19.86256983324376,19.9542717988156,9412068
2021-12-15,19.80754852294922,20.064311916900234,19.80754852294922,19.972611704243125,11805463
2021-12-16,19.835060119628906,19.990952947389534,19.743359896650592,19.75253026876235,8588910
2021-12-17,19.633316040039062,19.88091082546687,19.57829555963384,19.780038487166014,12014535
2021-12-20,19.633316040039062,19.871740453887742,19.550784444896458,19.587465931212964,9852863
2021-12-21,19.835060119628906,19.945102835900375,19.578296696778203,19.605806064043843,8663501
2021-12-22,20.541162490844727,21.054691072121706,19.780039116265247,19.835059598420383,29812539
2021-12-23,20.064311981201172,20.17435468543958,20.000121132507704,20.17435468543958,17616883
2021-12-24,21.063861846923828,21.228925045616325,19.89925258216938,20.055145408815672,44448519
2021-12-27,21.109712600708008,21.183073824162886,20.76124547749519,21.06386074288025,21164868
2021-12-28,20.907968521118164,21.22892453879441,20.825436923742284,21.14639294141853,13707505
2021-12-29,20.843778610229492,21.10971415804082,20.788758125846677,20.981330695721365,14566162
2021-12-30,20.807098388671875,21.082202553287292,20.623694446215183,20.79792801664208,14785008
2021-12-31,20.752077102661133,21.1922462348123,20.715397361939196,20.77958822000486,17875981
2022-01-04,21.659923553466797,21.806646006488737,20.7612463423704,20.81626857405583,38815684
2022-01-05,21.228923797607422,22.329343891486012,21.210583054593226,21.779133844546717,43287783
2022-01-06,21.357309341430664,21.494861429370335,20.981331069093343,21.30228710699904,22180081
2022-01-07,20.953821182250977,21.632412981815722,20.917139693537916,21.24726609567685,22615972
2022-01-10,21.604900360107422,21.614070731646805,20.907967864740147,20.91713823627953,23675900
2022-01-11,21.66909408569336,21.916688902885536,21.192246945889988,21.421501017570943,22792850
2022-01-12,22.549427032470703,22.815360803671858,21.32979563569558,21.531538556919543,43709325
2022-01-13,22.237642288208008,24.071674641874647,22.21930154489465,22.79702271577859,68406100
2022-01-14,22.888723373413086,22.90706411707838,21.852495843298087,22.026729409979225,55920147
2022-01-17,22.760339736938477,24.071673063687616,22.576937563037756,22.93457328885318,58412237
2022-01-18,21.357309341430664,22.622790999173212,21.164735019059368,22.466898166423,44869395
2022-01-19,21.458181381225586,21.559053735390076,21.146395694780622,21.192247559887125,18430389
2022-01-20,24.511842727661133,25.107902910800245,21.49486032423043,21.54988080676353,133235942
2022-01-21,22.173452377319336,23.9341235815724,22.100091150020027,23.9341235815724,89084729
2022-01-24,21.843324661254883,22.861213159018746,21.73328370148391,21.889176518717388,39695699
2022-01-25,20.174354553222656,21.751621643173248,20.100993333900988,21.504028621131017,52544469
2022-01-26,19.899250030517578,20.37609707228763,19.69750536950967,20.174354160349125,25635234
2022-01-27,19.404062271118164,20.119335522740396,19.36738253335448,19.954272330129914,21015595
2022-01-28,19.000574111938477,19.706676971436913,18.95472400379214,19.50493404689572,22771314
2022-02-07,19.083105087280273,19.422401823401216,18.982234502814144,19.422401823401216,15325876
2022-02-08,19.27568244934082,19.294023194550064,18.97306714966726,19.11978961320173,13649357
2022-02-09,19.53244400024414,19.58746623055978,19.0922766521364,19.238999101505645,18132864
2022-02-10,19.706676483154297,19.844228553254613,19.39489085808986,19.514103934827745,16150146
2022-02-11,19.119789123535156,19.624147360384338,18.991405659428153,19.624147360384338,23628437
2022-02-14,19.257341384887695,19.688338395741518,19.037257693234487,19.07393743397517,16902615
2022-02-15,19.495763778686523,19.569125001550827,19.119787292873266,19.385721069855304,14613901
2022-02-16,19.42240333557129,19.60580552556032,19.284851255812118,19.54161467161068,13049454
2022-02-17,19.376548767089844,19.70667511161006,19.202316973321366,19.614973154902295,14118572
2022-02-18,19.504934310913086,19.550784419680046,19.156467187633872,19.303189634571584,11466059
2022-02-21,19.835060119628906,19.926762091676856,19.486594724730253,19.624146808267362,16347098
2022-02-22,19.51410675048828,19.75253118929648,19.385723284010194,19.541616119035947,15020078
2022-02-23,19.80754852294922,19.88090974251657,19.44991104712261,19.468251789281812,14986159
2022-02-24,19.57829475402832,19.954271227954187,19.2573387582437,19.6975060815126,22264432
2022-02-25,19.669998168945312,20.082654409069658,19.550785083591688,19.578296199227815,19079844
2022-02-28,19.688337326049805,19.770868924569427,19.128958629390773,19.669998331210696,14311236
2022-03-01,19.486595153808594,19.945103275074676,19.440745041309857,19.87174204563489,14212782
2022-03-02,19.523277282714844,19.605807138102605,19.248171351499945,19.349043701185714,11055542
2022-03-03,19.46825408935547,19.688337774059278,19.43157434977299,19.523276322333658,10542320
2022-03-04,19.559953689575195,19.935930157310708,19.33069966051357,19.449910986035064,15748647
2022-03-07,19.11061668395996,19.559954387055154,18.98223498280976,19.559954387055154,16707494
2022-03-08,17.79011344909668,19.14729696861832,17.716752225043336,19.03725600707308,29462561
2022-03-09,16.964799880981445,18.065220032348627,16.4421009212564,17.845134602819503,25916136
2022-03-10,17.404966354370117,17.65256113816259,17.12069183357294,17.359116245846856,19780076
2022-03-11,19.266510009765625,19.596636391836075,17.065671543791552,17.129862396067576,51934457
2022-03-14,19.816720962524414,21.09137294145808,19.780039474377155,21.09137294145808,75734950
2022-03-15,19.05559730529785,20.05514510530233,18.936384219570932,19.257340240052393,40561824
2022-03-16,19.42240333557129,20.110165483436734,18.230281229829433,19.862570690428473,41703337
2022-03-17,19.61497688293457,20.220207463539168,19.20232062292399,19.440745056051508,41426117
2022-03-18,19.459081649780273,19.706676424667698,19.275679473213984,19.459081649780273,22538744
2022-03-21,19.84423065185547,19.94510299682908,19.34904279731248,19.44074477010034,23692901
2022-03-22,19.165639877319336,19.74336111244882,19.147299131966392,19.74336111244882,19107429
2022-03-23,19.459081649780273,20.091823269247207,18.973064220263616,19.11978666114443,24136543
2022-03-24,19.61497688293457,19.780040086566675,19.193150250603352,19.339872709594182,17930655
2022-03-25,18.899703979492188,19.679166331174024,18.86302249283586,19.504934516765136,18365226
2022-03-28,18.321985244750977,19.128960567812857,18.184433149636046,18.936386235396128,20401077
2022-03-29,18.4228572845459,18.780493075585337,18.31281456088082,18.31281456088082,15981428
2022-03-30,18.771320343017578,18.87219268127357,18.18443055477079,18.532895929274936,14925528
2022-03-31,18.496217727661133,19.028087079684713,18.432026870375996,18.652110559240615,14150608
2022-04-01,18.367834091186523,18.459534306816206,18.08355782571212,18.349493348432787,13099480
2022-04-06,18.340322494506836,18.688787852311908,18.24862053222041,18.3678336079136,11558221
2022-04-07,17.68924331665039,18.42285557615566,17.680072944772878,18.32198323457259,15060214
2022-04-08,17.432477951049805,17.80845444836128,17.249074013745368,17.771772961272564,11712037
2022-04-11,17.019821166992188,17.570031268640125,16.854757961590835,17.423308808076634,12764496
2022-04-12,17.23990249633789,17.322434087733495,16.7813944326154,17.084009684709464,11418451
2022-04-13,16.8364200592041,17.24907635043628,16.8089089401607,17.239905977421813,8971508
2022-04-14,17.313264846801758,17.542518893628987,16.937288349930668,17.028990318475472,13649701
2022-04-15,17.294925689697266,17.606711330375656,17.166542235314097,17.3132646839781,9150186
2022-04-18,17.340776443481445,17.478328525582437,16.946459192140882,17.276585588438955,6980171
2022-04-19,17.349945068359375,17.60671021174272,17.184881886832187,17.26741347759578,11515389
2022-04-20,17.49666976928711,17.698412712191995,17.2490749649927,17.38662705102193,11559235
2022-04-21,16.882266998291016,17.496667882083514,16.67135370585749,17.359115810890756,12407556
2022-04-22,16.497121810913086,16.845588958702518,16.35956972586764,16.790566725428615,11179918
2022-04-25,15.616785049438477,16.5062900502597,15.598444307383748,16.267865650756505,14941544
2022-04-26,15.314169883728027,15.910230011139598,14.580555939239645,14.956532408025533,20602589
2022-04-27,15.800190925598145,15.910233654645927,14.965706206307763,15.09408793263864,12978879
2022-04-28,14.727280616760254,15.864380567025046,14.653919386067999,15.680978364829263,27534807
2022-04-29,15.644294738769531,15.726826330662604,14.947362267822179,15.02072348849719,24105649
2022-05-05,15.94691276550293,16.00193500237844,15.460895249924329,15.726829065210206,14170421
2022-05-06,16.27703857421875,16.570483496832384,15.552594891080343,15.680978356526088,18631159
2022-05-09,16.983139038085938,17.349945137911558,16.166993498270802,16.32288630933037,23756787
2022-05-10,17.074844360351562,17.285757690621804,16.607165835141597,16.827249538345733,17178925
2022-05-11,16.9189510345459,17.386627797305348,16.909780661874375,17.05650312647925,16145777
2022-05-12,16.964799880981445,17.194053933427142,16.799736683369407,16.827247799327953,8982240
2022-05-13,17.00147819519043,17.249071196319672,16.726372334168968,16.983137454641806,9197279
2022-05-16,16.671354293823242,17.038160412963617,16.62550243576223,16.992310303972147,9123867
2022-05-17,16.304548263549805,16.763056352241726,16.139485071769585,16.680524756351616,10971865
2022-05-18,16.02027130126953,16.43292926299924,16.00193230780225,16.4054181491941,12169857
2022-05-19,16.0936336517334,16.212846737518753,15.78184800300653,15.910231460703805,9404280
2022-05-20,16.579652786254883,16.86392731783329,16.130315059221406,16.139485431087753,12396202
2022-05-23,16.62550163269043,16.818075929105554,16.497119934459985,16.570481154744446,10395403
2022-05-24,15.864377975463867,16.64384201740653,15.855209353561088,16.579651169670562,10378421
2022-05-25,16.066123962402344,16.11197407197151,15.763508691664985,15.818529172961897,6653308
2022-05-26,16.36874008178711,16.96480028243719,16.24035662001211,16.59799413965788,17173207
2022-05-27,16.075294494628906,16.524632219357343,15.965251781866831,16.341228281110414,10828033
2022-05-30,16.05695343017578,16.18533513494184,15.846040129754522,16.075294173447947,6642520
2022-05-31,16.222017288208008,16.304548887255237,15.855211153036775,16.05695409011355,12456160
2022-06-01,16.13031578063965,16.350399468066318,16.011102690114992,16.212847382058357,8702724
2022-06-02,15.827699661254883,16.13031493422089,15.745168064166918,16.13031493422089,15055739
2022-06-06,16.001934051513672,16.029443419247,15.717657758425082,15.726828130692747,13963679
2022-06-07,16.11197280883789,16.34122683684997,15.88271878082581,16.01110047681036,20133926
2022-06-08,16.332056045532227,16.552139696871592,16.001931443057867,16.14865387728411,22933442
2022-06-09,15.791019439697266,16.414590779198036,15.745169326115622,16.414590779198036,16754999
2022-06-10,15.90106201171875,15.91940275660712,15.635126458046493,15.671807947823233,17559087
2022-06-13,15.827699661254883,16.111974190630328,15.690147582464803,15.772679179552766,13409290
2022-06-14,15.800190925598145,15.809361298774613,15.277491898028327,15.671809199267267,15591673
2022-06-15,16.222017288208008,16.50629182433201,15.735998065937613,15.763509181976563,29759934
2022-06-16,16.451271057128906,16.68052510628428,16.21284663611897,16.222017007973534,18850224
2022-06-17,16.717205047607422,16.799736646230993,16.130315234346128,16.414589769010867,20066825
2022-06-20,16.8455867767334,16.97396847293755,16.65301248335774,16.73554407350882,17705833
2022-06-21,16.8455867767334,17.111520540166204,16.66218285438224,17.047329692064128,17848958
2022-06-22,16.53380012512207,17.0014785237338,16.506289013767503,16.85475434557876,12758115
2022-06-23,16.616334915161133,16.680525771633935,16.405419852232363,16.680525771633935,10287327
2022-06-24,16.873098373413086,17.019820831080793,16.634673942435647,16.71720554350744,13392389
2022-06-27,17.056499481201172,17.304094243207636,16.909777047953497,16.973967893865684,16730692
2022-06-28,17.1390323638916,17.14820273529634,16.77222625304949,17.11152124967738,12920550
2022-06-29,16.9189510345459,17.322436937674432,16.891439916531333,17.093182868095596,18158779
2022-06-30,17.286651611328125,17.575227424764318,16.92360456295568,17.072547032828187,17128572
2022-07-01,17.49144744873047,17.603153404488655,17.16563515595648,17.333195865127912,18947481
2022-07-04,17.901039123535156,17.984819481878972,17.3797404970336,17.593845068119247,23439904
2022-07-05,17.565919876098633,17.93827604658507,17.40766828170011,17.835877433875947,19487272
2022-07-06,17.184253692626953,17.705554133803393,17.035311216729216,17.53799340453485,18343553
2022-07-07,17.007381439208984,17.21217684943537,16.895673721927547,17.156323878561615,12535452
2022-07-08,17.063236236572266,17.351812021766087,17.044617985776764,17.109780088026906,9769701
2022-07-11,16.923603057861328,17.202869720152226,16.793278852196792,16.988765160693596,10378515
2022-07-12,16.41161346435547,16.942223017062755,16.365069607792137,16.942223017062755,16173285
2022-07-13,16.290597915649414,16.504702490698296,16.225435808072298,16.402305654020374,8910004
2022-07-14,16.28129005432129,16.51401289976705,16.2347461954459,16.28129005432129,10165210
2022-07-15,16.1602725982666,16.69088032438589,16.141654347218942,16.355758907664594,16563720
2022-07-18,16.402305603027344,16.42092207975274,15.936859949741525,16.113728019605468,10045560
2022-07-19,16.54193878173828,16.597791762435435,16.290597705299724,16.355759812035444,10766259
2022-07-20,17.109779357910156,17.22148708238221,16.58848078662001,16.625717286622045,20839930
2022-07-21,17.29595947265625,17.47282930851942,16.970147177813832,17.109780511165106,15458786
2022-07-22,17.193559646606445,17.389047719858034,17.03530807322527,17.221487021509255,12357058
2022-07-25,17.32388687133789,17.472829330504545,17.007383701725207,17.37043072400216,11753984
2022-07-26,17.147016525268555,17.575225638753423,17.053927047174504,17.491447061556304,12780285
2022-07-27,17.109779357910156,17.23079620738272,16.867749210033125,17.044617258440645,8217443
2022-07-28,17.379741668701172,17.379741668701172,17.02600373503975,17.119091450111355,12644978
2022-07-29,16.672264099121094,17.426285602828127,16.61641111472578,17.398359998397652,15631322
2022-08-01,16.80258560180664,16.923602453200605,16.458156848989518,16.67226140079844,7935967
2022-08-02,16.178890228271484,16.644335884471328,15.918241797141507,16.644335884471328,15037669
2022-08-03,15.983405113220215,16.43023255082262,15.974095986328365,16.104420211745463,9076095
2022-08-04,16.113727569580078,16.271979158298965,15.974094232600875,16.206817052744285,6743458
2022-08-05,16.80258560180664,16.80258560180664,16.150962821231563,16.169581071528185,14044916
2022-08-08,16.830514907836914,16.951529997578138,16.672263313231145,16.756043673642097,8192871
2022-08-09,16.672264099121094,16.80258832122162,16.60710198807083,16.765353590136193,7193765
2022-08-10,16.5233211517334,16.73742573207833,16.458159042544448,16.653645370111303,8707566
2022-08-11,16.923603057861328,16.951528658769934,16.56986339172311,16.662952870998122,13235427
2022-08-12,17.081857681274414,17.19356365586559,16.80258919372757,16.88636956243818,11864997
2022-08-15,16.80258560180664,17.072544904505428,16.73742350130254,17.035308403912186,9216504
2022-08-16,16.653644561767578,16.81189615163129,16.579173329804316,16.774661423416774,7546025
2022-08-17,16.72811508178711,16.8025863105809,16.43953929215294,16.718805956246115,7436126
2022-08-18,16.41161346435547,16.67226367749935,16.365069607792137,16.64433629824076,8611153
2022-08-19,16.28129005432129,16.52332202664901,16.25336267367541,16.458159914009702,7324605
2022-08-22,16.374378204345703,16.523320671169845,16.048565892342545,16.244053989758143,9231934
2022-08-23,16.1602725982666,16.355758907664594,16.10441784512362,16.29059680453193,10065942
2022-08-24,15.992713928222656,16.31852626094583,15.992713928222656,16.197509389246243,11083717
2022-08-25,16.10441780090332,16.15096342839466,15.92754974303864,16.057873948946117,8624829
2022-08-26,16.10441780090332,16.23474378234494,15.974093594995841,16.002020971490648,7565092
2022-08-29,16.93291473388672,17.016695100300353,16.15096583104907,16.337143042108163,28135201
2022-08-30,17.50075340270996,17.770712696069893,16.84913064467683,16.93291099257929,30787020
2022-08-31,17.62177085876465,17.73347680947146,17.26803120528025,17.34250243092948,25105646
2022-09-01,18.13376235961914,18.3757943141768,17.537992487190607,17.631081973641134,29964566
2022-09-02,17.975509643554688,18.254778085478566,17.770714206571174,18.12445210236709,19014379
2022-09-05,18.813310623168945,19.09257905329037,18.478190992770962,18.58989694439226,49967785
2022-09-06,18.627134323120117,19.055343450405232,18.47819186358319,18.608516071794458,22537371
2022-09-07,18.310632705688477,18.59920852357429,18.236161469603932,18.440956924952847,27748412
2022-09-08,18.71091651916504,19.064654451479285,18.152381353190762,18.301323827379324,28950652
2022-09-09,19.483552932739258,19.688348355787987,18.72953156436516,18.72953156436516,41162391
2022-09-13,19.911762237548828,20.274811013599727,19.502171387157443,19.548715237031992,41367802
2022-09-14,19.78144073486328,20.13517865853398,19.381157179437032,19.613880011611894,20257986
2022-09-15,19.269451141357422,20.014163491284524,19.12981602215358,19.855911894983226,25369201
2022-09-16,18.56197166442871,19.353229566786652,18.47819131150057,19.278756563709088,29299369
2022-09-19,18.41303253173828,18.738843101320388,18.161691427602566,18.701608368597192,16907433
2022-09-20,18.245468139648438,18.50611654308579,18.07790743713352,18.413028842163353,14818503
2022-09-21,17.901039123535156,18.319940915254232,17.742787532833976,18.198924052964617,17100993
2022-09-22,17.659008026123047,18.049982458738118,17.519374680660732,17.752097514942694,17159463
2022-09-23,17.537992477416992,17.91965777367061,17.314578775380795,17.714862324021,19848636
2022-09-26,17.472829818725586,17.780023871282115,17.351812957562405,17.3890494611616,15018178
2022-09-27,18.84123992919922,18.934329415443738,17.482139466845766,17.68693491615629,34142208
2022-09-28,18.99949073791504,19.34392129012433,18.59920720648112,18.59920720648112,30141297
2022-09-29,19.6883487701416,19.96761719894075,18.99018036144485,18.99018036144485,29186732
2022-09-30,19.66973114013672,20.135176760614044,19.418391854484906,19.539406934573993,22712409
2022-10-10,19.427701950073242,19.967618825766113,19.325303340284073,19.92107319607366,22166007
2022-10-11,19.157739639282227,19.725583804308542,18.89708948022193,19.437006271784444,14922174
2022-10-12,19.148433685302734,19.28806702467368,18.450265212913763,19.222904918002854,15649948
2022-10-13,20.302736282348633,20.58200470364564,18.999488976231348,18.999488976231348,28679620
2022-10-14,22.12728500366211,22.806835176675683,20.209647787973385,20.265502540260012,68733149
2022-10-17,23.402606964111328,24.435896886332944,22.341391438932977,22.54618688793086,84586773
2022-10-18,23.486387252807617,24.184555733156483,23.002323346970847,23.141958463468033,45415773
2022-10-19,23.300209045410156,23.83081678336001,22.85337988797443,23.61671221814063,35519846
2022-10-20,23.244354248046875,23.802889362158258,22.8161451183998,23.002322306080803,30670042
2022-10-21,23.765655517578125,23.989069216414233,23.048868790770037,23.048868790770037,25730983
2022-10-24,22.713747024536133,23.70049129060055,22.443789474859155,23.598094456498217,33319102
2022-10-25,22.564804077148438,23.123339191914003,22.034196339558118,22.723055663406445,25250560
2022-10-26,23.2908992767334,23.616711566201207,22.59273084595986,22.59273084595986,27560740
2022-10-27,23.076797485351562,23.272283817159213,22.69513039725855,23.132650469363128,17770019
2022-10-28,23.570167541503906,24.36142550528971,23.114031015447214,23.179193122664703,37185229
2022-10-31,23.5422420501709,24.58483932165519,23.00232338659156,23.365372204361606,31085214
2022-11-01,23.41191291809082,23.765652562243357,22.629964181635135,23.55154624055776,27582371
2022-11-02,23.85874366760254,24.389353209610736,23.151267829326837,23.225739063647136,29253368
2022-11-03,23.85874366760254,24.12870300172255,23.225739063647136,23.598095235248632,17493862
2022-11-04,23.393295288085938,24.128700195048363,23.300207587664328,23.7563440667597,26792674
2022-11-07,23.318824768066406,23.5794749535229,22.95577775394075,23.393295995977674,18439410
2022-11-08,22.360008239746094,23.31882509041616,22.06212332398319,23.31882509041616,37894527
2022-11-09,22.91854476928711,23.21642970356786,22.350700503605516,22.387935232623477,22264349
2022-11-10,22.294845581054688,23.300208034480438,22.22037435396886,22.89061539774132,17853434
2022-11-11,21.71769142150879,22.890614535583932,21.64322019722786,22.844070686233618,27749481
2022-11-14,22.173830032348633,22.508951461725136,21.401190340034976,21.550132802972485,27984819
2022-11-15,21.950414657592773,22.34138903675739,21.699073604801075,22.33207991159465,18617424
2022-11-16,21.96903419494629,22.360008597015646,21.82940086039313,21.875944713399456,14478696
2022-11-17,22.034196853637695,22.322772655711223,21.71769367373735,21.86663613774525,14850229
2022-11-18,22.04350471496582,22.667201913043343,21.96903348723421,22.22968189652778,20736548
2022-11-21,22.155210494995117,22.294845599488845,21.540822427145503,21.894562087746255,14912268
2022-11-22,21.298791885375977,22.276228802966685,21.205704177015722,21.969034748988857,19418848
2022-11-23,21.093996047973633,21.45704307530606,20.777492873953598,21.06606867066568,17137692
2022-11-24,21.298791885375977,21.308101011318847,21.01952520922676,21.215013302958592,8888894
2022-11-25,21.07537841796875,21.29879211641849,20.712331379929704,21.196395281004595,12398640
2022-11-28,20.85196304321289,21.159157075827487,20.423753932825196,20.74956621603076,16287738
2022-11-29,21.07537841796875,21.35464687268161,20.758875234614724,20.824039116921696,22670197
2022-11-30,21.084688186645508,22.518261681475863,20.36790143923033,22.322773579665224,45356881
2022-12-01,20.4796085357666,20.879892077596608,20.10725237204133,20.58200714661639,38823241
2022-12-02,20.945051193237305,21.084684512752087,20.349281416356096,20.38651613964418,23304587
2022-12-05,20.96367073059082,21.391879840148523,20.758873525555313,21.215011786479437,22506712
2022-12-06,20.805419921875,21.550132216288382,20.619240960504573,20.963671506379615,23751630
2022-12-07,20.96367073059082,21.084685808129358,20.395826517405602,20.572696346608787,17265816
2022-12-08,21.23362922668457,21.457042916896235,20.675094113388322,21.010215536472906,35278240
2022-12-09,22.667203903198242,22.667203903198242,21.29879253212553,21.61529572165702,96095310
2022-12-12,22.462406158447266,23.058177794380654,22.257610712818618,22.713747234128498,48209787
2022-12-13,21.782855987548828,22.443789731479864,21.43842720207097,22.434480605448808,33298772
2022-12-14,21.605985641479492,21.820091984145254,21.429117577606046,21.745620753163223,15246598
2022-12-15,21.540822982788086,21.9224882537053,21.48497000487034,21.70838369207548,13747046
2022-12-16,21.68045997619629,21.745622085355787,21.410500637639153,21.45704449402899,15325647
2022-12-19,20.274812698364258,21.922488912995647,20.191032341200977,21.689766093216356,27340244
2022-12-20,20.256195068359375,20.47029964299944,19.80005854065627,20.163105582483702,16365683
2022-12-21,20.09794044494629,20.386516209672646,19.92107062600188,20.0793221954713,11496796
2022-12-22,19.883838653564453,20.284122194986974,19.837293023437276,20.22826743883436,8310222
2022-12-23,20.163105010986328,20.38651870543501,19.530098655614623,19.800057979448997,14923382
2022-12-26,20.93574333190918,21.149847886454356,20.38651736987827,20.38651736987827,17957729
2022-12-27,20.414445877075195,20.861273261463865,20.014162346068357,20.78680203073242,15458751
2022-12-28,21.0195255279541,21.177777120314083,20.256194944406282,20.405137410682237,22565683
2022-12-29,21.252246856689453,21.419807563332423,20.68440263429586,20.814728614759353,15533398
2022-12-30,21.382572174072266,21.550132889432778,21.03814339297274,21.26155708827535,18198348
2023-01-03,21.55944061279297,21.78285429356137,21.159157102257627,21.401189033640257,15849516
2023-01-04,21.2708683013916,21.76423959443825,21.224322667260715,21.55013500403935,17783346
2023-01-05,21.447734832763672,21.587368162425776,21.047451319007287,21.363954479859586,15987230
2023-01-06,21.177776336669922,21.484970383938713,21.03814300164487,21.401190027816842,12297998
2023-01-09,21.363956451416016,21.61529575778881,21.131233621991154,21.14985009893909,11885262
2023-01-10,21.72700309753418,21.913182067863488,21.131233233335195,21.28017569938494,15101019
2023-01-11,21.298791885375977,21.727002801076896,21.270866283081588,21.66184069501103,13295556
2023-01-12,21.15915870666504,21.419808908425868,21.131233104160327,21.29879204579132,7807200
2023-01-13,21.540822982788086,21.624603337431783,20.982289652542317,21.252247192089882,12570303
2023-01-16,22.080738067626953,22.434477708999832,21.50358653248975,21.587366880418376,23115342
2023-01-17,22.015579223632812,22.276229430776404,21.941107989525253,22.201758196668845,9462848
2023-01-18,21.922489166259766,22.155211988727636,21.8294014577,21.969034796073878,7903517
2023-01-19,22.378625869750977,22.620656025440226,21.699073927051753,21.885252882003286,15708126
2023-01-20,22.04350471496582,22.592730685311736,22.01557733874117,22.341389625892255,11543886
2023-01-30,20.64716911315918,22.173830261835874,20.572697880919687,22.136595533483245,69952787
2023-01-31,20.77749252319336,21.066068315033778,20.582006211940413,20.712330419442377,23594289
2023-02-01,21.084688186645508,21.205705053369783,20.572698667368552,20.935745716472784,23703300
2023-02-02,21.72700309753418,21.931798544469018,21.084687602985742,21.177777088150396,24830820
2023-02-03,21.40119171142578,21.671151052507923,20.9543642939805,21.51289945355426,21235329
2023-02-06,22.034196853637695,22.46240599377685,21.215013301594244,21.261557155771378,33150753
2023-02-07,22.22968292236328,22.48102399338142,21.95041624936593,22.02488748053417,19701215
2023-02-08,22.32277488708496,22.58342511292037,22.090052041867974,22.136597676232014,15551893
2023-02-09,22.276227951049805,22.471714261771368,22.108667241554663,22.108667241554663,11681571
2023-02-10,22.499643325805664,22.695129651186964,22.173831007969202,22.33208260374495,16717520
2023-02-13,22.397245407104492,22.918545842030465,22.36931980291748,22.56480613436396,14031277
2023-02-14,22.415863037109375,22.750984482312205,22.24830231450796,22.397244784479373,10716216
2023-02-15,22.397245407104492,22.611351767232893,22.2483029329926,22.387936280530706,9521827
2023-02-16,22.20175552368164,22.602039024642863,22.043503948314044,22.341388848880328,13627786
2023-02-17,22.22968292236328,22.676512084906932,22.062123983885392,22.20175732038407,13491461
2023-02-20,22.341388702392578,22.50894940174597,21.857324854379232,22.248299227692463,11260503
2023-02-21,22.145902633666992,22.434478410255885,21.996958407278395,22.341388934588288,9687222
2023-02-22,22.034196853637695,22.620657583727024,21.969034747576018,22.15521193981878,13650858
2023-02-23,21.71769142150879,22.090047542913428,21.522205123596617,21.959723344305313,13456069
2023-02-24,21.652528762817383,21.978341026454434,21.54082104151491,21.73630910991074,8594758
2023-02-27,21.624603271484375,21.78285485471384,21.53151379154925,21.550132042643106,7189923
2023-02-28,21.857324600219727,22.099356521412023,21.59667620473112,21.624601803942596,11034382
2023-03-01,21.736310958862305,22.034195873629166,21.67114885569882,21.745620084390538,9180760
2023-03-02,21.21501350402832,21.78285598765147,21.140540495779522,21.727003006999112,14757682
2023-03-03,21.14984703063965,21.484968424564915,21.066066682158333,21.308098602711688,7241262
2023-03-06,21.224319458007812,21.326718062078047,20.898508946028205,21.07537700237881,10506353
2023-03-07,20.684404373168945,21.38257285918474,20.684404373168945,21.242939517088438,10976736
2023-03-08,20.926437377929688,20.945055631285744,20.619243299692204,20.67509628422601,8904881
2023-03-09,20.97298240661621,21.1870869874346,20.89851117087354,20.89851117087354,7178215
2023-03-10,20.898508071899414,21.149847345551674,20.814727722170645,20.972979296598982,8001247
2023-03-13,20.86127471923828,20.991598938241747,20.61924275856448,20.89851122497317,7248732
2023-03-14,20.703022003173828,21.038143434557266,20.395827949583754,20.945053950780284,9411975
2023-03-15,21.11261558532715,21.26155805563884,20.703022904202836,20.703022904202836,10052547
2023-03-16,21.140539169311523,21.3080998762892,20.99159671322784,21.038142340462823,9632353
2023-03-17,20.85196304321289,21.298790404191557,20.82403744286054,21.038141998054385,11380815
2023-03-20,20.675094604492188,20.954363055540977,20.41444618082105,20.870582697779763,11470879
2023-03-21,21.624603271484375,21.689765374778716,20.68440289765451,20.712330274295294,17921494
2023-03-22,21.745620727539062,21.83870843450626,21.484970531641995,21.708384224324824,10205169
2023-03-23,21.875946044921875,21.941108153310623,21.59667935881744,21.745621828144376,10732257
2023-03-24,21.410499572753906,22.322772606682165,21.31741008906987,22.071431533395536,12609777
2023-03-27,22.07143211364746,22.248301959743568,21.159159055735795,21.159159055735795,17372968
2023-03-28,22.02488899230957,22.257611827626057,21.92249037659933,22.080741975635917,9391740
2023-03-29,21.875946044921875,22.09935974891228,21.59667935881744,22.034197640523534,10756348
2023-03-30,21.838706970214844,22.062122423451804,21.661838918408865,21.922487321295183,7199782
2023-03-31,21.578060150146484,21.97834368455147,21.429117687419172,21.699075235287097,10785557
2023-04-03,21.336027145385742,21.820091012991657,21.196393815450914,21.522206102321594,13729964
2023-04-04,21.410499572753906,21.615295016431407,21.242938857229486,21.410499572753906,10872922
2023-04-06,21.81078338623047,21.85732724089544,21.317410359324235,21.410499844188422,9309791
2023-04-07,22.434480667114258,22.555495754782132,21.66184095975529,21.68976656239097,18868669
2023-04-10,22.620656967163086,22.85337978277396,22.34139029864371,22.45309803137197,17017091
2023-04-11,22.415863037109375,23.030251169625032,22.192449332152254,22.527570777355084,15524285
2023-04-12,22.499643325805664,22.667204047866374,22.25761136899956,22.415862964775307,11984834
2023-04-13,22.83476448059082,23.011632551161128,22.313464068444095,22.36931882544613,17840821
2023-04-14,22.89992332458496,23.16988084281738,22.713744378847142,23.039556646121316,15234440
2023-04-17,22.741674423217773,22.881307761146942,22.443789495493082,22.7323652972846,14423343
2023-04-18,22.61134910583496,22.844071916184678,22.434479272819615,22.732364185981794,8753022
2023-04-19,22.490331649780273,22.778907429760906,22.462404274091533,22.61134850223073,7884436
2023-04-20,22.36931800842285,22.70443766052372,22.229682896552102,22.52756959641339,9571744
2023-04-21,21.931798934936523,22.54618706221368,21.931798934936523,22.369318990339604,9378644
2023-04-24,21.829402923583984,22.313465077416794,21.717695180062968,22.034198381915775,7741631
2023-04-25,21.242935180664062,21.93179439984866,21.07537449413977,21.838704932275842,11261565
2023-04-26,22.117979049682617,22.68582335061192,21.7828575900477,21.810784970195403,20708438
2023-04-27,22.183137893676758,22.527568429294405,21.89456211012734,22.211065269710872,11362319
2023-04-28,22.266918182373047,22.6206560667866,22.04350450134331,22.322771158746953,13600869
2023-05-04,22.294845581054688,22.68581996713882,22.127284876228046,22.201756103313876,10380175
2023-05-05,22.155210494995117,22.434478928448467,21.83870733573512,22.38793330177252,11134462
2023-05-08,22.015579223632812,22.713747709216523,21.885255007828153,22.397244520375832,13374574
2023-05-09,21.410499572753906,22.108668037082836,21.391881320910255,21.922489069714768,13489619
2023-05-10,21.2708683013916,21.503591145442858,20.889202979190294,21.354648667292807,13784560
2023-05-11,21.168468475341797,21.633914136916246,21.038144258271927,21.32672007129848,8853568
2023-05-12,21.066070556640625,21.44773764521526,21.010217572558577,21.187087426941797,7846778
2023-05-15,21.80147361755371,21.894563099673924,20.991597431302306,21.066068661891638,10759686
2023-05-16,22.360008239746094,22.481023320949465,21.689765403745415,21.92248821612695,17323990
2023-05-17,22.518260955810547,22.574113936441847,22.14590479237815,22.19244864698186,11830604
2023-05-18,22.60204315185547,22.853382472894932,22.434482420806237,22.518262786330855,12487603
2023-05-19,22.816144943237305,22.90923442413024,22.443788795199737,22.462405270950992,10674251
2023-05-22,22.788217544555664,22.946469129262336,22.58342210721404,22.871997899725912,9555211
2023-05-23,22.806835174560547,23.13264746073252,22.723054821672495,22.806835174560547,11022287
2023-05-24,22.48102378845215,22.79752696191559,22.304153950214534,22.695128354167363,10028020
2023-05-25,22.45309829711914,22.723055843145104,22.24830108061579,22.50895127637724,8548785
2023-05-26,22.64858627319336,22.8068378723083,22.304155695519313,22.49033467407842,6629784
2023-05-29,23.19780921936035,23.31882429644333,22.67651063452475,22.816143962092525,17057181
2023-05-30,23.188499450683594,23.51431172299049,22.76029035461982,23.13264647631311,13713778
2023-05-31,22.99301528930664,23.34675319390379,22.77890894584431,23.04886826886741,9902552
2023-06-01,21.857324600219727,22.974394732563553,21.801471626262742,22.723053686456087,27966934
2023-06-02,21.745620727539062,22.108667756206884,21.699075098521266,21.959725294418334,11878891
2023-06-05,21.894563674926758,22.071431742514545,21.55944224070276,21.680459103298865,9932926
2023-06-06,21.410499572753906,21.987652951167547,21.38257219498843,21.857326963796208,10001560
2023-06-07,21.298791885375977,21.615295065296674,21.270866283081588,21.50358910505068,6323576
2023-06-08,21.205703735351562,21.447735678222575,21.075377750399976,21.308100567522008,9503867
2023-06-09,21.578060150146484,21.903872453187812,21.205703993328203,21.25224784710516,13646301
2023-06-12,21.568750381469727,21.764236692147907,21.354645819621958,21.652530736198706,10473276
2023-06-13,21.410499572753906,21.615295016431407,21.31741008906987,21.46635255275064,8745191
2023-06-14,21.410499572753906,21.652531520118707,21.326719214991694,21.373263069066603,10899952
2023-06-15,21.754928588867188,21.83870716516131,21.345335954988577,21.410498056291836,9608002
2023-06-16,21.931798934936523,22.01557929552289,21.689766979413054,21.764238213763793,9611105
2023-06-19,21.820091247558594,21.969033704494766,21.5035880826857,21.875944225026124,6984636
2023-06-20,21.782855987548828,21.91318197644937,21.65253177418253,21.792165113579884,5960073
2023-06-21,21.419809341430664,21.78285638560489,21.410500215229494,21.689766899127473,7485236
2023-06-26,21.18708610534668,21.531514890491465,21.11261487270449,21.410499803273247,7193252
2023-06-27,21.317411422729492,21.550134258732072,21.07537946022269,21.093997713231136,6574420
2023-06-28,21.438425064086914,21.55013101425103,21.215011388224614,21.3732611883681,6996084
2023-06-29,21.447734832763672,21.633912013801773,21.317408852949473,21.33602710371352,5676349
2023-06-30,21.36363983154297,21.69434487979004,21.354190858420573,21.44867878743717,9616980
2023-07-03,21.448680877685547,21.628205977884345,21.20301295918414,21.35419293946077,10326774
2023-07-04,21.410884857177734,21.609309706518246,21.203012836056377,21.38253793521266,9390392
2023-07-05,21.306949615478516,21.59041345072366,21.231359619854672,21.363643463852135,6555434
2023-07-06,21.02348518371582,21.354192052665198,20.99513826276332,21.23135719741181,7879495
2023-07-07,20.862857818603516,21.155768815168113,20.72112680750501,21.02348677843718,7689325
2023-07-10,20.645536422729492,20.97624331048454,20.588844379808144,20.87230639662244,8184567
2023-07-11,20.834508895874023,20.89120273663821,20.59828996597882,20.70222687183908,5504006
2023-07-12,20.5699462890625,20.93844726881212,20.541599366694246,20.872306252160396,4882800
2023-07-13,20.721126556396484,20.86285756577743,20.541599650003253,20.673881685131125,8374727
2023-07-14,20.390419006347656,20.796715875040405,20.38097003240044,20.758919979251544,8115317
2023-07-17,20.050264358520508,20.456561251640245,19.776251306407325,20.40931818127137,11982624
2023-07-18,19.899084091186523,20.08805997442288,19.870738970246382,20.040815102509995,6605676
2023-07-19,19.94632911682129,20.050264231415458,19.842392200019514,19.870739123385707,4579318
2023-07-20,19.936880111694336,20.163650091652205,19.927431137253475,19.95577806057606,6785691
2023-07-21,20.09750747680664,20.239238477749332,19.899082633720912,19.95577647586395,5907686
2023-07-24,20.42821502685547,20.53215013649438,20.106957119518803,20.125853265321094,6096500
2023-07-25,20.418766021728516,20.56994600116152,20.2770332140785,20.54159907919001,8476500
2023-07-26,20.32427978515625,20.56994772284896,20.277034911249384,20.41876773076232,9211599
2023-07-27,19.94632911682129,20.324279083999187,19.889635270088903,20.305381135088393,13370112
2023-07-28,19.96522331237793,20.00301920650583,19.55892826374754,19.92742922045745,16425954
2023-07-31,19.66286277770996,20.191994466366243,19.59672176717977,20.003018605816518,14547543
2023-08-01,19.426645278930664,19.74790318411926,19.218773258835252,19.46444117469756,10589859
2023-08-02,18.925861358642578,19.445542284809854,18.869167517738667,19.379401272629373,21535457
2023-08-03,18.973108291625977,19.152635220004402,18.803030338657763,18.87862033973166,15642964
2023-08-04,18.793577194213867,19.199874035683976,18.736885156536548,19.02979612044464,15210050
2023-08-07,18.113269805908203,18.73688771203525,18.018781862087334,18.73688771203525,24930331
2023-08-08,18.141616821289062,18.311692958375954,17.92429400874181,18.226655790936327,15100485
2023-08-09,18.27389907836914,18.396732145865457,18.094372162298225,18.141617036110393,9786042
2023-08-10,18.27389907836914,18.37783599854825,18.151064208665165,18.27389907836914,6958380
2023-08-11,18.07547378540039,18.406180685435753,18.056577638529962,18.226655575817155,9315998
2023-08-14,18.24555015563965,18.2738970768221,17.886498165032584,18.009331219074944,9319244
2023-08-15,18.264448165893555,18.368385075045783,18.094370242628994,18.188858178021245,10525000
2023-08-16,18.292795181274414,18.500667198440723,18.151062376353206,18.1983072453961,9362201
2023-08-17,17.980985641479492,18.27389661073069,17.839252841389715,18.24554969027125,14586525
2023-08-18,17.75421714782715,18.075473261810078,17.716421250765883,17.99043609783736,9694003
2023-08-21,17.706972122192383,18.018781061400286,17.56524111386289,17.69752314800941,7637925
2023-08-22,17.72587013244629,17.829807046614324,17.414061192149738,17.70697218401436,9938142
2023-08-23,17.300676345825195,17.68807530097582,17.291227371040097,17.68807530097582,9069529
2023-08-24,17.376264572143555,17.53689352271497,17.27232946450851,17.291225609946483,8135455
2023-08-25,17.234535217285156,17.555793149148556,17.10225317553234,17.338472137066745,10001721
2023-08-28,15.39202880859375,17.669179514258573,15.212501888427928,17.4329605464327,77659130
2023-08-29,15.47706413269043,15.628245912095302,15.032973174949044,15.099114189696964,36951417
2023-08-30,15.354231834411621,15.628246682977679,15.316435937144202,15.505411819066145,18284360
2023-08-31,15.297539710998535,15.448719694865218,15.127461778596622,15.373129702931877,18932588
2023-09-01,15.18415355682373,15.429821476868721,15.136910488518264,15.316435589845058,13386217
2023-09-04,15.250295639038086,15.35423255922235,15.13691154629858,15.240846664275184,18239823
2023-09-05,15.099114418029785,15.288090293488004,15.070768397152555,15.26919234550068,15361445
2023-09-06,15.136910438537598,15.155808386680398,14.94793456152465,15.099114542251996,11877140
2023-09-07,14.749510765075684,15.165255716403486,14.730613717839944,15.155808544441276,18073675
2023-09-08,14.70226764678955,14.81565263313245,14.655023677204067,14.71171571982363,10198595
2023-09-11,15.325884819030762,15.571552743164636,14.834549871866797,14.881793842062354,30155298
2023-09-12,15.344782829284668,15.392027700774081,15.22194976782734,15.30698873430071,12241577
2023-09-13,15.099114418029785,15.42037232498425,14.995178407410771,15.306988241475329,13811117
2023-09-14,15.136910438537598,15.22194940297267,15.014076478920687,15.165255558544269,12431793
2023-09-15,15.278642654418945,15.439271621930642,15.099115737268773,15.146360611364962,19056075
2023-09-18,15.495963096618652,15.58100206464498,15.250295167010103,15.288091064891852,24775391
2023-09-19,15.401474952697754,15.618797758260397,15.25974394191,15.581001860872954,14037300
2023-09-20,15.259743690490723,15.40147469894332,15.203051647551195,15.354231630194972,12232648
2023-09-21,15.136910438537598,15.335333487414415,15.118012490394797,15.288090419264943,10678300
2023-09-22,15.42037296295166,15.429821937336241,15.118012991475366,15.165256061190691,13464309
2023-09-25,15.609349250793457,15.86446615916658,15.316436443902402,15.354232342420334,19296601
2023-09-26,15.46761703491211,15.628245986727345,15.420372165432632,15.524309076079987,13046692
2023-09-27,15.760527610778809,15.817219650485994,15.410922794468354,15.420371768120793,18766326
2023-09-28,15.524309158325195,15.769977074297504,15.505411210433287,15.76052810035155,15485411
2023-10-09,15.4865140914917,15.58100203380142,15.335334104679186,15.4865140914917,10583141
2023-10-10,15.174704551696777,15.524309383948072,15.165255577613495,15.50541143578151,14052803
2023-10-11,15.401474952697754,15.74163082035443,15.184153949342692,15.184153949342692,20653692
2023-10-12,15.562103271484375,15.71328325039488,15.32588432916077,15.48651328202912,15549977
2023-10-13,18.03767967224121,18.67074654809082,15.505412168842778,15.590451137405235,119684129
2023-10-16,17.640830993652344,18.31169193653651,17.41406102131653,18.236101945757905,78356093
2023-10-17,16.592018127441406,17.48965083582194,16.318005089458495,17.338470855788433,64859559
2023-10-18,16.006195068359375,16.56367188270169,15.836117151820039,16.506978042383647,35511236
2023-10-19,15.354231834411621,16.034541765356977,15.297539790718067,15.958951773029716,40837473
2023-10-20,15.193601608276367,15.562102564862418,15.118011622253396,15.259742620770536,28665182
2023-10-23,14.75895881652832,15.23139758333821,14.664471784049317,15.136909649755488,25655833
2023-10-24,14.673920631408691,14.900691503761541,14.522740650575967,14.891242529683556,26937160
2023-10-25,14.456599235534668,14.853447124827662,14.409355267551456,14.711715220878027,34550110
2023-10-26,15.921157836914062,16.22351780924163,14.740063068629748,14.787306138478083,81347724
2023-10-27,16.19516944885254,16.355798395173334,15.495961624340675,15.732180557035525,43833072
2023-10-30,16.412490844726562,16.60146489353179,15.968398135509355,16.034539142701547,34850166
2023-10-31,16.28965950012207,16.554225387930078,16.176275406924116,16.37469847112437,20407985
2023-11-01,16.346349716186523,16.601466600624335,16.176273595435447,16.280208702193192,21654431
2023-11-02,16.138479232788086,16.393596141448867,16.100685136435175,16.31800614653541,16466281
2023-11-03,16.18572235107422,16.34635131601061,16.11958133060764,16.20462030040971,15187268
2023-11-06,16.554224014282227,16.67705707208876,16.242415080549847,16.242415080549847,22889343
2023-11-07,16.4313907623291,16.84713664872849,16.318006667443257,16.44083973727087,18494868
2023-11-08,16.478633880615234,16.695954874489065,16.308555954207016,16.412492865280374,20203555
2023-11-09,16.346349716186523,16.601466600624335,16.308555623422105,16.582568653138395,13947459
2023-11-10,16.346349716186523,16.478633546380646,16.176273595435447,16.346349716186523,11690486
2023-11-13,16.242414474487305,16.393594448703908,16.11013064539219,16.336902408924544,11821090
2023-11-14,16.25186538696289,16.393596404423217,16.1101325672949,16.11958154208661,10757020
2023-11-15,16.25186538696289,16.488084350132656,16.176275390836874,16.355800505256376,13457948
2023-11-16,15.9778470993042,16.242412930131618,15.930604037681254,16.232963957365573,13121100
2023-11-17,16.204618453979492,16.242414348343836,15.911707481485593,15.930605428667763,12666463
2023-11-20,16.36524772644043,16.403043621557277,16.11013084102413,16.223516724167197,13802603
2023-11-21,16.232967376708984,16.431390439970304,16.195171477683406,16.3652494188832,12259246
2023-11-22,16.043991088867188,16.289659019829582,16.043991088867188,16.23296697490214,10289468
2023-11-23,16.176273345947266,16.232965385323258,15.921156465444145,15.921156465444145,10950491
2023-11-24,16.18572235107422,16.30855721954727,16.04399133547332,16.195171325741963,12559548
2023-11-27,16.02509307861328,16.176274868188365,15.90226001470506,16.157376919215526,10672002
2023-11-28,16.450286865234375,16.72430170115722,15.836117980637555,15.977848984435669,27734823
2023-11-29,16.19516944885254,16.51642734149413,16.138477409623857,16.47863324941082,14600823
2023-11-30,16.223520278930664,16.421943365148515,16.091238221452095,16.185724375532292,14020162
2023-12-01,16.091236114501953,16.214069180047442,15.930607150506999,16.185722256210347,13288385
2023-12-04,15.87391185760498,16.081785675736054,15.6376929204251,16.081785675736054,13980609
2023-12-05,15.524309158325195,15.930606026963726,15.495962236487332,15.873912183287997,16889509
2023-12-06,15.533758163452148,15.769977105952666,15.420372278080595,15.49596226759246,12087365
2023-12-07,15.448718070983887,15.533757028246033,15.33533219389857,15.524308054971641,11237062
2023-12-08,15.61879825592041,15.836119266199947,15.335334423105342,15.448720316672897,17643676
2023-12-11,15.760527610778809,15.779425558083686,15.203050780737037,15.59989866310224,13479295
2023-12-12,15.637693405151367,15.788873385456064,15.524309321026605,15.741630317438668,8622123
2023-12-13,15.581000328063965,15.855015150543492,15.55265340781206,15.581000328063965,10538883
2023-12-14,15.439269065856934,15.798321038506163,15.42037111934714,15.647141070842553,11166385
2023-12-15,15.259743690490723,15.590450578351817,15.240845742108363,15.46761751828158,11192546
2023-12-18,15.203052520751953,15.401475583540684,15.127462525088488,15.269193541681531,7597360
2023-12-19,15.155808448791504,15.240845611367545,15.00462756634083,15.231398439464957,8940438
2023-12-20,14.985729217529297,15.231398032306572,14.976281144775502,15.19360213687642,6961132
2023-12-21,15.061320304870605,15.070769279417425,14.853448271463442,14.947935313620205,8379529
2023-12-22,14.95738410949707,15.155808968194796,14.900692065100976,15.051872051628958,8214063
2023-12-25,14.97628116607666,15.099114221984392,14.929037197825517,14.966832192205683,5766453
2023-12-26,14.872344017028809,15.042421939561981,14.796754029481562,14.976280925734073,8112141
2023-12-27,14.93848705291748,15.146359984822684,14.758960143193594,14.881794107451043,9377191
2023-12-28,15.127461433410645,15.22194937172314,14.881793514681164,14.929037483837412,16489900
2023-12-29,15.269192695617676,15.373129609723682,15.051871695402891,15.136910661088251,12416615
2024-01-02,15.155808448791504,15.373129446701741,15.127461526461133,15.278641507808041,10022261
2024-01-03,15.099114418029785,15.278641319494342,15.023524428288,15.136910314004435,9382829
2024-01-04,14.834549903869629,15.127461798830964,14.721164915817953,15.061319879972983,13014056
2024-01-05,14.541638374328613,14.872344352020875,14.503843379703676,14.834549357395938,12904515
2024-01-08,14.173136711120605,14.541638590007096,14.163687737048289,14.541638590007096,12737308
2024-01-09,14.163687705993652,14.3243166604558,14.050302720685742,14.182585654096853,11145865
2024-01-10,14.059751510620117,14.229829436906636,13.946366526797021,14.182585468371075,12278253
2024-01-11,14.182584762573242,14.295969740753723,14.07864785674669,14.135340796388784,11744101
2024-01-12,13.984161376953125,14.31486735107847,13.96526342929261,14.173136348039572,13673162
2024-01-15,13.880224227905273,14.078648169403616,13.851878208006575,13.974712162372569,10275886
2024-01-16,13.747941970825195,14.003057947850111,13.54006905913932,13.955814882511072,15411645
2024-01-17,13.38888931274414,13.870776156583805,13.37944033907582,13.738493228538488,11296798
2024-01-18,13.426685333251953,13.464480329712256,13.039286394257891,13.322749318262067,16935947
2024-01-19,13.001490592956543,13.407786554477616,12.973143671538251,13.33219656623631,16732492
2024-01-22,12.510154724121094,13.039285541046024,12.40621871593215,12.973143625740573,24116203
2024-01-23,12.651886940002441,12.727476929844567,12.377873001548796,12.519604007226842,17552046
2024-01-24,12.840862274169922,12.907003291857883,12.40621936985521,12.66133536744005,14090883
2024-01-25,13.266056060791016,13.284954009128283,12.755823170033814,12.821964187006706,15666250
2024-01-26,13.086529731750488,13.407786735563054,13.029836789251947,13.228260736341216,13328638
2024-01-29,13.058183670043945,13.39833954523251,13.048735596591671,13.181017635961615,14092574
2024-01-30,12.840862274169922,13.266056204213845,12.821964325628342,13.03928622833759,13478260
2024-01-31,12.377874374389648,12.82196538869072,12.30228437616377,12.699131416297702,15457683
2024-02-01,12.292834281921387,12.661335264446793,12.264487359339604,12.302283256115313,12736193
2024-02-02,11.735358238220215,12.415669108855777,11.414100302056092,12.292835139081033,22904278
2024-02-05,11.990471839904785,12.377871621017837,10.960558117898405,11.697560887211484,30114397
2024-02-06,13.38888931274414,13.492825319784496,11.829844701620202,11.858190721521439,46021141
2024-02-07,13.974712371826172,14.021956339767915,13.17156762012776,13.351094518085636,42273037
2024-02-08,14.163687705993652,14.749510580636406,13.747942759864648,13.842429797069359,37585371
2024-02-19,13.927469253540039,14.2770731958708,13.710148249295427,14.173137180941264,25245131
2024-02-20,13.899123191833496,14.050303177155618,13.747943206511374,13.757392180869955,13256221
2024-02-21,13.842430114746094,14.201483027013108,13.672353083432927,13.795187045611415,20514070
2024-02-22,13.889673233032227,13.918019252995128,13.738493258425118,13.75739120580287,14306350
2024-02-23,13.861328125,13.918020168655547,13.587314177721424,13.87077709931052,17461978
2024-02-26,13.993611335754395,14.192035294637604,13.691250459630007,13.83298237374876,20856406
2024-02-27,14.154239654541016,14.154239654541016,13.83298262578037,13.899123646245235,16940803
2024-02-28,14.012507438659668,14.740062205867545,13.974712444330931,14.201482410303356,31451318
2024-02-29,14.258176803588867,14.30542077658436,13.795187850661474,13.889674895548625,20391986
2024-03-01,14.229829788208008,14.267624783748778,14.031405836343028,14.258175809587643,15985459
2024-03-04,14.324316024780273,14.569983932597196,14.154238103814137,14.267623985194042,21552208
2024-03-05,14.078648567199707,14.267624441473865,14.012507551866003,14.229829446839785,18873986
2024-03-06,13.946368217468262,14.116445263268897,13.738495271374306,13.99361219173105,14918655
2024-03-07,13.653454780578613,14.031405631574415,13.653454780578613,13.90857167258356,13278558
2024-03-08,13.719596862792969,13.77628890540735,13.483377915990918,13.653454944937831,12020310
2024-03-11,14.173136711120605,14.173136711120605,13.62510883037891,13.700698820749919,22139397
2024-03-12,14.418805122375488,14.503844089720507,14.135342198260027,14.144791172654761,19683477
2024-03-13,14.248725891113281,14.409354836792046,14.125891938470476,14.399905863257127,12309130
2024-03-14,14.192034721374512,14.636125691471744,14.106995756559026,14.456599688830872,18142927
2024-03-15,14.201482772827148,14.31486775870776,13.984161775165251,14.173136751632937,13228895
2024-03-18,14.324316024780273,14.324316024780273,14.078648116963349,14.239277064297205,15162824
2024-03-19,14.154239654541016,14.362112591706934,14.144791580977335,14.343215543475754,11665284
2024-03-20,14.220380783081055,14.390457812092276,14.040853878825505,14.154238865200908,15061655
2024-03-21,13.955815315246582,14.22982924778658,13.936917367642017,14.173136306076628,14471289
2024-03-22,13.530620574951172,13.955815387208954,13.473928534052629,13.861327450906392,19213549
2024-03-25,13.256607055664062,13.577864967817208,13.237710008474698,13.445582033076567,12116388
2024-03-26,13.247159004211426,13.294402072813721,13.114876069255192,13.218812081725522,10830640
2024-03-27,12.95424747467041,13.34164641509167,12.95424747467041,13.332197440665835,10886879
2024-03-28,13.039285659790039,13.218811657588317,12.878656708605595,12.925900676795798,9520181
2024-03-29,13.02038860321045,13.10542757155228,12.850311567630593,13.058183600128618,5613336
2024-04-01,13.511724472045898,13.540070494474927,13.114876553624269,13.133773601542352,13478396
2024-04-02,13.417236328125,13.521173243980584,13.332197361008173,13.511724269611205,9063286
2024-04-03,13.332196235656738,13.445581215207246,13.30385021604504,13.398338149555656,7998300
2024-04-08,12.982592582702637,13.275504461552176,12.97314360894213,13.247158441374392,10429668
2024-04-09,13.18101692199707,13.18101692199707,12.935349003468609,12.9825929725862,8722406
2024-04-10,12.963695526123047,13.190465489575013,12.869207590799528,13.162119469419451,8152300
2024-04-11,12.888106346130371,13.029837356895596,12.859759423094294,12.897554419371941,7003823
2024-04-12,12.708579063415527,12.954246982531393,12.6802330423187,12.878656992204013,8953907
2024-04-15,12.812517166137695,13.048736133129806,12.415669229502646,12.774722167463112,16120901
2024-04-16,12.595194816589355,12.982593765012734,12.566848793830133,12.831413775491788,13936212
2024-04-17,12.831412315368652,12.954246268152747,12.604642356892038,12.614091330437825,13641637
2024-04-18,12.78416919708252,12.992042123365422,12.680233184492954,12.831413166842784,13166849
2024-04-19,12.576297760009766,12.784169794909632,12.566848785395095,12.736925822940092,12877541
2024-04-22,13.133772850036621,13.29440180311638,12.198346053468907,12.34007795971186,39417600
2024-04-23,13.22826099395752,13.63455786998228,13.010939995872313,13.020388068886275,22412938
2024-04-24,13.048734664916992,13.237709637026892,12.916451733888188,13.228260663145461,19701817
2024-04-25,13.417236328125,13.568416313619895,13.00149136801404,13.039286364387763,24352486
2024-04-26,13.568415641784668,13.615659610188501,13.313299654169958,13.313299654169958,20018877
2024-04-29,13.861328125,13.9841620877254,13.483378163617065,13.540070207272612,23253521
2024-04-30,13.936918258666992,14.040854273825786,13.785738272580092,13.861328265623541,16013912
2024-05-06,14.05030345916748,14.248727419161396,13.965264490440973,14.05030345916748,20034119
2024-05-07,14.106995582580566,14.201482619240666,13.946366629044265,14.078648660589156,14822382
2024-05-08,14.031405448913574,14.173136453002096,13.861327523124348,14.088097490107483,16965277
2024-05-09,14.5983304977417,14.636125492579007,13.927468663551702,13.974712632374274,31046096
2024-05-10,14.985729217529297,15.146359069796215,14.541638259469924,14.598330300407666,47595593
2024-05-13,15.562103271484375,15.71328325039488,14.768408382204216,14.881793366387095,48384734
2024-05-14,15.543206214904785,15.656590291339317,15.30698728642421,15.458167256475187,32637294
2024-05-15,15.250295639038086,15.61879844596063,15.18415461790543,15.4014756308292,26753828
2024-05-16,15.165255546569824,15.609348316537334,15.070768509241722,15.25029451093775,29936096
2024-05-17,15.051871299743652,15.306988190093632,14.910139393625746,15.108563341307812,17634635
2024-05-20,15.155808448791504,15.203051517134586,14.872344632110401,15.014076540450953,16283397
2024-05-21,15.174704551696777,15.392027351197191,15.061319566008693,15.146359431654464,14809623
2024-05-22,14.881793022155762,15.306987829386054,14.82510008082381,15.203050920461434,14985599
2024-05-23,14.636125564575195,14.910139503769496,14.588881595520228,14.768408497708354,12017175
2024-05-24,14.475497245788574,14.730614149220374,14.475497245788574,14.607780184727707,8705460
2024-05-27,14.664471626281738,14.664471626281738,14.31486681644912,14.551085746760847,12215820
2024-05-28,14.428254127502441,14.588882187036086,14.381010156531936,14.579434113725023,7837649
2024-05-29,14.569984436035156,14.749510435733026,14.324316519729647,14.352662540502203,16036725
2024-05-30,15.108563423156738,15.174704439041154,14.494394529963216,14.513291576885724,25399174
2024-05-31,15.562103271484375,15.722732224352725,15.1180123087107,15.174704350250263,30782076
2024-06-03,15.108563423156738,15.741630264376528,14.957383443361643,15.56210336254203,27033005
2024-06-04,15.524309158325195,15.58100119979342,14.995178331700512,15.06131934711469,17623722
2024-06-05,15.448718070983887,16.006194878721335,15.420371151160714,15.495961135148468,23187598
2024-06-06,15.259743690490723,15.713283638422054,15.174704724977655,15.495962638647569,16111747
2024-06-07,15.203052520751953,15.477065579204151,15.118013550354597,15.269193541681531,13864398
2024-06-11,15.448718070983887,15.637692129849583,15.136909161758483,15.136909161758483,11735550
2024-06-12,15.581000328063965,15.732180298325979,15.269191414122636,15.401473437550047,13605168
2024-06-13,15.59990119934082,15.769979148321173,15.439272225549123,15.590452224152163,12011069
2024-06-14,15.21250057220459,15.562103605102049,15.155808529449672,15.495962588186721,18834519
2024-06-17,15.21250057220459,15.382578502676887,15.099114684487208,15.23139852052541,10926516
2024-06-18,15.051871299743652,15.297539216131687,15.014076304999628,15.20305127871975,7981775
2024-06-19,15.165255546569824,15.344782449369616,15.032973514089727,15.051871462217607,11128806
2024-06-20,14.985729217529297,15.363680061897133,14.929037176591555,15.146359069796215,10535180
2024-06-21,14.910140037536621,15.13691091689787,14.843999019154143,14.881794015530387,8555919
2024-06-24,14.626677513122559,14.900692370704135,14.56053649293601,14.78730647737888,9039034
2024-06-25,14.456599235534668,14.730613168512809,14.352662325750854,14.617228186015344,8270700
2024-06-26,14.560535430908203,14.598330425558629,14.201482531177296,14.44715044695693,10073974
2024-06-27,14.272204399108887,14.687431216295996,14.204609678509684,14.687431216295996,12818252
2024-06-28,14.330143928527832,14.57155470651271,14.194953561329047,14.272204936611486,9588213
2024-07-01,14.330143928527832,14.417051955947834,14.030794158626607,14.40739530381027,10415100
2024-07-02,13.712132453918457,14.339801049757218,13.673506765013693,14.339801049757218,19016962
2024-07-03,13.625223159790039,13.818352507308395,13.499689452266699,13.70247453043379,9635563
2024-07-04,13.20034122467041,13.654193738630928,13.152058885583713,13.576942364455821,15195314
2024-07-05,13.296906471252441,13.383813580232726,12.82374063306701,13.181028484127273,18495723
2024-07-08,12.939616203308105,13.335530618243672,12.852709104375325,13.296904933970563,11019200
2024-07-09,12.823740005493164,13.007212708704929,12.591985884402636,12.93961706603843,15803839
2024-07-10,12.698205947875977,12.910647680222716,12.611298845510893,12.785113971150052,11285909
2024-07-11,13.451408386230469,13.567285445210603,12.843053135903014,12.958930194883148,19850076
2024-07-12,13.547972679138184,13.741101118434534,13.432095615560375,13.52866029566307,12818102
2024-07-15,13.412782669067383,13.702474855397204,13.374156982829472,13.519003075994384,9659649
2024-07-16,13.219653129577637,13.403125827288697,13.036181352775566,13.32587445590793,10689208
2024-07-17,13.209997177124023,13.277591895720457,12.949273112408115,13.209997177124023,11838546
2024-07-18,13.00721263885498,13.171372037306474,12.891335578931987,13.161715385418972,18361241
2024-07-19,12.949273109436035,13.103775849568976,12.77545706633199,12.929960727373903,14218992
2024-07-22,12.968586921691895,13.113433016027484,12.843053210176846,12.95893026982712,13211235
2024-07-23,12.505078315734863,12.97824322714597,12.476109279767195,12.968587495762781,18368739
2024-07-24,12.331263542175293,12.57267433113651,12.254011242471353,12.437483957790961,16642944
2024-07-25,12.292635917663574,12.524390955836267,12.273323535012768,12.311949221223383,10840506
2024-07-26,12.331263542175293,12.49542203143257,12.292636931868785,12.408514920970156,12171800
2024-07-29,11.983630180358887,12.389200337644484,11.97397352877852,12.350574652231996,15954572
2024-07-30,11.848441123962402,11.98363056681125,11.751876446862644,11.935348228261372,12368618
2024-07-31,12.66923713684082,12.66923713684082,11.761533044136142,11.867753451725399,27141202
2024-08-01,12.311949729919434,12.707863260163553,12.244355006485277,12.66923757235703,20960800
2024-08-02,12.427826881408691,12.833397066705771,12.138133760352343,12.19607275292723,28004683
2024-08-05,12.070538520812988,12.640268086340802,12.060881868978177,12.340918325824678,27781711
2024-08-06,12.215385437011719,12.379544845618343,12.031913644344412,12.254011126042156,23854959
2024-08-07,12.147789001464844,12.26366605224484,12.051224332027042,12.205727987309311,16353408
2024-08-08,12.10916519165039,12.25401129731172,12.041570465129649,12.147790881220685,16037529
2024-08-09,11.916035652160645,12.28298012991687,11.896722348690266,12.157446420086398,19580042
2024-08-12,11.983630180358887,12.109163888176713,11.867753124121428,11.916035461114282,18238221
2024-08-13,11.848441123962402,11.964318183936706,11.703594108312766,11.935348228261372,16359900
2024-08-14,11.491151809692383,11.877409578306871,11.48149607918147,11.8484405449562,20992857
2024-08-15,11.568404197692871,11.761533559457325,11.442871401818643,11.49115282135071,19481488
2024-08-16,11.655311584472656,11.693937270516706,11.413900816470099,11.558747829817031,16410647
2024-08-19,11.558747291564941,11.809813778705442,11.539433988987774,11.635998660055703,15795300
2024-08-20,11.220772743225098,11.568403928681008,11.18214705595222,11.510465858226201,21726555
2024-08-21,10.91176700592041,11.230429149165719,10.892453702252691,11.201460114573148,20022788
2024-08-22,10.757265090942383,10.989019227398138,10.71863940153309,10.950393537988846,16769179
2024-08-23,10.680013656616211,10.873142102658921,10.612418009819457,10.699326040765946,14659798
2024-08-26,9.270174026489258,9.994406343530326,9.106014627620562,9.81093364083754,108680975
2024-08-27,9.192922592163086,9.366737720884332,9.134983601983333,9.260517313281959,38346217
2024-08-28,9.202579498291016,9.308800840367086,9.057733385707987,9.125328115458851,22122460
2024-08-29,9.424677848815918,9.501929231108743,9.144641357777147,9.202579434042207,30034558
2024-08-30,9.685400009155273,9.907498400431978,9.318455521630865,9.415020199735348,38290439
2024-09-02,9.241203308105469,9.685399129402256,9.241203308105469,9.569522078747738,31711326
2024-09-03,9.3377685546875,9.415019926566092,9.173609159218245,9.250860531096835,17913134
2024-09-04,9.30880069732666,9.424677769794322,9.270175006504106,9.328113082283382,15329630
2024-09-05,9.405363082885742,9.492271104702569,9.318455061068915,9.318455061068915,15193900
2024-09-06,9.14463996887207,9.424676417378382,9.134983317324858,9.405363114283958,19985800
2024-09-09,9.14463996887207,9.318455092177002,9.057731946765117,9.202578036337389,20241972
2024-09-10,9.13498306274414,9.20257777987289,8.922541339170849,9.115669760187954,20351563
2024-09-11,9.163952827453613,9.221891818839918,9.02876338240061,9.11567048811653,14275619
2024-09-12,9.096358299255371,9.386051420557648,9.08670164699985,9.173609675481439,17899423
2024-09-13,8.932198524475098,9.134983608894135,8.932198524475098,9.07704461867055,14952762
2024-09-18,8.864603996276855,8.99013771040317,8.806665004792007,8.941855370983967,13274820
2024-09-19,8.990138053894043,9.17360984560618,8.758383000008894,8.912885755326284,21990230
2024-09-20,8.903843879699707,9.021515714014415,8.835202210142613,9.021515714014415,16725931
2024-09-23,8.884232521057129,9.001904357307687,8.835202355492907,8.903844026179243,14493800
2024-09-24,9.335308074951172,9.345113359625532,8.903843753411023,8.933261477779299,33185178
2024-09-25,9.54123306274414,9.766771442936687,9.423561230319915,9.423561230319915,38621749
2024-09-26,10.139399528503418,10.149205748475671,9.46278531317965,9.49220397309641,40634818
2024-09-27,11.021939277648926,11.227865231020154,10.306102018655825,10.394356132268157,71008869
2024-09-30,12.914496421813965,13.012556752959705,11.355342954666964,11.620105287656889,108241847
2024-10-08,15.06200885772705,15.493473186471322,13.532274072618563,15.493473186471322,127684375
2024-10-09,12.777213096618652,14.287336510634553,12.777213096618652,14.287336510634553,98434162
2024-10-10,12.737988471984863,13.287124654823316,12.512451014772425,12.90469047739086,55191257
2024-10-11,11.884866714477539,12.659540339866972,11.67894076670705,12.61051017417445,49128307
2024-10-14,11.953508377075195,12.061374928558656,11.463208590834377,11.894672926422968,43762060
2024-10-15,11.55146312713623,11.953508817023348,11.541657841781728,11.914284870087352,34833988
2024-10-16,11.512238502502441,11.708358225637323,11.355342723994537,11.423984393298594,26856978
2024-10-17,11.384760856628418,11.747582591222303,11.365149351198482,11.620105467996122,25432222
2024-10-18,11.973121643066406,12.365361125038591,11.306313588541,11.335732251068434,51597744
2024-10-21,11.933897018432617,12.159434473989547,11.698553342589046,12.04176263606776,44155056
2024-10-22,12.228076934814453,12.296718605656055,11.83583654458606,11.875060490091638,38863733
2024-10-23,12.149629592895508,12.326136888061384,12.110405645617238,12.159434878335572,35152125
2024-10-24,12.051568984985352,12.286912663340836,12.012345038592771,12.071181425767966,26365085
2024-10-25,12.335942268371582,12.434002597473894,11.943702822307543,12.061374656126755,40271053
2024-10-28,12.19865894317627,12.20846516388351,11.796613245906196,12.031957867016574,44697894
2024-10-29,11.884866714477539,12.404584226403962,11.865255209304108,12.237882224152965,36295957
2024-10-30,11.669134140014648,11.953507968917346,11.52204458323389,11.767194467983549,30433938
2024-10-31,11.796613693237305,11.835837642380973,11.561269998375302,11.561269998375302,26199759
2024-11-01,11.590686798095703,11.92409080669958,11.502432685797896,11.669134690099835,25949428
2024-11-04,11.7868070602417,11.796612345027455,11.571074897020743,11.590686401764863,18311908
2024-11-05,12.335942268371582,12.404583937639638,11.708358219496516,11.816224768543579,53432754
2024-11-06,12.345749855041504,12.610511276651755,12.228078008195537,12.453615480857131,45922734
2024-11-07,12.875272750854492,12.904690476756267,12.14962927745975,12.247688675523214,52514488
2024-11-08,12.796825408935547,13.18906488841133,12.718377513040389,13.140034719683687,46271581
2024-11-11,12.953721046447754,12.953721046447754,12.581093077797394,12.630123245941093,39203003
2024-11-12,13.002751350402832,13.414603270835332,12.826243117310993,13.002751350402832,55443417
2024-11-13,12.806631088256836,13.149840384494237,12.600705136445336,12.943914432682737,42206670
2024-11-14,12.365360260009766,12.806630815324898,12.34574875486944,12.806630815324898,28501753
2024-11-15,12.041762351989746,12.453614242586292,12.03195706710706,12.326136187385208,27785998
2024-11-18,11.826031684875488,12.179047207120778,11.786807737959345,12.051569145850147,25912894
2024-11-19,12.139822959899902,12.15943446528651,11.77700122610759,11.894673063945154,22523704
2024-11-20,12.296719551086426,12.384973669052528,12.061375859958623,12.090793587556425,23995586
2024-11-21,12.16923999786377,12.316330488227893,12.051568166676022,12.257494105047726,21098340
2024-11-22,11.659329414367676,12.149629207374636,11.620105468334025,12.13001676677149,23996113
2024-11-25,11.531851768493652,11.845643347988116,11.531851768493652,11.57107571593046,29747242
2024-11-26,11.56126880645752,11.884866587324394,11.551462586389404,11.629910476589094,20907727
2024-11-27,11.806419372558594,11.826031813816833,11.384761237233143,11.54165796178105,20203359
2024-11-28,11.639717102050781,11.7868076026776,11.620105596404128,11.767195161858297,18694941
2024-11-29,11.796613693237305,11.96331571089107,11.580882440533493,11.580882440533493,22547349
2024-12-02,11.914284706115723,11.992732598908066,11.678941027738693,11.747582700138832,22847302
2024-12-03,11.855449676513672,11.943703792842687,11.698553885338839,11.924091351359491,20169186
2024-12-04,11.639717102050781,11.826031549143554,11.590686935175174,11.7868076026776,17559095
2024-12-05,11.757389068603516,11.78680773015063,11.61029950155859,11.620105722074294,13098610
2024-12-06,12.051568984985352,12.06137520537666,11.757388919454673,11.786807580628594,27126179
2024-12-09,11.953508377075195,12.218270710528097,11.884866706256721,12.120210379210883,21538161
2024-12-10,11.992732048034668,12.384972429151887,11.963314323381974,12.306524539962965,32682225
2024-12-11,12.06137466430664,12.169240278254254,11.943702830407625,11.953508115186422,17401268
2024-12-12,12.15943431854248,12.179046758865036,11.953508371018767,12.071181142608854,21343756
2024-12-13,11.816225051879883,12.100598890888344,11.7966126115201,12.08098645052856,27012046
2024-12-16,11.7868070602417,11.855448729605026,11.688746731003281,11.7868070602417,16299700
2024-12-17,11.659329414367676,11.806418978200709,11.600493027730879,11.786807472770203,15866500
2024-12-18,11.943702697753906,12.022150586148628,11.6495226486874,11.718164317239633,20409620
2024-12-19,11.826031684875488,11.904479578707775,11.678941182560456,11.84564319074723,14718132
2024-12-20,11.796613693237305,11.884867812603735,11.757389744093638,11.8064199143164,13307091
2024-12-23,11.620105743408203,11.826031698752764,11.590687081807078,11.79661303715164,15561558
2024-12-24,11.649523735046387,11.718165409999697,11.580882060093076,11.65932995580334,12982903
2024-12-25,11.678940773010254,12.002538557513866,11.610299102107254,11.884866720891882,27597674
2024-12-26,11.590686798095703,11.688747130687187,11.453403454674794,11.590686798095703,16584646
2024-12-27,11.600493431091309,11.688747546528864,11.53185175693884,11.53185175693884,13556115
2024-12-30,11.473015785217285,11.649524022507194,11.433791836394272,11.56126990386224,13813335
2024-12-31,11.119999885559082,11.492627854892145,11.11019366487784,11.463209192848423,21671258
2025-01-02,10.6885347366333,11.159223007614536,10.590475342592807,11.129805282919648,25920960
2025-01-03,10.62969970703125,10.874849604572846,10.600281981174598,10.7375653252874,18924432
2025-01-06,10.766983032226562,10.8552371448141,10.64931119383406,10.688535139964895,13824651
2025-01-07,10.678730010986328,10.825819577334954,10.502221783229853,10.806208071569044,14165893
2025-01-08,10.5414457321167,10.766983191920973,10.335519778082398,10.688535298495777,15655111
2025-01-09,10.462997436523438,10.590475492232647,10.404161051129718,10.492415161633987,13629849
2025-01-10,10.198235511779785,10.49241558013688,10.198235511779785,10.433580127569055,13070209
2025-01-13,10.335519790649414,10.335519790649414,10.129593836364725,10.168817783125016,12483504
2025-01-14,10.6885347366333,10.698340956589131,10.315907730037774,10.325713014820998,18937069
2025-01-15,10.551252365112305,10.659117988996027,10.51202841686616,10.649311768141319,10987230
2025-01-16,10.551252365112305,10.678730430705444,10.502222196011452,10.668924209850736,12677333
2025-01-17,10.590475082397461,10.668922969771527,10.47280325133636,10.551251138710427,9339490
2025-01-20,10.590475082397461,10.73756463743069,10.561057358425332,10.688534474028753,10738261
2025-01-21,10.570863723754883,10.649311619149627,10.462998101380279,10.619893892169767,8733702
2025-01-22,10.443385124206543,10.531639235791422,10.345325727579835,10.502221510320673,10422436
2025-01-23,10.40416145324707,10.688535300766995,10.394356167946329,10.50222178763573,14436814
2025-01-24,10.41396713256836,10.492415021933752,10.355131683130617,10.374743187885663,13580100
2025-01-27,10.168818473815918,10.306102764387946,10.051146625542488,10.208042423240395,18430466
2025-02-05,10.257071495056152,10.364937110625501,10.217847549833424,10.276683000081206,17387405
2025-02-06,10.502222061157227,10.512028281886018,10.159011817030954,10.296296101715999,17540138
2025-02-07,10.7179536819458,10.835625519031842,10.443385126905737,10.492415292818078,27893124
2025-02-10,11.610299110412598,11.649523055981318,10.737565152542796,10.786595318296854,68035031
2025-02-11,11.482821464538574,11.835836987292932,11.374955844156798,11.688747419938448,41395593
2025-02-12,11.482821464538574,11.678941199402106,11.306313235575065,11.443597517565868,33298186
2025-02-13,11.443596839904785,11.6397165631546,11.355342730649218,11.473014564599106,24070893
2025-02-14,11.943702697753906,12.00253814646365,11.384760323975765,11.394566543818256,59379161
2025-02-17,12.16923999786377,12.894883424441174,12.120209834409062,12.277106544498643,93905736
2025-02-18,11.590686798095703,12.179046923299325,11.561269072387313,12.130016757003583,51494099
2025-02-19,11.767194747924805,11.914284308204817,11.492627132321559,11.580881242558613,33782600
2025-02-20,11.992732048034668,12.237881935543204,11.806418545004128,11.835836269656824,38650620
2025-02-21,11.953508377075195,12.188852985201985,11.806418815272,12.041762488226162,34428514
2025-02-24,11.77700138092041,11.992732618872154,11.678941047180418,11.953508672410686,29410298
2025-02-25,11.590686798095703,11.7083586361019,11.52204512638525,11.669134690099835,25476952
2025-02-26,11.639717102050781,11.698553489336039,11.492627536596611,11.659329542870083,24863983
2025-02-27,11.767194747924805,11.865255078226557,11.610298967580093,11.64952291266627,28897289
2025-02-28,11.345537185668945,11.81622548464357,11.306313238685448,11.718165149598498,26456320
2025-03-03,11.423985481262207,11.669135392320818,11.296508350463702,11.36515002630485,19410105
2025-03-04,11.58088207244873,11.649523747475275,11.355343670661583,11.423985345688125,17760087
2025-03-05,11.443596839904785,11.571074893810316,11.355342730649218,11.571074893810316,17437133
2025-03-06,11.737776756286621,11.81622464467708,11.463208211747421,11.522044595626562,29842534
2025-03-07,11.629910469055176,11.737777019389336,11.551462578906305,11.678940634191374,20931123
2025-03-10,11.747583389282227,12.169241539156108,11.649523985125706,11.963315574702898,42639259
2025-03-11,11.68874740600586,11.727971352931812,11.531851618302047,11.571075565228002,19971650
2025-03-12,11.87506103515625,12.012345318313422,11.629911130700874,11.718165245932436,34978456
2025-03-13,11.610299110412598,11.884866729393636,11.522044999089822,11.884866729393636,25361818
2025-03-14,11.826031684875488,11.84564319074723,11.571075562334226,11.61029950925037,25892873
2025-03-17,11.737776756286621,11.855448588872308,11.727970536444666,11.826030864519035,18494618
2025-03-18,11.757389068603516,11.875060909273989,11.688747395338904,11.777001509634925,18735615
2025-03-19,11.747583389282227,12.002539523400047,11.669135491887928,11.698554154790319,25393643
2025-03-20,11.590686798095703,11.718164856395576,11.561269072387313,11.698553350980863,20497850
2025-03-21,11.414179801940918,11.620105757535843,11.37495585493106,11.551463148889093,18493888
2025-03-24,11.267088890075684,11.463208618002291,11.110193107734398,11.414179387400111,18909191
2025-03-25,11.316119194030762,11.374955580713504,11.208253576147145,11.227865081592967,10881934
2025-03-26,11.286701202392578,11.355342872594905,11.267088762236131,11.286701202392578,9264965
2025-03-27,11.56126880645752,11.590686531489249,11.129805410359227,11.237671025590645,22283185
2025-03-28,11.45340347290039,11.718164875042483,11.45340347290039,11.512238924410793,15213934
2025-03-31,11.198448181152344,11.433791874882631,11.139611790133417,11.355343976972536,15509450
2025-04-01,11.639717102050781,11.806419108324253,11.198447470515625,11.198447470515625,33392395
2025-04-02,11.659329414367676,11.737777306434978,11.551462861395654,11.629910753462957,15196258
2025-04-03,11.610299110412598,11.806418838256196,11.522044999089822,11.620105330597935,17595233
2025-04-07,10.21784782409668,11.355343201260624,9.913861539081589,11.208253636520427,48546707
2025-04-08,10.453191757202148,10.717954102411861,10.315908409469113,10.345326136101525,27416500
2025-04-09,10.5414457321167,10.64931135178318,9.972698037197704,10.306102051841114,25736880
2025-04-10,10.639505386352539,10.894460556100048,10.61989294666364,10.698340835074042,22828662
2025-04-11,10.639505386352539,10.766982503639996,10.512027333892485,10.541445058253238,17558185
2025-04-14,10.72775936126709,10.796401970136241,10.649311466993202,10.72775936126709,14146137
2025-04-15,10.668924331665039,10.717954501325703,10.610087941037703,10.717954501325703,8711601
2025-04-16,10.531639099121094,10.649310934649682,10.42377348367971,10.610086989473485,11262382
2025-04-17,10.472804069519043,10.60028213025421,10.453191628557022,10.472804069519043,8178700
2025-04-18,10.659117698669434,10.67873013984466,10.453191742192892,10.453191742192892,11585370
2025-04-21,10.84543228149414,10.953297903756209,10.619893881090047,10.688535555695664,19326100
2025-04-22,11.031744956970215,11.227864680281831,10.806207508955008,10.845431453617332,21871883
2025-04-23,11.031744956970215,11.119999066253595,10.923879342941978,11.090581341550003,14843555
2025-04-24,11.01213264465332,11.110192975031683,10.953297194564396,11.01213264465332,11802116
2025-04-25,11.021939277648926,11.100387170821522,10.953297604916068,11.061163224235225,11006317
2025-04-28,10.865042686462402,10.972908297791282,10.78659479910093,10.933684354110545,10722195
2025-04-29,10.884655952453613,10.923879899112958,10.806208059134924,10.845432005794269,7207348
2025-04-30,11.002327919006348,11.070969592656715,10.845432130563985,10.884656077674576,10685020
2025-05-06,11.188640594482422,11.198446814317455,11.021938597977229,11.021938597977229,14269180
2025-05-07,11.159223556518555,11.325925563277062,11.080775663358391,11.257282955382431,15664439
2025-05-08,11.247477531433105,11.36514936972243,11.09058174704734,11.129805693143782,13589956
2025-05-09,11.100387573242188,11.257283365275299,11.100387573242188,11.247478079652744,8462333
2025-05-12,11.139610290527344,11.227864397588677,11.100386346852593,11.169028949662843,11178055
2025-05-13,11.208253860473633,11.257283092918259,11.129805966355034,11.237671586974942,12508900
2025-05-14,11.188640594482422,11.247476978320028,11.041551037647297,11.178834374647389,12888202
2025-05-15,11.051358222961426,11.169030065744202,11.031745781577957,11.159223845052468,11070337
2025-05-16,11.031744956970215,11.139610570998451,11.002327232266625,11.041551176928948,8463900
2025-05-19,11.002327919006348,11.041551866116938,10.943491530754129,11.012133204404496,10233777
2025-05-20,11.169029235839844,11.18864074059342,11.012132521948196,11.021938741911288,13553712
2025-05-21,11.169029235839844,11.247477125199364,11.129805291160084,11.159223015876753,10421500
2025-05-22,10.963103294372559,11.149416797840466,10.943490854442986,11.119999073118715,10738731
2025-05-23,11.01213264465332,11.159223140220865,11.01213264465332,11.119999195104043,13874160
2025-05-26,10.972908973693848,11.051357801060147,10.914073522134924,10.992521414328582,11180811
2025-05-27,11.061162948608398,11.07096916880378,10.914073386368186,10.953297331977083,9230547
2025-05-28,10.904267311096191,11.09058175659415,10.904267311096191,11.041551590138232,8335099
2025-05-29,11.188640594482422,11.198446814317455,10.90426676547461,10.90426676547461,17309526
2025-05-30,11.276895523071289,11.414179805231706,11.149417461459329,11.159223682007786,23880979
2025-06-03,11.531851768493652,11.620105884019639,11.139611358952898,11.178835306389706,28208892
2025-06-04,13.836259841918945,13.836259841918945,12.659540524042253,12.88507891544001,221064092
2025-06-05,12.963526725769043,13.43421407587876,12.845854888241613,13.41460257054384,163969040
2025-06-06,12.630123138427734,13.012557324485913,12.551675244134671,12.767407421026927,83681456
2025-06-09,12.688958168029785,12.836048666299199,12.453614493005887,12.639928937112616,69817547
2025-06-10,13.2086763381958,13.62052822830775,12.561480778069201,12.590898503027878,141720221
2025-06-11,13.140033721923828,13.3557658868407,12.875272327174924,13.081198272056344,76876798
2025-06-12,12.826242446899414,13.18906417971187,12.708570609379642,13.022362176099035,72985274
2025-06-13,12.541868209838867,12.934107655855698,12.492838045293613,12.757600372734426,62846116
2025-06-16,12.914496421813965,13.02236203793618,12.600704858423795,12.600704858423795,61247830
2025-06-17,13.551886558532715,14.140246709350903,13.091005406736905,13.23809497685511,142337192
2025-06-18,13.012557029724121,13.59111000323685,12.94391442239309,13.522468331078464,86649136
2025-06-19,12.639928817749023,13.081198438044916,12.63012259758914,12.992944326951212,46633901
2025-06-20,12.6250638961792,12.872808482580222,12.575514789884876,12.724162108767848,36676700
2025-06-23,12.932268142700195,12.981817251077103,12.625064426819867,12.714252632884177,42940031
2025-06-24,13.05118465423584,13.120552834767249,12.823259147378868,12.852989177667112,55573591
2025-06-25,13.071003913879395,13.209741221971333,12.932267550858048,13.061094848714008,42801535
2025-06-26,12.902538299560547,13.110642841420638,12.833169173869935,13.011545575544964,35890524
2025-06-27,13.11064338684082,13.249380698923119,12.862898794239257,12.862898794239257,44408861
2025-06-30,13.655681610107422,13.734959803730959,13.1899224588368,13.308839749272105,74829666
2025-07-01,14.696208953857422,15.02323173595392,13.57640329740827,13.645772425023404,131450940
2025-07-02,15.290796279907227,15.707007263519586,14.567381591220753,14.607020687513806,137033004
2025-07-03,15.637638092041016,15.905201754995838,15.003412553143303,15.261066205785198,120620338
2025-07-04,15.469171524047852,15.954751628175549,15.409713352976274,15.835833395891214,71498716
2025-07-07,15.290796279907227,15.657458156885617,15.062870767419218,15.568269953958598,57044554
2025-07-08,15.64754867553711,15.766465968436474,15.013322168336535,15.191698580220898,76702059
2025-07-09,15.03314208984375,15.558360366261956,15.02323207923363,15.518721268892103,45882367
2025-07-10,14.914224624633789,15.132240130172919,14.874585527724003,15.023231904868044,32808943
2025-07-11,14.755667686462402,15.013321334227673,14.626840390044475,14.934043143365962,46393937
2025-07-14,14.725937843322754,15.043051555872198,14.656569661704404,14.884495172132773,32289866
2025-07-15,14.587202072143555,14.735848451664797,14.428645681968728,14.676390277884554,31777630
2025-07-16,14.567381858825684,14.696209160412332,14.46828458880792,14.616930966369875,25728300
2025-07-17,14.894404411315918,14.97368260411179,14.45837435093862,14.646659822561165,53476725
2025-07-18,14.834946632385254,14.963773935360164,14.656570221332206,14.894404806022518,32474747
2025-07-21,14.805215835571289,14.884494971442662,14.597110348451565,14.844854930971684,30110294
2025-07-22,14.943953514099121,15.19169810278786,14.616930732635634,14.79530713891412,66411824
2025-07-23,14.844855308532715,15.181788100540851,14.775487126085372,14.934043511719645,43651976
2025-07-24,15.013321876525879,15.11242009121785,14.59711088693259,14.825036402695876,52271088
2025-07-25,15.607909202575684,16.143038425360352,15.132240042416795,15.132240042416795,88293333
2025-07-28,15.300705909729004,15.905202386769872,15.24124773563089,15.607909626138039,52977662
2025-07-29,15.469171524047852,15.568269735927935,15.02323146072866,15.300705130894066,49262326
2025-07-30,15.290796279907227,15.647548146544704,15.161968980687153,15.379984482834246,41837364
2025-07-31,15.419623374938965,16.1430380540459,15.191697865469171,15.270976057005466,71607335
2025-08-01,15.538540840148926,16.331322764588688,15.310615328069545,15.518720819502631,60633288
2025-08-04,16.004301071166992,16.11330930198197,15.102510862083086,15.736737389768896,51895233
2025-08-05,16.024120330810547,16.152946687347328,15.687187533540516,16.05385036238422,49196770
2025-08-06,15.954751968383789,16.33132291338843,15.736736464641147,16.004300130309772,44736634
2025-08-07,16.004301071166992,16.450242115281597,15.80610557659976,15.825925598591816,52518943
2025-08-08,17.11419677734375,17.817790507588064,16.07366836243126,16.301594822358005,108531442
2025-08-11,17.143924713134766,17.49076751395011,16.72771373018459,16.89618012542969,64707081
2025-08-12,17.906978607177734,18.323189592691083,17.054736615378683,17.153834829099235,81032479
2025-08-13,17.76824188232422,17.916888254824997,17.272752713894167,17.71869183139651,61160751
2025-08-14,16.945730209350586,17.688963973882267,16.787173824128455,17.688963973882267,69992569
2025-08-15,17.044828414916992,17.302481123180158,16.925910180983742,16.925910180983742,45403158
2025-08-18,18.32318878173828,18.47183515066967,17.064645870513004,17.143924059952486,84157526
2025-08-19,17.906978607177734,18.44210782718399,17.788062262826042,18.382647764866928,50776278
2025-08-20,17.867340087890625,18.09526465165614,17.55022543248592,17.83761005734423,37761219
2025-08-21,18.23400115966797,18.699762191245135,17.837610199920203,17.847520210181546,57505727
2025-08-22,17.996166229248047,18.283550850741197,17.86733987867118,18.283550850741197,40496780
2025-08-25,20.433975219726562,21.177209011726966,18.362830234807472,18.432198419638237,120270523
2025-08-26,19.869115829467773,20.78081601772591,19.770019503248996,20.503343280087304,64351335
2025-08-27,18.917776107788086,20.067310797311688,18.89795608793465,19.869114379059567,57062635
2025-08-28,19.04660415649414,19.274530624869232,18.4817467712446,19.026786025013028,60890261
2025-08-29,18.838499069213867,19.274530081917625,18.729490843502617,19.08624366209126,49467753
2025-09-01,19.413267135620117,19.42317714650262,18.709671484092716,18.788949681011452,59963654
2025-09-02,18.59075355529785,19.472723657400874,18.43219717492295,19.25470910692067,51267448
2025-09-03,18.214181900024414,18.858319362931567,18.115085573553717,18.590754745121636,36265397
2025-09-04,17.758333206176758,18.640303387392265,17.441220416982027,18.234002389968854,42932961
2025-09-05,18.461925506591797,18.531295577599575,17.66914359648599,17.92679818980567,40806060
2025-09-08,18.749311447143555,18.947507883660307,18.343010453411384,18.461926803208396,37205541
2025-09-09,18.085355758666992,18.7294913391666,17.847521170027505,18.7294913391666,34715057
2025-09-10,18.095264434814453,18.43219721640467,17.996166224321833,18.13490258492681,20591209
2025-09-11,17.87725067138672,17.92679883374519,16.846632261087677,17.79797058738719,59332890
2025-09-12,18.34300994873047,18.70967088901463,17.87725079291447,17.916888945042455,43457594
2025-09-15,18.362829208374023,18.590753771546527,18.214180946169964,18.293459137279584,24563179
2025-09-16,19.026784896850586,19.294347612323204,18.432197514422533,18.452017534869743,61519999
2025-09-17,18.709671020507812,19.542093012599555,18.61057469442077,19.125882016553685,40406825
2025-09-18,18.759220123291016,19.155611077980552,18.49165552007264,18.7691301334259,36436894
2025-09-19,18.32318878173828,18.87813610781466,18.23400058235122,18.67994157928652,26530837
2025-09-22,17.87725067138672,18.77904083532776,17.659234220670488,18.44210803889471,36719698
2025-09-23,17.829999923706055,18.5,17.43000030517578,17.959999084472656,34047105
2025-09-24,17.8799991607666,17.989999771118164,17.649999618530273,17.81999969482422,25488967
2025-09-25,17.790000915527344,18.299999237060547,17.6200008392334,17.84000015258789,31123495
2025-09-26,17.3799991607666,17.780000686645508,17.3700008392334,17.670000076293945,22516127
2025-09-29,17.350000381469727,17.579999923706055,17.15999984741211,17.3799991607666,29100248
2025-09-30,17.520000457763672,17.59000015258789,17.31999969482422,17.399999618530273,18570610
2025-10-09,17.360000610351562,17.68000030517578,17.100000381469727,17.649999618530273,32167250
2025-10-10,17.43000030517578,17.760000228881836,17.329999923706055,17.329999923706055,27253970
2025-10-13,17.100000381469727,17.290000915527344,16.81999969482422,16.899999618530273,30051169
2025-10-14,17.190000534057617,17.68000030517578,17.09000015258789,17.1200008392334,33035700
2025-10-15,17.829999923706055,17.959999084472656,17.170000076293945,17.219999313354492,37959265
2025-10-16,17.899999618530273,18.079999923706055,17.700000762939453,17.809999465942383,25632852
2025-10-17,17.280000686645508,18.079999923706055,17.200000762939453,17.889999389648438,28000179
2025-10-20,17.729999542236328,18.079999923706055,17.479999542236328,17.559999465942383,29863581
2025-10-21,18.149999618530273,18.200000762939453,17.700000762939453,17.809999465942383,26931454
2025-10-22,17.350000381469727,18.100000381469727,17.31999969482422,18.100000381469727,33003544
2025-10-23,16.90999984741211,17.40999984741211,16.450000762939453,17.270000457763672,43252326
2025-10-24,17.1200008392334,17.350000381469727,16.860000610351562,16.899999618530273,27013640
2025-10-27,17.790000915527344,18.360000610351562,17.6299991607666,17.65999984741211,44738447
2025-10-28,17.770000457763672,17.899999618530273,17.579999923706055,17.799999237060547,23930032
2025-10-29,17.649999618530273,17.760000228881836,17.350000381469727,17.75,23245016
2025-10-30,17.489999771118164,17.780000686645508,17.459999084472656,17.639999389648438,20451882
2025-10-31,18.149999618530273,18.450000762939453,17.530000686645508,17.610000610351562,41466957
2025-11-03,18.200000762939453,19.350000381469727,18.139999389648438,19.06999969482422,69593785
2025-11-04,17.299999237060547,18.149999618530273,17.200000762939453,18.1200008392334,45663540
2025-11-05,17.8799991607666,18.3799991607666,17.600000381469727,17.829999923706055,56433976
2025-11-06,17.270000457763672,17.690000534057617,17.110000610351562,17.530000686645508,42222375
2025-11-07,16.739999771118164,17.229999542236328,16.709999084472656,17.15999984741211,42975191
2025-11-10,17.0,17.100000381469727,16.670000076293945,16.700000762939453,23563071
2025-11-11,16.8700008392334,16.959999084472656,16.770000457763672,16.950000762939453,15954572
2025-11-12,16.780000686645508,17.079999923706055,16.719999313354492,16.8799991607666,16953460
2025-11-13,16.850000381469727,16.889999389648438,16.700000762939453,16.81999969482422,15680089
2025-11-14,16.780000686645508,16.899999618530273,16.709999084472656,16.780000686645508,16264793
2025-11-17,16.31999969482422,16.799999237060547,16.25,16.770000457763672,27597702
2025-11-18,16.31999969482422,16.440000534057617,16.209999084472656,16.31999969482422,14817188
2025-11-19,16.110000610351562,16.3700008392334,16.0,16.280000686645508,16690583
2025-11-20,16.049999237060547,16.290000915527344,16.020000457763672,16.200000762939453,11468109
2025-11-21,15.510000228881836,16.15999984741211,15.470000267028809,15.949999809265137,21963245
2025-11-24,15.729999542236328,15.84000015258789,15.609999656677246,15.65999984741211,13330400
2025-11-25,15.800000190734863,15.989999771118164,15.710000038146973,15.789999961853027,13384177
2025-11-26,15.850000381469727,16.139999389648438,15.710000038146973,15.710000038146973,14163626
2025-11-27,15.869999885559082,16.06999969482422,15.760000228881836,15.829999923706055,15567123
2025-11-28,15.9399995803833,15.970000267028809,15.739999771118164,15.869999885559082,9146086
2025-12-01,16.0,16.010000228881836,15.8100004196167,15.9399995803833,15869208
2025-12-02,15.739999771118164,15.979999542236328,15.710000038146973,15.949999809265137,10771333
2025-12-03,15.800000190734863,15.9399995803833,15.699999809265137,15.800000190734863,12996592
2025-12-04,15.65999984741211,15.84000015258789,15.569999694824219,15.770000457763672,13407878
2025-12-05,15.829999923706055,15.859999656677246,15.569999694824219,15.6899995803833,12339202
2025-12-08,15.890000343322754,16.06999969482422,15.869999885559082,15.920000076293945,11502618
2025-12-09,15.739999771118164,16.010000228881836,15.739999771118164,15.9399995803833,10163135
2025-12-10,15.640000343322754,15.789999961853027,15.5600004196167,15.720000267028809,11117554
2025-12-11,15.479999542236328,15.699999809265137,15.479999542236328,15.649999618530273,11764983
2025-12-12,15.520000457763672,15.550000190734863,15.350000381469727,15.479999542236328,18902312
2025-12-15,15.420000076293945,15.579999923706055,15.390000343322754,15.4399995803833,10810731
2025-12-16,15.479999542236328,15.550000190734863,15.270000457763672,15.399999618530273,14839125
2025-12-17,15.760000228881836,15.84000015258789,15.239999771118164,15.4399995803833,24723350
2025-12-18,15.720000267028809,16.0,15.65999984741211,15.699999809265137,18174069
2025-12-19,15.890000343322754,15.970000267028809,15.640000343322754,15.729999542236328,15422141
2025-12-22,15.819999694824219,15.9399995803833,15.8100004196167,15.920000076293945,12563787
2025-12-23,15.84000015258789,15.960000038146973,15.720000267028809,15.800000190734863,12037396
2025-12-24,15.880000114440918,15.960000038146973,15.800000190734863,15.90999984741211,11817719
2025-12-25,16.290000915527344,16.389999389648438,15.800000190734863,15.880000114440918,25368921
2025-12-26,16.239999771118164,16.31999969482422,16.06999969482422,16.270000457763672,16923667
2025-12-29,16.100000381469727,16.309999465942383,16.059999465942383,16.229999542236328,16166596
2025-12-30,15.880000114440918,16.100000381469727,15.84000015258789,16.030000686645508,19888062
2025-12-31,15.8100004196167,15.920000076293945,15.729999542236328,15.859999656677246,13153518
2026-01-05,18.969999313354492,18.969999313354492,16.549999237060547,16.549999237060547,143276884
2026-01-06,19.510000228881836,20.649999618530273,19.280000686645508,20.110000610351562,241273006
2026-01-07,18.530000686645508,19.850000381469727,18.489999771118164,19.549999237060547,151886386
2026-01-08,19.639999389648438,20.190000534057617,18.479999542236328,18.770000457763672,174322368
2026-01-09,19.450000762939453,19.59000015258789,18.75,19.450000762939453,115367049
2026-01-12,20.489999771118164,20.639999389648438,19.549999237060547,19.549999237060547,144889471
2026-01-13,20.260000228881836,21.1200008392334,19.780000686645508,20.920000076293945,134613475
2026-01-14,20.290000915527344,21.600000381469727,19.829999923706055,20.229999542236328,143274863
2026-01-15,19.709999084472656,20.280000686645508,19.549999237060547,20.0,82018916
2026-01-16,19.049999237060547,19.850000381469727,19.0,19.68000030517578,69369450
2026-01-19,19.06999969482422,19.280000686645508,18.809999465942383,18.950000762939453,44556337
2026-01-20,18.739999771118164,19.18000030517578,18.6200008392334,19.0,37814781
2026-01-21,18.770000457763672,19.059999465942383,18.530000686645508,18.68000030517578,32931793
2026-01-22,18.719999313354492,18.989999771118164,18.610000610351562,18.780000686645508,28190655
2026-01-23,19.260000228881836,19.3799991607666,18.8700008392334,18.899999618530273,55179713
2026-01-26,18.8799991607666,19.510000228881836,18.739999771118164,19.399999618530273,48767990
2026-01-27,18.520000457763672,18.950000762939453,18.049999237060547,18.8700008392334,45924169
