Date,Close,High,Low,Open,Volume
1990-01-02,1.0500073432922363,1.0500073432922363,1.011761638063118,1.022192468065134,6206625
1990-01-03,1.0534836053848267,1.0639143668157283,1.0430533811098037,1.0569605482432887,5591025
1990-01-04,1.0604380369186401,1.063914981786869,1.0465308617464382,1.0500078066146667,3183300
1990-01-05,1.0465307235717773,1.0604378969077992,1.0430538463071284,1.0604378969077992,2782350
1990-01-08,1.0360995531082153,1.043053439212502,1.032622610056072,1.0395764961603586,1455975
1990-01-09,1.0082846879959106,1.0360996301817622,1.0082846879959106,1.0360996301817622,1854900
1990-01-10,1.0152391195297241,1.0152391195297241,0.9943780527686251,1.008285229175769,1891350
1990-01-11,1.0221918821334839,1.0326221018563368,1.0187149407924996,1.0291451605153525,1099575
1990-01-12,0.9839471578598022,1.0187153775766584,0.9700393865327726,1.0117614919131435,2377350
1990-01-15,0.9735158085823059,0.98394663149761,0.9596086489952694,0.9804696905258419,2968650
1990-01-16,0.9874241352081299,0.9909010802893071,0.9665630690218168,0.9665630690218168,4582575
1990-01-17,1.0152391195297241,1.029146295936868,0.9909011075916475,0.9943780527686251,8642700
1990-01-18,1.0500073432922363,1.0500073432922363,0.997854469027543,1.0013314123615484,5973750
1990-01-19,1.0673915147781372,1.0778217410573736,1.0569607513429187,1.0569607513429187,7034850
1990-01-22,1.0430537462234497,1.0708686273827026,1.0291459699212817,1.0708686273827026,5591025
1990-01-23,1.0604380369186401,1.0743452792353658,1.043053984022733,1.043053984022733,5131350
1990-01-24,1.0604380369186401,1.0604380369186401,1.004808799073643,1.0152390293776161,5791500
1990-01-25,1.0291459560394287,1.0604377808521372,1.025669616311353,1.0569609039680021,3438450
1990-01-26,1.018715262413025,1.0430532551836085,0.9978542120811377,1.0291454854288233,5068575
1990-01-29,1.0013314485549927,1.0187155615529273,0.9804703920973774,1.015238618093247,6662250
1990-01-30,0.9735158085823059,0.9978537910846464,0.9596086489952694,0.9943768501128784,10829700
1990-01-31,0.9769940376281738,0.9769940376281738,0.9596099141500491,0.9665632009607996,8606250
1990-02-01,0.9804710745811462,0.9874243620400657,0.9700402369414342,0.9839480204610503,3476925
1990-02-02,1.0117617845535278,1.0256695599032204,0.9700396671055174,0.9700396671055174,7223175
1990-02-05,1.0256692171096802,1.0360994408354838,1.0117614464081663,1.0117614464081663,3950775
1990-02-06,1.0291459560394287,1.0326229000680713,1.011761840196783,1.0291459560394287,4663575
1990-02-07,1.0569608211517334,1.0639146415196568,1.0221925921906438,1.0256695359468568,6196500
1990-02-08,1.0326229333877563,1.0604378150693263,1.0291459892469232,1.0604378150693263,4491450
1990-02-09,1.0465307235717773,1.0534840752339867,1.0221927841527791,1.0291460686704736,4884300
1990-02-12,1.0256692171096802,1.0465302017171378,1.0221922744343017,1.0465302017171378,2055375
1990-02-13,1.0256692171096802,1.0326224981601053,1.0221922744343017,1.0326224981601053,2626425
1990-02-14,1.0291459560394287,1.0500075530667765,1.025669616311353,1.0291459560394287,3379725
1990-02-15,1.0291459560394287,1.0360998440967137,1.0221926722827106,1.0291459560394287,3270375
1990-02-16,1.0117617845535278,1.0430536747898025,1.0082848407161047,1.02914589944011,2741850
1990-02-20,0.994377613067627,1.0048084439861804,0.9769934991705371,1.0048084439861804,4311225
1990-02-21,1.0256692171096802,1.0256692171096802,0.9804701709304239,0.9943773373316059,3572100
1990-02-22,1.0508619546890259,1.0647804429074914,1.036942928877412,1.0508619546890259,6202575
1990-02-23,1.0195443630218506,1.0334628470849603,1.005625878958741,1.029983074871155,2764125
1990-02-26,1.0578210353851318,1.0613007416748108,1.0230245100815254,1.0265042835703526,3657150
1990-02-27,1.0926178693771362,1.0960970373447403,1.050861805843822,1.0578208137703706,9809100
1990-02-28,1.106537103652954,1.1239353744211842,1.089138832884724,1.089138832884724,8993025
1990-03-01,1.1100168228149414,1.1100168228149414,1.103057272941398,1.1100168228149414,6571125
1990-03-02,1.1100168228149414,1.1134965977517133,1.103057272941398,1.1065370478781698,3185325
1990-03-05,1.1169755458831787,1.1274148686185492,1.1030570536951494,1.1030570536951494,3671325
1990-03-06,1.158732295036316,1.1622114646781485,1.120455381051179,1.120455381051179,10339650
1990-03-07,1.22136652469635,1.22136652469635,1.155252615542481,1.1587324576643734,13907700
1990-03-08,1.22136652469635,1.2318052446719177,1.1865694474609418,1.2109272671273759,10588725
1990-03-09,1.2074471712112427,1.2144067195938433,1.1935287464376585,1.203967464219104,6004125
1990-03-12,1.217886209487915,1.217886209487915,1.1900485615850813,1.2039671167399288,2650725
1990-03-13,1.1970075368881226,1.217885628456398,1.186568289506654,1.2109260854026787,4244400
1990-03-14,1.2039676904678345,1.2074473981138771,1.1935289707247523,1.197008678370795,4756725
1990-03-15,1.2248464822769165,1.2283256527350104,1.2039678307725155,1.2039678307725155,8837100
1990-03-16,1.2422442436218262,1.2492031192738735,1.2248459793052346,1.238764402600875,11890800
1990-03-19,1.2979185581207275,1.304878104771941,1.238764225962327,1.2422440664870789,11909025
1990-03-20,1.2770403623580933,1.301398169063517,1.2666016479370608,1.280520202628331,10570500
1990-03-21,1.2631219625473022,1.2979184842380025,1.2596422566189192,1.2944386439113371,8264025
1990-03-22,1.2352848052978516,1.263122326344229,1.217886539441557,1.263122326344229,5508000
1990-03-23,1.2700812816619873,1.2805205363971415,1.2561627233428325,1.2561627233428325,6504300
1990-03-26,1.301398515701294,1.3153170740998823,1.2909592609065628,1.2909592609065628,6311925
1990-03-27,1.3048782348632812,1.3118371102168178,1.2874799712930123,1.3013983939916025,4675725
1990-03-28,1.2874799966812134,1.2979187131122727,1.2700811951746387,1.2979187131122727,4398300
1990-03-29,1.2770403623580933,1.2874797487705267,1.270080950614178,1.2874797487705267,3839400
1990-03-30,1.2735612392425537,1.2770409467067565,1.2596428125807668,1.2770409467067565,1348650
1990-04-02,1.2735612392425537,1.2735612392425537,1.2561629707182222,1.2596428125807668,4898475
1990-04-03,1.3048782348632812,1.3083579413366564,1.2805204239479586,1.2805204239479586,5378400
1990-04-04,1.2909588813781738,1.311836847236469,1.2874797131954716,1.3048779732779587,3244050
1990-04-05,1.3048782348632812,1.3118371102168178,1.2979186875182276,1.3013983939916025,5931225
1990-04-06,1.3118374347686768,1.329236374635004,1.3083582650277599,1.325756532902404,5593050
1990-04-09,1.3153165578842163,1.3222761031487646,1.2944384596836238,1.3013980049481721,6228900
1990-04-10,1.3153165578842163,1.3187962633173589,1.3048778447795781,1.3048778447795781,3252150
1990-04-11,1.3048782348632812,1.32227649843355,1.3013983939916025,1.3153169510884963,3732075
1990-04-12,1.3083583116531372,1.3118374815180396,1.3013987623382592,1.304878604194869,2555550
1990-04-16,1.3048782348632812,1.3466343093488726,1.3013983939916025,1.3153169510884963,4831650
1990-04-17,1.2909588813781738,1.2979184273280664,1.280520167245579,1.2979184273280664,4544100
1990-04-18,1.2700812816619873,1.2979188014952427,1.2631222712990404,1.2979188014952427,3533625
1990-04-19,1.294438362121582,1.3013979068615884,1.2526824376640748,1.2596419824040812,6563025
1990-04-20,1.2805209159851074,1.3083584440703098,1.2666023535400386,1.3083584440703098,6313950
1990-04-23,1.2561625242233276,1.2700810803361946,1.2387642618830967,1.2666017773037126,7113825
1990-04-24,1.2631219625473022,1.2666016684756851,1.252682710363871,1.2596422566189192,2948400
1990-04-25,1.2735612392425537,1.280520788569301,1.2666022275091726,1.2666022275091726,2494800
1990-04-26,1.2770403623580933,1.2874797487705267,1.2666016479370608,1.280520202628331,2444175
1990-04-27,1.2666022777557373,1.28052083936802,1.2666022777557373,1.28052083936802,5615325
1990-04-30,1.301398515701294,1.301398515701294,1.2596425717088968,1.2596425717088968,5951475
1990-05-01,1.3327163457870483,1.3327163457870483,1.3083585240237898,1.3292366377639595,3760425
1990-05-02,1.3570725917816162,1.3570725917816162,1.3396743337727546,1.3396743337727546,7008525
1990-05-03,1.3709923028945923,1.3709923028945923,1.3501141956714644,1.3640327546224547,5305500
1990-05-04,1.3953496217727661,1.4023086306517887,1.377950822791487,1.377950822791487,8120250
1990-05-07,1.4336259365081787,1.4336259365081787,1.391869868671668,1.3953495745909477,14096025
1990-05-08,1.4266663789749146,1.444064639636989,1.4162276644945757,1.4336259251566499,5169825
1990-05-09,1.3883906602859497,1.4127483416529851,1.3883906602859497,1.398829378589686,6101325
1990-05-10,1.3883906602859497,1.398829378589686,1.364032844520584,1.381431111555135,10766925
1990-05-11,1.41622793674469,1.41622793674469,1.3988291351448146,1.4057886826644261,7618050
1990-05-14,1.451023817062378,1.4788613227234226,1.4127474651755927,1.4127474651755927,18356625
1990-05-15,1.4649425745010376,1.4684224147157696,1.447544314215324,1.45450386024651,9108450
1990-05-16,1.4788614511489868,1.49973954860828,1.4684222008219527,1.4719019061315446,7109775
1990-05-17,1.5380163192749023,1.5380163192749023,1.496260243826416,1.496260243826416,7940025
1990-05-18,1.5728133916854858,1.60413076150931,1.5345371439386686,1.5345371439386686,10847925
1990-05-21,1.6354475021362305,1.638926670962499,1.56933361775943,1.583252040242422,12656250
1990-05-22,1.6284881830215454,1.6876425284475804,1.6145696241905068,1.6876425284475804,9195525
1990-05-23,1.631967306137085,1.6563251113738688,1.614569046622875,1.6284876004749342,5196150
1990-05-24,1.6354475021362305,1.6493659246192223,1.6250081140812058,1.6458862181997482,3533625
1990-05-25,1.6110889911651611,1.6284872469019058,1.607609151860272,1.6284872469019058,2310525
1990-05-29,1.6563249826431274,1.6667636956234597,1.6041296705640655,1.6041296705640655,10507725
1990-05-30,1.6667648553848267,1.6841631256528236,1.6598053053605886,1.6702446975961232,8272125
1990-05-31,1.6876428127288818,1.7154803382751156,1.684162970837467,1.691122520221954,11178000
1990-06-01,1.7050408124923706,1.718959774667816,1.6841627052250063,1.7050408124923706,8974800
1990-06-04,1.701561450958252,1.7120001682416328,1.6911221960816034,1.7015614509582522,7753725
1990-06-05,1.6702444553375244,1.7050409908264967,1.6667646136309573,1.7050409908264967,4246425
1990-06-06,1.6284881830215454,1.6598048731922226,1.6006505277661875,1.6563257038785832,9912375
1990-06-07,1.5971705913543701,1.6284879490165107,1.5971705913543701,1.6215284018044007,7202925
1990-06-08,1.5797730684280396,1.604130890292607,1.5240985462172367,1.6006510478566816,14031225
1990-06-11,1.6354475021362305,1.638926670962499,1.5588942297044053,1.5588942297044053,6917400
1990-06-12,1.6980825662612915,1.6980825662612915,1.6598056382439275,1.6632854811531261,9539775
1990-06-13,1.711998701095581,1.7363564936059341,1.6946004506715886,1.6980802889138695,10742625
1990-06-14,1.7328784465789795,1.7537564208086278,1.7085206307799496,1.7537564208086278,5975775
1990-06-15,1.7050408124923706,1.7363580405925776,1.6946019604561708,1.7363580405925776,5850225
1990-06-18,1.6737232208251953,1.7015607292282713,1.6667636757266013,1.6841619336809162,6411150
1990-06-19,1.6737232208251953,1.6806822283307492,1.6424058726736925,1.6632839703764344,7077375
1990-06-20,1.6702444553375244,1.6980819794050408,1.6667646136309573,1.6980819794050408,11894850
1990-06-21,1.6980825662612915,1.6980825662612915,1.6458872073958077,1.6702450325731413,5337900
1990-06-22,1.6632850170135498,1.7085208118359727,1.6563260051289748,1.6946022504734444,4489425
1990-06-25,1.6041295528411865,1.6528451559534318,1.5728122066141335,1.6493653164188409,8816850
1990-06-26,1.6041295528411865,1.618047970191788,1.5902110010923332,1.6076092579775256,6725025
1990-06-27,1.6215296983718872,1.6284892511488227,1.597171868445451,1.6076111304116498,5680125
1990-06-28,1.6284881830215454,1.6354477312337052,1.611089917283587,1.6319678899284653,7472250
1990-06-29,1.607609510421753,1.6284876101200416,1.5867315451217374,1.6284876101200416,6127650
1990-07-02,1.6110889911651611,1.6110889911651611,1.6006496076487369,1.607609151860272,2300400
1990-07-03,1.5867317914962769,1.611089600659404,1.579772244651863,1.611089600659404,3152925
1990-07-05,1.6041295528411865,1.6076092579775256,1.55889365486528,1.5728122066141335,6072975
1990-07-06,1.6389262676239014,1.6441461619642534,1.6023900984016073,1.6023900984016073,7072650
1990-07-09,1.6702444553375244,1.6702444553375244,1.638927089563441,1.638927089563441,8532000
1990-07-10,1.6702444553375244,1.680683174067212,1.6545857052513149,1.6702444553375244,5663250
1990-07-11,1.6911225318908691,1.7328786189008267,1.6545858045590194,1.6598051642371274,8328150
1990-07-12,1.758974552154541,1.76419457966155,1.69634053878755,1.7015604318963224,11685600
1990-07-13,1.7746341228485107,1.7955120922947876,1.7694147648852412,1.7850733763682483,6141150
1990-07-16,1.8228970766067505,1.8228970766067507,1.7706653958581495,1.7811114899199423,5524200
1990-07-17,1.7393250465393066,1.817673134292159,1.7184321962399005,1.817673134292159,5572800
1990-07-18,1.655753493309021,1.7341015611398052,1.6505304501787996,1.7184317592831788,10777050
1990-07-19,1.676647424697876,1.6766474246978762,1.6087459371027941,1.6087459371027941,9733500
1990-07-20,1.6662005186080933,1.687093232444339,1.6505307142444807,1.6714235625739406,5896800
1990-07-23,1.5930753946304321,1.6296379108202976,1.4207101114773946,1.6296379108202976,23220000
1990-07-24,1.582629680633545,1.593075770455328,1.5303974831125315,1.5878527255444366,7719300
1990-07-25,1.582629680633545,1.608745443160956,1.5721829183455704,1.5774059632564619,3145500
1990-07-26,1.6087446212768555,1.6244144204702504,1.5042808175768114,1.5878519143341143,4866750
1990-07-27,1.5356203317642212,1.6087452375560614,1.5356203317642212,1.6087452375560614,4896450
1990-07-30,1.493835210800171,1.5356207875894656,1.46771930936515,1.5356207875894656,12487500
1990-07-31,1.431156873703003,1.5042819405651735,1.431156873703003,1.4886122641670985,9807750
1990-08-01,1.5303971767425537,1.5356202206078446,1.41548658038944,1.425933206092868,18277650
1990-08-02,1.493835210800171,1.5095048861544447,1.446826588217133,1.446826588217133,11110500
1990-08-03,1.4624965190887451,1.4833893783802798,1.4154873503195442,1.4833893783802798,14293800
1990-08-06,1.3789247274398804,1.4102642161739967,1.337139145940887,1.3841484462887,12287700
1990-08-07,1.3945934772491455,1.4311558500348571,1.3580309699702602,1.420709765223337,17354250
1990-08-08,1.452049732208252,1.4572727783552126,1.399817522326133,1.399817522326133,9639000
1990-08-09,1.4833885431289673,1.4886115868943068,1.4311562225706467,1.4624956956015644,6494850
1990-08-10,1.4416033029556274,1.5042815904813165,1.420710450784905,1.4990580075822295,6050700
1990-08-13,1.493835210800171,1.4990582565939141,1.4311567783695982,1.44160354242339,8521200
1990-08-14,1.5042815208435059,1.5408435061000578,1.5042815208435059,1.5147276102121885,6349050
1990-08-15,1.5512901544570923,1.5669598266953244,1.5251743927086636,1.5356204822188602,12676500
1990-08-16,1.4572728872299194,1.5408440527038612,1.4520498406927385,1.5408440527038612,4569750
1990-08-17,1.4154871702194214,1.4416036108674357,1.384148355996023,1.3998174941211874,13682250
1990-08-20,1.3371392488479614,1.4207109562507836,1.3371392488479614,1.4102643247088227,14427450
1990-08-21,1.2953529357910156,1.3319154531633264,1.243121421369025,1.2744602224276507,23175450
1990-08-22,1.2744604349136353,1.3371387199470557,1.2692373901951863,1.3057999136634288,9659250
1990-08-23,1.1972901821136475,1.2495739465592235,1.1972901821136475,1.2443457585906066,19030950
1990-08-24,1.3070858716964722,1.3175422484924704,1.2391169992601905,1.2548022375826027,15984000
1990-08-27,1.4168802499771118,1.4168802499771118,1.3541402629716657,1.3907387794444874,12993750
1990-08-28,1.448250651359558,1.4534788380230272,1.3959670345915691,1.4116521330845297,9192150
1990-08-29,1.4743918180465698,1.4900770479190306,1.4377933073457894,1.4534785372182502,11754450
1990-08-30,1.4168802499771118,1.4743920505765382,1.4064238771650726,1.4743920505765382,4406400
1990-08-31,1.4168802499771118,1.4168802499771118,1.385510593038468,1.4168802499771118,4036500
1990-09-04,1.4639356136322021,1.463935613632202,1.3959669046957923,1.4011950908727748,4530600
1990-09-05,1.4587072134017944,1.4743923139239616,1.4482508387220983,1.4587072134017944,7072650
1990-09-06,1.4116522073745728,1.448250727575646,1.3855107341789448,1.448250727575646,6297750
1990-09-07,1.4116522073745728,1.4325654936315912,1.4011952949947726,1.4011952949947726,8565750
1990-09-10,1.4168802499771118,1.4534787664499336,1.4064238771650726,1.4430223936378945,7273800
1990-09-11,1.364598274230957,1.4168813920650387,1.3593695451077543,1.4168813920650387,12249900
1990-09-12,1.3802825212478638,1.3802825212478638,1.327999415718396,1.3593692251857934,9571500
1990-09-13,1.364598274230957,1.401196281701352,1.3436849732470282,1.375054655471441,4833000
1990-09-14,1.3593684434890747,1.3645971683749707,1.3384550248274323,1.3541402571057028,6384150
1990-09-17,1.3907390832901,1.3959672708383626,1.3489123712730509,1.3593687463695758,3684150
1990-09-18,1.406424880027771,1.406424880027771,1.3593694186871041,1.380282717726107,5124600
1990-09-19,1.4168802499771118,1.422108974885658,1.4064238771650726,1.422108974885658,5586300
1990-09-20,1.3489123582839966,1.3907390698982847,1.33845531015986,1.3907390698982847,5628150
1990-09-21,1.322770357131958,1.3645970563973497,1.3070852607664238,1.359368331940518,7061850
1990-09-24,1.2914001941680908,1.3175418003957255,1.2809438209283115,1.3175418003957255,6814800
1990-09-25,1.3018572330474854,1.3070854196373014,1.2757150884676773,1.3018572330474854,7051050
1990-09-26,1.2809443473815918,1.3070859643531278,1.254802326532978,1.2966289136874358,5638950
1990-09-27,1.2495739459991455,1.307085763761889,1.2338887089719655,1.2966287147009825,10930950
1990-09-28,1.2704870700836182,1.3123137799705091,1.2129752598481092,1.2286603601967272,12044700
1990-10-01,1.3489123582839966,1.3698256467783108,1.2861722235497344,1.2861722235497344,13250250
1990-10-02,1.3698253631591797,1.4273371638621797,1.3593684518257818,1.411652066113347,13367700
1990-10-03,1.3070858716964722,1.3750540710043393,1.3018576832984732,1.364597694208341,5653800
1990-10-04,1.2966279983520508,1.317541411791457,1.2704865344603873,1.3018568565578927,7271100
1990-10-05,1.2757152318954468,1.301857379414398,1.233888522843643,1.2548019446823706,8914050
1990-10-08,1.2548022270202637,1.2966288108576436,1.2495740386662728,1.291400622503653,7049700
1990-10-09,1.1502350568771362,1.2548018924682982,1.1188647907987541,1.2548018924682982,29479950
1990-10-10,1.1554630994796753,1.1816052426447523,1.129321629442744,1.1450067268659094,14740650
1990-10-11,1.1711488962173462,1.1711488962173462,1.1345503627919131,1.150235467777912,10933650
1990-10-12,1.202519178390503,1.212975555503179,1.150235408067504,1.1816057510367155,9413550
1990-10-15,1.1450071334838867,1.2182036525327984,1.1397789453203555,1.2025190880422052,9931950
1990-10-16,1.1397788524627686,1.1554634156755432,1.1293219384849218,1.1397788524627686,4716900
1990-10-17,1.1711488962173462,1.1920621900310864,1.1293221739641721,1.1345503627919131,8131050
1990-10-18,1.2182034254074097,1.2182034254074097,1.1606921547000442,1.1606921547000442,7788150
1990-10-19,1.260030746459961,1.2704876644183296,1.2391173144203753,1.2652594746905796,10975500
1990-10-22,1.3175418376922607,1.3227705629627122,1.2548018463442776,1.260030033112165,10505700
1990-10-23,1.3070858716964722,1.3279991637912005,1.286172444976061,1.3070858716964722,6507000
1990-10-24,1.2861723899841309,1.307085815810362,1.2652590987835768,1.307085815810362,4460400
1990-10-25,1.3123137950897217,1.3123137950897217,1.2548019841916171,1.2966285599347394,6529950
1990-10-26,1.2548022270202637,1.291400622503653,1.2548022270202634,1.2861724341496623,4762800
1990-10-29,1.2129756212234497,1.2652592597535433,1.1816058150573379,1.2548023435715523,7487100
1990-10-30,1.2443454265594482,1.2443454265594482,1.1816053029177098,1.1972898626384185,7719300
1990-10-31,1.2286605834960938,1.2495740095532166,1.2286605834960938,1.2443458213210343,6334200
1990-11-01,1.2182034254074097,1.233888525476335,1.19729000352406,1.233888525476335,5760450
1990-11-02,1.2757152318954468,1.2809439575756703,1.2182034228081842,1.2182034228081842,5660550
1990-11-05,1.338455319404602,1.338455319404602,1.286172232433356,1.286172232433356,7736850
1990-11-06,1.3070858716964722,1.3593689673076101,1.3018576832984732,1.348912590511612,8992350
1990-11-07,1.2548022270202637,1.2861724341496623,1.2338888004758917,1.2861724341496623,11476350
1990-11-08,1.2704870700836182,1.2861721704322362,1.239116734760728,1.2548019697350001,4726350
1990-11-09,1.338455319404602,1.338455319404602,1.2704871313286232,1.2704871313286232,8118900
1990-11-12,1.3698253631591797,1.3802817359900497,1.3489120789949118,1.3698253631591797,11095650
1990-11-13,1.406424880027771,1.4221099889327509,1.3750545275920838,1.3855115809887684,12433500
1990-11-14,1.4743918180465698,1.4953052335005,1.4064236553545306,1.4116518409360002,20773800
1990-11-15,1.4430232048034668,1.4796210687208606,1.4430232048034668,1.4587077728382802,7784100
1990-11-16,1.4639356136322021,1.463935613632202,1.4116520017292427,1.4482505165987516,7167150
1990-11-19,1.5057623386383057,1.5162187111586516,1.46393563692627,1.474392009446616,9028800
1990-11-20,1.5057623386383057,1.5214468974188247,1.4953054276154478,1.5057623386383057,9769950
1990-11-21,1.448250651359558,1.5109906414544851,1.4116521330845297,1.505762454791016,10334250
1990-11-23,1.4116522073745728,1.4534789145142553,1.4116522073745728,1.448250727575646,2462400
1990-11-26,1.4338399171829224,1.439072755165128,1.3448793808134656,1.4024418113264125,7634250
1990-11-27,1.4286071062088013,1.4547719703415285,1.418140891064886,1.4390727823710678,7086150
1990-11-28,1.4547719955444336,1.4652382108696687,1.4443063192008565,1.449539157372645,8808750
1990-11-29,1.4547719955444336,1.4809367253850343,1.449539157372645,1.4600048337162221,5104350
1990-11-30,1.4966355562210083,1.5071017690468425,1.4233739528755212,1.4495388112131953,7258950
1990-12-03,1.5803626775741577,1.6012946915714759,1.5227997401405333,1.5280332489348674,17226000
1990-12-04,1.606528878211975,1.6222273913553569,1.575130639216587,1.5803634769310475,11403450
1990-12-05,1.6326937675476074,1.6536256577336788,1.5908298524300595,1.6117617426161308,7472250
1990-12-06,1.606528878211975,1.7164214346145081,1.5803634769310475,1.7164214346145081,13281300
1990-12-07,1.5908304452896118,1.6222280227789383,1.5698984125573319,1.6169951830276874,7056450
1990-12-10,1.6012955904006958,1.6117618053921872,1.5751307266490187,1.5855970763859202,4222800
1990-12-11,1.5698992013931274,1.596064087023871,1.5646663590125018,1.5698992013931277,5332500
1990-12-12,1.5803626775741577,1.5855961863684918,1.559430798322174,1.569897007438835,8503650
1990-12-13,1.5698992013931274,1.6222288379090912,1.5698992013931277,1.5855984022626193,4726350
1990-12-14,1.5803626775741577,1.5803626775741577,1.5437317541378515,1.559430798322174,4976100
1990-12-17,1.5698992013931274,1.580364886154379,1.5594329776497846,1.580364886154379,3646350
1990-12-18,1.611761450767517,1.622227124474678,1.5698975432304478,1.5751303800840284,4811400
1990-12-19,1.643158197402954,1.6588572378858142,1.6326925297351882,1.6326925297351882,9232650
1990-12-20,1.6274614334106445,1.6379271122517718,1.6012960235988063,1.616995080842284,8313300
1990-12-21,1.6379265785217285,1.6431594162371348,1.6274609030909162,1.6379265785217285,7658550
1990-12-24,1.611761450767517,1.6274606350551613,1.6065286139139363,1.6274606350551613,1185300
1990-12-26,1.6326937675476074,1.6326937675476074,1.6117617426161308,1.6169945804172439,1426950
1990-12-27,1.606528878211975,1.6326937405112918,1.606528878211975,1.6326937405112918,2043900
1990-12-28,1.6012955904006958,1.6431595071487897,1.5908299143908453,1.5960627523957707,2174850
1990-12-31,1.616994857788086,1.6274612089126799,1.5908301253127404,1.596062964011467,2524500
1991-01-02,1.5960625410079956,1.6274607775877532,1.5908297036961245,1.6117615919251782,4514400
1991-01-03,1.5646650791168213,1.6065289966268583,1.5646650791168213,1.596062781444877,8212050
1991-01-04,1.5698992013931274,1.5751320437737535,1.5437339115258157,1.5646663590125018,7141500
1991-01-07,1.5123350620269775,1.554198982737073,1.5071022235268166,1.554198982737073,8041950
1991-01-08,1.475703477859497,1.496635498467272,1.4495387552768773,1.4861698250268274,11331900
1991-01-09,1.4809365272521973,1.5489658398013435,1.4704708523088112,1.5071019273192308,11526300
1991-01-10,1.52803373336792,1.5384994068211786,1.4914026635731188,1.507101712734516,4217400
1991-01-11,1.5384995937347412,1.5384995937347414,1.517567570558289,1.52280040792066,4260600
1991-01-14,1.5489660501480103,1.5489660501480103,1.4757038901783077,1.4861702402699868,5710500
1991-01-15,1.5803626775741577,1.5803626775741577,1.5280332489348674,1.53849891907019,4897800
1991-01-16,1.616994857788086,1.6536259413880254,1.569898096790693,1.5803637741881464,6123600
1991-01-17,1.6850237846374512,1.7321210884550002,1.6797909455122466,1.7268882493297955,19796400
1991-01-18,1.705956220626831,1.7164218988865962,1.6640917558970618,1.6954900033853093,10597500
1991-01-21,1.7216542959213257,1.721654295921326,1.6693248400964111,1.674557677882579,4737150
1991-01-22,1.705956220626831,1.7373539291333222,1.705956220626831,1.7111890597567136,3874500
1991-01-23,1.7425870895385742,1.7530533087097204,1.6954903159775931,1.7164222153380293,6488100
1991-01-24,1.8315465450286865,1.8472455889470993,1.7530515949272862,1.7530515949272862,16279650
1991-01-25,1.821081280708313,1.8472465471383819,1.8001492562078214,1.8158484430149429,18613800
1991-01-28,1.784449577331543,1.8158478051712874,1.7844495773315427,1.8001486238787376,3632850
1991-01-29,1.7687519788742065,1.7792176559639035,1.7425865734411468,1.773984817419055,6594750
1991-01-30,1.857711672782898,1.857711672782898,1.7739840037941976,1.7739840037941976,9031500
1991-01-31,1.810616135597229,1.8472470881421557,1.810616135597229,1.8420137099344758,6791850
1991-02-01,1.7949153184890747,1.8158473301612488,1.7635170988628341,1.8053809874618627,17116650
1991-02-04,1.810616135597229,1.8263146532749692,1.7844507267586878,1.8053826226441076,7025400
1991-02-05,1.857711672782898,1.857711672782898,1.8001487234998785,1.815847905661229,8399700
1991-02-06,1.9152753353118896,1.9257410107626942,1.8472465584460183,1.8577122338968228,11483100
1991-02-07,1.957140564918518,2.0461011566990126,1.9257423047595101,1.9466742087078617,19869300
1991-02-08,1.9257402420043945,1.9362064522586846,1.899575390095415,1.9257402420043945,8966700
1991-02-11,2.0147013664245605,2.0356332474759316,1.9309735727283832,1.9414392437633765,11383200
1991-02-12,1.988538146018982,2.030402077201965,1.972839087609453,1.9990038256374503,10601550
1991-02-13,2.0094707012176514,2.01993638355601,1.9623733790036464,1.978072441493151,5913000
1991-02-14,1.9676051139831543,2.019935247946282,1.9466730873469862,2.01470240971901,9250200
1991-02-15,2.051332473754883,2.067030980659401,1.9990022309716,2.009468575968025,8455050
1991-02-19,2.082731008529663,2.0931973584608548,2.0304014148003087,2.046099929106501,8158050
1991-02-20,2.0094707012176514,2.0879650704467325,2.004237186321014,2.077499388108374,8492850
1991-02-21,1.9362066984176636,1.9885368131246415,1.9362066984176636,1.9676043899548246,9991350
1991-02-22,2.0774986743927,2.0879643531356202,1.9152759377868531,1.9414406736259344,21932100
1991-02-25,2.051332473754883,2.124593924332174,2.0199342472377033,2.0931963715417408,11940750
1991-02-26,2.0304017066955566,2.051333735840113,2.025168328859479,2.0408673844042546,5202900
1991-02-27,2.072265386581421,2.08273106305956,2.025168090739382,2.030401467960117,10214100
1991-02-28,2.040867567062378,2.0931978467254893,2.0356347277396885,2.0879643336755795,3858300
1991-03-01,2.0460991859436035,2.056565532073318,2.0199344659549108,2.0251673021563583,5152950
1991-03-04,2.0774986743927,2.103663544977227,2.046100425454932,2.046100425454932,7793550
1991-03-05,2.16645884513855,2.1716922222260293,2.072265333816212,2.1141292513715526,8492850
1991-03-06,2.1821582317352295,2.208323099987793,2.1769253928301504,2.192624583272555,7850250
1991-03-07,2.1781787872314453,2.1886504907979374,2.157234840806402,2.1781787872314453,3315600
1991-03-08,2.1310551166534424,2.1991230840296256,2.125818725064885,2.178179000728704,4887000
1991-03-11,2.1101105213165283,2.1572349422816446,2.1048746692869904,2.146762564107463,2528550
1991-03-12,2.062985897064209,2.1205820013564733,2.0577500469193346,2.0996380614850847,10604250
1991-03-13,2.1310551166534424,2.1310551166534424,2.062986744808175,2.062986744808175,5545800
1991-03-14,2.1101105213165283,2.1624707943111825,2.0839305870537332,2.151999090252107,5489100
1991-03-15,2.083930730819702,2.1310551550358325,2.0682226343553354,2.1310551550358325,7111800
1991-03-18,2.0891664028167725,2.104874632747808,2.0734588470008313,2.0839305508781254,4765500
1991-03-19,2.068220853805542,2.07869308886352,2.03680509239201,2.07869308886352,5813100
1991-03-20,2.042043685913086,2.0629877797207627,2.0210997269285054,2.0472795408361355,9826650
1991-03-21,2.073458433151245,2.094402510840618,2.0629861920720707,2.0682220429656737,4087800
1991-03-22,2.1362898349761963,2.167705606194061,2.083929587105958,2.0891654366231385,6053400
1991-03-25,2.183415174484253,2.1886510275515607,2.094403380348206,2.1572353698555227,7353450
1991-03-26,2.2514822483062744,2.2514822483062744,2.16770620603589,2.1834142982259586,6426000
1991-03-27,2.26719069480896,2.288134639992669,2.2462466148022435,2.272426950750901,5406750
1991-03-28,2.261955499649048,2.2828994521580626,2.241011547140033,2.2724277455496633,3680100
1991-04-01,2.2410106658935547,2.2724268519492035,2.2200665867974556,2.2619546101666526,3219750
1991-04-02,2.324786901473999,2.324786901473999,2.2253026188036875,2.261954793904861,4783050
1991-04-03,2.3509669303894043,2.4033273427709636,2.3457312127265277,2.38761911119807,8353800
1991-04-04,2.3509669303894043,2.3719111492712415,2.340495225417585,2.3719111492712415,4391550
1991-04-05,2.2828991413116455,2.3614394918183765,2.261955191654422,2.3614394918183765,6048000
1991-04-08,2.3143153190612793,2.3195510361824265,2.28289885916609,2.28289885916609,4909950
1991-04-09,2.288134813308716,2.3614391662962047,2.2828988266161856,2.32478698980246,7439850
1991-04-10,2.2986059188842773,2.3195498552903784,2.2933699347827523,2.2986059188842773,6129000
1991-04-11,2.3509669303894043,2.3666751619622985,2.3038430446089198,2.3038430446089198,7726050
1991-04-12,2.434741735458374,2.445213432684994,2.350965191540885,2.366673411495481,23106600
1991-04-15,2.4242703914642334,2.4452143329199694,2.361438567097027,2.4295063768281677,10257300
1991-04-16,2.434741735458374,2.434741735458374,2.4033255651950487,2.4295054823762645,7119900
1991-04-17,2.4661600589752197,2.4713957779094717,2.4295078692664043,2.434744127492919,7916400
1991-04-18,2.4242703914642334,2.4661585440216705,2.4190346757462655,2.4504503182839033,4482000
1991-04-19,2.3771467208862305,2.429506578880121,2.3614387634880636,2.429506578880121,4942350
1991-04-22,2.3980915546417236,2.4033275423855547,2.3352597017157484,2.3771476036663985,4922100
1991-04-23,2.434741735458374,2.439977718894617,2.408561548631292,2.4295054823762645,7406100
1991-04-24,2.492338180541992,2.502810690475009,2.445214312657091,2.4609225382646884,8144550
1991-04-25,2.450450897216797,2.4713948436206583,2.43474320705993,2.4661591266657226,6837750
1991-04-26,2.460923433303833,2.466159420528709,2.4295072403085163,2.4399794844043297,5292000
1991-04-29,2.4295079708099365,2.5237563084882986,2.4295079708099365,2.4661601620506644,7113150
1991-04-30,2.4085638523101807,2.4923396674177267,2.4085638523101807,2.4295078060870674,9328500
1991-05-01,2.481867551803589,2.4923392573228704,2.4085634559999747,2.4085634559999747,7326450
1991-05-02,2.497575283050537,2.5342269191289453,2.487103040340387,2.508046986468635,6022350
1991-05-03,2.4713938236236572,2.513281968789278,2.4661581088296125,2.4975742851153075,3470850
1991-05-06,2.476632595062256,2.492340023345831,2.455688638294388,2.471396066577963,3832650
1991-05-07,2.43997859954834,2.5028106931069116,2.4347426142222894,2.4871024674827957,3325050
1991-05-08,2.450450897216797,2.455687423109821,2.408563004409074,2.4295069508129354,5159700
1991-05-09,2.5132830142974854,2.5132830142974854,2.455687431144452,2.4609231481165184,4461750
1991-05-10,2.4556877613067627,2.5237555964936043,2.4504512346925647,2.513283352203408,5540400
1991-05-13,2.4452145099639893,2.4766309637142103,2.439978793866933,2.471394438679198,4410450
1991-05-14,2.4242703914642334,2.4452143329199694,2.4190346757462655,2.4452143329199694,5420250
1991-05-15,2.3666746616363525,2.4347430215547745,2.3143150692620504,2.4242707795047034,11021400
1991-05-16,2.4242703914642334,2.4295063768281677,2.3928542096346646,2.4085624353724318,5525550
1991-05-17,2.450450897216797,2.4609231400647573,2.408563004409074,2.419035247257034,5397300
1991-05-20,2.4661600589752197,2.4661600589752197,2.4399801160733023,2.4399801160733023,4617000
1991-05-21,2.54469895362854,2.5761151398964257,2.4818668507387733,2.4871028368424204,12417300
1991-05-22,2.623239040374756,2.633710743038021,2.5289907502992994,2.5289907502992994,12020400
1991-05-23,2.7122504711151123,2.7227227107400904,2.6180027413038296,2.6180027413038296,12973500
1991-05-24,2.7436673641204834,2.7960272276305185,2.7070151900174424,2.7070151900174424,2072250
1991-05-28,2.7122504711151123,2.7227227107400904,2.7017787707820276,2.7017787707820276,9051750
1991-05-29,2.6755988597869873,2.696543343367719,2.6651271572886257,2.691307087649535,9532350
1991-05-30,2.733196258544922,2.7803206945956624,2.6808363732577183,2.6860723617864384,9614700
1991-05-31,2.7593750953674316,2.7593750953674316,2.7122506874118177,2.733194629040119,7628850
1991-06-03,2.7646117210388184,2.806499887727945,2.7279595414800757,2.7489037596476673,6397650
1991-06-04,2.7489020824432373,2.754137796733066,2.70177822702175,2.7489020824432373,4961250
1991-06-05,2.775083541870117,2.7907917735651635,2.743667887418228,2.748903874767888,7863750
1991-06-06,2.754138469696045,2.822206816784435,2.7489027541268896,2.7750824105564984,7362900
1991-06-07,2.7384307384490967,2.754138152996317,2.712250276092118,2.722722514964095,5593050
1991-06-10,2.6965436935424805,2.7436675743116514,2.6860714503921828,2.733195331161354,6087150
1991-06-11,2.733196258544922,2.7384327863658995,2.696544608490008,2.701780597018728,4584600
1991-06-12,2.727959394454956,2.7331953813031427,2.7174876904046243,2.7279593944549556,6000750
1991-06-13,2.7646117210388184,2.769847708169202,2.7279595414800757,2.7279595414800757,6075000
1991-06-14,2.8588597774505615,2.869331481145053,2.7750831817882657,2.7750831817882657,8274150
1991-06-17,2.900747537612915,2.921691481385342,2.8379154366496397,2.848387138889857,8293050
1991-06-18,2.8379154205322266,2.9007475211386593,2.8274431790594927,2.895510995933301,8500950
1991-06-19,2.822206497192383,2.8274424818145634,2.780318620214939,2.816970242924275,6964650
1991-06-20,2.816972017288208,2.8326802506950326,2.785556359412851,2.816972017288208,5032800
1991-06-21,2.816972017288208,2.8379165082613724,2.8012643231735783,2.816972017288208,5142150
1991-06-24,2.727959394454956,2.806499736469843,2.7227236772528114,2.806499736469843,4410450
1991-06-25,2.754138469696045,2.7646107097722297,2.6913066471146845,2.7593749942030747,7470900
1991-06-26,2.75675892829895,2.7881751342653307,2.717489007898691,2.7410506904926737,7353900
1991-06-27,2.8667116165161133,2.8745655913946937,2.7803178928517296,2.7803178928517296,7899300
1991-06-28,2.835296869277954,2.890274985417203,2.7960267092796425,2.86671278155983,8001000
1991-07-01,2.9531054496765137,2.960959693775008,2.8588577562446957,2.8588577562446957,9216900
1991-07-02,2.9688167572021484,2.9845249920972927,2.945254539682494,2.9531085223070046,6951600
1991-07-03,2.9628422260284424,2.9707011939162475,2.923547386589414,2.9707011939162475,6000300
1991-07-05,2.954982280731201,2.954982280731201,2.9314056525306595,2.954982280731201,2309400
1991-07-08,2.97856068611145,3.0257145017386335,2.9314068704842673,2.939265569938138,6501600
1991-07-09,3.0021374225616455,3.041432263143037,2.9942784544453676,3.002137422561646,5680800
1991-07-10,3.017855405807495,3.080727427155649,3.017855405807495,3.02571437474885,6171300
1991-07-11,3.0099964141845703,3.0571507671120024,2.986419777355481,3.0257143519488388,7854300
1991-07-12,3.0414328575134277,3.0571510666349937,3.009996709087635,3.0257146483918613,5501700
1991-07-15,3.08858585357666,3.1043040585157304,3.0414320482112536,3.0414320482112536,6415200
1991-07-16,3.0335710048675537,3.1200198587003434,3.0335710048675537,3.096442702333522,7720200
1991-07-17,2.9942786693573,3.0492914501197457,2.9864197006769504,3.033573512759047,6232500
1991-07-18,3.0021374225616455,3.033573295026759,2.9707012802792456,2.978560248395524,7969500
1991-07-19,2.954982280731201,3.009995312589846,2.923546686524741,2.9864186843893044,7298100
1991-07-22,2.8999695777893066,2.9707005431012408,2.782084815480896,2.9707005431012408,10590300
1991-07-23,2.8292388916015625,2.899969863891602,2.7978027540186305,2.8842516601915125,9483300
1991-07-24,2.844957113265991,2.8528160802570373,2.7978027716852156,2.8292389094666497,6253200
1991-07-25,2.868533134460449,2.8842510651003006,2.8449565083178636,2.8449565083178636,5067900
1991-07-26,2.9471240043640137,2.9471240043640132,2.8685340560972525,2.876393023942201,4698000
1991-07-29,2.970702648162842,2.9942798331852654,2.9471254631404182,2.9549844348754224,4480200
1991-07-30,3.0414328575134277,3.0414328575134277,2.978560830479182,2.978560830479182,6053400
1991-07-31,3.0492920875549316,3.080727968847801,3.0178559364446995,3.041433117231714,6655500
1991-08-01,3.017855405807495,3.041432582448875,3.0021377377421006,3.041432582448875,3586500
1991-08-02,3.0257136821746826,3.049290853419339,2.9942780834220653,3.041431886276871,4517100
1991-08-05,3.017855405807495,3.041432582448875,2.9942787688007457,3.03357361350752,3028500
1991-08-06,3.1357421875,3.1357421874999996,3.017856789862899,3.017856789862899,6791400
1991-08-07,3.1043057441711426,3.1357419013020245,3.0885875306969943,3.1278829294736576,4823100
1991-08-08,3.1357421875,3.1514598627738653,3.0650111647716907,3.104306027499952,8573400
1991-08-09,3.1357421875,3.1671778078651696,3.112165000045604,3.1278832149543474,5987700
1991-08-12,3.198613166809082,3.2064721367236055,3.12002292802915,3.1357411376755455,4419000
1991-08-13,3.261486053466797,3.285063241177235,3.2221909204943615,3.2221909204943615,7578000
1991-08-14,3.324354887008667,3.347932051901033,3.2929187570912384,3.347932051901033,6197400
1991-08-15,3.2221906185150146,3.316498820883446,3.182895759042682,3.28506293330558,10560600
1991-08-16,3.1514577865600586,3.2457659346115553,3.1200219170877337,3.237906697426213,9806400
1991-08-19,3.0807268619537354,3.0964447969527726,2.8370980600168605,2.8449572973336448,1810800
1991-08-20,3.1200225353240967,3.1750355876188316,3.049291545178671,3.143599711917449,13201200
1991-08-21,3.285061836242676,3.340074890949472,3.190753665368932,3.1986129044561826,12038400
1991-08-22,3.3007824420928955,3.3243596406996394,3.2614875607776,3.2929234658298365,5765400
1991-08-23,3.27720308303833,3.3164979319786556,3.261484873644856,3.261484873644856,6757200
1991-08-26,3.237908363342285,3.277203760034844,3.198613776101927,3.277203760034844,5235300
1991-08-27,3.316498041152954,3.324357011199725,3.1986132206340363,3.222189860956996,4160700
1991-08-28,3.389155387878418,3.397018827389508,3.310520452825912,3.318384162307803,5679900
1991-08-29,3.365565061569214,3.4048825321585,3.3498384512926496,3.3970190920348076,4705200
1991-08-30,3.389155387878418,3.389155387878418,3.3498381903229655,3.3734282388854364,2340000
1991-09-03,3.373429298400879,3.428473932208349,3.365565856420065,3.381292740381693,3789000
1991-09-04,3.3341095447540283,3.389153866594813,3.2554749149689126,3.389153866594813,6710400
1991-09-05,3.279067277908325,3.3734285610530583,3.2712038376462638,3.334111359742753,4608900
1991-09-06,3.2554759979248047,3.3105200681056886,3.239748850759497,3.3026566295084194,3755700
1991-09-09,3.2869322299957275,3.286932229995728,3.231887582901847,3.2397510267807013,2514600
1991-09-10,3.200432300567627,3.310520453753748,3.192568591083532,3.310520453753748,4483800
1991-09-11,3.208296298980713,3.239749792542431,3.2004328580975714,3.224022910776148,5874300
1991-09-12,3.2633416652679443,3.2712053792066187,3.2240241754583874,3.231887619426108,6299100
1991-09-13,3.200432300567627,3.2869304051846653,3.1847051515702374,3.279066965671371,5477400
1991-09-16,3.200432300567627,3.200432300567627,3.1532511235462595,3.176841712056943,5254200
1991-09-17,3.1925671100616455,3.239747725254472,3.1768402383307035,3.1925671100616455,3099600
1991-09-18,3.279067277908325,3.286930718170386,3.184705454821939,3.192568895084,3879900
1991-09-19,3.279067277908325,3.3183844792186306,3.255476687151315,3.279067277908325,6286500
1991-09-20,3.341975688934326,3.349839130652755,3.286931326934448,3.310521382118858,12308400
1991-09-23,3.389155387878418,3.428472855404671,3.334111041329984,3.3498381903229655,6483600
1991-09-24,3.4363350868225098,3.4599256688863322,3.381290755301226,3.4048813373650484,4678200
1991-09-25,3.452064275741577,3.483518586226792,3.436337390469878,3.4520642757415776,6220800
1991-09-26,3.4048829078674316,3.436336671832943,3.365565432939692,3.436336671832943,3929400
1991-09-27,3.373429298400879,3.452063988179906,3.365565856420065,3.412747048246721,3611700
1991-09-30,3.428473711013794,3.4363368825164153,3.365565639284145,3.365565639284145,3267900
1991-10-01,3.4599287509918213,3.48351935407016,3.436338147913483,3.4599287509918217,5314500
1991-10-02,3.4835190773010254,3.5149725823075397,3.444201318637308,3.459928476096984,5281200
1991-10-03,3.452064275741577,3.5149720867992826,3.4284742178049363,3.483518586226792,2705400
1991-10-04,3.3498387336730957,3.46779061544227,3.31838470055603,3.4599271746557148,7721100
1991-10-07,3.2869322299957275,3.326249449389999,3.2790687861168735,3.3183860055111447,5893200
1991-10-08,3.412747621536255,3.412747621536255,3.286931988766351,3.286931988766351,5604300
1991-10-09,3.318385124206543,3.444200462824824,3.3105214124452016,3.4048832538725113,7386300
1991-10-10,3.3498387336730957,3.3498387336730957,3.239749752748788,3.31838470055603,7884900
1991-10-11,3.318385124206543,3.3577026031297352,3.2869313570446925,3.3577026031297352,3830400
1991-10-14,3.4048829078674316,3.4048829078674316,3.326248227982803,3.326248227982803,3983400
1991-10-15,3.3970203399658203,3.4599281540360307,3.389156896953409,3.412747495961564,4288500
1991-10-16,3.475653886795044,3.475653886795044,3.365565181208267,3.4048826531952106,7393500
1991-10-17,3.499241828918457,3.499241828918457,3.428470648895057,3.475651255596906,5354100
1991-10-18,3.5071070194244385,3.507107019424438,3.4756532634526347,3.4992438504022703,4729500
1991-10-21,3.499241828918457,3.5306955667196895,3.467787821146598,3.5071049933981384,4190400
1991-10-22,3.5464248657226562,3.570015455209092,3.4992442266914097,3.4992442266914097,5185800
1991-10-23,3.4677886962890625,3.6014676556212124,3.4441981170141154,3.5936039492157668,7056900
1991-10-24,3.4048829078674316,3.4756541467606827,3.3734288739310694,3.4756541467606827,6615900
1991-10-25,3.4363350868225098,3.4363350868225093,3.381290755301226,3.381290755301226,4290300
1991-10-28,3.4913814067840576,3.491381406784057,3.42847360693498,3.467790813108866,4428900
1991-10-29,3.4677886962890625,3.507105878462815,3.4441981170141154,3.507105878462815,4248000
1991-10-30,3.5464248657226562,3.5464248657226562,3.4363361680414566,3.483517347014327,6427800
1991-10-31,3.585742712020874,3.5857427120208736,3.5306986232174857,3.5385620644751126,3735000
1991-11-01,3.5542876720428467,3.6093317369205997,3.5149699429029644,3.601468299080921,6469200
1991-11-04,3.5700154304504395,3.5700154304504395,3.4913807626395608,3.514970812020771,2546100
1991-11-05,3.585742712020874,3.5936061532785004,3.554289216961227,3.5700160994764807,3187800
1991-11-06,3.6250598430633545,3.648649892862047,3.5621520537071865,3.5700154936303554,4785300
1991-11-07,3.758737564086914,3.7666012718309556,3.6171951442260233,3.648648895319225,6550200
1991-11-08,3.7351479530334473,3.8059191813852298,3.7115579035439348,3.7823291318957177,6082200
1991-11-11,3.7666006088256836,3.7666006088256836,3.743010029687506,3.7508734660766674,3293100
1991-11-12,3.853100538253784,3.8609637084663455,3.7901924768450597,3.8137830673660376,6858900
1991-11-13,3.8216476440429688,3.8295110865648083,3.7823304314337696,3.8137842015211287,6508800
1991-11-14,3.8216476440429688,3.8688282991740075,3.805920489028385,3.860964856652168,5778900
1991-11-15,3.6329221725463867,3.7901911929096865,3.5936044450067803,3.7823280253607905,8691300
1991-11-18,3.7744672298431396,3.77446722984314,3.4913822011034505,3.64865133154993,18329400
1991-11-19,3.6565134525299072,3.735148124307567,3.5306981396681447,3.735148124307567,19811700
1991-11-20,3.6879665851593018,3.7587377995226374,3.6879665851593018,3.7587377995226374,10075500
1991-11-21,3.7351479530334473,3.7508751026444744,3.6643767246816648,3.672240434472584,4886100
1991-11-22,3.7430105209350586,3.7587373957774384,3.67223931417362,3.7194199387007596,6138900
1991-11-25,3.6879665851593018,3.7272837764885116,3.6722397086276177,3.7272837764885116,5708700
1991-11-26,3.7449283599853516,3.760663292944198,3.62691609268495,3.7291931569174497,7802100
1991-11-27,3.7527952194213867,3.7763978851508,3.7291925536919734,3.7449277542145865,4027500
1991-11-29,3.792132616043091,3.8078675467495855,3.7449278239236077,3.752795289276855,2694600
1991-12-02,3.8786752223968506,3.9022778898882913,3.744928033787504,3.760662965375776,8469000
1991-12-03,3.9022791385650635,3.933749011811543,3.862941526897844,3.886544201941823,7300800
1991-12-04,3.910146951675415,3.933749086951992,3.8708090691476653,3.9022792131043906,5589000
1991-12-05,3.9022791385650635,3.933749011811543,3.878676463521084,3.902279138565063,4914900
1991-12-06,4.020289421081543,4.020289421081543,3.8708070577626157,3.886542256619069,7112700
1991-12-09,4.004555702209473,4.043893306071994,3.965218368456017,4.020290635710856,5810400
1991-12-10,4.083228588104248,4.083228588104248,3.9966864973319014,4.004553690020458,6518700
1991-12-11,4.059627532958984,4.091097122281278,3.9730848793049245,4.075362192565631,8126100
1991-12-12,4.059627532958984,4.091097122281278,4.012422203594042,4.012422203594042,6964200
1991-12-13,4.1068339347839355,4.130436608734742,4.043893921096963,4.075363792885896,6131700
1991-12-16,4.083228588104248,4.130433905107024,4.083228588104248,4.106831246605636,3796200
1991-12-17,4.028158664703369,4.091098403273455,4.028158664703369,4.091098403273455,4986000
1991-12-18,4.043891429901123,4.0517591631106304,3.980951725096585,4.036023966800555,6739200
1991-12-19,3.973085403442383,4.020290198816676,3.9652179375466674,4.020290198816676,5907600
1991-12-20,4.012421131134033,4.059626447881702,3.996686475733024,4.028156326752899,10521900
1991-12-23,4.067495346069336,4.114700139257876,4.0045550815999,4.020290012662747,9421200
1991-12-24,4.091097831726074,4.154037831612205,4.083230365503939,4.114700500501527,4384800
1991-12-26,4.1225690841674805,4.13830401984584,4.091098672592554,4.098966410540837,4253400
1991-12-27,4.216977119445801,4.216977119445801,4.146169665293642,4.154037130187326,6269400
1991-12-30,4.358593940734863,4.413666759380089,4.232713906969228,4.240581645425061,7642800
1991-12-31,4.2405805587768555,4.37432775650738,4.224845356006455,4.35859282384603,10236600
1992-01-02,4.311387062072754,4.311387062072754,4.177639624131755,4.201242287956572,9550800
1992-01-03,4.382193565368652,4.390061028238697,4.287783470710252,4.303518396450341,8127000
1992-01-06,4.374327659606934,4.421532996763389,4.3507255312467965,4.3821953958723725,6591600
1992-01-07,4.350724220275879,4.3585914139526665,4.295651433557697,4.319254095023913,6937200
1992-01-08,4.311387062072754,4.3900619779011665,4.295651862819878,4.311387062072754,8415000
1992-01-09,4.248448371887207,4.342858515779638,4.216978233886706,4.33499104880678,10076400
1992-01-10,4.272049903869629,4.279917368744805,4.216977109525395,4.2327120392757465,4053600
1992-01-13,4.366462707519531,4.374330178205763,4.248450377116863,4.272053059284757,6910200
1992-01-14,4.460867881774902,4.492337999255329,4.397927916922945,4.397927916922945,8402400
1992-01-15,4.44513463973999,4.5238098329311365,4.405797583362448,4.46873730574094,5385600
1992-01-16,4.303520202636719,4.413665539372111,4.264183141885673,4.405798073200093,7876800
1992-01-17,4.193375587463379,4.334990515780104,4.185507851348859,4.303520111540103,11273400
1992-01-20,4.083228588104248,4.130433905107024,3.9652163760330277,4.075361125306762,14421600
1992-01-21,3.8865435123443604,4.043893390876083,3.8236035069098566,4.036025923960405,17853300
1992-01-22,4.130434036254883,4.130434036254883,3.918011723651224,3.918011723651224,14863500
1992-01-23,4.051761150360107,4.201243562804747,4.043893413291746,4.138303557021361,13458600
1992-01-24,4.051761150360107,4.067496084278686,3.933748335643553,4.028158479373168,22157100
1992-01-27,4.004555702209473,4.091098106576141,3.9966885055678474,4.059628509682442,8601300
1992-01-28,3.973085403442383,4.051760602617611,3.973085403442383,4.020290198816676,6833700
1992-01-29,3.9258792400360107,4.0360239943034575,3.8944091173103534,3.9652165558069052,16382700
1992-01-30,3.9022791385650635,3.9416164801231632,3.870808995209464,3.9258818136090423,9702900
1992-01-31,3.8786752223968506,3.9494826846531077,3.862940290808578,3.9337477530648353,9171900
1992-02-03,4.004555702209473,4.028158372570612,3.839338630335893,3.88654343084004,7870500
1992-02-04,4.043891429901123,4.043891429901123,3.965216528786511,3.9888191881971524,7083000
1992-02-05,4.083228588104248,4.098963783808149,4.043891274116818,4.051759007023233,4734000
1992-02-06,4.1068339347839355,4.1461712745201025,4.0596291271005365,4.091098728780363,5913900
1992-02-07,4.051761150360107,4.122568623102782,4.012423275345517,4.122568623102782,4483800
1992-02-10,4.075361251831055,4.272048908310319,4.051759132814771,4.051759132814771,4437900
1992-02-11,4.067495346069336,4.09896520819503,4.0517604150064885,4.091097472554583,4542300
1992-02-12,4.083228588104248,4.091096050901734,4.036023811319332,4.036023811319332,4869900
1992-02-13,4.012421131134033,4.098963761656545,3.996686475733024,4.08322856603768,4257900
1992-02-14,3.9337456226348877,3.980950932052414,3.9258784312104815,3.980950932052414,6981300
1992-02-18,3.81573486328125,3.925879906351891,3.752794877256453,3.9101449773729384,13610700
1992-02-19,3.8472061157226562,3.8472061157226562,3.7449285072501017,3.7842661113031766,14596200
1992-02-20,3.941614866256714,3.965217531636748,3.8550727502629543,3.8550727502629543,7279200
1992-02-21,3.8786752223968506,3.9573504205562764,3.87867522239685,3.9416152188589715,8219700
1992-02-24,3.8865435123443604,4.012423253104296,3.87867577531961,3.9337483138384344,8424000
1992-02-25,3.9180119037628174,3.9258793671717767,3.839336999564277,3.902276706835949,8447400
1992-02-26,4.051761150360107,4.075363281128903,3.941615802602842,3.941615802602842,11043900
1992-02-27,4.083228588104248,4.098963783808149,4.043891274116818,4.091096050901734,6651900
1992-02-28,4.028158664703369,4.122568812776668,4.012423459951763,4.083230935952195,7128000
1992-03-02,4.028158664703369,4.059628804097498,4.012423459951763,4.03602613202463,5113800
1992-03-03,4.0143046379089355,4.07727415527734,4.0143046379089355,4.037918375819414,6340500
1992-03-04,3.967078447341919,4.0221765489271775,3.9513358623675003,4.006434234188532,4108500
1992-03-05,3.935591459274292,3.9828189189013274,3.9041068465037747,3.935591459274292,5481900
1992-03-06,3.864750623703003,3.943462422064479,3.8096522837792848,3.927720386674924,6235200
1992-03-09,3.849008083343506,3.8647501166677873,3.8332655095480614,3.8647501166677873,4880700
1992-03-10,3.8804948329925537,3.9355931999460205,3.8647525196446346,3.8647525196446346,5446800
1992-03-11,3.8568811416625977,3.888365764345849,3.825396248743632,3.8804943384393216,5152500
1992-03-12,3.9041059017181396,3.9119773232415307,3.849007842703352,3.849007842703352,5964300
1992-03-13,3.943464517593384,3.9592071018196693,3.9041087326170705,3.935593360598121,5128200
1992-03-16,4.08514404296875,4.093015196416799,3.9670764710123785,3.9670764710123785,8881200
1992-03-17,4.1559834480285645,4.171726020439752,4.061529634974787,4.11662769258949,8496900
1992-03-18,4.1166300773620605,4.187470748426103,4.1166300773620605,4.171728437130919,6933600
1992-03-19,4.124502182006836,4.13237333894977,4.108759597885211,4.13237333894977,4148100
1992-03-20,4.132370948791504,4.140242101181772,4.116628373775364,4.124499796401235,5816700
1992-03-23,4.148114204406738,4.1638565138213,4.124501010520576,4.124501010520576,4013100
1992-03-24,4.148114204406738,4.1953416731217885,4.132372165227857,4.155985359114019,3731400
1992-03-25,4.132370948791504,4.211082742929791,4.132370948791504,4.140242101181772,4390200
1992-03-26,4.203213691711426,4.2110848480364576,4.16385736961479,4.171728796175559,4294800
1992-03-27,4.148114204406738,4.20321282782907,4.140243319935139,4.20321282782907,4986000
1992-03-30,4.030045509338379,4.140242185518036,4.030045509338379,4.132371032967433,6590700
1992-03-31,4.077274322509766,4.108759217603206,4.037918541437633,4.04578969765206,8012700
1992-04-01,4.053661823272705,4.100888768704908,4.022176652513009,4.0615329808447385,13019400
1992-04-02,3.935591459274292,4.06153072106325,3.9277205763172924,4.053659567870621,8765100
1992-04-03,3.9513344764709473,3.974948210532375,3.87262266014944,3.9513344764709477,8042400
1992-04-06,4.077274322509766,4.085145478724192,3.9355929701786203,3.9513352826074737,5805000
1992-04-07,3.974947929382324,4.093015510395768,3.9670767753304723,4.061531164424019,7637400
1992-04-08,3.9592041969299316,3.9749464993702435,3.8568789608323417,3.9434616242540574,12515400
1992-04-09,4.069402694702148,4.085144734025584,3.9592059873169414,4.014304070773861,10405800
1992-04-10,4.053661823272705,4.148115714137111,4.053661823272705,4.140244826800858,7425000
1992-04-13,4.124502182006836,4.13237333894977,4.053661499284678,4.0772746998777185,3995100
1992-04-14,4.226828098297119,4.250441844255749,4.148116242318585,4.155987400892856,8483400
1992-04-15,4.305537700653076,4.321280279797389,4.250439619472841,4.25831077392716,7620300
1992-04-16,4.179598331451416,4.274052711189327,4.163855754671342,4.266181557917107,7552800
1992-04-20,4.053661823272705,4.140244826800858,3.9906922924606536,4.108759926276942,7459200
1992-04-21,3.9985625743865967,4.077274132869874,3.9670776807575643,4.045789509476563,5677200
1992-04-22,3.974947929382324,4.0457885860846545,3.9749479293823247,4.022174853693438,7230600
1992-04-23,3.982818603515625,3.998560908654305,3.9119779601559586,3.9828186035156254,9227700
1992-04-24,3.8804948329925537,3.9906918371352367,3.8726236763185944,3.974949253551568,9281700
1992-04-27,3.888366937637329,3.9513362020044305,3.872624351309757,3.888366937637329,5740200
1992-04-28,3.8411381244659424,3.9198499369455493,3.801781812872641,3.8962362040367013,12271500
1992-04-29,3.8962392807006836,3.911981871816269,3.8568834785014174,3.872625529145245,6214500
1992-04-30,3.9277217388153076,3.9670775164266856,3.9041080020127703,3.9041080020127703,8083800
1992-05-01,3.8804948329925537,3.9355931999460205,3.817525579600877,3.9277223135078105,7099200
1992-05-04,3.9513344764709473,3.967077055923792,3.888365239602284,3.888365239602284,5465700
1992-05-05,4.030045509338379,4.053659237225795,3.927720255944932,3.94346229081053,7493400
1992-05-06,4.006433010101318,4.077273675017016,3.9985621253725636,4.053660480359372,8713800
1992-05-07,4.0143046379089355,4.045789531710999,4.00643348201735,4.0143046379089355,4921200
1992-05-08,4.045787811279297,4.053659234059359,3.9670760155991434,4.030045506190388,5054400
1992-05-11,4.14024543762207,4.14024543762207,4.085146786017425,4.100889373719818,8014500
1992-05-12,4.179598331451416,4.19534090823149,4.108757681765799,4.171727178179196,9993600
1992-05-13,4.148114204406738,4.211083982536351,4.140243319935139,4.20321282782907,5855400
1992-05-14,4.053661823272705,4.148115714137111,4.04579039546489,4.148115714137111,7653600
1992-05-15,4.0143046379089355,4.045789531710999,4.00643348201735,4.037918375819414,5526000
1992-05-18,4.093015670776367,4.093015670776367,4.030046435894164,4.05366016921066,5376600
1992-05-19,4.148114204406738,4.1638565138213,4.053660347919363,4.132372165227857,8364600
1992-05-20,4.18747091293335,4.2032134950827045,4.16385717482718,4.179599756976535,6664500
1992-05-21,4.171728610992432,4.187470922943695,4.093016510764667,4.171728610992432,6692400
1992-05-22,4.221822738647461,4.237575749035163,4.1666869318711255,4.1666869318711255,6425100
1992-05-26,4.182438850402832,4.1903153530312025,4.1509325694700605,4.174562347774462,5732100
1992-05-27,4.261205673217773,4.276958954535698,4.182440348305696,4.1903168537549655,6843600
1992-05-28,4.3557233810424805,4.363599614447823,4.253328290483076,4.2690815685517505,10258200
1992-05-29,4.450242519378662,4.473872307072622,4.3636006856192004,4.3636006856192004,12420900
1992-06-01,4.4581193923950195,4.4659958983243,4.379353792263411,4.450242616046337,8188200
1992-06-02,4.379352569580078,4.497500936791326,4.363599562119642,4.465994651451128,7773300
1992-06-03,4.434487342834473,4.473870122817147,4.379351559026432,4.379351559026432,6678000
1992-06-04,4.410860538482666,4.458119576004734,4.402983761809574,4.450242799331642,6048000
1992-06-05,4.3636016845703125,4.418737778338622,4.30058935366012,4.40298449279648,8487000
1992-06-08,4.3557233810424805,4.395105900165844,4.347846877217808,4.363599614447823,3530700
1992-06-09,4.308464527130127,4.371476838528919,4.276958777059793,4.371476838528919,5948100
1992-06-10,4.2769598960876465,4.32421893918711,4.269083388904403,4.316342432003867,6478200
1992-06-11,4.339970588684082,4.3557235971148796,4.245451997260608,4.284834788756947,5549400
1992-06-12,4.308464527130127,4.402983129438002,4.3005880220077,4.402983129438002,4243500
1992-06-15,4.3636016845703125,4.371478192131654,4.284836608956895,4.30058935366012,4122000
1992-06-16,4.371480464935303,4.426616587369777,4.371480464935303,4.395110270324306,5778900
1992-06-17,4.229699611663818,4.379353764199946,4.2218231057850115,4.371477258321139,7805700
1992-06-18,4.174563884735107,4.229699423433105,4.1430578626219665,4.213946682795923,13306500
1992-06-19,4.111550807952881,4.213945901678926,4.103674303884621,4.19031611905481,10962900
1992-06-22,4.182438850402832,4.182438850402832,4.064291040557984,4.095796780652178,6508800
1992-06-23,4.269081115722656,4.284834121701052,4.182439042002876,4.182439042002876,7353900
1992-06-24,4.10367488861084,4.26908230887094,4.0957981130008925,4.253329028070424,6005700
1992-06-25,4.017033100128174,4.14305800414376,4.009156594330837,4.127304992549086,12845700
1992-06-26,4.0406622886657715,4.072168577601795,4.001279765519939,4.032785784036605,6640200
1992-06-29,4.2139482498168945,4.229700996311976,3.9855286932971583,4.032787744040869,8711100
1992-06-30,4.237576484680176,4.245453261660815,4.158811148648592,4.206070728854736,4732200
1992-07-01,4.332092761993408,4.339969534715263,4.221821188918772,4.229697691221349,6054300
1992-07-02,4.3596625328063965,4.4305513544780455,4.265143923631269,4.347847909474051,8190000
1992-07-06,4.371480464935303,4.406924902599208,4.288776957332589,4.371480464935303,5345400
1992-07-07,4.253328800201416,4.430550833543141,4.2415141782582095,4.395106426874797,5183400
1992-07-08,4.336030960083008,4.347846119389633,4.265142167597516,4.265142167597516,4299600
1992-07-09,4.430553436279297,4.4541832348858,4.359664581298828,4.383294379905331,5394000
1992-07-10,4.45418119430542,4.489625605557614,4.418736783053225,4.477810441247686,4190400
1992-07-13,4.430553436279297,4.4896276623760345,4.406923637672793,4.4541832348858,4105200
1992-07-14,4.465994834899902,4.477809455770872,4.4069206488676995,4.4305504314483155,3061800
1992-07-15,4.477809429168701,4.501439211608936,4.46599480836792,4.4896245908081545,4851600
1992-07-16,4.465994834899902,4.477809455770872,4.4423650523192855,4.465994834899902,3843600
1992-07-17,4.477809429168701,4.477809429168701,4.406920622686671,4.45418018756714,3177600
1992-07-20,4.44236421585083,4.44236421585083,4.383290581780486,4.430549597204476,4492800
1992-07-21,4.489624500274658,4.501439120837197,4.418735695222104,4.442364936347181,3312000
1992-07-22,4.430553436279297,4.465997863769531,4.406923637672793,4.442368065163027,3749400
1992-07-23,4.489624500274658,4.501439120837197,4.454180097748381,4.454180097748381,3287400
1992-07-24,4.513251781463623,4.548696168597732,4.442363007195407,4.454178163465728,5288400
1992-07-27,4.619586944580078,4.619586944580078,4.53688351904373,4.53688351904373,3319200
1992-07-28,4.714106559753418,4.714106559753418,4.631403116177688,4.643217739305998,6816600
1992-07-29,4.6668477058410645,4.784995564183274,4.6668477058410645,4.725921364592769,9356400
1992-07-30,4.725921630859375,4.7613660444429176,4.643218179444053,4.678662593027595,5020800
1992-07-31,4.749549865722656,4.761364486104108,4.702290843358202,4.749549865722656,3605400
1992-08-03,4.879515647888184,4.891330275036153,4.737737958756701,4.74955258590467,5890200
1992-08-04,4.832256317138672,4.903145165511558,4.808627061573706,4.903145165511558,5136000
1992-08-05,4.808622360229492,4.855881365993739,4.796807203159584,4.844066749762294,3817800
1992-08-06,4.820439338684082,4.89132815248826,4.796809553803113,4.808624716662962,4131600
1992-08-07,4.820439338684082,4.914957937369229,4.808624716662962,4.844069123565051,5595000
1992-08-10,4.926774501800537,4.926774501800537,4.796811444974593,4.796811444974593,5152200
1992-08-11,4.914957523345947,4.938586765397721,4.855883336539146,4.914957523345947,5692800
1992-08-12,4.867698669433594,4.9385874876333,4.820439637580043,4.914958242125906,3776400
1992-08-13,4.903144359588623,4.938588777949116,4.867699941228129,4.891329733748092,4588200
1992-08-14,4.844069004058838,4.92677243784379,4.820439219760831,4.9149578161141445,7373400
1992-08-17,4.903144359588623,4.914959526268056,4.8440706895470695,4.855885315387599,6649200
1992-08-18,4.9385857582092285,4.962215536280565,4.891326742905129,4.90314136152151,7531800
1992-08-19,4.9385857582092285,4.985845314351901,4.9385857582092285,4.974030154896947,5320200
1992-08-20,4.926774501800537,4.950404295997693,4.855885660048012,4.938589128479644,4793400
1992-08-21,4.914957523345947,4.974031169314066,4.820438932622802,4.962216548288178,7365000
1992-08-24,4.867698669433594,4.914958242125906,4.844069423926199,4.89132845577975,5045400
1992-08-25,4.7613654136657715,4.891328426534438,4.7613654136657715,4.87951380385138,8989800
1992-08-26,4.808622360229492,4.844066749762294,4.714103807862536,4.7731779706966915,9102000
1992-08-27,4.941502571105957,4.965146305326847,4.882394047290733,4.917859378043068,8448600
1992-08-28,5.000611782073975,5.012433378950556,4.929681118498458,4.953324853409636,6964200
1992-08-31,5.047898292541504,5.0597204295966876,5.012432963691896,5.047898292541504,5808000
1992-09-01,5.1424713134765625,5.154292906225049,5.036075355266703,5.047896948015189,6791400
1992-09-02,5.1070075035095215,5.154294429637503,5.083363769866537,5.142472833395004,5952600
1992-09-03,5.036074638366699,5.130648990365136,5.036074638366699,5.130648990365136,5233800
1992-09-04,5.000611782073975,5.012433378950556,4.976968047162797,5.012433378950556,4777200
1992-09-08,5.000611782073975,5.024255516985153,4.965146450286216,5.012433378950556,2265600
1992-09-09,5.047898292541504,5.0597204295966876,4.976967634842288,5.000611367794684,3635400
1992-09-10,5.1188273429870605,5.1306494763302295,5.071540433087794,5.095184158616329,5292000
1992-09-11,5.1188273429870605,5.1306494763302295,5.095184158616329,5.1306494763302295,2922600
1992-09-14,5.154293060302734,5.1779367876643185,5.09518455363554,5.154293060302734,7068000
1992-09-15,5.1424713134765625,5.189758225628335,5.118827586821761,5.1424713134765625,4235400
1992-09-16,5.1424713134765625,5.166115040131363,5.071540674669989,5.118827586821761,4622400
1992-09-17,5.130650520324707,5.16611584525516,5.130650520324707,5.16611584525516,3721800
1992-09-18,5.225223541259766,5.237045675157546,5.107005990386756,5.142471309764441,8435400
1992-09-21,5.319798469543457,5.343442198682945,5.201580906161786,5.22522409414339,6697800
1992-09-22,5.272513389587402,5.343444060563205,5.248869652209443,5.296156585807288,5327400
1992-09-23,5.367084980010986,5.378907114263932,5.272511152934477,5.307976473377629,5425800
1992-09-24,5.367084980010986,5.390728707359035,5.331619659567834,5.355263386915883,6068400
1992-09-25,5.272513389587402,5.3670872567830905,5.201582718611599,5.3670872567830905,7438800
1992-09-28,5.28433084487915,5.307974563720869,5.237043948353363,5.237043948353363,4031400
1992-09-29,5.213400840759277,5.2725098742150145,5.213400840759277,5.2725098742150145,3743400
1992-09-30,5.237046241760254,5.272511564974978,5.225224106583421,5.225224106583421,3646800
1992-10-01,5.237046241760254,5.272511564974978,5.213402512564476,5.237046241760254,4474200
1992-10-02,5.071540832519531,5.237045841938751,5.059719239403103,5.237045841938751,9640200
1992-10-05,5.059718132019043,5.059718132019043,4.634134379077938,4.965143784312889,23425200
1992-10-06,5.059718132019043,5.107005035293257,5.000609097057981,5.047896000332195,7858200
1992-10-07,4.929680347442627,5.107006978645599,4.894215021202032,5.0715416524050045,4935000
1992-10-08,5.024254322052002,5.047897510182034,4.9533236753461285,4.965145269411145,6460200
1992-10-09,4.906036853790283,5.0242549744219245,4.882393662590322,5.012432837663986,6544200
1992-10-12,5.024254322052002,5.024254322052002,4.882393028640255,4.9533236753461285,3353400
1992-10-13,5.083363056182861,5.1070067865063615,5.012432406370273,5.047897731276567,5165400
1992-10-14,5.130650520324707,5.16611584525516,5.059719870463804,5.083363059645497,4000800
1992-10-15,5.1424713134765625,5.166115040131363,5.095184401324789,5.107005994073275,4312800
1992-10-16,5.237046241760254,5.248867835779199,5.118828136939248,5.166115595330805,4607400
1992-10-19,5.3316192626953125,5.331619262695312,5.177936399267375,5.177936399267375,7886400
1992-10-20,5.367084980010986,5.390728707359035,5.307976473377629,5.378907114263932,8771400
1992-10-21,5.449836254119873,5.473479433798116,5.390727222608877,5.402548812447999,7159200
1992-10-22,5.343441963195801,5.414372606330445,5.307976641628479,5.402550471702764,9031800
1992-10-23,5.355264186859131,5.414373243479753,5.343442591998175,5.367085781720085,5062800
1992-10-26,5.402551651000977,5.414373788209258,5.343443129591487,5.343443129591487,3460800
1992-10-27,5.390727519989014,5.461658145252027,5.355262207357508,5.461658145252027,4977000
1992-10-28,5.426193714141846,5.426193714141846,5.331619351374351,5.390728395748761,3813600
1992-10-29,5.449836254119873,5.461657843958994,5.402548812447999,5.426192533283936,2883600
1992-10-30,5.473480701446533,5.508946020335296,5.4380153825577695,5.449837516292571,6140400
1992-11-02,5.508946418762207,5.532590146783989,5.461659503876502,5.473481097308464,5001000
1992-11-03,5.449836254119873,5.497123154634052,5.390727222608877,5.4853015647949315,10274400
1992-11-04,5.473480701446533,5.497124427758315,5.378906878515044,5.4380153825577695,4516800
1992-11-05,5.579879283905029,5.579879283905029,5.461661679030651,5.485305416468756,5104200
1992-11-06,5.556234359741211,5.615342873217734,5.485303710643059,5.568055954204934,5365800
1992-11-09,5.6271653175354,5.638986912647634,5.556234664546121,5.568056259658356,6343200
1992-11-10,5.674450397491455,5.6862719887669755,5.615341358798332,5.6389850825071335,5687400
1992-11-11,5.709918975830078,5.709918975830079,5.638988305322872,5.674453640576475,4281600
1992-11-12,5.674450397491455,5.721737303751297,5.6389850825071335,5.709915712475777,7932600
1992-11-13,5.698095798492432,5.709917393247758,5.662630473068532,5.686273662579185,3396000
1992-11-16,5.6271653175354,5.686273834254508,5.57987785477059,5.686273834254508,8034600
1992-11-17,5.532588481903076,5.627162824372788,5.485301581247068,5.627162824372788,7641600
1992-11-18,5.6271653175354,5.6271653175354,5.520769338051482,5.556234664546121,6555600
1992-11-19,5.662631511688232,5.662631511688232,5.603522444754186,5.6389877766830105,4170000
1992-11-20,5.662631511688232,5.709918440540658,5.6389877766830105,5.674453108611834,7348800
1992-11-23,5.638984680175781,5.674449992629716,5.63898468017578,5.63898468017578,3642000
1992-11-24,5.721737861633301,5.745381587647418,5.627164039892462,5.638985632320614,6210600
1992-11-25,5.721737861633301,5.745381587647418,5.698094676776998,5.721737861633301,3237000
1992-11-27,5.709918975830078,5.757205909115526,5.709918975830079,5.721740573861923,1721400
1992-11-30,5.771889686584473,5.771889686584472,5.7364067592928185,5.748234221247869,3958200
1992-12-01,5.807377338409424,5.819204809986594,5.736411426092514,5.771894382250969,4389600
1992-12-02,5.795551776885986,5.81920727147339,5.748241329138349,5.81920727147339,4114800
1992-12-03,5.961134433746338,5.961134433746338,5.795547185666692,5.819202661514282,5470200
1992-12-04,6.032101154327393,6.043928623173997,5.925652310427497,5.961135258394129,8226000
1992-12-07,6.150382041931152,6.1503820419311515,5.9966226668467195,6.055761137922526,9489600
1992-12-08,6.138551235198975,6.197689674202546,6.091240808852275,6.150378706428918,7555200
1992-12-09,6.12672233581543,6.17403275113396,6.079411379070099,6.138549804288362,4594800
1992-12-10,6.138551235198975,6.138551235198975,6.091240808852275,6.126723763969031,4420800
1992-12-11,6.114894390106201,6.126722400130098,6.091239452912022,6.126722400130098,3005400
1992-12-14,6.138551235198975,6.150378706428918,6.103068280082217,6.114895751312161,4327200
1992-12-15,6.12672233581543,6.138549804288362,6.079411379070099,6.12672233581543,4454400
1992-12-16,6.162208080291748,6.185863027976914,6.1148971020673235,6.126725117336954,4339200
1992-12-17,6.363272666931152,6.375100672580006,6.150375062371078,6.162203068019931,7180800
1992-12-18,6.339615821838379,6.434236589862983,6.339615821838379,6.386926205850681,11696400
1992-12-21,6.375102519989014,6.457895876390223,6.351447043262912,6.363274510912581,7253400
1992-12-22,6.363272666931152,6.4105836066733515,6.292306798744461,6.386928136802252,5349000
1992-12-23,6.410586357116699,6.481552255751103,6.3632753970758715,6.3632753970758715,5672400
1992-12-24,6.44606876373291,6.4578962320339315,6.422413285704075,6.422413285704075,1814400
1992-12-28,6.375102519989014,6.446068408740555,6.363274510912581,6.434240399664122,4394400
1992-12-29,6.422416687011719,6.469727126698174,6.386933721890107,6.386933721890107,5596200
1992-12-30,6.44606876373291,6.446068763732911,6.363274861345382,6.422413285704075,4318200
1992-12-31,6.386932849884033,6.493381730715434,6.375105376933991,6.446071297488258,4113000
1993-01-04,6.209517955780029,6.422415714263916,6.185862468806154,6.410588241490477,8298600
1993-01-05,6.268655300140381,6.304138253647917,6.197689393125309,6.209516863818853,6638400
1993-01-06,6.0084428787231445,6.256823398886869,5.9966154153813465,6.256823398886869,16993200
1993-01-07,6.020276069641113,6.114896940739509,5.9847931076224565,6.05575903165977,11016600
1993-01-08,5.984794616699219,6.032105064177832,5.913828674767715,6.020277587664971,9026400
1993-01-11,6.032101154327393,6.067584102294024,6.008445675207365,6.032101154327393,7389000
1993-01-12,6.0439276695251465,6.126721562668092,6.032100202544754,6.055755677932272,6477600
1993-01-13,6.174034595489502,6.174034595489502,6.067585723153476,6.079413195159603,4328400
1993-01-14,6.256826877593994,6.268654888938565,6.1740335053163315,6.197688986578607,4504200
1993-01-15,6.233173847198486,6.315967244838672,6.197690885148831,6.280484282789017,6340200
1993-01-18,6.256826877593994,6.280482358856268,6.197688986578607,6.221343926414015,2533800
1993-01-19,6.221344947814941,6.280483389966359,6.174034518949981,6.2568279048204,4646400
1993-01-20,6.12672233581543,6.197688229506625,6.079411379070099,6.185860219606892,3961800
1993-01-21,6.114894390106201,6.2213432317604305,6.114894390106201,6.126722400130098,5358600
1993-01-22,6.174034595489502,6.2213450249409705,6.150379110050286,6.197690080928718,3009600
1993-01-25,6.256826877593994,6.268654888938565,6.103067602956374,6.150378024054057,4284600
1993-01-26,6.209517955780029,6.351449794769287,6.209517955780029,6.280483875274658,4777200
1993-01-27,6.091238498687744,6.221342257154721,6.032100082113023,6.1858593154952315,7687800
1993-01-28,6.05575704574585,6.150377885814461,6.0557570457458505,6.103067465780155,5388600
1993-01-29,6.162208080291748,6.209518517089126,6.067586665269946,6.0794141391125285,3706200
1993-02-01,6.304134368896484,6.304134368896484,6.209513037375244,6.244995969017388,4020600
1993-02-02,6.280482769012451,6.315965722509697,6.256827286205319,6.304138251819582,4375800
1993-02-03,6.304134368896484,6.339617300538629,6.256823432422579,6.304134368896484,5572200
1993-02-04,6.315964698791504,6.375103125510475,6.2804817510454845,6.363275115310592,4836600
1993-02-05,6.233173847198486,6.315967244838672,6.12672496104952,6.315967244838672,5061000
1993-02-08,6.0675859451293945,6.209517780103181,6.055758472690573,6.209517780103181,5786400
1993-02-09,6.032101154327393,6.067584102294024,5.984790737514156,5.984790737514156,6340800
1993-02-10,6.0675859451293945,6.114896376311663,6.0202755139471265,6.0202755139471265,5548800
1993-02-11,6.103067398071289,6.138550348060076,6.067584448082503,6.067584448082503,3415200
1993-02-12,6.0439276695251465,6.138549029648485,6.020272735564362,6.114893554260967,3009600
1993-02-16,5.724581241607666,5.949306906318291,5.48802865123307,5.949306906318291,23230200
1993-02-17,5.76006555557251,5.878342420344045,5.748238085666103,5.8665144090107715,12391200
1993-02-18,5.878342628479004,5.925653051206622,5.70092786646683,5.866514616726935,11342400
1993-02-19,5.807377338409424,5.93748115003913,5.79554932540531,5.890170722303504,6539400
1993-02-22,5.653617858886719,6.008447442947119,5.618134900480679,5.8073777062642105,14991600
1993-02-23,5.629961013793945,5.7245818433186875,5.251476071414593,5.712754374984794,28774800
1993-02-24,5.984794616699219,5.98479461669922,5.6299649070417,5.64179238355456,16937400
1993-02-25,6.0439276695251465,6.079410611893056,5.901995900053505,5.996617260176843,10759800
1993-02-26,6.020276069641113,6.103069467208968,5.972965092664882,6.067586505190311,5814000
1993-03-01,5.937482833862305,6.055759748884181,5.901999867641162,6.043931732525735,7136400
1993-03-02,6.05575704574585,6.067584515397713,5.925652713867942,5.949308194598522,8129400
1993-03-03,6.079412460327148,6.150378366640021,6.043929507170712,6.079412460327148,6965400
1993-03-04,6.023087501525879,6.0704200307574006,5.999420966070179,6.0704200307574006,4686000
1993-03-05,5.987588882446289,6.058587957962727,5.975755342073577,6.023088420204508,6538200
1993-03-08,6.117751598358154,6.117751598358154,6.011253018067511,6.011253018067511,6666600
1993-03-09,6.129586219787598,6.153252214031487,6.058587153696158,6.117752680985768,6555600
1993-03-10,6.094087600708008,6.117753598501225,6.0467545217616365,6.117753598501225,4614000
1993-03-11,6.034921646118164,6.094087725169512,6.034921646118164,6.082254184351255,4831200
1993-03-12,6.058587074279785,6.058587074279786,5.952088476538617,5.987588009119007,5651400
1993-03-15,6.129586219787598,6.1295862197875985,6.034920617772383,6.0822531479400475,4751400
1993-03-16,6.105917453765869,6.141416973845904,6.08225092648595,6.129583981045789,4308600
1993-03-17,6.070420742034912,6.094087280263644,6.058587743760516,6.082253740309309,4324800
1993-03-18,6.117751598358154,6.129585135065865,6.082252071594607,6.082252071594607,5883000
1993-03-19,6.117751598358154,6.141418130093784,6.1059186033302355,6.141418130093784,6419400
1993-03-22,6.034921646118164,6.082254184351255,6.011255106161629,6.082254184351255,4780800
1993-03-23,5.9402570724487305,6.023089706021093,5.94025707244873,6.011256163122141,5603400
1993-03-24,5.798254489898682,5.975752081851494,5.7272554531175555,5.940252563460932,12357000
1993-03-25,5.9994215965271,6.023088134469827,5.845590454099203,5.8692564503619975,6711600
1993-03-26,5.9402570724487305,6.070422252576676,5.94025707244873,6.046755708458847,4111200
1993-03-29,5.9994215965271,6.023088134469827,5.952089062321577,5.952089062321577,4019400
1993-03-30,5.904755115509033,5.9994207116372245,5.892922119122954,5.987587715251145,5474400
1993-03-31,5.987588882446289,6.046754417590015,5.892923267864385,5.940255804315358,7040400
1993-04-01,5.904755115509033,6.0230872460892355,5.881089122736875,6.0230872460892355,5922000
1993-04-02,5.7272562980651855,5.845588404611153,5.6799237804546445,5.83375486894871,12005400
1993-04-05,5.608927249908447,5.76275840742611,5.490595631947167,5.7154258685775945,12853200
1993-04-06,5.265762805938721,5.56159254832254,5.194763754435368,5.537926017261498,35167800
1993-04-07,5.490594387054443,5.502427383663658,5.324929726126121,5.348596261024414,21819600
1993-04-08,5.478761196136475,5.537927266293594,5.360429597502133,5.514260729894767,10121400
1993-04-12,5.537926197052002,5.585258719030977,5.490593675073026,5.537926197052002,8961000
1993-04-13,5.632593154907227,5.644426152864788,5.537927546206961,5.537927546206961,8073000
1993-04-14,5.395927906036377,5.67992411161724,5.206597282875728,5.632591591247021,12371850
1993-04-15,5.411708354949951,5.490596473468319,5.348598293479311,5.364375267166902,8762400
1993-04-16,5.175044059753418,5.459040393317447,5.143489573632992,5.39593033771656,22813650
1993-04-19,5.238151550292969,5.30126156846338,5.159263485900256,5.222373504070668,12951900
1993-04-20,5.14348840713501,5.14348840713501,5.001490272556924,5.080377282487134,20479950
1993-04-21,5.317039489746094,5.332817537205049,5.159263890274196,5.301261983966878,13172850
1993-04-22,5.317039489746094,5.506370100776423,5.253929466629231,5.348595042984265,14842350
1993-04-23,5.253930568695068,5.348596164907183,5.253930568695068,5.285486128552342,6754950
1993-04-26,5.14348840713501,5.364373551643305,5.096155334489051,5.3485965830011795,8460900
1993-04-27,5.301263332366943,5.301263332366943,5.033044582538155,5.159265202556401,12510900
1993-04-28,5.332818508148193,5.380151034103646,5.317040457816537,5.36437298377199,6110550
1993-04-29,5.2697062492370605,5.348594308986928,5.19081873116686,5.332816805372888,4111650
1993-04-30,5.332818508148193,5.348596016800011,5.253930423209267,5.253930423209267,4018950
1993-05-03,5.380149841308594,5.395927346462491,5.2697067635515875,5.317039279013282,3222000
1993-05-04,5.411708354949951,5.50637344715591,5.380153324214631,5.395930839582291,7181100
1993-05-05,5.569482326507568,5.6010368027275135,5.411706153648901,5.427484204278647,5935950
1993-05-06,5.537926197052002,5.648368748336277,5.490593675073026,5.648368748336277,5859000
1993-05-07,5.601036071777344,5.601036071777344,5.490593523541112,5.537926044213783,4681350
1993-05-10,5.537926197052002,5.61681427536342,5.443260611414259,5.522148689725677,6091650
1993-05-11,5.522150039672852,5.553705062039456,5.474817506122945,5.522150039672852,4578300
1993-05-12,5.537926197052002,5.569481753384444,5.4748161677467015,5.490593675073026,3885300
1993-05-13,5.380149841308594,5.537925434527294,5.364371794474977,5.537925434527294,4639500
1993-05-14,5.395927906036377,5.411705412826451,5.332817878876086,5.395927906036378,3844800
1993-05-17,5.36437463760376,5.4274857750278125,5.364374637603761,5.395930206315787,4829400
1993-05-18,5.585261344909668,5.585261344909668,5.443263170533321,5.459040685277354,11842200
1993-05-19,5.821927070617676,5.837704590568159,5.522153108198037,5.601040707950454,15673050
1993-05-20,5.932368278503418,5.932368278503419,5.821925665505183,5.837703181647788,9881100
1993-05-21,5.853479862213135,5.900812399504141,5.837701808102831,5.900812399504141,5392350
1993-05-24,5.790364742279053,5.853475831906311,5.758810280824615,5.8376977886597,4891500
1993-05-25,5.821927070617676,5.853482652198869,5.790371489036482,5.806149550667192,3580650
1993-05-26,5.885035037994385,5.900813093961584,5.837702495132886,5.837702495132886,3709800
1993-05-27,5.869253158569336,5.932363168781213,5.821920650910428,5.869253158569335,3675600
1993-05-28,5.837699890136719,5.853477939063172,5.774589861150067,5.837699890136719,2330100
1993-06-01,5.853479862213135,5.9165899119344765,5.8219242956724955,5.837701808102831,2588850
1993-06-02,5.853479862213135,5.885034345393838,5.80614678324216,5.869256832963503,4735800
1993-06-03,5.758810520172119,5.853476075188303,5.7430324762697404,5.837698031285925,2823300
1993-06-04,5.616812229156494,5.6956997370493685,5.5379241795840235,5.6799222354707934,7676550
1993-06-07,5.348593711853027,5.6483667887318445,5.301260664615652,5.632589828558859,9402300
1993-06-08,5.427482604980469,5.474815117882845,5.238151470011581,5.238151470011581,10374300
1993-06-09,5.443263053894043,5.490596138791929,5.380152996270244,5.42748608116813,5489550
1993-06-10,5.557572364807129,5.55757236480713,5.431264382430325,5.4470523381703035,4436550
1993-06-11,5.494417667388916,5.604937137762901,5.462840133796439,5.541783154692053,5059800
1993-06-14,5.447051048278809,5.541782554685594,5.447051048278809,5.494417072510698,3560850
1993-06-15,5.462838172912598,5.478627205069895,5.289164781807766,5.462838172912598,6268950
1993-06-16,5.399685859680176,5.478628876320727,5.38389736476347,5.462839839346998,2749950
1993-06-17,5.320742607116699,5.431263150747179,5.3049541129000595,5.3996856202569,3460950
1993-06-18,5.399685859680176,5.43126339157061,5.304954348122919,5.320742843039625,5083650
1993-06-21,5.320742607116699,5.431263150747179,5.320742607116699,5.41547411447354,3498750
1993-06-22,5.241796493530273,5.3365279350586174,5.194431043794412,5.320738909756708,8858250
1993-06-23,5.289167404174805,5.320743857974418,5.241801368332568,5.289167404174805,5088150
1993-06-24,5.399685859680176,5.415474354596881,5.241800368456097,5.304954348122919,4538700
1993-06-25,5.4154744148254395,5.478628937251662,5.383897424640843,5.4154744148254395,5398650
1993-06-28,5.462838172912598,5.494415695170335,5.431261734768577,5.431261734768577,3059100
1993-06-29,5.462838172912598,5.510203643213916,5.431261734768577,5.462838172912598,3854700
1993-06-30,5.525994300842285,5.54178279558691,5.447051285062145,5.462839779806769,5067450
1993-07-01,5.478627681732178,5.54178164762858,5.462838648201172,5.525993156154479,3601800
1993-07-02,5.5102057456970215,5.525994783878811,5.447051761198127,5.478629295504639,2635200
1993-07-06,5.30495548248291,5.494418546110358,5.304955482482909,5.494418546110358,2806650
1993-07-07,5.368110656738281,5.399688202328597,5.304956649672167,5.304956649672167,2966850
1993-07-08,5.462838172912598,5.510203643213916,5.3681066902531045,5.383895722410402,3772350
1993-07-09,5.399685859680176,5.478628876320727,5.399685859680176,5.447051344430292,3788100
1993-07-12,5.462838172912598,5.478627205069895,5.399684212510841,5.431261734768577,1937700
1993-07-13,5.668091297149658,5.6838797918985975,5.4312633338585625,5.462839781299421,4325400
1993-07-14,5.6365156173706055,5.699669611041024,5.636515617370605,5.668092614205814,5817150
1993-07-15,5.620720386505127,5.668085825024048,5.589142885436018,5.668085825024048,2583450
1993-07-16,5.525994300842285,5.636514306111675,5.494417311353036,5.604936774565408,4621050
1993-07-19,5.4312615394592285,5.5575694557206825,5.415472507869708,5.541780966188001,2347650
1993-07-20,5.4312615394592285,5.510203445065799,5.352318549738981,5.4312615394592285,2532600
1993-07-21,5.447051048278809,5.4628395423371074,5.399685566103912,5.431263096277504,2282850
1993-07-22,5.368110656738281,5.447053707628183,5.368110656738281,5.431265747918912,3624300
1993-07-23,5.478627681732178,5.478627681732178,5.3838961908306695,5.399684682304771,2249100
1993-07-26,5.5102057456970215,5.557571776128258,5.478629295504639,5.478629295504639,2756700
1993-07-27,5.4312615394592285,5.525992476655319,5.415472507869708,5.525992476655319,1812150
1993-07-28,5.589148998260498,5.589148998260498,5.431264030519422,5.4628404820105505,2754450
1993-07-29,5.6365156173706055,5.652303573731066,5.573361623700186,5.620727118953,3190950
1993-07-30,5.57335901260376,5.636512976686799,5.541781488505351,5.636512976686799,2132550
1993-08-02,5.778606414794922,5.794394354133106,5.636509540185675,5.652297479523859,6435900
1993-08-03,5.794396877288818,5.841762884155017,5.778608931075812,5.778608931075812,4774050
1993-08-04,5.904916763305664,5.920705249928452,5.715454381775472,5.810185301512199,7887600
1993-08-05,5.841763496398926,5.90491799815381,5.825975006474417,5.88912896617245,5399550
1993-08-06,5.841763496398926,5.873340476247941,5.762821046776385,5.841763496398926,3163050
1993-08-09,5.87333869934082,5.873338699340819,5.8101847587492434,5.857550756249614,4003200
1993-08-10,5.778606414794922,5.9680687335883995,5.778606414794923,5.889125784558125,4869900
1993-08-11,5.87333869934082,5.873338699340819,5.794395731544661,5.8101847587492434,2863800
1993-08-12,5.857553482055664,5.952284437025974,5.82597595500862,5.920707452035871,3621600
1993-08-13,5.857553482055664,5.90491895954082,5.857553482055664,5.889129924988827,2056950
1993-08-16,5.889131546020508,5.920709081759527,5.825977558656649,5.857555094395668,2401650
1993-08-17,5.6523027420043945,5.889131267533839,5.620726291872749,5.889131267533839,9095400
1993-08-18,5.352317810058594,5.668088641186963,5.304951805949604,5.6522996117794575,23953950
1993-08-19,5.14707088470459,5.368109877343379,5.14707088470459,5.35232191992636,23782500
1993-08-20,5.2575907707214355,5.336533816000943,5.1786477254419285,5.1786477254419285,17089200
1993-08-23,5.178647041320801,5.241801577612869,5.11549304708588,5.241801577612869,12228300
1993-08-24,5.194435119628906,5.226011568839446,5.036549079176874,5.11549209940289,17966250
1993-08-25,5.241796493530273,5.289162485322756,5.210219527039699,5.2575849767755605,9667800
1993-08-26,5.131280899047852,5.273377910227814,5.099703905909434,5.241800917089396,10345500
1993-08-27,5.194435119628906,5.226011568839446,5.0839145660782545,5.131280595036683,6749550
1993-08-30,5.2575907707214355,5.273379271365893,5.194436768143606,5.241802270076978,4911750
1993-08-31,5.403580188751221,5.403580188751221,5.245580828299497,5.261380710099873,6007500
1993-09-01,5.324580192565918,5.356180498349137,5.292980971678615,5.340380616681506,4780350
1993-09-02,5.261379241943359,5.340379171348743,5.245579364551844,5.340379171348743,4347000
1993-09-03,5.15078067779541,5.26137983193826,5.134980256184274,5.245579952774996,4179600
1993-09-07,5.1823811531066895,5.2771809935725935,5.150781929548726,5.150781929548726,4572450
1993-09-08,5.166584491729736,5.2455844984531455,5.119184813164695,5.198184819888105,5572350
1993-09-09,5.1823811531066895,5.26138111056961,5.166581270103706,5.1823811531066895,3125700
1993-09-10,5.2771806716918945,5.30878043577044,5.198181261495533,5.213981143534805,3685950
1993-09-13,5.087578773498535,5.32457798515617,5.071779440828791,5.292978777368947,6547500
1993-09-14,4.5819830894470215,4.834781711269615,4.550382787077285,4.834781711269615,38734650
1993-09-15,4.487184047698975,4.676783465339443,4.471384164034939,4.566183737243167,28762200
1993-09-16,4.724183559417725,4.739982900301433,4.423984419994948,4.487183953321841,31585950
1993-09-17,4.755782127380371,4.771582550979801,4.676782721622923,4.692582602774413,14679450
1993-09-20,4.629383563995361,4.755782626472125,4.5345834534657925,4.755782626472125,8181900
1993-09-21,4.5819830894470215,4.660981946803714,4.518782755931499,4.6451826092906945,10489950
1993-09-22,4.64518404006958,4.6767838097245695,4.613583727966525,4.6767838097245695,10910700
1993-09-23,4.692582130432129,4.72418243200225,4.660981828862008,4.7083820099932465,8361900
1993-09-24,4.787381649017334,4.834781284718229,4.739981470868588,4.739981470868588,8881200
1993-09-27,4.866383075714111,4.897982300084493,4.834782766447694,4.882182416675294,6347700
1993-09-28,4.961181640625,4.9769815216917115,4.8663823542247355,4.8663823542247355,7853850
1993-09-29,4.913780689239502,4.945379900512395,4.8663810586584715,4.929580566099845,7501950
1993-09-30,4.866383075714111,4.9453819503120915,4.850582649856894,4.91378272594171,5608800
1993-10-01,4.94537878036499,4.961179196094271,4.8979791605201575,4.929579449531049,5342400
1993-10-04,4.9769816398620605,4.992781521303914,4.961181758420207,4.9769816398620605,4238100
1993-10-05,4.913780689239502,4.976980196680874,4.897980269931366,4.976980196680874,4471650
1993-10-06,4.9769816398620605,4.992781521303914,4.9295819955365,4.945381334530404,4360500
1993-10-07,4.929581642150879,5.024380924006148,4.913781761841667,4.976981283078514,3227400
1993-10-08,4.850581645965576,4.961181349387936,4.834781765826369,4.945380926800823,4123800
1993-10-11,4.787381649017334,4.866381584300011,4.77158177045037,4.850581163285194,3033900
1993-10-12,4.818982124328613,4.866382309541453,4.787382362485341,4.803181700959045,4708350
1993-10-13,4.787381649017334,4.803180985136448,4.77158177045037,4.787381649017334,4137750
1993-10-14,4.803181171417236,4.834781472224565,4.7083818963388655,4.78738183468538,6150150
1993-10-15,5.00858211517334,5.024381454703436,4.882181974452886,4.929582162835048,8524800
1993-10-18,4.9769816398620605,5.07178147096113,4.945381334530404,5.02438128418762,6218550
1993-10-19,4.866383075714111,5.055982219072525,4.866383075714111,5.0085825688449255,5200650
1993-10-20,4.913780689239502,4.913780689239501,4.834780762489992,4.8663810586584715,2703150
1993-10-21,4.94537878036499,4.976979069375882,4.8821792872385466,4.913779576249438,5577300
1993-10-22,4.866383075714111,5.0085825688449255,4.866383075714111,4.9453819503120915,4130550
1993-10-25,4.9769816398620605,4.992781521303914,4.8663824697690865,4.897981690204843,3093300
1993-10-26,4.913780689239502,4.976980196680874,4.897980269931366,4.976980196680874,3568950
1993-10-27,4.913780689239502,4.945379900512395,4.8663810586584715,4.8663810586584715,2743200
1993-10-28,4.961181640625,5.024381164891844,4.89798157391022,4.913781997424868,4311450
1993-10-29,5.00858211517334,5.024381454703436,4.945381502365144,4.961181926791177,5143050
1993-11-01,5.087578773498535,5.087578773498535,5.008579940358879,5.008579940358879,3924450
1993-11-02,5.1349778175354,5.1349778175354,5.04017804512924,5.087577660108513,5788350
1993-11-03,5.15078067779541,5.277179711101525,5.11918037702101,5.134980256184274,6447600
1993-11-04,5.04017972946167,5.134979533548126,5.024379852521893,5.134979533548126,3947850
1993-11-05,5.04017972946167,5.055980148849242,4.961180344762785,5.04017972946167,3433500
1993-11-08,5.1349778175354,5.1349778175354,5.024378173469482,5.04017804512924,3190950
1993-11-09,5.1191816329956055,5.213981473681896,5.103381749955891,5.198181590642181,3786750
1993-11-10,5.292982578277588,5.308781922292895,5.119182742283617,5.1507830576585985,7694100
1993-11-11,5.324580192565918,5.356180498349137,5.2613806658953965,5.308780310898288,5731200
1993-11-12,5.419381141662598,5.466780796432008,5.324581289675707,5.371980944445117,6615000
1993-11-15,5.593180179595947,5.593180179595947,5.387781141911777,5.435181337106621,7207200
1993-11-16,5.356180191040039,5.4509794756067445,5.198180840980938,5.4509794756067445,13942350
1993-11-17,5.450981140136719,5.577381309719494,5.387781597793424,5.419381368965071,10458000
1993-11-18,5.387779712677002,5.450979232907579,5.340380072504069,5.450979232907579,7059600
1993-11-19,5.435178756713867,5.482578386957328,5.340378953779158,5.356178830526979,7263450
1993-11-22,5.245580673217773,5.403580028998363,5.2139809105512445,5.387780147665098,5280300
1993-11-23,5.2771806716918945,5.2771806716918945,5.198181261495533,5.261380789652622,3877200
1993-11-24,5.3442206382751465,5.375842580705961,5.233540854158257,5.265163882265085,3124350
1993-11-26,5.423277378082275,5.43908916509012,5.360032401403139,5.391654889742707,1157400
1993-11-29,5.3442206382751465,5.502333607457262,5.3442206382751465,5.470710579350434,4759200
1993-11-30,5.249351501464844,5.375841415114554,5.233539719420741,5.328407697495913,3029850
1993-12-01,5.296789646148682,5.375845357314778,5.280977852509516,5.3442233985513115,3109050
1993-12-02,5.407464027404785,5.423275265415214,5.328407294514794,5.344219075363071,3552750
1993-12-03,5.391654014587402,5.407465256190759,5.344220289777334,5.407465256190759,2141550
1993-12-06,5.391654014587402,5.4707102226041835,5.391654014587402,5.423276497794115,3560850
1993-12-07,5.391654014587402,5.407465256190759,5.296786564967265,5.391654014587402,3460500
1993-12-08,5.3600311279296875,5.407464849169407,5.312596863852037,5.375841825504996,3737250
1993-12-09,5.312597274780273,5.360031542526954,5.312597274780273,5.360031542526954,3093300
1993-12-10,5.233541488647461,5.312598254241982,5.201919542382955,5.312598254241982,4137300
1993-12-13,5.2019195556640625,5.21773080025572,5.15448582188909,5.2019195556640625,4394700
1993-12-14,5.122862815856934,5.233541528560029,5.122862815856934,5.233541528560029,2809800
1993-12-15,5.059614181518555,5.107047881262572,5.027991172184858,5.07542541476656,5749200
1993-12-16,5.043804168701172,5.091237885027588,4.996370452374756,5.07542718908999,5639850
1993-12-17,5.059614181518555,5.059614181518554,5.012180481774537,5.027991172184858,7053300
1993-12-20,5.0912370681762695,5.107048847252734,5.027992123221566,5.043803359460242,4697550
1993-12-21,4.9489359855651855,5.075426976137457,4.9489359855651855,5.075426976137457,5817600
1993-12-22,4.964748859405518,5.027993825775919,4.933126376220317,4.996371342590718,5196600
1993-12-23,5.043804168701172,5.107049666640934,4.933125497272869,4.948936193210465,4978350
1993-12-27,5.012182712554932,5.043804650287287,4.980559689146724,5.0121827125549325,2122200
1993-12-28,5.075428485870361,5.107050971500903,5.027994214586536,5.043805457401807,3207150
1993-12-29,5.075428485870361,5.107050971500903,5.027994214586536,5.043805457401807,3592350
1993-12-30,5.027993202209473,5.1070499432059115,5.0121825054156695,5.0912381607363,4078350
1993-12-31,4.996372699737549,5.027995191512254,4.964750207962844,5.012184488463021,3655800
1994-01-03,4.901504993438721,5.012184807368545,4.854071252758641,4.996373017637032,5246550
1994-01-04,4.964748859405518,4.964748859405518,4.822447142234143,4.901503350197145,5344200
1994-01-05,5.059614181518555,5.059614181518554,4.901500763363125,4.964746239192833,6868800
1994-01-06,4.822447299957275,5.122861985717999,4.806635515009563,5.1070507436082755,11669400
1994-01-07,4.885692119598389,4.9173151456927195,4.775013428201135,4.8382583947138516,7797150
1994-01-10,4.9489359855651855,4.9489359855651855,4.869880337842682,4.917314052178895,7637850
1994-01-11,4.885692119598389,4.980560112205436,4.885692119598389,4.933126387320899,5314050
1994-01-12,4.980559349060059,4.980559349060059,4.885691370989142,4.933125631443545,6417000
1994-01-13,4.790823936462402,4.917314392962976,4.759200915208842,4.917314392962976,9364050
1994-01-14,4.7750139236450195,4.790825166913735,4.6959571644634135,4.7750139236450195,9200700
1994-01-17,4.7750139236450195,4.838258896719881,4.759202137538275,4.806635867344421,4719150
1994-01-18,4.680146217346191,4.806636171499978,4.648523728807745,4.775014225799595,7733700
1994-01-19,4.790823936462402,4.790823936462402,4.680144719169665,4.680144719169665,5967000
1994-01-20,4.711767673492432,4.8224469019642076,4.695956432687598,4.8224469019642076,6373800
1994-01-21,4.727580547332764,4.7750142806856575,4.7117687600437295,4.7117687600437295,4883400
1994-01-24,4.6327128410339355,4.775014593245379,4.6169010527099035,4.743391559435421,8982000
1994-01-25,4.711767673492432,4.743390155102098,4.616899685825489,4.632711469468266,7004700
1994-01-26,4.7750139236450195,4.7750139236450195,4.711768407732129,4.7275801938388735,5764950
1994-01-27,4.869884014129639,4.885694721339398,4.775015971003251,4.790827221051272,5739300
1994-01-28,4.980559349060059,5.012182370308958,4.9173143922380405,4.933125631443545,9475650
1994-01-31,4.933125972747803,5.027993414544349,4.933125972747803,5.027993414544349,5693850
1994-02-01,4.933125972747803,4.980559693646075,4.901502949311028,4.933125972747803,6521400
1994-02-02,4.964748859405518,4.996371342590718,4.933126376220317,4.948937074974946,3344400
1994-02-03,4.901504993438721,4.964750523850313,4.869883042490154,4.9489387341188,5442750
1994-02-04,4.727580547332764,5.043805979190124,4.7117687600437295,4.88569299184241,7113150
1994-02-07,4.933125972747803,4.933125972747803,4.695956282580585,4.695956282580585,7591950
1994-02-08,4.933125972747803,4.980559693646075,4.901502949311028,4.933125972747803,6885450
1994-02-09,5.027993202209473,5.043804441841179,4.964748243682644,5.0121825054156695,6046650
1994-02-10,5.012182712554932,5.122861394550917,5.0121827125549325,5.043804650287287,6683400
1994-02-11,4.980559349060059,5.027993066676572,4.885691370989142,5.012182370308958,3012300
1994-02-14,4.980559349060059,5.027993066676572,4.94893632781116,4.996370588265563,2838150
1994-02-15,5.027993202209473,5.043804441841179,4.980559483314352,4.980559483314352,3240450
1994-02-16,5.043804168701172,5.07542718908999,5.012182233988103,5.043804168701172,2765700
1994-02-17,4.980559349060059,5.09123802349859,4.9173143922380405,5.043804305882077,3666600
1994-02-18,4.933125972747803,4.996370933945499,4.885691709011603,4.964748453346651,3227400
1994-02-22,5.075428485870361,5.075428485870361,4.80663572949672,4.80663572949672,8430300
1994-02-23,5.3600311279296875,5.3600311279296875,5.122861436055228,5.154484459719638,16460550
1994-02-24,5.249351501464844,5.375841415114554,5.233539719420741,5.280973979877271,10444500
1994-02-25,5.217731475830078,5.280976462385457,5.13867469979771,5.265165215746612,8256150
1994-02-28,5.265162944793701,5.2967859672699955,5.201917985516932,5.249351704974509,7194600
1994-03-01,5.2019195556640625,5.265164534030692,5.170296523642673,5.265164534030692,4949550
1994-03-02,5.186106204986572,5.186106204986572,5.0279932638919,5.043804503717576,5756850
1994-03-03,5.174083232879639,5.205729425512205,5.1266147587842585,5.1899060575780975,6019200
1994-03-04,5.316486835479736,5.348133014047105,5.205727111817867,5.237372203914424,7274700
1994-03-07,5.2848429679870605,5.3323114368637405,5.284842967987061,5.3323114368637405,4020300
1994-03-08,5.411423683166504,5.411423683166504,5.284840612674471,5.316486244488643,7622550
1994-03-09,5.363956928253174,5.443071575991692,5.332310743216456,5.443071575991692,5340600
1994-03-10,5.3006672859191895,5.3797808716829545,5.269021091083724,5.36395858911875,4137300
1994-03-11,5.332311153411865,5.3481345187652165,5.269019864940693,5.316488331294072,4186800
1994-03-14,5.411423683166504,5.42724649907359,5.332309060395729,5.42724649907359,5069250
1994-03-15,5.427248954772949,5.443072321075072,5.395603308639886,5.427248954772949,5635350
1994-03-16,5.443071365356445,5.443071365356445,5.395602361256077,5.427248001832659,3153150
1994-03-17,5.395602703094482,5.458893988257466,5.3797793385682064,5.427248345675974,3991950
1994-03-18,5.332311153411865,5.379779619765244,5.300666052411838,5.379779619765244,7594200
1994-03-21,5.443071365356445,5.474716462697532,5.316487716579125,5.332310536867417,6837750
1994-03-22,5.49053955078125,5.49053955078125,5.363956451589632,5.443071092297694,5480100
1994-03-23,5.617123126983643,5.648769314956091,5.458894360063666,5.458894360063666,8453250
1994-03-24,5.474714756011963,5.585475549972462,5.3956006792335005,5.538006560670059,7625700
1994-03-25,5.49053955078125,5.553830828759325,5.427247729567707,5.4747161880512625,3680100
1994-03-28,5.395602703094482,5.506362995365233,5.332310874695969,5.4905401740744875,5032350
1994-03-29,5.158260345458984,5.411426054129777,5.158260345458984,5.411426054129777,4596750
1994-03-30,5.158260345458984,5.2531972824971875,5.079145688024898,5.174082625063101,11243250
1994-03-31,5.158260345458984,5.1899054479028015,4.936739739232008,5.158260345458984,9322200
1994-04-04,5.094966888427734,5.1266130706395145,5.000029971498796,5.031675610475109,6144300
1994-04-05,5.379782199859619,5.379782199859619,5.205731073090568,5.284845221621955,7245900
1994-04-06,5.348134517669678,5.411425806127885,5.316488330205017,5.379779618663223,5432850
1994-04-07,5.427248954772949,5.443072321075072,5.332311473138166,5.348134839440289,5531850
1994-04-08,5.395602703094482,5.44307171020225,5.348134239222245,5.44307171020225,3578850
1994-04-11,5.443071365356445,5.474716462697532,5.363956720679495,5.37977899773229,4852350
1994-04-12,5.316486835479736,5.4588927377089735,5.284841200147774,5.443070463278398,3594600
1994-04-13,5.2848429679870605,5.3323114368637405,5.205728853192595,5.3323114368637405,2639250
1994-04-14,5.269017219543457,5.3323084762382065,5.205725962848708,5.2531944053697694,3640050
1994-04-15,5.2848429679870605,5.3323114368637405,5.221551676151488,5.2690201450281675,4049100
1994-04-18,5.126613616943359,5.332310835444433,5.126613616943359,5.332310835444433,4030200
1994-04-19,5.079144477844238,5.142435754122966,5.01585320156551,5.094966753678466,5031900
1994-04-20,5.015853404998779,5.142435962690177,5.000030042051879,5.079144683844478,3696300
1994-04-21,5.221550941467285,5.221550941467285,5.015853728708156,5.094967289135575,4853700
1994-04-22,5.2373738288879395,5.253197194698762,5.174082538586945,5.2373738288879395,3077100
1994-04-25,5.2848429679870605,5.300666334181542,5.205728853192595,5.2531973220692745,2260350
1994-04-26,5.3006672859191895,5.3006672859191895,5.253198265283834,5.284843916883614,2251350
1994-04-28,5.205729961395264,5.316489745686205,5.189906591832283,5.316489745686205,2815200
1994-04-29,5.316486835479736,5.316486835479736,5.18990375091648,5.2215499294838486,3037950
1994-05-02,5.348134517669678,5.427248628242436,5.300666051326023,5.348134517669679,3243600
1994-05-03,5.3006672859191895,5.36395858911875,5.237374896248259,5.36395858911875,2232000
1994-05-04,5.411423683166504,5.42724649907359,5.269017796767385,5.284840612674471,2907450
1994-05-05,5.411423683166504,5.42724649907359,5.34813241953816,5.395600867259418,2335050
1994-05-06,5.2848429679870605,5.3164886139048475,5.237373955874794,5.284842967987061,3701250
1994-05-09,5.158260345458984,5.284842928176589,5.126614156543999,5.221551636817787,2911500
1994-05-10,5.205729961395264,5.269021266704373,5.174083765505006,5.269021266704373,3687750
1994-05-11,5.063320636749268,5.221549338743264,5.047497277638058,5.221549338743264,4153050
1994-05-12,5.063320636749268,5.110789084376863,5.015852189121672,5.063320636749268,4963050
1994-05-13,5.079144477844238,5.126612935053283,5.031675477399738,5.110790115983602,2449350
1994-05-16,5.158260345458984,5.2531972824971875,5.094967967629015,5.094967967629015,3663900
1994-05-17,5.395602703094482,5.395602703094482,5.25319676824224,5.25319676824224,10927800
1994-05-18,5.617123126983643,5.680414959692973,5.427248715326784,5.443072080930793,14749650
1994-05-19,5.6645894050598145,5.680412764549029,5.569652507536672,5.632944315787458,8923950
1994-05-20,5.648769855499268,5.68041550326439,5.617123664498525,5.648769855499267,6139350
1994-05-23,5.6645894050598145,5.696235580802886,5.601298140044386,5.617120956298243,6162300
1994-05-24,5.775351524353027,5.838642803823693,5.664590698808398,5.680414061911547,9568800
1994-05-25,5.870290756225586,5.870290756225587,5.775353265167917,5.791176089804921,7766550
1994-05-26,5.82282018661499,5.870289191105595,5.806996822961121,5.854465827451726,5352750
1994-05-27,5.775351524353027,5.822819983956027,5.75952816124988,5.7911743442206935,4387050
1994-05-31,5.712060451507568,5.775352282522462,5.6962376295627335,5.759528917342074,6038550
1994-06-01,5.82282018661499,5.870289191105595,5.696237080032544,5.696237080032544,4917600
1994-06-02,5.82282018661499,5.838643007033358,5.759528361706018,5.838643007033358,3256650
1994-06-03,5.759528160095215,5.822819982788674,5.759528160095215,5.759528160095215,5302350
1994-06-06,5.732924938201904,5.796271928764799,5.732924938201904,5.764597889769696,3358800
1994-06-07,5.6537394523620605,5.701249685167275,5.622065420111712,5.701249685167275,4003200
1994-06-08,5.590392589569092,5.701249801714105,5.574555301263397,5.701249801714105,5099850
1994-06-09,5.6537394523620605,5.685412940898869,5.542881698769688,5.606228675843306,3221100
1994-06-10,5.622066020965576,5.685413548522952,5.622066020965576,5.6695762588484095,1408050
1994-06-13,5.6537394523620605,5.6537394523620605,5.574555187306498,5.622065420111712,1359900
1994-06-14,5.447859287261963,5.717084387375033,5.3845112453882775,5.653737432928039,12923550
1994-06-15,5.590392589569092,5.6379028233455255,5.574555301263397,5.590392589569092,3083400
1994-06-16,5.558718681335449,5.606228916177385,5.542881936388137,5.590392714943636,2501550
1994-06-17,5.495370864868164,5.574554577548891,5.479533578618539,5.574554577548891,4709700
1994-06-20,5.447859287261963,5.511206241708957,5.400348527713372,5.416185266325121,3157200
1994-06-21,5.416186809539795,5.43202355266385,5.3053296076714105,5.416186809539795,5860350
1994-06-22,5.4636969566345215,5.511207729004725,5.43202347086338,5.447860757462443,3141000
1994-06-23,5.36867618560791,5.447860439122202,5.352839443647744,5.447860439122202,4969800
1994-06-24,5.226146221160889,5.384513678850525,5.226146221160888,5.3528407310261885,6404400
1994-06-27,5.3370041847229,5.352841476410803,5.1786361612668825,5.241983153163823,4670100
1994-06-28,5.3845133781433105,5.400350666741405,5.305330197434201,5.337003143489708,5093100
1994-06-29,5.416186809539795,5.479533782036015,5.384512779578185,5.40035006641574,3487950
1994-06-30,5.3370041847229,5.400351720333508,5.305331232488097,5.384514428645606,6079050
1994-07-01,5.4320244789123535,5.4320244789123535,5.337003460251895,5.368677495614444,5376150
1994-07-05,5.4636969566345215,5.4795336995200925,5.400349985092239,5.41618672797781,2619450
1994-07-06,5.511208534240723,5.5270447357266095,5.44786155344289,5.463697754928777,2729250
1994-07-07,5.511208534240723,5.5270447357266095,5.43202426452986,5.495371789041265,2754900
1994-07-08,5.558718681335449,5.558718681335449,5.447861466704266,5.479534412885327,3615300
1994-07-11,5.495370864868164,5.606228062621182,5.400349865937812,5.590391863798517,3014550
1994-07-12,5.479532718658447,5.511206742473283,5.432022498506284,5.495370002422563,2086200
1994-07-13,5.4636969566345215,5.4795336995200925,5.400349985092239,5.4636969566345215,4080600
1994-07-14,5.511208534240723,5.558718769839097,5.479534500128235,5.558718769839097,2627100
1994-07-15,5.447859287261963,5.52704243660736,5.447859287261963,5.511206241708957,1828800
1994-07-18,5.4636969566345215,5.495370986119155,5.447860757462443,5.4795336995200925,2035800
1994-07-19,5.447859287261963,5.479532220772114,5.432022004936869,5.447859287261963,2418300
1994-07-20,5.400351047515869,5.447861829232979,5.384513757801099,5.43202453951821,2949300
1994-07-21,5.3370041847229,5.44786250796988,5.3370041847229,5.400351720333508,5773500
1994-07-22,5.162797927856445,5.352839372568377,5.162797927856445,5.33700208710505,10004850
1994-07-25,5.162797927856445,5.162797927856445,5.115287158893372,5.146960642393118,4609350
1994-07-26,5.19447135925293,5.210308646215114,5.146961129506892,5.162798416469077,2615850
1994-07-27,5.115286827087402,5.226144555859119,5.09944954265137,5.226144555859119,6151500
1994-07-28,5.083615779876709,5.13112602479432,5.067779031570839,5.067779031570839,6035400
1994-07-29,5.17863655090332,5.257820840445924,5.083616055908644,5.083616055908644,7268400
1994-08-01,5.131124496459961,5.210308758117511,5.131124496459961,5.162798527351091,2954700
1994-08-02,5.162797927856445,5.178634125892865,5.115287158893372,5.178634125892865,3051450
1994-08-03,5.2419819831848145,5.289492760217065,5.131124772107835,5.226145782458791,3183750
1994-08-04,5.099449157714844,5.273654379940396,5.099449157714844,5.257817640413232,5220000
1994-08-05,5.099449157714844,5.099449157714844,5.036102199606189,5.099449157714844,5361300
1994-08-08,5.067776203155518,5.131123161023942,5.051938919975036,5.131123161023942,2924100
1994-08-09,5.099449157714844,5.146959920009711,5.051938939133353,5.051938939133353,5440950
1994-08-10,5.2419819831848145,5.2736560157774965,5.115288027668266,5.115288027668266,7032600
1994-08-11,5.210309028625488,5.30533003880513,5.1627987953924395,5.226145773036505,6309900
1994-08-12,5.2419819831848145,5.257819271337929,5.17863500542654,5.226145782458791,5597100
1994-08-15,5.321166515350342,5.352840549527892,5.257819534422388,5.257819534422388,5427000
1994-08-16,5.622066020965576,5.6695762588484095,5.432024525720646,5.495372053278021,19369350
1994-08-17,5.558718681335449,5.637902949785572,5.527044647727262,5.622065661124697,7443000
1994-08-18,5.574554443359375,5.606227927669228,5.527043673181128,5.542880959049522,4013550
1994-08-19,5.6537394523620605,5.6537394523620605,5.574555187306498,5.606228675843306,6003900
1994-08-22,5.637899398803711,5.637899398803711,5.574551915199762,5.606225385145126,3053250
1994-08-23,5.701247215270996,5.717083952678604,5.637900265640565,5.637900265640565,7586550
1994-08-24,5.764594554901123,5.780431837093495,5.717084339464028,5.7329216216564,6170850
1994-08-25,5.701247215270996,5.764594164901427,5.669573196742476,5.764594164901427,5082750
1994-08-26,5.796269416809082,5.812105613873146,5.7012484284307625,5.73292245369915,5601600
1994-08-29,5.748760223388672,5.85961798287062,5.732924021992472,5.827944492651083,5515650
1994-08-30,5.748760223388672,5.764596968498441,5.685413242949599,5.732924021992472,4074300
1994-08-31,5.732924938201904,5.748761142128973,5.685414151566078,5.717087646847525,4234500
1994-09-01,5.590392589569092,5.669575768816264,5.574555301263397,5.6379028233455255,2821500
1994-09-02,5.611317157745361,5.627168276202059,5.532061021254836,5.611317157745361,4298400
1994-09-06,5.59546422958374,5.611314797165346,5.547910350011677,5.579612573588512,2218050
1994-09-07,5.579612731933594,5.611314956410113,5.547910507457075,5.579612731933595,2127600
1994-09-08,5.674719333648682,5.690570989893442,5.595464317665798,5.595464317665798,3473550
1994-09-09,5.579612731933594,5.658868837331719,5.563761619695335,5.611314956410113,3679200
1994-09-12,5.532059192657471,5.595464733939923,5.532059192657472,5.57961307651588,2934450
1994-09-13,5.5003581047058105,5.595465338491449,5.5003581047058105,5.563762564424957,3263400
1994-09-14,5.547910690307617,5.547910690307617,5.500357352025555,5.516208464786242,3472200
1994-09-15,5.59546422958374,5.627165908953764,5.547910350011677,5.563761461800095,5652000
1994-09-16,5.579612731933594,5.579612731933595,5.484505514297211,5.484505514297211,6353100
1994-09-19,5.643014907836914,5.706419325135506,5.563758842007119,5.579609946331767,5473350
1994-09-20,5.532059192657471,5.627166416167428,5.516208623647149,5.611315302950246,5679900
1994-09-21,5.405250549316406,5.532059461209771,5.373548321343065,5.532059461209771,6441750
1994-09-22,5.452803134918213,5.452803134918213,5.405249260093537,5.452803134918213,4092300
1994-09-23,5.405250549316406,5.452804435483305,5.405250549316406,5.436952777289747,3570300
1994-09-26,5.389400005340576,5.452805562809652,5.373549432283806,5.452805562809652,3429450
1994-09-27,5.32599401473999,5.436952348094476,5.32599401473999,5.3893984656814995,6258600
1994-09-28,5.310146331787109,5.357699695834117,5.2784435448819655,5.325996908928973,4082850
1994-09-29,5.310146331787109,5.373550817183119,5.310146331787109,5.325996908928973,3648150
1994-09-30,5.32599401473999,5.46865457356523,5.278440676533859,5.32599401473999,6126300
1994-10-03,5.389400005340576,5.389400005340576,5.310144963228728,5.357698315020037,3480750
1994-10-04,5.262589454650879,5.436952235330539,5.262589454650879,5.436952235330539,4743000
1994-10-05,5.262589454650879,5.278440567057499,5.183333348410943,5.278440567057499,4588650
1994-10-06,5.230888366699219,5.294292830105789,5.199185590788983,5.294292830105789,3170250
1994-10-07,5.215036869049072,5.294292442504899,5.1833340954598315,5.199185210150997,3712050
1994-10-10,5.436953067779541,5.436953067779542,5.246738601362792,5.246738601362792,4718250
1994-10-11,5.5637617111206055,5.6271661611155235,5.4528039236295,5.468654491921394,9755550
1994-10-12,5.579612731933594,5.611314956410113,5.532058851011989,5.563761619695335,3444300
1994-10-13,5.611317157745361,5.67472163157215,5.595466583495704,5.643019938865796,5602500
1994-10-14,5.611317157745361,5.627168276202059,5.579614920831967,5.627168276202059,2430000
1994-10-17,5.59546422958374,5.611314797165346,5.547910350011677,5.611314797165346,3190950
1994-10-18,5.516208648681641,5.5954647593341065,5.50035753539252,5.5954647593341065,2943900
1994-10-19,5.611317157745361,5.627168276202059,5.45280597317839,5.45280597317839,3371850
1994-10-20,5.516208648681641,5.5954647593341065,5.484505877896536,5.579613101838123,2826900
1994-10-21,5.547910690307617,5.547910690307617,5.436952356775959,5.500357352025555,2671650
1994-10-24,5.547910690307617,5.643017911078588,5.516208464786242,5.547910690307617,5136750
1994-10-25,5.516208648681641,5.532059217763899,5.452804195525158,5.452804195525158,3910050
1994-10-26,5.579612731933594,5.627166068648373,5.547910507457075,5.547910507457075,4077900
1994-10-27,5.658870697021484,5.658870697021485,5.563763448129753,5.595466227231666,2808000
1994-10-28,5.785677433013916,5.81737910864573,5.643016899533647,5.643016899533647,7791750
1994-10-31,5.7698259353637695,5.833230920967161,5.7698259353637695,5.785677589919689,4124700
1994-11-01,5.690571308135986,5.76982687275802,5.690571308135986,5.753975759833613,2828700
1994-11-02,5.817379951477051,5.817379951477051,5.643017717103088,5.658868829318903,5083650
1994-11-03,5.785677433013916,5.849081872691037,5.769825778887888,5.81737910864573,5222700
1994-11-04,5.7698259353637695,5.8490820313163185,5.7698259353637695,5.8490820313163185,5487300
1994-11-07,5.801527976989746,5.849081302108724,5.706420782545097,5.7539741076640745,4973850
1994-11-08,5.912487506866455,5.944190277316665,5.80152971501472,5.817380283929539,9135450
1994-11-09,5.912487506866455,6.007594729803371,5.896636393744778,5.991743616681694,7425450
1994-11-10,5.944189548492432,6.070998982124443,5.928338437314279,5.944189548492432,7358850
1994-11-11,5.896635055541992,6.070998348723537,5.880784490224355,5.928337818797466,4876200
1994-11-14,6.023444652557373,6.023444652557373,5.896634695687777,5.928337457008527,5176800
1994-11-15,6.055145740509033,6.118550712818611,5.97589020538037,6.086848498767146,19775250
1994-11-16,6.055145740509033,6.102699061586231,6.0392946334833,6.086848498767146,5194350
1994-11-17,5.97589111328125,6.07099831409167,5.944188894413353,6.055146660450992,3433050
1994-11-18,5.944189548492432,6.039296215561348,5.912486781929337,5.960040115463794,3077100
1994-11-21,5.86493444442749,5.944190557984985,5.8490833305573675,5.944190557984985,4054500
1994-11-22,5.722273826599121,5.849083280685756,5.706422712864152,5.833232166950786,6491700
1994-11-23,5.7698259353637695,5.833230920967161,5.690570383617983,5.738124258872216,8744400
1994-11-25,5.785677433013916,5.81737910864573,5.722272449130048,5.722272449130048,1026450
1994-11-28,5.9283366203308105,5.9283366203308105,5.785676119244846,5.801527225564772,4892850
1994-11-29,5.944189548492432,6.023445648589986,5.928338437314279,5.944189548492432,5201100
1994-11-30,5.86493444442749,5.9917438995953525,5.86493444442749,5.97589278572523,4444650
1994-12-01,5.8541483879089355,5.9493379741497625,5.838283547648488,5.838283547648488,4772250
1994-12-02,5.917605876922607,5.933471256842203,5.854146535956111,5.854146535956111,3806550
1994-12-05,5.838280200958252,5.981064226132019,5.838280200958252,5.933469732633373,5475150
1994-12-06,5.774819850921631,5.8382797149819465,5.711360531539102,5.806550055290681,4461300
1994-12-07,5.774819850921631,5.806550055290681,5.7272253613847335,5.7272253613847335,4833450
1994-12-08,5.647899150848389,5.774817743292095,5.600304678681998,5.774817743292095,5049450
1994-12-09,5.647899150848389,5.679628254281729,5.600304678681998,5.647899150848389,5463900
1994-12-12,5.679629325866699,5.7113595246418,5.632034844720581,5.647900216446976,4776300
1994-12-13,5.695497035980225,5.758956370229403,5.679631657740018,5.679631657740018,4155750
1994-12-14,5.838280200958252,5.8858752391347275,5.679630799940439,5.695496175784484,8645400
1994-12-15,5.933468818664551,5.949333647387008,5.838279301652057,5.838279301652057,3838050
1994-12-16,5.8858771324157715,5.9969309863014235,5.870011751468387,5.9969309863014235,6776100
1994-12-19,5.8541483879089355,5.885878613107972,5.838283547648488,5.8541483879089355,2169000
1994-12-20,5.695497035980225,5.822415704478581,5.695497035980225,5.822415704478581,3073500
1994-12-21,5.901738166809082,5.981062849054303,5.711359691969339,5.711359691969339,6951600
1994-12-22,5.8858771324157715,5.917606260276524,5.854146915199008,5.917606260276524,3898350
1994-12-23,5.901738166809082,5.917602994322585,5.901738166809082,5.901738166809082,1359450
1994-12-27,5.933468818664551,5.949333647387008,5.901738616541889,5.901738616541889,1254600
1994-12-28,5.901738166809082,5.933468366513793,5.854143684268572,5.933468366513793,3636000
1994-12-29,5.8858771324157715,5.933471641223908,5.870011751468387,5.901741424007144,2873700
1994-12-30,5.838280200958252,5.917604356789328,5.822414825114206,5.917604356789328,2752200
1995-01-03,5.758957386016846,5.822416731459231,5.727227713295653,5.822416731459231,3177900
1995-01-04,5.727227210998535,5.822416220813717,5.711362376029339,5.806551930522481,4594500
1995-01-05,5.695497035980225,5.727226703104814,5.679631657740018,5.727226703104814,4221000
1995-01-06,5.679629325866699,5.727224351690507,5.663765043495681,5.7113595246418,3775050
1995-01-09,5.758957386016846,5.758957386016846,5.663768367853267,5.679632659535855,4412700
1995-01-10,5.822414875030518,5.838280251010579,5.758955549821612,5.774820381123837,2899350
1995-01-11,5.822414875030518,5.885875289595093,5.7113610559149315,5.838280251010579,3658950
1995-01-12,5.806550979614258,5.870010309098646,5.774820770194191,5.822415267307482,2626200
1995-01-13,5.917605876922607,5.96520038264748,5.8224163207948925,5.838281700714487,4626450
1995-01-16,5.9652018547058105,5.996932077697232,5.933472721070599,5.949337560227257,4188600
1995-01-17,5.9652018547058105,5.996932077697232,5.9017424980791775,5.949337560227257,4158000
1995-01-18,5.9652018547058105,6.01279691685389,5.917607337235836,5.917607337235836,3455100
1995-01-19,5.981063365936279,6.028658397267644,5.917603505720376,5.933468879282666,3726000
1995-01-20,5.933468818664551,5.981063304831924,5.917603445264346,5.965197931431719,3612600
1995-01-23,5.949334621429443,5.981064284069232,5.870009920152137,5.870009920152137,2628900
1995-01-24,5.949334621429443,5.996929115389126,5.917604414111819,5.93346979010955,2698650
1995-01-25,5.996928691864014,6.0445231824624,5.917603996188908,5.965198486787293,3565350
1995-01-26,6.012797832489014,6.060392357206732,5.965202763093107,5.965202763093107,2961000
1995-01-27,6.060389041900635,6.092119252366112,6.028659920790936,6.028659920790936,2753550
1995-01-30,5.996928691864014,6.155577538536429,5.981063861664553,6.0445231824624,3507750
1995-01-31,5.933468818664551,6.028658335677044,5.917603445264346,5.981063304831924,4748850
1995-02-01,6.076255798339844,6.076255798339844,5.901741507550297,5.933471725216224,7528500
1995-02-02,6.076255798339844,6.155579980809625,6.060390417167874,6.123850307821713,6021000
1995-02-03,6.107986927032471,6.139717155090134,6.07625778833119,6.092122630020926,5280300
1995-02-06,6.234906196594238,6.298365557721525,6.0921220893797,6.107986384983378,6880950
1995-02-07,6.314230442047119,6.345959575416921,6.250769996595113,6.266635380297164,9089550
1995-02-08,6.266633987426758,6.314229038597868,6.266633987426757,6.314229038597868,4576050
1995-02-09,6.250767230987549,6.298362271679416,6.23490294366074,6.25076723098755,3829950
1995-02-10,6.219037055969238,6.250766169914674,6.187306852668271,6.250766169914674,2997000
1995-02-13,6.187309265136719,6.219039480809486,6.171444974317304,6.18730926513672,2444400
1995-02-14,6.155579566955566,6.1873092378102195,6.123849896100914,6.17144494706087,3905550
1995-02-15,6.171445846557617,6.219040359776561,6.076256275441672,6.107985406242912,5086350
1995-02-16,6.187309265136719,6.203174100634113,6.092120252152356,6.155579594141932,5621400
1995-02-17,6.171445846557617,6.2507694905778015,6.155580464139913,6.187310139619209,5023350
1995-02-21,5.917605876922607,5.9810657625670745,5.806552030231239,5.854146535956111,25026300
1995-02-22,5.954443454742432,5.986200364388451,5.875050635481817,5.970321364419878,9516600
1995-02-23,5.890931129455566,6.033837804250932,5.875052125459903,6.0179588002552675,13361400
1995-02-24,5.890931129455566,5.906809043159828,5.85917366660994,5.906809043159828,4293000
1995-02-27,5.779779434204102,5.875050709487825,5.589237428782225,5.8591722544647995,8331300
1995-02-28,5.700389385223389,5.748025314040971,5.668632462775522,5.732146307671255,8164350
1995-03-01,5.732144832611084,5.763901746886903,5.636873544637984,5.716266375473174,7231500
1995-03-02,5.7480244636535645,5.748024463653565,5.652753165259027,5.716267000758251,5480100
1995-03-03,5.779779434204102,5.795658434372697,5.700387159088974,5.732144069135025,4651200
1995-03-06,5.700389385223389,5.748025314040971,5.700389385223388,5.748025314040971,3712500
1995-03-07,5.652749061584473,5.748020290815827,5.573356279700792,5.732141298322846,7607700
1995-03-08,5.573359966278076,5.684509171233003,5.557481508427372,5.668631258527967,3607200
1995-03-09,5.557480812072754,5.636873091378388,5.557480812072754,5.589237723795008,4281300
1995-03-10,5.605118751525879,5.620996667982616,5.557482821572485,5.573361283175018,6137550
1995-03-13,5.684507369995117,5.7162648207792754,5.62099355871779,5.62099355871779,4670550
1995-03-14,5.589239120483398,5.716267344260945,5.573360660654422,5.6845098794572575,4367250
1995-03-15,5.668631076812744,5.700387991496144,5.636873616983696,5.636873616983696,5199750
1995-03-16,5.763901710510254,5.779780167547952,5.66863096828406,5.66863096828406,4670550
1995-03-17,5.811535835266113,5.859171191694816,5.763899933691939,5.77977838583484,8914050
1995-03-20,5.779779434204102,5.906807619533876,5.763900979181076,5.843293799441774,4860450
1995-03-21,5.668631076812744,5.779780278204642,5.620995159641996,5.779780278204642,9004050
1995-03-22,5.700389385223389,5.716267846447321,5.557482689062205,5.636874995181872,7287300
1995-03-23,5.446331977844238,5.6686314870053325,5.430453519353544,5.652753028514639,12366450
1995-03-24,5.462208271026611,5.5574789746955995,5.382815472823704,5.4463292752696955,15336450
1995-03-27,5.525725364685059,5.557482284822996,5.446332519194472,5.4622115244091844,9266400
1995-03-28,5.573359966278076,5.573359966278076,5.446331758326778,5.462210761323149,6434100
1995-03-29,5.589239120483398,5.70038888443197,5.509846821338516,5.557482200825445,9575100
1995-03-30,5.636873722076416,5.636873722076416,5.5574814338877445,5.605117351946607,5927400
1995-03-31,5.620996475219727,5.668632403539524,5.509847247813679,5.525725708871685,5645700
1995-04-03,5.589239120483398,5.6209960401413515,5.557482200825445,5.605118125458111,6156450
1995-04-04,5.541603088378906,5.6051180167544965,5.478089250294764,5.573360552566702,6363900
1995-04-05,5.5098466873168945,5.541603061056669,5.478089223285675,5.493967682728424,5522400
1995-04-06,5.430451393127441,5.5098441996413285,5.366937584032711,5.5098441996413285,4203000
1995-04-07,5.446331977844238,5.49396735331632,5.398696057226467,5.430453519353544,6548400
1995-04-10,5.557480812072754,5.573359267933881,5.430452620038141,5.430452620038141,5040900
1995-04-11,5.33518123626709,5.620994526516141,5.271667414054229,5.43045251473197,14400900
1995-04-12,5.398697853088379,5.430455325779492,5.287548606680032,5.335183997997895,11569500
1995-04-13,5.493966579437256,5.509845580836926,5.4463312106750825,5.493966579437256,7085700
1995-04-17,5.493966579437256,5.541601948199429,5.462210212074753,5.509845580836926,7929450
1995-04-18,5.366939544677734,5.509846212492873,5.366939544677734,5.493967209272813,7549650
1995-04-19,5.3034257888793945,5.4780893933166235,5.255789863926886,5.398696548492935,8171550
1995-04-20,5.2875447273254395,5.335180083694295,5.255787277934065,5.303423179448392,10856700
1995-04-21,5.319305419921875,5.43045465255074,5.287547951167825,5.303426412971949,4753800
1995-04-24,5.2875447273254395,5.414572889454527,5.255787277934065,5.335180083694295,6948000
1995-04-25,5.176397800445557,5.271668554372939,5.144640337324057,5.255789550239335,13203900
1995-04-26,5.192276477813721,5.255790323105041,5.112883626053785,5.128762632522401,9814950
1995-04-27,5.366939544677734,5.398695915680829,5.144640041344996,5.160518499419381,7188300
1995-04-28,5.3034257888793945,5.414575553574263,5.287547328943805,5.382818633703083,5742450
1995-05-01,5.271667957305908,5.303424871684927,5.23991104292689,5.303424871684927,5978250
1995-05-02,5.255789279937744,5.303425199597259,5.208153905423908,5.303425199597259,4208850
1995-05-03,5.446331977844238,5.446331977844238,5.271668389300915,5.319304309918686,11565900
1995-05-04,5.319305419921875,5.525725968521283,5.208155097001405,5.462212121304789,9139950
1995-05-05,5.2399115562438965,5.351060767458962,5.208154093608179,5.335182308713952,6804450
1995-05-08,5.2875447273254395,5.303423179448392,5.192273469442257,5.239909370956584,8428050
1995-05-09,5.319305419921875,5.398697183796689,5.271669489363702,5.3351833365801955,9931050
1995-05-10,5.319305419921875,5.43045465255074,5.271669489363702,5.382819267138369,8860050
1995-05-11,5.430451393127441,5.446329845401123,5.287544777518824,5.319302227211664,10219950
1995-05-12,5.620996475219727,5.652753942481517,5.430454397377868,5.430454397377868,15894900
1995-05-15,5.525725364685059,5.716267430658425,5.525725364685059,5.6527535903825505,9503100
1995-05-16,5.2399115562438965,5.287546932478924,5.144640258628143,5.271668473733915,43512750
1995-05-17,5.176397800445557,5.239911636397145,5.160518796311953,5.239911636397145,17736750
1995-05-18,5.112881183624268,5.192273997458161,5.09700327503212,5.176396088866014,11957850
1995-05-19,5.081124782562256,5.128760143412164,5.065245783800099,5.081124782562256,11560950
1995-05-22,5.33518123626709,5.33518123626709,5.128760768929704,5.144639224482919,10589850
1995-05-23,5.319305419921875,5.366940805334246,5.303426412971949,5.3351833365801955,8029800
1995-05-24,5.3034257888793945,5.430454013509853,5.239911949137034,5.319304793960724,9666900
1995-05-25,5.224032878875732,5.335182085439259,5.192275417569049,5.335182085439259,8702100
1995-05-26,5.160515308380127,5.224029646548824,5.144636860124287,5.224029646548824,4707900
1995-05-30,5.192276477813721,5.224033945605167,5.160519555168061,5.160519555168061,5012550
1995-05-31,5.2875447273254395,5.319302176716814,5.1763955624647755,5.192273469442257,7823700
1995-06-01,5.255789279937744,5.319304202914216,5.2399113669121435,5.319304202914216,5687100
1995-06-02,5.33518123626709,5.366938692519109,5.20815304669578,5.224032047394584,7678800
1995-06-05,5.33518123626709,5.398695058479952,5.271667414054229,5.33518123626709,5703750
1995-06-06,5.255789279937744,5.335182115939817,5.2399113669121435,5.28754674142598,8030700
1995-06-07,5.192276477813721,5.287547790896487,5.176398561636677,5.287547790896487,10621350
1995-06-08,5.230431079864502,5.246328985289336,5.166838912351814,5.214532628626318,7651350
1995-06-09,5.230431079864502,5.278124796139005,5.1827373635899985,5.246328985289336,5030100
1995-06-12,5.325819969177246,5.3576152396519605,5.262227244974045,5.262227244974045,6360750
1995-06-13,5.405309200286865,5.405309200286865,5.341717564931705,5.341717564931705,11155950
1995-06-14,5.500694751739502,5.516593199318151,5.373511537616103,5.421205242912378,7447500
1995-06-15,5.38940954208374,5.532491206512395,5.37351164001536,5.532491206512395,10615950
1995-06-16,5.166835308074951,5.341712691570655,5.071447396253219,5.341712691570655,31963050
1995-06-19,5.0078582763671875,5.166837843542453,4.960164569958579,5.166837843542453,26950050
1995-06-20,4.976059436798096,5.135039470250135,4.944264194245836,5.007855770976281,23677200
1995-06-21,4.944265842437744,5.039653785144349,4.912469497660112,5.007857440366717,13181400
1995-06-22,5.023759365081787,5.055555189522334,4.928371345946563,4.976065082607384,15456600
1995-06-23,5.087347030639648,5.119142280960102,4.960163300292347,4.991959096425899,16488450
1995-06-26,5.071450233459473,5.119143943145945,5.055552330230649,5.08734868250157,11585250
1995-06-27,5.0078582763671875,5.135042039270047,4.991960374230985,5.135042039270047,9333900
1995-06-28,5.087347030639648,5.135040724839975,5.007856994492674,5.007856994492674,8435700
1995-06-29,5.119141101837158,5.166835330864879,5.055549524217492,5.135039542055046,7742700
1995-06-30,5.182736396789551,5.182736396789551,5.135042143598702,5.150940046057903,5998050
1995-07-03,5.206579208374023,5.230426317705816,5.150936317141744,5.150936317141744,2981700
1995-07-05,5.2622270584106445,5.294023419384958,5.230431789063177,5.2622270584106445,11185650
1995-07-06,5.38940954208374,5.405306898338886,5.2463278776550855,5.278123681791846,10682550
1995-07-07,5.500694751739502,5.548388457035777,5.373511537616103,5.389409439381528,18651600
1995-07-10,5.405309200286865,5.548390925649442,5.357615473770496,5.516595653785329,6625350
1995-07-11,5.38940954208374,5.484796954494021,5.341715290065366,5.405306898338886,10444050
1995-07-12,5.468898773193359,5.468898773193359,5.3735108293602005,5.405306082887051,5489550
1995-07-13,5.564286231994629,5.5801841318382905,5.453000387275842,5.468898832932661,10987200
1995-07-14,5.484797477722168,5.580185445045321,5.468900119950477,5.532491734290388,8380350
1995-07-17,5.500694751739502,5.500694751739503,5.437103144677803,5.4530010464432275,3713850
1995-07-18,5.421205043792725,5.484796648518718,5.405306596798022,5.484796648518718,5160150
1995-07-19,5.341714859008789,5.43710280953485,5.294021156652354,5.405306462150703,7893900
1995-07-20,5.421205043792725,5.421205043792725,5.309919189709031,5.373511340248229,4822200
1995-07-21,5.437103271484375,5.500694880029187,5.421205369348172,5.437103271484375,5671350
1995-07-24,5.421205043792725,5.453000846155722,5.389409241429727,5.437102944974223,3180150
1995-07-25,5.596083164215088,5.611981613089429,5.453001490852165,5.548388909218601,11870550
1995-07-26,5.659672737121582,5.691467982907445,5.596080608110801,5.596080608110801,7605000
1995-07-27,5.707369327545166,5.723267231430997,5.675573519773504,5.707369327545166,4768200
1995-07-28,5.643777847290039,5.7550642795477005,5.596084129876781,5.67557420471224,5160150
1995-07-31,5.596083164215088,5.6437768733983065,5.564287358092942,5.6437768733983065,4947750
1995-08-01,5.596083164215088,5.611981613089429,5.516593648909724,5.596083164215088,4231350
1995-08-02,5.627879619598389,5.707369689887405,5.596083809808115,5.659675975201994,6589800
1995-08-03,5.611983299255371,5.611983299255371,5.516595306415569,5.59608484560421,3955950
1995-08-04,5.548388957977295,5.64377692299526,5.516593697389004,5.6119816624069685,2682450
1995-08-07,5.548388957977295,5.627879019794478,5.532491600589786,5.56428740699135,4119300
1995-08-08,5.532492637634277,5.580186356176627,5.516594731453494,5.548389998001685,2565000
1995-08-09,5.38940954208374,5.516593304444015,5.357613192133746,5.500694856562401,5201550
1995-08-10,5.421205043792725,5.421205043792725,5.325817636703733,5.389409241429727,6420600
1995-08-11,5.405309200286865,5.405309200286865,5.357615473770496,5.389411837261542,2624400
1995-08-14,5.500694751739502,5.500694751739503,5.389409439381528,5.40530679533373,3334950
1995-08-15,5.38940954208374,5.484796954494021,5.341715290065366,5.484796954494021,12647700
1995-08-16,5.4530029296875,5.627880455315945,5.357614940338616,5.468901382756824,9782100
1995-08-17,5.437103271484375,5.453001173620578,5.405306921398733,5.453001173620578,3748500
1995-08-18,5.437103271484375,5.484796977892984,5.357613214990124,5.453001173620578,6619050
1995-08-21,5.357614994049072,5.437105076938939,5.341717086633783,5.437105076938939,4155300
1995-08-22,5.325819969177246,5.373513693609483,5.294023607075645,5.373513693609483,5647950
1995-08-23,5.246330738067627,5.341718202485208,5.230432827331364,5.3258208375624765,4700700
1995-08-24,5.2622270584106445,5.325819780359272,5.230431789063177,5.278125511804513,4969800
1995-08-25,5.2781243324279785,5.294022236456098,5.230430620343618,5.278124332427978,3149550
1995-08-28,5.182736396789551,5.294021714003955,5.119143695326254,5.294021714003955,4766400
1995-08-29,5.119141101837158,5.198631119674713,5.103243753245213,5.150937436459962,5330700
1995-08-30,5.150941848754883,5.182738210614439,5.103248124685706,5.119145486895326,5265450
1995-08-31,5.087347030639648,5.135040724839975,5.055550688693001,5.135040724839975,9100350
1995-09-01,5.087347030639648,5.135040724839975,5.071448586759776,5.103244928706424,6445350
1995-09-05,5.2781243324279785,5.278124332427978,5.119144200520176,5.119144200520176,8944200
1995-09-06,5.29401969909668,5.3258160377266215,5.262223360466738,5.309917595505131,8221050
1995-09-07,5.348140716552734,5.379975313600912,5.300389640685138,5.316306665974336,5351850
1995-09-08,5.364057540893555,5.395892136749145,5.332224037977484,5.395892136749145,4272300
1995-09-11,5.379975318908691,5.443643420128302,5.364057747134009,5.395892344213594,3745350
1995-09-12,5.157135009765625,5.459559532952779,5.0616323274282164,5.3958914423743005,19184850
1995-09-13,5.077547550201416,5.125298601208649,5.029796499194184,5.093465113673323,25112250
1995-09-14,4.91837739944458,5.093465699549638,4.902460927080872,5.093465699549638,31814550
1995-09-15,5.061631679534912,5.12529976196382,5.045715205397304,5.061631679534912,24563700
1995-09-18,5.157135009765625,5.220803100344104,5.093466919187145,5.093466919187145,13646700
1995-09-19,5.252640724182129,5.284474787847535,5.204889082214016,5.220806114046718,11962350
1995-09-20,5.348140716552734,5.459560440046908,5.300389640685138,5.443643414757709,9784800
1995-09-21,5.188971042633057,5.44364402214579,5.1730534690980345,5.316307259154502,7925850
1995-09-22,5.141218185424805,5.204886278459049,5.093467115649122,5.157135208683366,6687450
1995-09-25,5.109383583068848,5.204885712230743,5.077548993545231,5.204885712230743,4821750
1995-09-26,5.109383583068848,5.173051669176778,5.061631972018249,5.141217626122813,7158150
1995-09-27,5.045714855194092,5.109382933204049,5.029797289222021,5.077548347729489,9888750
1995-09-28,5.0934648513793945,5.0934648513793945,4.982044645161241,5.061630272544436,9333000
1995-09-29,5.077547550201416,5.125298601208649,5.061630533199006,5.109382130675734,8115750
1995-10-02,5.045714855194092,5.09346591370156,5.029797289222021,5.077548347729489,6022800
1995-10-03,5.045714855194092,5.061631328227,4.997963250217042,5.045714855194092,7794000
1995-10-04,4.96613073348999,5.029798831016256,4.838793445497959,5.01388180663469,14707350
1995-10-05,4.9979658126831055,4.9979658126831055,4.870629044907819,4.918380127897353,15565500
1995-10-06,4.8865437507629395,5.061631518335998,4.870626730662626,4.997963437934741,9992700
1995-10-09,4.934296607971191,4.934296607971191,4.870628504384121,4.8865455302808884,4263300
1995-10-10,5.0298004150390625,5.077551503221896,4.88654660402064,4.902464179884839,11484450
1995-10-11,5.0298004150390625,5.109386108480373,4.966132297461951,5.0298004150390625,7184700
1995-10-12,4.9979658126831055,5.029799868009462,4.96613175735675,5.013882840346284,4976100
1995-10-13,4.950213432312012,5.029798549769759,4.934295862350744,5.013881526278209,5235750
1995-10-16,4.934296607971191,4.966131206234528,4.918379582074424,4.934296607971191,4325400
1995-10-17,4.902462482452393,4.934295983748971,4.854710864333195,4.902462482452393,7400250
1995-10-18,4.8387908935546875,4.934293535946434,4.8387908935546875,4.9024600504418,5415300
1995-10-19,4.775125026702881,4.838793119945579,4.711456933460182,4.775125026702881,14587200
1995-10-20,4.854711532592773,4.902463157285066,4.775125855752158,4.806960454370288,8622450
1995-10-23,4.91837739944458,4.950211983580673,4.822875286444977,4.838791758808686,7298550
1995-10-24,4.806960105895996,4.918379280337941,4.791042534505951,4.8865452304973855,6790950
1995-10-25,4.679623126983643,4.7910422958760766,4.663706102856152,4.7751252717485855,12971700
1995-10-26,4.7114577293396,4.775125833337384,4.663706651341261,4.7114577293396,9444600
1995-10-27,4.695537567138672,4.743289165270356,4.66370407916672,4.711455130828902,7088850
1995-10-30,4.8387908935546875,4.886542487985291,4.743288797632402,4.743288797632402,6464250
1995-10-31,4.743291854858398,4.9024632102595875,4.727374828612242,4.838794012335336,7340850
1995-11-01,4.8387908935546875,4.8547084560111955,4.743288797632402,4.743288797632402,5579100
1995-11-02,5.141218185424805,5.141218185424805,4.854710673831285,4.854710673831285,14710050
1995-11-03,5.157135009765625,5.220803100344104,5.125300418006696,5.157135009765625,11341350
1995-11-06,5.188971042633057,5.204887523228396,5.077550760237108,5.141219414967673,4972050
1995-11-07,5.173051357269287,5.2208024189710995,5.157134336702016,5.188968924306176,5108850
1995-11-08,5.268556594848633,5.316308231245439,5.188971991440466,5.204888474946146,11232000
1995-11-09,5.268556594848633,5.316308231245439,5.252640111342952,5.316308231245439,5694300
1995-11-10,5.300388813018799,5.300388813018799,5.236720721803903,5.268554220941656,3940650
1995-11-13,5.316305637359619,5.316305637359619,5.1889694596834115,5.252637548521515,5199750
1995-11-14,5.523224830627441,5.539141843648543,5.332220127904856,5.3481365944566,19959300
1995-11-15,5.570979595184326,5.5868966188496545,5.491393930387957,5.539145547853669,12703050
1995-11-16,5.539144992828369,5.602813081110107,5.523227970757934,5.586896059039673,10342350
1995-11-17,5.666479587554932,5.682396603647,5.570976944533057,5.586893960625125,14705550
1995-11-20,5.618731498718262,5.666482572145413,5.602813927772792,5.666482572145413,6810300
1995-11-21,5.634648323059082,5.650565348513143,5.618731844074808,5.634648323059082,5092200
1995-11-22,5.555062294006348,5.650564987091958,5.539145816040122,5.634647962655982,9983700
1995-11-24,5.586896896362305,5.586896896362305,5.555062300980633,5.555062300980633,1452600
1995-11-27,5.698314666748047,5.714232233760773,5.5868955229462856,5.602812543489394,9267750
1995-11-28,5.682401657104492,5.714235717599206,5.618733536115063,5.682401657104492,10055250
1995-11-29,5.650566101074219,5.714234757839849,5.618732592396191,5.714234757839849,6952050
1995-11-30,5.650566101074219,5.682400702691963,5.6028150183523895,5.6664836751180205,6968250
1995-12-01,5.586896896362305,5.666482565111856,5.570979871906344,5.666482565111856,5200650
1995-12-04,5.491397380828857,5.57098309563177,5.459563313495719,5.555065515495134,6155550
1995-12-05,5.602811336517334,5.634645370745782,5.475475199603542,5.491391670248267,5612400
1995-12-06,5.7526044845581055,5.76854016350798,5.625123429690489,5.625123429690489,7897500
1995-12-07,5.704796314239502,5.720731986966695,5.641055811695565,5.720731986966695,3954150
1995-12-08,5.625123977661133,5.704799097623511,5.593253163748115,5.6888645113042156,3383550
1995-12-11,5.625123977661133,5.641058563980428,5.561382349835098,5.625123977661133,4662900
1995-12-12,5.7526044845581055,5.7526044845581055,5.593252618882162,5.625123429690489,5831100
1995-12-13,5.736666202545166,5.752601325653223,5.6410549168057065,5.704795409237931,3750300
1995-12-14,5.832277297973633,5.92788803350213,5.752601137942113,5.752601137942113,13133700
1995-12-15,5.784474849700928,5.784474849700928,5.656993245506606,5.736669453287345,16857000
1995-12-18,5.736666202545166,5.752601325653223,5.6410549168057065,5.72073107943711,7008750
1995-12-19,5.896021366119385,5.911957045468578,5.704798684843415,5.736669496450367,7625700
1995-12-20,5.991631984710693,6.039437927179474,5.88008606216352,5.88008606216352,10615950
1995-12-21,6.023499965667725,6.055370761371792,5.959759468441916,6.007564841361273,9100800
1995-12-22,6.007565498352051,6.119111927787159,6.007565498352051,6.055371423590653,5506200
1995-12-26,6.08724308013916,6.119113889546267,5.9916317461006345,5.9916317461006345,5686200
1995-12-27,6.08724308013916,6.119113889546267,6.055373364914849,6.071307948981305,3694050
1995-12-28,6.023499965667725,6.055370761371792,5.959759468441916,6.007564841361273,6258600
1995-12-29,6.08724308013916,6.103178758388412,6.023502555507742,6.039437686665596,3718350
1996-01-02,6.039440155029297,6.055375839791581,5.943828781913698,6.055375839791581,6835500
1996-01-03,5.927887916564941,5.975693830477245,5.864147427469994,5.927887916564941,11496150
1996-01-04,5.911956310272217,5.975696831376634,5.832280111800326,5.9278908934569525,9165150
1996-01-05,5.768538951873779,5.864149722942236,5.720733019248245,5.800408661805291,9049050
1996-01-08,5.609187126159668,5.7047979066641545,5.609187126159667,5.672928193587354,4271400
1996-01-09,5.545449733734131,5.609190290023315,5.481709177444947,5.593255150951019,8620200
1996-01-10,5.609187126159668,5.609187126159667,5.4339001481434135,5.4339001481434135,9157950
1996-01-11,5.577315807342529,5.593250934401911,5.529510426164385,5.593250934401911,9985500
1996-01-12,5.545449733734131,5.593255150951019,5.481709177444947,5.577320011878723,8393400
1996-01-15,5.545449733734131,5.577320011878723,5.529514594661835,5.545449733734131,4529700
1996-01-16,5.593253135681152,5.625123949434242,5.481707202365494,5.609188269011961,7642800
1996-01-17,5.290482997894287,5.5932515389287145,5.290482997894287,5.561380734274051,10347300
1996-01-18,5.417966842651367,5.449837663862157,5.3223560202938,5.338291704444995,7651800
1996-01-19,5.593253135681152,5.656993669004385,5.417965574859315,5.433901255281596,8244000
1996-01-22,5.641058444976807,5.688864391292081,5.577317912678391,5.593253045752995,5710500
1996-01-23,5.832277297973633,5.832277297973633,5.62512015723745,5.656989855322512,8209800
1996-01-24,5.848214149475098,5.91195575881656,5.8004087631059775,5.832279567776708,6056550
1996-01-25,5.816343784332275,5.848213491233298,5.784472983248741,5.848213491233298,3347100
1996-01-26,5.7526044845581055,5.800409880133462,5.7366693526996535,5.7366693526996535,3405600
1996-01-29,5.609187126159668,5.784474104175922,5.609187126159667,5.736668713923678,5991300
1996-01-30,5.704796314239502,5.736667112602679,5.625121233150789,5.656990937331549,5202900
1996-01-31,5.8641486167907715,5.880083742296345,5.704796267552618,5.720731940149396,8037450
1996-02-01,5.880087375640869,5.911958193436409,5.800411151789332,5.86415224028887,4600800
1996-02-02,5.800408840179443,5.880085032278,5.768539129267875,5.864149903276553,5634000
1996-02-05,5.848214149475098,5.848214149475098,5.704797443276419,5.7526033767368565,3236400
1996-02-06,5.7526044845581055,5.848215275708818,5.7207342208412015,5.848215275708818,5702850
1996-02-07,5.832277297973633,5.8800826657378815,5.800406505706363,5.848211873470611,4890600
1996-02-08,5.927887916564941,5.927887916564941,5.83227718292252,5.848211758105164,6691500
1996-02-09,5.991631984710693,6.039437927179474,5.864150930371067,5.864150930371067,9994950
1996-02-12,5.911956310272217,6.039437352481052,5.911956310272216,5.991631414561371,4348800
1996-02-13,6.007565498352051,6.039435750450304,5.848213143678341,5.848213143678341,6295950
1996-02-14,5.959761619567871,6.007567009742182,5.927890812360303,5.975696749625975,5520150
1996-02-15,6.119114875793457,6.119114875793458,5.9438273106223205,5.959762991440004,9328500
1996-02-16,6.039440155029297,6.119116390474232,6.007569879687971,6.119116390474232,8064450
1996-02-20,5.832277297973633,6.039434438709815,5.784471383118279,6.039434438709815,7265700
1996-02-21,5.911956310272217,5.911956310272216,5.768539590695908,5.848214694985062,8152650
1996-02-22,6.023499965667725,6.039435089974177,5.896018424124946,5.959759468441916,7456500
1996-02-23,5.959761619567871,6.071307529974596,5.880085422185993,6.055372947007853,6509250
1996-02-26,5.720732688903809,5.864149384316185,5.7047970142213,5.8004083268599755,6311250
1996-02-27,5.625123977661133,5.7685407254495455,5.625123977661133,5.736669911536528,7910550
1996-02-28,5.5295090675354,5.752601338643072,5.481703698103283,5.688860846066916,8199000
1996-02-29,5.513575553894043,5.641057136000946,5.4498350363862595,5.513575553894043,5979600
1996-03-01,5.641058444976807,5.6729292582174775,5.5135768332885124,5.609188178827599,5637600
1996-03-04,6.071305274963379,6.198787362261384,5.688861201433991,5.704795778482296,23203800
1996-03-05,6.198789596557617,6.246594986207011,5.975696684011073,6.023502073660466,13982850
1996-03-06,6.029699802398682,6.237070187121606,6.029699802398682,6.237070187121606,7738200
1996-03-07,6.141361713409424,6.173265319307572,5.965894893068696,5.997797403658084,6066450
1996-03-08,5.949944019317627,6.141362955137807,5.902089422276204,6.029702228707822,11778300
1996-03-11,6.1254096031188965,6.125409603118897,5.902087141258806,5.9499417198055635,6676200
1996-03-12,6.189218997955322,6.205171080271771,6.045654638343846,6.061606720660294,11975850
1996-03-13,6.189218997955322,6.205171080271771,6.125412859307808,6.205171080271771,4668750
1996-03-14,6.189218997955322,6.237073601940957,6.157315928631565,6.189218997955321,7033050
1996-03-15,6.316827774047852,6.3487313705771315,6.1892150308933855,6.221118079768447,13860000
1996-03-18,6.3806376457214355,6.380637645721436,6.28492789483307,6.3327830441045245,8010000
1996-03-19,6.300881862640381,6.428494171821814,6.205172630754306,6.380639555878777,15365250
1996-03-20,6.268978118896484,6.268978118896484,6.15731681257862,6.253026581944597,6569550
1996-03-21,6.173266410827637,6.2849271344240085,6.173266410827637,6.2689761501361465,3699900
1996-03-22,6.284926891326904,6.316830501632047,6.221120766025531,6.237072297350875,3930300
1996-03-25,6.253024101257324,6.316830223751838,6.205169509386439,6.316830223751838,3820500
1996-03-26,6.173266410827637,6.237072538596992,6.157314878885298,6.221121006654654,6291900
1996-03-27,6.189218997955322,6.284928205926592,6.141363846315117,6.205171080271771,4497750
1996-03-28,6.205169677734375,6.268975801959966,6.141362458199891,6.173266067967133,6105150
1996-03-29,6.093507766723633,6.268975700822062,6.093507766723633,6.268975700822062,4644450
1996-04-01,6.093507766723633,6.141362359120784,6.0775562359245825,6.125411375976171,3196800
1996-04-02,6.029699802398682,6.109457979694742,6.013748276470324,6.077554380183756,4626450
1996-04-03,5.997798442840576,6.029702054266365,5.965895926723737,5.997798442840576,4727700
1996-04-04,5.965898036956787,5.981849574484757,5.90209133919024,5.965898036956787,5296950
1996-04-08,5.8063812255859375,5.9180430770375265,5.774478700057054,5.8063812255859375,6001650
1996-04-09,5.854233741760254,5.902088882076132,5.806379149098815,5.902088882076132,5500350
1996-04-10,5.662815093994141,5.838283037444397,5.64686356234493,5.7904278948422965,9544950
1996-04-11,5.614959239959717,5.854232708698165,5.4235398077837464,5.662813824176538,30580200
1996-04-12,5.726621627807617,5.758524690323659,5.614960361347018,5.726621627807617,17939250
1996-04-15,5.854233741760254,5.902088882076132,5.774476634978964,5.774476634978964,7732800
1996-04-16,5.918040752410889,5.949943265408355,5.870185613778635,5.8861371441045796,5431950
1996-04-17,5.886137008666992,5.96589520611593,5.838282418790275,5.9339915985437095,7745850
1996-04-18,5.886137008666992,5.949943128502616,5.870185478708087,5.918040616239212,5339700
1996-04-19,5.933990478515625,5.965894080066108,5.886135897671358,5.902087424619447,6103800
1996-04-22,5.918040752410889,6.029701464692496,5.918040752410889,5.933991735082412,5534550
1996-04-23,5.886137008666992,5.918040616239212,5.838282418790275,5.886137008666992,6219000
1996-04-24,5.870185852050781,5.902088913997622,5.822331259130522,5.902088913997622,4095450
1996-04-25,5.981846809387207,6.0297013998504205,5.854233472843139,5.870185550651959,5951250
1996-04-26,6.01375150680542,6.077557644792833,5.96589690331486,6.01375150680542,3343500
1996-04-29,6.045655727386475,6.061607812576474,5.9658980397098205,5.981849577245151,3682350
1996-04-30,6.045655727386475,6.093510339992466,6.013752652315812,6.029704189851143,3383100
1996-05-01,6.045655727386475,6.061607812576474,5.981849577245151,6.013752652315812,4891950
1996-05-02,5.949944019317627,6.045653761054962,5.918041502277836,6.013750696360681,5331600
1996-05-03,5.949944019317627,6.013750696360681,5.918041502277836,5.949944019317627,4986000
1996-05-06,5.933990478515625,6.013748660910375,5.902087424619447,6.013748660910375,3640050
1996-05-07,5.949944019317627,5.981847631666399,5.902089422276204,5.933992486970486,4727700
1996-05-08,5.870185852050781,5.933991975944462,5.806379180502658,5.918040992625485,7648200
1996-05-09,6.077559471130371,6.07755947113037,5.8701889127008045,5.902091991281549,6054750
1996-05-10,6.316827774047852,6.316827774047851,6.141359909926574,6.1573119820183235,13252950
1996-05-13,6.6518120765686035,6.6518120765686035,6.332780435242223,6.3487325101974275,19652850
1996-05-14,6.779421806335449,6.843227881807845,6.603954003478303,6.63585758886853,23334750
1996-05-15,6.556105613708496,6.779428183232651,6.5401540798359905,6.763476101705603,9742500
1996-05-16,6.683721542358398,6.763479248833136,6.492302499164234,6.524205034099331,10876050
1996-05-17,6.6199116706848145,6.763476021489195,6.603960137001499,6.715620872784711,6705000
1996-05-20,6.795379638671875,6.795379638671876,6.588009136355827,6.588009136355827,4572000
1996-05-21,6.731574058532715,6.779429215088516,6.699670985931931,6.763477131133498,4786650
1996-05-22,6.683721542358398,6.731576166243241,6.667769453408654,6.683721542358399,5073300
1996-05-23,6.6199116706848145,6.715620872784711,6.588008603318182,6.6199116706848145,5615100
1996-05-24,6.6199116706848145,6.6518147380514465,6.588008603318182,6.588008603318182,3809250
1996-05-28,6.57205867767334,6.667768458821422,6.492301530750251,6.651816919905861,3219750
1996-05-29,6.460395812988281,6.572056549234548,6.428492197834809,6.540154029390154,4587300
1996-05-30,6.603960037231445,6.6518146375584255,6.33278287340284,6.380637473729819,6059700
1996-05-31,6.524202346801758,6.619912102803704,6.428492590799811,6.619912102803704,5694750
1996-06-03,6.635866165161133,6.635866165161133,6.444446596042376,6.492301762149433,3424050
1996-06-04,6.986798286437988,7.018701352425965,6.811330328195091,6.811330328195091,15159150
1996-06-05,7.130366325378418,7.194172490413216,6.85918848101614,7.018704988912727,10741500
1996-06-06,7.018700122833252,7.273925701333607,7.018700122833253,7.273925701333607,7301700
1996-06-07,6.9624924659729,6.994430932344219,6.786833916321002,6.834740793498792,6818400
1996-06-10,7.154118061065674,7.154118061065674,6.91458320935253,6.978459571861277,5232150
1996-06-11,7.2499308586120605,7.2978377095767355,7.106209757465543,7.170086107004269,9389700
1996-06-12,7.058304786682129,7.233963835263572,7.010397374703454,7.217995428940863,4382550
1996-06-13,6.978459358215332,7.138149437219374,6.946520903812455,7.05830412359106,5166000
1996-06-14,6.9305500984191895,7.010394287886284,6.9145806026228955,6.9465184977106915,3330450
1996-06-17,6.914582252502441,6.978458606171884,6.898613301148211,6.930551752109197,2922300
1996-06-18,6.770865440368652,6.914586642046885,6.754896478876946,6.8826487190634715,3290850
1996-06-19,6.786825656890869,6.882639294643184,6.77085616901336,6.77085616901336,5311350
1996-06-20,6.818769454956055,6.834738957979382,6.738924681102637,6.802800500185371,3550500
1996-06-21,6.9944281578063965,7.058303968705303,6.818768581329255,6.8507070350312835,7465500
1996-06-24,6.9944281578063965,7.106210826879483,6.962489704104369,7.042335015980576,3523500
1996-06-25,7.042333126068115,7.074271571198997,6.978457332311207,6.994426280750434,5431050
1996-06-26,6.738924980163574,7.058305186256027,6.738924980163574,7.042336230776671,6332850
1996-06-27,7.010396957397461,7.010396957397461,6.6590788811473915,6.706986290274295,8827200
1996-06-28,6.898612976074219,7.010395630286439,6.866674526618226,7.010395630286439,5350050
1996-07-01,6.9305500984191895,6.9465184977106915,6.834735864903405,6.9145806026228955,4557150
1996-07-02,6.898612976074219,6.9545045773065794,6.866674526618226,6.930551425530211,5322150
1996-07-03,7.074275016784668,7.090243424749017,6.86667694120503,6.882646445674767,5975100
1996-07-05,6.914582252502441,6.946520155210899,6.850706447085525,6.866674850187227,3195450
1996-07-08,6.611171722412109,6.866675517149459,6.51535745672774,6.866675517149459,14265450
1996-07-09,6.7069878578186035,6.8028016019606055,6.579235102457135,6.643112028390602,9175500
1996-07-10,6.643112659454346,6.722956905571435,6.563267316831688,6.722956905571435,6192000
1996-07-11,6.419546127319336,6.722956893639128,6.355670291936809,6.722956893639128,8745750
1996-07-12,6.499392032623291,6.515360444598944,6.339701333832787,6.419546683228039,7969050
1996-07-15,6.259852409362793,6.547294600644707,6.180007112561163,6.531325102682405,7162200
1996-07-16,6.355668067932129,6.387605426194941,6.132101625819114,6.243884298623029,13343850
1996-07-17,6.62714147567749,6.691017843265614,6.403575559750674,6.515358243587759,6978600
1996-07-18,6.818769454956055,6.834738957979382,6.547296675601793,6.67504831376726,6797700
1996-07-19,6.722951412200928,6.850704075310703,6.714967761666615,6.850704075310703,7318350
1996-07-22,6.691020965576172,6.706989927861828,6.483423359356842,6.5792371330707775,3978450
1996-07-23,6.435513496398926,6.675048936822939,6.419545088390379,6.611173111777973,5088150
1996-07-24,6.387605667114258,6.435512528694252,6.16403976482167,6.16403976482167,8437050
1996-07-25,6.33969783782959,6.4674499974618325,6.339697837829589,6.435511546364375,3730500
1996-07-26,6.45148229598999,6.46745125050638,6.3556685688916525,6.387605929671796,3238200
1996-07-29,6.595204830169678,6.722956493327898,6.435514154716399,6.4514836608639285,4623300
1996-07-30,6.579235553741455,6.627142977351265,6.515359719932069,6.595205060446572,2552400
1996-07-31,6.435513496398926,6.595204155516731,6.435513496398925,6.547297286733007,4645800
1996-08-01,6.62714147567749,6.643110978764006,6.419544514584543,6.451482424252282,4996350
1996-08-02,6.866674423217773,6.962488673637949,6.75489177068881,6.770860721050091,6519150
1996-08-05,6.7069878578186035,6.866677431388607,6.691018900461603,6.834740064927339,2473200
1996-08-06,6.691020965576172,6.770865777004451,6.643114078719205,6.659082492751958,3719700
1996-08-07,6.770865440368652,6.802803363352065,6.706989594401826,6.722958007640657,5161500
1996-08-08,6.850703239440918,6.866671635065878,6.67504376028684,6.754889027925264,4320900
1996-08-09,6.978459358215332,7.010396716113037,6.818768730958705,6.882645091511873,5474700
1996-08-12,7.074275016784668,7.10621238096606,6.946522270542938,6.962491226759981,5458500
1996-08-13,7.010396957397461,7.138149682900801,6.898614282024097,7.074273868401736,8237700
1996-08-14,6.882647514343262,7.010399183915602,6.802802172607769,6.898616473039803,9849600
1996-08-15,6.738924980163574,6.850708216771733,6.738924980163574,6.834739261292378,4743900
1996-08-16,6.738924980163574,6.882646127730445,6.72295547643155,6.75489393564293,6375150
1996-08-19,6.818769454956055,6.818769454956054,6.72295517807931,6.770862590644004,3303900
1996-08-20,6.754894256591797,6.818770081544186,6.754894256591797,6.818770081544186,2322900
1996-08-21,6.850703239440918,6.850703239440918,6.722950591918533,6.770857971802495,3136950
1996-08-22,6.914582252502441,6.946520155210899,6.866674850187227,6.866674850187227,5374800
1996-08-23,6.866674423217773,6.914581822554108,6.834737070747705,6.914581822554108,2019600
1996-08-26,6.882647514343262,6.962492307825975,6.850709596950176,6.882647514343261,3420000
1996-08-27,6.914582252502441,6.930551752109197,6.866674850187227,6.9145822525024405,3008700
1996-08-28,7.026365280151367,7.0423342310963175,6.9145820752842,6.9305515744816635,5456250
1996-08-29,6.914582252502441,7.0423344115888,6.882644349793983,7.026365460234571,6023700
1996-08-30,6.786825656890869,6.898608234268569,6.738918289762588,6.898608234268569,3803400
1996-09-03,6.754894256591797,6.786832717320686,6.627142058434324,6.6431115629251165,3717000
1996-09-04,6.834737300872803,6.8666746544181985,6.7548919981255215,6.7548919981255215,4416750
1996-09-05,6.786825656890869,6.882639294643184,6.7548872293879745,6.8347324757670265,4141350
1996-09-06,6.9305500984191895,6.994425888594782,6.770859526475417,6.770859526475417,3410550
1996-09-09,7.026365280151367,7.0423342310963175,6.946519977174101,6.962488928119051,3503700
1996-09-10,7.002068042755127,7.066013624024858,6.970094703268841,7.0500272287074255,3190500
1996-09-11,7.050023555755615,7.050023555755615,6.938118846834186,6.970091071960603,3411450
1996-09-12,7.1459503173828125,7.177923126666016,7.00207212675666,7.050031340681465,5615100
1996-09-13,7.225877285003662,7.305808697364588,7.177917559425002,7.177917559425002,8434350
1996-09-16,7.449687480926514,7.577579728663699,7.30580938828639,7.321796330892062,11140650
1996-09-17,7.305806636810303,7.5136313239005,7.305806636810303,7.481657999582153,6004800
1996-09-18,7.19390344619751,7.33778151512146,7.177917055078324,7.305808184031812,3311550
1996-09-19,7.289824485778809,7.369757013735022,7.129959978717821,7.193905562001642,4152150
1996-09-20,7.337784290313721,7.353770687479054,7.273838701652386,7.28982509881772,4202100
1996-09-23,7.289824485778809,7.321797277420719,7.209891957822596,7.305810332748327,2524050
1996-09-24,7.241860866546631,7.321793351644898,7.193901704798355,7.289820577146048,3282750
1996-09-25,7.177917003631592,7.257848958654621,7.0819986576039575,7.257848958654621,5793300
1996-09-26,7.241860866546631,7.321793351644898,7.113969219700088,7.145942543050081,6974550
1996-09-27,7.209890842437744,7.225877784636923,7.161931113542909,7.209890842437743,7625250
1996-09-30,7.273836612701416,7.289823005275666,7.19390410097884,7.2098904935530905,6149700
1996-10-01,7.449687480926514,7.465674423532187,7.2898235433834495,7.337782724646369,10060650
1996-10-02,7.4656782150268555,7.5456102243923935,7.3857456568096715,7.481664616899963,6671250
1996-10-03,7.4656782150268555,7.4656782150268555,7.4177190094075325,7.4496912643021025,4389300
1996-10-04,7.5456061363220215,7.6095522580212664,7.481660563474123,7.481660563474123,5974650
1996-10-07,7.481658458709717,7.577577339848701,7.44968513242926,7.529617624853612,3036150
1996-10-08,7.401723384857178,7.481655849404249,7.401723384857178,7.449682534274819,4261050
1996-10-09,7.273836612701416,7.465673872443744,7.24186327870159,7.433701087295243,5481450
1996-10-10,7.369755268096924,7.401727503314288,7.2098902500509485,7.24186303411962,6682950
1996-10-11,7.401723384857178,7.433696699986608,7.337777852300322,7.417710316847393,2974500
1996-10-14,7.417715549468994,7.481661127134483,7.401728606201233,7.401728606201233,1690200
1996-10-15,7.257849216461182,7.465673404605737,7.209890041743803,7.417714229888359,3918600
1996-10-16,7.273836612701416,7.273836612701417,7.19390410097884,7.273836612701417,3228750
1996-10-17,7.305806636810303,7.401725512063025,7.209888310408741,7.33777996112865,3406500
1996-10-18,7.369755268096924,7.369755268096924,7.289822759073936,7.321795543142608,3280950
1996-10-21,7.385740756988525,7.401727148256,7.3217951919186275,7.369754914572332,3141000
1996-10-22,7.337784290313721,7.433703222157205,7.321797893148387,7.401729878975054,3567600
1996-10-23,7.19390344619751,7.289822341763902,7.161930115107862,7.273835950644716,3974850
1996-10-24,7.209890842437744,7.273836964680405,7.145945269046434,7.193904449089916,3792600
1996-10-25,7.066011428833008,7.209889490842846,7.050025038482054,7.177916710140937,4149450
1996-10-28,6.906143665313721,7.0979808063998835,6.874170351090204,7.050021658341089,7226100
1996-10-29,7.0340352058410645,7.0340352058410645,6.8262111352803325,6.890157214241705,7123500
1996-10-30,6.746284008026123,7.034040195340738,6.746284008026124,7.034040195340738,9774900
1996-10-31,7.0180487632751465,7.0180487632751465,6.762266076167135,6.778252459808197,7985250
1996-11-01,6.874174118041992,7.0180521899125425,6.858188275446694,7.002066347317245,4381200
1996-11-04,6.842200756072998,6.906146311318002,6.826213818410549,6.842200756072997,3872250
1996-11-05,6.954106330871582,6.954106330871582,6.858187986236948,6.874173828158123,5773050
1996-11-06,7.0340352058410645,7.06600797089626,6.9221299792968995,6.954102744352095,4858200
1996-11-07,6.970096588134766,7.066015534829354,6.762272843956652,7.018055787056275,10858500
1996-11-08,7.273836612701416,7.321795790424167,6.970093507236687,6.970093507236687,9346500
1996-11-11,7.257849216461182,7.273836156884932,7.145944475453965,7.273836156884932,4057650
1996-11-12,6.826218605041504,7.225880800975767,6.778259404978151,7.225880800975767,22914000
1996-11-13,6.906143665313721,6.906143665313721,6.714306524227557,6.8581845172549265,13030200
1996-11-14,6.810227394104004,6.906146275322773,6.810227394104003,6.842200720411056,8071650
1996-11-15,6.794241905212402,6.9061466320888165,6.778254966807406,6.9061466320888165,9160200
1996-11-18,6.762270927429199,6.842203451829227,6.666352007919449,6.810230112758368,7441650
1996-11-19,6.682339668273926,6.762272207808507,6.666353270137313,6.762272207808507,6793200
1996-11-20,6.554447174072266,6.730297518452711,6.538460230277181,6.698325277416765,12397050
1996-11-21,6.682339668273926,6.746285809671894,6.554448483181024,6.554448483181024,14017050
1996-11-22,6.522474765777588,6.698326232946413,6.490501971329251,6.682339286870758,13963500
1996-11-25,6.634379863739014,6.746285189255542,6.506488690407513,6.506488690407513,12676050
1996-11-26,6.778256893157959,6.810229681352031,6.69832492267278,6.77825689315796,7876350
1996-11-27,6.618391036987305,6.826214666195522,6.602404646190616,6.7462827122120785,4264650
1996-11-29,6.666348457336426,6.682334843931593,6.602402910955756,6.618389297550923,1721700
1996-12-02,6.762270927429199,6.762270927429199,6.650366161661139,6.746284532319477,7881300
1996-12-03,6.737941741943359,6.865979258301071,6.721937739242131,6.817965052298232,6164100
1996-12-04,6.70593786239624,6.7219424257305205,6.6259144962496705,6.657924172393401,5222250
1996-12-05,6.609908580780029,6.721941050677586,6.529885231003187,6.673926821021457,7823250
1996-12-06,6.673921585083008,6.721935777070228,6.41784827554123,6.497871013062214,8635050
1996-12-09,6.785955905914307,6.785955905914307,6.657919489299224,6.689928043978209,5276700
1996-12-10,6.70593786239624,6.8659840452142085,6.70593786239624,6.8179698057361975,6294150
1996-12-11,6.5939040184021,6.72194160845954,6.577900006488801,6.657923362905925,6233850
1996-12-12,6.369835376739502,6.59389906795884,6.3538302778919995,6.59389906795884,12677850
1996-12-13,6.38584041595459,6.465863725317394,6.3538313119993814,6.3538313119993814,9977850
1996-12-16,6.209790229797363,6.417850519032935,6.177781123599528,6.401845416459197,12047400
1996-12-17,6.401845455169678,6.401845455169677,6.225795370017048,6.225795370017048,15609150
1996-12-18,6.417853355407715,6.513881265915644,6.353834565244074,6.417853355407715,8948700
1996-12-19,6.497873783111572,6.529882891765478,6.433855565803762,6.48186922878462,6379200
1996-12-20,6.657923698425293,6.689932273340035,6.529886101915526,6.689932273340035,11123100
1996-12-23,6.529885292053223,6.625913202788219,6.497876171633246,6.625913202788219,3458250
1996-12-24,6.5458879470825195,6.577897607661149,6.481869724875069,6.561893052109286,1766700
1996-12-26,6.513880729675293,6.625912641657532,6.465866503636459,6.577898965093715,4099950
1996-12-27,6.5939040184021,6.609909129265608,6.465867527294869,6.529885772848484,2839050
1996-12-30,6.561892032623291,6.657919900490036,6.54588693008315,6.641914797949895,3654450
1996-12-31,6.417853355407715,6.545889836784869,6.417853355407715,6.529885276612725,4994100
1997-01-02,6.289816856384277,6.449862471638207,6.2578071838583815,6.433858459587924,6869250
1997-01-03,6.369835376739502,6.433853574230741,6.321821179146379,6.3378257285191895,7190100
1997-01-06,6.433855056762695,6.465864162884067,6.385840848105817,6.385840848105817,10133550
1997-01-07,6.577897548675537,6.577897548675537,6.3538326740088955,6.401846340233933,12679200
1997-01-08,6.561892032623291,6.657919900490036,6.513878373427328,6.657919900490036,15584850
1997-01-09,6.513880729675293,6.609908082802927,6.49787562134567,6.5618944062391105,5883300
1997-01-10,6.5458879470825195,6.545887947082519,6.401846397640851,6.4498600642964385,7784100
1997-01-13,6.529885292053223,6.561894961948265,6.465867051213269,6.561894961948265,5056200
1997-01-14,6.561892032623291,6.577896585688612,6.513878373427328,6.529882377017829,4694400
1997-01-15,6.433855056762695,6.545886928187498,6.433855056762694,6.529882375126811,7531650
1997-01-16,6.401845455169678,6.51387842648918,6.3858409019739835,6.465864217427275,9581850
1997-01-17,6.513880729675293,6.5618944062391105,6.433857385927247,6.49787562134567,10371600
1997-01-20,6.801959991455078,6.801959991455078,6.545885548050475,6.5618906472114595,9609750
1997-01-21,6.673921585083008,6.833967609599606,6.625907942570418,6.737939775099796,8390700
1997-01-22,6.561892032623291,6.705933559685999,6.561892032623291,6.705933559685999,8553600
1997-01-23,6.417853355407715,6.625913187120654,6.417853355407715,6.625913187120654,8888850
1997-01-24,6.257801532745361,6.401843005872233,6.193783344455469,6.401843005872233,22484700
1997-01-27,6.1457695960998535,6.289811066715674,6.113759953038313,6.241796876860665,13092300
1997-01-28,6.177781105041504,6.273808972821364,6.129767445888984,6.273808972821364,12576150
1997-01-29,6.209790229797363,6.241799335995199,6.16177602102579,6.177781123599528,6729750
1997-01-30,6.353830814361572,6.369835914560425,6.193784757645699,6.225794408568665,9546300
1997-01-31,6.33782434463501,6.481865807013078,6.321819798756843,6.401842528147674,16121700
1997-02-03,6.433855056762695,6.465864162884067,6.337827188923758,6.36983684451995,14645250
1997-02-04,6.401845455169678,6.449859114756758,6.3858409019739835,6.417850557840195,10887750
1997-02-05,6.433855056762695,6.609905689905061,6.401845401166503,6.417850503702009,18170100
1997-02-06,6.529885292053223,6.6099086425782305,6.513881281318299,6.561894961948265,8929350
1997-02-07,6.753946781158447,6.753946781158447,6.609905263431075,6.721937677102317,14265900
1997-02-10,6.7699503898620605,6.833968589054031,6.721936740468084,6.753945840064069,8917650
1997-02-11,6.609908580780029,6.721941050677586,6.545889791063543,6.689931381081813,12307050
1997-02-12,6.5939040184021,6.5939040184021,6.433858404518062,6.5939040184021,8904600
1997-02-13,6.657923698425293,6.657923698425293,6.513882089195722,6.577900337975472,10914300
1997-02-14,6.561892032623291,6.689928457145859,6.54588693008315,6.657919900490036,5404500
1997-02-18,6.577897548675537,6.657920875192167,6.561892993267191,6.641915770308921,7375950
1997-02-19,6.529885292053223,6.593903532893177,6.465867051213269,6.561894961948265,12837600
1997-02-20,6.465864658355713,6.5138788706918636,6.401845891732466,6.497873766929906,7717500
1997-02-21,6.529885292053223,6.593903532893177,6.433857930793292,6.465867051213269,9213750
1997-02-24,6.689930438995361,6.689930438995361,6.54588886926125,6.59390254268096,9524250
1997-02-25,7.058035373687744,7.122053590916039,6.849975618220924,6.913993835449219,39573900
1997-02-26,7.170067310333252,7.234086627015706,6.978012107660221,7.090045087642216,22858650
1997-02-27,7.090045928955078,7.2821011544175995,7.074040823147848,7.2821011544175995,11097900
1997-02-28,6.9940185546875,7.15406467922915,6.97801344770586,7.074041342220839,6610050
1997-03-03,7.138062953948975,7.170071532187639,6.930002524858543,6.930002524858543,6214050
1997-03-04,7.074038982391357,7.170066295397603,7.05803443022365,7.1380577405369765,7098300
1997-03-05,7.154064655303955,7.1860737702102435,7.042032203656976,7.122054990922696,6465150
1997-03-06,7.234086036682129,7.282099696063542,7.186071827825894,7.282099696063542,7613100
1997-03-07,7.25008487701416,7.266089418743283,7.2020712518267915,7.234080884759467,6262200
1997-03-10,7.25008487701416,7.266089418743283,7.218075793555914,7.266089418743283,3059550
1997-03-11,7.209713459014893,7.2417570577663355,7.129605287222511,7.209713459014893,5055750
1997-03-12,7.225738048553467,7.241760129754572,7.145630392836531,7.161651923979918,3685500
1997-03-13,7.305846214294434,7.353910807461217,7.193694946847559,7.225738008958748,8323200
1997-03-14,7.450038909912109,7.450038909912109,7.3218655894628615,7.434017382370351,8948700
1997-03-17,7.401973724365234,7.4500388567048255,7.3058445598012325,7.4500388567048255,6259500
1997-03-18,7.482085704803467,7.514128775903227,7.401977476996194,7.450042633703705,8888850
1997-03-19,7.417993545532227,7.51412323804241,7.353907450563746,7.466058116758586,6233850
1997-03-20,7.385955333709717,7.434019932824934,7.321868101440529,7.434019932824934,6432300
1997-03-21,7.369931697845459,7.450039896217304,7.353910168182623,7.450039896217304,5601150
1997-03-24,7.417993545532227,7.434015619331809,7.321863853022042,7.38595104810545,3794850
1997-03-25,7.209713459014893,7.417993825583107,7.193691934667913,7.417993825583107,7936200
1997-03-26,7.145629405975342,7.273801637420961,7.065521211264188,7.177671913779105,9129600
1997-03-27,6.969388484954834,7.177668821376819,6.969388484954834,7.129604255292685,9031950
1997-03-31,6.857243537902832,7.081545583034891,6.825199917120084,7.001437906222678,7411950
1997-04-01,6.825198173522949,6.889284298600978,6.761112048444921,6.761112048444921,7233750
1997-04-02,6.809174537658691,6.95336881292581,6.761109412531313,6.841217037647764,8977050
1997-04-03,6.777132034301758,6.85724022243967,6.713045923837505,6.825196617149947,7277850
1997-04-04,7.001436233520508,7.001436233520509,6.7450900787910975,6.761112160383592,5238000
1997-04-07,7.145629405975342,7.145629405975342,7.033477603345141,7.081542740194891,4480650
1997-04-08,7.1616530418396,7.193696109127964,7.065523289916703,7.145631508195417,4263300
1997-04-09,7.289825916290283,7.337890517587043,7.2257392311701265,7.289825916290282,7798050
1997-04-10,7.289825916290283,7.321868433763649,7.20971769740454,7.289825916290282,3741750
1997-04-11,7.001436233520508,7.241760306657424,7.001436233520509,7.209716693530166,4568400
1997-04-14,7.177670955657959,7.177670955657958,7.00143416094544,7.017455687737487,4890600
1997-04-15,7.273805141448975,7.305848764804474,7.225740531502584,7.225740531502584,5885550
1997-04-16,7.305846214294434,7.321867195292314,7.193694946847559,7.209716477903154,4031550
1997-04-17,7.289825916290283,7.3699335851182175,7.257782298701301,7.30584745005587,5451300
1997-04-18,7.321866512298584,7.353910121478416,7.257780394054248,7.28982400323408,3194100
1997-04-21,7.273805141448975,7.36993491139966,7.241762618209288,7.305848764804474,3424500
1997-04-22,7.321866512298584,7.3859537306582475,7.177672196191165,7.257780394054248,5808150
1997-04-23,7.385955333709717,7.417997849728746,7.305847118459906,7.305847118459906,5622300
1997-04-24,7.337889671325684,7.434019412890599,7.289825075572098,7.417997330914993,9823500
1997-04-25,7.225738048553467,7.321867235413789,7.193694986266692,7.305846254328119,3173850
1997-04-28,7.273805141448975,7.321869751395364,7.1936974582049915,7.1936974582049915,2775150
1997-04-29,7.337889671325684,7.434019412890599,7.321867589350078,7.369932735161408,5320350
1997-04-30,7.434019088745117,7.482083682402942,7.321867270094751,7.3378893513717465,6540300
1997-05-01,7.353911399841309,7.434019611629957,7.305846802802775,7.434019611629957,6061500
1997-05-02,7.369931697845459,7.466060875822474,7.3058455791941155,7.321866558799285,11986200
1997-05-05,7.578214168548584,7.594235701350882,7.353911609200876,7.3859552248632445,7813800
1997-05-06,7.610253810882568,7.69036199470739,7.5621892306222165,7.578211307433234,7953300
1997-05-07,7.562191963195801,7.7704729863674675,7.546170430653022,7.61025656082414,10234800
1997-05-08,7.369931697845459,7.498104485205812,7.369931697845459,7.434018366554469,10232100
1997-05-09,7.450038909912109,7.4660598873962725,7.35390919460397,7.434017382370351,4142250
1997-05-12,7.514126300811768,7.514126300811768,7.417996569118959,7.466061159936519,3451500
1997-05-13,7.594237327575684,7.62628040004196,7.417999328895382,7.514129096352102,4275450
1997-05-14,7.482085704803467,7.658323145910023,7.466063619195717,7.5942370037105,4600350
1997-05-15,7.530149459838867,7.5461704423487115,7.401976099182445,7.434019714375434,3458250
1997-05-16,7.642299175262451,7.6903637665970725,7.546169442535517,7.546169442535517,9153900
1997-05-19,7.65831995010376,7.682351968371119,7.562190226861407,7.65831995010376,4046400
1997-05-20,7.786497116088867,7.8505832676358605,7.722410964541875,7.754453490257422,19209600
1997-05-21,7.802516937255859,7.914668227845376,7.7704738685325205,7.850581540340869,11644650
1997-05-22,7.85058069229126,7.91466737287288,7.802516094398372,7.802516094398372,9601200
1997-05-23,7.818538188934326,7.898645302152755,7.738429975600359,7.882624319555286,7686450
1997-05-27,7.786497116088867,7.818540741920313,7.7063888765971775,7.818540741920313,8203500
1997-05-28,7.914664268493652,7.9146642684936515,7.738426928621098,7.786491507661553,11479950
1997-05-29,8.09090518951416,8.15499187332465,7.898645688140487,7.898645688140487,10994400
1997-05-30,8.09090518951416,8.10692727301013,7.9787539053891505,8.026819055761466,7105950
1997-06-02,8.058856964111328,8.074878487294022,7.994770321323114,8.074878487294022,4398750
1997-06-03,8.04283618927002,8.074879790865822,7.994771611962615,8.010793687789283,6544800
1997-06-04,8.10692310333252,8.10692310333252,7.962728826495384,8.010793402088591,4084650
1997-06-05,8.267139434814453,8.283160962104244,8.106924161916544,8.106924161916544,10196550
1997-06-06,8.379295349121094,8.523489725205506,8.299187667995248,8.315209204220418,11239200
1997-06-09,8.379295349121094,8.395317435404154,8.315209204220418,8.315209204220418,5250150
1997-06-10,8.485154151916504,8.485154151916504,8.292674458423352,8.372874651947617,5583600
1997-06-11,8.549321174621582,8.58140050435674,8.437040491754928,8.485160312392283,5661900
1997-06-12,8.69367790222168,8.69367790222168,8.61347768077421,8.645557549077383,7304850
1997-06-13,8.67763614654541,8.789916219852698,8.645556282940316,8.709716010150505,5811300
1997-06-16,8.533273696899414,8.69367406907182,8.533273696899414,8.64555373714438,4407750
1997-06-17,8.78991413116455,8.78991413116455,8.533274181928507,8.56535403791068,6487650
1997-06-18,8.645560264587402,8.709720021345879,8.613480386208163,8.69368063284597,8116650
1997-06-19,8.886157035827637,8.886157035827637,8.709716671228666,8.725756604248662,6063750
1997-06-20,8.870119094848633,8.886159583156335,8.773878918450698,8.886159583156335,5301450
1997-06-23,8.757837295532227,8.87011683019212,8.757837295532227,8.87011683019212,6543000
1997-06-24,8.958338737487793,8.98239891700284,8.757838710034687,8.773878095458578,8168400
1997-06-25,8.846055030822754,8.958335646251978,8.805955479720893,8.950315405617957,5258700
1997-06-26,8.69367790222168,8.902197596881843,8.645557549077383,8.830017617854933,6164100
1997-06-27,8.77387523651123,8.821995579861419,8.73377568463864,8.77387523651123,4057200
1997-06-30,8.854071617126465,8.91823131296042,8.74179214941704,8.789911921292507,8268300
1997-07-01,8.838037490844727,8.870116807117444,8.805957073192982,8.854076873636329,4716450
1997-07-02,8.709715843200684,8.85407577734594,8.709715843200684,8.846055536253672,5676300
1997-07-03,8.870119094848633,8.886159583156335,8.75783953152231,8.75783953152231,4300200
1997-07-07,8.90219497680664,8.99843455339113,8.830015019023584,8.90219497680664,4141500
1997-07-08,8.805953979492188,9.046553998560546,8.733774028840614,8.950313880795338,5406000
1997-07-09,8.565357208251953,8.842047307561966,8.493177230231039,8.733777340530596,7241400
1997-07-10,8.565357208251953,8.637537186272867,8.433027615673296,8.613477560725581,7968600
1997-07-11,8.637539863586426,8.709719863980434,8.553330046689982,8.565359863192418,5337600
1997-07-14,8.805953979492188,8.830014146605821,8.70971386172698,8.757834195954246,5108100
1997-07-15,8.878135681152344,8.878135681152344,8.781895544405977,8.854075509293395,5607300
1997-07-16,9.082648277282715,9.142797897531954,8.842048144217017,8.950318121493144,6804000
1997-07-17,9.058582305908203,9.118732438381693,8.974372560996702,9.046552499689197,5577600
1997-07-18,8.974373817443848,9.010463791842833,8.805953753352153,9.010463791842833,6501300
1997-07-21,8.878135681152344,8.950315646039762,8.854075509293395,8.926255474180813,3144300
1997-07-22,9.082648277282715,9.094678091194647,8.830018330305087,8.878138136642393,5906100
1997-07-23,8.974373817443848,9.239033446139963,8.926253484452332,9.239033446139963,4559400
1997-07-24,9.142797470092773,9.166857647481368,8.91422771231456,9.046557861917503,6554400
1997-07-25,9.130764961242676,9.190915111612412,9.046555191276559,9.130764961242676,4936800
1997-07-28,9.21497631072998,9.227006673279664,9.142796338189825,9.142796338189825,3559800
1997-07-29,9.311216354370117,9.419486311979073,9.154826599164789,9.19091658503444,5755200
1997-07-30,9.431512832641602,9.431512832641602,9.251062955723986,9.323242906491032,3977400
1997-07-31,9.587903022766113,9.611961534910153,9.479633109846887,9.539781592964001,7159800
1997-08-01,9.467607498168945,9.623998937476923,9.3352789913802,9.59993820771607,7388700
1997-08-04,9.551817893981934,9.623997872518931,9.395426471979686,9.419487199078063,4482300
1997-08-05,9.648056030273438,9.672116756457607,9.491666816971458,9.503696078684518,4446600
1997-08-06,9.623994827270508,9.684143321846912,9.551814871572873,9.648053343998095,3284400
1997-08-07,9.648056030273438,9.696177482641778,9.623997506847317,9.660087494744547,3984600
1997-08-08,9.335275650024414,9.611964030827027,9.09467504680869,9.47963557140233,6626400
1997-08-11,9.479639053344727,9.479639053344727,9.34730834255638,9.34730834255638,5817000
1997-08-12,9.443547248840332,9.587907195560144,9.43151578477503,9.479637235520284,4244700
1997-08-13,9.431512832641602,9.539782758792171,9.359332881874556,9.527753501250093,5752800
1997-08-14,9.347307205200195,9.455577172827997,9.29918795384055,9.455577172827997,5082000
1997-08-15,9.166855812072754,9.275125762609045,9.15482600113187,9.166855812072754,3852600
1997-08-18,9.23903751373291,9.371368212375046,9.058587562292814,9.190917710245401,6767400
1997-08-19,9.515728950500488,9.515728950500488,9.335278984326386,9.431517497780323,6684900
1997-08-20,9.744297981262207,9.744297981262207,9.443548777821706,9.4796387703449,10068900
1997-08-21,9.563844680786133,9.732265321366963,9.527754700858637,9.732265321366963,4700100
1997-08-22,9.431512832641602,9.467602808025125,9.275123673565432,9.359332881874556,3882000
1997-08-25,9.479639053344727,9.575877567774072,9.407459066143518,9.431517593371655,2658600
1997-08-26,9.311216354370117,9.467605558885966,9.239036382630815,9.419486311979073,3150600
1997-08-27,9.287154197692871,9.335275639938578,9.142794827160317,9.335275639938578,4234200
1997-08-28,9.178885459899902,9.31121558065583,9.094675683431277,9.239035614914313,4661400
1997-08-29,9.082648277282715,9.178887889957329,9.058588098769272,9.142797897531954,4555500
1997-09-02,9.35933780670166,9.383398537203716,9.118738762025275,9.130768576586693,4018200
1997-09-03,9.720235824584961,9.80444726327825,9.551817352714401,9.660087314384622,14181600
1997-09-04,9.720235824584961,9.744296550319902,9.587907339937809,9.69617730160803,8359200
1997-09-05,9.672118186950684,9.744298173420464,9.623998930223621,9.720237443677744,4684800
1997-09-08,9.672118186950684,9.744298173420464,9.648057457207964,9.720237443677744,4803000
1997-09-09,9.65766429901123,9.717874915753212,9.621538369956385,9.681748986698368,6635100
1997-09-10,9.58541488647461,9.693792701290098,9.58541488647461,9.657666763018268,5656200
1997-09-11,9.790125846862793,9.874418938358707,9.537244367423533,9.621537458919446,6331800
1997-09-12,9.778082847595215,10.006879600468181,9.669705090189423,9.802165323717979,5996100
1997-09-15,10.00688362121582,10.043009554866419,9.79012801931223,9.79012801931223,6677700
1997-09-16,10.295886993408203,10.3079282315162,10.055046796590386,10.187509235582855,9136500
1997-09-17,10.344062805175781,10.392232207811066,10.259769657993493,10.271810906175826,3923700
1997-09-18,10.332018852233887,10.47652261240499,10.332018852233887,10.392229487289312,4937700
1997-09-19,10.356106758117676,10.368148006881144,10.235685450670662,10.332022055637657,4301700
1997-09-22,10.325992584228516,10.368140230719312,10.187510609975073,10.356098990986839,6478500
1997-09-23,10.163427352905273,10.319974516169967,10.103218940835838,10.307931069794693,4106100
1997-09-24,10.211599349975586,10.380185592990735,10.091178085019278,10.151388717497431,5340000
1997-09-25,10.103219985961914,10.259764960468646,10.103219985961914,10.211597784840103,3854400
1997-09-26,10.175470352172852,10.295889375972274,10.127300978691773,10.139344424537862,6495300
1997-09-29,10.12730598449707,10.19955787548029,10.01892814802224,10.01892814802224,4797900
1997-09-30,10.043006896972656,10.199551833044778,10.030965657259852,10.127299984865118,6344400
1997-10-01,10.235679626464844,10.25976431524043,10.127301834402445,10.127301834402445,5745900
1997-10-02,10.199555397033691,10.247724782619377,10.127303523607356,10.235681333746859,3476700
1997-10-03,10.1393404006958,10.295885290004682,10.01891921973442,10.235674699523992,5730900
1997-10-06,10.199555397033691,10.235681333746859,10.139346972479872,10.21159884590621,3486900
1997-10-07,10.12730598449707,10.235683820971898,10.115264737650776,10.163431929988679,4741200
1997-10-08,10.163427352905273,10.175470799280548,10.043008323814668,10.115260182259378,4295400
1997-10-09,10.416305541992188,10.440390222124941,10.018920447032414,10.018920447032414,6018900
1997-10-10,10.500602722167969,10.584895810475773,10.307929656105225,10.36814026486876,5667900
1997-10-13,10.536735534667969,10.584902730196516,10.452440186301917,10.584902730196516,5519100
1997-10-14,10.681230545043945,10.7414389387184,10.536726872303559,10.584894028233334,7633200
1997-10-15,10.657153129577637,10.74144626115508,10.608985940812321,10.669194375530825,2907000
1997-10-16,10.78961181640625,10.885946159665382,10.705316509864785,10.78961181640625,5712900
1997-10-17,10.608981132507324,10.861862617578826,10.356099647435823,10.777567319253949,6903300
1997-10-20,10.500602722167969,10.621021734743609,10.428350873632297,10.608980494971474,3048300
1997-10-21,10.741446495056152,10.789615889822947,10.536734284631414,10.572860228230205,5613600
1997-10-22,10.801651000976562,10.91002877021713,10.717357915439907,10.789609761600286,6000600
1997-10-23,10.596945762634277,10.729408328838927,10.524693854695968,10.572863263290339,5985300
1997-10-24,10.584893226623535,10.717355651587665,10.53672607434153,10.693270972971217,5215200
1997-10-27,9.826253890991211,10.524687868847275,9.826253890991211,10.4042688257554,7981200
1997-10-28,10.271808624267578,10.356103957676417,9.669711069660767,9.922592659982323,12688800
1997-10-29,10.476520538330078,10.47652053833008,10.283849631229835,10.380183982303977,8438700
1997-10-30,10.452435493469238,10.645108598984686,10.235679903478273,10.307931766808595,7414500
1997-10-31,10.741446495056152,10.789615889822947,10.476523643649227,10.59694272066099,6741300
1997-11-03,11.07861614227295,11.07861614227295,10.84981718019845,11.07861614227295,7838700
1997-11-04,11.054536819458008,11.138829938217077,10.934117763380451,11.126788694094989,7467900
1997-11-05,11.054536819458008,11.078621512654411,10.946159007502539,10.982284944821028,4105500
1997-11-06,11.03044605255127,11.186993164699786,10.970237660141239,11.066571969977694,4925700
1997-11-07,10.958192825317383,10.958192825317383,10.78960670204914,10.813689173972755,4600200
1997-11-10,10.729400634765625,10.94615620314473,10.729400634765625,10.885945588055534,4838100
1997-11-11,10.681230545043945,10.765523619158817,10.64510462685885,10.72939770097372,3830400
1997-11-12,10.488558769226074,10.717357748470302,10.452432846708703,10.596936536778184,6325200
1997-11-13,10.500602722167969,10.596937050247908,10.332014340600926,10.524685201712236,4852200
1997-11-14,10.83777904510498,10.94615683555603,10.488560985334335,10.500604432018978,5085000
1997-11-17,11.150873184204102,11.17495567200967,10.934117564240863,10.970243500901402,5415300
1997-11-18,10.849821090698242,11.054535445034723,10.837779848073257,10.982283579380901,4791000
1997-11-19,10.910028457641602,10.982280301731944,10.789609452474798,10.813691930537379,5751300
1997-11-20,10.922072410583496,10.99432427262694,10.837779306516758,10.934115857558632,7750800
1997-11-21,11.03044605255127,11.05453073248589,10.849816465419147,11.006363577567663,4524300
1997-11-24,10.86186695098877,11.018411959694266,10.789615069285855,10.982286018842808,3514200
1997-11-25,10.885951042175293,10.958202934501573,10.789616655708766,10.897994494198185,3283800
1997-11-26,10.753484725952148,11.078618060505502,10.753484725952148,11.054533374813998,3276000
1997-11-28,10.801651000976562,10.982280616377508,10.77756631727265,10.801651000976562,1691400
1997-12-01,11.27129077911377,11.319457953442255,10.922072701614525,10.946157391254719,6206400
1997-12-02,11.329137802124023,11.43760827748533,11.292980977003587,11.377348373509584,5034300
1997-12-03,11.546088218688965,11.546088218688965,11.292990235348315,11.425566105092225,5250000
1997-12-04,11.37735366821289,11.66660840378747,11.353248371302177,11.594294719893824,5680500
1997-12-05,11.534039497375488,11.618404776894533,11.256836140613169,11.280941451978533,3949800
1997-12-08,11.558136940002441,11.618396867131377,11.43761267206793,11.618396867131377,4665300
1997-12-09,11.437615394592285,11.558139691215496,11.40145854697309,11.449669148357913,2741700
1997-12-10,11.353243827819824,11.485819597515183,11.280930172865558,11.437609022987264,3324000
1997-12-11,11.413505554199219,11.509922286299107,11.30503507545869,11.365294981311736,7337700
1997-12-12,11.521981239318848,11.5581380819037,11.353248571643363,11.5581380819037,5023500
1997-12-15,11.317084312438965,11.546076763127283,11.305032775088135,11.521973688425623,4491300
1997-12-16,11.341193199157715,11.52197735107395,11.341193199157715,11.401453111904598,5701200
1997-12-17,11.19656753540039,11.449665385557056,11.184513785596089,11.341194878347055,4071600
1997-12-18,11.124250411987305,11.32913761302494,11.039883016889515,11.32913761302494,4006200
1997-12-19,10.89526081085205,10.943471403964706,10.666268217501562,10.750633445191012,8848800
1997-12-22,10.774735450744629,10.991676432974387,10.774735450744629,10.943468061424815,2696400
1997-12-23,10.702425003051758,10.859103912753888,10.702425003051758,10.798843981935313,3522900
1997-12-24,10.497530937194824,10.72652563664409,10.425217286176634,10.72652563664409,3026400
1997-12-26,10.461376190185547,10.5698466882641,10.425219357492697,10.497533022878399,1081800
1997-12-29,10.485481262207031,10.55779492608432,10.208278148398124,10.509586552445423,6349500
1997-12-30,10.979622840881348,10.979622840881348,10.581897781085658,10.678314506174845,5320800
1997-12-31,11.353243827819824,11.365295368032996,10.931413438307398,10.96757026578453,5643900
1998-01-02,11.280930519104004,11.401452545447682,11.015781178412839,11.377349464281558,3489300
1998-01-05,11.124250411987305,11.353242898315369,11.100145126696875,11.317086073798441,4658400
1998-01-06,11.19656753540039,11.19656753540039,11.015783356717058,11.015783356717058,3665700
1998-01-07,11.317084312438965,11.401449487568959,11.124248680640228,11.18450857423147,5411400
1998-01-08,11.268879890441895,11.509923962635462,11.256826142045714,11.509923962635462,4797900
1998-01-09,10.871159553527832,11.20862272800537,10.798845858508443,11.20862272800537,4168200
1998-01-12,11.208620071411133,11.208620071411133,10.666267487310595,10.666267487310595,5052300
1998-01-13,11.401455879211426,11.413509630156664,11.208620139309204,11.305039112679479,4986600
1998-01-14,11.509929656982422,11.521983411342,11.353250711858506,11.377356013738705,4104600
1998-01-15,11.437615394592285,11.546085937449869,11.268884910261939,11.461720695284695,3544800
1998-01-16,11.437615394592285,11.546085937449869,11.40145854697309,11.497877542903892,3624300
1998-01-20,11.714813232421875,11.763021604761619,11.389401753743488,11.497872246636284,4904700
1998-01-21,11.702763557434082,11.726866644029064,11.534030917078308,11.702763557434082,3760500
1998-01-22,11.47376537322998,11.59428959769914,11.449662293806167,11.546079025176468,3585000
1998-01-23,11.546088218688965,11.618401928214865,11.401460799637166,11.425566105092225,5545800
1998-01-26,11.341193199157715,11.594291011840443,11.292982620754858,11.594291011840443,3712500
1998-01-27,11.630448341369629,11.70276200523962,11.305036853954665,11.317088395653702,5146200
1998-01-28,11.678655624389648,11.799177650638693,11.642498795831166,11.714812452948129,5980800
1998-01-29,11.678655624389648,11.883545055166937,11.642498795831166,11.690707164963248,4806900
1998-01-30,11.666604995727539,11.823283862781755,11.594291332958232,11.702761827112193,2681100
1998-02-02,11.919706344604492,12.028176870874386,11.811235818334598,11.859444205508382,4069800
1998-02-03,12.100485801696777,12.160745710282862,11.847388006489837,11.883544834376544,4578900
1998-02-04,12.148691177368164,12.160742714749219,12.004063901447115,12.07637753940764,3787200
1998-02-05,12.160752296447754,12.221014444508969,12.028178660287452,12.148700749571045,5752800
1998-02-06,12.269219398498535,12.317429986164528,12.148697343009985,12.184854180340372,4665300
1998-02-09,12.160752296447754,12.233065991385677,12.112543902102084,12.148700749571045,4116600
1998-02-10,12.341530799865723,12.341530799865724,12.16074664651399,12.20895722529966,2555700
1998-02-11,12.329476356506348,12.3415278949472,12.20895435158597,12.317424818065497,5137200
1998-02-12,12.558470726013184,12.582576013375487,12.16074562214212,12.31742667974065,4116900
1998-02-13,12.630786895751953,12.66694373057456,12.474108013800002,12.486159556461518,3317400
1998-02-17,12.871835708618164,12.944149392374445,12.787470479848666,12.799522024861881,6400800
1998-02-18,12.895941734313965,12.920044825702613,12.835679592165105,12.871836436086697,4956000
1998-02-19,12.944147109985352,12.944147109985352,12.835676603477095,12.920041817370816,4454100
1998-02-20,12.92004108428955,12.944146375536357,12.79951904173148,12.932094833331943,4476600
1998-02-23,13.221354484558105,13.269562878385262,12.968256554997625,12.968256554997625,8059500
1998-02-24,12.558470726013184,12.980301117246551,12.558470726013184,12.920039002259605,11676900
1998-02-25,12.835677146911621,12.944147658012284,12.534370907244739,12.678998255378955,9941400
1998-02-26,12.594630241394043,12.823625003110472,12.558473406053354,12.630787076734732,7208700
1998-02-27,12.317427635192871,12.582576989395113,12.19690339587002,12.558471700162984,7974900
1998-03-02,12.462048530578613,12.54641368912961,12.269210729838255,12.269210729838255,6788700
1998-03-03,12.423457145690918,12.483765929843402,12.266656957150474,12.266656957150474,5668500
1998-03-04,12.435523986816406,12.447584863874145,12.302845504991888,12.351091221770192,3950700
1998-03-05,12.411404609680176,12.568204903551724,12.242541225746704,12.351095785015044,5025000
1998-03-06,12.737053871154785,12.737053871154785,12.435514506220319,12.435514506220319,6800100
1998-03-09,12.809430122375488,12.869738909981368,12.604382011352934,12.724999586564698,4437000
1998-03-10,13.110967636108398,13.171276414481403,12.930043509535851,13.002413160164869,7468200
1998-03-11,13.412506103515625,13.484875736792606,13.17127325641038,13.207458073048869,7225800
1998-03-12,13.412506103515625,13.484875736792606,13.231582020323176,13.412506103515625,11112600
1998-03-13,13.364265441894531,13.484883035000053,13.303958853888904,13.400450278116761,6036000
1998-03-16,13.412506103515625,13.436627842243995,13.24364288968736,13.38838215624132,3664800
1998-03-17,13.412506103515625,13.593430186708076,13.364258208967014,13.49693660615679,4617000
1998-03-18,13.195405006408691,13.412514034620825,13.074787407259345,13.36426611154219,4917600
1998-03-19,13.135090827941895,13.243645297594306,13.074782053063997,13.243645297594306,3173700
1998-03-20,13.267773628234863,13.400449884790676,13.12303428759429,13.171279998292126,4380300
1998-03-23,12.869738578796387,13.159217218180396,12.869738578796387,13.147154135841564,4802700
1998-03-24,12.809430122375488,13.123032725960545,12.761184417418864,13.123032725960545,5374800
1998-03-25,12.616448402404785,12.881803162070213,12.435524200690317,12.833557444462148,9199500
1998-03-26,12.954172134399414,13.038602687733563,12.580262874151313,12.640569465726877,9316800
1998-03-27,12.785308837890625,13.074787545228128,12.628508607598567,13.074787545228128,5840100
1998-03-30,12.761183738708496,12.881799098958462,12.664690125380512,12.785305485630477,3912600
1998-03-31,13.050662994384766,13.21952406510234,12.821490927837383,13.123032655705666,12357900
1998-04-01,13.412506103515625,13.436627842243995,13.002410042582113,13.014473120492235,9633600
1998-04-02,13.316021919250488,13.509007007984664,13.26777619920382,13.412515567891324,7782300
1998-04-03,13.448695182800293,13.605495368417214,13.328077616744226,13.340140698477816,11280300
1998-04-06,13.536138534545898,13.798478502590749,13.400445447626147,13.798478502590749,10422900
1998-04-07,13.291890144348145,13.496938199013888,13.25570532343926,13.400444607074798,5143200
1998-04-08,13.159229278564453,13.388399341928045,13.110981322083548,13.316029615755461,6864300
1998-04-09,13.665804862976074,13.677865736790993,13.291893480699295,13.316017436875887,4850100
1998-04-13,13.665804862976074,13.738174522959094,13.54518729063987,13.701989692967583,4624800
1998-04-14,13.943220138549805,14.027652879186876,13.64168063090133,13.701989415849708,6484200
1998-04-15,13.943220138549805,13.99146804992719,13.798480821511063,13.894974435719128,2527200
1998-04-16,13.689923286437988,13.894971342782652,13.689923286437988,13.894971342782652,2921400
1998-04-17,13.581374168395996,13.70199175891861,13.521067581681775,13.70199175891861,4488000
1998-04-20,13.629623413085938,13.62962341308594,13.412514379294555,13.533129772996224,4368000
1998-04-21,13.726107597351074,13.786416366633,13.533122627613496,13.605492267333355,4591200
1998-04-22,13.689923286437988,13.798477750053479,13.59343190225503,13.738171187075684,2660700
1998-04-23,13.5572509765625,13.701990302972254,13.50900306206135,13.5572509765625,2435100
1998-04-24,13.24364948272705,13.6296217885335,13.14715585413868,13.605497829249648,4485000
1998-04-27,12.881797790527344,13.050661044562855,12.65262796676566,13.026537091544506,7124700
1998-04-28,12.881797790527344,13.14715243954332,12.833552093037111,13.123030695071435,7084500
1998-04-29,12.990358352661133,13.002419230547956,12.761188421526489,12.930049546132016,4249200
1998-04-30,13.448695182800293,13.496940884094737,13.147153476206762,13.219523132421749,7477800
1998-05-01,13.388388633728027,13.629621597545102,13.340142924383414,13.629621597545102,4095000
1998-05-04,13.593440055847168,13.617561812088466,13.328083068812555,13.364267911722044,3320700
1998-05-05,13.64168643951416,13.689932162887805,13.460762216178427,13.605501594847013,3378300
1998-05-06,13.388388633728027,13.701991265835524,13.243649297147183,13.629621597545102,4766100
1998-05-07,13.098916053771973,13.400455742399885,13.062731202794703,13.376333980780393,5391900
1998-05-08,13.291890144348145,13.316014094469466,13.123029119137481,13.123029119137481,4082700
1998-05-11,13.448695182800293,13.629619323337756,13.4125103546928,13.496940884094737,4888800
1998-05-12,13.509008407592773,13.5451932535136,13.34014726566073,13.424577836626751,4336800
1998-05-13,13.714048385620117,13.738172337959895,13.557248216777571,13.629617865250502,4691100
1998-05-14,13.882918357849121,13.967348919105092,13.557254782015066,13.665809307293085,4153500
1998-05-15,13.689923286437988,14.075895448808469,13.677862415551672,13.931156163987815,5612700
1998-05-18,13.533130645751953,13.846733339857385,13.46076096315435,13.77436365725978,4012200
1998-05-19,14.087963104248047,14.208580705383708,13.87085407246059,13.882917157702524,8295000
1998-05-20,14.06383991241455,14.25682496252698,13.931161448154537,14.087961663336696,5157600
1998-05-21,14.389501571655273,14.703101961589418,13.96734448237867,14.087959847080512,7099800
1998-05-22,14.353313446044922,14.449804832234447,14.280943802129647,14.38949826800256,3873300
1998-05-26,14.377446174621582,14.739294670698868,14.341261325013852,14.594555272267954,5446800
1998-05-27,14.329197883605957,14.437752413027214,14.015595173539806,14.039719138482603,10254900
1998-05-28,14.859908103942871,15.052893177731345,14.35332035276922,14.558366303498435,17306400
1998-05-29,15.16145133972168,15.233821035854003,14.932281371485274,14.932281371485274,9912600
1998-06-01,15.257943153381348,15.354434597488694,15.125264657049264,15.342373719112173,8277900
1998-06-02,14.99258041381836,15.257937304766934,14.968458666311573,15.257937304766934,10028700
1998-06-03,14.859908103942871,15.028769215302539,14.823723264573324,15.016708338361799,7338900
1998-06-04,14.92021656036377,14.968464491246365,14.678985740141183,14.811662028699324,5559600
1998-06-05,15.233819961547852,15.245880840536742,14.884032385393088,14.980526042947295,5179200
1998-06-08,15.535347938537598,15.583595835357277,15.245869391803692,15.282054210145432,8262300
1998-06-09,15.59522533416748,15.679718848350982,15.414166225064122,15.534871561068295,5144100
1998-06-10,15.909058570861816,15.921130650779446,15.55901245713165,15.583152196578801,6677700
1998-06-11,15.824554443359375,16.078037008813645,15.643495468034896,16.053895075372857,7171500
1998-06-12,15.667647361755371,16.041835411908288,15.522800089413085,15.788352685309286,4386900
1998-06-15,15.208977699279785,15.510742393089043,15.196907818790143,15.450390780444804,4757100
1998-06-16,15.390022277832031,15.47451578105745,15.248191924030507,15.39002227783203,5690400
1998-06-17,15.896988868713379,16.017694197803685,15.450377161904573,15.450377161904573,7866300
1998-06-18,16.247041702270508,16.307393278456487,15.933205107363602,15.94527498056186,6768900
1998-06-19,15.860776901245117,16.2711767844851,15.643505984789705,16.186683275928235,7381800
1998-06-22,16.247041702270508,16.452240597614338,15.957347063954806,15.957347063954806,6365700
1998-06-23,16.39188575744629,16.71779216065638,16.25910833792558,16.585014741135666,10076100
1998-06-24,16.40395164489746,16.48844514033273,16.271174257618856,16.416021512761436,6948000
1998-06-25,16.39188575744629,16.609156692919683,16.34360185387826,16.560872789351652,5864400
1998-06-26,16.40395164489746,16.58501071382569,16.283246335676544,16.367739831111813,3717600
1998-06-29,16.34360122680664,16.500520592090684,16.210826022574498,16.428096949711637,5566500
1998-06-30,16.04184341430664,16.403961775803403,16.02977353898844,16.34360797882225,6534600
1998-07-01,16.41602325439453,16.500518968987958,16.07804702660267,16.07804702660267,6725700
1998-07-02,16.585031509399414,16.621243368590243,16.37983023725256,16.488465814825044,5508600
1998-07-06,17.840360641479492,17.840360641479492,16.94713484862394,17.33339506908476,11817150
1998-07-07,17.840360641479492,18.2507606062104,17.840360641479492,18.20247890747573,10783800
1998-07-08,18.492170333862305,18.492170333862305,18.033486539238652,18.15419187037367,8105250
1998-07-09,18.154193878173828,18.540454074796884,17.840359540474807,18.540454074796884,12196050
1998-07-10,18.733583450317383,18.733583450317383,17.76793625434481,18.178336202123436,8446500
1998-07-13,18.443889617919922,18.685302532068324,18.250760612717897,18.588736924370064,6149550
1998-07-14,18.80600929260254,18.878432951252094,18.612880272935286,18.63702222921669,5909100
1998-07-15,18.226612091064453,18.92670862678662,18.15418846393414,18.92670862678662,9025650
1998-07-16,18.274904251098633,18.323185954299344,17.961067654807263,18.226620337703224,6656100
1998-07-17,18.154193878173828,18.395606777337534,18.154193878173828,18.371464824362857,4589100
1998-07-20,18.202476501464844,18.395605481070138,18.15419259891787,18.29903988617039,3909300
1998-07-21,17.767940521240234,18.347329862039427,17.67137489437539,18.299045943509537,4768050
1998-07-22,17.840360641479492,17.936924038948828,17.429958466554094,17.79207673255033,4848000
1998-07-23,17.454099655151367,17.623088908599374,17.188547008471122,17.598946955194116,6187200
1998-07-24,17.47824478149414,17.59895015004405,16.222900549834844,16.80228985518609,11774100
1998-07-27,16.947128295898438,17.4782356174014,16.560868224787775,17.043693866224515,7437150
1998-07-28,16.75400733947754,17.188549297473834,16.56087610690495,16.898854658809636,6936750
1998-07-29,16.34360122680664,17.0678376505971,16.271177584427594,16.802285031938652,6174900
1998-07-30,16.319461822509766,16.778143426901675,16.271177919799094,16.46430911025336,6590250
1998-07-31,16.174623489379883,16.802294680362774,16.126339559938206,16.802294680362774,6415500
1998-08-03,15.812494277954102,16.36774140602909,15.788352329709475,16.053904919624657,6920850
1998-08-04,15.450377464294434,16.41602453630438,15.25724628173715,16.41602453630438,10553100
1998-08-05,15.691792488098145,15.740076402253084,14.967555877721388,15.643510784137938,8751450
1998-08-06,16.2228946685791,16.2953183054924,15.522800248481872,15.571081936359406,6565650
1998-08-07,16.99541473388672,17.043698637663812,16.44016752200419,16.536733119364126,7883100
1998-08-10,16.63329315185547,17.091976884063005,16.53672978416511,16.995411306178838,6125400
1998-08-11,16.15047836303711,16.222902032826514,15.740078304295487,16.078054693247704,7715550
1998-08-12,16.80228614807129,16.947133442451214,16.319462570202976,16.416025959660054,5414100
1998-08-13,16.826427459716797,17.116122037443947,16.80228550817479,16.947132797038368,5341350
1998-08-14,16.2228946685791,17.14025999941623,16.053905445716737,16.99541272558963,5010450
1998-08-17,16.5367374420166,16.995419176437192,16.029771791197643,16.07805349740117,6269400
1998-08-18,17.30925178527832,17.30925178527832,16.898851852065924,17.091980842366876,7772550
1998-08-19,16.922996520996094,17.574809539482043,16.802291143193315,17.574809539482043,6355950
1998-08-20,16.705717086791992,17.140258879889416,16.681577349526926,16.72985903425091,5609250
1998-08-21,16.560876846313477,16.63330050921309,16.31946611011129,16.46431343591052,6725400
1998-08-24,16.99541473388672,17.0678383793581,16.754004055778278,16.99541473388672,3895650
1998-08-25,17.526525497436523,17.623091112941836,17.309254520195577,17.38167817927589,6337950
1998-08-26,17.623098373413086,17.74380378487767,17.236837962452594,17.35754337391718,6696150
1998-08-27,17.357542037963867,17.671378735851505,16.609165450209723,17.381684002476888,8653200
1998-08-28,16.39188575744629,17.478240434813255,16.27117820872046,17.33339314449766,6569700
1998-08-31,14.726140022277832,16.512588969366906,13.832914443636312,16.488447020692067,14921100
1998-09-01,15.945747375488281,16.47727302531606,13.626365939053622,14.88269828776723,16743300
1998-09-02,15.317577362060547,16.428945800274718,15.148455116274132,16.404787059400796,9311550
1998-09-03,14.955181121826172,15.317584523712632,14.44781635918513,14.737739080694297,12531300
1998-09-04,14.810225486755371,15.220948763702104,14.327019289474373,15.075987346904942,7640100
1998-09-08,16.114866256713867,16.21150565477125,15.462540366123362,16.21150565477125,8627550
1998-09-09,15.84911060333252,16.28399475597215,15.679990463040564,16.139033371758938,4850100
1998-09-10,15.245101928710938,15.607505285083349,14.95517924361301,15.414222020395032,5792100
1998-09-11,15.559184074401855,15.70414542357931,14.906858003103313,14.97933867769204,5548650
1998-09-14,15.607505798339844,15.945748204765758,15.559183874611412,15.849106569243515,6198150
1998-09-15,15.99406909942627,16.235672100132696,15.776627062370922,15.897429668691528,4917300
1998-09-16,16.380640029907227,16.525601446101096,15.969916754669821,16.042397462766754,4496400
1998-09-17,15.99406909942627,16.042391026728428,15.46254559458083,15.486704346297124,5578800
1998-09-18,15.607505798339844,15.994067916559567,15.486703200953384,15.849106569243515,6053100
1998-09-21,15.704144477844238,16.018228119458858,15.075979406549514,15.124299116053873,6269700
1998-09-22,16.25983428955078,16.332314974033274,15.535027444725857,15.92158962067585,5167050
1998-09-23,17.226238250732422,17.250399211028547,16.18735013701615,16.45311185253563,10092600
1998-09-24,16.428951263427734,17.008796628159708,16.04238916156277,16.815515577227227,8883750
1998-09-25,16.62224006652832,16.62224006652832,15.897433119033414,16.042394508532396,4694550
1998-09-28,16.380640029907227,17.153766845629306,16.235678613713358,16.7430435703919,4770900
1998-09-29,15.99406909942627,16.69471713789447,15.873268705040449,16.622236458876024,6228900
1998-09-30,15.269270896911621,15.921597374955985,14.979348017780792,15.897438609652434,10480050
1998-10-01,13.964611053466797,15.22094364738827,13.771329966684625,14.68941789381862,18968250
1998-10-02,13.771333694458008,14.399499055489862,13.457249907974314,14.109576240869695,17319300
1998-10-05,13.578047752380371,13.77132882311247,12.75659933088313,13.336444755014181,11027700
1998-10-06,14.25452995300293,14.59277452875193,13.771326260134229,14.109568623948885,8412900
1998-10-07,13.916290283203125,14.592777353725978,13.60220660547202,14.30285463949258,5687400
1998-10-08,13.191489219665527,13.481412059658176,12.225079015711454,13.191489219665527,20465400
1998-10-09,14.012929916381836,14.06124962451542,12.780758557532545,13.215642566538177,8312100
1998-10-12,14.35117244720459,14.786056460756242,14.351172447204588,14.786056460756242,6631350
1998-10-13,14.592781066894531,14.61693982460472,14.302858278889575,14.544459127603483,4593150
1998-10-14,14.97934627532959,15.124307698032574,14.32701987316617,14.351180847595257,5310750
1998-10-15,15.99406909942627,16.525594816206496,14.641097161726806,14.689416877094178,8223600
1998-10-16,16.33230972290039,16.912155012329585,15.9940651627772,16.525590748732043,12842550
1998-10-19,17.0571231842041,17.0571231842041,16.477277661930138,16.573917107685716,8160900
1998-10-20,16.47727394104004,17.37120077805618,16.47727394104004,17.17791971825654,9418200
1998-10-21,16.767200469970703,17.00880129697061,16.622239088996707,16.81552019298366,4868700
1998-10-22,16.887998580932617,16.984640225717374,16.332314100273628,16.52559517790831,4278300
1998-10-23,16.501440048217773,16.88800455210135,16.380639608475988,16.88800455210135,3300150
1998-10-26,16.139028549194336,16.718873912781373,15.9699084594378,16.477273152576455,6323550
1998-10-27,15.800790786743164,16.81552047029548,15.704149127188364,16.573917427376063,8151450
1998-10-28,16.308151245117188,16.501432300340383,15.679986156690866,15.824947501091907,4401000
1998-10-29,16.428951263427734,16.477273185111752,16.11486983215427,16.235670212495254,3812400
1998-10-30,16.839683532714844,16.839683532714844,16.30815765695415,16.525599759046873,6172500
1998-11-02,17.347049713134766,17.41953041916188,16.912165476972074,16.96048521034495,5932650
1998-11-03,16.694717407226562,17.419524209104203,16.670556443185703,17.39536324506334,5840850
1998-11-04,17.202083587646484,17.322883993946718,16.91216084297792,17.0571222153122,5316900
1998-11-05,17.516155242919922,17.540316195376324,16.86382943400097,17.105432322763686,4924950
1998-11-06,17.467845916748047,17.733607703757556,17.34704550664101,17.419526195092246,5789700
1998-11-09,17.516155242919922,17.564477147832722,16.936310079436407,17.564477147832722,4695000
1998-11-10,17.90273094177246,18.04769232591637,17.661127897554223,17.733608589626176,7040850
1998-11-11,17.878578186035156,18.168501087494842,17.63697724277622,18.144342320330665,4797750
1998-11-12,17.75777244567871,17.999375529190267,17.6369720098907,17.781933417610528,4657350
1998-11-13,17.975204467773438,17.999365426143708,17.733601519873652,17.878562846226664,3882750
1998-11-16,18.31345558166504,18.31345558166504,17.85441263668365,17.999374032348378,6045150
1998-11-17,18.506732940673828,18.72417496395093,18.120168606425207,18.313449667582194,8627100
1998-11-18,18.79665756225586,18.941618925944375,18.337612506597267,18.55505455213004,4718250
1998-11-19,18.989933013916016,19.086574631705364,18.627529712123724,18.79665199027153,5570400
1998-11-20,19.062416076660156,19.231538376122,18.94161569814998,19.159057706628992,5002950
1998-11-23,19.569780349731445,19.56978034973144,19.134896341959635,19.231537969887075,5636100
1998-11-24,19.44898223876953,19.71474398160211,19.328179636808148,19.328179636808148,5040300
1998-11-25,19.618099212646484,19.835541207165722,19.49729884189169,19.52145980081639,5158050
1998-11-27,20.004671096801758,20.101312757286443,19.424825557764024,19.593947910628426,1995600
1998-11-30,19.231536865234375,20.00466320844245,19.231536865234375,19.980502249864777,4923750
1998-12-01,19.654117584228516,19.72664200335851,18.6629512605418,19.194795525315342,4816650
1998-12-02,19.36402130126953,19.509070149968178,19.14644802822156,19.14644802822156,3725100
1998-12-03,19.170618057250977,19.750813285079314,19.146442518335082,19.24314246072952,5119350
1998-12-04,19.67829704284668,19.823345909960366,19.581597060347537,19.629945944962074,4385400
1998-12-07,20.379364013671875,20.572761748168364,19.84751747721919,19.895868570795713,4064250
1998-12-08,21.128772735595703,21.225470445428037,20.33100445650108,20.33100445650108,6229500
1998-12-09,21.128772735595703,21.27382151361291,20.838675179561296,21.00789727840223,4441350
1998-12-10,20.355180740356445,21.080424736013672,20.113434217316723,21.00790033644795,4992450
1998-12-11,20.57276153564453,20.74198593487448,20.210139403915957,20.355188256607388,3426600
1998-12-14,19.702468872070312,20.306839843257222,19.62994444405868,20.161790987233957,3846000
1998-12-15,20.983720779418945,21.273818291515667,19.72663082257703,19.72663082257703,5815500
1998-12-16,20.596933364868164,21.17712867092079,20.45188453835501,21.08042871548887,3919050
1998-12-17,20.91120719909668,21.007904944214143,20.282660789485583,20.403536290786686,5496150
1998-12-18,22.14411735534668,22.5309126766478,21.007900289193444,21.05625136430785,12282300
1998-12-21,22.796846389770508,23.086944107505573,21.999077665999078,22.14412652486661,7012800
1998-12-22,22.917726516723633,23.183648765975164,22.724328718474393,22.990250967725924,6116100
1998-12-23,23.207813262939453,23.207813262939453,22.700142347812655,22.990240013599397,4172700
1998-12-24,23.207813262939453,23.40121096904077,23.01441555683814,23.207813262939453,1721700
1998-12-28,22.9660587310791,23.352856259889503,22.893534332756463,23.1594586021188,4029000
1998-12-29,23.812177658081055,23.884702054792704,22.89353382422087,22.96605822093252,4215750
1998-12-30,23.715496063232422,23.981418319048988,23.377049354623093,23.71549606323242,3496500
1998-12-31,23.66713523864746,23.739659654891252,23.231988741184704,23.64295969547635,3278700
1999-01-04,22.748498916625977,23.691316649379353,22.5551011451,23.352869995891318,7312350
1999-01-05,22.579265594482422,22.990236486880562,22.555090054952224,22.821012136707587,5725050
1999-01-06,22.9660587310791,23.13528306492159,22.72431221218297,22.9660587310791,7089150
1999-01-07,22.603435516357422,22.8210086995521,22.361689010542584,22.57926219373726,8124150
1999-01-08,22.482568740844727,22.675966443869687,21.974897833793396,22.603442028576637,6262650
1999-01-11,21.854042053222656,22.216664420182816,21.2738462660864,22.095788822348574,7734300
1999-01-12,20.983720779418945,21.491391425588205,20.862845340533063,21.370515986702326,8447100
1999-01-13,20.899127960205078,21.273839088487318,20.065096797591213,20.113447905720204,17056050
1999-01-14,21.249645233154297,21.37051847283355,20.81449891438663,21.22546969991099,7255200
1999-01-15,21.225482940673828,21.443056235783025,21.080434077267697,21.394707352404318,7641900
1999-01-19,21.443044662475586,21.781493303268004,21.12877377022825,21.733142232715476,6349650
1999-01-20,22.168285369873047,22.410034047734218,21.394692699293188,21.515565931589524,8279400
1999-01-21,21.926551818847656,22.264998396565453,21.854027394103145,22.047425122331912,5766900
1999-01-22,21.636455535888672,22.023251017660417,21.322182270337926,21.95072658816947,5411400
1999-01-25,22.337522506713867,22.337522506713867,21.56392939142409,21.854027086316478,5601450
1999-01-26,22.555091857910156,22.941889454966255,22.07159652154207,22.337518624554107,7647750
1999-01-27,23.304502487182617,23.473724572091413,23.01440495503208,23.111102656903242,8454600
1999-01-28,23.207813262939453,23.497910928726196,23.111113303254026,23.207813262939453,4644000
1999-01-29,23.40120506286621,23.642953794430625,23.038583072154086,23.328680664723787,4339500
1999-02-01,22.869365692138672,23.40120991323925,22.82101460784266,23.35286104221268,5667000
1999-02-02,22.289167404174805,22.84518709302105,22.023243115939042,22.84518709302105,4793250
1999-02-03,22.675975799560547,22.77267579760442,22.047431345451415,22.28918023392589,4903050
1999-02-04,22.289167404174805,22.724313824994255,22.11994305832197,22.627613882611328,4723650
1999-02-05,21.61227035522461,22.506738658018186,21.322172766563874,22.36168986368782,6149400
1999-02-08,21.467227935791016,21.708976735887543,21.080430298290494,21.66062564790647,5163300
1999-02-09,20.983720779418945,21.418867047564028,20.814496492939732,21.322167139108995,4681050
1999-02-10,21.49139404296875,21.563918429825485,21.00789665507809,21.080421041934823,4185000
1999-02-11,22.530908584594727,22.60343297082547,21.394693938069288,21.44304279113358,5059050
1999-02-12,21.99907112121582,22.675964119040177,21.757322357267533,22.26499321227044,4346850
1999-02-16,22.45839500427246,22.530919425398498,22.0715995671134,22.240821740894358,3658200
1999-02-17,22.43421745300293,22.869363897910727,22.09576874256179,22.43421745300293,4417200
1999-02-18,22.603435516357422,22.627611052246454,22.1924646858571,22.627611052246454,3649950
1999-02-19,23.40120506286621,23.8605269888579,22.603436683299535,22.651787757573807,8700450
1999-02-22,23.788009643554688,23.78800964355469,23.135289866749837,23.304514250344678,6822450
1999-02-23,23.425384521484375,23.86053098318378,23.304511242102105,23.788006572900542,6781350
1999-02-24,23.062767028808594,23.76383572903465,23.062767028808594,23.42538915190307,7131450
1999-02-25,23.13530158996582,23.232001602915908,22.43423258257226,22.917728220781186,5896800
1999-02-26,23.08694076538086,23.522087278990533,22.724318670706133,23.37703844112064,4506600
1999-03-01,23.08694076538086,23.135289640247617,22.530918744699864,22.675967582569754,3791850
1999-03-02,22.808305740356445,23.606475480625328,22.784118040402618,23.074361582318573,4848600
1999-03-03,23.29204750061035,23.533917890873052,22.832494423426056,22.832494423426056,4661250
1999-03-04,23.461360931396484,23.582295039625812,22.880873668882614,23.38880002358225,3778350
1999-03-05,24.090208053588867,24.453012391745325,23.824152277068112,23.993459491953164,8659050
1999-03-08,24.4288272857666,24.477202678900387,23.75159392571542,24.138583784492614,5102550
1999-03-09,24.840007781982422,25.13025129174509,23.70321922582381,24.52557657494545,5516100
1999-03-10,25.13026237487793,25.1786355763782,24.549775099341836,24.912579646551894,4806900
1999-03-11,25.299560546875,25.613991778984342,24.98513152914808,25.347935945281005,5578200
1999-03-12,25.25118637084961,25.662363954852857,25.154437792220826,25.541429892353626,4530600
1999-03-15,25.13026237487793,25.299569687320478,24.864204230668406,25.106074666936188,5186400
1999-03-16,24.767446517944336,25.130250899484626,24.670697944739523,25.130250899484626,3990750
1999-03-17,24.4288272857666,24.743258483607484,24.332080928263395,24.71907078704059,5569200
1999-03-18,25.202823638916016,25.25119684109688,24.380465915541816,24.404653623823872,5458650
1999-03-19,24.477214813232422,25.20282392613078,24.477214813232422,25.20282392613078,5549250
1999-03-22,24.138582229614258,24.477201102210017,24.138582229614258,24.380452536556653,3876750
1999-03-23,23.388774871826172,24.090195488277605,23.3162140420422,24.090195488277605,7035900
1999-03-24,23.267845153808594,23.558088553708,23.050162603884036,23.412966853758295,4750800
1999-03-25,24.622316360473633,24.719062686271773,23.267845655485143,23.412967358563805,4751400
1999-03-26,24.670703887939453,24.670703887939453,24.114404440358598,24.52558210036334,3163950
1999-03-29,24.815820693969727,25.009315633767986,24.428828599990915,24.67069893552546,3768450
1999-03-30,24.573944091796875,24.840002057351725,24.380449201342042,24.573944091796875,3008550
1999-03-31,24.090208053588867,24.985126159168782,23.969274012330697,24.960938465164368,4034400
1999-04-01,23.82415199279785,24.380451233206,23.582281698785565,24.18695632662532,4903650
1999-04-05,24.404640197753906,24.453013373322552,23.29203944461881,24.017648150058648,6201600
1999-04-06,24.090208053588867,24.670694994639202,23.993459491953164,24.404639218118447,4455900
1999-04-07,24.598140716552734,24.79163567727716,24.186963094619877,24.186963094619877,4482600
1999-04-08,25.807491302490234,25.807491302490234,24.646516965142855,24.694892372120872,5753250
1999-04-09,26.049362182617188,26.291232578893528,25.420501809558132,25.7107453993366,4824300
1999-04-12,25.880043029785156,26.19447420621424,25.63817493811543,25.880043029785156,3923700
1999-04-13,25.03350257873535,25.78329904627416,24.791632250475228,25.734923651992794,4268100
1999-04-14,24.573944091796875,25.299552698979674,24.380449201342042,25.057684639506565,4774800
1999-04-15,24.380462646484375,24.477211252256808,23.509731837681365,24.09021904355004,8155950
1999-04-16,24.501394271850586,24.767452357296026,24.186965209971767,24.4772087836339,7684200
1999-04-19,22.687379837036133,25.00932923492072,22.445511584345493,24.84002190091397,8089050
1999-04-20,23.41297721862793,24.162773738428346,22.929238742772842,23.025987323696814,8139300
1999-04-21,24.138582229614258,24.138582229614258,23.0743568649554,23.316227171897793,6017700
1999-04-22,24.06601905822754,24.13857992193514,23.727402432386,23.993458194519935,3925650
1999-04-23,24.16277503967285,24.356269997558748,23.848343795523583,23.96928008178696,4039200
1999-04-26,23.5339298248291,24.283724650410495,23.5097421092225,24.21116371797462,4749900
1999-04-27,23.775781631469727,23.89671791123227,23.582286683985007,23.654847566089575,5089350
1999-04-28,23.87253761291504,24.283715334178996,23.799976708316514,23.799976708316514,4291200
1999-04-29,22.977611541748047,23.799968929892096,22.711555716634834,23.461352223895062,6648150
1999-04-30,23.122730255126953,23.412973740397927,21.88919544272531,22.977608512491464,6974550
1999-05-03,23.72740364074707,23.75159133467535,23.074355834121008,23.146916701523903,5405400
1999-05-04,22.929244995117188,23.896724425021947,22.880871798655996,23.72741491583329,5543550
1999-05-05,22.759925842285156,22.977608455700366,22.227814263524902,22.905047584561963,5607900
1999-05-06,22.058515548706055,22.687375999466894,21.937581442816736,22.639002799987793,7962150
1999-05-07,22.179431915283203,22.542236157160144,21.840815360991844,21.865003048577428,7410600
1999-05-10,21.81664276123047,22.372944459753175,21.38127736989073,22.203634958326756,5137500
1999-05-11,22.929244995117188,23.195300897228226,22.590628191122867,23.146927700767034,8307450
1999-05-12,22.83249282836914,23.316233575100863,22.445502888242938,22.977614609512127,5966850
1999-05-13,22.808305740356445,23.12273476784374,22.59062308391948,22.929239811360596,4442250
1999-05-14,22.493871688842773,22.518059385775388,22.155255003697278,22.179440486247675,5381550
1999-05-17,22.614803314208984,22.638991008542018,21.59895115356928,22.39712070835762,4657350
1999-05-18,22.8808650970459,23.606473903354097,22.44549981326098,23.606473903354097,9848100
1999-05-19,22.372934341430664,23.31622559605643,22.082690878468892,23.29203790268232,6540000
1999-05-20,22.44550323486328,22.71155909960651,22.348754641146343,22.469688722505506,4986600
1999-05-21,22.493871688842773,22.638993441674018,22.276189059595907,22.445498509359766,5669700
1999-05-24,22.20363998413086,22.59063226882303,21.598964954496232,22.54225684924689,9313050
1999-05-25,21.526397705078125,22.324567534994742,21.47802451411985,22.203633450407683,5795700
1999-05-26,22.27619171142578,22.324564896667294,21.550582860890742,21.840826401104756,6982800
1999-05-27,21.985946655273438,22.179441597280412,21.478020494920585,21.91338577522303,5383350
1999-05-28,21.88920021057129,22.106882871939565,21.719892950206546,21.961761097694048,4481250
1999-06-01,21.59895896911621,22.05851204144048,21.38127628449673,22.05851204144048,4282200
1999-06-02,21.937572479248047,22.106879715438485,21.33289776810188,21.840823905437638,5833650
1999-06-03,22.687379837036133,22.735755259081067,22.15526790960992,22.179453406248882,5415150
1999-06-04,23.41297721862793,23.41297721862793,22.638995214383314,22.638995214383314,5442750
1999-06-07,23.267845153808594,23.364593691902197,23.050162603884036,23.3162205300461,3347850
1999-06-08,22.60565757751465,23.186530986651157,22.31522087294639,23.1623271893184,4018050
1999-06-09,22.992900848388672,23.162322967122066,22.387825968073052,22.508840500965015,3933600
1999-06-10,22.799293518066406,23.017121163143475,22.363638227912272,22.920308137823422,4436550
1999-06-11,23.21074104309082,23.355959448398703,22.871898835991434,23.23494484926114,5859450
1999-06-14,22.508852005004883,23.138130999859158,22.266820599665422,23.113929410425065,4168350
1999-06-15,22.097400665283203,22.460446666268925,22.07319685993184,22.460446666268925,4678350
1999-06-16,22.58145523071289,22.726673592325195,22.46044066798809,22.557251431825392,8167200
1999-06-17,23.21074104309082,23.549585466047223,22.629867421859295,22.65407122802961,5854050
1999-06-18,23.6221981048584,23.67060350838322,23.2591520387789,23.30755744230372,5500200
1999-06-21,23.96102523803711,23.96102523803711,23.45276106632117,23.864212276234475,3213150
1999-06-22,23.96102523803711,24.057838199839743,23.355948104518536,23.670588568485144,4410450
1999-06-23,23.6221981048584,23.840025744506097,23.4043704652107,23.815821934815016,3356400
1999-06-24,23.21074104309082,23.597990862530846,22.896102642161754,23.597990862530846,4945950
1999-06-25,23.331756591796875,23.67059878050622,23.210739783370265,23.234943588226965,3250650
1999-06-28,24.348283767700195,24.39668915836375,23.54958263453948,23.62219182846318,4873500
1999-06-29,24.783945083618164,24.783945083618164,24.057852964135773,24.372491405339943,3870900
1999-06-30,24.953357696533203,25.050170689022703,24.37248417330949,24.590311744518385,5510550
1999-07-01,24.638734817504883,24.856562525471453,24.49351634552717,24.71134405349374,4524900
1999-07-02,24.783945083618164,24.856554295566404,24.445100617288183,24.493508235825207,2808150
1999-07-06,25.00177574157715,25.31641422081356,24.662931234289005,24.7839480794023,4188000
1999-07-07,25.38901138305664,25.43741898445385,24.97756006631944,25.05016925255874,3936600
1999-07-08,25.364818572998047,25.461629377570468,25.025974109422737,25.171192532138647,3974400
1999-07-09,25.485841751098633,25.558450986856748,25.09859175510267,25.268014043824284,3934200
1999-07-12,25.31641387939453,25.510039942621525,25.098586220157323,25.219603063638576,2785800
1999-07-13,25.219600677490234,25.51003752899355,25.07438225173858,25.1711930583348,3448650
1999-07-14,25.558441162109375,25.75206497774872,25.195395122874864,25.268004330721766,3773700
1999-07-15,27.083229064941406,27.083229064941406,25.80046739029678,25.945685776703975,6462150
1999-07-16,26.96221923828125,27.083233843017968,26.5749694009238,27.05903003572778,4399950
1999-07-19,27.03482437133789,27.03482437133789,26.62337078867817,26.913807568975958,3018000
1999-07-20,25.364818572998047,26.76859518201366,25.2438017434966,26.57497135701154,6249000
1999-07-21,25.485841751098633,25.945700982852706,25.19540480806617,25.558450986856748,4691700
1999-07-22,24.783945083618164,25.679457220408253,24.541913638504933,25.437427991152322,4678500
1999-07-23,25.025962829589844,25.243790365483342,24.78393371139014,24.929152068652474,2601000
1999-07-26,24.711334228515625,25.05017645645735,24.51770819895708,24.590317406077247,2750400
1999-07-27,24.178863525390625,24.808142518163194,24.178863525390625,24.735533318387247,5705850
1999-07-28,25.219600677490234,25.413224506540004,24.420899335856124,24.469304739154232,5043150
1999-07-29,24.856550216674805,24.90495561141134,24.541909611244993,24.808142606081333,4085400
1999-07-30,24.711334228515625,25.171191063038577,24.614521213736353,25.09858185591841,4057200
1999-08-02,24.1546630859375,24.856553592145737,24.009444666150586,24.445099925511325,4064100
1999-08-03,23.476974487304688,24.299877244556804,23.4285668786262,24.106253457413395,5856750
1999-08-04,22.799293518066406,23.54958947861766,22.557262062694978,23.47698026359197,6196800
1999-08-05,22.29102897644043,22.896106505950993,21.589140637625498,22.84769888544142,11251800
1999-08-06,22.1942138671875,22.629869115720233,21.758558618654764,22.12160465909871,5043000
1999-08-09,21.66175079345703,22.41204456951477,21.298704703152485,22.26682613339295,7231200
1999-08-10,21.927980422973633,22.024793437190795,20.76623311579622,21.32290296186635,9127950
1999-08-11,22.363643646240234,22.412049062699367,21.879582834075123,22.363643646240234,6300150
1999-08-12,22.992900848388672,23.549572574574473,22.87188631549671,23.331745085855456,7158750
1999-08-13,24.541908264160156,24.59031365623976,23.4769741274112,23.597988715538612,6395850
1999-08-16,24.783945083618164,24.783945083618164,24.396695214608457,24.566117447773447,4901100
1999-08-17,24.420896530151367,25.025971757361592,24.130459712016197,24.904957155090962,4235550
1999-08-18,24.251474380493164,24.687129608885257,24.130459777892163,24.687129608885257,3033150
1999-08-19,23.815818786621094,23.985241000348186,23.42856896204076,23.912631796730437,5157150
1999-08-20,24.324081420898438,24.348285225607842,23.840020837708472,23.98523923425115,2943900
1999-08-23,24.880735397338867,24.97754833882101,24.420878910973528,24.445080484452458,3455700
1999-08-24,24.711334228515625,24.880754234557912,24.15466216335625,24.68713042085652,3537000
1999-08-25,25.437423706054688,25.510032905771443,24.469300304545676,24.75973710341269,5387400
1999-08-26,24.39669418334961,25.703659943171914,24.396694183349613,25.461628508289454,5149050
1999-08-27,24.783945083618164,24.832350486297894,24.324086002660216,24.445100617288183,6055050
1999-08-30,23.96102523803711,24.73552228489037,23.96102523803711,24.590303950114386,2949600
1999-08-31,23.83122444152832,24.2671614739953,23.39528740906134,24.2671614739953,4372950
1999-09-01,23.734352111816406,23.903883942705548,23.516383565226384,23.734352111816406,3179250
1999-09-02,23.637479782104492,23.782792153270524,22.886698458649732,23.44372847568924,4335150
1999-09-03,24.630449295043945,24.703105487654692,24.29138780195746,24.36404399456821,4842900
1999-09-07,24.582002639770508,24.94528345603662,24.41247085308294,24.606219882661488,2579100
1999-09-08,25.042152404785156,25.16324746684622,24.242934751257014,24.388247051898496,4650750
1999-09-09,25.647628784179688,25.744504419534014,24.945286525409436,25.163255041988865,6742200
1999-09-10,26.25310516357422,26.44685427262833,25.986697644172395,26.27732241639908,7224600
1999-09-13,26.495277404785156,26.54371632017017,26.01090377196439,26.0351232296569,3447450
1999-09-14,26.3499698638916,26.519501663853188,26.107784112278267,26.446845494911127,3920850
1999-09-15,25.57497215270996,26.640595253309417,25.526535444547832,26.349970569755897,5862300
1999-09-16,25.57497215270996,25.914033544425614,25.405440348206948,25.64762832359834,3658050
1999-09-17,26.035140991210938,26.20467065884437,25.57498428486713,25.9624847858562,4358700
1999-09-20,25.962472915649414,26.13200250577285,25.865597280371446,26.059346333636974,3324600
1999-09-21,25.45387840270996,25.79293978282403,25.211690435605462,25.76872032092649,4211550
1999-09-22,25.720298767089844,25.986704135749694,24.872643708778245,25.405454446097945,5818650
1999-09-23,25.720298767089844,26.49529761419497,25.671862032049397,26.107799299288207,6550050
1999-09-24,25.76871681213379,26.107780363369624,25.28434316116973,25.574967795206163,6453300
1999-09-27,25.526533126831055,26.18043860545423,25.526533126831055,25.96247011257984,4707450
1999-09-28,25.623414993286133,25.81716630688561,25.23591680066898,25.623414993286133,4033650
1999-09-29,25.962472915649414,26.446846657458444,25.6960654729576,25.720284936099695,4420050
1999-09-30,26.592159271240234,26.737471616984717,25.671848487288656,26.059346597746988,7181700
1999-10-01,26.9554386138916,27.0280947826622,25.986688957853538,26.49528213924772,5057100
1999-10-04,27.585119247436523,27.58511924743652,26.85855770257612,26.85855770257612,8603550
1999-10-05,27.391382217407227,28.09372461208995,27.124976940242917,27.415601685255194,7491900
1999-10-06,28.069499969482422,28.093717213661982,27.22184320823154,27.415594465409587,5533800
1999-10-07,27.99683952331543,28.166369075822438,27.754651597504097,28.06949567932984,3783450
1999-10-08,28.868724822998047,28.892942073062493,27.875755486213627,27.972631138343782,5166000
1999-10-11,28.917146682739258,29.086678432538633,28.674958785495807,28.77183438785112,4547400
1999-10-12,28.529647827148438,28.892928581387554,28.190586528955187,28.892928581387554,4732950
1999-10-13,27.609344482421875,28.45699905638191,27.367156511023154,28.190593839946548,6648900
1999-10-14,27.512468338012695,27.633563430101955,26.979657915065022,27.609343968226046,4576050
1999-10-15,26.543729782104492,27.10075985321658,26.519510312128826,27.10075985321658,5493450
1999-10-18,26.713233947753906,26.785890071108895,26.156204407795315,26.64057782439892,5749800
1999-10-19,27.29450035095215,27.657781199533098,27.02809513442289,27.173407473855274,4443750
1999-10-20,28.04527473449707,28.069494190980976,27.003869147746435,27.464025517201797,4770000
1999-10-21,27.851526260375977,27.94839965356111,27.391369882232137,27.899962956968544,3927150
1999-10-22,28.021076202392578,28.214827564365546,27.754670851294062,27.754670851294062,3619950
1999-10-25,27.875749588012695,28.11793755844839,27.51246874100432,27.706220004269003,3381750
1999-10-26,27.391382217407227,28.868725410316586,27.221850377053116,28.868725410316586,10908450
1999-10-27,27.003877639770508,27.560909793043948,26.76169186792949,27.31872180391243,7040550
1999-10-28,28.8929386138916,29.086689894955285,27.56091019735405,27.657783620595364,9653250
1999-10-29,29.353107452392578,30.418731076253568,29.20779503926192,29.449983133576833,11113500
1999-11-01,29.546846389770508,29.86169058187993,29.280441130164505,29.304660596416213,5404200
1999-11-02,29.83745765686035,30.031208864897355,29.353084071347222,29.837457656860348,5684100
1999-11-03,29.159337997436523,29.81324340107039,29.014025685517886,29.740587245111072,4579500
1999-11-04,29.44997215270996,29.813253050081833,29.328877042058917,29.571065046070377,3376050
1999-11-05,30.22495460510254,30.51557916861314,29.83745444799192,29.83745444799192,5556600
1999-11-08,30.660892486572266,30.781985319697604,30.055423886366505,30.224955626573607,5944950
1999-11-09,30.999977111816406,30.999977111816406,29.57107262184793,30.442946998904873,9564000
1999-11-10,29.910127639770508,30.22497183548707,29.813254208235197,30.12809618666104,6487050
1999-11-11,30.539810180664062,30.588246887152653,29.861685203372303,29.98277807823893,3725550
1999-11-12,31.169490814208984,31.24214696995306,30.539804870190288,30.781990577810603,4732650
1999-11-15,30.515592575073242,31.31481047584897,30.20074842051933,31.31481047584897,6705000
1999-11-16,31.14527702331543,31.14527702331543,30.17652958199382,30.51559096472735,6672150
1999-11-17,30.975746154785156,31.629651648314155,30.927307232626568,31.048402320732823,5999550
1999-11-18,32.16245651245117,32.3562077331236,31.024177514482464,31.096833667912165,10235700
1999-11-19,31.8718318939209,32.16245650759583,31.556990040632947,31.94448804733963,6281550
1999-11-22,31.581214904785156,32.11402756425419,31.169497341776125,32.11402756425419,5473950
1999-11-23,31.242149353027344,31.48433729641107,30.92730524835751,31.024180869169015,5240100
1999-11-24,30.80622100830078,31.290594813359554,30.636689178749396,31.169501916417534,4369050
1999-11-26,31.193727493286133,31.193727493286133,30.90310270986201,30.951539434668987,1854300
1999-11-29,30.999977111816406,31.242165177873733,30.830447461138355,31.12107225349067,4086300
1999-11-30,30.708168029785156,31.41103773323817,30.635457294291548,31.338326997744563,4603200
1999-12-01,31.53221321105957,31.556450856130684,30.78087062235977,30.90205440980539,5170050
1999-12-02,31.520099639892578,31.992719357676435,31.12019064792162,31.50798192524218,5392650
1999-12-03,32.671348571777344,32.71982164196565,32.113898279314654,32.186608994074575,7082700
1999-12-06,32.319889068603516,32.64708704567599,32.08963937994435,32.64708704567599,3955200
1999-12-07,32.283546447753906,32.52591615473078,32.04117674077704,32.35625713795155,4425000
1999-12-08,32.68950653076172,33.156065929371046,32.21082720770038,32.45319685034405,5699550
1999-12-09,33.83472442626953,33.88319750278774,32.28356156917973,32.28356156917973,9204150
1999-12-10,34.51334762573242,34.683006678977854,34.05284796813784,34.12555867396379,7871700
1999-12-13,35.331356048583984,36.06452334137875,34.75573015560291,34.8769139701896,9084600
1999-12-14,35.87059783935547,36.016019178948866,35.264674851398475,35.79788716955877,7555350
1999-12-15,36.258392333984375,36.35534064869887,35.14349670006021,35.28891806265501,10210500
1999-12-16,37.49446487426758,37.51870028145215,36.11296012557096,36.30685669676692,7702800
1999-12-17,38.294315338134766,38.294315338134766,37.54296824685462,37.591443541169234,14521800
1999-12-20,38.185237884521484,38.318539356807634,37.130930502998275,38.19735337605996,7010550
1999-12-21,37.149105072021484,37.54295392913383,36.79161156230272,37.32482184477235,4963350
1999-12-22,37.34906768798828,37.68838135944149,36.86432816574312,37.39753853367626,3486150
1999-12-23,37.66414260864258,37.9792208294119,37.373299808575844,37.78532858797337,3618000
1999-12-27,37.930755615234375,38.24583388274722,37.664148196317605,38.00346632603808,5921550
1999-12-28,38.633602142333984,39.38494870964063,37.8095493411247,37.93073527344353,4837200
1999-12-29,39.11835479736328,39.99088315715577,38.972933404064534,39.45767286102994,3986100
1999-12-30,38.851741790771484,39.72427002391102,38.73056027255194,39.45766713350155,4208550
1999-12-31,39.990901947021484,40.57258779352362,39.11837317726829,39.22743927348744,3097800
2000-01-03,37.91862869262695,40.245371009336566,37.118811021258026,39.91817287104928,12030800
2000-01-04,35.9190673828125,37.409635968536506,35.628224731939525,37.22785931174089,8774500
2000-01-05,36.64619064331055,36.64619064331055,35.482819511776874,35.919083686102006,6931400
2000-01-06,34.90113830566406,36.06450958251953,34.90113830566406,35.84637746810913,6603400
2000-01-07,36.937042236328125,36.937042236328125,35.33740654892809,35.91909225343719,6201600
2000-01-10,36.75526428222656,36.9733964144653,36.06451253013724,36.06451253013724,5453000
2000-01-11,35.81001281738281,37.009739135122544,35.628236102573766,36.900673106237114,4371500
2000-01-12,35.519187927246094,36.10087370701675,35.301055759832096,35.81003081713143,4599400
2000-01-13,36.13721466064453,36.35534674109108,35.77366119323362,36.13721466064453,4538900
2000-01-14,36.02814483642578,36.318987579807626,35.59188072135302,36.28263223688489,4578000
2000-01-18,35.191978454589844,35.6282426503079,34.97384635673081,35.6282426503079,5322000
2000-01-19,35.99180603027344,36.31900426691229,34.97385596073035,34.97385596073035,5176400
2000-01-20,35.373756408691406,35.9190866719292,34.82842614545362,35.810020619281644,7213400
2000-01-21,34.90113830566406,35.77366676330566,34.57394013404846,35.77366676330566,6682900
2000-01-24,33.73779296875,35.44649584540005,32.97432998131061,35.44649584540005,7339600
2000-01-25,32.6470832824707,33.228768507993564,31.919976750567123,33.15605785480321,10252400
2000-01-26,33.374229431152344,33.5560062799059,32.02908075037605,32.538055926886,8468400
2000-01-27,33.8831901550293,34.61029723990117,32.68346346499071,33.66505802956773,6915900
2000-01-28,32.35626983642578,33.410575258062124,32.28355911769224,33.156087742494734,7425100
2000-01-31,32.93794631958008,33.0470123669959,32.029062591114844,32.86523562130286,5958600
2000-02-01,36.064510345458984,36.064510345458984,33.04701603228046,33.11972673862211,10950500
2000-02-02,35.3374137878418,35.77367815559293,34.6830172362151,35.48283524375884,5862100
2000-02-03,35.191978454589844,35.26468915387618,34.31945006315373,35.191978454589844,4008800
2000-02-04,35.55554962158203,35.7736818278494,35.08292984133605,35.48283888615957,4063900
2000-02-07,34.319461822509766,35.482833409713486,34.319461822509766,35.482833409713486,3796600
2000-02-08,35.48280715942383,35.73729450585412,34.646634449724296,34.755700455337276,4501700
2000-02-09,34.17402648925781,35.664595729746715,34.17402648925781,35.664595729746715,5289700
2000-02-10,34.64664840698242,34.86478050608199,33.95589675983377,34.319450258333056,3644900
2000-02-11,34.9375,35.191987513007284,34.42852497398543,34.61030176899063,4647100
2000-02-14,35.082908630371094,35.19197466756396,34.57393379013773,34.61028913586868,3173900
2000-02-15,34.755699157714844,35.01018649464372,34.355790485398046,34.93747582694976,3531100
2000-02-16,33.30149459838867,34.53757627562144,32.428966355636135,34.174022841141216,6829800
2000-02-17,31.701871871948242,33.41057368156013,31.15654150717849,33.30150760860618,10785700
2000-02-18,31.265592575073242,32.46531880179117,30.72026247201964,31.7382119977197,10402700
2000-02-22,31.19287872314453,32.31989415486654,30.902036031087242,31.483721415201824,8019200
2000-02-23,31.883647918701172,31.99271398911862,30.756631857720855,31.520094350643003,6533700
2000-02-24,30.865684509277344,32.10176610328845,30.611197122275055,31.956344739287143,7763600
2000-02-25,30.82933235168457,31.556439246771472,30.683910972667192,31.120175109719334,6155600
2000-02-28,33.0470085144043,33.08336385930463,30.792977130583544,31.265596614287897,8120100
2000-02-29,33.446929931640625,33.99226031096085,33.04702098680579,33.410574573019275,7119900
2000-03-01,32.35626983642578,33.91955028919691,31.592807289723602,33.62870741426275,6504000
2000-03-02,32.06541061401367,32.71980674899354,31.520080501530444,32.31989799983918,5352000
2000-03-03,31.701871871948242,32.46533438262589,31.62916115664561,32.28355759436931,5832800
2000-03-06,31.338308334350586,31.81092783359253,30.90204418120417,31.629151103114857,4821800
2000-03-07,30.488422393798828,32.01648175005128,29.68801035004755,32.01648175005128,8491900
2000-03-08,30.561195373535156,31.28884288242885,30.088224492754254,30.4520482472011,6631400
2000-03-09,32.198387145996094,32.307534221067264,30.124592719643804,31.034151678570247,5736400
2000-03-10,31.143314361572266,32.48946229542527,31.07054960839102,32.38031516565341,4456000
2000-03-13,30.852235794067383,30.961382854659604,30.160971076983326,30.633941672882944,4412500
2000-03-14,30.452024459838867,31.034142012237222,30.19734803066459,30.706700889013145,5094600
2000-03-15,33.180721282958984,33.326250762270206,30.197366957078902,30.63395539501257,8097100
2000-03-16,35.80024719238281,36.01854138258027,34.12665840086898,34.34495259106644,12165000
2000-03-17,36.78257751464844,37.58298968608491,35.80025348606733,35.80025348606733,13587500
2000-03-20,37.03725814819336,37.32831715132258,36.05493401263224,36.9281110220199,5350300
2000-03-21,36.96448516845703,37.655750147001015,35.982161251578745,37.03724990304061,5552300
2000-03-22,36.70978546142578,37.21913828249611,35.58193278619863,36.30957967344195,4746500
2000-03-23,37.32829284667969,37.43743990178694,36.20043994390476,36.7097928677386,5540300
2000-03-24,37.47383499145508,38.019570452495685,36.964481894483846,37.255540807038834,5903600
2000-03-27,37.47383499145508,37.61936444773257,36.67342298192885,37.47383499145508,3828000
2000-03-28,37.25554656982422,38.27425292134285,36.673428654670715,36.70981102436781,4848400
2000-03-29,39.87507247924805,39.91145484464882,37.764895286003174,37.764895286003174,6944300
2000-03-30,39.001869201660156,40.49354516926097,38.38336941021592,39.58398665243121,7934300
2000-03-31,37.546600341796875,39.18380675204964,37.401070883107735,39.00189492868822,5169700
2000-04-03,39.58399963378906,39.620381986393646,38.092323177001056,38.12870552960564,5898500
2000-04-04,37.619361877441406,39.94783301879175,36.928097007353024,39.43847995662136,8188500
2000-04-05,37.25554656982422,37.61937026679516,36.673428654670715,36.96448761224747,5348300
2000-04-06,38.38338088989258,39.001880866317386,36.81893977305335,37.21914564015176,4234800
2000-04-07,37.32829284667969,39.183792783502945,37.32829284667969,38.49252810115703,3425100
2000-04-10,38.81998825073242,39.147429576183775,37.401075840443234,37.910429013367555,3992300
2000-04-11,39.22019577026367,39.22019577026367,38.20148938662046,38.23787175746486,3714600
2000-04-12,38.419769287109375,40.74824015299479,38.419769287109375,39.69315179189046,7081600
2000-04-13,36.382362365722656,38.60168647003174,34.92706787109375,38.60168647003174,7953100
2000-04-14,35.07259750366211,35.07259750366211,33.14433228821181,34.92706805343945,7695600
2000-04-17,33.32624053955078,33.87197591956526,32.19838742085419,32.816887518203934,8667000
2000-04-18,34.19941711425781,34.526858341947516,32.634975693073685,33.18071107255652,7233700
2000-04-19,34.19941711425781,34.9270642869016,33.54453465887841,34.163034755625624,5078400
2000-04-20,34.12665939331055,34.41771832203814,33.32624733930966,33.835600464582946,4111100
2000-04-24,34.672386169433594,35.94576866253976,33.690062531894554,33.76282724578633,4850200
2000-04-25,34.34496307373047,35.10899297261642,34.16305119304334,35.072610596478995,5227700
2000-04-26,35.21812438964844,35.43641854908841,34.59962427123519,34.63600663114185,4469400
2000-04-27,34.23579788208008,34.92706266397118,33.90835666960535,34.92706266397118,4940000
2000-04-28,32.889644622802734,34.272173932168336,32.307527018859325,33.90835042970371,6475300
2000-05-01,32.67133331298828,33.69003858332645,32.67133331298828,32.88962729948931,4360000
2000-05-02,33.07155990600586,33.72644228038221,32.63497165642162,33.32623638492999,3961700
2000-05-03,31.434362411499023,32.34392150905397,30.59756804174847,32.30753914515177,6666000
2000-05-04,30.561195373535156,31.325225257873534,30.160989243643623,31.28884288242885,6863800
2000-05-05,31.03415298461914,31.14330006428369,29.79715274842096,30.16097634730278,6345700
2000-05-08,31.179677963256836,31.507119155403057,30.270119096184,30.925001480476443,5133800
2000-05-09,30.561195373535156,31.798196138654433,30.12460686819894,31.179695756094794,4821700
2000-05-10,31.434362411499023,31.579891867107815,30.0882149471177,30.56118567784627,6547300
2000-05-11,31.361587524414062,32.161999270976835,30.888616946899695,31.72541104557896,4413300
2000-05-12,31.434362411499023,32.162009689542984,31.216068228085835,31.288832955890232,3683400
2000-05-15,32.889644622802734,33.10793872428152,31.143291810972503,31.143291810972503,5611300
2000-05-16,31.10692024230957,32.88965602227819,30.27012589661001,32.88965602227819,13052500
2000-05-17,30.41566276550293,31.106927828355268,29.979074304754082,30.706721739335492,7027500
2000-05-18,29.979055404663086,31.106908217217157,29.869908358286885,30.197349497415487,6951400
2000-05-19,30.015459060668945,30.415665181477863,29.724400063717002,29.797164812954986,5682600
2000-05-22,29.32419204711914,30.270133726058468,29.105897813517757,30.08822186472398,5313500
2000-05-23,28.960350036621094,29.76076172105032,28.050791304315155,29.46970292671242,6293100
2000-05-24,27.214012145996094,27.941659529578875,25.685952640472248,27.941659529578875,17769300
2000-05-25,27.0684814453125,28.996746924615678,26.959334342710434,27.941658266129032,8621100
2000-05-26,27.28676986694336,28.378240661621092,26.922946268717446,28.232711222330728,4711400
2000-05-30,27.50505828857422,27.832499458676292,27.14123476623858,27.650587697508474,4767600
2000-05-31,28.523775100708008,28.596539833107776,27.141245185112467,27.214009917512232,6583700
2000-06-01,29.033113479614258,29.1422605227707,28.23270182980033,28.52376061155085,6049000
2000-06-02,31.21605682373047,31.434350927392924,30.27011570785985,30.706703915184754,8388800
2000-06-05,30.488422393798828,31.216069706299994,30.415657662548714,31.14330497504988,3858000
2000-06-06,29.32419204711914,30.306516098325364,29.142280185784653,30.306516098325364,6753000
2000-06-07,29.433330535888672,30.160977767925473,29.03312455826843,29.83353651350891,4581800
2000-06-08,29.033113479614258,29.979054520303443,28.814819393301367,29.94267217258463,5036400
2000-06-09,28.050800323486328,29.833536012008803,27.723359074574034,29.324182958145236,5466100
2000-06-12,26.777414321899414,27.686973232290022,26.19529661924943,27.686973232290022,12584100
2000-06-13,28.76708221435547,28.949152354952655,26.764310667786418,26.87355275214473,9177000
2000-06-14,29.713844299316406,29.713844299316406,28.585009528141395,28.985563801784142,8827700
2000-06-15,29.641021728515625,29.859505918160703,29.276881412440495,29.67743576012314,5048400
2000-06-16,29.02196502685547,29.713831194371473,28.876308991588942,29.641003176738206,7158700
2000-06-19,29.1312313079834,29.131231307983395,28.40295052528381,28.767090916633602,5058600
2000-06-20,28.47577667236328,28.985573185679247,28.18446437903987,28.621432819024985,5080900
2000-06-21,28.293701171875,28.475771320986166,27.78390475436374,28.475771320986166,3773900
2000-06-22,27.893150329589844,28.075220501454005,27.346939813997352,27.74749419209851,5537600
2000-06-23,27.965972900390625,28.038800954818726,27.41976249217987,28.002386927604675,3631600
2000-06-26,27.456174850463867,28.184455350476174,27.419760825463253,27.74748705046879,3663400
2000-06-27,28.876317977905273,29.204044159243416,27.67465531299875,27.747483353296115,6641200
2000-06-28,28.038806915283203,29.094813928975686,28.038806915283203,29.02198585906586,5233400
2000-06-29,27.893150329589844,28.111634535826838,27.45618191711585,28.038806467081173,5339200
2000-06-30,29.094791412353516,29.158515924207858,27.747473161718872,28.00237120913624,5055500
2000-07-03,28.949155807495117,29.05839790488189,28.33011725563673,28.949155807495117,1885300
2000-07-05,29.276878356933594,29.641018635004908,28.91273807886228,29.09480821789794,4063400
2000-07-06,29.85950469970703,30.36930112140935,29.131224097275155,29.34970827800472,4646900
2000-07-07,32.33565139770508,32.55413552877066,30.514950305491954,30.87909052393458,10254800
2000-07-10,33.500919342041016,33.865059769671895,31.89870146046514,32.226427845332935,9340900
2000-07-11,33.57373046875,34.11994083429365,33.246004249423805,33.42807437127169,7711000
2000-07-12,33.428070068359375,33.82862428486477,32.845445753442434,33.61014016677092,5062400
2000-07-13,32.73622512817383,33.61016217275244,32.481326823505064,33.57374812922833,3751500
2000-07-14,32.88188171386719,33.02753788978686,32.26284296620856,33.02753788978686,3456600
2000-07-17,33.13676834106445,33.209596403352506,32.40848771818392,33.13676834106445,3686600
2000-07-18,33.428070068359375,33.90145232422939,33.06392987153629,33.136757910900904,4019800
2000-07-19,33.282413482666016,33.57372563568717,33.1003433870278,33.53731161655952,2794900
2000-07-20,33.82863235473633,34.083530553318845,33.20959387246452,33.28242192920237,4664500
2000-07-21,33.282413482666016,34.22917797998475,33.282413482666016,34.01069386521888,3611700
2000-07-24,32.626976013183594,33.02753040620259,31.9351093343326,32.918288299015586,3839900
2000-07-25,32.044334411621094,32.51771662452004,31.534538182345305,32.4813026081432,4115200
2000-07-26,31.206819534301758,32.55413846402074,31.206819534301758,31.753029911214856,5031400
2000-07-27,31.898698806762695,31.935112846496445,31.316074171022738,31.643800528626464,3319300
2000-07-28,30.69703483581543,32.007940238056655,30.442136563157412,31.935112160154365,3639900
2000-07-31,30.15081024169922,30.842676660288937,29.932326109512992,30.8062626382579,3888800
2000-08-01,30.296466827392578,30.5877790084252,29.71384246532734,30.260052804763504,3623600
2000-08-02,30.951921463012695,31.170405614516316,30.223640958000633,30.514953160005458,3331100
2000-08-03,30.15081024169922,31.3888869907545,29.96874013154403,30.988332748413086,3913800
2000-08-04,31.46170997619629,31.46170997619629,30.077977361502473,30.18721941003093,4235200
2000-08-07,32.044334411621094,32.335646542635835,30.660601789301094,30.660601789301094,4122900
2000-08-08,33.20957946777344,34.047101756982634,32.007917052821114,32.044331065395426,6870100
2000-08-09,33.792236328125,33.792236328125,32.48133060849946,33.39168180268386,4782800
2000-08-10,32.11717224121094,33.46449125813248,32.11717224121094,33.428077230648114,4227000
2000-08-11,32.59054946899414,32.918275664771734,32.04433914269815,32.04433914269815,2719500
2000-08-14,34.374855041503906,34.95747970322431,33.100363593990515,33.100363593990515,5011300
2000-08-15,31.170406341552734,32.66338141165047,30.879094132753178,32.62696738555053,16307100
2000-08-16,29.713844299316406,30.44212479684867,28.985563801784142,30.405710771972057,20874900
2000-08-17,29.895904541015625,30.005146579533342,29.38610836126627,29.786662502497904,6989900
2000-08-18,29.93233871459961,30.369307162987926,29.568198340942683,29.78668256513684,6392800
2000-08-21,29.641021728515625,29.968748012983244,29.09481125440293,29.786677854945676,5822700
2000-08-22,29.82308578491211,30.296468098958336,29.458945543338093,29.677429688282505,4724000
2000-08-23,29.93233871459961,29.932338714599613,29.42254219147991,29.84130362118538,5202900
2000-08-24,29.38612174987793,29.67743398531662,29.0583954850094,29.495363838167435,5200800
2000-08-25,29.422536849975586,29.531778942240347,29.204052665446063,29.386122819220667,3784300
2000-08-28,29.1312313079834,29.604613816738127,29.131231307983395,29.495371699333187,4950400
2000-08-29,28.972339630126953,29.336771575159993,28.607907685093906,29.118112408140167,5433100
2000-08-30,28.207021713256836,28.753669420878094,27.988362630208336,28.71722624037001,8329200
2000-08-31,28.024826049804688,28.790133393167363,27.98838284297789,28.097712463458276,8541200
2000-09-01,28.31635284423828,28.5714551221143,28.024807383808543,28.5714551221143,5517300
2000-09-05,29.227432250976562,29.737636803986124,28.352795874388732,28.535011786177865,5492500
2000-09-06,29.518966674804688,29.810512024679305,29.446080337336035,29.51896667480469,5266700
2000-09-07,29.44609832763672,29.73764385563312,29.190995990639866,29.51898470963582,5109900
2000-09-08,30.867368698120117,31.158914093143682,29.591857594892012,29.664743943647906,7810500
2000-09-11,31.63269805908203,31.997130064370996,30.867390847975212,30.903834048504105,5222000
2000-09-12,32.580204010009766,32.61664719122901,31.632681298309258,31.88778356684401,6328100
2000-09-13,31.924236297607422,32.72598652425966,31.414031607919632,32.21578183457187,7056100
2000-09-14,32.361549377441406,32.762424426035835,31.924231142611116,32.58020849485655,5346800
2000-09-15,31.63269805908203,32.616664473362235,31.632698059082035,32.616664473362235,6577700
2000-09-18,32.1064338684082,32.5437519233695,31.30468410097917,31.851331669680786,4399500
2000-09-19,30.903823852539062,32.14289226172106,30.758051098517655,32.07000588471035,4102400
2000-09-20,30.903823852539062,31.37758530310865,30.648721533001595,31.195369360581886,3739300
2000-09-21,32.07000732421875,32.65309836647727,30.903825239701703,30.97671161998402,5001200
2000-09-22,32.61663818359375,32.61663818359375,31.632672562412708,31.924217931651533,5557600
2000-09-25,31.851350784301758,32.6166578397598,31.304702887546004,32.6166578397598,4601800
2000-09-26,31.122474670410156,31.778451888287652,30.430054273761684,31.74200870951668,5580200
2000-09-27,31.924236297607422,32.03356587396909,31.268258839437408,32.03356587396909,5173100
2000-09-28,32.07000732421875,32.07000732421875,31.377586711536754,31.632689042524856,3416400
2000-09-29,30.867368698120117,31.924220755080547,30.83092552374217,31.55978901130109,4396400
2000-10-02,30.64870834350586,31.450458145595192,30.64870834350586,31.450458145595192,3095900
2000-10-03,31.377573013305664,31.92422062677789,30.758039051370474,30.86736857406492,4093700
2000-10-04,32.39799118041992,33.126854874017674,31.377582009383076,31.377582009383076,5747000
2000-10-05,31.34111785888672,32.507298988519715,30.97668625587641,31.486890500090844,7223900
2000-10-06,29.77407455444336,30.13850631153569,29.227426918804866,29.88340408157106,9449800
2000-10-09,29.664735794067383,30.211383259560023,29.51896313660268,29.77406528716591,2754300
2000-10-10,29.55540657043457,30.029167711514287,29.300304417545494,29.810508723323647,3018200
2000-10-11,28.535009384155273,29.883407017889304,28.535009384155273,29.263872969957454,5142600
2000-10-12,20.335296630859375,22.15745582717294,20.22596707908056,21.72013762005768,66652300
2000-10-13,21.173486709594727,21.246373066598494,20.335293604051387,20.663282210568347,43718200
2000-10-16,21.975231170654297,21.975231170654297,21.501469967970205,21.537913137407443,16537300
2000-10-17,20.48106575012207,21.938792849774885,20.44462257263075,21.865906494792245,13126400
2000-10-18,21.282827377319336,21.319270574883237,20.262417845530052,20.553963426041275,13906400
2000-10-19,22.52189826965332,22.59478467182048,21.610818242563784,21.938807052316015,12302400
2000-10-20,22.995651245117188,23.68807180558823,22.30323068464615,22.521889809005422,9776600
2000-10-23,23.651622772216797,24.271156804771014,23.360077345132463,23.68806595060234,7514900
2000-10-24,22.886329650878906,24.08895525355248,22.594784050230768,24.08895525355248,11845200
2000-10-25,22.376123428344727,22.849884999303164,22.33968023057869,22.59478261494093,6196400
2000-10-26,22.704105377197266,22.886321311203663,22.412559882787026,22.449003069588308,6469300
2000-10-27,22.959199905395508,23.21430212656657,22.30322276524135,22.59476816086542,5017600
2000-10-30,23.87027359008789,24.52625057424298,23.17785344014641,23.17785344014641,8475400
2000-10-31,25.07290267944336,25.43733440443527,24.489811919456304,24.78135729944983,7567900
2000-11-01,25.69243812561035,25.83821082419537,24.81780193410021,25.072904156624002,6781100
2000-11-02,24.9271297454834,25.54666367190623,24.562698024058204,25.51022049976371,8273900
2000-11-03,24.052490234375,24.85423990885417,23.79738806522254,24.78135357481061,5857800
2000-11-06,24.088939666748047,24.489814608252175,23.724507901744296,24.3075987257503,6531600
2000-11-07,24.12537384033203,24.562691795141678,23.870271700026407,24.48980546934007,3723100
2000-11-08,24.052490234375,24.81779674183239,24.052490234375,24.453365071614584,5220600
2000-11-09,22.6312255859375,23.396532731355677,22.5218959937349,23.323646336553946,7868600
2000-11-10,21.13702964782715,21.865892739131535,21.100586493261932,21.57434750260978,12460000
2000-11-13,21.793012619018555,22.266773762910262,20.663274506661402,20.69971767157615,16025400
2000-11-14,22.84988021850586,23.7609599720348,22.776993838223543,23.323641690340907,11823600
2000-11-15,23.1049747467041,23.54229288071112,22.339668012191822,23.323633813707612,10061600
2000-11-16,22.84988021850586,23.28719850019975,22.84988021850586,23.14142573963512,5515400
2000-11-17,22.6312255859375,23.177873546950483,22.339680006730575,22.95921436254529,7022900
2000-11-20,22.667652130126953,22.886311153890237,22.33966359448203,22.631208959499737,5796900
2000-11-21,22.303234100341797,23.17787073172775,21.793029398699993,22.740552416034774,7188100
2000-11-22,21.4285888671875,22.339668325826423,21.392145688841943,22.303225147480866,5832700
2000-11-24,21.865917205810547,22.449008331298828,21.79303081512451,22.449008331298828,3615300
2000-11-27,22.594770431518555,22.99564539078743,22.30322500659573,22.99564539078743,7418800
2000-11-28,23.092378616333008,23.63959137975322,22.618127554702156,22.764050958280876,7382700
2000-11-29,23.347742080688477,23.56662716269493,23.128856998682025,23.42070377469063,7667000
2000-11-30,22.873485565185547,23.347736462071374,22.61811969763164,23.201813109183426,7619600
2000-12-01,22.7275447845459,23.384199369011107,22.727544784545895,22.90994883578623,5532200
2000-12-04,23.7855167388916,23.894959300573618,22.618129414283423,22.764052829859445,8811100
2000-12-05,25.682504653930664,25.682504653930664,23.274769842624664,23.712539808316663,12795600
2000-12-06,26.302690505981445,26.740460666968655,25.828439498245302,26.703979820219722,18096600
2000-12-07,26.22972297668457,26.886378072067494,26.010837944890262,26.30268465394934,10976300
2000-12-08,27.579513549804688,27.688956063891215,26.412126732881738,26.813415951199,10211000
2000-12-11,26.33917236328125,27.470078655887512,26.193248970686895,26.813423389212907,9399800
2000-12-12,26.266202926635742,26.558049625820583,25.90139455265469,25.9743562274509,6589300
2000-12-13,26.375648498535156,26.48509102342534,25.755474190824092,26.33916765690509,6351200
2000-12-14,25.60955047607422,26.22972477535237,25.536588793806203,26.047320569682327,5402100
2000-12-15,24.47864532470703,24.95289627734666,24.150317742110367,24.661049537260737,11467700
2000-12-18,25.755481719970703,26.04732853832731,25.244749787846636,25.281230640141214,7372200
2000-12-19,24.879920959472656,26.083788102672944,24.770478491908992,25.974345635109284,7366700
2000-12-20,24.00439453125,24.515126329787233,23.457181889960104,24.07735621675532,7784300
2000-12-21,25.025863647460938,25.755480663421896,23.931438123519495,23.967918974317545,10168700
2000-12-22,24.296232223510742,25.828427048416827,23.34773066523555,25.025848806799353,10621200
2000-12-26,23.749027252197266,24.478644064860777,23.347738005232337,24.07735481789585,6407000
2000-12-27,24.95288848876953,25.208254306637055,23.71254023055584,23.785501892803705,7302000
2000-12-28,25.463619232177734,25.937870020169584,24.98936844418589,25.09881093372247,4983300
2000-12-29,26.66748809814453,27.397104735576665,25.463620646381507,25.500101478253114,7949100
2001-01-02,26.594526290893555,27.032296270990564,26.047313815772284,26.667487954243054,6497200
2001-01-03,30.023727416992188,30.06020825224977,26.302682220718548,26.594528902779224,17594900
2001-01-04,30.169649124145508,30.643899956810433,28.965781625842244,29.075224125687992,15560100
2001-01-05,29.038732528686523,29.51298318556206,28.78336679036893,29.18465580772515,8803200
2001-01-08,27.834869384765625,28.89281330633601,27.433580311066514,28.89281330633601,7037800
2001-01-09,26.776939392089844,27.871364707842837,26.22972673421335,27.761922176267536,8026000
2001-01-10,27.688953399658203,27.76191506869551,26.26620085343071,26.740451702173207,7515900
2001-01-11,28.63745880126953,28.89282467593053,27.72543782033738,27.90784201652381,6131600
2001-01-12,28.67394256591797,29.33059773918326,28.637461722958783,28.637461722958783,8391900
2001-01-16,28.527999877929688,28.673923150962576,27.79838351276525,28.455038241413245,5983700
2001-01-17,27.06878089904785,28.38209102352996,26.886376715092005,27.944320982035922,8951500
2001-01-18,25.82843589782715,27.506554614352645,25.755474214499955,27.141746197716667,12073100
2001-01-19,23.93143081665039,25.09881768575529,23.931430816650394,24.369200892564727,34361100
2001-01-22,25.536588668823242,25.646031191689627,23.89495082582746,24.515125122070312,15010000
2001-01-23,26.120285034179688,26.193246724219293,24.952897993545957,25.463629823823215,8310800
2001-01-24,26.302690505981445,26.485094739726115,25.901401191743172,26.15676711898571,7287500
2001-01-25,26.849885940551758,26.886366763840552,25.79194206517676,26.485077707663827,9890400
2001-01-26,26.120285034179688,26.70397855449655,25.755476583981647,26.70397855449655,7185400
2001-01-29,26.558048248291016,26.83238484381166,25.974354880196707,26.441309129349456,5499900
2001-01-30,26.849885940551758,27.077525921615788,26.517181010286986,26.703962647396587,9632700
2001-01-31,28.134029388427734,28.600983780334857,27.001662483112018,27.22930483661753,14702100
2001-02-01,28.396682739257812,28.542606078664864,27.46861021156442,27.73710862168617,8844000
2001-02-02,27.369384765625,28.396686456429624,27.182603044863022,28.396686456429624,5833100
2001-02-05,27.2059326171875,27.381040081718712,26.908247923533448,27.357691826017962,4199700
2001-02-06,26.645605087280273,27.667068555935494,26.593072591256316,27.49779693245678,4063200
2001-02-07,26.72148895263672,27.28767238632402,26.30706708286817,26.791533779036495,5983400
2001-02-08,25.676677703857422,26.99582401663586,25.43736346109883,26.849900643572965,7761100
2001-02-09,25.933481216430664,26.70395582944637,25.71167724401336,25.9743395499533,5922700
2001-02-12,26.69231414794922,26.785705056182305,25.939348697849105,26.01522950660564,5510200
2001-02-13,27.030841827392578,27.223459489214875,26.178647781512932,26.844060119789432,6083500
2001-02-14,26.68647003173828,27.357716283632946,26.347926701258547,27.287673680525288,6110300
2001-02-15,26.038564682006836,26.499683033415916,25.682511327795112,26.499683033415916,6318000
2001-02-16,25.09881591796875,26.266202704851015,24.80696922124818,26.266202704851015,7435300
2001-02-20,25.73503875732422,26.616414697302993,25.565767158890857,25.96267879754196,8286100
2001-02-21,23.90224266052246,25.384824274924508,23.81468776908883,25.186368450739877,8240700
2001-02-22,23.347742080688477,24.223282408714297,23.289373616132437,24.223282408714297,12723600
2001-02-23,23.35356903076172,23.97812293906115,23.12592898951713,23.318548856178452,10725900
2001-02-26,25.536588668823242,25.606631260005855,23.931431666782924,23.931431666782924,10543400
2001-02-27,26.03272819519043,26.24285820326258,25.41985048938927,25.974359738109904,8935800
2001-02-28,24.806964874267578,26.225339749913584,24.63185733224245,26.032719895056697,7979800
2001-03-01,24.223281860351562,24.801139443477403,23.785511706248826,24.74860693592051,7726600
2001-03-02,24.252473831176758,24.748614833451924,23.53453081653914,23.668780106110578,6377600
2001-03-05,24.182415008544922,24.48593580945362,23.960610918147538,24.398380918698148,4188300
2001-03-06,24.16488265991211,24.743296147787323,24.03050374627681,24.53880698111725,6202900
2001-03-07,25.532052993774414,25.64890493860312,24.19410279445494,24.217473629173774,8762300
2001-03-08,26.127994537353516,26.583714646662823,25.590476510814657,25.648903594550053,8456500
2001-03-09,26.011144638061523,26.33832964633673,25.47362656937836,26.27990255802034,7067500
2001-03-12,24.57387924194336,25.695652936852838,24.30511901070086,25.44442195187007,8396100
2001-03-13,24.947786331176758,25.006211167739803,24.1064544205751,24.573862028138088,10060000
2001-03-14,24.316797256469727,25.006221305482608,23.662429460865575,24.129835029154254,7025300
2001-03-15,25.239925384521484,25.561266575720282,24.877686345102777,25.269137814854908,7711500
2001-03-16,24.690731048583984,25.590488500786346,24.48040013488579,24.860166327654508,9820300
2001-03-19,24.830944061279297,25.181497674167623,23.95455780029297,24.544656902033605,8090000
2001-03-20,24.509607315063477,25.789130685384492,24.509607315063477,25.123077363059416,8313400
2001-03-21,24.246679306030273,25.123065305043415,24.112300386966705,24.509595551487184,7536100
2001-03-22,23.8143253326416,24.164881031725166,22.26604490517417,24.129824793187424,14021200
2001-03-23,23.177490234375,23.720849800447564,22.382902034097885,23.720849800447564,10532600
2001-03-26,24.15904426574707,24.544654087208,23.954555053140997,24.3051086258272,8100700
2001-03-27,25.39183807373047,25.53790249278612,24.30511843935384,24.50960996329145,8471200
2001-03-28,25.257442474365234,25.38597979185399,24.375214943799314,25.350923551966684,8035200
2001-03-29,24.92442512512207,25.777440549262842,24.6848796367328,25.356776660363092,7181800
2001-03-30,25.181495666503906,25.56126390749279,24.93026478008332,25.415199542307118,7060200
2001-04-02,24.86016845703125,25.42689922512965,24.597252006430622,25.1815097949802,7320100
2001-04-03,24.889375686645508,25.298356498706394,24.12984116639879,25.210719186042997,7647300
2001-04-04,24.714088439941406,25.123069080020358,24.42195972970861,24.538811659554767,7249300
2001-04-05,25.683971405029297,25.707342251070607,25.023761720111445,25.181509358973905,6122500
2001-04-06,25.57879066467285,25.759911278064045,24.714089898793052,25.21071007276298,6806900
2001-04-09,24.64982795715332,25.327566700925903,24.398597004578786,25.298354265949637,6231900
2001-04-10,25.128923416137695,25.350941972551766,24.830952961259758,25.17566510328437,5711500
2001-04-11,24.246679306030273,24.8309366387057,23.41703496343829,24.568020393248787,11755200
2001-04-12,24.334325790405273,24.334325790405277,23.39951245222789,24.04219704011837,6806100
2001-04-16,24.246679306030273,24.480383130606384,23.662421973354842,23.8376987274045,5037600
2001-04-17,24.48622703552246,24.714087060180432,23.802646961548554,24.246681595655744,5187700
2001-04-18,26.647977828979492,26.887523250981594,24.842622546019527,24.977001467750963,14545300
2001-04-19,26.922597885131836,26.92843948190849,25.900146834202648,26.2915984524648,7419700
2001-04-20,26.9985408782959,27.02191171522364,26.461025001551953,26.782366208628503,5638400
2001-04-23,26.986858367919922,27.89245945194862,26.764842079479084,26.99854378764301,6682900
2001-04-24,26.303272247314453,26.840788063812543,26.23316197315501,26.583715572717644,6692400
2001-04-25,26.887523651123047,27.016060981981187,26.472701465418055,26.612921982022456,4606800
2001-04-26,27.63538360595703,27.69381070231106,26.9634887136295,27.167977978954,4794700
2001-04-27,28.10277557373047,28.278054548833143,27.758063673467834,28.03266532094825,7059000
2001-04-30,27.51853370666504,28.336495286864437,27.436737994398303,28.10279134144575,6381300
2001-05-01,28.768844604492188,29.066814993619058,27.314042230184743,27.465948222358755,7525100
2001-05-02,28.505903244018555,29.0667895015061,28.33646815724715,28.453320018081357,7186700
2001-05-03,28.342329025268555,28.465024788419964,27.98593383901848,28.35985826501326,5144400
2001-05-04,28.97333335876465,29.060972886900164,27.816503622711082,27.898299326962476,5701500
2001-05-07,28.68120002746582,29.32972619241072,28.511764821914095,28.97332876996241,4870800
2001-05-08,29.218721389770508,29.32388793533186,28.283910127853854,28.914909401221983,6602000
2001-05-09,28.342329025268555,28.979169759780095,28.056044111701155,28.6928848462127,6166200
2001-05-10,28.774667739868164,29.35892495286041,28.61691802490853,28.926573634589815,6788400
2001-05-11,29.14276123046875,29.271296349499643,28.68703891953945,28.7454659997946,4914500
2001-05-14,28.716259002685547,29.142766739733382,28.278065847377622,29.142766739733382,5068600
2001-05-15,29.271303176879883,29.703654756550893,28.9149079336396,29.358942703321464,11519500
2001-05-16,29.919818878173828,29.995772959047,28.868156075663993,29.21286800730074,10689200
2001-05-17,30.381412506103516,30.79039350482372,30.001643958270364,30.083441941028116,6027400
2001-05-18,30.790363311767578,30.790363311767578,30.030829189668214,30.340484877203235,5857900
2001-05-21,31.18765640258789,31.392145573324132,30.311270421550034,30.79036124621621,6873300
2001-05-22,30.95981216430664,31.31620743919036,30.381396141720714,30.907228889526102,5401600
2001-05-23,30.743633270263672,31.08250373685393,30.206117365864248,30.87801224636353,4794300
2001-05-24,31.228553771972656,31.228553771972656,30.26452831567231,30.673508879822904,5039200
2001-05-25,30.544965744018555,31.082483527701438,30.544965744018555,30.936419227504313,3354500
2001-05-29,29.52837371826172,30.59172215875177,29.32388226200414,30.469028622256477,7858700
2001-05-30,29.207008361816406,30.28788291850355,28.920721451639153,29.943171199929427,7964800
2001-05-31,28.798051834106445,29.417363338862227,28.27806303152266,29.27129896830429,8098300
2001-06-01,28.780517578125,28.79804681509739,28.39490779620788,28.628611639876148,5124600
2001-06-04,29.212871551513672,29.242083977312138,28.546818436741592,28.92074283599853,4721900
2001-06-05,29.417369842529297,29.73871331181253,28.920751764344892,29.4173698425293,7372100
2001-06-06,28.926584243774414,29.353094126999228,28.909057234161004,29.183658938185555,4114200
2001-06-07,29.6276912689209,29.738701597770408,28.65782410517565,28.83310087380141,5732200
2001-06-08,29.680269241333008,29.908129222879552,29.417353020792902,29.633529818106233,3235400
2001-06-11,29.639394760131836,29.85556949898294,29.534228189065587,29.68029262346133,3974500
2001-06-12,29.884963989257812,29.943434949195236,28.844165734807465,29.692005806520847,4186000
2001-06-13,29.534141540527344,30.08377856439353,29.499059844893264,29.884974110542444,3952400
2001-06-14,28.949411392211914,29.58675463407417,28.744760813389917,29.271008345395085,3411400
2001-06-15,28.59273910522461,28.87924995683399,28.124962462514507,28.621974587762907,7731100
2001-06-18,28.651214599609375,29.352877444072096,28.651214599609375,28.885102957938514,4486800
2001-06-19,28.93772315979004,29.288553411387444,28.68044556012922,29.177457685503946,3572300
2001-06-20,28.791547775268555,29.76218066081951,28.136661270649476,28.937727440143846,7581600
2001-06-21,29.6920108795166,29.884969095221226,28.79739210258486,29.083905208488066,6567200
2001-06-22,29.65108299255371,29.844041222823,29.107294455189862,29.703707761670362,5113500
2001-06-25,28.651214599609375,29.206697777747557,28.08988521624908,29.089753598582988,7937800
2001-06-26,27.569482803344727,28.32961653506541,27.24788578984513,28.12496368733617,9434900
2001-06-27,27.39405632019043,28.212662977551666,27.306349897952675,27.42329402479338,5776800
2001-06-28,27.481773376464844,28.382240528806776,27.399913131801828,27.598717539065312,7310500
2001-06-29,27.62212562561035,27.91448511591707,27.218668101450504,27.62797183398509,7624000
2001-07-02,27.891077041625977,28.212671818320608,27.306358454717778,27.47592738024701,4711300
2001-07-03,28.002182006835938,28.171750988298506,27.686433330428077,28.095736922379917,2435000
2001-07-05,27.282970428466797,27.70981474884312,27.04908209075603,27.56948353063626,6393100
2001-07-06,26.5228271484375,27.277114424528275,26.23046794659057,27.277114424528275,6077400
2001-07-09,26.891193389892578,26.961358955583453,26.312321339004313,26.57544499849898,4042700
2001-07-10,26.312332153320312,27.61625412347752,26.288942878302702,27.481769137912327,6766600
2001-07-11,26.727493286132812,26.926297748560902,26.078455122602147,26.575467393934865,5902300
2001-07-12,28.066490173339844,28.14250420877276,26.68655404960009,26.727484169327607,6943400
2001-07-13,28.475801467895508,28.65121663383442,27.616264255112522,28.066497927021473,5827400
2001-07-16,28.70968246459961,28.931876157895694,28.14250693744371,28.592740528624837,4835000
2001-07-17,28.955257415771484,29.177451047512854,28.3880798152174,28.709674511104954,4311200
2001-07-18,28.791547775268555,29.17746200131834,28.341314139789688,28.651214315557414,5055400
2001-07-19,29.11897850036621,29.218381797204493,28.505024571093585,28.937717207551977,4354400
2001-07-20,28.885099411010742,29.2944006420398,28.709682048541804,29.118985510095285,4102500
2001-07-23,28.048959732055664,29.165772478459623,28.048959732055664,29.03128743083795,3717500
2001-07-24,27.56361961364746,28.300365902258278,27.224484168027224,28.300365902258278,4062200
2001-07-25,28.774003982543945,28.82662874981021,27.394067623583744,27.83260660729442,5720200
2001-07-26,28.943574905395508,29.01374052304347,28.475800403534475,28.651215562916768,6060400
2001-07-27,29.031286239624023,29.060521730424785,28.30623402293033,28.99620231234813,3601600
2001-07-30,28.972814559936523,29.206702959763444,28.56935941228643,29.0312877751558,4135400
2001-07-31,29.452281951904297,29.76218439710119,28.814938443816278,29.17746566419567,7001100
2001-08-01,29.107288360595703,29.645230580098964,28.93772167830184,29.452272390231986,4751900
2001-08-02,29.107288360595703,29.411342270658547,28.855859208630736,29.317787392987228,4275400
2001-08-03,28.72723388671875,29.206703101213456,28.417331420868436,29.206703101213456,3937400
2001-08-06,28.230201721191406,29.031267480770122,28.04309202433944,28.914323362606762,4571800
2001-08-07,28.645362854003906,28.937722130106916,28.288684180274345,28.505029420043783,4658200
2001-08-08,27.99632453918457,28.914332475738068,27.920310503841986,28.645362480555665,5792900
2001-08-09,28.3471622467041,28.505036563023825,28.037262050145834,28.300385910678713,6216500
2001-08-10,28.335464477539062,28.581047463771796,27.66888559144598,28.563504387989372,3746500
2001-08-13,28.124958038330078,28.440706553333413,27.71565688613019,28.3354570483323,5452200
2001-08-14,28.82661247253418,29.206680269350322,28.651197424204945,28.651197424204945,6750600
2001-08-15,28.762300491333008,29.10728447491562,28.62196930882167,28.943564018477748,6004400
2001-08-16,29.17160987854004,29.21838843603949,28.5050310478436,28.5050310478436,5875600
2001-08-17,28.785680770874023,29.14235927997199,28.59272489758102,29.14235927997199,4452300
2001-08-20,29.11897850036621,29.235922637019062,28.586884797593417,28.662898820996354,5670100
2001-08-21,28.124958038330078,29.2125347696589,28.124958038330078,29.2125347696589,5261900
2001-08-22,28.56350326538086,28.6512119492721,27.861842716348885,28.142507382066572,5007100
2001-08-23,28.06064224243164,28.55765208312158,27.803364670807024,28.47579184870433,4275500
2001-08-24,29.200838088989258,29.206686522482283,28.008014166653638,28.218510931401923,6012100
2001-08-27,28.645362854003906,28.99034688902643,28.271141106951667,28.908484418077208,5885100
2001-08-28,28.03091812133789,28.645374106806074,28.001656505367315,28.41129457312873,5532800
2001-08-29,27.504226684570312,27.943123918898564,27.270147266656537,27.884605180593507,6540600
2001-08-30,26.813711166381836,27.59787479129906,26.49185344524489,27.211645079465093,8332600
2001-08-31,26.8897762298584,27.58030819134931,26.825404265802046,26.831255247831166,5730000
2001-09-04,27.398897171020508,28.08942914953434,26.80784974823185,26.81370073040521,6475000
2001-09-05,26.913171768188477,27.398883409115463,26.21678692493405,27.398883409115463,6845700
2001-09-06,25.485301971435547,27.065332648176906,25.39752385360644,26.48598724817783,7881900
2001-09-07,23.963788986206055,25.450188127364417,23.407852053466872,24.695284362876894,19099700
2001-09-10,23.72971534729004,24.168612680096935,23.44297033997067,23.454674536727197,11048500
2001-09-17,21.184104919433594,21.79856054193148,20.481868965573202,20.774467093652817,25283900
2001-09-18,21.470848083496094,22.342791416282868,20.62816634700771,21.64640873190092,17420200
2001-09-19,20.657432556152344,22.050200618780067,19.9083818755075,21.82782536083346,15368500
2001-09-20,19.194440841674805,20.306314858012218,18.960363628788585,19.48703903204286,15620100
2001-09-21,19.3758544921875,19.615784943375484,17.731451691581338,18.024049911681185,18367700
2001-09-24,21.072914123535156,21.3713654348527,19.3699932753732,19.381697467223532,12591500
2001-09-25,21.242626190185547,21.792712165401444,20.69839342834466,21.500114002362118,11481000
2001-09-26,20.803735733032227,21.857089017170395,20.803735733032223,21.76931087902829,8373400
2001-09-27,21.59373664855957,21.710774080870475,20.774461228307658,21.125577989932232,7937500
2001-09-28,22.45399284362793,22.705627559394145,21.271895447605857,21.798573278825348,9380100
2001-10-01,22.13212013244629,22.453977596370166,21.710778153580797,22.307678546191465,8279300
2001-10-02,22.851913452148438,23.033325095961487,22.18479007451149,22.383756891731856,6284500
2001-10-03,23.8935604095459,24.039859450312612,22.60027519258503,22.734870042208865,8645800
2001-10-04,22.93384552001953,23.963792407532438,22.933845520019535,23.876012056860787,8620400
2001-10-05,23.062583923339844,23.121102654894088,22.178938575730214,22.93969324766801,6713400
2001-10-08,22.45399284362793,23.06259784140426,22.325251110044835,23.06259784140426,5532700
2001-10-09,22.178943634033203,22.939698479474686,21.97412356218744,22.939698479474686,8105400
2001-10-10,23.53074073791504,23.577557509563096,22.18478980588497,22.336939849048076,7337700
2001-10-11,25.221960067749023,25.23366426183049,23.993048709702943,23.993048709702943,12261600
2001-10-12,24.3909854888916,24.812327600157694,23.519041893598615,24.800623404583963,9989600
2001-10-15,23.969635009765625,24.127638246331085,23.4078472124304,23.84674434766347,6194600
2001-10-16,24.355867385864258,24.46120288982358,23.641929476341314,24.11593701181171,4728200
2001-10-17,23.706300735473633,24.87084233528789,23.64193101871822,24.578244190166856,6201900
2001-10-18,23.817481994628906,24.45534584037223,23.290804605539556,23.583402658956754,7382200
2001-10-19,23.64778709411621,24.121796994978766,23.407856652719722,24.051571817730647,7786800
2001-10-22,23.378599166870117,23.858460088425723,22.69391814364978,23.501489888460547,8669800
2001-10-23,23.612674713134766,24.01060845831808,23.378597483957464,23.899421941884903,7189900
2001-10-24,23.524900436401367,23.876017453759836,23.320080315985965,23.606827591628505,5536400
2001-10-25,23.671186447143555,23.67118644714355,22.676352472833837,23.232289302508057,8327300
2001-10-26,23.577558517456055,23.7823763213055,23.220588431592763,23.52489076327382,5901300
2001-10-29,22.600282669067383,23.466373009039305,22.54176392634038,23.26155517714785,5679200
2001-10-30,22.003381729125977,22.430577026413253,21.74004515915432,22.383760247180216,8989900
2001-10-31,22.37204933166504,22.828501630331413,21.857076076537446,22.23160350085057,9468300
2001-11-01,22.471540451049805,22.787544779502106,21.927307673789052,22.372055911977366,7256600
2001-11-02,23.59511375427246,23.94623062819184,22.471537971853124,22.705615143683833,11010100
2001-11-05,24.314912796020508,24.666032016186907,23.99890616757496,24.080835548256943,8191800
2001-11-06,24.987884521484375,24.987884521484375,24.110089998942865,24.314907827930455,7596400
2001-11-07,24.54899024963379,25.134186669256298,24.40269114472816,24.841588459445042,5923000
2001-11-08,24.513893127441406,25.51457910059862,24.279815751313514,24.982050112045783,7273600
2001-11-09,24.64261817932129,24.75380468002711,24.11008960040921,24.513874270458963,3969500
2001-11-12,24.06327247619629,24.3441664468507,23.407853211335997,23.700451376477695,6561800
2001-11-13,25.74864387512207,26.11731826475493,24.841589821445186,25.163447423414752,11132500
2001-11-14,27.053627014160156,27.10629477499597,25.748639420502673,26.333835770968644,12221500
2001-11-15,27.20577621459961,27.352075285541567,26.579614137209084,26.761025788821915,7493400
2001-11-16,26.80198860168457,27.21162643535275,26.363091401114367,27.205775454910984,9341800
2001-11-19,27.54519271850586,27.638824047600234,26.743474323613615,26.91903278662219,8395600
2001-11-20,27.024370193481445,27.357931966138576,26.860515914238544,27.217483846539565,5799600
2001-11-21,27.141403198242188,27.17066256480994,26.684948596868242,26.772728928918077,4381100
2001-11-23,27.25844383239746,27.305258374043277,26.82539760235376,26.83124858292949,2671900
2001-11-26,26.638139724731445,26.989256662946183,26.216797612996125,26.919033721772646,7722300
2001-11-27,25.396146774291992,26.36278304658718,25.138378144586984,26.245614674975517,12722800
2001-11-28,25.689414978027344,25.96507837093,25.014922536453742,25.073573274892404,10684400
2001-11-29,25.818450927734375,26.094114338150323,25.54278751731842,25.947485245355864,7297700
2001-11-30,27.360984802246094,27.566264601131508,26.393232064913146,26.393232064913146,14775400
2001-12-03,27.208484649658203,27.507609147987385,27.126372744197365,27.366844283353366,9213300
2001-12-04,27.976831436157227,28.264223205957954,27.519347143853103,27.683573249693065,10860900
2001-12-05,29.267154693603516,29.560412747698212,28.041335937992418,28.117581421142436,14671400
2001-12-06,28.82727813720703,29.126400477144404,28.539884154819806,28.797950531185034,7409000
2001-12-07,28.979764938354492,29.12052980879079,28.504686017686424,28.657181480440887,4819800
2001-12-10,28.305274963378906,28.921118853268368,28.152781713545316,28.91525243747742,5626600
2001-12-11,28.13519859313965,28.299422505186463,27.771556734488854,28.152793373035237,5020400
2001-12-12,28.358060836791992,28.680646576076295,27.994421374868434,28.123455670582153,6814400
2001-12-13,28.152780532836914,28.358060329269392,27.65424260585405,28.006151467561722,6056100
2001-12-14,29.214374542236328,29.384462550391962,27.918171959306896,28.152779348833263,9046900
2001-12-17,29.325809478759766,29.607336981270056,28.833135790021334,29.214372208197894,7298000
2001-12-18,29.41966438293457,29.941663653750446,29.314091245310834,29.560429312227097,6992000
2001-12-19,29.677719116210938,29.67771911621094,29.126394688259406,29.35513565052247,6364800
2001-12-20,29.507633209228516,29.888867427571597,29.355137731985742,29.589745125875275,4591100
2001-12-21,30.20559310913086,30.20559310913086,29.29649318147816,29.824356572994695,10996500
2001-12-24,30.100011825561523,30.26423564898506,30.04722527697799,30.117606595962105,2519700
2001-12-26,30.275959014892578,30.52229692860923,30.141060586797302,30.141060586797302,3828900
2001-12-27,30.170392990112305,30.457786917014197,29.80088938930073,30.20558476811512,4287400
2001-12-28,30.20559310913086,30.492987115394147,30.070694612275,30.463659506935674,3679900
2001-12-31,29.91819190979004,30.123473932732452,29.91232773193768,29.924058325024262,3972200
2002-01-02,29.554555892944336,29.918195371172203,28.973906010962345,29.918195371172203,7291300
2002-01-03,29.35515022277832,29.55456592122242,29.03256659695539,29.413803214898866,5186600
2002-01-04,29.882993698120117,29.894724287803367,29.38445370479743,29.613196847548995,5523200
2002-01-07,29.671865463256836,30.234920683525804,29.636673672971565,29.970987849842675,6288800
2002-01-08,29.970975875854492,30.082415381877652,29.68358420084898,29.970975875854496,5172400
2002-01-09,29.478303909301758,30.293563325557066,29.361002456494305,30.146934272165954,6352600
2002-01-10,29.501766204833984,29.970978745863537,29.179182722712532,29.478305018437037,6625400
2002-01-11,29.595613479614258,29.994444763069332,29.531096325322665,29.64840003881808,6278400
2002-01-14,29.050140380859375,29.648387043828425,28.979759078563387,29.59560050776112,7568100
2002-01-15,29.14984893798828,29.425509967686562,28.827265549050413,29.050140043294768,6201800
2002-01-16,28.79207992553711,29.296484208125964,28.79207992553711,29.120529798180986,4163900
2002-01-17,28.152780532836914,28.76275798135339,28.006151467561722,28.70997142835904,8933200
2002-01-18,28.4460391998291,28.739297335909814,28.006151995708034,28.15278106374839,5394500
2002-01-22,28.4460391998291,29.026691293717,28.33460191357596,28.709971969778145,4901000
2002-01-23,28.4577693939209,28.73929693211702,28.299409734176454,28.53401713469755,4568300
2002-01-24,28.146913528442383,28.87419236624736,28.09412698074833,28.563339495038925,6254900
2002-01-25,27.566265106201172,27.8653874239693,27.51347855160891,27.859523245628843,7529800
2002-01-28,28.03546714782715,28.08238950644846,27.683558407692143,27.859512777759647,4683700
2002-01-29,27.566265106201172,28.475364890950544,27.507614373268456,28.13518661265311,5715100
2002-01-30,28.780351638793945,28.94457546958087,27.56626320431774,27.56626320431774,7776900
2002-01-31,29.37862205505371,29.4431392510509,28.762779957834177,29.032577107109983,7555000
2002-02-01,28.973913192749023,29.413800525205442,28.745169900470245,29.32582216376109,5025800
2002-02-04,28.733440399169922,29.40793293971506,28.622000847449254,29.03256278891036,6246900
2002-02-05,28.797962188720703,28.979783127700806,28.358074768908985,28.73344724655014,7221600
2002-02-06,28.686513900756836,28.944580283107666,28.446042292521533,28.768625829805632,4306900
2002-02-07,28.65131950378418,29.044286576478815,28.45190387824856,28.692375464566627,4905900
2002-02-08,29.14984893798828,29.17917429382241,28.481220980492747,28.739287244166796,4789000
2002-02-11,29.619068145751953,29.765697195978447,29.03255194484597,29.0442825373499,5716600
2002-02-12,29.507633209228516,29.853677884655514,29.4431160640398,29.619070490765985,4844800
2002-02-13,30.053096771240234,30.340488510802864,29.619073716491023,29.912331872099845,6119500
2002-02-14,30.234909057617188,30.440191065939178,29.8243472783549,30.199719518245534,5358500
2002-02-15,29.630802154541016,30.234913195163035,29.443117127602488,30.234913195163035,5937600
2002-02-19,29.531089782714844,30.094147035271167,29.50176442018358,29.759832980174902,5684900
2002-02-20,30.328758239746094,30.375680619087678,29.624938211297668,29.78329788550223,8007300
2002-02-21,30.088308334350586,30.557521279183025,29.771588757569766,30.135230747525735,7551200
2002-02-22,29.912334442138672,29.935795633574863,29.208514360729524,29.89473966725271,8604300
2002-02-25,30.53990364074707,30.56922900834625,29.959253755184037,30.05896045249768,8632400
2002-02-26,30.21144676208496,30.85074947327933,29.660122370847702,30.557491389931116,12242200
2002-02-27,29.86541175842285,30.64547958545057,29.583884176171576,30.586828844833263,8919700
2002-02-28,29.325809478759766,29.91232566833496,29.14985506936355,29.859539121777928,9268900
2002-03-01,29.495906829833984,29.619074722400946,29.149862104968072,29.490040413588563,8664600
2002-03-04,29.267154693603516,29.413783720650862,28.539873735000846,28.739289301280497,12373700
2002-03-05,27.859500885009766,28.844847621617376,27.624893666815478,28.844847621617376,14541800
2002-03-06,28.56334114074707,28.72170079295329,27.97682490474562,28.006150269069316,9741600
2002-03-07,28.38739585876465,29.091213778705132,28.15278839386275,29.067754822121024,8833800
2002-03-08,28.704105377197266,28.973904561138877,28.47536439044534,28.68064642686574,6996700
2002-03-11,28.346330642700195,28.686508894736047,28.205565762193785,28.686508894736047,6442900
2002-03-12,28.387434005737305,28.598798925921326,28.04690337631821,28.24065306002057,7512700
2002-03-13,28.475492477416992,28.59878788669876,27.917724651053636,28.1232192395552,6465400
2002-03-14,28.387434005737305,28.763195108119728,28.299366782126956,28.328722523330406,4748700
2002-03-15,28.72209930419922,28.757327543499255,28.035165435597584,28.387438869798444,10340300
2002-03-18,28.59878921508789,29.02151891191637,28.328712904202465,29.02151891191637,5762200
2002-03-19,29.062625885009766,29.232892311560907,28.727965523691665,28.909974694111785,6070900
2002-03-20,29.144826889038086,29.50297278769842,28.786680990377757,28.94520469501592,7084700
2002-03-21,28.798425674438477,29.14482885092154,28.487250736812953,29.074374612906297,7946500
2002-03-22,28.980426788330078,29.20940467770291,28.498985523572017,28.763191641963445,5208600
2002-03-25,28.446144104003906,29.062623549539136,28.18193798743189,28.857131147593794,5216600
2002-03-26,28.769054412841797,28.898222312623428,28.270000283192367,28.299356013224926,7481600
2002-03-27,28.921710968017578,29.003910163077492,28.358072782943935,28.827771270505306,6815400
2002-03-28,28.540088653564453,28.827778065135075,28.363951959176376,28.76906658023891,5981500
2002-04-01,28.311105728149414,28.651636311880754,28.217166025082236,28.270007248038723,6961800
2002-04-02,27.894245147705078,28.311104664116613,27.74159397584528,28.311104664116613,6247500
2002-04-03,27.565454483032227,28.35807047634064,27.007686594552776,27.982311716855204,7151300
2002-04-04,28.270000457763672,28.346324908379916,27.68287689469235,27.74158835512002,5382900
2002-04-05,28.63401985168457,28.821899235078572,28.24064585291038,28.387426761168125,5547500
2002-04-08,29.062625885009766,29.062625885009766,28.35807693076662,28.35807693076662,4669400
2002-04-09,28.81603240966797,29.27985843272772,28.769061438386426,29.062623289798534,5068700
2002-04-10,29.20353126525879,29.209401516276923,28.733830554644904,28.86299847403362,4372900
2002-04-11,28.962804794311523,29.526442845279437,28.868862879451683,29.20352535189356,6956500
2002-04-12,29.567556381225586,29.626267868234663,29.05675927720765,29.209410487251063,5825500
2002-04-15,28.886484146118164,29.497093282144,28.780801709509884,29.44425206383986,4793800
2002-04-16,29.26225471496582,29.26812496838739,28.751457558693374,29.074375249677107,6424500
2002-04-17,28.98630142211914,29.30334881211993,28.833650219359253,29.121339627556612,3836200
2002-04-18,29.074356079101562,29.21526446530827,28.534201292780057,29.121324794604323,5226400
2002-04-19,28.85713768005371,29.297480560788816,28.827779696244935,29.20941108876191,6608500
2002-04-22,28.481369018554688,29.068492704475577,28.481369018554688,28.77493086151513,7705400
2002-04-23,28.686864852905273,28.886487004059926,28.181938103531788,28.48724270175062,6304900
2002-04-24,28.281753540039062,28.880620109558613,28.217171800717047,28.692740664968124,5576800
2002-04-25,28.575300216674805,28.71034059519313,28.12321708395972,28.2817384610581,5848800
2002-04-26,28.23477554321289,28.945194600172286,28.217162550962318,28.827769425870994,4548200
2002-04-29,27.57132911682129,28.305233760516696,27.57132911682129,28.00580165135663,7133700
2002-04-30,27.22492790222168,27.718111946190582,27.007692739907814,27.42455006858289,9027400
2002-05-01,27.324737548828125,27.57720091912695,26.6554168888542,27.266023834980043,9459700
2002-05-02,27.477392196655273,27.88837928671518,27.254284535245706,27.324741000764174,6820500
2002-05-03,27.30126190185547,27.577210857137356,27.00182969227085,27.47739862747583,5299900
2002-05-06,26.244441986083984,27.301264687330946,26.16224498838814,27.301264687330946,6536300
2002-05-07,26.83742904663086,26.83742904663086,26.420571675500863,26.53799688644301,9049300
2002-05-08,27.213176727294922,27.53609648437741,26.919614940637164,27.448027052500606,6929300
2002-05-09,27.095760345458984,27.348223722106628,26.80219848793375,27.125116083271664,5696300
2002-05-10,26.71412467956543,27.148597143337952,26.455791093351333,27.037042222257767,4959100
2002-05-13,26.78458023071289,26.79632297245258,26.36185272657894,26.71412601997373,5896300
2002-05-14,28.17019271850586,28.17019271850586,27.477386625928975,27.594811804953686,8185400
2002-05-15,27.594810485839844,28.592921100288727,27.465642571117375,28.170191371887107,8454500
2002-05-16,27.594810485839844,27.770947126107554,27.371702880328,27.74159139267942,5240900
2002-05-17,28.23477554321289,28.240645794063447,27.682880135605405,27.712235869256002,5530900
2002-05-20,28.475492477416992,29.062616033652393,28.3345818384531,28.763184005439733,10370800
2002-05-21,26.361852645874023,27.982312926107692,26.273783202945456,27.976442675105307,22179600
2002-05-22,25.98023223876953,26.291407185038395,24.95863568052284,26.291407185038395,19553900
2002-05-23,25.18760871887207,25.892155397685865,25.01146980946935,25.839314172804905,16275300
2002-05-24,25.49291229248047,25.622080234906473,25.1876099117089,25.246321391157426,10466600
2002-05-28,24.389118194580078,25.492909099937467,23.79025177246536,25.099537309556705,19734700
2002-05-29,24.04271125793457,24.65332032397007,23.778505196698177,24.072066989250008,14882000
2002-05-30,23.573022842407227,23.98400773464671,23.39688390036209,23.92529624709812,16635500
2002-05-31,24.477184295654297,24.817717089566344,23.866577398496588,23.92528886793708,16912200
2002-06-03,23.790252685546875,24.68855123334654,23.661084754339377,24.160141245105223,8726800
2002-06-04,23.543657302856445,24.01335801129863,23.162028276870878,23.78437790806853,11057900
2002-06-05,23.802005767822266,24.189507490074273,23.54954228699291,23.661095032594194,9548100
2002-06-06,22.903688430786133,23.83721495389992,22.809748753478395,23.801988974721127,10427300
2002-06-07,22.79800033569336,22.95652166633984,22.46333797183469,22.604248558706647,10797100
2002-06-10,23.455598831176758,23.602379797279617,22.751049745943078,22.798020730151897,8409600
2002-06-11,23.02057456970215,24.043450937082902,22.926517153133112,23.54376908952402,8343200
2002-06-12,22.373931884765625,23.01469878672112,22.33865950981643,22.96766895345553,12306500
2002-06-13,22.27988624572754,22.603208671679912,22.05061905104528,22.05061905104528,8931200
2002-06-14,21.739042282104492,22.044729466473626,21.45687001403433,21.515655062275922,11835300
2002-06-17,22.632587432861328,22.867732095399827,21.64498343820874,21.868370643369747,10391800
2002-06-18,22.103511810302734,22.63258614976705,22.103511810302734,22.544406345687808,9382500
2002-06-19,22.132905960083008,22.803065276498916,21.90363892433053,22.115268654252503,10567000
2002-06-20,21.462745666503906,22.48562200726224,21.456868059217562,22.103512500986245,8264100
2002-06-21,20.968952178955078,21.456876754151253,20.869017117051218,21.221732002308617,12176300
2002-06-24,21.556798934936523,21.89775839711968,20.516289972424282,20.986576952586212,10618500
2002-06-25,21.2452392578125,22.42683795770517,21.104154251634885,22.04472843450479,9570300
2002-06-26,21.480384826660156,21.63322729685412,20.751438122451052,20.869010460872627,12075600
2002-06-27,21.868371963500977,22.097636789937944,21.162940175806266,22.015336825832964,10905000
2002-06-28,21.592084884643555,22.338666916479315,21.462755042788135,21.809592329349524,10237200
2002-07-01,20.898412704467773,22.03298214927565,20.85138509273063,21.603844820579923,8997300
2002-07-02,19.840253829956055,21.145302355039384,19.840253829956055,20.73380034562067,10936300
2002-07-03,21.662622451782227,21.662622451782227,19.940193875856934,19.987223713939724,12426000
2002-07-05,22.332792282104492,22.6325997597514,21.768445233140493,21.86838255402741,5060400
2002-07-08,21.6920166015625,22.415083522613777,21.6920166015625,22.18581867478118,9799200
2002-07-09,20.780839920043945,21.838989195539767,20.663269771661597,21.78020187884176,13496200
2002-07-10,19.54633331298828,21.015982434265595,19.54633331298828,20.75144514393436,15367000
2002-07-11,18.45878791809082,20.075402650536144,18.45878791809082,19.634508029301877,23426500
2002-07-12,17.10083770751953,17.58876118356283,16.69521422559695,17.259560085826628,46589100
2002-07-15,17.635780334472656,17.78274517059326,16.46006164550781,17.40063682093023,25172800
2002-07-16,17.953229904174805,18.605753195299382,17.606392704915812,17.90032245877916,21221300
2002-07-17,18.153093338012695,18.952583406493996,17.576991536040232,18.664531384255216,16941800
2002-07-18,17.40651512145996,18.458782739190724,17.40063639360918,18.2236392314229,11875800
2002-07-19,16.87156867980957,17.576999431363312,16.87156867980957,17.224283494959916,13688300
2002-07-22,16.50708770751953,17.341847887995165,16.471816466443812,16.98913211348035,17756300
2002-07-23,16.548248291015625,17.2242866384366,16.31310466425006,16.624670670497718,16434900
2002-07-24,18.059040069580078,18.22364110254439,16.019168388526925,16.16613323612809,20872500
2002-07-25,16.959745407104492,17.870927108808647,16.489457172956445,17.782748415297426,18263000
2002-07-26,17.22427749633789,17.40063596374654,16.50708953505016,17.194884979062778,12349300
2002-07-29,18.211883544921875,18.211883544921875,17.471180582557842,17.6122667009244,13384200
2002-07-30,17.982620239257812,18.546964759689157,17.576996914414728,18.200127602704228,11618500
2002-07-31,18.153093338012695,18.305936879174222,17.48881287186119,18.082550855170478,11424700
2002-08-01,17.418272018432617,18.10606750164881,17.194885959152096,18.076674982698357,12578600
2002-08-02,16.712839126586914,17.400634513266358,16.43654455372049,17.341848362363763,10777300
2002-08-05,16.15437889099121,16.953868174745782,16.107350175549943,16.712845867952655,11214000
2002-08-06,16.47770118713379,16.83629469788637,16.266071421195715,16.401278828877064,13750000
2002-08-07,16.612913131713867,16.971507861649716,16.177897143903998,16.77163549951366,16987100
2002-08-08,15.954508781433105,16.618790740523703,15.343135395956994,16.61291201012209,32287500
2002-08-09,16.630544662475586,16.783387135381034,15.695848031326218,15.784026726080267,18477700
2002-08-12,15.695843696594238,16.277824266748503,15.607663904939928,16.1661306862383,19157200
2002-08-13,15.572389602661133,16.507085792103346,15.525360912933014,15.713475671845488,18725700
2002-08-14,16.624666213989258,16.753994893728375,15.578275953817613,15.754633346303045,16914500
2002-08-15,17.006771087646484,17.13609974033198,16.46594044357113,16.783383907891057,16689800
2002-08-16,16.518844604492188,16.830409279115784,16.33072983009624,16.518844604492188,14096400
2002-08-19,17.065563201904297,17.577000384353234,16.70108978623405,17.042048281617713,23581300
2002-08-20,17.782745361328125,18.223639874418904,17.576994364301882,17.95322511125787,24616600
2002-08-21,19.21125030517578,19.217127913982768,18.358853507764678,18.458789676280098,23847400
2002-08-22,19.904922485351562,20.09303734081512,19.281790625062303,19.37584805279408,17985800
2002-08-23,19.710922241210938,20.269389042556384,19.663894661811028,19.90491689281207,15096700
2002-08-26,19.94607162475586,20.081279031235223,19.605112062107647,19.781471693825477,10490400
2002-08-27,19.434642791748047,20.222374891707155,19.369977864940633,20.163587575288222,13413200
2002-08-28,19.223007202148438,19.422879533323915,19.099557238262275,19.399364613772413,9624100
2002-08-29,19.422883987426758,19.622756364437453,18.87029446377601,19.099561618220047,7669500
2002-08-30,19.35821533203125,19.722687628351522,19.246522823846103,19.340580262977344,9025700
2002-09-03,18.757675170898438,19.340539514674962,18.663474759484306,19.211015352677382,11832300
2002-09-04,19.187469482421875,19.293445252480677,18.663479422639764,18.692916637452647,8564700
2002-09-05,18.89899253845215,19.216920069867335,18.77535480265194,18.84011806785693,10244000
2002-09-06,19.576059341430664,19.899873407669425,19.18159546432019,19.18159546432019,10088400
2002-09-09,19.581941604614258,19.75268066894742,19.222803834490833,19.311115517275347,7028300
2002-09-10,19.428871154785156,19.72324799046372,19.34055720571478,19.71736144195364,7552500
2002-09-11,19.564271926879883,19.964624351318257,19.48773336887724,19.723235587693555,5840000
2002-09-12,19.122711181640625,19.517177148540117,19.063836736869288,19.340549322393898,8007800
2002-09-13,19.693798065185547,19.82921105282607,19.075607557812532,19.122706653293093,7750800
2002-09-16,20.029390335083008,20.164803343500253,19.54661274127686,19.640813192606938,6461500
2002-09-17,19.5230655670166,20.54749762406552,19.4759664558657,20.31199533056204,8904600
2002-09-18,19.53484344482422,19.840995567796494,19.169816863783534,19.369993165499384,8176100
2002-09-19,18.963747024536133,19.723239471565524,18.840109345973037,19.252237187099407,9377600
2002-09-20,18.386770248413086,19.134487410582725,18.192481651931647,19.057948832083856,13707600
2002-09-23,17.59195327758789,18.25135766139135,17.109175609443746,18.25135766139135,11466300
2002-09-24,16.726484298706055,17.5919514076815,16.66172106421906,17.221037253251456,13977700
2002-09-25,16.249589920043945,17.014968695646665,16.037638390756797,16.92665593276292,22796100
2002-09-26,16.644062042236328,16.685274608374506,16.261372484292696,16.308472720301786,18345000
2002-09-27,15.755043983459473,16.77947495097451,15.755043983459473,16.543973772745456,11593900
2002-09-30,15.366460800170898,15.643174436922283,14.571643649256277,15.45477356739302,17984100
2002-10-01,15.5313138961792,15.660840360356067,14.424458019783067,15.278150882381988,22640600
2002-10-02,14.689391136169434,15.543082506328023,14.42445177680031,15.38411889070655,18694400
2002-10-03,14.695296287536621,15.248725248478074,14.395032797313213,14.71884698172766,17840600
2002-10-04,15.189836502075195,15.419451080066079,14.483333131605383,15.001435603283246,19569600
2002-10-07,14.253719329833984,15.183950783453549,14.14185699193325,14.954336192958468,16780400
2002-10-08,14.866025924682617,15.219278250454833,14.21839684792659,14.654074304627652,19936200
2002-10-09,13.92990779876709,14.866025958886077,13.894582902996051,14.583424546801377,16369500
2002-10-10,14.483332633972168,14.601082630192392,13.647302832089606,14.118305062886304,17775400
2002-10-11,15.43122673034668,15.537202526520767,14.595197944880086,14.866023981362272,13474900
2002-10-14,15.631402969360352,16.17894383375098,15.160400679001764,15.307589035108577,10646600
2002-10-15,17.309345245361328,17.3682207946806,16.33790261194531,16.47920325653694,16979200
2002-10-16,16.750043869018555,17.073857967494487,16.42622864758401,17.073857967494487,12188300
2002-10-17,17.16215705871582,17.83922307343143,17.073844295571647,17.6037219973944,14699900
2002-10-18,17.90399169921875,18.021742834288556,16.985536663731633,17.162162243378294,12708400
2002-10-21,17.574281692504883,17.898095474723966,17.250466787328286,17.886320142254085,11724300
2002-10-22,17.409435272216797,17.7685751522144,17.168046503910883,17.368222720012056,9207000
2002-10-23,17.921653747558594,17.956978637006436,17.36233757033749,17.421213134722553,9160600
2002-10-24,17.59783935546875,18.43975692531219,17.485977014255646,17.927542079030204,12091200
2002-10-25,18.004077911376953,18.11005369707158,17.485975442707357,17.662601003559782,8379300
2002-10-28,17.75090789794922,18.363211735391477,17.597831938588655,18.310223860114455,7662100
2002-10-29,17.627277374267578,17.833341291943473,17.014973290082974,17.66260226436807,10166900
2002-10-30,17.350563049316406,17.656715100158614,17.103286565629706,17.56251464189302,8647300
2002-10-31,17.003196716308594,17.515412638840026,16.73237070696314,17.39766151645457,11774400
2002-11-01,16.72059440612793,16.96198318243901,16.485093297892465,16.96198318243901,11772400
2002-11-04,16.019987106323242,16.838355485775807,15.91990005868506,16.7206043005002,17446500
2002-11-05,16.649946212768555,16.70293410751203,16.037642150380844,16.043529819014335,11308300
2002-11-06,16.661718368530273,16.814794365214734,16.3673417109735,16.75003226416357,11065800
2002-11-07,16.00820541381836,16.667608599280264,15.825691049539758,16.667608599280264,11832600
2002-11-08,15.69027328491211,16.23192629901403,15.566635646183354,16.10240099325662,11611300
2002-11-11,15.44888687133789,15.707938644709714,15.425337322644724,15.690275640971464,7481900
2002-11-12,15.855123519897461,16.22603753394099,15.395895629358133,15.719710556275029,10490200
2002-11-13,15.866898536682129,16.15538745806357,15.454770864447179,15.666722367077448,9382700
2002-11-14,16.390901565551758,16.555752990405892,16.2437131543115,16.33791364766859,10308500
2002-11-15,16.67349624633789,16.95609761116714,16.355569991644483,16.48509533645172,12346800
2002-11-18,16.838346481323242,17.22103594438465,16.750033701071832,17.19159872528682,13255200
2002-11-19,14.665849685668945,15.74915622219088,14.483336413970914,15.32525410383985,54316300
2002-11-20,14.54221248626709,14.866026475156515,14.01233341650879,14.866026475156515,53474800
2002-11-21,14.707058906555176,14.848359580537437,14.483333120156077,14.6893970241561,34273000
2002-11-22,14.807148933410645,15.001437525555572,14.62463567968858,14.707060802732466,20748200
2002-11-25,14.98377513885498,15.14862537941952,14.842473328431032,14.866024004487704,15416600
2002-11-26,14.730603218078613,14.948441241939086,14.67761534785148,14.866016165122415,13789800
2002-11-27,15.36057186126709,15.413559741806223,14.854243724096557,14.877794392317357,18651100
2002-11-29,15.543088912963867,15.690277257069507,15.460663799611254,15.596076806678534,7173400
2002-12-02,15.584299087524414,16.190715376811614,15.46066143639395,16.178940041573156,16330500
2002-12-03,15.342368125915527,15.619710529162148,15.253854688752513,15.548900229635503,12795900
2002-12-04,15.348261833190918,15.525288622873523,14.929296780195727,15.01191025748864,16843900
2002-12-05,15.324665069580078,15.460386874493448,15.13583610249469,15.271556781898635,12711400
2002-12-06,15.401372909545898,15.478084232290398,15.01781404480524,15.01781404480524,12104800
2002-12-09,15.194844245910645,15.383673198205516,15.188943200462763,15.312862903849608,12105700
2002-12-10,15.873453140258789,15.897057328630352,15.247956780037834,15.247956780037834,16030200
2002-12-11,15.79673957824707,15.950163404758056,15.460387819380843,15.802640624517817,13328000
2002-12-12,16.10359001159668,16.30421999189397,15.843949558403587,16.044580664210564,14487400
2002-12-13,15.57249641418457,16.109478971535147,15.56659537091041,16.109478971535147,15097800
2002-12-16,15.761333465576172,15.9560646180204,15.495793133670368,15.578405531306462,13254700
2002-12-17,15.165336608886719,15.690517150717122,15.135831388525471,15.607904784723775,13069800
2002-12-18,15.029617309570312,15.253852519031248,14.811284270658055,15.188942149106884,13252700
2002-12-19,14.7168607711792,15.159428748004684,14.693256605504395,14.882085428868564,11451400
2002-12-20,14.651956558227539,14.811281366524375,14.398217298830888,14.74637100932736,25290000
2002-12-23,14.427719116210938,14.604745888903226,14.339204604356024,14.368709816810586,11977800
2002-12-24,14.28020191192627,14.368715332248328,14.132679169553102,14.309706010197221,7312200
2002-12-26,14.274299621582031,14.510335763680533,14.150379943537127,14.22119134892123,8403800
2002-12-27,14.026463508605957,14.303805876754017,14.008760373209975,14.138579989586015,8281400
2002-12-30,13.973350524902344,14.103170097584877,13.577989638199979,14.026458787706312,18383800
2002-12-31,14.17398452758789,14.262497942728354,13.760920422920206,13.896641067836194,11774200
2003-01-02,14.681462287902832,14.699165421522377,14.250696166076374,14.2861013078063,12884400
2003-01-03,12.616148948669434,13.365565018312084,12.539437590399453,13.288853660042102,65004600
2003-01-06,12.875784873962402,12.952497330875687,12.62794661983578,12.740064220050236,23925400
2003-01-07,12.663352012634277,12.982001685150589,12.627946868635544,12.834478938728424,19715600
2003-01-08,12.486321449279785,12.763663724790373,12.427312143179327,12.639745194937419,19973300
2003-01-09,12.669258117675781,12.740069559464697,12.504033296017788,12.568942565022136,21948100
2003-01-10,12.73416519165039,12.98200348502117,12.468623761071202,12.533534138659313,16412600
2003-01-13,12.95839786529541,13.029209280768338,12.716460644485908,12.934794810477277,17696200
2003-01-14,13.005609512329102,13.141330206979017,12.539436962649546,12.964302186318234,14524700
2003-01-15,12.905289649963379,13.123622672501906,12.852181374100672,13.123622672501906,13219100
2003-01-16,13.082319259643555,13.170832696345618,12.94659858166643,13.029210972520435,15111400
2003-01-17,13.235734939575195,13.395059703012638,12.999698878283827,13.277041109612593,23525200
2003-01-21,12.863982200622559,13.37146077545111,12.81087392532612,13.265244224858236,15390300
2003-01-22,12.73416519165039,13.070516920044437,12.7046610884791,12.775471386293956,12664500
2003-01-23,12.95839786529541,13.023308235686489,12.468622378594556,12.863983395004349,11995700
2003-01-24,12.545334815979004,12.934794786587643,12.397812065733028,12.893488596600251,13705600
2003-01-27,12.155875205993652,12.627947570581847,12.09096483379679,12.40371347877978,16422300
2003-01-28,12.1145658493042,12.321096751402711,12.026051319251689,12.26208856537971,13693000
2003-01-29,12.374207496643066,12.433216819989196,11.860828972202963,11.860828972202963,15072300
2003-01-30,12.226683616638184,12.592540487032533,12.138170202585895,12.374206348561705,16044200
2003-01-31,12.332902908325195,12.415516421933761,12.167678132126813,12.185380143571283,14137800
2003-02-03,12.616148948669434,12.681059338712224,12.362410686385891,12.391914795218282,12549800
2003-02-04,12.45682144165039,12.622046202272657,12.273892420233924,12.480424496521026,11141500
2003-02-05,12.574843406677246,12.61614961141632,12.362411335803491,12.551240343473347,11048800
2003-02-06,12.76366901397705,13.005607381797608,12.551236999697325,12.551236999697325,17750200
2003-02-07,12.574843406677246,12.964303516373741,12.568942359498855,12.922997311634669,11844100
2003-02-10,12.73416519165039,12.804976614974638,12.397813463256345,12.657453848099397,8863200
2003-02-11,12.557135581970215,12.810873740208809,12.480423129646452,12.704658316659911,10129700
2003-02-12,12.509929656982422,12.675154416746025,12.480424431660877,12.527631666666087,7826100
2003-02-13,12.214884757995605,12.521731237876725,11.908037152605168,12.509930272676568,12944200
2003-02-14,12.598441123962402,12.598441123962402,12.079160494098984,12.167675030798014,10711900
2003-02-18,12.922999382019043,13.082324304831939,12.657458969507395,12.686963084616519,12041300
2003-02-19,12.887588500976562,13.052814398607822,12.73416469435668,12.863984318953806,8619900
2003-02-20,12.775467872619629,12.970197826317422,12.734161689336625,12.970197826317422,7732900
2003-02-21,13.223942756652832,13.271150004257862,12.793176481568242,12.834482682533947,13246100
2003-02-24,13.08821964263916,13.489481735909981,13.017408221558103,13.489481735909981,15189600
2003-02-25,13.477677345275879,13.572091806935568,12.757766793743466,13.218037012957156,20170600
2003-02-26,13.501279830932617,13.631100554394571,13.341956137016123,13.424568506121647,13479300
2003-02-27,13.637005805969238,13.690114095496043,13.336059207153832,13.572095424212153,14378200
2003-02-28,13.837634086608887,13.920246464573722,13.412767855911472,13.412767855911472,11461300
2003-03-03,13.62520980834961,14.026472119589714,13.572101495067246,13.861246130987917,10208200
2003-03-04,13.04101276397705,13.513085165859275,13.011507535416044,13.507184120147073,11893200
2003-03-05,13.070512771606445,13.27114376091944,12.840377688486438,12.981999364676367,11008300
2003-03-06,13.04101276397705,13.241643816154342,12.840381711799758,12.964300295227822,8971100
2003-03-07,13.288844108581543,13.330150281461599,12.692852309362227,12.728257439615303,10939100
2003-03-10,12.934793472290039,13.341956536739904,12.887586242028398,13.188532757012286,7610700
2003-03-11,12.86970329284668,13.153724060170072,12.869703292846681,13.011713676508377,7190100
2003-03-12,13.118226051330566,13.124143293666403,12.816453463794309,12.86970751621827,10365400
2003-03-13,13.698105812072754,13.727692031430331,13.17740076596695,13.3134939892152,11208700
2003-03-14,13.60343074798584,13.893368895845624,13.372663904068588,13.73360671378041,9413500
2003-03-17,14.141886711120605,14.189223526016292,13.36674594397925,13.562010446498787,14499500
2003-03-18,14.165553092956543,14.254309463583644,13.804609239994715,14.17147033481148,11698400
2003-03-19,14.526494979858398,14.615252473967061,14.082712023708773,14.130048827220797,11782400
2003-03-20,14.745427131652832,14.810515654101083,14.029456770517026,14.384483330582812,12848600
2003-03-21,15.254297256469727,15.266130608859338,14.846016691175167,15.088617908434692,15717600
2003-03-24,14.425907135009766,15.088623650763985,14.260228852520202,14.496912919361474,12019100
2003-03-25,14.8578519821167,14.917022133085004,14.390400114998739,14.408151837448202,13468600
2003-03-26,15.041284561157227,15.206963947172733,14.79276604643321,14.88152241699211,11527200
2003-03-27,14.828269004821777,14.96436331601998,14.615253932065325,14.804601165003742,7644700
2003-03-28,14.573834419250488,14.828270207370261,14.449575710781923,14.828270207370261,7364200
2003-03-31,14.414071083068848,14.680340185255544,14.100464047766174,14.201054898440734,11630500
2003-04-01,14.66850757598877,14.66850757598877,14.189221136219478,14.56199947826226,10403600
2003-04-02,15.31347370147705,15.461401388861717,14.85194003914006,14.85194003914006,13033900
2003-04-03,15.402229309082031,15.550156978144523,15.29572120678127,15.414062664872134,11812400
2003-04-04,15.638910293579102,15.727666651928693,15.39630905407766,15.414059648588582,10454500
2003-04-07,15.579736709594727,16.27203800817748,15.520565436572632,16.124110389921317,13721300
2003-04-08,15.638910293579102,15.798672415767365,15.372640089931993,15.680329852235689,11268600
2003-04-09,15.236544609069824,15.739498734506324,15.17737333632468,15.638907909419023,12678400
2003-04-10,15.307555198669434,15.5028196704056,15.076787274909588,15.384477087523706,15850300
2003-04-11,15.325303077697754,15.674412393816365,15.165540957725176,15.39039159959732,10657800
2003-04-14,15.709918975830078,15.763173030278203,15.23655085695632,15.295722153965194,7930700
2003-04-15,16.07086181640625,16.094530785094808,15.74542139712837,15.857845612603393,12137100
2003-04-16,15.769089698791504,16.212872717304954,15.73358737331803,16.106364612285955,10259000
2003-04-17,16.19512176513672,16.266126414532796,15.739504271884098,15.775006596582136,9513700
2003-04-21,16.254291534423828,16.331214552762027,16.03535922075039,16.19512137090032,7764100
2003-04-22,16.36080551147461,16.419976824851517,16.02353049240484,16.106369653973154,9557200
2003-04-23,16.49689292907715,16.567898705828338,16.13003294689184,16.30162845375954,8650600
2003-04-24,16.36080551147461,16.48506538242601,16.224712280726973,16.224712280726973,7917700
2003-04-25,16.254291534423828,16.467307734623734,16.212871968517963,16.36079963452378,6889100
2003-04-28,16.5146427154541,16.567896759612157,16.27204146033337,16.27204146033337,6979700
2003-04-29,16.715822219848633,17.017594721019282,16.638900348694506,16.686237145235104,10936400
2003-04-30,16.644817352294922,16.68032079805075,16.437719561710814,16.597480553218794,11720600
2003-05-01,16.272048950195312,16.627075698464814,16.18329254527767,16.627075698464814,10986700
2003-05-02,16.869670867919922,16.922924917026602,16.37855107062384,16.44955571703374,10056600
2003-05-05,17.11227798461914,17.343044857091126,16.621158019743582,16.86967662417452,14546000
2003-05-06,17.44363784790039,17.561980484677616,17.254290531936054,17.254290531936054,13626200
2003-05-07,17.50872230529785,17.692152333550187,17.26020372922101,17.455468244095762,9649300
2003-05-08,17.295698165893555,17.63297298049237,17.165522258261912,17.36670392461879,7776400
2003-05-09,17.579727172851562,17.597478902992204,17.24836944375103,17.425883359361112,7550100
2003-05-12,17.798656463623047,17.798656463623047,17.408127521471226,17.45546432874422,11137400
2003-05-13,17.72172737121582,17.899240044181706,17.485042302463903,17.485042302463903,8392400
2003-05-14,17.514636993408203,17.86966364009458,17.419963371438314,17.78090613197404,8791100
2003-05-15,17.378538131713867,17.692143978924765,16.952505843279095,17.668476145455184,12929500
2003-05-16,17.272037506103516,17.272037506103516,16.93476255141536,17.212866204021676,11254400
2003-05-19,16.609325408935547,17.21878806522039,16.47914941232088,16.71583355552892,16506600
2003-05-20,18.147764205932617,18.579712674468276,17.98800207255146,18.076758437119302,39383700
2003-05-21,18.118175506591797,18.254268646972584,17.780899582876806,17.899242131050297,13235900
2003-05-22,18.248348236083984,18.360773524455276,18.005747070218245,18.118172358589533,10599200
2003-05-23,18.07084083557129,18.236519068156266,18.047171871717257,18.20101675097353,5588700
2003-05-27,18.609298706054688,18.686220586994448,17.82232365807817,17.84007425366513,10011600
2003-05-28,18.792726516723633,19.06491394664871,18.638881643913507,18.692135681755406,10287200
2003-05-29,19.230602264404297,19.272021842551812,18.343036006047175,18.922912357310103,10262200
2003-05-30,19.224672317504883,19.230588428470437,18.96431829109855,19.112245894394476,8428600
2003-06-02,19.313434600830078,19.579704835752665,19.16550694333941,19.37852313127748,9925600
2003-06-03,19.343021392822266,19.45544786707139,19.023499339833126,19.30752019648854,7732600
2003-06-04,19.224672317504883,19.384432142731917,19.153665442741648,19.343012594384746,7596500
2003-06-05,19.41994285583496,19.45544630651802,18.993910476426038,19.20101055294846,9686300
2003-06-06,19.443607330322266,19.76313154104978,19.319348667438152,19.567865993206382,9614400
2003-06-09,19.26019287109375,19.526463276301165,19.082680020021595,19.44362409628072,6521700
2003-06-10,19.301677703857422,19.35503009529726,19.088268138098073,19.242396012610214,6170200
2003-06-11,19.497303009033203,19.503232309259474,19.159405259830386,19.24239737207452,6152500
2003-06-12,19.521015167236328,19.7403517810914,19.29574925331292,19.681072348600427,6578100
2003-06-13,19.89447784423828,19.953757264573554,19.497298491624154,19.65142860267976,10376400
2003-06-16,20.428009033203125,20.582139216856014,19.906343556719804,20.042688096802898,9995700
2003-06-17,20.41614532470703,20.570275452746554,20.35093885969897,20.392434910779183,7510800
2003-06-18,19.817420959472656,20.416151492630487,19.704789109851326,20.410224452699204,12015900
2003-06-19,19.515090942382812,20.066398401113773,19.485451218429038,19.85891807207136,7886000
2003-06-20,19.26019287109375,19.615874180325356,19.236480180780543,19.574378102960555,13732900
2003-06-23,18.922283172607422,19.37874089750171,18.720729941071692,19.18311696589178,7418800
2003-06-24,19.10011863708496,19.206823387343,18.874852801944137,19.02898062933653,9835400
2003-06-25,19.236473083496094,19.65736300511864,19.153480959386382,19.17719137958503,8650500
2003-06-26,19.248332977294922,19.746288075235633,18.963786399412303,19.384677529409306,7609800
2003-06-27,19.248332977294922,19.544734767465197,19.23054733215569,19.47359670964067,7092500
2003-06-30,19.63364028930664,20.184947416408882,19.473583162596512,19.50322513008569,10783600
2003-07-01,19.621795654296875,19.692933705050198,19.082344540263676,19.633651996089096,8807900
2003-07-02,19.823341369628906,19.888550093893773,19.657357170674782,19.681069845201115,7589800
2003-07-03,19.79962921142578,19.89447763980654,19.47358561883733,19.769987240197807,4153900
2003-07-07,20.018970489501953,20.10196260119664,19.912265699790087,19.947834716815855,6669400
2003-07-08,20.48136329650879,20.570284738314818,19.947841429771238,20.007120883397786,7614300
2003-07-09,19.852989196777344,20.44579266652283,19.758140732072697,20.285735458327657,13723000
2003-07-10,19.224611282348633,19.852983597134678,18.96970568134633,19.852983597134678,11537900
2003-07-11,19.66328239440918,19.85890854915451,19.538794256679367,19.799629129673143,10669200
2003-07-14,19.78777503967285,20.15531245718037,19.71070997650727,19.97747191718416,7455500
2003-07-15,19.66328239440918,20.48135149916846,19.609932273694888,19.88854825889519,10319000
2003-07-16,19.858903884887695,19.935968921205102,19.319453153394576,19.651423704068947,10460600
2003-07-17,19.621795654296875,20.26202454288096,19.509163799319737,19.858917967409344,7127000
2003-07-18,19.60993003845215,19.86483332225873,19.360951530007505,19.85890628553215,6285600
2003-07-21,19.05862045288086,19.704775918380076,19.05862045288086,19.68106325179778,7447300
2003-07-22,18.827430725097656,19.15940021738796,18.614021200426958,19.15940021738796,12416400
2003-07-23,19.04083824157715,19.17125566983551,18.78000564642518,18.98748586286825,8026100
2003-07-24,18.661447525024414,19.248323784269804,18.64959118771626,19.06455394804112,7095400
2003-07-25,18.969707489013672,18.993420166102624,18.32355173721453,18.79186693357724,10019400
2003-07-28,18.821504592895508,19.189042002157223,18.6436640568892,19.08826652758752,9533700
2003-07-29,18.714799880981445,19.070480954171682,18.649591156578044,18.886713379614942,9160000
2003-07-30,18.55474853515625,18.756301809499895,18.116074094138593,18.720733917169518,13376600
2003-07-31,18.495471954345703,18.88672222258874,18.483615611506075,18.702952300623764,8446200
2003-08-01,18.258346557617188,18.525108573346536,18.169426262601704,18.525108573346536,8249800
2003-08-04,18.34726333618164,18.453966984763774,17.84338028447735,18.258341933005948,7036200
2003-08-05,17.961942672729492,18.353192828562058,17.950087463979084,18.169424090078948,8585900
2003-08-06,18.566593170166016,18.66144157703494,18.074566635527646,18.199055876219482,10176400
2003-08-07,18.945993423461914,18.999345812319433,18.548816287473304,18.5547433256285,10281900
2003-08-08,19.396530151367188,19.426169872424918,19.147551519477567,19.147551519477567,8409000
2003-08-11,19.378740310668945,19.60400621235563,19.277964828635465,19.36095693416075,6665400
2003-08-12,19.639572143554688,19.639572143554688,19.32538488592019,19.455802323480356,5552400
2003-08-13,19.669214248657227,19.764062688969336,19.562509470635455,19.639574535065666,6164300
2003-08-14,19.60993003845215,19.704778455629953,19.461729245276533,19.633640446723117,6313600
2003-08-15,19.88262367248535,19.88262367248535,19.56843637868155,19.71071016888622,5241800
2003-08-18,20.09603500366211,20.291658938451473,19.989330216916866,20.179027113049436,11878700
2003-08-19,19.064550399780273,20.15530835410402,18.98155831543467,20.101955976829746,32574000
2003-08-20,19.307607650756836,19.35503301089866,19.028989313337732,19.11198369358592,12612000
2003-08-21,19.42023468017578,19.479516365673632,19.236467108545135,19.402451305208963,10810700
2003-08-22,19.443941116333008,19.62178159304129,19.21274827047581,19.532862485369325,11956300
2003-08-25,19.254255294799805,19.633649131329356,19.04084569641052,19.29575135433487,7901100
2003-08-26,19.111980438232422,19.206828880994845,18.868930031635767,19.088267762200505,10068300
2003-08-27,19.242395401000977,19.331316804362817,19.052698517769922,19.05862781738883,7076500
2003-08-28,19.123836517333984,19.473590610649033,18.993421308233202,19.10605313913058,6342200
2003-08-29,19.064550399780273,19.11197574018616,18.892638063538325,19.028981394475856,6875600
2003-09-02,19.165552139282227,19.20714097937746,18.951678169305257,18.96950147228215,9068300
2003-09-03,19.48042869567871,19.522015277736315,19.07050057782698,19.09426498651668,11368700
2003-09-04,20.341867446899414,20.34780741539678,19.516071315255303,19.516071315255303,18824400
2003-09-05,20.05669403076172,20.258686903093057,19.765588055703542,20.10422283192108,11734600
2003-09-08,20.050750732421875,20.056690698430906,19.81311129870376,20.050750732421875,8739200
2003-09-09,19.100208282470703,19.60518953052529,18.975447396220563,19.599249561172392,19824300
2003-09-10,18.874441146850586,19.242780246074915,18.83285458401708,19.011083034203196,11832300
2003-09-11,18.868505477905273,19.159612634671213,18.856623275633396,18.921974254979546,9628500
2003-09-12,18.767513275146484,18.87445085351304,18.48234715493529,18.87445085351304,12207400
2003-09-15,19.474477767944336,19.5457709621918,18.981378972370276,19.005142237303893,15480000
2003-09-16,19.783409118652344,19.795291318278906,19.331896864332315,19.4923031598441,12875500
2003-09-17,19.605182647705078,19.783411127606417,19.563596077938033,19.68241581997162,8335500
2003-09-18,19.71212387084961,19.765592651437025,19.314078000632506,19.545777560710313,9354600
2003-09-19,19.664596557617188,19.795298534860258,19.510132438756113,19.628952212040844,8032300
2003-09-22,19.45071792602539,19.599242032079562,19.343780388362546,19.52200886236795,5602900
2003-09-23,19.605182647705078,19.706177955339875,19.492305139237114,19.66459138557283,6493000
2003-09-24,19.248729705810547,19.605186740018738,19.236847502497135,19.605186740018738,5628700
2003-09-25,19.100208282470703,19.516074126139717,19.088326077466036,19.236850240576075,6490300
2003-09-26,18.999208450317383,19.272492334555988,18.951680769008526,19.070499405706016,6719800
2003-09-29,19.100208282470703,19.129912661832936,18.826923233110524,18.939800781206557,7399900
2003-09-30,18.921979904174805,19.201204942032064,18.80316011228049,19.10020959201627,9819300
2003-10-01,19.545778274536133,19.605187025670247,19.046737059594403,19.082381403755434,9912200
2003-10-02,19.753713607788086,19.884415595972545,19.54578068685723,19.646776029509684,9057300
2003-10-03,19.979467391967773,20.13987373066457,19.920056377840186,20.015111734145865,8669200
2003-10-06,20.211158752441406,20.28839191500194,19.92005053435803,19.97351929823874,5318200
2003-10-07,20.4785099029541,20.484449871601612,19.931939869140287,19.99135088710842,7272100
2003-10-08,20.43097686767578,20.484445639651508,20.282452752887444,20.478505672231154,5623600
2003-10-09,20.864669799804688,21.08448715080825,20.59732590419119,20.739910070617867,12209100
2003-10-10,20.7458438873291,20.94189677474539,20.66861299195096,20.805254883348173,6918100
2003-10-13,21.090421676635742,21.090421676635742,20.85278221601366,20.85278221601366,5948200
2003-10-14,20.989431381225586,21.096366671063,20.906255963776758,21.090426702965853,6939600
2003-10-15,21.559762954711914,21.625113933610308,21.072603996394502,21.286479103226213,12786800
2003-10-16,21.571651458740234,21.714233394082346,21.34589408376639,21.559769253078557,7833800
2003-10-17,21.476587295532227,21.767693283130516,21.399354123470243,21.63699134060994,7276900
2003-10-20,21.446874618530273,21.5953986872633,21.26864618931013,21.553812129321848,6973800
2003-10-21,21.476587295532227,21.68452014381672,21.357767553813343,21.452822893928836,4898100
2003-10-22,21.42312240600586,21.565704308859665,21.26865603389934,21.476591186150657,5297400
2003-10-23,21.292421340942383,21.48847203223821,21.209248183041208,21.298361309521646,7017700
2003-10-24,21.149831771850586,21.23300717483787,20.858725793438108,21.090423036014815,6866000
2003-10-27,21.387479782104492,21.45877074681448,21.19736903201192,21.233015647516368,5430100
2003-10-28,22.27861976623535,22.27861976623535,21.553821277958342,21.61323229044734,12889600
2003-10-29,22.118206024169922,22.480605146934316,22.011268503803457,22.112266058059625,7415600
2003-10-30,22.017213821411133,22.302379826915203,21.76769215015885,22.290497626731955,5883300
2003-10-31,22.02314567565918,22.272667254994875,21.981559123486083,22.21919850701559,4915200
2003-11-03,22.290498733520508,22.510313782080154,22.159796791313006,22.23702996318999,6959300
2003-11-04,22.14198112487793,22.338031829457705,22.04692575707891,22.248918696939164,5221100
2003-11-05,22.040983200073242,22.106334189412173,21.720172754871037,22.07068984344454,4584400
2003-11-06,22.171672821044922,22.201377181561355,21.737982811872143,21.86274248581963,5826300
2003-11-07,22.20139503479004,22.409330258210854,22.017226491710737,22.213277241811166,5057200
2003-11-10,22.017213821411133,22.26673322636546,21.755809949975603,22.201382258506577,5932100
2003-11-11,21.939977645874023,22.094441694486658,21.690456008825745,22.017210803329164,5175900
2003-11-12,21.945932388305664,21.97563903784226,21.76176385245414,21.92217024149523,4472700
2003-11-13,21.577590942382812,21.945930244401865,21.44688894934746,21.945930244401865,7777000
2003-11-14,21.500347137451172,21.779573160761522,21.238945546591115,21.577580301274896,6387600
2003-11-17,21.072603225708008,21.339944833171845,20.692381834712254,20.92407910320665,9816200
2003-11-18,20.76367950439453,21.833053079519356,20.76367950439453,21.743937670634374,18409200
2003-11-19,21.066661834716797,21.238950367624515,20.733969237431104,20.834964556950446,9175600
2003-11-20,20.977548599243164,21.357770003312307,20.95378419491426,20.989430801407618,6770300
2003-11-21,21.18548011779785,21.262713293783065,20.97160502509923,21.12012914321792,6219300
2003-11-24,21.672639846801758,21.737990823802665,21.26271408147553,21.268654049249125,6957300
2003-11-25,21.75581169128418,21.833044865507958,21.565701005731906,21.67263854964233,5727300
2003-11-26,21.71422004699707,21.844921962637926,21.345880963088195,21.755806608101413,5825600
2003-11-28,21.838987350463867,21.91622053359087,21.779578604242108,21.8152252117542,3237500
2003-12-01,21.844928741455078,21.969688463482967,21.54788048921821,21.910279719554918,7125300
2003-12-02,21.350889205932617,21.773504028555124,21.338984339177784,21.666362498382785,8624500
2003-12-03,21.14851188659668,21.56517315775546,21.07708495373614,21.39850955754045,6877700
2003-12-04,20.74970817565918,21.26755739062401,19.98186130030436,21.130654828995198,15138600
2003-12-05,20.666372299194336,20.952082232792602,20.398518526876988,20.55327722275995,5612500
2003-12-08,20.65447425842285,20.89256481310241,20.422335002596164,20.523522977445147,5338800
2003-12-09,20.261625289916992,20.761618470805697,20.24972042005991,20.743760030709193,7784300
2003-12-10,19.690200805664062,20.303286708667404,19.005685699316082,20.273525675917764,14876200
2003-12-11,20.55327606201172,20.648512701165973,19.928285475648117,19.940190339369973,13795700
2003-12-12,20.624706268310547,20.731847776505983,20.53542092127412,20.68422831925437,7409200
2003-12-15,20.44613265991211,21.11279134268715,20.34494473360648,21.09493291345293,11036400
2003-12-16,20.452091217041016,20.523518139545647,20.11876179431785,20.35685456349453,12630300
2003-12-17,20.916366577148438,20.98184219268021,20.255661395866873,20.297327283819712,9428900
2003-12-18,21.02946662902832,21.118749722666667,20.654471278008096,20.916371531550162,9953200
2003-12-19,21.130657196044922,21.1425620641229,20.862803340844014,21.11875232796695,16135100
2003-12-22,20.73185157775879,21.106844654578317,20.535424686511416,20.999703126738133,9432000
2003-12-23,20.594947814941406,20.83304061594354,20.47590368506157,20.565186782471446,6813200
2003-12-24,20.648509979248047,20.74374660584807,20.481846450353082,20.624702525563258,4408200
2003-12-26,20.761611938476562,20.910419358937446,20.648516845728825,20.648516845728825,2436000
2003-12-29,21.178266525268555,21.190169117024507,20.755651858081837,20.83303232821748,8173700
2003-12-30,21.005664825439453,21.22589926429781,20.94018916968162,21.106852823885564,4995500
2003-12-31,21.124698638916016,21.166364527561914,20.928271789053383,20.940176653040876,5012400
2004-01-02,20.844942092895508,21.392552267268975,20.719944414478196,21.279459454027723,7177600
2004-01-05,20.850900650024414,20.98185194193471,20.71995162873577,20.874710388666585,11405100
2004-01-06,21.077075958251953,21.160407722794297,20.73779533368938,20.88660270483508,8845200
2004-01-07,21.368749618530273,21.48184245723342,21.047324998273286,21.094942199077263,9236900
2004-01-08,21.190170288085938,21.41635814449469,20.93422140940193,21.36278739615105,10918400
2004-01-09,21.24374771118164,21.469935638658285,21.065179250803727,21.071132819501653,8280000
2004-01-12,20.952075958251953,21.309212700642483,20.731841709465126,21.208024789525844,10170700
2004-01-13,20.880651473999023,21.100885748205886,20.684224653578095,21.09493218179418,8871800
2004-01-14,21.112804412841797,21.190182661817392,20.72590408547671,20.880665124671456,9344700
2004-01-15,21.088977813720703,21.213975442713064,20.82112412972282,21.148499845444697,9006100
2004-01-16,20.797327041625977,21.34493960272474,20.68423420440686,21.309224999624384,18627300
2004-01-20,20.83899688720703,20.928282276545204,20.713999158631008,20.8092358476349,10340800
2004-01-21,21.2139835357666,21.27350786081886,20.838988235110293,20.922322290183452,8554800
2004-01-22,21.3866024017334,21.51160008851877,21.011607070756263,21.213985251055874,7968800
2004-01-23,21.38065528869629,21.5532724914905,21.29137217287362,21.458035805573296,6773100
2004-01-26,21.606834411621094,21.63659543802827,21.285409876933752,21.362790362089022,6377700
2004-01-27,21.392547607421875,21.6663549055872,21.380642744839,21.380642744839,6164400
2004-01-28,20.737796783447266,21.51754828018565,20.65446501307928,21.499689850377905,11054400
2004-01-29,21.190170288085938,21.219933580981646,20.77351143499146,20.862794501817223,8789700
2004-01-30,21.112804412841797,21.321133961040363,21.023519023258537,21.10089954285591,5811100
2004-02-02,21.005664825439453,21.32708953336591,20.86280864282036,21.112806394748272,7547200
2004-02-03,20.86280059814453,21.142559284645323,20.84494443368571,20.86280059814453,7144400
2004-02-04,21.10684585571289,21.32708249248475,20.838992020869583,20.86280175521593,7859100
2004-02-05,21.130657196044922,21.338986710855956,21.035420522042536,21.130657196044922,5996600
2004-02-06,21.624692916870117,21.672310105157987,21.17827070739505,21.19017330150144,7356200
2004-02-09,21.529451370239258,21.83301970716329,21.493739051039135,21.624690276427582,5684900
2004-02-10,21.458024978637695,21.63659339080564,21.327076020712166,21.606832367214405,7258100
2004-02-11,21.92231559753418,22.029454877320784,21.39255914468405,21.487795826088938,9489400
2004-02-12,21.767545700073242,21.940162824341307,21.642548032411817,21.886592070969172,4933200
2004-02-13,21.529451370239258,21.892541752910493,21.416358575071374,21.78540025406913,6144800
2004-02-17,21.606834411621094,21.719929490837437,21.499692900058648,21.583024682247046,6118000
2004-02-18,21.3627986907959,21.75565029614554,21.249705838108852,21.75565029614554,6156400
2004-02-19,21.16636848449707,21.612790749691253,21.148510049866985,21.606837181274205,7672200
2004-02-20,21.249692916870117,21.36873926714401,20.92826845231669,21.279453936783522,7681800
2004-02-23,21.05922508239746,21.368744764488817,20.928273836345504,21.303269141462838,8243100
2004-02-24,21.422317504882812,21.493744431784577,21.10684422570964,21.303271112965827,11990400
2004-02-25,21.672306060791016,21.725876806755778,21.493737664448602,21.66635476484842,9190500
2004-02-26,21.92827033996582,22.011602165452405,21.5473235545289,21.678272592884124,8174400
2004-02-27,21.612796783447266,22.071124042808073,21.5889870443741,22.023504564661742,10312900
2004-03-01,21.92827033996582,21.958031381836467,21.666369992633424,21.7735115598653,6856800
2004-03-02,22.041357040405273,22.208022915369195,21.88064473452291,21.886598303604465,8727000
2004-03-03,22.053253173828125,22.178250827580168,21.963970108556843,21.969921404660095,5706200
2004-03-04,22.083019256591797,22.136590016280127,21.862784920371293,22.11278255579048,5845800
2004-03-05,22.29136085510254,22.35683650929945,21.8211286755265,21.934221542379927,9249200
2004-03-08,22.154443740844727,22.410392619327403,22.083014562695755,22.291346259699573,6794900
2004-03-09,22.047109603881836,22.166378051075398,21.886094470290754,22.035182304182516,7330100
2004-03-10,21.707185745239258,22.0948126809296,21.647549257125767,21.963616956878745,6455800
2004-03-11,21.522327423095703,21.909956838621614,21.46865569286751,21.593888971766425,8674800
2004-03-12,21.522327423095703,22.05307993596305,21.20626183114113,21.498472815238593,6765300
2004-03-15,21.116790771484375,21.49249257319374,20.9438484195183,21.43882088723526,7237200
2004-03-16,21.38515281677246,21.528275820259775,21.116794341609847,21.21817522107089,5786400
2004-03-17,21.76681137084961,21.814520542517826,21.468635872618794,21.581941742983037,5748500
2004-03-18,22.05902862548828,22.15444471237622,21.707181378545464,21.766815579763314,8353600
2004-03-19,21.87416648864746,22.166377360021524,21.790677668254872,22.06499872808759,7530600
2004-03-22,21.50442886352539,21.701223611101824,21.426902556953003,21.647551902690125,6640400
2004-03-23,21.5938777923584,21.731038304176234,21.486534387474972,21.58791528093129,7240500
2004-03-24,21.462682723999023,21.653514944101364,21.337447231201015,21.558098834050195,6452000
2004-03-25,22.15443992614746,22.22003662335605,21.414963706347635,21.498452479975356,7944900
2004-03-26,22.02324867248535,22.2021535667378,22.005358865529853,22.04113847944085,6852100
2004-03-29,22.243898391723633,22.261790473920534,21.981504693460817,22.023249093754917,5376700
2004-03-30,22.309494018554688,22.369128217147807,22.160406247173032,22.243895035162943,5044600
2004-03-31,22.279678344726562,22.357204627776884,22.076918871678878,22.25582375380354,6272500
2004-04-01,22.11269760131836,22.26774787038547,22.06498842628314,22.243893282867862,5471600
2004-04-02,21.87416648864746,22.297575377724016,21.7370059587311,22.243903668200243,12430300
2004-04-05,22.208120346069336,22.231972665851636,21.778746741396873,21.78470925261761,6466300
2004-04-06,22.02922248840332,22.56593972149909,21.9159165280388,22.56593972149909,5716000
2004-04-07,21.7608642578125,22.190235732117376,21.71911756561746,22.13656401346675,7767000
2004-04-08,21.58791732788086,21.969581792589086,21.504428510588394,21.915910085058265,9025200
2004-04-12,21.74295997619629,21.760852055647124,21.587909695315123,21.623689304419088,3910700
2004-04-13,21.38515281677246,21.778744488711258,21.301664018921677,21.742962600389866,8008400
2004-04-14,21.361291885375977,21.49248982872095,21.1406426601218,21.17045975409153,6885600
2004-04-15,21.38515281677246,21.552130412474035,21.33148112173994,21.36726301006133,6164600
2004-04-16,21.58791732788086,21.617734437642504,21.230105186042156,21.558100218119215,7030600
2004-04-19,21.46864128112793,21.528275485838094,21.242027208410946,21.498458383483012,4980300
2004-04-20,21.259925842285156,21.784713375197313,21.259925842285156,21.55810150753516,4915800
2004-04-21,21.194316864013672,21.444783213074555,21.11082808099338,21.29569545056725,6626300
2004-04-22,21.677370071411133,21.76682368143173,21.11083812428001,21.152582535649678,6015100
2004-04-23,21.7608642578125,21.915914625636457,21.510395479142876,21.528285293726377,4680400
2004-04-26,21.677370071411133,21.969583225898596,21.653517746985468,21.826457904845597,4549700
2004-04-27,21.784711837768555,21.98747136682505,21.683333210690122,21.689295722618418,5152000
2004-04-28,21.462682723999023,21.71911167140569,21.367266613947855,21.635622859473358,5011200
2004-04-29,21.307632446289062,21.581953508229926,21.110837693122708,21.40901335390184,6266500
2004-04-30,20.985593795776367,21.397077499059474,20.985593795776367,21.307623926633013,6377800
2004-05-03,21.009456634521484,21.170471763173023,20.753025386102337,21.021383933854903,8375300
2004-05-04,21.086978912353516,21.319555517653114,20.931926325554247,21.003490107876665,5134500
2004-05-05,21.027347564697266,21.1108386644728,20.890187027415813,21.009457752195296,4653800
2004-05-06,20.490631103515625,20.88422287189365,20.365397876054367,20.872295572864047,10876800
2004-05-07,19.67959213256836,20.42503122849898,19.608030616330904,19.977767770940606,15928600
2004-05-10,19.941987991333008,19.959880078465513,19.41123566269843,19.44105277471951,10169800
2004-05-11,19.971803665161133,19.9896934740678,19.751152072448374,19.94794907001931,7538100
2004-05-12,19.995655059814453,20.102998458084382,19.28599794894042,19.888311661544527,10560700
2004-05-13,20.108966827392578,20.311726363044688,19.751154677765484,19.828680984752978,8983200
2004-05-14,20.156665802001953,20.33557066882972,19.798856068346414,20.02547011294095,6948300
2004-05-17,19.95987319946289,20.126850789153355,19.7213318357059,19.82867522190664,8121900
2004-05-18,20.645673751831055,20.717237519355454,20.365390291173085,20.54429516018641,14104700
2004-05-19,20.287870407104492,20.84247726824779,20.252088512066376,20.782840776517595,7603400
2004-05-20,20.3355770111084,20.47870231414795,20.13878227869097,20.28787009336156,6761300
2004-05-21,20.55622673034668,20.764948741792022,20.34750244400203,20.42502873749572,8684700
2004-05-24,20.663572311401367,20.741096338183283,20.484665111382665,20.633752928131884,6276400
2004-05-25,21.051204681396484,21.0571694695435,20.460818049249546,20.669540136392378,7517900
2004-05-26,21.14661407470703,21.194323265069762,20.836511162047497,21.021380862353972,6813900
2004-05-27,21.37322998046875,21.480573392932403,21.122761259753702,21.170470454137366,8433900
2004-05-28,21.42093849182129,21.647552632185036,21.331487158053857,21.373231568791947,7014700
2004-06-01,21.32551383972168,21.420929922509515,21.176426068184504,21.331478624526525,6297800
2004-06-02,21.271854400634766,21.307636305372732,20.782846410383407,20.872300034778235,11178600
2004-06-03,21.158536911010742,21.46267724819651,21.0034866248231,21.17046420608655,7191900
2004-06-04,21.069093704223633,21.331487471996176,21.05120161728701,21.21221675031782,8056300
2004-06-07,21.37322998046875,21.438828985296492,21.027345145885967,21.218179648521033,7311300
2004-06-08,21.47784423828125,21.489799894081248,21.101249061659985,21.37024561638946,7613500
2004-06-09,21.18492889404297,21.364261387433512,21.11319726487118,21.208840197202694,8780500
2004-06-10,21.370243072509766,21.418065690017027,21.089290895424394,21.30448811359124,8184600
2004-06-14,21.226764678955078,21.33436322304708,20.969726246187,21.22078799553065,5682500
2004-06-15,21.382190704345703,21.507721607741534,21.316435770098252,21.400123039028806,7589900
2004-06-16,21.51968002319336,21.56152366303609,21.220795578426785,21.388170137797715,5333100
2004-06-17,21.322423934936523,21.49577753123071,21.22080427661059,21.48980084322083,5880500
2004-06-18,21.14308738708496,21.32839658481015,21.0414677588634,21.32839658481015,13836700
2004-06-21,21.352310180664062,21.465885473854115,21.071358010821267,21.071358010821267,7814000
2004-06-22,20.94582748413086,21.167001388071505,20.784429571425665,21.131134425145497,10313400
2004-06-23,21.18492889404297,21.220795848782554,20.77246917592095,20.862135422616223,7715000
2004-06-24,21.161020278930664,21.58543565681037,21.131130009251383,21.220796257674383,8889700
2004-06-25,21.071352005004883,21.597389232552015,21.071352005004883,21.250682204305186,12481000
2004-06-28,21.196880340576172,21.370233833633154,21.13112541008512,21.220791638992363,6621300
2004-06-29,21.023530960083008,21.125152858077335,20.850179713422474,21.11917617245761,7898200
2004-06-30,21.04146385192871,21.077328523320524,20.832243387478677,20.963753263401145,6443600
2004-07-01,20.91593360900879,21.131128485149507,20.70671313788114,21.04744120882135,7660100
2004-07-02,20.73659324645996,21.035477565678327,20.617041343017725,20.91592566223609,6150600
2004-07-06,20.724647521972656,20.89800105738579,20.44369767801109,20.563251918996272,6617700
2004-07-07,20.921920776367188,20.993652437685522,20.65292419603793,20.65292419603793,5049600
2004-07-08,20.497495651245117,20.915934327568465,20.467607663002163,20.802356779814975,7180500
2004-07-09,20.54532241821289,20.62303303625605,20.40185911754188,20.503478765491508,5737500
2004-07-12,20.71866226196289,20.814305159109196,20.41977792334236,20.545308798289412,5761400
2004-07-13,20.838220596313477,20.90397552873176,20.6827994323599,20.742577680152426,4922700
2004-07-14,20.629011154174805,20.90398668009385,20.539347155114683,20.784432401038817,5486800
2004-07-15,20.52140235900879,20.71866486148904,20.509446710327133,20.71866486148904,5370700
2004-07-16,20.276323318481445,20.706717726758377,20.240458637996873,20.706717726758377,6820400
2004-07-19,19.887773513793945,20.36001153806579,19.69050866303193,20.294256587811788,10107400
2004-07-20,20.31816864013672,20.43174392546285,19.93559457735396,19.93559457735396,5870600
2004-07-21,20.043190002441406,20.48553998107587,20.043190002441406,20.45565199286036,5192200
2004-07-22,20.204591751098633,20.240458712022143,19.8160432691456,19.93559524494175,5672600
2004-07-23,19.72637367248535,20.168723661203607,19.672574380348095,20.144812357963186,7399700
2004-07-26,19.654644012451172,19.88777354163621,19.46933481423115,19.75626364094409,6551000
2004-07-27,19.98341941833496,20.204593327180078,19.696490549488008,19.714422891194708,7403500
2004-07-28,20.02526092529297,20.13285952462961,19.75028774045832,19.959505972330835,5647200
2004-07-29,20.156770706176758,20.33012197709246,19.887774209503856,20.114927060061827,4196000
2004-07-30,20.156770706176758,20.25241365162627,19.965484815277737,20.085036786858858,4397600
2004-08-02,20.342079162597656,20.45565673658582,20.06112927184999,20.15677222450389,5040500
2004-08-03,20.037212371826172,20.264365176103123,19.857882170684253,20.246430559773874,6156100
2004-08-04,20.079050064086914,20.240447881417545,19.79212137115687,19.88776426880022,5037500
2004-08-05,19.71442222595215,20.10297300541104,19.60682361872685,20.079061697070337,5542800
2004-08-06,19.666597366333008,19.875815565425068,19.361733955876176,19.4573768869336,7796500
2004-08-09,19.67257308959961,19.869837907929153,19.64866178792805,19.666596404335337,4149700
2004-08-10,19.947555541992188,19.947555541992188,19.672582285160093,19.726381598914923,4364600
2004-08-11,19.780174255371094,19.81006224621826,19.547044734332662,19.798106593817884,5863900
2004-08-12,19.696495056152344,19.953535987531165,19.654651395724024,19.81007038012801,5226300
2004-08-13,19.8100528717041,20.007317622499315,19.690498684583346,19.81603183522869,6774800
2004-08-16,20.312185287475586,20.52738243872852,19.965480539584792,19.995368526079435,9742200
2004-08-17,20.981685638427734,21.43001227412326,20.939842001520727,21.388168637216253,14737400
2004-08-18,21.537612915039062,21.57347987024571,20.9219116726564,20.9219116726564,12812900
2004-08-19,21.663145065307617,21.99191749098139,21.51967953176067,21.5376118683388,9857400
2004-08-20,21.734880447387695,21.81259105316565,21.543594556478638,21.66314880837372,5818000
2004-08-23,21.51968002319336,21.68705458256429,21.310461823979697,21.68107789700419,5654200
2004-08-24,21.716949462890625,21.75879311161887,21.561528241636125,21.63325988512629,7265700
2004-08-25,21.87834358215332,21.9799654937064,21.573482408109438,21.651193013378535,5550000
2004-08-26,21.860410690307617,22.03974092229148,21.80063470641554,21.83649938462774,3941200
2004-08-27,21.872365951538086,21.99192019748933,21.722923714175927,21.866389265378935,3429100
2004-08-30,21.836503982543945,21.997901909405815,21.80661598430466,21.848459637901282,3540200
2004-08-31,21.90540885925293,22.019249051934036,21.67772618826435,21.977307808018555,5879100
2004-09-01,22.097135543823242,22.139076777547725,21.785570460708637,21.89941062572855,5789800
2004-09-02,22.70228385925293,22.768192149596544,22.115104441248892,22.115104441248892,10186800
2004-09-03,22.456636428833008,22.696302622732464,22.39072811122935,22.624401393186897,6655700
2004-09-07,22.552492141723633,22.76220053694566,22.47460032146258,22.606416896423564,6950800
2004-09-08,22.330812454223633,22.552502195428364,22.18701228237726,22.468619714195558,6507800
2004-09-09,22.175025939941406,22.378741491012747,21.983293925477312,22.318826093602432,5785900
2004-09-10,22.49257469177246,22.58244775091116,22.16303557034731,22.16902619337324,5502800
2004-09-13,22.426668167114258,22.64236718294346,22.37873403665215,22.58844242898616,5861900
2004-09-14,22.852075576782227,22.88802617822689,22.468611637207278,22.558486998006256,6788100
2004-09-15,23.00187110900879,23.097737113857615,22.732247256113396,22.834106171929808,9079300
2004-09-16,23.187606811523438,23.421279998232055,23.007858382180288,23.007858382180288,7300600
2004-09-17,22.953937530517578,23.33740152119761,22.9359610845868,23.33740152119761,11139500
2004-09-20,23.043806076049805,23.1216978980633,22.804142271922082,22.947940097273673,4644200
2004-09-21,23.241533279418945,23.421281721991214,23.097733153985857,23.20558267665431,5712700
2004-09-22,22.917991638183594,23.253523841855614,22.846092696548926,23.097740135083335,6069800
2004-09-23,22.86406135559082,23.07976041418729,22.834103660924775,22.917986120239938,3818000
2004-09-24,23.02583885192871,23.253521477182392,22.828113925507534,22.86406453548209,5289200
2004-09-27,22.953937530517578,23.163643686162697,22.923977549174843,23.007862297058562,4492300
2004-09-28,23.265506744384766,23.367363385116807,22.69030837013684,22.92997454987565,7447000
2004-09-29,23.595043182373047,23.601033807612467,23.229553330871425,23.229553330871425,5908200
2004-09-30,23.487194061279297,23.804749774016823,23.40331159267888,23.529135295579504,9433100
2004-10-01,23.517141342163086,23.75680739111022,23.487183657450903,23.7208567980807,6472800
2004-10-04,23.750818252563477,23.90660189479281,23.523135698488012,23.523135698488012,7468200
2004-10-05,23.684907913208008,23.77478325945121,23.487185351347968,23.666933758209368,5888800
2004-10-06,23.792766571044922,23.846691342418676,23.583060396605816,23.72685826318524,4025000
2004-10-07,23.541118621826172,23.936566174289208,23.52314217469661,23.816733097804022,5069600
2004-10-08,23.379331588745117,23.72684480725244,23.193590306989318,23.427263421879935,6016000
2004-10-11,24.008466720581055,24.092349194074316,23.55310374206363,23.559094367759158,8886700
2004-10-12,23.87665557861328,23.966530984054085,23.44525957512633,23.816740165403747,5636500
2004-10-13,23.840707778930664,23.98450568810498,23.72087466420103,23.96653152086483,5368700
2004-10-14,23.5531005859375,23.888630434949402,23.42727460693236,23.78677381239241,3965200
2004-10-15,23.852676391601562,23.894617612665503,23.457228960409324,23.672925689184535,7371900
2004-10-18,24.074384689331055,24.12830948472784,23.75083591695034,23.852694879645114,7005600
2004-10-19,23.81073760986328,24.242133397233797,23.708878715683543,24.098335563318745,5545500
2004-10-20,23.654949188232422,23.852674027040266,23.583050285768163,23.810732810134038,5560000
2004-10-21,23.804750442504883,23.924583523424577,23.60702780176941,23.60702780176941,4912000
2004-10-22,23.469215393066406,23.930571212335824,23.439257697919174,23.804747521342065,4380200
2004-10-25,23.169635772705078,23.307445295823456,22.953938978559652,23.307445295823456,6264900
2004-10-26,23.7687931060791,23.79875308204992,23.115707685420134,23.15764890902896,6137100
2004-10-27,24.439863204956055,24.47581152787223,23.666942263496722,23.672932888774145,8385400
2004-10-28,24.66155242919922,24.829317361204577,24.29606258250831,24.30804611845523,7369600
2004-10-29,24.61362075805664,24.865268157976747,24.45184644998266,24.607627847224755,8337000
2004-11-01,24.61362075805664,24.973117696692732,24.541719541828787,24.577670149942712,7110800
2004-11-02,24.649566650390625,24.901216311126863,24.48180173365018,24.48180173365018,5946600
2004-11-03,24.691505432128906,25.098936434364074,24.445848705983465,25.098936434364074,7181700
2004-11-04,25.128902435302734,25.15886242219432,24.595647581648258,24.691513597073488,6686900
2004-11-05,25.338605880737305,25.58426263930511,25.10493265741984,25.12889744229487,7846500
2004-11-08,25.434478759765625,25.620217892343344,25.2247702645754,25.284687957041005,5877800
2004-11-09,25.200782775878906,25.494371204845102,25.0689662568027,25.344580537030943,4926300
2004-11-10,25.17084503173828,25.434478302595767,25.170845031738285,25.27869459061158,5292700
2004-11-11,25.626216888427734,25.686132309491843,25.22477625329244,25.392543546400187,5803900
2004-11-12,25.89582633972168,25.91380049884094,25.62020961468173,25.668143753167122,6469000
2004-11-15,26.237356185913086,26.357189278970548,25.68612487209921,25.835915667014504,9986300
2004-11-16,25.764019012451172,26.542930758027914,25.554312795205014,26.524956592442916,16544900
2004-11-17,25.33261489868164,25.943761529216992,25.272699503494685,25.674137679624067,11830900
2004-11-18,25.650169372558594,25.69810122500457,25.200797113453245,25.332611421898804,9321300
2004-11-19,25.58426284790039,25.752027771521654,25.560295777204306,25.746037146660466,8913000
2004-11-22,25.90182113647461,26.009670679813578,25.494390036222043,25.60223957956101,6973200
2004-11-23,26.081573486328125,26.105540562990278,25.764017720246414,25.89583435626202,6060100
2004-11-24,26.021650314331055,26.24333999322875,25.955742015993092,26.051608008404976,4722400
2004-11-26,25.98570442199707,26.177436441587187,25.91380548605727,25.919796111708102,2106000
2004-11-29,25.781980514526367,26.051604294000168,25.52434026809865,25.9497476915463,7299300
2004-11-30,25.064571380615234,25.754973664045373,25.064571380615234,25.51483314194365,9843800
2004-12-01,25.38275146484375,25.556853200319964,25.154620525408756,25.184637513213424,8646500
2004-12-02,25.30471420288086,25.62289847696087,24.90848390850105,25.382757933030703,8408100
2004-12-03,25.088590621948242,25.376757928721744,25.01654707764223,25.124610103951067,6244100
2004-12-06,25.214649200439453,25.322712165938963,24.968506287945882,24.968506287945882,5012800
2004-12-07,25.07657241821289,25.43678082190512,25.05255791392696,25.094582151352746,6350400
2004-12-08,25.55085563659668,25.64090661734282,25.190644843162673,25.214659354088237,5893900
2004-12-09,25.74896812438965,25.80900439820157,25.334728140760966,25.550854146184516,5861300
2004-12-10,25.598880767822266,25.833016509333497,25.5328420119807,25.784989780634877,4620400
2004-12-13,25.67090606689453,25.736944781732696,25.346719551554482,25.664903588340266,4595500
2004-12-14,25.60488510131836,25.694936074890688,25.42477857387445,25.634902092509137,5186000
2004-12-15,25.50883674621582,25.664926519722272,25.406776198417134,25.664926519722272,4959200
2004-12-16,25.56886863708496,25.604890408069377,25.250684342248,25.508834642261043,7310000
2004-12-17,25.220664978027344,25.604890330242924,25.20265523766493,25.51483704813066,8841600
2004-12-20,25.052560806274414,25.54484675022507,25.040553552745198,25.54484675022507,5614900
2004-12-21,25.28070068359375,25.31071768022673,24.926494626964473,25.00454065033026,5506300
2004-12-22,25.526824951171875,25.604870917152972,25.23865787310515,25.334713565794058,5144700
2004-12-23,25.526824951171875,25.718936336549685,25.48480072875475,25.52682495117187,3565700
2004-12-27,25.352725982666016,25.736948794191317,25.29269202717091,25.526827659809857,4526800
2004-12-28,25.718955993652344,25.815011759757063,25.41277895486546,25.430788695338183,4482100
2004-12-29,25.694936752319336,25.784990018415485,25.568864011904484,25.57486649424104,4837100
2004-12-30,25.76698112487793,25.869041658209444,25.694939877329194,25.778988381161046,3358100
2004-12-31,25.658924102783203,25.7970041347475,25.622902328733705,25.724960586648503,3616200
2005-01-03,25.875036239624023,25.94707975532226,25.77297802760875,25.80899978545787,7294600
2005-01-04,25.544845581054688,25.977097527724826,25.532838328075037,25.959087793330013,6899600
2005-01-05,25.310720443725586,25.965101118431964,25.28670592773721,25.514839249326208,6868300
2005-01-06,24.93248748779297,25.412768409161334,24.722366302306177,25.31070791181835,8912200
2005-01-07,24.866456985473633,25.01054176765285,24.620313962286158,24.992532028686668,7015500
2005-01-10,25.094587326049805,25.244674573562243,24.764395839552368,24.764395839552368,6102200
2005-01-11,25.040557861328125,25.118603877622235,24.962514135183856,24.962514135183856,4569700
2005-01-12,25.334714889526367,25.364731865657212,24.800404927892494,25.00452357179011,6468700
2005-01-13,25.052560806274414,25.33472553883739,24.85444684841595,25.244672282442988,8269600
2005-01-14,25.154624938964844,25.21465892510757,25.052564414342477,25.094588662672344,4186200
2005-01-18,25.310720443725586,25.358749475702343,24.914490090518534,24.92049257444048,7041700
2005-01-19,25.094587326049805,25.346735092748517,25.08258007143085,25.20265032747073,4310700
2005-01-20,24.70435905456543,25.100589251450675,24.53025731756222,25.100589251450675,6664100
2005-01-21,24.55427360534668,24.848443315961966,24.530259097090457,24.70436084672374,6068200
2005-01-24,24.248092651367188,24.68034460909268,24.206068409938254,24.674339837374603,6174100
2005-01-25,24.35614585876465,24.54225477473924,24.296111906591413,24.308119155055756,5137100
2005-01-26,24.45221519470215,24.50624669785385,24.32614245073143,24.50624669785385,5664000
2005-01-27,24.410186767578125,24.650327249394724,24.32013351435956,24.326138285987124,5813200
2005-01-28,24.260107040405273,24.50625007980953,24.18206101616,24.464225826019785,5598400
2005-01-31,24.77039337158203,24.818422380459555,24.374163208939247,24.374163208939247,6341200
2005-02-01,24.6983585357666,24.800419060951064,24.60230278331935,24.734380301740494,5558000
2005-02-02,24.79441261291504,24.824429604123544,24.626315630027698,24.662337393567686,3586000
2005-02-03,24.95650291442871,24.986519900586543,24.7043574825238,24.734374468681633,4831700
2005-02-04,25.4668025970459,25.472807369321362,24.88446564455442,24.88446564455442,7180200
2005-02-07,25.526824951171875,25.52682495117187,25.370733019209673,25.376737788211184,5391700
2005-02-08,25.244672775268555,25.57486423824494,25.22065826774131,25.39476001208959,5564200
2005-02-09,25.130603790283203,25.382749213659018,25.064565048880247,25.30470551031841,4155100
2005-02-10,25.43678092956543,25.484809938340568,25.02254103455119,25.214652489353373,4434300
2005-02-11,25.7009334564209,25.80899642575181,25.2146500944318,25.35873481692267,6385200
2005-02-14,25.586864471435547,25.754963687853376,25.544840239868307,25.682920185039084,3449000
2005-02-15,25.65291404724121,25.724955290357954,25.442792800588276,25.454800056132704,5477900
2005-02-16,25.43678092956543,25.652906888755187,25.310708216754467,25.532836656966523,5560500
2005-02-17,25.100595474243164,25.48481851312568,24.920488920885774,25.370750723979338,6916600
2005-02-18,25.226661682128906,25.352734404638113,25.05856471878329,25.10659144110374,5879400
2005-02-22,24.18206024169922,24.884469857110986,24.07399722394356,24.824433574941178,14330000
2005-02-23,23.86387825012207,24.374174101674658,23.79183699475999,24.254106106121263,12444500
2005-02-24,23.785831451416016,23.88188721884144,23.341574385879728,23.80984596580991,15068200
2005-02-25,24.362159729003906,24.380169463354047,23.78582303815668,23.869871518656453,9844600
2005-02-28,24.025970458984375,24.404191020666776,24.025970458984375,24.164050472581124,8184700
2005-03-01,24.043973922729492,24.122019924008743,23.917901198458743,24.043973922729492,9299200
2005-03-02,24.0019474029541,24.128020115257574,23.88187717164877,23.92390140908326,7257100
2005-03-03,23.845863342285156,24.10401359906355,23.83385608730131,24.0079578493425,6993800
2005-03-04,24.0679931640625,24.10401493100453,23.833857404313914,23.98394466468094,5639700
2005-03-07,23.94191551208496,24.176051223886457,23.887884017811587,24.019959222585875,6808200
2005-03-08,24.056278228759766,24.15859304301126,23.98405357597448,24.044240786628887,5578000
2005-03-09,23.767375946044922,24.01413766032913,23.761356079700303,23.97802534998035,7951000
2005-03-10,24.008127212524414,24.008127212524414,23.71923550411908,23.71923550411908,5574900
2005-03-11,23.725242614746094,24.074321376743857,23.689132602060948,23.953949310678897,5837300
2005-03-14,23.755340576171875,23.875710362661675,23.32801956886965,23.83358047820894,8673000
2005-03-15,23.92987823486328,24.068307625139436,23.8034885786006,23.863675769135135,7213700
2005-03-16,23.400257110595703,23.978040669892444,23.267847517291454,23.749333816705402,9594200
2005-03-17,23.418312072753906,23.478496999069776,23.183587645851137,23.34608970199331,6771300
2005-03-18,23.400257110595703,23.53266440799218,23.285902536048294,23.424329703635568,11023500
2005-03-21,22.864599227905273,23.27386078474237,22.575705205809015,23.255805769326614,11310900
2005-03-22,22.762277603149414,23.09931903149029,22.762277603149414,22.870612265976593,7509000
2005-03-23,22.690061569213867,22.852563608640775,22.53357710343646,22.59376431946913,13465500
2005-03-24,22.888660430908203,23.069219678879016,22.62986129111666,22.684028606326663,7585400
2005-03-28,23.225706100463867,23.346078189645855,22.99098178930764,23.051166685945315,6300500
2005-03-29,22.68403434753418,23.26181995464404,22.665979336529954,23.111355407190732,8156400
2005-03-30,22.960886001586914,23.123385658056222,22.76829160526907,22.780326746120917,6376800
2005-03-31,23.01505470275879,23.25579656467685,22.930792640385704,22.978942390313183,6665400
2005-04-01,22.629867553710938,23.322005406724863,22.244678670467543,23.111355953672025,12149300
2005-04-04,22.816444396972656,22.900704178095864,22.455330393328396,22.599775076423363,7878700
2005-04-05,23.0090389251709,23.081261266990836,22.55162769910215,22.690054810884885,7168400
2005-04-06,22.74421501159668,23.057181455919945,22.690047698234842,22.954864399167086,5966400
2005-04-07,22.50949478149414,22.690051759717633,22.407177706426687,22.635884436659932,9925200
2005-04-08,22.557647705078125,22.73820472706469,22.449313032704765,22.57570271850465,8287200
2005-04-11,22.714120864868164,22.864585357811126,22.485414192741192,22.599766380851698,6325500
2005-04-12,23.201622009277344,23.315976481744094,22.64791383320621,22.768285874584286,7174900
2005-04-13,22.810420989990234,23.207647210746973,22.73217880071665,23.111350014681893,6411800
2005-04-14,22.359020233154297,22.73217146042649,22.316890366973833,22.73217146042649,9794500
2005-04-15,21.733102798461914,22.238663844109833,21.516433450911787,22.009957055483905,12597700
2005-04-18,22.10625648498535,22.166443696345436,21.684955189094218,21.73310495818228,8421300
2005-04-19,21.94375228881836,22.112274168059184,21.79930758764866,22.08819928589519,6016300
2005-04-20,21.426151275634766,21.721062807605097,21.233556832844418,21.672913048954083,11172100
2005-04-21,22.07013511657715,22.070135116577145,21.606706406450346,21.606706406450346,8073600
2005-04-22,21.678939819335938,22.07014640135517,21.46828800202627,22.07014640135517,7728700
2005-04-25,21.78726577758789,22.021990091849965,21.666893686813147,21.678931125481288,6150500
2005-04-26,21.78726577758789,22.130324743956564,21.672911258193885,21.70300600281757,5496000
2005-04-27,21.6849422454834,22.02198354019987,21.5946649261903,21.672904810396457,7256500
2005-04-28,21.119197845458984,21.58262879267731,20.998825783236306,21.51642404365953,11298200
2005-04-29,21.287721633911133,21.35994626330574,20.800218012983756,21.21549930042311,10155600
2005-05-02,21.823373794555664,21.90763585749838,21.390037521811127,21.468277422112536,8223300
2005-05-03,22.1182861328125,22.32291798751016,21.474298121597695,21.48633555962774,9662900
2005-05-04,22.328937530517578,22.38912472598314,22.064120758189365,22.16041797502751,7092700
2005-05-05,22.178478240966797,22.527557169662032,22.06412598634627,22.256720465658365,5553100
2005-05-06,22.365047454833984,22.55764186790351,22.292825123909537,22.32893514141851,7768300
2005-05-09,22.419206619262695,22.473373921722644,22.256704711882847,22.26874214530791,5995300
2005-05-10,21.94375228881836,22.20255153231346,21.811345028730656,22.076161844813193,7924800
2005-05-11,21.9798583984375,22.052080728605358,21.576612271861798,21.919671210042218,7089800
2005-05-12,21.805330276489258,22.23866907348826,21.775237814677144,21.90162753183263,6003300
2005-05-13,21.841428756713867,22.178467788716915,21.74513156244068,21.92568851471463,7355400
2005-05-16,22.49143409729004,22.49143409729004,21.925688371615706,21.93170594175954,10428200
2005-05-17,23.388202667236328,23.689131672638947,23.23171829871955,23.442369980045044,17725400
2005-05-18,23.95395278930664,24.002102541087478,23.43033686617593,23.532651644850418,12155700
2005-05-19,24.158584594726562,24.224789355340864,23.941915303954868,23.953952741876243,7771100
2005-05-20,23.851640701293945,24.164607235455012,23.634971385651145,24.164607235455012,7891900
2005-05-23,24.050241470336914,24.27894811839859,24.032186467773474,24.06227890401445,7297200
2005-05-24,23.984054565429688,24.06229679455461,23.8335899764473,23.959981976082148,6790300
2005-05-25,23.695154190063477,23.990065687133836,23.550709523017794,23.85163859125398,5611200
2005-05-26,24.02617645263672,24.140530971500638,23.76135969088517,23.785434568109853,5342200
2005-05-27,24.056278228759766,24.098408128264186,23.92386866122741,23.953961118600947,4346800
2005-05-31,23.68312644958496,24.04424285688218,23.671091302325163,23.953963181080994,7188900
2005-06-01,24.0382080078125,24.104412756023205,23.57477706624366,23.59283436769591,6970600
2005-06-02,24.27896499633789,24.369244663725983,23.97201825985154,24.020165732126493,5728000
2005-06-03,23.905811309814453,24.357205014027524,23.863681414427138,24.278962795776604,4474500
2005-06-06,24.044233322143555,24.086363208568834,23.905806224473846,23.905806224473846,3935000
2005-06-07,24.134746551513672,24.617441022210187,24.11061125256165,24.18301714941772,8725200
2005-06-08,23.935625076293945,24.388151409437906,23.893389469333947,24.13473776767791,7032700
2005-06-09,23.893394470214844,24.104574850882795,23.802890565644383,23.845126181444286,6792400
2005-06-10,23.833053588867188,23.965795383364245,23.32019133103976,23.881324169290828,5273800
2005-06-13,23.989927291870117,24.110601435828453,23.69427805592343,23.69427805592343,4747200
2005-06-14,24.1528377532959,24.24937661097619,23.89338914171738,23.899424115010603,5474500
2005-06-15,24.1528377532959,24.36401808686823,23.845120863711195,24.327815152112652,6016400
2005-06-16,24.255403518676758,24.34590737296879,24.014055303897027,24.08042617804481,5554700
2005-06-17,24.255403518676758,24.695862054232684,23.97181971156065,24.466581480358656,11352600
2005-06-20,24.104572296142578,24.20111116512039,23.8994269118562,24.134740261135356,4614300
2005-06-21,23.94167137145996,24.327826990085274,23.869267768384972,24.044242950677102,4172600
2005-06-22,23.953731536865234,24.128708966147094,23.863225335052316,24.116641319127485,4490500
2005-06-23,23.61583137512207,24.14679604447853,23.5916960943179,23.977853682183454,8723600
2005-06-24,23.072811126708984,23.567573084140907,23.018507872763138,23.531370147620997,13323400
2005-06-27,23.21158790588379,23.398630675667633,23.139182025643336,23.139182025643336,5528000
2005-06-28,23.71841812133789,23.730485768330627,23.26589171661764,23.35036294389849,4777700
2005-06-29,23.410696029663086,23.754615871284752,23.380528066684843,23.682212299803357,4861100
2005-06-30,23.471038818359375,24.14077601262978,23.434835874749428,24.0744074018476,7645900
2005-07-01,23.827016830444336,23.827016830444336,23.57963590237274,23.639971815885787,8116900
2005-07-05,24.183013916015625,24.261450174619156,23.77875576846154,23.875294649693064,8604100
2005-07-06,23.694284439086914,24.213181786729542,23.5253419730334,24.158878522402556,6355500
2005-07-07,23.74858856201172,23.977869275422588,23.296062110149204,23.525342823560074,6532900
2005-07-08,24.183013916015625,24.237314878894153,23.77272309536453,23.833059033008553,6062100
2005-07-11,24.315750122070312,24.4243566363485,23.983897906961708,24.014065871668276,5353900
2005-07-12,24.919111251831055,25.03978537663024,24.442449724791388,24.466585010084724,12055000
2005-07-13,24.72603988647461,25.08806235331257,24.683804277260393,24.864814359845337,7801200
2005-07-14,24.76224708557129,25.13030228778645,24.720011469087762,24.720011469087762,6442000
2005-07-15,25.10616111755371,25.341474440520244,24.744138673116947,24.7562063180983,7591100
2005-07-18,25.612995147705078,25.643163114565017,25.015659276537612,25.015659276537612,8828000
2005-07-19,26.065509796142578,26.095677749392234,25.612983592395892,25.643151545645548,10756300
2005-07-20,26.51804542541504,26.536145743464918,25.975012867237595,26.07155173295046,10919500
2005-07-21,26.156024932861328,26.50597978610609,25.968982161071043,26.367205299992293,9706500
2005-07-22,26.228412628173828,26.28271585045093,25.812087156827136,26.077570599811505,5249800
2005-07-25,25.981042861938477,26.403398879947968,25.94483993110866,26.14395259817114,5009400
2005-07-26,26.361162185668945,26.4878712874883,25.981041785213627,25.99310942832345,7092300
2005-07-27,26.156024932861328,26.409440913084826,25.95691451423485,26.409440913084826,5181800
2005-07-28,26.46976661682129,26.48786923091429,26.10171158638478,26.10171158638478,5530400
2005-07-29,26.252561569213867,26.487877209968765,26.095686777045355,26.415471335120447,5782400
2005-08-01,25.860368728637695,26.1801532284782,25.57075218698952,26.071546737651676,7171500
2005-08-02,25.588850021362305,25.82416329478939,25.504378825944116,25.781927697080295,7466400
2005-08-03,25.48023796081543,25.60694472619356,25.305260636245475,25.401799452962184,6690600
2005-08-04,24.90704345703125,25.341469382987484,24.79843697554219,25.039785223666204,9947700
2005-08-05,24.707942962646484,24.955323979882515,24.557100822827724,24.87085274985095,6879800
2005-08-08,24.490737915039062,24.79242229324764,24.333863051105027,24.768286990590358,6408200
2005-08-09,24.955320358276367,25.057891893666746,24.63553580480277,24.701904403289927,6648600
2005-08-10,25.136329650878906,25.655226888539286,25.04582346229424,25.16046494139055,8320600
2005-08-11,25.039783477783203,25.377670541264365,24.74413200952877,25.118221998204554,6887100
2005-08-12,24.90704345703125,25.00358229594736,24.587258984684283,24.85877518840693,5832900
2005-08-15,25.10616111755371,25.498349221941954,24.810509569680416,25.341474440520244,8448800
2005-08-16,24.53899574279785,24.94928650613876,24.436424202796708,24.94928650613876,11346500
2005-08-17,24.50882911682129,24.726042156532422,24.339886664454088,24.448493184309655,8325900
2005-08-18,24.557096481323242,24.677770632177673,24.195074028759947,24.35798378716323,8504100
2005-08-19,24.35798454284668,24.732074652268007,24.33385155326148,24.575197560789885,7647700
2005-08-22,24.45452117919922,24.70793711094456,24.22524283817706,24.43038819181173,7165800
2005-08-23,24.520902633666992,24.575205906594327,24.273521568479982,24.575205906594327,6296000
2005-08-24,24.074403762817383,24.677772255101846,24.074403762817383,24.40625597324021,7920500
2005-08-25,24.243350982666016,24.291619274695375,23.98993496908895,24.044238236164848,7926500
2005-08-26,24.020095825195312,24.255409123059405,23.86321875884079,24.16490294618813,6208700
2005-08-29,24.46056365966797,24.756212985498284,24.044237851523267,24.044237851523267,11979500
2005-08-30,24.043214797973633,24.587590395588993,23.67424937151885,24.40613032481011,13065400
2005-08-31,24.387975692749023,24.496850769647345,23.90408774395633,24.254905641571128,11258800
2005-09-01,24.563379287719727,24.7932268677632,24.285144079296078,24.617816811746888,11009100
2005-09-02,24.394018173217773,24.744835964169585,24.28514312942192,24.73878837611828,7324800
2005-09-06,25.228736877441406,25.295271917379843,24.617828642967137,24.617828642967137,10523000
2005-09-07,25.361799240112305,25.428334259805155,25.12590403019004,25.283166734351703,10186400
2005-09-08,24.908157348632812,25.283170239281798,24.84162231971641,25.283170239281798,8893900
2005-09-09,24.932348251342773,25.04122331590091,24.799278215247387,24.914200869010095,6108400
2005-09-12,24.998878479003906,25.017023550500067,24.678300935964433,24.92629357830117,5892400
2005-09-13,24.557348251342773,24.847683474028692,24.502910685509278,24.70856345561794,9501200
2005-09-14,24.400075912475586,24.799283803357177,24.31539580037343,24.654116248782053,6779200
2005-09-15,24.400075912475586,24.563388546112602,24.152083166736414,24.551291057618005,6481600
2005-09-16,24.133935928344727,24.648066452884283,24.085545978695933,24.648066452884283,14306000
2005-09-19,23.910127639770508,24.164170173237785,23.69237755604399,24.158120277934824,7714700
2005-09-20,23.414148330688477,23.98876624088765,23.329468233737785,23.904086143936958,8016100
2005-09-21,23.196401596069336,23.619804450326438,23.008896298831992,23.226646470013357,11245900
2005-09-22,23.438339233398438,23.541164388309326,22.984693957913308,23.250831688881945,15575600
2005-09-23,23.305278778076172,23.59561159664811,23.075433405473472,23.480688910346757,13810300
2005-09-26,23.23268699645996,23.571409638348605,23.045179448874585,23.52301970063913,10384600
2005-09-27,23.220592498779297,23.35366253723725,23.051232309730647,23.317370079287027,8057800
2005-09-28,22.893966674804688,23.256884322328663,22.676218855121657,23.166154333607803,13690600
2005-09-29,23.020994186401367,23.12986927388127,22.464521260686332,22.80324401144157,9330700
2005-09-30,23.06937026977539,23.202440267190767,22.84557261650674,23.020982648125408,7024700
2005-10-03,23.057281494140625,23.24478907881588,23.014941443949386,23.07542887805093,7330200
2005-10-04,23.129858016967773,23.438335743123243,23.093565569684074,23.129858016967773,8222300
2005-10-05,22.79114532470703,23.135915647811117,22.7609027591884,23.105673082292483,7894900
2005-10-06,22.936307907104492,23.256885525100508,22.670170131044017,22.86977519360906,11939900
2005-10-07,22.863723754882812,23.220591500289604,22.79114114946296,23.0754262894499,6964300
2005-10-10,22.996797561645508,23.35971295566259,22.954457509255505,23.045185204079875,8386100
2005-10-11,23.12382698059082,23.226654511409,22.99075687271814,22.99680677254548,8306200
2005-10-12,23.057281494140625,23.21454651544495,22.730658579431026,23.135914004792788,8938900
2005-10-13,22.95444679260254,23.105661854072437,22.803231731132637,22.906056865399982,7965600
2005-10-14,23.23268699645996,23.535117185066497,22.94235429228079,23.535117185066497,7870500
2005-10-17,23.262929916381836,23.317367443473742,22.984694692293974,23.28712488561363,5450900
2005-10-18,23.081472396850586,23.190347451671144,22.96654975336634,23.166152482297846,7092000
2005-10-19,23.746816635131836,23.891984136261073,22.712505976923186,22.98469359944103,23767700
2005-10-20,23.9343204498291,24.34562561373052,23.891980415959143,24.049243069282017,14543400
2005-10-21,23.98271369934082,24.194413898004715,23.94642124784453,24.073441367042868,10900900
2005-10-24,24.593624114990234,24.593624114990234,23.98271611770111,24.194416337712354,10548300
2005-10-25,24.267009735107422,24.59363505472214,24.109746974196838,24.557342583422603,11884800
2005-10-26,24.3516902923584,24.55129542700285,24.091602319196877,24.164184955721943,13506600
2005-10-27,23.82545280456543,24.29724321816569,23.71657773875621,24.224660610079383,8507500
2005-10-28,24.508934020996094,24.545226461335318,23.96455895269978,24.04319141975556,9281600
2005-10-31,24.823476791381836,25.08356700477605,24.527094115411753,24.557336680545074,12744700
2005-11-01,24.78718376159668,24.90815632672154,24.642018529334667,24.799281248845144,11443400
2005-11-02,24.956531524658203,25.07750402946437,24.708538928116937,24.726686303620962,11835600
2005-11-03,24.672266006469727,25.06542403721067,24.406125848729776,25.004938896284436,14353300
2005-11-04,25.01702117919922,25.065408801055458,24.551278493618945,24.756931078065314,6370400
2005-11-07,25.101703643798828,25.144043682223742,24.88395355626554,25.00492608349059,7188600
2005-11-08,24.539175033569336,24.9202375575552,24.46659246478669,24.9202375575552,9728500
2005-11-09,24.684345245361328,24.847657773946686,24.61176036108438,24.61176036108438,10352300
2005-11-10,25.246875762939453,25.36784600496612,24.67830547303248,24.750888079720372,8757400
2005-11-11,25.34970474243164,25.40414228247419,24.920254319518076,24.920254319518076,7537600
2005-11-14,25.74891471862793,26.12997753027545,25.63399203902122,25.646089527510348,12409700
2005-11-15,25.646080017089844,26.172307880744075,25.500912516413255,26.13601542873514,14159500
2005-11-16,25.543251037597656,25.69446611760287,25.107750868827758,25.64607849182789,10368300
2005-11-17,25.712614059448242,25.76100399798457,25.410183865674,25.646081354999694,6763500
2005-11-18,25.67027473449707,26.142067418977714,25.549304499493175,26.12996993400546,7892400
2005-11-21,25.573497772216797,25.64608268378208,25.3376025780281,25.476720197489144,6505200
2005-11-22,25.633981704711914,25.664224260062483,25.34364902010013,25.434376686151836,7796100
2005-11-23,25.70656967163086,25.900124835157904,25.549306966524966,25.585597117586566,6192400
2005-11-25,25.658178329467773,26.008998486351082,25.60374310584046,25.75495821331925,2216100
2005-11-28,25.192441940307617,25.67028000433043,25.162197067988366,25.66423241428246,11974800
2005-11-29,25.465272903442383,25.628978506799672,25.27731410412577,25.325820496044408,7815300
2005-11-30,25.33188819885254,25.574415585855622,25.289446253063886,25.46527849299549,7001300
2005-12-01,25.186378479003906,25.49559875985832,24.91353569418353,25.368272897913155,7757900
2005-12-02,25.26519012451172,25.404644859274196,25.071169162553893,25.071169162553893,5565900
2005-12-05,25.095439910888672,25.2227658225446,24.89535666584564,25.101504371204058,6490400
2005-12-06,25.107545852661133,25.313693388340145,24.992346643542167,25.162114386014757,6645000
2005-12-07,25.174240112304688,25.30156591475155,24.99234577839318,25.07116519157727,5880400
2005-12-08,24.99235725402832,25.253073433747808,24.895346743870814,25.143936320706487,6492600
2005-12-09,24.87109375,25.10755672596648,24.81046073506435,25.040861565993772,5963000
2005-12-12,25.0529842376709,25.174247935600494,24.925658395655514,24.949911597823967,4643300
2005-12-13,25.628984451293945,25.659299796818527,24.877151392556257,24.94991099731038,9021100
2005-12-14,25.75631332397461,25.944272189026083,25.586545518710622,25.62898747002662,7486500
2005-12-15,25.81694221496582,25.944268048593948,25.489530945997053,25.756309213538728,5405500
2005-12-16,25.768436431884766,25.938204214127513,25.707805741915944,25.932142070295658,8577900
2005-12-19,25.356136322021484,25.738116070532243,25.22274605459281,25.64716774039231,5646100
2005-12-20,25.131813049316406,25.35614945012267,25.01054931731645,25.35614945012267,5798200
2005-12-21,25.192434310913086,25.447088283901156,25.149992367567144,25.307635853919866,4887100
2005-12-22,25.119674682617188,25.198496418446126,24.998411007398566,25.162116622006874,4550300
2005-12-23,25.21668815612793,25.319760788916557,24.943845432698467,25.119677667009956,3910000
2005-12-27,24.87109375,25.44103021291697,24.87109375,25.28338899991033,4424300
2005-12-28,24.913524627685547,25.07116577060646,24.810449704577568,24.98021975800624,4379100
2005-12-29,24.701326370239258,24.980231305129724,24.65888210257821,24.962040243871257,4537800
2005-12-30,24.54367446899414,24.840770363795265,24.50729467180045,24.646749404586796,5154000
2006-01-03,25.004484176635742,25.131810039174354,24.113198513039404,24.489113955592316,8959200
2006-01-04,24.54367446899414,24.8832123040651,24.392095450055507,24.82257930874228,9449800
2006-01-05,24.301158905029297,24.47092673232604,24.137453223173218,24.313283195910625,9492400
2006-01-06,24.48305320739746,24.561872662277587,24.30722092267134,24.404231439604175,9170200
2006-01-09,24.749832153320312,24.919599983857825,24.404232033775678,24.737705549294315,8242300
2006-01-10,25.344018936157227,25.76237863137679,24.871092998513845,24.883219601134567,15087800
2006-01-11,26.041276931762695,26.192855956612405,25.410707633288933,25.465276174751324,12113400
2006-01-12,25.798751831054688,26.041279217264485,25.76237434216202,25.889700179111504,8515200
2006-01-13,25.41071319580078,25.82300841867814,25.149997030954427,25.41071319580078,8372500
2006-01-17,25.20456314086914,25.392521987254273,25.077237299565976,25.162121193768083,6372700
2006-01-18,25.40464973449707,25.53197558154502,25.089365032583515,25.204564278067934,7066400
2006-01-19,25.028724670410156,25.45921080422829,24.937778654776068,25.04085126841045,12264400
2006-01-20,24.35572052001953,25.022669724377565,24.325405172756152,24.955974572650486,15030200
2006-01-23,24.064687728881836,24.604311057965823,24.040436840122954,24.495173963356713,9305100
2006-01-24,24.525495529174805,24.525495529174805,24.082884894521367,24.24659057795426,10890900
2006-01-25,24.240514755249023,24.65280984329107,24.125315541468378,24.507292977488888,8095800
2006-01-26,24.49517822265625,24.59218873329811,24.27690399548381,24.313281491403874,7279800
2006-01-27,24.25265121459961,24.646757722002075,24.113198747665226,24.386041536412083,8192700
2006-01-30,24.25265121459961,24.428483491004588,24.08288339622959,24.08288339622959,5657800
2006-01-31,24.58612632751465,24.774085219471175,24.143515691210446,24.25265281390608,10809700
2006-02-01,24.392107009887695,24.60431912472006,24.19808595872937,24.52549734990156,6937400
2006-02-02,24.22838592529297,24.398155971909645,24.137439916341947,24.228385925292972,7343300
2006-02-03,24.143503189086914,24.228387059914432,23.88885157660436,24.16169192914652,7560400
2006-02-06,23.943422317504883,24.264769090386554,23.816094186610737,24.11319007481411,7603800
2006-02-07,23.482627868652344,23.913111847088057,23.34317540998639,23.8524811478117,11150100
2006-02-08,23.810041427612305,23.864609987241273,23.561451836616587,23.6463357487254,7242700
2006-02-09,23.67664909362793,23.94949186863804,23.616018393809213,23.77972405881528,6989600
2006-02-10,23.77972412109375,23.84035482107126,23.46443939280223,23.616018455658946,6237300
2006-02-13,24.070756912231445,24.210209379856167,23.658461654509203,23.658461654509203,6469100
2006-02-14,24.937786102294922,24.986290195869476,24.149575500178152,24.222332796996362,12911900
2006-02-15,25.18031120300293,25.32582810959262,24.737700651790394,24.919595050342938,10143400
2006-02-16,25.380393981933594,25.43496252703175,25.065109311690083,25.228814946984553,7780200
2006-02-17,25.380393981933594,25.422835926686325,25.07723591203551,25.37432952530462,8572700
2006-02-21,25.386465072631836,26.071603199681046,25.289454548591415,26.071603199681046,15235900
2006-02-22,25.392526626586914,25.586547652472465,24.949916016728434,25.544105697617066,10013900
2006-02-23,25.21062469482422,25.689612658796637,25.13786509710414,25.42889654924731,8311300
2006-02-24,25.240947723388672,25.38646233731385,24.895347624175006,25.34402038217625,7274700
2006-02-27,25.738130569458008,25.90183626818209,25.31370864457114,25.356150605768484,9702400
2006-02-28,25.556230545043945,25.719933895146,25.283387773352338,25.574419292185752,12243100
2006-03-01,25.82300567626953,25.883636367877788,25.162120960923936,25.556227395115506,9634900
2006-03-02,25.641111373901367,25.76237507043425,25.34401543304144,25.574416225162654,11570100
2006-03-03,25.586545944213867,25.95033476523303,25.410713678459004,25.46528223290317,6157100
2006-03-06,25.344018936157227,25.574419760125032,25.18637772791375,25.56229315750431,8198200
2006-03-07,25.173629760742188,25.350095215570494,25.106694428135455,25.344011240443493,5710600
2006-03-08,25.045841217041016,25.12494680795769,24.887632356449213,25.009330408639112,8533800
2006-03-09,24.729433059692383,25.070193804823283,24.510372746482705,24.991088175888084,9795500
2006-03-10,25.100618362426758,25.14929946375037,24.72334911213944,24.72943308918356,6776000
2006-03-13,25.100618362426758,25.27099757457406,24.857217498294034,24.997174503978087,5190900
2006-03-14,25.642179489135742,25.78822045273507,25.01542547976551,25.01542547976551,9242200
2006-03-15,25.71520233154297,25.7699674102365,25.41095241018838,25.56916366918867,6063400
2006-03-16,26.01337242126465,26.086391764078037,25.745633283453518,25.842993180952387,8699300
2006-03-17,26.104639053344727,26.171572073052143,25.982938644458294,26.14723384826864,13093100
2006-03-20,26.074203491210938,26.1593953738136,25.98292995599884,25.995100224942078,7354600
2006-03-21,26.165491104125977,26.268934954759843,25.98902560702321,26.068131230076602,10821900
2006-03-22,26.39063835144043,26.439319454571958,26.025539362925013,26.025539362925013,9505900
2006-03-23,26.658361434936523,26.743550985562603,26.311516938106827,26.31760091119105,10267800
2006-03-24,26.238515853881836,26.68272051614427,26.043796065526877,26.603617197979613,7884800
2006-03-27,26.15940284729004,26.250676408578066,26.013361899490228,26.135062302449715,6646600
2006-03-28,26.15940284729004,26.500161190086065,26.05595669233973,26.104637782020372,7215400
2006-03-29,26.110727310180664,26.378466396633847,26.001197156349225,26.19591691399565,7367300
2006-03-30,25.78821563720703,26.183739014205113,25.70911003331064,26.049870670582685,7492200
2006-03-31,25.739545822143555,26.12898539455771,25.690867036213263,25.922095331557323,9198200
2006-04-03,25.78821563720703,25.95251082011095,25.672599218918016,25.78821563720703,6977700
2006-04-04,25.891660690307617,25.982936569995584,25.59349714964541,25.739535771655703,6306000
2006-04-05,25.952526092529297,26.12290535080832,25.903844978024832,25.976864328538227,6680000
2006-04-06,25.642179489135742,25.940345392581623,25.593500715430878,25.922088821355228,7130000
2006-04-07,25.617841720581055,25.94034820648474,25.459632787325422,25.79430722704348,8844700
2006-04-10,25.43529510498047,25.684779968671037,25.283170131480293,25.60567665374582,6960400
2006-04-11,25.210145950317383,25.61175571034357,25.118870055257705,25.496141588344756,7065300
2006-04-12,24.94240379333496,25.191888578175327,24.826787364420206,25.149293784756885,7047400
2006-04-13,25.02151107788086,25.179722325472085,24.7172611784666,24.8876427005835,5386000
2006-04-17,24.571218490600586,25.045847512927153,24.406923293354744,24.966741902125346,6777600
2006-04-18,25.143205642700195,25.21622495159581,24.486027220155716,24.589471047654335,9382700
2006-04-19,24.790285110473633,25.222319450363106,24.765944559178884,25.07019448663503,6692800
2006-04-20,24.83287239074707,25.058016618902393,24.565131050110665,24.857210613425085,5348100
2006-04-21,24.510374069213867,25.033684329846327,24.339994848075037,25.009343777899982,9110200
2006-04-24,24.388681411743164,24.62599604323952,24.30957576082994,24.62599604323952,6571700
2006-04-25,24.315643310546875,24.54687380708378,24.035734053352687,24.38866493339542,10603000
2006-04-26,24.382591247558594,24.65033037274551,24.32174218495705,24.44952660916606,7964900
2006-04-27,24.473861694335938,24.74160075970002,24.200036331325833,24.200036331325833,8777700
2006-04-28,24.297399520874023,24.601649449939572,24.297399520874023,24.492119289776554,9010100
2006-05-01,24.66858673095703,24.814625408409935,24.39476130917918,24.43127213916387,10232800
2006-05-02,24.461688995361328,24.918063781389556,24.419094201031406,24.88763925990278,8125600
2006-05-03,24.565135955810547,24.692922676288983,24.3704162080484,24.461692105355496,6072600
2006-05-04,24.49820327758789,24.64424426494921,24.39475941585746,24.59556316208119,9261500
2006-05-05,25.124961853027344,25.24057600033524,24.62599211228789,24.741606259595784,11264000
2006-05-08,24.95457649230957,25.222317897583167,24.875473187335633,25.039768416596452,7029300
2006-05-09,25.16754913330078,25.319674065372237,24.966743108770174,25.009337904050803,8358200
2006-05-10,25.076269149780273,25.16754502261169,24.857208911978365,25.13103420923075,7472100
2006-05-11,24.77811050415039,25.131039151269036,24.674664339849226,24.978914214129098,9089700
2006-05-12,24.33999252319336,24.717261757354937,24.133102493896516,24.66249668132805,11666600
2006-05-15,24.644245147705078,24.644245147705078,24.18787023756239,24.309570677849006,9653300
2006-05-16,23.39682960510254,24.096603336205003,23.232534297475777,24.096603336205003,30901200
2006-05-17,23.12908363342285,23.33597372318449,22.697049196969886,23.287294930957593,29136400
2006-05-18,23.372482299804688,23.78626243934441,23.262952126324,23.427247386545034,16002800
2006-05-19,23.694982528686523,23.80451268371259,23.445497691403283,23.482008516826184,11992600
2006-05-22,23.421165466308594,23.536779627921167,23.159510286809876,23.427249444817367,10881400
2006-05-23,23.025632858276367,23.548943065253056,22.97086778263363,23.469837440159644,10796100
2006-05-24,23.12908363342285,23.2325298389253,22.867430772872165,23.00129919242858,14849400
2006-05-25,23.366392135620117,23.366392135620117,23.080396500443694,23.342051587681187,9405700
2006-05-26,23.530681610107422,23.786252683825335,23.427237778269703,23.427237778269703,9235100
2006-05-30,22.940444946289062,23.335968458406196,22.940444946289062,23.281203378729334,11519200
2006-05-31,23.19601821899414,23.208188496949905,22.88568425547334,22.983044157876254,12052000
2006-06-01,23.457660675048828,23.49417148912284,23.062137301502325,23.09256181927638,11641400
2006-06-02,23.12298583984375,23.579360560366982,23.001285450122513,23.372470594213443,12508100
2006-06-05,22.79439926147461,23.18383871612728,22.78222898836143,22.970864739752304,11632400
2006-06-06,22.64166831970215,22.99601592428465,22.360631280221273,22.95324987425874,17697300
2006-06-07,22.42782974243164,22.83716482254563,22.391174469681406,22.574457825155505,11670600
2006-06-08,22.757747650146484,22.849390519222702,22.3178656075006,22.342304016664254,13226800
2006-06-09,22.5744571685791,22.843272593417687,22.458375926714748,22.66609767836364,10768700
2006-06-12,22.152908325195312,22.580571133986883,22.11625304453377,22.54391585332534,11108500
2006-06-13,22.171239852905273,22.543917436298127,22.018503291224597,22.055158574459973,12581800
2006-06-14,22.452274322509766,22.488931935920846,22.067377538705752,22.07348830622841,11091600
2006-06-15,22.831064224243164,22.910487901529564,22.409512085862147,22.623342374046285,20366900
2006-06-16,22.550020217895508,23.02044898956013,22.519473379335338,22.788288821468957,15064900
2006-06-19,22.51947593688965,22.745525364596762,22.47059912518289,22.550022778919043,9870000
2006-06-20,22.250667572021484,22.482827864957873,22.14069936018387,22.427842593751244,13114000
2006-06-21,22.39729118347168,22.525589346667896,22.18956934900273,22.18956934900273,8614100
2006-06-22,22.287321090698242,22.574466601944827,22.214008186119933,22.568355833727757,10054400
2006-06-23,22.244552612304688,23.704713760044694,22.195678124768285,22.207894998721166,8122000
2006-06-26,22.38506317138672,22.482814447352737,22.146794581880435,22.152903017002078,7495100
2006-06-27,22.220115661621094,22.42783749107786,22.177349608254268,22.330086179014387,10033000
2006-06-28,22.091815948486328,22.268990917450857,21.994064643294685,22.15902040778839,26954100
2006-06-29,22.27509880065918,22.33619482149451,21.902421230575804,22.11625380763711,20206500
2006-06-30,21.865768432617188,22.299539742237748,21.768017118750933,22.275101331127395,24057400
2006-07-03,21.85354232788086,21.981840449843656,21.810776287226595,21.90852757023269,7944800
2006-07-05,21.706920623779297,21.859657194068937,21.621388517309118,21.859657194068937,14000400
2006-07-06,21.67026138305664,21.82910636171122,21.627495337627533,21.658042179994798,10733200
2006-07-07,21.609169006347656,21.81078239495414,21.554183748598167,21.694701111607955,14575700
2006-07-10,21.38311767578125,21.73135683434084,21.297585577970104,21.627497095734412,12949100
2006-07-11,21.004331588745117,21.34035154191174,20.704966917023118,21.32202390118943,21508600
2006-07-12,20.533905029296875,21.04098923438133,20.509466618537953,20.931018716541303,25645000
2006-07-13,20.81493377685547,20.82104454307587,20.313958153207288,20.466694680675012,20904600
2006-07-14,20.67441749572754,20.99821820453373,20.540008598981768,20.74773038005497,16324500
2006-07-17,20.527788162231445,21.05931295072662,20.405600805890625,20.729401495227773,14148200
2006-07-18,20.24065399169922,20.509469556833942,20.069587422453978,20.4361566446291,24942100
2006-07-19,20.986003875732422,21.071538312982174,20.197884942391003,20.265087075795996,19621300
2006-07-20,20.75995445251465,21.47476281675788,20.747735247164538,21.089866005242293,17558600
2006-07-21,20.680524826049805,20.808825279981768,20.417817813132352,20.808825279981768,14074700
2006-07-24,21.144845962524414,21.279254857101076,20.802715290226793,20.857700535228652,9545700
2006-07-25,21.529748916625977,21.590842615188098,20.967677101438586,21.04099000582817,10972700
2006-07-26,21.19983673095703,21.383120151857927,21.083755444278854,21.383120151857927,9331200
2006-07-27,20.784391403198242,21.30980554346928,20.70496773928926,21.181505061593246,11595900
2006-07-28,21.132625579833984,21.383113386278843,20.949342216923615,20.979889055646275,9571300
2006-07-31,21.205936431884766,21.260921668559476,20.98599548518592,21.13262355984321,8566200
2006-08-01,20.85770606994629,21.0776471083164,20.741627113284355,21.0776471083164,9419400
2006-08-02,20.839370727539062,20.979888043342704,20.656087373472328,20.863809129567773,12543400
2006-08-03,21.12040138244629,21.199825008797998,20.47890859871041,20.649972719553617,11433700
2006-08-04,21.205936431884766,21.517520216566187,20.992106250690988,21.505301016130232,10587900
2006-08-07,21.1937198638916,21.260924309349644,20.955451252230898,21.20593906584529,6767900
2006-08-08,20.973777770996094,21.315906047133293,20.845477336870555,21.260920812672087,8972300
2006-08-09,20.405603408813477,21.071534840344132,20.405603408813477,20.99821962049829,16718200
2006-08-10,20.533905029296875,20.61332869897581,20.27730637747844,20.344510841777915,9823900
2006-08-11,20.326175689697266,20.60721031787411,20.203986011619513,20.582771916143706,11925000
2006-08-14,20.32007598876953,20.869928674240892,20.22843542824133,20.387280464835534,19552200
2006-08-15,21.040983200073242,21.23037733327618,20.619431222966075,21.04709396629804,21028600
2006-08-16,21.077646255493164,21.14485071789544,20.784392326390094,21.108193102791912,12539600
2006-08-17,21.212053298950195,21.44421118229008,21.01655069688774,21.077644386066687,13203100
2006-08-18,21.242603302001953,21.334243849395975,20.973787766840875,21.236492533830564,10542100
2006-08-21,20.955453872680664,21.016549890089067,20.796608888568347,20.863813342430205,12770500
2006-08-22,20.808828353881836,21.004330950899153,20.753843102809792,20.986000980158607,11680000
2006-08-23,20.558332443237305,20.711068932917897,20.472798051334117,20.619426106879992,14504100
2006-08-24,20.411720275878906,20.55834844555803,20.210109164467774,20.540018467738328,16185700
2006-08-25,20.454479217529297,20.582777364714968,20.332289507106086,20.527792111553268,10298300
2006-08-28,20.582782745361328,20.869928290333768,20.46670377193069,20.46670377193069,11072700
2006-08-29,20.82716178894043,20.894366262346693,20.533907811820267,20.66220598982744,10124600
2006-08-30,20.845481872558594,21.08375049687641,20.668309261254706,20.85770107516138,12323900
2006-08-31,20.9493465423584,21.047097844798373,20.747733170127574,20.839376035791563,10638700
2006-09-01,21.163179397583008,21.303696766505478,20.882144659738067,20.955457562963883,9145000
2006-09-05,21.33498764038086,21.42702673362255,21.157042116451667,21.261355897645327,8370600
2006-09-06,20.966825485229492,21.16931571561581,20.844106686983157,21.089546624186863,11691500
2006-09-07,21.071142196655273,21.242950410610966,20.709116073883376,20.83183722987088,11571100
2006-09-08,21.034318923950195,21.21226443044548,20.960687188428608,21.150905040962602,7429900
2006-09-11,21.512935638427734,21.617247090906947,20.985236349927536,21.03432340382623,13311300
2006-09-12,22.494701385498047,22.586742835199615,21.5804312556424,21.598840950009492,24431400
2006-09-13,22.807634353637695,23.040804271380793,22.33516185555564,22.519242384000858,20425200
2006-09-14,22.838327407836914,22.930366546096987,22.34130763466915,22.580612671142205,14856500
2006-09-15,22.838327407836914,23.102177150797473,22.549932958388847,22.961046258850345,14876200
2006-09-18,22.445619583129883,22.599020474734505,22.24926428842107,22.39653017427472,13968300
2006-09-19,22.261526107788086,22.543785393733074,22.151077330833687,22.5192407009186,11884500
2006-09-20,22.32289695739746,22.445618130883386,22.06518225900585,22.359711670945053,12795200
2006-09-21,21.9976749420166,22.531511439437608,21.94858790060133,22.365838285828733,11414500
2006-09-22,22.065176010131836,22.07744835807606,21.721559630537694,22.009951614738345,7813200
2006-09-25,22.445619583129883,22.519251355700785,21.88723809060569,22.065183686637894,10884900
2006-09-26,22.470144271850586,22.795355497925584,22.212432100212666,22.273791472304552,13853000
2006-09-27,22.37197494506836,22.60514484601314,22.230846472070684,22.45174402657513,8965700
2006-09-28,22.51923942565918,22.556054122085342,22.15107607642327,22.310614229972014,9732100
2006-09-29,22.25539207458496,22.592873423000135,22.2308473807011,22.38424820640898,8485000
2006-10-02,22.298343658447266,22.51310387372284,22.07744609947193,22.200167225648315,8620500
2006-10-03,22.59900665283203,22.72786276119868,22.243115678436055,22.329019750680487,10101500
2006-10-04,23.003990173339844,23.096029269620487,22.476290928104635,22.562195020917628,12285900
2006-10-05,22.862863540649414,23.003994394120898,22.68492031890669,22.96103999912214,10960000
2006-10-06,22.789226531982422,22.85672327051648,22.58060131320028,22.740139484410022,10853200
2006-10-09,23.13284683227539,23.157391528119387,22.5744678757351,22.5867402236571,9489800
2006-10-10,23.16966438293457,23.237161134445554,23.028535875553114,23.16352937857508,9159700
2006-10-11,23.267839431762695,23.43964997269432,23.046944177498336,23.046944177498336,11529400
2006-10-12,23.25555992126465,23.46418508230449,23.169653515545708,23.304646955250966,13221000
2006-10-13,22.641971588134766,22.979453067377715,22.427208944462524,22.97331572117213,19330600
2006-10-16,22.304475784301758,22.47628627507056,22.249251401681516,22.365837509830076,13144600
2006-10-17,21.942455291748047,22.181762570178233,21.899503243475955,22.05904142909608,15175100
2006-10-18,22.02222442626953,22.24925701623933,21.93632032956264,22.059041470877233,12402300
2006-10-19,22.03449821472168,22.206306419365433,21.90564206123887,21.99154616356074,9847200
2006-10-20,22.083587646484375,22.13267470187151,21.813600649365792,22.07745030161646,11183400
2006-10-23,22.236984252929688,22.30447864861264,21.966997307354706,21.973134651050934,11491300
2006-10-24,22.39651870727539,22.433335745066472,22.19402851049042,22.200165853810923,12234500
2006-10-25,22.45787811279297,22.519239842490062,22.292207294387442,22.439470764239164,12371600
2006-10-26,22.936492919921875,23.034669358190808,22.47629042665296,22.605146562997632,15365100
2006-10-27,22.746278762817383,22.905816964012782,22.580605557288916,22.85059256216996,14936800
2006-10-30,22.856727600097656,22.88740730323069,22.617422638664134,22.62969498805961,10040700
2006-10-31,22.90581703186035,22.99172113704557,22.672647074420972,22.856727634205193,14471000
2006-11-01,22.918092727661133,23.09603832725111,22.838325947744433,23.010134200748887,14395800
2006-11-02,22.826038360595703,23.01011884319923,22.64809287977115,22.73399694893877,16633900
2006-11-03,22.826038360595703,22.948759462568162,22.580596156650778,22.905807427984353,13998200
2006-11-06,22.838327407836914,22.869007120590272,22.42721176666337,22.45789147941673,16866400
2006-11-07,22.844446182250977,22.997846977732685,22.770814455818662,22.801494146772928,17390900
2006-11-08,22.856727600097656,23.003993452132068,22.703326743721163,22.703326743721163,13936900
2006-11-09,22.61128044128418,22.954899128483852,22.574465741709407,22.856722695099776,18646500
2006-11-10,22.482418060302734,22.6112741544087,22.38424165421579,22.580594466389684,14180600
2006-11-13,22.335155487060547,22.562187996051435,22.243114078726542,22.54991565222622,20610100
2006-11-14,23.292373657226562,23.35373537308308,21.948583679555455,21.979263367128652,49455400
2006-11-15,23.08375358581543,23.494868980061348,22.954897465218757,23.175795009504846,28458300
2006-11-16,23.200336456298828,23.255560834646307,22.807628465433254,23.1941991138656,18965600
2006-11-17,23.48872947692871,23.494866819656,23.09602380795722,23.175792878439058,16742100
2006-11-20,23.568511962890625,23.838496678809463,23.224893136593398,23.39670372009789,15707800
2006-11-21,23.267839431762695,23.586913475537227,23.261704427773896,23.568506122859656,9018400
2006-11-22,23.37828254699707,23.507141006553642,23.255563771359355,23.267833776354642,14130400
2006-11-24,23.145111083984375,23.408960620234605,23.13897374181472,23.224877806508243,3064100
2006-11-27,23.065340042114258,23.408958612121605,22.985570985723083,23.37827658532576,12267800
2006-11-28,22.88324546813965,23.117819457657383,22.833862833655118,23.031398081205033,11906100
2006-11-29,23.222749710083008,23.296827164296733,22.87706434297211,22.957311386162882,12005600
2006-11-30,23.438819885253906,23.617834623075296,22.98201805489443,23.154860845124627,17329100
2006-12-01,24.05611801147461,24.667242073469648,23.852408420938676,24.136365103376903,47279400
2006-12-04,24.198091506958008,24.36476231452755,23.710425331640366,23.889442386600905,14555500
2006-12-05,24.30302619934082,24.5067357081937,24.09314474543427,24.31537244425361,11901800
2006-12-06,24.642534255981445,24.759822379374093,24.235117682965477,24.395616476617022,17948700
2006-12-07,24.031417846679688,24.605505330779902,24.006725354828887,24.426488297070023,16351400
2006-12-08,23.951168060302734,24.259817139313867,23.88326488615139,24.05610997166543,11267400
2006-12-11,23.945009231567383,24.043776896762225,23.741299597524154,23.95118118041405,15648700
2006-12-12,23.889434814453125,23.907953002267018,23.56843954844974,23.889434814453125,17788200
2006-12-13,24.142541885375977,24.253655790752305,23.945006576886197,24.043774231131085,18604500
2006-12-14,24.673412322998047,24.753659401719112,23.994382820887378,24.136361138785407,24292200
2006-12-15,24.6240234375,24.920326274272764,24.58698705465692,24.759829787406293,25977200
2006-12-18,24.667236328125,24.877117817305088,24.494393579908163,24.73513950915471,14082200
2006-12-19,24.469701766967773,24.549951197218718,24.327723454865886,24.53760494988735,14938400
2006-12-20,24.154884338378906,24.605511837189688,24.154884338378903,24.4141485069524,13445400
2006-12-21,24.019073486328125,24.30303010048697,23.85857698630968,24.22895497392506,14785100
2006-12-22,24.00672721862793,24.11784108577741,23.920305845246293,24.043765959279696,7911700
2006-12-26,24.111661911010742,24.210429501665566,23.82153108323496,23.840049270606144,7255400
2006-12-27,24.420324325561523,24.49439947049631,24.185750285993898,24.19192223356913,8736900
2006-12-28,24.525245666503906,24.57463062957949,24.30919234005984,24.327710523810865,8890100
2006-12-29,24.790687561035156,24.870936960300366,24.475866617463947,24.482038561343582,11611400
2007-01-03,25.352441787719727,25.827761776203467,25.284538595821164,25.494420118595723,50853600
2007-01-04,25.043777465820312,25.42032958942331,24.926491703880355,25.309215770825546,22319400
2007-01-05,24.562294006347656,25.080824547652302,24.5190833241394,24.963536391825116,21676500
2007-01-08,24.377107620239258,24.661064234845224,24.22895501207633,24.654889933985285,17465300
2007-01-09,24.27216148376465,24.599328728351004,24.210432614720006,24.383275331889337,20341100
2007-01-10,24.55612564086914,24.648721327868547,24.111672465767956,24.593164386630132,15324600
2007-01-11,24.741321563720703,24.80922241122399,24.47588305731303,24.47588305731303,12149100
2007-01-12,24.759830474853516,24.92032696617611,24.59933162872523,24.661062859853683,11218600
2007-01-16,24.870935440063477,24.95118247961859,24.642533498793195,24.691918466031588,12639900
2007-01-17,24.870935440063477,24.982049261545008,24.74747537677235,24.809204231015492,12729000
2007-01-18,25.228988647460938,25.272199353411512,24.698111568860327,24.722804073634045,18810000
2007-01-19,25.03143882751465,25.296877213145564,24.969709956123715,25.290705267928672,12125900
2007-01-22,24.722789764404297,25.09934200243592,24.679579083463505,25.09934200243592,14165800
2007-01-23,24.957365036010742,25.06847889425848,24.691926636286215,24.710444827725627,11380400
2007-01-24,25.117870330810547,25.179601581931188,24.9511994849945,25.01293073611514,9835700
2007-01-25,24.74748420715332,25.1055159281649,24.69809922229341,25.01909455946575,11086200
2007-01-26,24.65488624572754,24.82773132186176,24.469697279331665,24.766000096526156,9797400
2007-01-29,24.636369705200195,25.01292196314247,24.593159021974586,24.87711561311591,12147600
2007-01-30,24.796857833862305,24.926492194648542,24.698090254809117,24.75982146347038,8671700
2007-01-31,25.148727416992188,25.27835946204957,24.661061318189045,24.67340756364292,11630100
2007-02-01,25.358610153198242,25.42033902876111,25.117861886969482,25.167246871264304,12544200
2007-02-02,25.204282760620117,25.395643666118684,25.068476423965347,25.24749343959111,9928300
2007-02-05,25.32773780822754,25.45119788709383,25.025263087550517,25.10551013722924,9017400
2007-02-06,25.47589111328125,25.5437942763689,25.253663435832657,25.364777274556953,8096800
2007-02-07,25.53145408630371,25.59318296476229,25.321572602816463,25.44503271453939,8347100
2007-02-08,25.36478042602539,25.47589427855512,25.272184763982114,25.445029842809195,11976500
2007-02-09,25.309228897094727,25.56849303841662,25.253671958982036,25.445035269104864,9320000
2007-02-12,25.580846786499023,25.932706712774497,25.475907180855007,25.69196069530251,18480700
2007-02-13,25.77837562561035,25.82776061925392,25.4203438409189,25.488247029775753,13173700
2007-02-14,25.75985336303711,25.9018316651355,25.61787506093871,25.753681417209236,20514700
2007-02-15,25.716642379760742,25.833928187576802,25.50676090195968,25.661085448730883,10828700
2007-02-16,25.580846786499023,25.716653198326995,25.432696477965507,25.61788554103575,11035300
2007-02-20,25.51910972595215,25.80306635554012,25.124039223080885,25.148731718211828,17903400
2007-02-21,25.494413375854492,25.568488495240594,25.093170987274647,25.24132122604685,11916800
2007-02-22,25.420347213745117,25.494422359232814,25.30306137048906,25.414172911317397,9484700
2007-02-23,25.284530639648438,25.61170024722829,25.191937333764137,25.568487212049053,13729700
2007-02-26,25.17959213256836,25.309224179063886,24.883289302804766,25.309224179063886,12198400
2007-02-27,24.580812454223633,25.012921635627386,24.420315969316544,24.99440344443192,23480300
2007-02-28,24.438844680786133,24.59934123478273,24.25365562469572,24.25365562469572,26115700
2007-03-01,24.3524169921875,24.47587711598128,23.864750798345373,24.17957187695381,21139500
2007-03-02,24.080793380737305,24.309195330855538,24.056103250966498,24.265984660250453,19521700
2007-03-05,23.87091827392578,24.198087893922374,23.821535646541076,23.920303256116043,22835500
2007-03-06,24.091341018676758,24.227942166529918,23.861604662494877,24.227942166529918,17472800
2007-03-07,24.035465240478516,24.20932193834368,23.91749299826696,24.035465240478516,12320700
2007-03-08,24.091341018676758,24.290032305415732,24.047877447739292,24.07271445072841,11707100
2007-03-09,24.01062774658203,24.321083253221598,23.89886594329233,24.308667117313053,11988600
2007-03-12,23.700170516967773,24.072718519003974,23.66291737477531,23.849190191499726,14195200
2007-03-13,23.19102668762207,23.675338915539992,23.128936530277873,23.61324638960812,21392500
2007-03-14,23.3214111328125,23.33382963337951,22.663244814281835,23.14755449346118,24242400
2007-03-15,23.277952194213867,23.470433069812575,23.11030595610104,23.259323255365377,10151000
2007-03-16,23.290367126464844,23.48285036071525,23.178605342079123,23.346249202951274,16888700
2007-03-19,23.420764923095703,23.45801806918024,23.197236572237983,23.37730134027199,9396200
2007-03-20,23.551158905029297,23.59462249382035,23.284166934691136,23.377304549865077,11080800
2007-03-21,24.054100036621094,24.165861869368186,23.47665245258496,23.526324115073873,15305400
2007-03-22,23.799514770507812,24.153433776719886,23.687750624484313,23.97336905606125,9487800
2007-03-23,23.731216430664062,23.886444162693863,23.638078844011293,23.81193314593676,11566800
2007-03-26,23.538726806640625,23.768463124536677,23.333827487594576,23.687746431154046,11825300
2007-03-27,23.184812545776367,23.464222917805635,23.14755703997678,23.426967412006046,12839000
2007-03-28,22.830888748168945,23.128925626372347,22.725332688141965,23.085462063004346,13983700
2007-03-29,22.8619384765625,23.01095813036089,22.663247183889336,22.955076056259873,14383400
2007-03-30,22.812267303466797,23.09167531108977,22.57011006502668,22.83089387235177,12672200
2007-04-02,22.84331512451172,22.886778702867172,22.725340524472017,22.76880410282747,9918400
2007-04-03,23.364883422851562,23.45801865899226,22.84952611557319,22.90540820469268,15862400
2007-04-04,23.662914276123047,23.756049487995536,23.308995260116046,23.35245883270729,19168400
2007-04-05,23.607040405273438,23.662922499251405,23.46423113590483,23.557366380142852,10734900
2007-04-09,23.644285202026367,23.749838904681056,23.507684063450355,23.74363083864888,7312400
2007-04-10,23.737411499023438,23.93610269773016,23.613228907685254,23.650484395662485,10978700
2007-04-11,23.57599639892578,23.79952478503054,23.45181369902447,23.669131647410765,15910400
2007-04-12,23.607040405273438,23.712594155794104,23.346256510513626,23.526321298730178,11377900
2007-04-13,23.52631187438965,23.588404380929415,23.439384733820912,23.569775444674015,10763200
2007-04-16,23.94232177734375,24.08513097995644,23.538728801874182,23.59461086973017,11514300
2007-04-17,24.488727569580078,24.52598308011474,24.029254782589383,24.1161819385829,15722100
2007-04-18,24.2403621673584,24.48872510685057,24.10376101105608,24.45768003548744,11182000
2007-04-19,24.159643173217773,24.32107896603481,23.954743806619724,24.153435106357826,11024800
2007-04-20,24.345918655395508,24.42663774499889,24.165853904967733,24.420429677454347,13711900
2007-04-23,24.345918655395508,24.457682819896377,24.246572994571114,24.333500151719036,7912200
2007-04-24,24.408004760742188,24.46388682830999,23.99820372144054,24.27140362477938,13273100
2007-04-25,24.525970458984375,24.643942628754303,24.339697739342228,24.47629647050053,11327800
2007-04-26,24.209314346313477,24.525977827990328,24.14722184205253,24.47630382458157,11421300
2007-04-27,23.886445999145508,24.20931999082135,23.849190487902657,24.153437908250773,11310100
2007-04-30,23.513893127441406,23.942323128035884,23.489058493671873,23.905067624501218,20383500
2007-05-01,23.86160659790039,23.89265166986135,23.532524571657312,23.68775230004928,13068100
2007-05-02,24.060306549072266,24.25278985415653,23.805733077748183,23.805733077748183,13997800
2007-05-03,24.252779006958008,24.3707512174851,23.867812568967988,24.18447843348923,10799300
2007-05-04,24.1534366607666,24.33349903433863,24.04788056865735,24.29003545776049,8889900
2007-05-07,24.11618995666504,24.339718357016373,23.93612514876111,24.029262771770217,7764700
2007-05-08,23.98578453063965,24.06029316238987,23.8119278984402,24.035456162277562,12568400
2007-05-09,24.32728385925293,24.339702358730776,23.84918228799549,23.880227352396812,10012600
2007-05-10,24.08514404296875,24.600499065075613,23.985798353852484,24.14723421044589,13333800
2007-05-11,24.12860107421875,24.321081962222078,23.97337332913869,24.029255412111006,11994300
2007-05-14,24.22173500061035,24.538400909993403,24.128599779711504,24.240363939659957,15876800
2007-05-15,23.780893325805664,24.414222896603132,23.57599390593493,23.5946204799447,31391600
2007-05-16,23.824356079101562,23.95474919838076,23.594619656180143,23.8802381677676,14048500
2007-05-17,23.780893325805664,23.960958103192617,23.687758087169055,23.700174224117074,9091200
2007-05-18,24.14101791381836,24.159644483995912,23.74984335997898,23.898863027161163,13864100
2007-05-21,23.98578453063965,24.246565926058775,23.929902464680307,24.029248096542833,12653300
2007-05-22,23.923702239990234,24.029258351221102,23.811938060375294,23.967165824441853,9354700
2007-05-23,24.07892608642578,24.296246341913676,23.973372360956166,24.04167294500701,10899400
2007-05-24,24.184478759765625,24.463889123822476,23.973368970099003,23.98578747167786,19185500
2007-05-25,23.83056640625,24.215530588295284,23.749847307751143,24.16585656811517,9629300
2007-05-29,23.998214721679688,24.0168412965447,23.79331292381313,23.83056844213101,8878900
2007-05-30,24.02924919128418,24.060294258545586,23.768465415397387,23.985785623400847,9268900
2007-05-31,24.134807586669922,24.23415324237613,23.948534778294185,24.06029893703708,9728800
2007-06-01,24.345918655395508,24.569446984397246,24.190690912320676,24.277618069468602,12959300
2007-06-04,24.71225357055664,24.75571714446412,24.16585131039342,24.215525319766044,12809100
2007-06-05,24.265777587890625,24.883972842584445,24.153378017572955,24.646686978183467,15236100
2007-06-06,23.91609001159668,24.16586736638156,23.853646863927153,24.07220026282388,11719100
2007-06-07,23.516450881958008,23.91609279040546,23.48522930449561,23.82242805801828,17329400
2007-06-08,23.69753646850586,23.728758042150645,23.460248221109406,23.516448006491373,10146700
2007-06-11,23.54767608642578,23.62261074234198,23.491476285515652,23.591386778016545,13278600
2007-06-12,23.329116821289062,23.59762664968174,23.322871077157078,23.54767022483964,17317200
2007-06-13,23.560165405273438,23.622610952425617,23.3790768916132,23.485233130744877,14036400
2007-06-14,23.597623825073242,23.628845395835643,23.46024605525487,23.603867186404457,9948800
2007-06-15,23.69753646850586,24.034735180797654,23.69753646850586,23.934824715902312,21091500
2007-06-18,23.70378303527832,23.884871521776837,23.66631809466049,23.728761250392676,8644200
2007-06-19,23.897363662719727,23.978541681118774,23.610121298604962,23.953563462833834,14297900
2007-06-20,24.99637794494629,25.720729568383998,24.921445675502085,25.5084194865805,66783600
2007-06-21,24.946422576904297,25.06506552910446,24.702890927514943,24.958911684828596,26940900
2007-06-22,24.5780086517334,25.052582966578136,24.5780086517334,24.721629857305548,19316100
2007-06-25,24.465595245361328,24.7965481681233,24.35319569007367,24.63419457829282,13095600
2007-06-26,24.446876525878906,24.615473571554194,24.272031351536427,24.52180881085174,16997300
2007-06-27,24.82777214050293,24.85275035121846,24.234555119355413,24.32197647480649,15476200
2007-06-28,24.677900314331055,25.065052937276896,24.66541121268086,24.771565003628677,19649200
2007-06-29,24.57175636291504,24.952665815520117,24.428135195581838,24.690401696577858,13714300
2007-07-02,24.584243774414062,24.727864931837114,24.44686836151796,24.69664335536316,8844800
2007-07-03,24.47809410095215,24.696647555492525,24.321983809979308,24.621715282800682,6266400
2007-07-05,24.871490478515625,24.915201165517455,24.478091913445365,24.559269924471817,14665100
2007-07-06,25.164987564086914,25.296119684416194,24.883988461913557,24.927699168689983,16811000
2007-07-09,25.121267318725586,25.583354820405848,25.083799991977255,25.464709476729773,17337100
2007-07-10,25.133758544921875,25.49593558783718,25.090047851060255,25.23991240657033,34920700
2007-07-11,25.277372360229492,25.45221508465473,25.06506231683308,25.121262104263117,20798500
2007-07-12,25.56460952758789,25.602076839037753,25.246145717449515,25.371034373562736,20013800
2007-07-13,25.520912170410156,25.608333560684315,25.358558500194462,25.50842306007753,12028000
2007-07-16,25.339826583862305,25.445980450946454,25.289870141431447,25.383537279962166,11226400
2007-07-17,25.07131004333496,25.339819895391674,25.040086084030126,25.27113099620689,13871500
2007-07-18,25.00263214111328,25.2461638856607,24.784076240119795,24.990143028308964,17388700
2007-07-19,24.790307998657227,25.065061179147953,24.677908428898892,25.008861394268788,15693500
2007-07-20,24.59673500061035,24.896466448280897,24.565513421446422,24.665423904003273,17880700
2007-07-23,24.328224182128906,24.66542294086142,24.29075924141665,24.659179578093948,19651500
2007-07-24,23.69753646850586,24.32197746961509,23.6475800450315,24.209577898851155,26185100
2007-07-25,23.753740310668945,23.97853949058912,23.491473806744143,23.85989415560137,23885100
2007-07-26,23.29165267944336,23.87238309614558,22.973188764826226,23.39780890568492,35164600
2007-07-27,22.948213577270508,23.410301102848596,22.929481103954533,23.141791202400558,25522900
2007-07-30,23.610116958618164,23.841159480148832,22.979430164152703,23.07934063687301,29638600
2007-07-31,23.210474014282227,23.991025371481175,23.154276603335454,23.828671737287422,29752100
2007-08-01,23.585155487060547,23.660087799278767,22.82333610300035,23.066867904251,30751500
2007-08-02,23.616361618041992,23.822428319250083,23.485229562029765,23.572650932704583,26469600
2007-08-03,22.598522186279297,23.62885093745118,22.423679443361877,23.62885093745118,45337400
2007-08-06,23.035629272460938,23.098074804847247,22.29254530246505,22.69218718152346,33499100
2007-08-07,22.729646682739258,23.14802088658049,22.429912994490024,22.823311376021053,28361200
2007-08-08,23.603878021240234,23.603878021240234,22.66721617609535,22.79210489852552,35795600
2007-08-09,22.348745346069336,22.63598765216954,21.930368611485545,22.080235508872423,37137600
2007-08-10,22.429927825927734,22.64848368554057,22.042774930514994,22.3425064349043,22034500
2007-08-13,22.005300521850586,22.492363709352997,21.930365891424653,22.492363709352997,21036600
2007-08-14,20.93126678466797,22.036527861174157,20.912534313185205,21.924128268169877,42251600
2007-08-15,20.83135223388672,21.50574727822192,20.737685130648288,20.92501695507177,26864000
2007-08-16,20.494152069091797,21.05614988460932,19.88844476806654,20.64401894724754,37740300
2007-08-17,20.800128936767578,21.318413687465263,20.575329813263735,21.131081878563126,30623400
2007-08-20,21.099863052368164,21.193527777977774,20.80013164272112,21.02492841341628,18473500
2007-08-21,21.41832733154297,21.643126488498456,20.981218124357696,21.106106809561137,18789300
2007-08-22,21.71181297302246,21.7305454400037,21.29343628136632,21.530724518692885,28241500
2007-08-23,21.24348258972168,21.4557926198456,21.093615705259314,21.324660584724352,23123600
2007-08-24,21.655622482299805,21.82422190363561,21.33091275032577,21.362134336042555,14370700
2007-08-27,22.01154327392578,22.205120824086677,21.91163281817732,22.11769709101026,25881100
2007-08-28,22.027252197265625,22.347764206407536,22.00211353040053,22.31005620610989,55781000
2007-08-29,22.96993637084961,23.127049482000913,22.077535050240993,22.077535050240993,66298200
2007-08-30,23.277873992919922,23.340718264586755,22.850526232990646,22.869379035019637,34579600
2007-08-31,24.076017379760742,24.22056117453282,23.391004023537167,23.478986994497895,65864700
2007-09-04,22.850536346435547,23.485272401678156,22.705992539743793,23.384720084094486,94537000
2007-09-05,22.944791793823242,22.976216325852377,21.719311760053444,22.80024805643899,45147200
2007-09-06,22.134096145629883,23.10819696759647,22.134096145629883,22.850531557949104,36327500
2007-09-07,21.499361038208008,21.926708961572942,21.442800213134525,21.876434004483297,30279900
2007-09-10,21.24797821044922,21.76959249764089,20.990312801687008,21.650187395116493,22191400
2007-09-11,21.914134979248047,21.93299018184784,21.27311323003632,21.367382050968164,33242500
2007-09-12,22.052396774291992,22.19694055147197,21.656471055799788,21.694179066203382,19849900
2007-09-13,22.379192352294922,22.530019599286792,22.07124959387306,22.178087758068514,16274100
2007-09-14,22.42318344116211,22.517452266903938,21.99583558654926,22.498597063342075,12541000
2007-09-17,22.234649658203125,22.43575426222646,22.10895868134955,22.215794453393702,13144900
2007-09-18,22.850536346435547,22.863105685803053,22.152953594355424,22.316350211420257,21552700
2007-09-19,22.737411499023438,23.34701118734978,22.636859195549032,22.969938251303745,20242000
2007-09-20,22.196943283081055,22.737412845264714,22.102674444149052,22.6494298741848,20980500
2007-09-21,21.662763595581055,22.341491210420696,21.662763595581055,22.322638398089666,23949700
2007-09-24,21.291976928710938,21.863868757087054,21.072017057885258,21.69418625011524,16852100
2007-09-25,20.78920555114746,20.870902633154685,20.55667644814234,20.852049829207715,27939100
2007-09-26,20.732646942138672,20.977743008881472,20.619525311741103,20.864621378483903,18513800
2007-09-27,20.588106155395508,20.883479645040683,20.518978383059956,20.833204683582426,16988700
2007-09-28,20.386993408203125,20.619522504223934,20.34300193541118,20.619522504223934,24716200
2007-10-01,20.839487075805664,21.021738896038272,20.468699964492142,20.474985832696742,22312300
2007-10-02,20.965187072753906,21.160005918350638,20.814357336699583,20.87091818805029,23370600
2007-10-03,21.285680770874023,21.499354669257922,20.889757510003815,20.908610313657967,20350500
2007-10-04,21.20399284362793,21.39881162510295,21.053163157216964,21.373672944475032,12150200
2007-10-05,21.505640029907227,21.713028057294924,21.304535471138063,21.493070695314724,12933200
2007-10-08,21.323396682739258,21.568492810552474,21.20399155305898,21.537070660358335,11252200
2007-10-09,21.2416934967041,21.36738447307574,21.00288088133358,21.310823653576303,14044100
2007-10-10,21.147422790527344,21.367380156727936,20.990309701139637,21.172559062839206,16501700
2007-10-11,21.009170532226562,21.52450147053554,20.877196062079324,21.178853021282894,17127000
2007-10-12,21.01544761657715,21.166277249018613,20.864620381491363,21.065724959842864,12414300
2007-10-15,20.74521255493164,21.14742410249564,20.62580746263717,21.02173314371662,14904100
2007-10-16,20.430986404418945,20.713790462993884,20.261306366629622,20.707506993850284,15989800
2007-10-17,19.972219467163086,20.676086744736054,19.76483020479677,20.61952592784725,23218000
2007-10-18,19.909372329711914,20.11676037619034,19.72083588950215,19.859096185391543,17879500
2007-10-19,19.331201553344727,20.016214963164813,19.205510557556792,19.934515456299202,27030000
2007-10-22,19.40660858154297,19.59514501100508,19.07981426142862,19.218073350758623,17779900
2007-10-23,19.431747436523438,19.60771453262704,19.104951914621505,19.60771453262704,16354200
2007-10-24,19.40660858154297,19.50716206312942,19.029538119974276,19.475738725546854,18545700
2007-10-25,19.293500900268555,19.808831990077824,19.092395002998924,19.53859710184161,24280100
2007-10-26,19.70198631286621,19.827676094923387,19.167801442758645,19.488312364823184,12484600
2007-10-29,19.733402252197266,20.01620627056545,19.645419312561675,19.82766985876078,15986200
2007-10-30,19.7711181640625,19.953369992906556,19.65799770327587,19.796256843356108,18673800
2007-10-31,19.802539825439453,19.984790440072363,19.494598222407355,19.92822961516054,14935900
2007-11-01,19.28720474243164,19.846527002127903,19.262066070739394,19.73340537686847,15003400
2007-11-02,19.104955673217773,19.48831208004808,18.928989741173446,19.43175125941154,16577200
2007-11-05,18.727886199951172,18.94784484028405,18.558204916200125,18.94784484028405,17515500
2007-11-06,18.89128303527832,18.92899105076349,18.539349948163387,18.539349948163387,15828300
2007-11-07,18.438798904418945,18.80330135507251,18.413660225701648,18.665042218161908,16487900
2007-11-08,18.28167724609375,18.577049391420747,17.753777225614886,18.539342589580148,25256800
2007-11-09,17.62809181213379,18.174846004211513,17.59038499847677,18.030302219627952,21922500
2007-11-12,17.8857479095459,18.275388776410352,17.596660491128215,17.628082619677137,18968500
2007-11-13,18.300540924072266,18.369669897557316,17.45212964259614,17.596673458320996,28296000
2007-11-14,18.24397850036621,18.68389457923681,18.137141515743124,18.40737631206494,18442800
2007-11-15,18.212549209594727,18.696457817253357,18.12456626226689,18.26911001821341,17497700
2007-11-16,18.26911735534668,18.35081686668656,17.860623394681987,18.30054070535365,18189700
2007-11-19,17.716073989868164,18.118283153602796,17.609237030916418,18.118283153602796,21986400
2007-11-20,17.910898208618164,18.068011350799026,17.56524977529153,17.716078247943777,26557200
2007-11-21,17.62809181213379,17.841765753986877,17.477263358827727,17.728644114337833,12611300
2007-11-23,18.19369888305664,18.23140569437726,17.63437538819085,17.709790209510007,9786400
2007-11-26,17.276159286499023,18.225122716619545,17.225883133848573,18.155992557220912,16282500
2007-11-27,17.20328712463379,17.494761498523534,16.968841527931936,17.47575190612757,20151400
2007-11-28,17.912967681884766,18.05236777124959,17.15260070145664,17.298337323324866,24263400
2007-11-29,17.665843963623047,17.86860933457938,17.456743270090662,17.81791829398273,19899300
2007-11-30,18.096717834472656,18.438883253989157,17.817917724388508,17.93197165565764,24847100
2007-12-03,18.0523681640625,18.394533675271553,18.0270232420674,18.134741879829136,12101600
2007-12-04,18.24246597290039,18.33751157380243,17.741890621675058,17.982672891198252,18286500
2007-12-05,18.356510162353516,18.483238368235252,18.166419062100655,18.407201202992262,12545200
2007-12-06,18.68600082397461,18.793719426563936,18.109389836163988,18.27413600533411,11632800
2007-12-07,18.68600082397461,18.850746993144732,18.58461875195755,18.793719426563936,10064200
2007-12-10,18.749366760253906,18.78738473884708,18.407201327206096,18.502248086543652,11895200
2007-12-11,17.995342254638672,18.882436361336396,17.93831466412659,18.74303625595694,19388100
2007-12-12,18.0523681640625,18.552943365593517,17.741885316059857,18.37552407734771,20141500
2007-12-13,17.513776779174805,18.046033490164703,17.272994556855636,17.938314841307935,20290600
2007-12-14,16.873798370361328,17.330019016528592,16.873798370361328,17.30467288793266,21681100
2007-12-17,16.43659019470215,16.93716419949472,16.373226075361682,16.791427571010683,25190900
2007-12-18,16.77242088317871,16.85479461518676,16.202146127294064,16.563320099068665,22441300
2007-12-19,16.626676559448242,16.747068230692673,16.37322136359394,16.747068230692673,17910700
2007-12-20,16.64568519592285,16.740730737835875,16.46192943413066,16.601330690268085,16008200
2007-12-21,16.89280891418457,17.070228198596237,16.658363254373793,16.70271777333421,24522500
2007-12-24,17.114580154418945,17.165271198292047,16.791424296514254,16.86112493505345,7199400
2007-12-26,17.10190773010254,17.139925712284967,16.8928070152444,17.108244261894587,15081100
2007-12-27,16.96251106262207,17.095574631265936,16.92449186423516,17.095574631265936,13361100
2007-12-28,16.90548324584961,17.11458399988004,16.69638249181918,16.94350123515421,13743400
2007-12-31,17.07022476196289,17.22229788574132,16.63935030697246,16.797759961979544,16689900
2008-01-02,16.544307708740234,17.27932854248426,16.487280126073028,17.190618298018624,16560700
2008-01-03,16.36054801940918,16.76607632577995,16.34787495769267,16.626676272607416,14635500
2008-01-04,15.8156156539917,16.26549959679937,15.688888684949848,16.195798978256196,19772000
2008-01-07,16.075416564941406,16.35421676117202,15.796615160140718,15.878987670715654,20682400
2008-01-08,15.676216125488281,16.347872587684922,15.631861624480413,16.18946296490282,15488100
2008-01-09,15.669885635375977,15.821958786833786,15.061593029544744,15.682558700139955,25468800
2008-01-10,16.018386840820312,16.290850467807743,15.429102653883712,15.53048474963948,16098800
2008-01-11,15.657212257385254,16.19580541337986,15.568503222952007,15.90433218105922,17627000
2008-01-14,16.088088989257812,16.15778964505736,15.549496967945327,15.904334362927347,15513500
2008-01-15,16.075416564941406,16.2528346518936,15.62553239751961,15.872651137814493,20304900
2008-01-16,16.69004249572754,17.006861827524084,16.01838585071842,16.031057705477203,27356000
2008-01-17,16.633018493652344,16.92449176142746,16.487281859764785,16.70905568139417,20633800
2008-01-18,16.652029037475586,17.418731448567854,16.474609728392256,16.766083012703977,25818700
2008-01-22,17.868614196777344,18.261469566158127,15.815623472552994,15.815623472552994,45150200
2008-01-23,18.977481842041016,19.085200482402655,17.158938021481568,17.55179459473286,41347200
2008-01-24,18.730358123779297,18.88243125449256,18.331166306728203,18.755704249849746,26773500
2008-01-25,18.077716827392578,18.78739166266422,17.836933387569196,18.762046737118187,22483600
2008-01-28,18.464237213134766,18.476910281228616,17.760898853910277,18.065045236740882,17078900
2008-01-29,18.825408935546875,18.958473717429428,18.103061060833483,18.609972846646336,19525200
2008-01-30,18.61629867553711,19.135883262893184,18.40719801801156,18.40719801801156,21216400
2008-01-31,19.414688110351562,19.693489458500505,18.261465945213892,18.36284803389172,33237000
2008-02-01,19.294301986694336,19.446375154006937,18.93312685468554,19.199255199625117,17198800
2008-02-04,18.597291946411133,19.357657491989507,18.476900281814274,19.294294602951872,16497000
2008-02-05,17.73554039001465,18.654316642496102,17.64683139215859,18.30581476357545,21585200
2008-02-06,17.520111083984375,18.35651403527581,17.48209309762658,17.893958040784334,23844900
2008-02-07,17.995342254638672,18.483244436321968,17.437740624550717,17.45674901567465,20958600
2008-02-08,17.722871780395508,18.11572825687832,17.5517902713726,17.931972476818846,15908100
2008-02-11,18.17909049987793,18.2994809552805,17.532778883062488,17.75455261925245,13946700
2008-02-12,17.982669830322266,18.457898962512886,17.881287712140548,18.25513472614945,17804800
2008-02-13,17.957319259643555,18.248792455640167,17.824254516006555,18.084047471815005,12399300
2008-02-14,17.431392669677734,17.995330463485818,17.323674092465808,17.92563106075058,16340000
2008-02-15,17.437732696533203,17.532778234651097,17.082894248324333,17.532778234651097,15780200
2008-02-19,17.30467414855957,17.817922412887324,17.165274056836612,17.66584804737316,15004300
2008-02-20,17.564464569091797,17.691192794252647,17.070227149818322,17.127254730283713,13649500
2008-02-21,17.355363845825195,17.88128392574202,17.27932787757477,17.589810699832178,13051000
2008-02-22,17.596145629882812,17.621490547468753,17.108243578512912,17.393381454916053,13601200
2008-02-25,18.26146697998047,18.26146697998047,17.285664019021077,17.285664019021077,20911400
2008-02-26,18.267807006835938,18.686008528479082,17.881286942547224,17.881286942547224,30638500
2008-02-27,18.318492889404297,18.52759359116215,18.0333550194755,18.09038259346126,17330300
2008-02-28,17.558124542236328,18.185427802498197,17.532779627390724,18.147408617375262,18085800
2008-02-29,16.823102951049805,17.520105594945477,16.73439394115077,17.437733115549175,21898800
2008-03-03,17.16527557373047,17.222303163695297,16.664700330388108,16.791428576658866,19162200
2008-03-04,17.025876998901367,17.139930980504882,16.79143008481419,16.975185937554173,15672300
2008-03-05,16.956172943115234,17.469419987617368,16.79142672456282,17.108246096724386,18340500
2008-03-06,16.322532653808594,17.032207303478167,16.29718652632117,16.90548029175068,14345600
2008-03-07,16.39856719970703,16.74073263975089,15.955020884198417,16.145111989620712,15410100
2008-03-10,15.84096622467041,16.44292342463581,15.81562009859743,16.44292342463581,17188800
2008-03-11,16.752103805541992,16.76489074381518,16.163861960870626,16.52831592189224,22119800
2008-03-12,16.707347869873047,17.346741226416228,16.60504503038982,16.75849928961466,20008900
2008-03-13,16.931133270263672,17.046224252450372,16.291740008822785,16.656193972716753,20243000
2008-03-14,16.46437644958496,17.116557867657587,16.215013468370195,17.103769709763018,21473500
2008-03-17,16.43240737915039,16.637013028584384,15.901711018601269,16.055165255676762,21915500
2008-03-18,17.38509750366211,17.41706666858793,16.688158976279187,16.74570444878203,21428500
2008-03-19,17.161314010620117,17.915798200434722,17.14213177510854,17.353131487552808,23266600
2008-03-20,17.941373825073242,18.01170747114829,17.238041022960207,17.244435101653014,22243000
2008-03-24,18.708642959594727,19.18179372513594,17.986128046335736,17.986128046335736,25245600
2008-03-25,18.388944625854492,18.836519037926102,18.09482318290871,18.651095683944494,18463700
2008-03-26,18.00531578063965,18.25467878500494,17.864649689377735,18.25467878500494,14793500
2008-03-27,17.768739700317383,18.29304199076928,17.749557463027966,18.01170860825391,13212700
2008-03-28,17.50658416748047,17.81988788878144,17.44264582717807,17.647251443055353,15818700
2008-03-31,17.883825302124023,17.941370781050004,17.34673497851194,17.512977337681928,15593400
2008-04-01,18.855701446533203,18.91324692027043,17.96694547144014,18.030885022208782,20263800
2008-04-02,18.644712448120117,19.1818030305389,18.523227354120436,18.830137129464166,16090000
2008-04-03,18.68307113647461,18.855707614154948,18.33140532153694,18.5551932126545,11648300
2008-04-04,18.408138275146484,18.791773375016913,18.2994413383042,18.548804397129224,13520500
2008-04-07,18.222707748413086,18.599949866031622,18.126799004172714,18.510435200680053,10883600
2008-04-08,18.01810073852539,18.17794904001047,17.877433452709237,18.03088889533518,11547400
2008-04-09,17.69200897216797,18.06285696008885,17.519372524460227,17.998917399506833,13431800
2008-04-10,18.145978927612305,18.44649451954443,17.660041156809715,17.660041156809715,19890600
2008-04-11,18.011709213256836,18.33140586154358,17.896618224746263,17.896618224746263,12688100
2008-04-14,17.845460891723633,18.14597520241727,17.80070357093368,17.97333999644824,8104500
2008-04-15,17.85825538635254,17.96695229809565,17.583316067264327,17.96695229809565,9872000
2008-04-16,17.915802001953125,18.043679940527163,17.679225925294805,17.934983021988913,12137900
2008-04-17,17.979738235473633,18.037282504419604,17.813495848669135,17.903010510969324,9241200
2008-04-18,18.33780288696289,18.4656808350946,18.03728720878382,18.03728720878382,12670000
2008-04-21,18.52961540222168,18.65110045667012,17.973343978384232,18.22270694634269,16470500
2008-04-22,18.235490798950195,18.695853374097076,18.075642530136562,18.478459630946894,20109900
2008-04-23,17.986133575439453,18.34419471311946,17.915801139450792,18.33780063356668,15925000
2008-04-24,18.491252899169922,18.702252623577163,17.979738785317775,17.979738785317775,21726200
2008-04-25,19.041126251220703,19.060307263000546,18.41452010959309,18.548793289779546,19656600
2008-04-28,19.0091609954834,19.284100287614265,18.683070292226734,18.93243448856762,13374300
2008-04-29,18.77259063720703,19.162619782392536,18.61913636736495,18.945225928563048,10969000
2008-04-30,18.41452407836914,18.958008554266463,18.376160826995733,18.772585156340185,15221000
2008-05-01,19.098676681518555,19.47591757244238,18.548798102960244,18.599949513555497,26628800
2008-05-02,19.25852394104004,19.50149282322102,19.073099325535644,19.437553258579996,19294300
2008-05-05,18.77898597717285,19.207379633213247,18.6894700657677,19.11146964102586,15897800
2008-05-06,18.721435546875,18.753404722833693,18.35698035539812,18.721435546875,14309000
2008-05-07,18.261064529418945,18.849306163677664,18.20991313598538,18.70224605999934,14745400
2008-05-08,17.85186004638672,18.40173864573668,17.76873945835622,18.293041741668567,19465900
2008-05-09,17.890214920043945,18.18433631896297,17.666427137733983,17.787912142910013,13031400
2008-05-12,18.312219619750977,18.356976945597847,17.909402467583487,17.909402467583487,12314100
2008-05-13,18.382551193237305,18.52321723289699,18.22270292199176,18.325005718025267,10391900
2008-05-14,18.61913299560547,18.881284144889054,18.382556943557745,18.465677534006677,12094200
2008-05-15,18.881282806396484,18.894069744334995,18.388949719162067,18.599949439470272,11044900
2008-05-16,18.606348037719727,19.08589308395196,18.382560105568796,19.08589308395196,13246300
2008-05-19,18.459280014038086,18.785369433858165,18.235492176879802,18.318612746343714,13893700
2008-05-20,17.50019073486328,18.024492913231626,17.263614737051753,17.928584186379354,39809400
2008-05-21,17.218860626220703,17.57692050908549,17.135738819768076,17.468223606486877,29274700
2008-05-22,17.206073760986328,17.385104325641375,17.078194612011874,17.161316424709053,15894100
2008-05-23,17.116552352905273,17.25721838578699,16.803249902705904,17.16130967157012,17324800
2008-05-27,17.44265365600586,17.60250201759832,17.07819836715623,17.19968346343944,21412600
2008-05-28,17.538557052612305,17.807102266547027,17.40428383587202,17.64085987510688,13242200
2008-05-29,17.717580795288086,17.819884805068792,17.44903688557964,17.4874001270315,13855400
2008-05-30,17.49379539489746,17.743158310630122,17.487401317629246,17.743158310630122,11714900
2008-06-02,17.365921020507812,17.647254399239547,17.135739054314044,17.525769337132182,15497700
2008-06-03,17.465858459472656,17.569015885559647,17.220858650215916,17.440068488084147,15232800
2008-06-04,17.523880004882812,17.73019480218732,17.324012698710725,17.452958832159442,17537800
2008-06-05,17.994529724121094,18.13637079202102,17.665715165608166,17.67861014352619,20265500
2008-06-06,17.523880004882812,17.852694674236815,17.472301305556687,17.697958576258436,19366500
2008-06-09,17.111248016357422,17.826902215668547,17.03387936332575,17.54966628442683,17695600
2008-06-10,17.22085189819336,17.375589206387325,16.82111733626923,17.014537126912124,17878700
2008-06-11,16.705060958862305,17.291768909966095,16.666377255968854,17.22084776321748,19163100
2008-06-12,17.072566986083984,17.330460505714665,16.788884729356887,16.788884729356887,15099500
2008-06-13,17.749536514282227,17.78177273882845,17.1821696162968,17.207959579720292,16052200
2008-06-16,17.730201721191406,17.846254147396593,17.498096868781033,17.710859240245984,12418600
2008-06-17,17.324016571044922,17.87848740530504,17.27888412302983,17.762434998447457,12272500
2008-06-18,17.117692947387695,17.32400892953736,16.969404372804778,17.188614104680795,13989600
2008-06-19,17.523880004882812,17.594801177606186,17.12414416280544,17.12414416280544,16005900
2008-06-20,16.924278259277344,17.523881457220497,16.840463327075955,17.42717154168557,17186900
2008-06-23,16.15703582763672,17.02097960001489,16.053878472403447,17.02097960001489,22900000
2008-06-24,16.318227767944336,16.601911256062575,16.00875554257897,16.17638663875187,18579100
2008-06-25,16.421382904052734,17.00809104460414,16.285989285340783,16.38269918866834,19925800
2008-06-26,15.89914608001709,16.356908024695624,15.866909860275245,16.266644395899135,18896500
2008-06-27,15.4865140914917,15.924933496472171,15.415592943705812,15.899143541010844,22343700
2008-06-30,15.099676132202148,15.705726669440795,15.035202461477528,15.48651692681688,19582700
2008-07-01,14.96428108215332,15.080333441816089,14.519415343089994,14.89980864210331,21993700
2008-07-02,14.519415855407715,15.151255136162836,14.48717840451224,14.99007157088451,22753400
2008-07-03,14.53231143951416,14.803098659887977,14.409811580488102,14.616126355858475,11321500
2008-07-07,14.39046859741211,14.95138794902006,14.197048809813793,14.603230855663465,20770400
2008-07-08,14.854682922363281,14.87402416962047,14.377578327795636,14.384025820125839,17205000
2008-07-09,14.42270565032959,14.899808845669225,14.377573220051815,14.899808845669225,13390800
2008-07-10,14.100342750549316,14.512972398829735,13.99718410874586,14.448498708852581,18560300
2008-07-11,13.91336727142334,14.267970673243548,13.539421396332994,13.91336727142334,27126500
2008-07-14,13.881134033203125,14.184158801253128,13.732844165683513,14.119685106209833,12911800
2008-07-15,13.836003303527832,14.113239365818014,13.384689841663429,13.790872080314752,20546400
2008-07-16,14.622575759887695,14.654811986608008,13.6748154456185,13.881131477721468,19572400
2008-07-17,15.073884963989258,15.286647199516523,14.21638853235114,14.69349291963811,22340200
2008-07-18,15.11257266998291,15.357571168309466,14.635469425017323,15.357571168309466,15882800
2008-07-21,14.906255722045898,15.338227699057253,14.777308386026743,15.22862283236085,13685300
2008-07-22,15.441390991210938,15.538100915406119,14.738630323134721,14.828892755085771,17808300
2008-07-23,16.1377010345459,16.666382998608025,15.318888124482282,15.318888124482282,26441300
2008-07-24,15.4865140914917,16.202168139284872,15.428487921436474,16.11835324350108,16362800
2008-07-25,15.344681739807129,16.040995001972266,15.18994559596305,15.544550334955927,14512500
2008-07-28,14.932045936584473,15.531649018165412,14.874019752577734,15.112571979020226,11420200
2008-07-29,15.686388969421387,15.757310151758386,14.983628327257856,15.022312049562874,15479200
2008-07-30,15.305986404418945,16.118351465866535,15.02230307429456,15.924931740169185,19262100
2008-07-31,15.364014625549316,15.82822276722704,15.144804917879416,15.20283108930573,18557500
2008-08-01,15.409150123596191,15.609017420047412,14.712837101693205,15.492966274507857,11920700
2008-08-04,15.402703285217285,15.58967683768395,15.157704772389542,15.3575720773069,10556200
2008-08-05,16.047435760498047,16.079673212186833,15.53809632114565,15.53809632114565,14371000
2008-08-06,16.053884506225586,16.11835818491186,15.731517342527347,15.795991021213624,15075400
2008-08-07,15.783090591430664,16.053878964654203,15.679933233034337,15.92493288152515,13603900
2008-08-08,17.001646041870117,17.09835595235571,15.795992217265592,15.795992217265592,25506600
2008-08-11,17.736631393432617,18.536101356547103,16.79531917203927,16.93071394314796,53932100
2008-08-12,17.717296600341797,17.89782263004471,17.523876820450294,17.633481690317605,27222900
2008-08-13,17.098358154296875,17.7237501370599,16.840464616545802,17.614145229799018,21870300
2008-08-14,17.51742935180664,17.955848831809398,16.898483841881283,16.911378821818534,17365400
2008-08-15,17.749536514282227,17.88493013305614,17.472300556145388,17.536774234970977,23269100
2008-08-18,17.382030487060547,18.11702818634104,17.13058458531686,17.897818497224556,22175300
2008-08-19,16.7373046875,17.45940776753121,16.717963442236044,17.394934080607,30629300
2008-08-20,16.74375343322754,17.04677941554716,16.550333587701587,16.76954340182214,19012500
2008-08-21,17.130590438842773,17.201511606535615,16.447172413814034,16.5051986001567,18816700
2008-08-22,17.478744506835938,17.504533235303008,17.13703493908376,17.20795609440077,13319700
2008-08-25,17.1241455078125,17.43361895780988,17.09190927935164,17.3949340079769,13088300
2008-08-26,17.42072105407715,17.4594047676918,16.859801672865842,17.104801395135823,16797600
2008-08-27,17.51742935180664,17.717296621902143,17.14993103172579,17.4207194617432,13091000
2008-08-28,17.67861557006836,17.820456681507146,17.40137960839574,17.67216807913026,13626200
2008-08-29,17.48519515991211,17.717298677040887,17.420721482480126,17.549667607610978,12520800
2008-09-02,18.249103546142578,18.645682257312583,17.97604957517694,17.97604957517694,27655200
2008-09-03,19.06825828552246,19.113767056892662,18.145076277657896,18.16458056825413,39057000
2008-09-04,18.574159622192383,18.964236730272084,18.502645134371836,18.821208994651936,31607400
2008-09-05,18.587162017822266,18.71718813061007,18.223090638045697,18.411627137565006,25053100
2008-09-08,19.607860565185547,19.984934759130624,19.315302466426104,19.373814086177994,41467300
2008-09-09,18.95124053955078,19.900428544561912,18.93823767536757,19.620873164729723,35965400
2008-09-10,18.91872787475586,19.19828315492908,18.70418565230075,19.07475846926676,19819300
2008-09-11,19.178783416748047,19.191786279381446,18.43763760694153,18.561161081895126,27556200
2008-09-12,18.723695755004883,19.06176279047554,18.52865774839872,18.96424378717246,25732100
2008-09-15,18.528648376464844,18.905722574525402,17.891523221124725,17.891523221124725,27620000
2008-09-16,17.93053436279297,18.46363924844192,17.859019869345072,18.132073742484906,42932600
2008-09-17,16.656286239624023,17.54696124391628,16.617277651974984,17.44944225483613,42981300
2008-09-18,17.520950317382812,17.878520225892355,15.895630296847145,16.90332821357095,42121100
2008-09-19,17.79400634765625,19.30230331625141,17.000849285190196,18.92522907410262,32616200
2008-09-22,16.656286239624023,18.021554566788577,16.4417439676392,17.820015157353435,24649000
2008-09-23,16.422237396240234,17.06586412293111,16.350722902156452,16.688789841434808,22392700
2008-09-24,16.26620101928711,16.6237708828682,15.98014438440987,16.591264982550143,20665700
2008-09-25,16.773296356201172,16.864315089310715,16.266197477538096,16.415726570476167,22970800
2008-09-26,17.202394485473633,17.221898781179146,16.20769896489809,16.20769896489809,17008500
2008-09-29,16.24669647216797,17.30640566966801,15.889126614373335,16.89682438817319,28057100
2008-09-30,16.831811904907227,16.87082047397171,16.06466074026127,16.68228277688861,23152800
2008-10-01,16.851320266723633,16.96184209243986,16.44824030234065,16.591269276809257,20739900
2008-10-02,16.162185668945312,16.942338679018246,16.045162407429125,16.71479358607243,18545900
2008-10-03,15.479549407958984,16.454741538691753,15.421037780913345,16.318215235599208,27243600
2008-10-06,14.835928916931152,15.213003314608738,14.15329463769427,15.043969792888245,36436400
2008-10-07,14.231300354003906,15.421034446659053,14.094774080430348,15.030958670722796,34193300
2008-10-08,13.763209342956543,14.601873789710671,13.496656971195714,13.756707914374486,35105500
2008-10-09,12.957053184509277,13.964751239853845,12.814024209413523,13.854229413653007,29596900
2008-10-10,12.840032577514648,13.854232271874428,11.084685855719359,12.157398430161587,49333700
2008-10-13,14.114274978637695,14.17928801141308,13.165088916186653,13.334122305394468,24678100
2008-10-14,13.698203086853027,14.822924748597393,13.256115644312246,14.725405751571357,26867500
2008-10-15,12.892044067382812,13.7697175154843,12.677501779182121,13.568178090816092,26416300
2008-10-16,12.80752182006836,13.009061148520354,11.715306605196977,12.677495726861489,38445400
2008-10-17,13.139093399047852,13.4576573827549,12.326432959026937,12.469461990084328,26629800
2008-10-20,13.509664535522461,13.652692294100666,13.074078588919354,13.308123899318133,18408800
2008-10-21,13.340627670288086,13.951747134701263,13.204100137160324,13.327624811890999,15135300
2008-10-22,12.657994270324707,13.152091798927769,12.332930204666457,13.028568346792756,23827700
2008-10-23,12.391444206237793,12.872538966645546,11.70881003377221,12.651495260509384,29497600
2008-10-24,12.03387451171875,12.352437217472056,11.42925501793382,11.63729586740363,22524500
2008-10-27,12.29392147064209,12.677497123847344,11.708806466776384,11.708806466776384,21744700
2008-10-28,14.023269653320312,14.068778443772715,12.137897505868018,12.462961711981226,28156400
2008-10-29,14.075274467468262,15.069971002313391,13.48365793890644,13.815223450521481,32328400
2008-10-30,14.770912170410156,14.907439736415322,14.231305817195917,14.445848072328781,21072800
2008-10-31,15.336519241333008,15.622575901490814,14.497853546786502,14.75790573239581,21720300
2008-11-03,14.44584846496582,15.336524663526598,14.374335204658557,15.265010163198175,17940200
2008-11-04,15.206493377685547,15.271506425067601,14.406836242942282,14.75140452605265,24131800
2008-11-05,14.400336265563965,15.1674875739452,14.341824641025,14.952945363975946,22260700
2008-11-06,13.607178688049316,14.82941873300564,13.444646694623064,14.23780237613573,25524300
2008-11-07,13.691696166992188,14.166290578323713,13.457650915946555,13.685194737793582,19600100
2008-11-10,13.483657836914062,14.114281703242504,13.301621506417735,13.997259676517421,14073700
2008-11-11,13.334128379821777,13.958250802738377,12.963555536212416,13.256112456946688,17405400
2008-11-12,12.872538566589355,13.223608408961292,12.755516525819912,12.911547153533705,18189400
2008-11-13,14.452343940734863,14.543362696381095,12.449949916827519,12.931044448023757,28059400
2008-11-14,13.35363483428955,14.71890316564485,13.210605825846487,14.13378798934669,24957300
2008-11-17,13.002567291259766,13.64619422337455,12.833533767670815,12.950557071695584,22643100
2008-11-18,13.46414852142334,13.925739985780622,12.963550969401151,13.431642621688859,32638500
2008-11-19,12.846535682678223,13.821728157415748,12.742515251241263,13.314627624144547,21970500
2008-11-20,12.040371894836426,13.19109885157208,11.903844358264315,12.638489755962794,32825000
2008-11-21,12.540972709655762,12.573478621408995,11.351236995159063,12.235411683082754,38361300
2008-11-24,13.925743103027344,14.244305703813026,12.26141561565,12.755513090344387,31820400
2008-11-25,14.465353012084961,14.595379153145883,13.782718871568076,14.06227296681305,31618500
2008-11-26,15.310517311096191,15.460047726787502,14.010261021745482,14.010261021745482,25401900
2008-11-28,15.024459838867188,15.466547117348465,14.77741048205901,15.219497760540285,10272300
2008-12-01,13.789217948913574,14.952947973354311,13.737207744694054,14.660389799606337,26816900
2008-12-02,14.357605934143066,14.423316050634595,13.56908704287718,14.140763427042382,23835800
2008-12-03,14.955564498901367,15.034415630164737,13.838496361702514,14.009342150527994,32948500
2008-12-04,15.25783634185791,15.980645398393651,14.640164264682259,14.76501215603582,30083600
2008-12-05,16.0332088470459,16.125203521992805,14.91614175206418,15.001564035961625,32975900
2008-12-08,15.934650421142578,16.552323819323835,15.803230122528063,16.4077612401845,28815400
2008-12-09,15.244690895080566,16.256622278113873,15.014706091063246,15.6980881121622,26321100
2008-12-10,15.960928916931152,16.052922339013076,15.119842082714024,15.36953905121484,18719700
2008-12-11,15.106701850891113,15.855794111050766,14.981852723092324,15.684949519304901,18390900
2008-12-12,15.422099113464355,15.586373714706983,14.561300553881386,14.659865063963816,20831300
2008-12-15,15.382686614990234,15.68495278952649,15.139560700673167,15.520678048868056,14736800
2008-12-16,15.98064136505127,16.158058327965097,15.034418816160592,15.592953003120936,26188100
2008-12-17,16.23033905029297,16.49974942796597,15.704659316960111,15.776940577956015,20068300
2008-12-18,16.066068649291992,16.473469266524152,15.803228085935729,16.296052262253685,22105800
2008-12-19,15.914939880371094,16.427477633737865,15.658671630346248,16.30919959424422,23095200
2008-12-22,15.592948913574219,15.85578809341029,15.218402925643309,15.829504802084719,13244400
2008-12-23,15.520672798156738,15.763798630223274,15.435249260056095,15.500959384752807,13559600
2008-12-24,15.592948913574219,15.842647074405539,15.520668922441844,15.566665622248648,3976000
2008-12-26,15.481246948242188,15.770370763162102,15.382682381635718,15.514102639321987,4461200
2008-12-29,15.349822998046875,15.573236612138151,15.113267111758217,15.468100941191206,8461500
2008-12-30,15.18554973602295,15.566666891181425,14.909568261369145,15.441817800588563,14896900
2008-12-31,15.126413345336914,15.63894956209983,15.093557656239044,15.205264492539031,15143500
2009-01-02,15.855790138244629,15.895216960291755,15.08698465475295,15.159265908523114,14902500
2009-01-05,16.236909866333008,16.34861670641092,15.64552122905083,15.783512621295982,22570900
2009-01-06,16.598318099975586,16.74945054377194,16.17777521173646,16.388046655856023,22856600
2009-01-07,16.144916534423828,16.532604907933877,16.05292310793549,16.342046916877116,19857300
2009-01-08,16.026639938354492,16.072636655567145,15.57324265155844,15.849224208150906,17319800
2009-01-09,15.678380012512207,16.08578062495074,15.468108566954683,16.08578062495074,16927400
2009-01-12,15.093561172485352,15.744088928375662,14.863577561804442,15.671808902154526,23560200
2009-01-13,14.79129409790039,15.178982489104245,14.620448259970177,15.086987805100902,20440300
2009-01-14,14.397037506103516,14.627022383066688,14.245905052473939,14.554741099453956,20531200
2009-01-15,14.988425254821777,15.316974698174484,14.232761785773887,14.403607646715294,25999400
2009-01-16,15.244690895080566,15.362967612591197,14.830717997186122,15.336684315360952,20942600
2009-01-20,14.449604988098145,15.244695326843319,14.351040401527545,15.0475649003854,20339500
2009-01-21,14.640157699584961,14.745293378482263,14.193330437613355,14.646728836180563,19667200
2009-01-22,14.4364595413208,14.686157776048086,14.121052432175597,14.397033966006761,22725600
2009-01-23,14.272180557250977,14.443026336663436,13.996199106402551,14.048766942120533,20867100
2009-01-26,14.935853004455566,15.205263368561274,14.489025692285232,14.5218813789544,34329500
2009-01-27,14.535019874572754,15.04098478456607,14.331318430134386,14.942420256817552,21691000
2009-01-28,15.113276481628418,15.264408945648661,14.653306696078209,14.843866001134302,20543500
2009-01-29,14.456172943115234,15.165839564735506,14.397033953537175,14.784722328186035,18030700
2009-01-30,14.147335052490234,14.686155770355498,14.029057089384928,14.600732239972213,27041800
2009-02-02,14.173624038696289,14.515315790785687,13.871359125682666,13.937068017508741,17971800
2009-02-03,14.403603553771973,14.482455949229173,13.687365870524603,14.436457987444626,17471100
2009-02-04,14.278755187988281,14.502168857797384,14.127622779975173,14.213045063929773,18486300
2009-02-05,14.719011306762695,14.751866995264626,14.035629279035286,14.114480424807189,24668100
2009-02-06,15.461536407470703,15.671807839154607,14.699301840958258,14.712442865451056,31085500
2009-02-09,15.17241096496582,15.527243655248114,14.82414815957998,15.422107950474363,16315200
2009-02-10,14.594165802001953,15.26440697320164,14.456175636157903,15.047564388791937,21897800
2009-02-11,14.548163414001465,14.784719324250656,14.3904598916074,14.692725916183164,17896200
2009-02-12,14.44302749633789,14.495595336276706,13.897635686979136,14.259040683210126,23454000
2009-02-13,13.943639755249023,14.561313140770405,13.930498728310393,14.311616082500858,18598200
2009-02-17,13.102546691894531,13.634796217404451,13.04997885299622,13.60194178808656,35715200
2009-02-18,13.010557174682617,13.312823307769099,12.767431293705416,13.306252168645845,23374800
2009-02-19,13.247111320495605,13.431099430311212,13.095978901709463,13.109121178121248,20353800
2009-02-20,12.787141799926758,13.306250443512486,12.596583803324478,12.93170433526277,29576700
2009-02-23,12.294312477111816,13.036834492647788,11.985476629695688,12.76742420476403,26930200
2009-02-24,13.582234382629395,13.654515663060579,12.774003032289892,12.911993200403941,37719500
2009-02-25,13.345678329467773,13.654515615085598,13.148549160478403,13.371962887101926,27022900
2009-02-26,13.562518119812012,13.726792811198557,13.358817853421295,13.50337913064754,22728900
2009-02-27,13.726794242858887,13.983063640405144,13.253683533515629,13.253683533515629,23320600
2009-03-02,13.089406967163086,13.76621912139621,13.03683911803056,13.371959626244065,25493600
2009-03-03,12.412591934204102,13.109117340317532,12.327169669168503,12.865990311142825,29268800
2009-03-04,12.491447448730469,12.728003400943729,12.287747186167055,12.478305172870531,22093200
2009-03-05,11.926342010498047,12.603154171278515,11.827777449085612,12.162897960541006,23774300
2009-03-06,11.827776908874512,12.222036389833598,11.525512100572897,12.024906022695886,25862900
2009-03-09,11.978909492492676,12.45202137805825,11.492656584907449,11.656931266658527,28387300
2009-03-10,12.92032527923584,13.026774819146812,12.148565480391978,12.201790250347464,25527600
2009-03-11,13.093305587768555,13.252979891402493,12.773956980500678,12.92032477492048,21666600
2009-03-12,13.525757789611816,13.605595580665051,12.82718251105524,13.073346601260319,17504200
2009-03-13,13.778573989868164,13.971514561976585,13.173141793700795,13.598941195637865,22210800
2009-03-16,13.399349212646484,14.01143474747823,13.346124438703669,13.791882396341773,17034600
2009-03-17,14.290863037109375,14.297516291501166,13.532409802144457,13.638859334456075,25333900
2009-03-18,15.022704124450684,15.195684927106957,14.00477907115824,14.171106619599446,31811800
2009-03-19,14.929571151733398,15.195695154558193,14.769896750038521,14.982795952298357,22955200
2009-03-20,14.743273735046387,15.122500340982839,14.477149912369798,15.029357320290654,22361800
2009-03-23,15.46846866607666,15.488428437316953,14.749933398153551,14.92291427529899,22873800
2009-03-24,15.268867492675781,15.614827784559179,15.22229471915421,15.322092250579251,20462800
2009-03-25,15.488420486450195,15.934178330157959,15.149112163420849,15.481767232785497,33358900
2009-03-26,16.060585021972656,16.206954052601358,15.654746733630667,15.841032745007881,28080900
2009-03-27,15.72127628326416,16.033972826072905,15.521683771283541,15.847685550973615,18856900
2009-03-30,15.554950714111328,15.608175475234013,15.075927864007177,15.461807699391233,21579600
2009-03-31,15.674708366394043,15.814424171914778,15.062622915636116,15.648096617567282,27463300
2009-04-01,15.85433578491211,15.89425402591133,15.248903842348904,15.401924823660922,21365000
2009-04-02,16.479738235473633,16.792433653793932,16.12712328112866,16.17369480417862,30264800
2009-04-03,16.632749557495117,16.719239296843732,16.193645070695492,16.42650381829604,20294400
2009-04-06,16.532958984375,16.65271502529906,16.273487139380034,16.48638747267754,17140400
2009-04-07,16.213611602783203,16.393244408650666,16.053936023600944,16.280141613634093,16837400
2009-04-08,16.71259880065918,16.839006870514975,16.42651510860214,16.42651510860214,18547600
2009-04-09,17.231534957885742,17.271453216961735,16.925492856672157,17.005329374824147,20316000
2009-04-13,17.271451950073242,17.36459623972305,17.018634635831727,17.05189963779192,11593400
2009-04-14,16.858959197998047,17.08516474911392,16.666018646584583,17.02528673446687,14961600
2009-04-15,17.078510284423828,17.13173504156081,16.699283731200566,16.77912023241688,17464000
2009-04-16,17.278100967407227,17.404510228019745,16.819037961829107,17.151692975772878,16673900
2009-04-17,17.364593505859375,17.610757527157343,16.79907967872065,17.404511755722613,21671300
2009-04-20,16.7325496673584,17.211573777446148,16.572875386988606,17.111776241858948,17480600
2009-04-21,17.21156883239746,17.33132355653434,16.486380890959957,16.765811118568703,20556600
2009-04-22,17.411169052124023,17.910151732713388,16.952104630667808,17.051900912989964,23918400
2009-04-23,17.138385772705078,17.444427763960363,16.83899576475698,17.271447011476805,17975100
2009-04-24,17.504316329956055,17.8436247874212,17.005333528209473,17.25149893542183,21857600
2009-04-27,17.218223571777344,17.49765384412278,17.03193756953253,17.231530077360034,14868400
2009-04-28,17.344636917114258,17.617414000838085,16.86561402425306,17.011981813160464,14949200
2009-04-29,17.524272918701172,17.863581314591492,17.311373831627716,17.477701402026184,21349300
2009-04-30,17.510961532592773,18.00994410484665,17.47769653536717,17.663982550195836,18251600
2009-05-01,17.14504623413086,17.683947206056125,16.972065408912414,17.683947206056125,15045800
2009-05-04,17.437776565551758,17.8103511235431,17.18495929382317,17.39120506304741,18075500
2009-05-05,17.424474716186523,17.5641892508639,17.251493909696546,17.417821461824,11348800
2009-05-06,17.324676513671875,17.63737182009405,17.005326684648082,17.504309285585936,13892300
2009-05-07,17.038591384887695,17.524267433887566,16.83899760149198,17.42447117667884,20582800
2009-05-08,16.965412139892578,17.151699475123714,16.466429429895737,17.151699475123714,18467600
2009-05-11,16.58618927001953,16.799088405187252,16.326718607656236,16.50635145984216,17525200
2009-05-12,16.393245697021484,16.785778882988883,16.147081591978093,16.70594235610189,19437700
2009-05-13,16.519655227661133,16.725901071956848,16.113815525581643,16.599493024570393,32337000
2009-05-14,16.320056915283203,16.739201712367905,16.286790649496616,16.646058706122034,15822700
2009-05-15,16.23356819152832,16.579529790819567,16.11381215569839,16.266834462024672,20385500
2009-05-18,17.311372756958008,17.397862529845423,16.872268099883442,17.07186066437967,26101700
2009-05-19,16.386585235595703,16.898874255592542,15.967440481311662,16.892221003114617,39888600
2009-05-20,15.85433578491211,16.632748463775943,15.674701796948607,16.532952226788886,31471700
2009-05-21,15.22895622253418,15.854348418428952,15.062628605358476,15.628142757551673,25534300
2009-05-22,15.208993911743164,15.461811268184952,15.036013080923544,15.435199515970464,15133800
2009-05-26,15.834383964538574,15.947486761527221,15.022705889606236,15.082583915598969,20313100
2009-05-27,15.521692276000977,16.10716489585637,15.44185446607668,15.900919017938769,18507500
2009-05-28,15.102546691894531,15.721284302225468,14.856381283843726,15.721284302225468,27154200
2009-05-29,15.408583641052246,15.428543403250517,15.069275297552423,15.29548085988564,18681600
2009-06-01,16.07389259338379,16.253526632525663,15.561603490191787,15.694666023403183,18094400
2009-06-02,16.30009651184082,16.499689022761864,15.854338719737473,15.94082846940906,18364400
2009-06-03,16.213611602783203,16.50634720366724,16.027324273056312,16.22691684356621,14453400
2009-06-04,16.34667205810547,16.399896825453425,15.801117875544298,16.226916014327934,15777400
2009-06-05,16.080541610717773,16.559564319925,15.947479112560085,16.486381088018494,14749000
2009-06-08,16.34001922607422,16.486388291799724,15.967445845004779,16.127120151177394,13184500
2009-06-09,16.350093841552734,16.511244507600335,16.168798861982317,16.34337907037846,13033200
2009-06-10,16.376943588256836,16.86711139712823,16.24265207297632,16.82682278990416,24352000
2009-06-11,16.269514083862305,16.544813234414292,16.222511977286796,16.376947836238138,17911500
2009-06-12,16.215795516967773,16.276227156467318,16.000928034618827,16.242654592617,18283600
2009-06-15,16.014360427856445,16.115079418077137,15.79277813708634,16.07479207813115,13946900
2009-06-16,15.577905654907227,16.10164474953,15.557761350994413,16.02107009530082,17023400
2009-06-17,15.8800687789917,16.141939710074375,15.450333705416188,15.604769587393445,19015600
2009-06-18,15.678632736206055,15.953931962092849,15.618201073868786,15.933787647743193,11365200
2009-06-19,15.79277229309082,15.920349035829553,15.685338572515588,15.759198454966704,15209600
2009-06-22,15.611488342285156,15.873358059489238,15.551056672051619,15.692064329500495,12930800
2009-06-23,15.363041877746582,15.611483249968801,15.255608116977907,15.604768479831828,15209400
2009-06-24,15.22874927520752,15.551050535462057,15.128030291466898,15.544335765784501,14555600
2009-06-25,15.826353073120117,15.947216391739797,15.208608218506363,15.22203776073336,18940500
2009-06-26,15.853206634521484,16.15536354509148,15.725628589234853,15.759201152394455,18879400
2009-06-29,16.027788162231445,16.22251135062388,15.819634154421667,15.886780567240585,12322400
2009-06-30,15.866640090942383,16.121796265131707,15.678631626499314,16.06136460707169,12676800
2009-07-01,15.920356750488281,16.074793919274175,15.765920862413983,15.980788407684589,13277900
2009-07-02,15.316041946411133,15.920357256884735,15.275754600569327,15.692061443306752,13532900
2009-07-06,15.363041877746582,15.537622059173543,15.121316556372786,15.2824671975258,12638500
2009-07-07,15.04073429107666,15.383179740256685,14.987017433207885,15.383179740256685,15007900
2009-07-08,15.215322494506836,15.275754151850204,14.966882374949964,15.027312751581736,14710700
2009-07-09,15.22874927520752,15.423472473011207,14.993737459338494,15.342897798303255,14322200
2009-07-10,15.12131404876709,15.32275199662553,14.993735998744084,15.161601382196531,9814600
2009-07-13,15.51747989654541,15.537622927370414,14.95345198063791,15.11460263079555,17804800
2009-07-14,15.900213241577148,15.906928012254369,15.410046508544028,15.504050736602007,15595800
2009-07-15,16.168790817260742,16.20907814354992,15.873347436147737,16.034498022015462,13914400
2009-07-16,16.3836669921875,16.46424296839735,15.994219215381898,16.16208465850003,13633700
2009-07-17,16.564966201782227,16.618683106048042,16.329954265352274,16.51796407063864,15283300
2009-07-20,16.652252197265625,16.692540827546352,16.444099396995536,16.55824795470076,10165600
2009-07-21,16.423954010009766,16.719397542562042,16.202371680773474,16.699254509447986,13716300
2009-07-22,16.63210678100586,16.719396239356822,16.296375927682583,16.36352235448955,11348400
2009-07-23,16.974552154541016,17.128988037419514,16.45752634068356,16.62539176486755,20780700
2009-07-24,17.00140953063965,17.075270725258445,16.752969426268006,16.940977876990004,11246800
2009-07-27,16.89397430419922,17.001408061244096,16.63881945139549,16.954405952625887,13443900
2009-07-28,17.048404693603516,17.055119461350838,16.759676084023535,16.840252016280434,11689700
2009-07-29,17.048404693603516,17.222984812900968,16.86711108726973,17.03497643881986,11970200
2009-07-30,17.357288360595703,17.5654411668854,17.142420782398368,17.256569343404678,13545300
2009-07-31,17.417713165283203,17.585578554707684,17.32370767632182,17.350566753371155,11709000
2009-08-03,17.672861099243164,17.713148418389185,17.236411513147406,17.578856927665527,12022400
2009-08-04,17.652727127075195,17.753446116914272,17.511719516731336,17.56543639669294,10411100
2009-08-05,17.679576873779297,17.76686628369041,17.431135616675448,17.65943257270249,9996600
2009-08-06,17.82059097290039,17.954882520661677,17.572149624439447,17.726585480685028,13755000
2009-08-07,18.304048538208008,18.451769670864,17.86759863110972,17.94817332866327,16415900
2009-08-10,18.196609497070312,18.290613710627547,17.97502722174872,18.250326373490353,10407600
2009-08-11,18.05560302734375,18.20332540728831,17.948169267772126,18.1496085275025,9524200
2009-08-12,18.263751983642578,18.485334211294585,17.961593818339352,17.995166378612566,13269600
2009-08-13,18.586057662963867,18.673347109188807,18.12946356095922,18.411477489802596,19973100
2009-08-14,18.223468780517578,18.63306079705529,18.062318138120315,18.579343916256203,15928500
2009-08-17,17.5318603515625,17.753442597567776,17.075266322045884,17.404282306677285,30714600
2009-08-18,18.08246421813965,18.33090433587965,17.84073759053395,18.09589375983143,35350300
2009-08-19,17.961593627929688,18.082456892769716,17.773583962543974,17.961593627929688,19453600
2009-08-20,17.91459846496582,18.001887922959735,17.79373515334997,17.98845966222252,14196700
2009-08-21,18.465194702148438,18.485339011970524,17.90116683424408,18.089176550449338,18664100
2009-08-24,18.14961051940918,18.619632948941803,18.089178862928883,18.619632948941803,16237900
2009-08-25,18.344335556030273,18.619634782342995,18.129467992148314,18.277189122139234,21848800
2009-08-26,18.51219367980957,18.760635002747513,18.277181894481508,18.31747050731114,15608400
2009-08-27,18.498764038085938,18.592769520114803,18.263753534791743,18.532337881921674,13446800
2009-08-28,18.592777252197266,18.639779372402632,18.29061893557458,18.58606248063768,12841400
2009-08-31,18.324186325073242,18.53233904709713,18.196608271898672,18.465192635915184,13091300
2009-09-01,18.104145050048828,18.60515714084908,18.029669843525095,18.286947125320825,15738800
2009-09-02,17.96196746826172,18.158309443984177,17.84009941164037,18.022901496572395,10684100
2009-09-03,18.212474822998047,18.219245414794234,17.89426475672732,18.016132826341998,9733200
2009-09-04,18.300491333007812,18.38850644416106,18.117689227506812,18.23278670600466,8150000
2009-09-08,18.60516357421875,18.66609762037944,18.307265227831586,18.435902621852076,12253300
2009-09-09,18.537464141845703,18.618709990000003,18.4291372052126,18.578087711602326,10679500
2009-09-10,18.639009475708008,18.679631727300613,18.42912504453701,18.55099309067292,9446400
2009-09-11,18.510377883911133,18.632245976428596,18.273412291944798,18.618704790291414,14667900
2009-09-14,18.62546730041504,18.727023569654076,18.341108971730915,18.388501811285263,8349400
2009-09-15,18.557762145996094,18.754105379941265,18.44943528980496,18.679630182050616,10045700
2009-09-16,18.997840881347656,19.099397151459485,18.65931912006954,18.71348255021972,17815700
2009-09-17,18.903060913085938,19.248353368884555,18.787963427819733,19.23481218441596,13318200
2009-09-18,19.112945556640625,19.255125421628428,18.95722579751565,18.9639963902635,15767900
2009-09-21,19.0520076751709,19.228039177077225,18.84889509908728,18.93013961297742,8915700
2009-09-22,18.699949264526367,19.16710853027565,18.605162259773845,19.119715673578636,14328500
2009-09-23,18.517147064208984,18.923373577821174,18.49006469400088,18.767652531841534,14091100
2009-09-24,18.307266235351562,18.645788158715085,18.205708625255582,18.632246971854467,12037700
2009-09-25,18.178619384765625,18.43589536286482,17.975505547084925,18.198929864583043,11859300
2009-09-28,18.456214904785156,18.57131240719041,18.212478713489652,18.24633167970215,6862900
2009-09-29,18.16508674621582,18.578083914825207,18.063530425297078,18.496838083275005,13765400
2009-09-30,18.03643798828125,18.239551808158144,17.8197842801656,18.239551808158144,16564800
2009-10-01,17.819778442382812,18.04320266710275,17.677599977269008,18.04320266710275,16260800
2009-10-02,17.62345314025879,17.7859435209119,17.51512621982338,17.70469768490597,13849200
2009-10-05,17.704687118530273,17.826555154127448,17.603130852651955,17.71145770843656,10168400
2009-10-06,17.799480438232422,17.928117818286683,17.725005214042152,17.813020331519198,14352000
2009-10-07,17.697921752929688,17.887494452192303,17.650528900953624,17.78593815633526,13455700
2009-10-08,18.205705642700195,18.320803129442258,17.860413182474005,17.88072495943735,16128300
2009-10-09,18.253097534179688,18.286950493998482,18.043214348736672,18.178623605295094,11117900
2009-10-12,18.307266235351562,18.57808351577065,18.286954455060634,18.34788850457476,11015900
2009-10-13,18.639009475708008,18.69317290828418,18.18539024362329,18.29371710877563,13896000
2009-10-14,18.537464141845703,18.97077317973706,18.496841863448026,18.794741584868532,17510700
2009-10-15,18.483295440673828,18.530689591972003,18.31403448868466,18.469755545947216,13350200
2009-10-16,18.456214904785156,18.53069013909403,18.171856445393274,18.381739670476282,12072000
2009-10-19,18.706716537475586,18.747340088547137,18.429128728611758,18.46975227968331,8302000
2009-10-20,18.25986099243164,18.733791913873727,18.185387092642305,18.503597042471327,12902600
2009-10-21,17.819778442382812,18.43588770725772,17.752073857937294,18.205692894957476,23488900
2009-10-22,18.09061050415039,18.178626924391118,17.636991090622676,17.745317999104643,14882100
2009-10-23,17.78594398498535,18.104154160647305,17.718239335106972,18.036449510768925,16329000
2009-10-26,17.67083740234375,17.968736934168916,17.603132787198284,17.806245341276554,17852200
2009-10-27,17.603137969970703,17.867184626285542,17.582826192039366,17.670842605049984,16016300
2009-10-28,17.068269729614258,17.603134830865606,17.03441806379052,17.596364239429203,22498500
2009-10-29,17.542200088500977,17.664068146701688,17.095351402670524,17.26461230764746,12980200
2009-10-30,16.98702621459961,17.535431239633287,16.89900981210582,17.48803838814818,19426300
2009-11-02,16.966711044311523,17.379708024090167,16.729745542940858,17.020874476794123,15585500
2009-11-03,16.92608070373535,17.11565327250588,16.567247327927472,16.865146709893306,17426600
2009-11-04,16.899005889892578,17.264610015964877,16.858383639670564,17.108890313982105,18645200
2009-11-05,17.352628707885742,17.47449677520128,17.01410687261295,17.04795983095522,15410500
2009-11-06,17.65729331970215,17.799473117281302,17.467720686715914,17.515114813480906,15066700
2009-11-09,18.15153694152832,18.19216048369653,17.73854126034945,17.813015171608356,13331200
2009-11-10,18.158313751220703,18.273411244069393,17.941659950883995,18.151543158540367,14851300
2009-11-11,18.490066528320312,18.584853542093608,18.314034978579752,18.381739619458216,18716700
2009-11-12,18.442676544189453,18.815051481432565,18.39528367558878,18.503610601349983,18713500
2009-11-13,18.510377883911133,18.652556464275783,18.198937059548886,18.456214430720994,14179800
2009-11-16,18.720256805419922,18.92337067676681,18.550995891643325,18.706715622391805,18782200
2009-11-17,18.273406982421875,18.483290141130176,17.840099482802618,18.347882193178265,31046300
2009-11-18,18.476524353027344,18.490064246445172,18.178624744741327,18.18539533712947,17834400
2009-11-19,18.354656219482422,18.4426713375559,18.144771730134554,18.422359560450428,11302700
2009-11-20,18.402050018310547,18.462984061393048,18.104150395613715,18.26664074671421,17600400
2009-11-23,18.62546730041504,18.68640132023007,18.435894650839614,18.53068162130634,18224600
2009-11-24,18.65932846069336,18.73380369869048,18.53746035901032,18.618706190585243,11705100
2009-11-25,18.85566520690918,18.882746280391967,18.4697505474323,18.66609252709675,11451600
2009-11-27,18.693172454833984,18.821809796983157,18.354650686605094,18.388502346884756,7517800
2009-11-30,18.5239200592041,18.787966746186,18.253101487433415,18.679639834021188,16716700
2009-12-01,19.11441421508789,19.3123855587359,18.670687002650862,18.766258657065137,20488700
2009-12-02,19.339691162109375,19.44208954914157,19.11441418981209,19.134894388044987,17298300
2009-12-03,19.066635131835938,19.346524763389805,19.012022552558758,19.346524763389805,15502800
2009-12-04,19.169021606445312,19.455737794446097,19.080276708712926,19.4079519801236,16845500
2009-12-07,19.264596939086914,19.31920949482236,19.141719665231683,19.141719665231683,12664800
2009-12-08,18.889129638671875,19.189499248573675,18.800384752735184,19.169019058558,15120500
2009-12-09,18.807220458984375,18.930099062101412,18.7253022582839,18.909620162959452,12481400
2009-12-10,19.10759162902832,19.182684403545252,18.95058064782603,18.964234116295728,11865000
2009-12-11,19.44892120361328,19.476228141500744,19.216817439835722,19.216817439835722,16327200
2009-12-14,19.708328247070312,19.79707317459903,19.524010356741943,19.674194581046788,11488900
2009-12-15,19.810726165771484,19.94043018735076,19.530836621423926,19.530836621423926,17012400
2009-12-16,19.769760131835938,20.049650898462296,19.728801047332542,19.885811956317074,13734200
2009-12-17,19.660541534423828,19.878993095440038,19.640062636438675,19.694675201176164,11472300
2009-12-18,19.55814552307129,19.81072947957176,19.40113454306456,19.783422542840288,17315800
2009-12-21,19.769760131835938,19.967731427389683,19.599095760661665,19.599095760661665,10009100
2009-12-22,19.995038986206055,20.083783889123563,19.769760759124814,19.831200038862267,11790600
2009-12-23,19.797073364257812,20.056482718190665,19.65371587178429,20.02917708717648,9789800
2009-12-24,19.91312599182129,19.960911824484228,19.790247392364424,19.919952725354037,3790100
2009-12-28,19.919944763183594,20.09743585789145,19.77658602043019,19.947250384334005,7299800
2009-12-29,19.981386184692383,20.008691808775882,19.653710883294988,19.906293439847435,6991500
2009-12-30,19.885812759399414,19.988212427892012,19.790241124343257,19.865333867353595,5703100
2009-12-31,19.74928855895996,20.049658328110837,19.721981624461563,19.858513692820953,7437100
2010-01-04,19.57179832458496,19.89947374179957,19.489878819248126,19.89947374179957,13120900
2010-01-05,19.71516227722168,19.790255073159866,19.312395259002027,19.6127638386212,15594300
2010-01-06,19.646879196166992,19.797063345909596,19.592266659709175,19.71514389019008,8833200
2010-01-07,19.878990173339844,19.94725489267749,19.61275282007201,19.70149903851664,12058200
2010-01-08,19.78342056274414,19.96091172753462,19.585450499521173,19.797074029743317,15609800
2010-01-11,19.223636627197266,19.810722540625836,19.169024074929442,19.79706907704239,23670500
2010-01-12,19.10076141357422,19.35334532596318,19.039322118724638,19.21681327028274,23075800
2010-01-13,19.20315933227539,19.285078824083257,19.11441440971084,19.11441440971084,15639100
2010-01-14,19.319204330444336,19.414777253982496,19.196327089436448,19.196327089436448,13208200
2010-01-15,19.503530502319336,19.585450000159458,19.114415817227798,19.32603934205427,23013500
2010-01-19,19.71516227722168,19.762949430497574,19.35335437402886,19.42844586790026,14170100
2010-01-20,19.564971923828125,19.687850532892828,19.353348376031345,19.59227886009423,13256400
2010-01-21,19.442092895507812,19.838034348363436,19.332867756931527,19.544491300164786,18900600
2010-01-22,18.923269271850586,19.489875059764096,18.89596364338298,19.278251556392235,16696600
2010-01-25,18.85500717163086,19.080284171596656,18.779914404286828,19.080284171596656,11098400
2010-01-26,18.930095672607422,19.080281183777636,18.773084730989552,18.773084730989552,13275800
2010-01-27,19.00519371032715,19.059806283549552,18.76626321420421,18.855009459482147,12821800
2010-01-28,18.66386604309082,19.080287755390174,18.561467624248866,19.066634285660168,19430400
2010-01-29,19.121244430541992,19.17585700044947,18.691169303212554,18.820874645017696,22453800
2010-02-01,19.38064193725586,19.421602316139165,19.052966718582873,19.121232714656138,17172100
2010-02-02,19.817548751831055,19.831200912989917,19.31920776065387,19.38064704309947,19640800
2010-02-03,19.435264587402344,19.75611454529056,19.291907092907294,19.75611454529056,19437300
2010-02-04,19.066635131835938,19.47623012744808,19.005195817390785,19.278258713776683,19813600
2010-02-05,19.10076141357422,19.1622007084238,18.7935662413925,19.01201648882826,20229400
2010-02-08,19.51717758178711,19.75610796172345,19.435258110755914,19.476218497304423,26005400
2010-02-09,19.708328247070312,19.858512471375153,19.50353015712783,19.708328247070312,18057700
2010-02-10,19.55814552307129,19.769769074474553,19.387481074698822,19.68785086841296,14481500
2010-02-11,19.79024314880371,19.844855703288996,19.48304801809874,19.599098557072214,14614200
2010-02-12,19.797073364257812,19.797073364257812,19.489876877434213,19.626408938703864,15027700
2010-02-16,20.097440719604492,20.138399812271288,19.749285176771536,19.87899048929348,13317200
2010-02-17,20.493383407592773,20.520689037107438,20.30906552562067,20.31589225851588,21524600
2010-02-18,20.684528350830078,20.739140916230348,20.390986625595037,20.49338502296226,16564800
2010-02-19,20.58212661743164,20.78692468103789,20.479728236661543,20.623085709326467,18576300
2010-02-22,20.69817543029785,20.85518634461222,20.6162572585103,20.752787978844843,16101000
2010-02-23,20.991724014282227,21.18286863665205,20.71866119808692,20.862018688314627,35770100
2010-02-24,21.40814781188965,21.449106912990715,20.984899426957444,21.012206362402388,22937500
2010-02-25,21.40814781188965,21.469587114574423,21.155563867289302,21.210176436112842,15049200
2010-02-26,21.298913955688477,21.408139048625067,21.128249585216825,21.408139048625067,13879200
2010-03-01,21.455928802490234,21.537846986196723,21.223825111878423,21.326223492544564,14182000
2010-03-02,21.40814781188965,21.558332050637798,21.34670850920487,21.428626711407006,15189500
2010-03-03,21.483234405517578,21.71533809586808,21.38083602496672,21.45592877833484,13900900
2010-03-04,21.462749481201172,21.558321102591268,21.367176557745385,21.531015483079393,13777600
2010-03-05,21.708518981933594,21.78361176165474,21.496895414252606,21.537854520433907,18768700
2010-03-08,21.817739486694336,21.872353352727195,21.626596163844255,21.626596163844255,11048000
2010-03-09,21.7874755859375,21.973164611349436,21.780598068875697,21.80123062006111,15127700
2010-03-10,21.808103561401367,21.9250187104491,21.6292933915656,21.725575992515946,10532400
2010-03-11,22.096956253051758,22.15885259193723,21.677436914328496,21.718700703001414,15316800
2010-03-12,22.317045211791992,22.420204090787433,22.090090955691245,22.165742374391495,14953600
2010-03-15,22.482093811035156,22.495848848863123,22.200122094324897,22.34454867976593,12049100
2010-03-16,22.38580894470215,22.564621795187342,22.248261203599295,22.42707405408449,13690400
2010-03-17,22.36518096923828,22.44770857655501,22.241388246510525,22.344549723285432,14730700
2010-03-18,22.282651901245117,22.39268957828932,22.165735393663997,22.317038183414212,17763500
2010-03-19,22.25513458251953,22.39955849472582,22.07632177583186,22.25513458251953,22430600
2010-03-22,22.468334197998047,22.550864408160276,22.1038349520479,22.1038349520479,11737300
2010-03-23,22.413318634033203,22.440828706483945,22.193243301437075,22.413318634033203,11511400
2010-03-24,22.227624893188477,22.420190112728324,22.17260738339324,22.310152469633504,11804400
2010-03-25,22.433950424194336,22.640270725601027,22.323912755210433,22.35142282833265,12956600
2010-03-26,22.523353576660156,22.68153253886653,22.440825992792607,22.468333438412063,12346300
2010-03-29,22.420194625854492,22.619638713956537,22.351422068890628,22.543987327193356,8929400
2010-03-30,22.482093811035156,22.612765358648222,22.351424886927305,22.3926900004112,8666400
2010-03-31,22.248260498046875,22.447704585145857,22.145101663119895,22.378932028527867,10342100
2010-04-01,22.268890380859375,22.440824365157383,22.11758763515572,22.289521619453726,9432500
2010-04-05,22.461463928222656,22.51648408287122,22.11759583218526,22.248264764217538,11381200
2010-04-06,22.38580894470215,22.50960164934422,22.29640251945955,22.433950260562405,9399600
2010-04-07,22.42707061767578,22.502721994865844,22.26889165787135,22.351419240485715,11070100
2010-04-08,22.674667358398438,22.750318773521112,22.28265786504082,22.32392036528529,13825000
2010-04-09,22.86722755432129,22.970389028780488,22.585255830772127,22.715924758049205,13060700
2010-04-12,23.02539825439453,23.087294592047648,22.79156793698324,22.84658806978793,12251500
2010-04-13,23.616857528686523,23.80942279512442,22.977262752583524,22.977262752583524,30322500
2010-04-14,24.0570068359375,24.118903185690964,23.589346109690176,23.60310114558037,24720700
2010-04-15,24.167051315307617,24.17393014694515,23.89195839043466,24.029503541118345,17975700
2010-04-16,24.077638626098633,24.12578256456264,23.871318330058905,24.06388621340023,28512200
2010-04-19,24.18767547607422,24.256450654770102,23.891951389948765,24.015741464591727,17571800
2010-04-20,24.194562911987305,24.40776210652479,24.07764637836812,24.290845572905603,14848400
2010-04-21,24.25644874572754,24.37336260505191,24.132656057322553,24.173921161292416,19597400
2010-04-22,24.56592559814453,24.682839434298344,24.091386178803763,24.173916370387253,21648900
2010-04-23,25.026700973510742,25.06108723280741,24.552164298808545,24.593426760563176,21336400
2010-04-26,25.09548568725586,25.466861102210633,25.074851825005183,25.11611692600212,22057300
2010-04-27,24.27020835876465,25.019840836182738,24.215188209759052,25.019840836182738,20588400
2010-04-28,24.201438903808594,24.51779958850001,24.091401203243755,24.366496766408712,19371600
2010-04-29,24.455894470214844,24.730987311474777,24.345856809009916,24.38024308622931,16263800
2010-04-30,24.22893524169922,24.751615990536724,24.22893524169922,24.552171951545986,15800700
2010-05-03,24.66908836364746,24.79975987621874,24.18767266278932,24.338975414817327,12644500
2010-05-04,24.35961151123047,24.476528012973898,23.926339655224023,24.4558967694036,25531100
2010-05-05,24.235822677612305,24.53154680357342,24.0913960946483,24.228943847063693,24373800
2010-05-06,23.35552215576172,24.33210898392078,22.05570107774841,24.01574831864061,31183100
2010-05-07,22.99101448059082,23.60309909525821,22.440826210300166,23.204213583111716,28620700
2010-05-10,24.27020835876465,24.345859751894793,23.78191634211294,23.823178830362036,21683400
2010-05-11,24.504032135009766,24.730983629674412,24.118899066376418,24.160164166999262,26625400
2010-05-12,24.682846069335938,24.71723234665378,24.332101843086257,24.53154330093167,19130600
2010-05-13,24.25644874572754,24.75849570492349,24.15328729755518,24.655334256751132,20229800
2010-05-14,24.208309173583984,24.393998219518153,23.905703636429877,24.249571657010602,22621300
2010-05-17,24.47652816772461,24.545300729063765,23.438047799875076,24.050132515710732,33494400
2010-05-18,23.88507080078125,24.964816103469115,23.541202803148053,24.62782693495117,49088700
2010-05-19,23.644371032714844,23.775039964827815,23.14232392701084,23.64437103271484,27200100
2010-05-20,22.619640350341797,23.307376463753247,22.55086778840268,23.149197472489224,29536800
2010-05-21,22.709049224853516,23.025407241445276,22.179492045686256,22.186368253218532,36007500
2010-05-24,22.846595764160156,23.08730236748605,22.530235140996563,22.592131499495395,24263400
2010-05-25,23.369281768798828,23.410546895868936,22.29641207653068,22.378942330670895,30507700
2010-05-26,23.410539627075195,24.03637943070328,23.334888229355546,23.76128391599643,25393100
2010-05-27,23.761276245117188,23.850682652059533,23.506814681439877,23.733766177826556,16379300
2010-05-28,23.286741256713867,23.823174494357875,23.259231187218116,23.775033184492624,17549000
2010-06-01,23.228572845458984,23.664885805924158,23.0069528091188,23.145463350391996,17273700
2010-06-02,23.457115173339844,23.46404228491163,23.124685149706494,23.28397437091087,14262300
2010-06-03,23.152385711669922,23.588701224521103,22.972317817894464,23.477891229089547,15651600
2010-06-04,22.265907287597656,22.785329672453724,22.12046833293905,22.771478091827298,20061800
2010-06-07,21.85036277770996,22.45289186606481,21.815735155053844,22.342081888414285,20853000
2010-06-08,22.03043556213379,22.065064515558287,21.642600530495965,21.83651870679463,16153400
2010-06-09,21.995803833007812,22.4390451075723,21.89884542339648,22.071986195393432,15788600
2010-06-10,22.660675048828125,22.68837557667016,22.22435937179994,22.328244937446545,15343000
2010-06-11,22.314380645751953,22.50829743981966,22.009652556698157,22.376711421262026,13693000
2010-06-14,22.20357894897461,22.605264263847033,22.155098411425584,22.49445424851128,20280100
2010-06-15,22.342084884643555,22.425194360465703,21.85036570799626,22.224350423440097,19748300
2010-06-16,22.25897789001465,22.342084723318095,21.94039949408594,22.13431631910018,16321600
2010-06-17,22.099685668945312,22.36978482167251,21.781107316596223,22.293602467432894,23934100
2010-06-18,22.120471954345703,22.362869371154005,22.016587724559187,22.127397745792756,19785600
2010-06-21,21.767255783081055,22.300529621913032,21.63566844030037,22.27975093494882,16599700
2010-06-22,21.199359893798828,21.884997300666928,21.14395489084866,21.788037554784538,22902300
2010-06-23,21.123178482055664,21.324022452502998,20.963889256434385,21.178583487530872,24796400
2010-06-24,20.5483455657959,20.90847866566189,20.479088997212564,20.873849720890636,28837400
2010-06-25,20.915407180786133,20.95003480911167,20.486017456369005,20.486017456369005,43592400
2010-06-28,20.49294090270996,20.936180835194,20.486015113644996,20.880775843633497,15451400
2010-06-29,19.828081130981445,20.18821426290325,19.682643512874154,20.18821426290325,22817400
2010-06-30,19.440250396728516,19.987376003371402,19.384845389052234,19.758830181586802,20940900
2010-07-01,19.336362838745117,19.738049405384746,19.03856047846827,19.675718617375207,27119600
2010-07-02,19.225557327270508,19.398698151917078,19.10089572217143,19.398698151917078,15404500
2010-07-06,18.934677124023438,19.48180133999557,18.768462122172686,19.38484291915582,18300200
2010-07-07,19.398691177368164,19.454096168496534,18.91389651427556,19.038558074554185,21796200
2010-07-08,19.495651245117188,19.65494044308309,19.197848897031804,19.634164395236674,15975800
2010-07-09,19.57183265686035,19.613386071489316,19.343286894962205,19.461022670543628,13507400
2010-07-12,19.60646629333496,19.918120300999693,19.55106128319008,19.55106128319008,14259400
2010-07-13,19.83500862121582,20.042778363273893,19.592612570253838,19.731124410666485,22058600
2010-07-14,19.585683822631836,19.77267484500105,19.454096471294147,19.77267484500105,13638600
2010-07-15,19.62723731994629,19.675716523024676,19.33636078051677,19.544129171126766,13535300
2010-07-16,18.77538299560547,19.585681743032225,18.73382826530528,19.495647815007548,21870900
2010-07-19,18.74768829345703,18.879275690141917,18.595324843215355,18.810019096046734,17061600
2010-07-20,19.34328842163086,19.412544998784693,18.436031091697707,18.526063717326156,23279400
2010-07-21,19.02471351623535,19.398698335063436,18.94160665935778,19.239409091915032,17161300
2010-07-22,19.544132232666016,19.71727302561615,19.190924856532607,19.190924856532607,26142700
2010-07-23,19.564908981323242,19.64109135050619,19.322511614707892,19.488726612140294,18979200
2010-07-26,20.077407836914062,20.13281284235903,19.551059624707086,19.55798541550765,16149800
2010-07-27,19.793447494506836,20.340572815845015,19.76574566559392,20.24361311225258,14851100
2010-07-28,19.44717025756836,20.04970068815129,19.39176526678733,19.79345178018956,13917900
2010-07-29,19.426395416259766,19.75190093525601,19.232478583794954,19.578760151435656,15504300
2010-07-30,19.74498176574707,19.779609405737816,19.13552526261555,19.218633447937044,14837700
2010-08-02,20.167438507080078,20.250545341213158,19.862710366353728,19.959668779828757,17882200
2010-08-03,19.70342445373535,20.208995295422344,19.675721290429994,20.14666449894482,11724700
2010-08-04,19.890409469604492,20.035848390781844,19.744971869386273,19.81422843561553,10987700
2010-08-05,19.883493423461914,20.035858208014275,19.620319927991126,19.75190733620641,9101200
2010-08-06,19.862714767456055,19.862714767456055,19.53720918559253,19.75883054129179,11372800
2010-08-09,19.876564025878906,20.06355508272755,19.862712445087315,19.925043237690016,8354900
2010-08-10,19.557981491088867,19.75189963171526,19.405618086927657,19.66879147974416,13866400
2010-08-11,19.1909236907959,19.433321050393747,19.114742644777795,19.343288424750778,11672600
2010-08-12,19.12166976928711,19.218628191510234,18.913900023289717,19.06626476787969,9886800
2010-08-13,18.913894653320312,19.190919581705415,18.88619282096133,19.052407777992393,9316000
2010-08-16,18.96238136291504,19.44025037929412,18.893126094101486,19.045489534834715,12152400
2010-08-17,19.60646629333496,19.945822145592317,19.19092805676853,19.412549418307695,22537900
2010-08-18,19.987380981445312,20.08433943878746,19.613396095765754,19.634173474179033,13733000
2010-08-19,19.544132232666016,19.980447770637635,19.37099143971588,19.779603816754953,14149300
2010-08-20,19.509502410888672,19.613386610797193,19.315584269022636,19.447171626751707,12430300
2010-08-23,19.274032592773438,19.83500837967612,19.253255222532825,19.779603379993873,11447300
2010-08-24,19.239408493041992,19.4471769497283,18.768465248862764,19.080117933892218,16615700
2010-08-25,19.620317459106445,19.73805326828195,19.107820795918837,19.107820795918837,14357500
2010-08-26,19.654943466186523,19.779605056276253,19.57876241076686,19.661869256853677,12712200
2010-08-27,19.904258728027344,19.973515286187624,19.571828834008773,19.75189535684191,12750900
2010-08-30,19.384845733642578,19.94582161145691,19.37791994243998,19.90426818520093,9632800
2010-08-31,19.430936813354492,19.612534515521276,19.242354430466875,19.298230544041914,12408200
2010-09-01,20.02462387084961,20.07351530985202,19.59856761864266,19.612536981841007,12772500
2010-09-02,20.541479110717773,20.639261992489182,20.073516083081703,20.087485446818146,14321400
2010-09-03,20.848800659179688,21.177072748588508,20.618311461894347,20.89070742263375,12769800
2010-09-07,20.4856014251709,20.813873454783216,20.450679350685753,20.71609058047141,8605900
2010-09-08,20.569412231445312,20.6811644464921,20.450675336434166,20.47861272410012,9560100
2010-09-09,20.541479110717773,20.876735847241328,20.464648942359183,20.799907011074588,7879000
2010-09-10,20.730064392089844,20.799909888241658,20.569420683475094,20.590373399786216,7330900
2010-09-13,20.946577072143555,21.058329294915378,20.79291809888019,20.911655002099202,9961400
2010-09-14,20.9326114654541,21.11420919307525,20.869750662347094,20.974519555653316,14073800
2010-09-15,20.911657333374023,20.960548769763268,20.709105574399466,20.799905098143828,9804100
2010-09-16,20.918638229370117,20.988482364606888,20.74402522689521,20.869745469636296,9352500
2010-09-17,20.876733779907227,21.086270218628837,20.813872981509917,20.98848601434873,13015200
2010-09-20,21.407556533813477,21.470417329198686,20.883717460397854,20.98150165999243,11541200
2010-09-21,21.589157104492188,21.840600319405166,21.43549810215194,21.505343587649083,13833500
2010-09-22,21.568206787109375,21.805680679530372,21.47042388982734,21.47042388982734,11663500
2010-09-23,21.540264129638672,21.71487716484509,21.358666413160993,21.379620456974788,16047000
2010-09-24,22.099027633666992,22.133951043696353,21.81964701439148,21.840601060409096,11421600
2010-09-27,22.07108497619629,22.245697988140577,21.95933275512727,22.147913795561518,7991000
2010-09-28,22.21776580810547,22.385394189061945,21.903463093384058,22.099028871737303,12505200
2010-09-29,22.21776580810547,22.301580664679683,22.112998236531666,22.16887436351716,9178300
2010-09-30,22.126962661743164,22.5111107824879,22.085055908907222,22.266652281926863,11401200
2010-10-01,22.224748611450195,22.378408946812627,22.106011685120972,22.217763929643553,8648800
2010-10-04,22.119985580444336,22.33650543204117,22.022202679502303,22.147922981202584,10321100
2010-10-05,22.168874740600586,22.301581044020388,21.82663329046907,21.89647878343696,15975000
2010-10-06,22.168874740600586,22.259674281116443,22.029185086856767,22.189828788148546,9957300
2010-10-07,22.168874740600586,22.427302664924206,22.064107167244728,22.238720233568483,13163400
2010-10-08,22.273643493652344,22.448256569224263,22.14093851539596,22.23173672852886,10578500
2010-10-11,22.203794479370117,22.27363862858972,22.0920409097969,22.27363862858972,8358700
2010-10-12,21.938385009765625,22.196812927768544,21.826632756627053,22.16887419838793,12539000
2010-10-13,21.652019500732422,22.106013191567456,21.610112739228615,22.09204382700221,15267600
2010-10-14,21.519309997558594,21.784722556011065,21.309774889047045,21.70090771329141,11242500
2010-10-15,21.442476272583008,21.707887438245766,21.24690923901632,21.65201133325406,12945300
2010-10-18,21.323753356933594,21.47741241330951,21.079294737823318,21.414551587475657,10701300
2010-10-19,21.23992919921875,21.491372392704772,21.128176964823123,21.163099038499862,12047100
2010-10-20,21.463436126708984,21.631064497504745,21.184055508716053,21.316761801834648,18500800
2010-10-21,22.21776580810547,22.378410838856716,21.568204999279157,21.575189681676335,22203300
2010-10-22,21.987276077270508,22.224749944169204,21.931399951658577,22.189827865233717,9102000
2010-10-25,21.931396484375,22.231731111629166,21.875520367596902,21.945365846617452,8561300
2010-10-26,21.854576110839844,22.008235158374493,21.6520242765425,21.840606743193362,9277900
2010-10-27,21.582170486450195,21.686938039200633,21.267867828198884,21.686938039200633,11575100
2010-10-28,21.78472328186035,21.847584082946632,21.56820215270015,21.77773860038501,7932400
2010-10-29,21.582170486450195,21.777737561858267,21.561217775215134,21.714876763769663,9499200
2010-11-01,21.449466705322266,21.868538297285376,21.344699140379458,21.65201848544465,8229900
2010-11-02,22.008228302001953,22.329515664624903,21.638048167848204,21.652017531142715,15092700
2010-11-03,21.973310470581055,22.10601679117611,21.679961760095367,22.078079389688394,9073300
2010-11-04,22.30856704711914,22.336504446644902,22.182845418773077,22.231736867087204,11096000
2010-11-05,22.294597625732422,22.55302556471035,22.189830046435656,22.315551674468594,10750000
2010-11-08,21.9942626953125,22.099030273531962,21.79171222171381,22.092045590691725,9696400
2010-11-09,21.98029327392578,22.008232005215916,21.77774280084043,21.987277956748315,10268600
2010-11-10,22.126962661743164,22.140932023419033,21.82662804667032,21.987271709367814,11175200
2010-11-11,22.140941619873047,22.301585352197673,21.88251364562681,21.910452381087904,9226300
2010-11-12,21.959335327148438,22.182839795464783,21.8964745289105,21.980288038433272,10594800
2010-11-15,21.924406051635742,22.32950812505097,21.896468666671602,21.952344768791242,9645900
2010-11-16,22.147912979125977,22.92319514988079,22.02917741428469,22.140929631234204,25568500
2010-11-17,21.533279418945312,22.147916715867716,21.42152718314124,22.112994641750845,19411800
2010-11-18,21.561216354370117,21.714875332798794,21.477401518377985,21.645029858170624,26258300
2010-11-19,21.805675506591797,21.805675506591797,21.512325552144745,21.512325552144745,25364400
2010-11-22,21.714879989624023,21.896477729724836,21.56820432823064,21.686941260904558,23205700
2010-11-23,21.589157104492188,21.652017908220433,21.53328098253284,21.638048544682636,11698400
2010-11-24,21.76376724243164,21.89647351391486,21.707891127942652,21.7777366041018,9748600
2010-11-26,21.652019500732422,21.763771752870525,21.54725193087694,21.59614337466337,4182200
2010-11-29,21.435497283935547,21.59614096191275,21.18405407862043,21.561218886593107,11838700
2010-11-30,21.263751983642578,21.545298938198407,21.10186342453374,21.15817254694183,12889600
2010-12-01,22.249164581298828,22.34770521405508,21.538261041734124,21.538261041734124,17102400
2010-12-02,23.48093032836914,23.60058605642439,22.256205728564247,22.256205728564247,25843400
2010-12-03,23.56538963317871,23.621700097514086,23.227534902258636,23.354230761982507,16353500
2010-12-06,23.466846466064453,23.61465739140278,23.438691236943697,23.54427200363132,9357000
2010-12-07,23.614660263061523,23.882129602173436,23.593545181168473,23.69912327566448,12615800
2010-12-08,23.952516555786133,24.03698225891142,23.516121163095896,23.53723624636175,11406300
2010-12-09,24.156641006469727,24.459303101375582,23.846941444603136,24.353722301745623,15158700
2010-12-10,24.212947845458984,24.304448327361413,24.03698166252696,24.227022777266384,11475700
2010-12-13,24.325572967529297,24.388920918682953,24.170721823591112,24.212954686037424,12755700
2010-12-14,24.438182830810547,24.564878689474988,24.262216658780012,24.3607572855122,11134100
2010-12-15,24.48745346069336,24.69861233285323,24.31852475194702,24.33260236809511,13972800
2010-12-16,24.719730377197266,24.79011846637366,24.417068306316402,24.52264909756547,11193300
2010-12-17,24.70565414428711,24.825312560079148,24.58599841352628,24.628231269399567,17797200
2010-12-20,24.77604103088379,24.980162463451038,24.677500390342658,24.81123373321547,8956500
2010-12-21,24.691579818725586,24.98016429505476,24.6845396667244,24.88866111425831,7002600
2010-12-22,24.761962890625,24.88161861303495,24.64230448318403,24.747885272983062,6448100
2010-12-23,24.698612213134766,24.9168112348264,24.65637936489521,24.726767445294474,6238800
2010-12-27,24.804195404052734,24.923851124824942,24.459300489123404,24.59303382734487,5111100
2010-12-28,24.698612213134766,24.84642315442714,24.614149201686374,24.79011537513845,4081700
2010-12-29,24.55784034729004,24.846424783268766,24.55784034729004,24.684536215283714,6126800
2010-12-30,24.536725997924805,24.6774994871302,24.459300444610292,24.487455679457565,6563300
2010-12-31,24.677501678466797,24.69157929714051,24.374839589559965,24.45226514974979,5411300
2011-01-03,24.853466033935547,25.036469693006307,24.769000328181953,24.77604047951026,7464300
2011-01-04,24.40298843383789,25.029430286989786,24.38187335155137,24.825308874784028,14359700
2011-01-05,24.325572967529297,24.543769377589513,24.234069774744768,24.367803144943984,11479400
2011-01-06,24.227020263671875,24.494489585786802,24.10032709533385,24.374833882622323,11526700
2011-01-07,24.198871612548828,24.353720036563768,24.05809812114623,24.22702416280453,11735800
2011-01-10,24.205907821655273,24.262218289304084,23.980671321121797,24.044019254711266,9825600
2011-01-11,24.536725997924805,24.78307759026101,24.276296788164967,24.360759807675812,12408600
2011-01-12,24.515613555908203,24.68453961313199,24.395955137429358,24.49449578498178,8963300
2011-01-13,24.825313568115234,24.8323510351976,24.43114828571971,24.501536381699974,10713100
2011-01-14,25.26170539855957,25.33913095051331,24.64934381906416,24.712691753841682,13844200
2011-01-18,25.353212356567383,25.486945712180678,25.24059408735847,25.318019650882974,10765000
2011-01-19,25.07870101928711,25.33913021693025,24.97312023603756,25.33913021693025,9110300
2011-01-20,25.684022903442383,25.789600992569373,25.149084252422057,25.156124402715562,13483000
2011-01-21,25.69809913635254,26.035956556767328,25.669946588843604,25.916298160989015,11886200
2011-01-24,25.796640396118164,25.796640396118168,25.55028615855858,25.662904394719078,8884200
2011-01-25,26.155611038208008,26.16968865381621,25.606597454641296,25.69809792854866,14228300
2011-01-26,26.338623046875,26.73278835415941,26.14858188830676,26.162656823360233,14228300
2011-01-27,26.732776641845703,26.83131725423577,26.331574042811685,26.40195942736736,10722100
2011-01-28,25.831844329833984,26.718712989808665,25.782573997892708,26.66944265786739,12588000
2011-01-31,25.881113052368164,26.169697557949426,25.726261913021105,26.134504849470062,11189800
2011-02-01,26.03595733642578,26.134497968234786,25.691062440063416,26.000761952181843,9623200
2011-02-02,25.733293533325195,26.01483779283978,25.606597676782904,25.83887162375667,7782400
2011-02-03,25.831844329833984,26.078195989540365,25.66995571273669,25.7473812872249,5664700
2011-02-04,25.9022159576416,26.148570171190386,25.7051347348268,25.874060730087976,7559900
2011-02-07,25.76144790649414,25.958531855663253,25.74033282391671,25.902221388748977,7046400
2011-02-08,26.155611038208008,26.2330365815378,25.627712535538283,25.78256362219787,6137400
2011-02-09,26.162643432617188,26.183761194451733,26.021872673880818,26.092258053249004,6812400
2011-02-10,26.261198043823242,26.35973869143104,26.085231834514662,26.141539625277147,6009500
2011-02-11,26.380857467651367,26.380857467651367,25.810725903126883,26.06411770958221,10053400
2011-02-14,26.45124053955078,26.50754832747666,26.233041484389066,26.37381498175046,9070800
2011-02-15,26.528656005859375,26.556811234477305,26.268226853719515,26.458270619344944,6538400
2011-02-16,26.648324966430664,26.81021356772055,26.45828112534303,26.563861932068868,6801500
2011-02-17,26.873554229736328,26.901709461901618,26.472351568988437,26.62720266086682,8196500
2011-02-18,27.08472442626953,27.098802048238674,26.739832085637058,26.838372754389194,12894800
2011-02-22,26.810209274291992,27.718195474627215,26.57793261070488,27.661885004049363,20604500
2011-02-23,26.254148483276367,26.943935454367015,25.972604260296887,26.753891694214953,15127800
2011-02-24,26.14154052734375,26.514588044740684,25.888148747590602,26.20488847228204,9342800
2011-02-25,26.099300384521484,26.380844610565926,25.888138858700234,26.183763383831785,9723700
2011-02-28,26.37381362915039,26.423083947945344,26.085229182623806,26.148577118936032,9736700
2011-03-01,25.87407112121582,26.54978342872008,25.824800795724965,26.141540520331436,10015500
2011-03-02,25.803680419921875,26.035957065365594,25.571406459508964,25.761447570287338,12677300
2011-03-03,26.43012237548828,26.479392696075266,26.00780457473383,26.057074895320813,8060300
2011-03-04,26.197853088378906,26.648326205970736,25.88815080626084,26.359741697199,9269600
2011-03-07,25.951496124267578,26.53570523535392,25.923343571046967,26.226002984645476,8888200
2011-03-08,26.249141693115234,26.405047280038282,25.894806635821652,26.022367472716297,14254200
2011-03-09,26.695594787597656,26.773548911916,26.15700683386554,26.284567636684425,9339800
2011-03-10,26.270395278930664,26.575123578904343,26.178267426915948,26.468822003244178,8897300
2011-03-11,26.32000160217285,26.46882164338469,25.986925859436642,26.242047474863412,7729400
2011-03-14,25.994016647338867,26.178269663750665,25.710547556931306,26.16409593889413,8729100
2011-03-15,25.717626571655273,25.908967733731988,25.384550915074254,25.441245794220226,8897300
2011-03-16,25.28533935546875,25.696366444696906,25.10817190073781,25.611326823367083,13998700
2011-03-17,25.342031478881836,25.604241257720343,25.164864024544865,25.561720095469575,9726300
2011-03-18,25.512121200561523,25.703462433969133,25.34203920307866,25.540468650702273,11368200
2011-03-21,25.816852569580078,26.00819382550682,25.71055097072235,25.717639185772573,7704500
2011-03-22,25.717626571655273,25.95148618973084,25.69636464029522,25.767233239227686,6506200
2011-03-23,25.95148468017578,25.994005837061877,25.533369432557503,25.56880508164282,8496900
2011-03-24,26.47589874267578,26.75227947558124,26.071957255604694,26.114475704753108,9999300
2011-03-25,26.518434524536133,26.80190365315136,26.461742320830265,26.511349012833637,7611400
2011-03-28,25.972753524780273,26.582207382233946,25.951491588996625,26.546774427076123,8585300
2011-03-29,26.716854095458984,26.794808212108848,26.327086215570624,26.48299174550939,18370800
2011-03-30,26.624727249145508,26.81606844167931,26.36960565910044,26.61764173980473,7722000
2011-03-31,26.2633113861084,26.546777766389354,26.086143884672225,26.426305163026296,8917300
2011-04-01,26.617643356323242,26.837329302922992,26.1924397793047,26.305826859170732,9247500
2011-04-04,26.553855895996094,26.73810883803707,26.383773969730147,26.56094140388361,6571700
2011-04-05,26.645978927612305,26.816060840552257,26.39794562057518,26.4121193386002,10098700
2011-04-06,26.575136184692383,26.780651219994372,26.36962114939039,26.716870785016603,10077900
2011-04-07,26.808982849121094,26.858589524435757,26.390867511925336,26.532599325189484,10395700
2011-04-08,26.546772003173828,26.901106929121248,26.39086647404241,26.858588468158562,9848100
2011-04-11,26.645978927612305,26.886926727317068,26.504247154082687,26.53968009746509,7032900
2011-04-12,26.759380340576172,26.922376833727114,26.47591393791043,26.518432411461333,8542600
2011-04-13,26.695594787597656,26.908197927869946,26.341259824958804,26.816070080642703,10337800
2011-04-14,26.81607437133789,26.908202233306017,26.53969348879517,26.6459923725784,6608300
2011-04-15,27.049930572509766,27.21292703923634,26.8869368091445,26.894025022495036,10440600
2011-04-18,26.759380340576172,26.801901517488822,26.369612347309687,26.773554066213723,8250600
2011-04-19,26.76646614074707,26.94363364019335,26.624731600517748,26.851505783540066,7023300
2011-04-20,26.886943817138672,27.290885575843326,26.816077885330213,27.127891769994257,8887400
2011-04-21,26.7877197265625,27.049926813507067,26.60346675547303,26.979060910017488,8406800
2011-04-25,26.617643356323242,26.72394222305696,26.42630215216908,26.653076311901145,8594000
2011-04-26,26.369609832763672,26.61055773890227,26.178268609945242,26.41921651608384,14100000
2011-04-27,26.447559356689453,26.61055310253748,26.206611492531277,26.43338563487297,12615000
2011-04-28,26.553855895996094,26.695587680630457,26.33416730443602,26.341252812323535,9730800
2011-04-29,26.32707977294922,26.617634234493355,26.23495195732977,26.546765644262894,15945000
2011-05-02,26.46881866455078,26.695592807550614,26.348346083802568,26.532599061229547,7918500
2011-05-03,26.46881866455078,26.51842533937193,26.26330645601789,26.277480177875507,8833000
2011-05-04,26.355432510375977,26.660160782518542,26.291652111477276,26.433386631625627,11319900
2011-05-05,26.22787094116211,26.525513695055466,26.064877193961884,26.220785431875598,13661700
2011-05-06,26.213703155517578,26.560949923964458,26.057794898375747,26.461736561551064,10677800
2011-05-09,26.19244384765625,26.28457170915758,26.00819082801523,26.17118461167965,6550000
2011-05-10,26.412126541137695,26.482992447227506,26.142831231946566,26.142831231946566,6818400
2011-05-11,26.38378143310547,26.461735558722133,26.16409277940044,26.22787318187214,9594900
2011-05-12,26.42629623413086,26.525509568875147,26.135741738082313,26.327082899386568,9749400
2011-05-13,26.22787094116211,26.475907019966748,26.064877193961884,26.440474066812097,8666600
2011-05-16,26.206613540649414,26.44047591385684,25.90188525618223,26.001098613290388,11603500
2011-05-17,26.504262924194336,26.886942725124285,26.355440148061792,26.468827256367316,17428400
2011-05-18,26.546772003173828,26.60346688893867,26.327086079237436,26.461732377887515,9069300
2011-05-19,26.497161865234375,26.53968302399825,26.28456147813619,26.53968302399825,7015200
2011-05-20,26.256227493286133,26.483001716176872,26.149928596947213,26.447568750730564,8154000
2011-05-23,26.093225479125977,26.220786277284358,25.887710559497346,26.00109763526467,9662800
2011-05-24,25.901878356933594,26.142826175743416,25.83809797244392,26.128652456594544,10580400
2011-05-25,25.958576202392578,26.0152683821114,25.738887585500184,25.90188131931293,12316900
2011-05-26,25.64676284790039,25.986924077355386,25.590070661338466,25.83101853678923,8083300
2011-05-27,25.512121200561523,25.80976131695449,25.448340789425654,25.767242845105,9596500
2011-05-31,25.710540771484375,25.710540771484375,25.526287803700058,25.639674869265995,8628100
2011-06-01,25.086915969848633,25.696369823435234,25.086915969848633,25.59715646827837,10483000
2011-06-02,24.867229461669922,25.023137720811626,24.597934114978273,24.980616549219867,11346600
2011-06-03,24.541242599487305,24.704236373374012,24.399508060301894,24.53415438567922,8840300
2011-06-06,24.30029296875,24.66880166312625,24.30029296875,24.470372241009013,7485400
2011-06-07,24.32863426208496,24.817615425358845,24.31446054242129,24.420759384857906,9335000
2011-06-08,24.165647506713867,24.321555782035144,24.10895530873629,24.23651613338794,9432400
2011-06-09,24.32863426208496,24.491627983176254,24.172726049145197,24.186899768808868,6934100
2011-06-10,23.71919059753418,24.271952445076113,23.683754927625444,24.215257535911782,12388200
2011-06-13,23.74753189086914,24.00974175253063,23.676665968094596,23.71209892948187,11743300
2011-06-14,24.81138801574707,24.868509065308743,24.068830713534666,24.175931319622023,17534700
2011-06-15,24.190214157104492,24.611472409580085,24.147373365372758,24.525790826116616,14608600
2011-06-16,24.632888793945312,24.832807019825324,24.283029174973745,24.32586996209727,14084900
2011-06-17,24.6543025970459,24.939902336603705,24.497225191601977,24.782822207478812,18322400
2011-06-20,24.82567596435547,24.975614680354692,24.475816236674884,24.482957731921932,7866600
2011-06-21,25.296899795532227,25.31831882198791,24.70428130923683,24.911340977244684,14805200
2011-06-22,24.939897537231445,25.27547675808169,24.911337024035586,25.182656452035367,9901700
2011-06-23,25.453981399536133,25.46825893554959,24.661444690418396,24.68286371811962,17098000
2011-06-24,25.046998977661133,25.482534562599565,25.046998977661133,25.432555024595473,15738100
2011-06-27,25.13268280029297,25.268341184215384,24.761404212857787,25.011301952630944,8424900
2011-06-28,25.74672508239746,25.903802523206124,25.175525474680764,25.23264652492507,17004200
2011-06-29,25.689603805541992,25.925224050198935,25.55394539793081,25.81098467439963,12298200
2011-06-30,25.860958099365234,25.92521790324623,25.66103719635717,25.839536348950954,11945200
2011-07-01,26.22509002685547,26.38930888818018,25.889510814242144,25.91093256045346,9777900
2011-07-05,26.125141143798828,26.310779100040413,26.01090177295444,26.153701667430287,9938900
2011-07-06,26.110851287841797,26.23223210683474,25.932352166254866,26.025172472110594,7031700
2011-07-07,26.45358657836914,26.596386513783617,26.239388037088535,26.289367605931268,9850200
2011-07-08,26.146556854248047,26.196536402415312,25.92521963341617,26.139418086087478,9822700
2011-07-11,25.960912704467773,26.175111105842895,25.81811286232421,25.889511421555767,8283800
2011-07-12,25.782426834106445,26.239384384884037,25.775285340304507,25.989486575453117,8931500
2011-07-13,25.79669952392578,26.153697846113644,25.746719976713962,25.946638165561232,10563600
2011-07-14,25.675323486328125,26.089442924985782,25.575364373184982,25.84668391148891,10861100
2011-07-15,25.63961410522461,25.76813369261364,25.339736883770517,25.76813369261364,9923500
2011-07-18,25.48253631591797,25.66817694728944,25.232638608703375,25.575356631603704,6908300
2011-07-19,25.782426834106445,25.896666221800842,25.511107266951555,25.596786126801895,9689400
2011-07-20,25.996618270874023,26.11799911933787,25.646758709199396,25.86809865423282,11320700
2011-07-21,26.21794891357422,26.567805627435845,26.082287853208165,26.110848363146296,12431800
2011-07-22,26.075159072875977,26.28935753207759,25.968058481434582,26.20367869313318,8011500
2011-07-25,26.16798210144043,26.39646084463267,25.875243541495276,25.96806115838612,8622300
2011-07-26,25.98232650756836,26.3893042055221,25.968046253854908,26.125126321022982,9886700
2011-07-27,25.439714431762695,25.960931926376485,25.382593363139694,25.92523262032834,12291900
2011-07-28,25.096988677978516,25.782424954165922,25.032728856855844,25.439706816072217,13821200
2011-07-29,24.939897537231445,25.161237428978694,24.725699135623387,24.81851671798926,12097800
2011-08-01,24.45438575744629,25.039862804401608,24.190207754230137,25.039862804401608,14037800
2011-08-02,23.43337631225586,24.27589281002784,23.41195727841343,24.175933687187406,18396800
2011-08-03,23.52619171142578,23.547610740758273,23.097792059007208,23.461931899747057,14224700
2011-08-04,22.633699417114258,23.361976490007336,22.626559285594816,23.14063649842713,18946100
2011-08-05,21.948257446289062,22.954994002685673,21.862578608621632,22.897872961786625,36483500
2011-08-08,20.655925750732422,21.669801168380257,20.64878561996524,21.505582246257188,38047000
2011-08-09,21.52700424194336,21.605544329360114,20.084730312484325,20.905827759882676,26132600
2011-08-10,20.356042861938477,21.177138664747357,20.306063318735212,20.934379716182587,23457600
2011-08-11,21.455595016479492,21.705494072422443,20.220381355936702,20.227521484602537,20127300
2011-08-12,21.834020614624023,21.884000169353342,21.26996388888365,21.59126161007529,18736700
2011-08-15,22.46234130859375,22.469481440852007,21.755484557117825,21.891144346342795,15899400
2011-08-16,23.647560119628906,23.854619730312596,23.333402682635814,23.583300334371213,28972400
2011-08-17,23.854629516601562,24.26874890786016,23.50476993696305,23.954588618303642,16303100
2011-08-18,22.962135314941406,23.42623429077989,22.669396757104014,23.147773271067933,18497300
2011-08-19,22.762216567993164,23.46193444188359,22.697958111192563,22.740797536339887,15469100
2011-08-22,23.04781150817871,23.283431715338704,22.869312341668824,23.133493069153868,12720900
2011-08-23,23.64042854309082,23.668989061597326,23.026391013605714,23.17632965024344,12545000
2011-08-24,24.540063858032227,24.60432366485144,23.476210385190967,23.547608960020742,19880300
2011-08-25,24.161645889282227,24.8185214766526,24.00456576026715,24.604323033974474,15470400
2011-08-26,24.275896072387695,24.61147550731959,23.99743770028769,24.347294677245372,18409800
2011-08-29,24.268753051757812,24.618609967453263,24.13309191312831,24.618609967453263,14713500
2011-08-30,24.146469116210938,24.333485309529696,23.952261258778087,24.261554949075293,16123400
2011-08-31,24.00980567932129,24.39102698830892,23.8659477014832,24.340677107644996,17507500
2011-09-01,23.68613052368164,24.297523618621817,23.64297229877425,24.117701797302562,15358200
2011-09-02,23.146656036376953,23.434371935871702,22.959641250477798,23.211391976570162,12277400
2011-09-06,23.053152084350586,23.103501964196287,22.355444058616243,22.405793938461944,12043700
2011-09-07,23.642959594726562,23.642959594726562,23.26893007809582,23.441560141102997,13313200
2011-09-08,23.34805679321289,23.657350441688237,23.23297097591013,23.520686891098187,9915100
2011-09-09,22.923681259155273,23.268937377685663,22.68631656297144,23.060346196937274,11734600
2011-09-12,23.268938064575195,23.283324136751933,22.42018038511803,22.434566457294768,12102200
2011-09-13,23.491912841796875,23.621384718724066,23.117883279991883,23.283318957429497,12607700
2011-09-14,24.12489128112793,24.455762706274008,23.506303903068854,23.54226771121731,15407500
2011-09-15,24.657155990600586,24.671542058993914,24.232776576514265,24.37663451658559,12017900
2011-09-16,24.8945255279541,25.17504704168634,24.801017442089233,24.908911598384265,20791300
2011-09-19,24.70751190185547,24.80821440524205,24.333485007584496,24.498920718782756,8805400
2011-09-20,25.03837776184082,25.412407275893266,24.606803979228733,24.81539783696482,13980300
2011-09-21,24.340673446655273,25.196624033064374,24.30470964357061,25.088732623810383,11896600
2011-09-22,23.772443771362305,24.290331484814473,23.434380619626083,23.592621953509543,19984900
2011-09-23,24.254365921020508,24.355065692738428,23.67174228540014,23.722092171259096,12993800
2011-09-26,24.45576286315918,24.45576286315918,23.72208964800088,24.2687494132699,17329700
2011-09-27,24.369449615478516,24.93049271916657,24.232783299755607,24.87295117349067,13172200
2011-09-28,24.168045043945312,24.671546553998855,24.146467309354975,24.477338711098383,9723100
2011-09-29,24.30471420288086,24.801021363820762,23.77244048824705,24.48453599589916,14233100
2011-09-30,23.642959594726562,24.204005241603554,23.621381865798828,23.916289384545518,10915500
2011-10-03,22.72227668762207,23.736471258930997,22.715083652911876,23.592613308589282,17929700
2011-10-04,23.355257034301758,23.412798585395713,22.319483047912016,22.391410672745213,15100000
2011-10-05,23.61419677734375,23.76524640960751,22.837365393365797,22.902101342030626,16324600
2011-10-06,24.00980567932129,24.02419175149137,23.304904606163635,23.384023887305013,9052800
2011-10-07,24.39822006225586,24.700322107558364,24.081734687814873,24.196820527962764,12809500
2011-10-10,24.93049430847168,24.93049430847168,24.578042372235732,24.664358812046324,8757300
2011-10-11,24.96645736694336,25.045579395785722,24.621199849700826,24.887335338100996,8010300
2011-10-12,24.973644256591797,25.239779664867626,24.96644985039239,25.110307791898407,10671200
2011-10-13,24.750667572021484,24.96645314078847,24.491723791956154,24.8297895874706,8943700
2011-10-14,25.211013793945312,25.23259427404531,24.80821475024791,25.04557808044635,7648700
2011-10-17,24.923301696777344,25.52030862487092,24.88014347851187,25.06715693660329,8837700
2011-10-18,25.858375549316406,26.038197350432846,24.76505866926491,24.98803869043995,15042600
2011-10-19,25.462764739990234,25.90872197900578,25.383642719032423,25.74328627330425,9948800
2011-10-20,25.70012855529785,25.786442241708382,25.29013511501957,25.60662046109992,9481300
2011-10-21,26.512924194335938,26.512924194335938,25.887145156130057,26.002230987798523,14116400
2011-10-24,26.397836685180664,26.86537164618375,26.297136931852688,26.699935945164583,11163800
2011-10-25,25.923112869262695,26.433806152733954,25.87276298181415,26.268370416279733,10883800
2011-10-26,26.28994369506836,26.369065717309976,25.642586933192852,26.182052273353747,11159200
2011-10-27,26.77186393737793,27.081157577508,26.462570297247858,27.002035565773017,11760900
2011-10-28,25.98064613342285,26.743091354762704,25.915910192517938,26.55607519487642,14076900
2011-10-31,25.750486373901367,25.908730467663606,25.664172660878084,25.779258526196948,10288000
2011-11-01,25.563459396362305,25.879944673193464,24.87294456844231,24.988030373095643,13087000
2011-11-02,25.887142181396484,26.03819180362974,25.72170374501261,25.973455859263723,9894700
2011-11-03,26.218015670776367,26.253979477452418,25.67135593139514,26.06696603641941,9028600
2011-11-04,26.174848556518555,26.196426284414848,25.78643299121546,25.987835179073528,6245200
2011-11-07,26.858177185058594,26.915718719311425,26.304325855581308,26.405025598420412,12573600
2011-11-08,27.289745330810547,27.332903534708265,26.815016063383247,27.016418271044035,9872600
2011-11-09,26.728702545166016,27.174659679092716,26.6351944748088,26.93729641601599,10918000
2011-11-10,26.75748062133789,27.00203834465885,26.64958645898415,26.95168846725711,7287700
2011-11-11,27.37606430053711,27.606235921807933,26.973262591382095,26.973262591382095,10185600
2011-11-14,27.512720108032227,27.721313938619858,27.296934616741506,27.440792525555782,13926600
2011-11-15,27.38326644897461,27.8651903519559,27.225022369807135,27.750104497251343,15280400
2011-11-16,27.21782684326172,27.872378063514912,27.030813384844876,27.081163267644133,11800000
2011-11-17,27.05957794189453,27.397643732045914,26.786250839594846,27.217821970282383,11376300
2011-11-18,27.246601104736328,27.296950991445655,26.822221528284125,27.210637291924385,11816000
2011-11-21,26.656787872314453,27.22502274431173,26.390649600260335,26.973273291139723,11602100
2011-11-22,26.6855525970459,26.951690822411422,26.455380924849553,26.620816642749254,8235700
2011-11-23,26.26836395263672,26.534499398502238,26.232400148146095,26.455377382305418,6710500
2011-11-25,26.232398986816406,26.577656433593916,26.189240777020864,26.246785056748255,3616800
2011-11-28,26.829404830932617,27.131506800890445,26.663969148471356,26.7502828210898,8060800
2011-11-29,28.24299430847168,28.34448306765921,27.010624878277522,27.112116402826334,20793800
2011-11-30,28.431486129760742,28.84469209388519,27.97478378217393,28.598218118323036,19655000
2011-12-01,28.518478393554688,28.677962380205486,28.1197711922902,28.170515594340454,9621900
2011-12-02,28.953426361083984,29.33038668855686,28.757696800740643,28.77219559395445,17909600
2011-12-05,29.163671493530273,29.424644390801646,28.84470615540062,29.09118025111651,13964300
2011-12-06,29.228912353515625,29.518882830442188,28.975190260227443,29.062180297160047,12500900
2011-12-07,29.526113510131836,29.67109866345941,29.025917634781575,29.054915218519447,12196100
2011-12-08,28.931682586669922,29.576863742823402,28.8809381877834,29.35213933785805,12008200
2011-12-09,29.163671493530273,29.29415794216596,28.989691405591785,29.08392946765695,10311000
2011-12-12,29.033172607421875,29.076668993454973,28.49673100649262,28.888187419340674,11089400
2011-12-13,28.641712188720703,29.17815653177867,28.5329753763911,29.156409722385213,11351400
2011-12-14,28.373497009277344,28.685214243900504,28.156020576260993,28.54022903343531,12084800
2011-12-15,28.576473236083984,28.967932455434852,28.547478407710496,28.721458439402387,10784900
2011-12-16,29.301389694213867,29.388382455254554,28.808444541793822,28.81569255586616,20212600
2011-12-19,29.14191436767578,29.58411797995739,29.076671166431566,29.221656365347897,8901900
2011-12-20,30.4105281829834,30.439525774088665,29.562366618010497,29.562366618010497,20396200
2011-12-21,30.446767807006836,30.483013406085643,30.127802663606587,30.38877263619118,12073900
2011-12-22,30.388784408569336,30.5482684247333,30.19305754464832,30.396035190411165,9880000
2011-12-23,30.51201629638672,30.541013886836136,30.222045922617397,30.432274305332033,4353700
2011-12-27,30.60626792907715,30.78749878556792,30.3887886889975,30.439535872949254,4763300
2011-12-28,30.1060791015625,30.729513899628113,30.098831081629697,30.613526223152952,5136600
2011-12-29,30.454023361206055,30.468522157499923,30.142308919657097,30.23654694752329,6297000
2011-12-30,30.475770950317383,30.67874855446554,30.45402137461404,30.555512942050573,4773800
2012-01-03,30.548261642456055,31.09920479486856,30.49751724228154,30.743991228284518,8452900
2012-01-04,30.98320960998535,31.113693203212893,30.3887702178777,30.49026175872848,11085800
2012-01-05,31.236948013305664,31.316690026181412,30.729501103029875,30.903483927973618,10245500
2012-01-06,31.316688537597656,31.389179764749947,31.02671809826239,31.17170331793002,7285500
2012-01-09,31.33841896057129,31.38916334610778,30.990456274594674,31.302173365954026,7346600
2012-01-10,31.555925369262695,31.606669803163182,31.258706785546607,31.555925369262695,7497500
2012-01-11,31.505157470703125,31.60664626291647,31.287681092337067,31.54865385252121,8222100
2012-01-12,31.45439910888672,31.65012859212121,31.265920402083673,31.599384218544966,8449900
2012-01-13,31.54140853881836,31.55590733527028,31.113703722256002,31.251440905867923,8076200
2012-01-17,31.7081356048584,31.86761679632312,31.548651648031683,31.613894833518795,7709100
2012-01-18,32.5345573425293,32.6142993452036,31.67914765716238,31.69364645449978,13147000
2012-01-19,32.918758392333984,32.926006406691755,32.22283286877514,32.527299248321306,15722900
2012-01-20,32.26633071899414,32.98400591050982,32.121348289919325,32.94776030324112,12589200
2012-01-23,32.5345573425293,32.6142993452036,31.882125289160346,32.128599313170525,13779200
2012-01-24,32.5925407409668,32.71577910152605,32.30257317060527,32.40406195849991,10953000
2012-01-25,32.81002426147461,32.918763852412766,32.33157503899953,32.49830981586808,9930000
2012-01-26,32.585304260253906,32.875271933246815,32.237341393444595,32.875271933246815,11174400
2012-01-27,32.52730178833008,32.621542574513484,32.1938377945887,32.42581298722291,7924800
2012-01-30,32.45480728149414,32.469306075231565,32.056100132482406,32.317072889031806,6724600
2012-01-31,32.179344177246094,32.80277864477614,32.085103375898726,32.52730702218691,10343500
2012-02-01,32.23733901977539,32.55630426619076,32.201090643627616,32.39682026030165,10906400
2012-02-02,32.23008728027344,32.346074890554874,32.11409966999201,32.29533048389192,8963500
2012-02-03,32.74478530883789,32.81727930065746,32.49106325087696,32.49106325087696,10422700
2012-02-06,32.76653289794922,32.824525322517836,32.614299672423385,32.65779329950913,8091400
2012-02-07,32.95501708984375,33.0420098888777,32.694044223468524,32.71579380590867,9725400
2012-02-08,32.74478530883789,32.96226451893357,32.51281006574132,32.955013737070104,7578800
2012-02-09,32.81726837158203,32.88975957389696,32.4983032098894,32.81726837158203,5356700
2012-02-10,32.86076736450195,32.86076736450195,32.57079700146642,32.599794590842436,5026100
2012-02-13,33.29570770263672,33.42619404070981,32.94774505622891,32.99848943599497,9184000
2012-02-14,33.38997268676758,33.49870953718237,33.11450102139616,33.24498745418455,7717100
2012-02-15,33.136234283447266,33.46969824622461,33.0927406672185,33.1724798854253,7486800
2012-02-16,33.29570770263672,33.513184010971436,33.14347456333854,33.266710124095745,7453800
2012-02-17,33.86115646362305,33.868407243038774,33.411704927521264,33.45520130792934,11555900
2012-02-21,34.01339340209961,34.847056143770885,33.81041580184396,34.83980812891707,20475700
2012-02-22,33.759674072265625,34.24537406676355,33.672684060326674,33.92640608071637,11639500
2012-02-23,34.035160064697266,34.21639094601582,33.72344272760025,33.73794152994939,9232100
2012-02-24,34.056880950927734,34.172868516031514,33.911895803207585,34.07137974223592,9730700
2012-02-27,34.02063751220703,34.33960264512403,33.77416357506512,33.85390554963484,9804600
2012-02-28,34.238136291503906,34.310630300125766,33.94816855310748,34.20913868805516,7947700
2012-02-29,34.484588623046875,34.651320589588636,34.216367873859,34.22361588746432,11348600
2012-03-01,34.40486145019531,34.71657871122566,34.281625808345844,34.455605863352524,7940900
2012-03-02,34.36860656738281,34.528090545932166,34.26711776843772,34.39035337705322,5916700
2012-03-05,34.35409927368164,34.56432759969553,34.027883382515554,34.274357304134185,9044600
2012-03-06,33.83625030517578,34.07694926408166,33.63931555217722,34.018596989538565,9087000
2012-03-07,34.56562423706055,34.64585719363851,33.81435706617336,33.85082583305737,10648900
2012-03-08,34.87926483154297,35.00326199271399,34.61668522660566,34.667742062855815,10433000
2012-03-09,35.08349609375,35.14184836020194,34.88656415044771,34.952206276622334,8799200
2012-03-12,35.44090270996094,35.491959560469304,35.0105644111121,35.06162126162046,9458800
2012-03-13,35.8420524597168,35.86393316453245,35.44818307870286,35.52112339873621,10853100
2012-03-14,36.08274459838867,36.25779576897426,35.90769064541489,36.04627305399416,10076400
2012-03-15,35.88582992553711,36.06088119358939,35.645130953978054,36.03900048068029,8869200
2012-03-16,35.77642059326172,36.119233266304875,35.63054268245252,36.068176414880114,13267200
2012-03-19,35.61594772338867,35.732649463865684,35.36066075320279,35.6742972024327,9028200
2012-03-20,36.0171012878418,36.10462687695964,35.41900466115798,35.41900466115798,7629300
2012-03-21,36.31614685058594,36.418260493887345,35.96604173824334,36.01709855989405,10347800
2012-03-22,36.23592758178711,36.381805462577326,35.98793601916049,36.0827570590325,7195700
2012-03-23,36.13380813598633,36.162984263968106,35.55759212909539,36.01710640644792,8655700
2012-03-26,36.56416320800781,36.57875127875037,36.25052664301798,36.25781928719426,11740100
2012-03-27,36.498504638671875,36.724612694693114,36.469328508092055,36.50579728012235,7785700
2012-03-28,36.4036865234375,36.65167808846597,36.17757566690328,36.389098456978274,7982700
2012-03-29,36.4036865234375,36.42556723193175,36.03170056708939,36.104638116996334,5491400
2012-03-30,36.69544219970703,36.7756723914563,36.469331343715886,36.469331343715886,7713000
2012-04-02,36.46205139160156,36.65169075633791,36.29428996053191,36.54228161127339,8435800
2012-04-03,36.46931838989258,36.64437234241486,36.25779567545804,36.345324042913276,8669600
2012-04-04,36.35990524291992,36.476606937380474,36.14838533460183,36.31614384648963,6280000
2012-04-05,36.92155838012695,36.95802716300024,36.14841016661011,36.243228445602696,9558500
2012-04-09,36.892372131347656,36.9726023126768,36.374505578910515,36.374505578910515,8302700
2012-04-10,36.00252914428711,37.096609230362006,36.00252914428711,36.702739731601554,13245100
2012-04-11,36.28697967529297,36.42556211359895,36.18486600681606,36.23592284105452,7631100
2012-04-12,36.92884826660156,36.96531704400432,36.221342298952614,36.359924766038866,10472200
2012-04-13,37.16952896118164,37.40293237833284,36.90694942128948,36.90694942128948,10430600
2012-04-16,37.701995849609375,37.818697605139164,37.15495584886548,37.51964918269474,10239000
2012-04-17,37.94998550415039,38.03751390315274,37.38835746463662,37.77493427092406,9054400
2012-04-18,37.78952407836914,37.8989304085786,37.56341321078002,37.82599285510563,7051600
2012-04-19,37.607177734375,37.906226157998226,37.4102429994442,37.78222897716505,10894800
2012-04-20,37.53423309326172,37.877045679461546,37.388355219407174,37.78222464409774,11027600
2012-04-23,37.27164077758789,37.38834248043105,36.950711790366206,37.30811232041668,6801100
2012-04-24,37.366477966308594,37.68740709254394,37.096605683283656,37.37377339098967,6437400
2012-04-25,37.86246871948242,37.94999435651216,37.52695145887691,37.55612759868343,6529100
2012-04-26,37.833274841308594,37.96456462649208,37.49046509767486,37.78221801178041,7361400
2012-04-27,37.89165115356445,38.21258039757706,37.4102558963504,37.935412588153724,11022100
2012-04-30,37.774940490722656,37.8989349028084,37.62176994083215,37.85517347849091,6800700
2012-05-01,38.161502838134766,38.47513926707358,37.621758366743876,37.87704253802487,8474800
2012-05-02,38.44597244262695,38.548086135852074,38.030222244559255,38.06669102322687,10109100
2012-05-03,38.27092742919922,38.56997591483372,38.103168794076446,38.438686064322,10470300
2012-05-04,37.898921966552734,38.19067768023435,37.70928270033176,38.139620847698374,8564700
2012-05-07,37.4831657409668,37.80409752990514,37.461285039862176,37.63633621347561,8532000
2012-05-08,36.92155838012695,37.40295354826774,36.33075686336632,37.35919212177571,15807200
2012-05-09,36.5495719909668,36.73921132951522,36.359929870028616,36.6079214865241,17577400
2012-05-10,36.92155838012695,37.01637944150932,36.739211683370755,36.84862081438039,16080300
2012-05-11,36.71732711791992,37.11119660936398,36.50580430410113,36.65168220267925,10489700
2012-05-14,36.381813049316406,36.8996769908427,36.26511127682612,36.571452386216976,12329400
2012-05-15,35.49923324584961,36.10462526770288,34.448917876085275,34.93760819018695,28826600
2012-05-16,35.57218551635742,35.9733475977791,35.55759745018347,35.66700655529353,14756500
2012-05-17,34.295745849609375,35.521115116573334,34.288450428112704,35.513819695076656,15699100
2012-05-18,34.31764602661133,34.67504675831683,34.07694984598488,34.281177245593945,12962200
2012-05-21,34.72609329223633,34.879263796441194,33.82165276678073,33.90918115408821,12713000
2012-05-22,35.20020294189453,35.433609259114576,34.77716007841047,35.003270970072904,15028300
2012-05-23,35.550296783447266,35.594058189701634,34.88655522550053,34.99596152352495,13489900
2012-05-24,36.257816314697266,36.265111740665446,35.49925339261333,35.61595794898603,9702000
2012-05-25,36.06087875366211,36.53498123880563,35.97335312555807,36.28698964051956,9819200
2012-05-29,36.523101806640625,36.6258179996174,36.148920989538645,36.40571147198056,8582600
2012-05-30,36.47174835205078,36.523106455075705,35.884796604046855,36.35435800244999,11996300
2012-05-31,36.200279235839844,36.51576628632059,36.068214758949935,36.405711622643544,14217000
2012-06-01,35.18778610229492,36.13424726063212,35.158437818593065,35.84077002122626,12638700
2012-06-04,35.774742126464844,35.86278698826181,35.03371606525073,35.15110641550663,15969800
2012-06-05,35.89213943481445,36.009532606635055,35.42257794276109,35.56931660872958,9457500
2012-06-06,37.12472915649414,37.12472915649414,36.20028058267687,36.317670922190274,19333500
2012-06-07,37.59428405761719,37.873084296066686,37.35216496765202,37.506239225553976,20693300
2012-06-08,38.40868377685547,38.41602224674595,37.45488700394639,37.572277332938185,13338300
2012-06-11,37.674991607666016,38.65813661259649,37.62363351626567,38.58476871025488,11729100
2012-06-12,38.32797622680664,38.37199584636181,37.71167636378092,37.81439254115089,9006300
2012-06-13,37.396183013916016,38.078514989243196,37.27879271702131,37.99047016746808,14524800
2012-06-14,38.26927947998047,38.570092340280766,37.61629567094854,37.74836012657364,16512900
2012-06-15,38.05650329589844,38.518728825469616,37.86574510842768,38.21791600754674,17480700
2012-06-18,38.38666534423828,38.614110280059904,37.89509432660503,38.100526656504826,11636100
2012-06-19,38.86357116699219,39.046993718773265,38.54808415402426,38.702158425806914,10420400
2012-06-20,38.76087188720703,39.091030385331415,38.401362297479864,38.95896586655876,9376400
2012-06-21,37.60897445678711,38.88559718060672,37.594303109480606,38.746196990737396,20047000
2012-06-22,38.16657638549805,38.16657638549805,37.711689103981776,37.93179567253436,22946500
2012-06-25,37.79970932006836,37.94644788054452,37.57226441139005,37.85106739641423,10104700
2012-06-26,38.0638427734375,38.313297516779905,37.645639644717235,37.88042025035649,9202500
2012-06-27,37.82173156738281,38.100534644129326,37.72635105187366,38.07852483239882,12224000
2012-06-28,37.9244499206543,38.04917872480121,37.33749825092089,37.69700772296116,11017000
2012-06-29,38.87825012207031,38.87825012207031,38.291295644631624,38.34265374158655,9688100
2012-07-02,38.892913818359375,39.06166501666903,38.52606874148866,38.85622987043347,9738900
2012-07-03,37.895111083984375,38.12989179306391,37.32283065664704,38.056521072222296,13270600
2012-07-05,38.23258972167969,38.364654157238256,37.64563822964465,37.68232217312081,9036100
2012-07-06,38.26195526123047,38.349997325062276,37.92445555206283,37.99782627092829,7127700
2012-07-09,38.23992919921875,38.37199364792979,37.95379049328007,38.29862575367066,6132600
2012-07-10,38.31330490112305,38.70215982938325,38.19591457567811,38.474714849356005,8368700
2012-07-11,37.90977478027344,38.59944542299538,37.69700672978011,38.305968196457584,10075500
2012-07-12,37.82173156738281,38.04183808110641,37.31548630593792,37.469560585663814,9535000
2012-07-13,38.21792221069336,38.29862857961695,37.93178348364132,38.049173802401285,7970300
2012-07-16,37.74836730957031,38.012496271080636,37.366848009478346,38.012496271080636,8484000
2012-07-17,37.2127685546875,37.484233150238204,36.88994306924834,37.35950435846233,16519200
2012-07-18,37.352169036865234,37.44021107971413,36.919291694549564,37.117388390064136,9222600
2012-07-19,37.38884353637695,37.69699480665759,37.05134679176918,37.42552747838991,10630900
2012-07-20,37.198089599609375,37.47689262854404,37.124718908413044,37.33015404495708,8926100
2012-07-23,37.38884353637695,37.59427864949917,36.515753401725,36.765208125740614,10575800
2012-07-24,37.542930603027344,37.63831112390318,37.132065833973876,37.38885631463229,8847100
2012-07-25,37.46955871582031,38.04183618270454,37.41820062514127,37.77771005870061,8365500
2012-07-26,38.81955337524414,38.856237330212785,37.961137073991175,37.961137073991175,12548400
2012-07-27,39.40650177001953,39.8247049792148,38.81955014297409,38.87824670508169,9140400
2012-07-30,39.06899642944336,39.44317713560304,38.7461738045447,39.22307067322643,9024400
2012-07-31,38.28395080566406,38.885576482047895,38.23992839075584,38.87090234374516,11606100
2012-08-01,37.9171142578125,38.54074988226872,37.82173373683233,38.37933992230958,8327200
2012-08-02,37.7043342590332,38.21058222555041,37.572269815490074,37.814388894921024,9536700
2012-08-03,38.36465072631836,38.401334666513904,38.04916380278724,38.29861851444428,7484300
2012-08-06,38.15190505981445,38.69483724791,38.107882623328734,38.45271804544917,7471600
2012-08-07,38.44535827636719,38.540735964097394,37.9904684475395,38.33530365353348,6519100
2012-08-08,38.73151397705078,38.77553360650639,38.11521397541329,38.24727846139322,5398200
2012-08-09,38.99564743041992,39.19374138334837,38.51141185911364,38.54809582081125,8324900
2012-08-10,38.92959976196289,38.9516095705032,38.577428831289076,38.84889339890739,9086700
2012-08-13,38.753517150878906,39.054330028772576,38.62879115705264,38.99563626662083,9982500
2012-08-14,40.14018630981445,40.338282980619276,39.413834649002496,39.7293216285651,19528000
2012-08-15,40.35296630859375,40.60242112136277,40.118185637611894,40.16954373446378,9630600
2012-08-16,41.31410217285156,41.43149250995711,40.33095705004019,40.35296686362048,10150600
2012-08-17,41.62225341796875,41.95241463680325,41.13801789661368,41.277418056207544,11263000
2012-08-20,41.50486373901367,41.5782316560173,41.07198631155634,41.50486373901367,8435300
2012-08-21,41.32143783569336,41.74697955686487,41.174699214640896,41.57822832343037,8382600
2012-08-22,41.55622482299805,41.76165724439656,41.24807619090027,41.306769968954065,6677800
2012-08-23,41.49018096923828,41.76898403373545,41.41681306748926,41.512193578807825,6613200
2012-08-24,41.791015625,41.82036392051768,41.372812209699426,41.372812209699426,5784000
2012-08-27,41.57822036743164,41.8790360223716,41.39479782591559,41.8790360223716,7164000
2012-08-28,41.6888427734375,41.924831049629724,41.44548109439021,41.47498033221478,4758300
2012-08-29,41.9174690246582,42.04283659963857,41.696230307326246,41.80684825939076,4593900
2012-08-30,41.75521469116211,41.88795844829519,41.64459676901931,41.821586569728645,5846200
2012-08-31,41.85110092163086,42.01334397520845,41.70360749230606,41.89534979438925,7446700
2012-09-04,41.88058090209961,42.03544766569952,41.64459264903253,41.88058090209961,5914100
2012-09-05,41.69622039794922,42.271441488947865,41.57085003956101,42.01333018226956,6068500
2012-09-06,42.514808654785156,42.52955546191794,41.66672377132674,41.66672377132674,7706900
2012-09-07,42.22719955444336,42.69180279584461,42.06495934073075,42.59593166055804,6808700
2012-09-10,42.256683349609375,42.68441378666704,42.197687697064474,42.3894270843375,6903700
2012-09-11,41.828948974609375,42.25667652943062,41.74782750390158,42.20505428683497,7490100
2012-09-12,42.072330474853516,42.10920312083482,41.61510347563969,41.92483707772573,7774400
2012-09-13,42.994163513183594,43.06053540558862,41.89534339950375,42.08708285911674,10772200
2012-09-14,43.849613189697266,44.033979208301645,43.259642492803685,43.30389135002152,12476500
2012-09-17,43.44399642944336,43.856977209018204,43.26700386299659,43.65786162671612,7985900
2012-09-18,43.407135009765625,43.54725216837429,43.14902090091538,43.48825650645564,5216500
2012-09-19,43.85698699951172,44.24784203728307,43.51037800332835,43.64312175449636,6648700
2012-09-20,43.71686935424805,43.73161897329468,43.33338769864209,43.65049747513928,6362100
2012-09-21,43.82011795043945,44.19622623810808,43.73899925794072,43.93811491378839,9011000
2012-09-24,43.79798126220703,43.893852358416716,43.421875905079155,43.76848203057304,5589200
2012-09-25,44.04135513305664,44.67557468297199,43.9676070381815,44.122476630818205,9723100
2012-09-26,43.635738372802734,44.21096213780023,43.60624195432206,43.93810127774339,8583300
2012-09-27,44.159358978271484,44.39534730733991,43.68738232013464,43.82012329368319,5824200
2012-09-28,44.52070236206055,44.55757500063744,43.80536417142246,44.011853198014656,7740800
2012-10-01,44.66819381713867,44.87468283489021,44.49857743638536,44.815687178333434,8537400
2012-10-02,44.491207122802734,44.90418518697434,44.35846336983269,44.88943556851077,6573100
2012-10-03,45.553157806396484,45.560531209589385,44.52808315724304,44.579705419200245,8468300
2012-10-04,45.53104019165039,46.03251325119773,45.36879717011287,45.604785485147836,8722300
2012-10-05,46.607723236083984,46.607723236083984,45.6490206424668,45.700642895055296,9672400
2012-10-08,45.63427734375,46.53398159428877,45.53103282427851,46.44548669377066,9770300
2012-10-09,44.94844436645508,45.47941668709079,44.94844436645508,45.42042101288803,9707700
2012-10-10,44.05610656738281,45.029558954228825,43.9602354466958,44.62395144870775,15262700
2012-10-11,43.51774978637695,44.240466988374955,43.32601038249307,44.210967752946075,10431000
2012-10-12,43.923370361328125,44.115109822488506,43.62838354532455,43.69475543826522,6554400
2012-10-15,44.72719955444336,44.80094484042238,44.063480727822835,44.15935185015743,8072200
2012-10-16,44.882057189941406,44.9853016945379,44.56494746113688,44.882057189941406,7162400
2012-10-17,45.27293014526367,45.81127871360252,45.095940299531854,45.19918484507589,11372700
2012-10-18,45.57528305053711,45.64903115207212,45.24342362663562,45.272922867249626,9420000
2012-10-19,45.64165496826172,45.74489949728283,45.36141780863125,45.545783842798215,10798800
2012-10-22,45.75227355957031,45.759646962780714,45.302420007274115,45.53840829483896,7785800
2012-10-23,45.53840637207031,45.5605293939697,45.029557175969195,45.390912995269325,8273900
2012-10-24,45.19179916381836,45.89239062170753,45.154926521445724,45.68590157385895,7187200
2012-10-25,44.60183334350586,45.64165772651904,44.47646578303316,45.50154054483733,9604000
2012-10-26,44.27735137939453,44.58708499401019,43.834871170111576,44.52808932069407,10458600
2012-10-31,45.265541076660156,46.46023196814448,44.904182479099084,46.283239370457,13817800
2012-11-01,45.91450881958008,46.01037993023617,45.516280385320144,45.68589677297201,6879900
2012-11-02,45.73752975463867,46.393872438695524,45.70803051164221,46.12838487813261,8905700
2012-11-05,46.00301742553711,46.1136353672352,45.67115797403751,45.73752986433743,4904200
2012-11-06,46.18000793457031,46.386499825865535,45.966145452204216,46.15788490854689,7017900
2012-11-07,45.71539306640625,45.99562735151342,45.30241222748785,45.973504332479116,8778000
2012-11-08,44.882057189941406,45.71539225493016,44.86730757311308,45.575272301661975,7251300
2012-11-09,44.9557991027832,45.24340957644722,44.47644925107702,44.73456049328792,6562300
2012-11-12,45.10329818725586,45.30241380510401,44.61657205913878,45.16229665767097,8353500
2012-11-13,46.740482330322266,47.522195404217285,45.83340169129836,45.98089228246112,21441300
2012-11-14,45.3319091796875,46.82896007395312,45.22128846368096,46.63722068783701,13379700
2012-11-15,45.169677734375,45.63428092162524,45.014810943025715,45.1844273544848,8204600
2012-11-16,45.8112678527832,45.92926199303162,45.00743189321514,45.00743189321514,9059100
2012-11-19,46.70359420776367,46.710967609597624,45.94400441158499,46.08412436524604,10036100
2012-11-20,47.06496047973633,47.10183312353959,46.57086086372733,46.62248312769238,8560400
2012-11-21,47.26407241821289,47.33044711427723,46.82897129114266,46.94696543698595,5574000
2012-11-23,47.80242919921875,47.8098054166092,47.286206509993896,47.40419785621444,3721900
2012-11-26,47.69180679321289,47.85404981175503,47.31570411539808,47.64018452607723,6719200
2012-11-27,47.52883529663086,47.751067718784974,47.0769525317693,47.4177162596793,8234300
2012-11-28,48.0251579284668,48.039971161756625,46.94360821647731,47.31400121795847,7759600
2012-11-29,47.58809280395508,48.165905000880535,47.48438321228891,47.82514410658472,7629200
2012-11-30,48.202945709228516,48.32147418431854,47.43993701901996,47.70662043622375,9271800
2012-12-03,48.13628387451172,48.832618974142584,48.07701962934116,48.151097109929616,6696200
2012-12-04,47.58809280395508,48.143682324344766,47.5806890129424,48.09923697127323,7787600
2012-12-05,47.42512512207031,47.76589171229328,47.002880083777065,47.53624417090393,6050500
2012-12-06,47.66216278076172,47.74364968307712,47.143614903980016,47.45474363004904,5837400
2012-12-07,47.743648529052734,47.965886557586245,47.43992925192129,47.85476754331949,6092800
2012-12-10,46.69915771484375,47.662176280450474,46.69174827114882,47.662176280450474,8150000
2012-12-11,46.58802032470703,47.03990013244988,46.48431076080677,46.8695197309175,6880200
2012-12-12,46.61765670776367,46.847301353066925,46.410237560956816,46.810259797530904,7216500
2012-12-13,46.232444763183594,46.876927661128335,46.18799659489046,46.69914063970332,5875900
2012-12-14,45.97317886352539,46.239859442169944,45.77316631013629,46.17319141691449,5783500
2012-12-17,46.89916229248047,46.92138496801833,45.92132500657412,46.03985065256658,8188700
2012-12-18,46.66952133178711,46.95842744027254,46.447286081096365,46.95842744027254,7751400
2012-12-19,45.75836181640625,46.77323807265847,45.74354575398013,46.76583145438289,7597900
2012-12-20,45.906497955322266,45.91390457010328,45.358315207697565,45.52128899161614,8436700
2012-12-21,45.42501449584961,45.7213301384106,44.854608720738725,45.42501449584961,15929900
2012-12-24,45.610206604003906,45.90652221757678,45.187958691481384,45.195365310176896,3022600
2012-12-26,45.29166030883789,45.706501529393634,45.187950710167605,45.57315980942481,4453800
2012-12-27,45.23979568481445,45.49906962518385,44.6027193446222,45.210163569951085,7184600
2012-12-28,44.92866897583008,45.57315196076946,44.647169523723285,44.89903685963481,6508700
2012-12-31,45.817604064941406,45.832420121166805,44.69161205054878,44.7508734495766,7880800
2013-01-02,47.02510452270508,47.19548499831679,46.38062136263035,47.09177538932487,9067200
2013-01-03,46.89173889160156,47.35843472009367,46.72876794304558,47.24731572373297,6056800
2013-01-04,46.802852630615234,46.943600932022754,46.66951094470332,46.825075302975925,4779100
2013-01-07,46.550987243652344,46.669512877608135,46.210226399263696,46.37319737978165,5466500
2013-01-08,46.83249282836914,47.010279889691276,46.469506437202,46.48432249662458,5433000
2013-01-09,46.795440673828125,47.1362043116602,46.67691505115246,47.04730797524814,4712400
2013-01-10,47.12880325317383,47.12880325317383,46.50654291698086,46.95101620047541,6714100
2013-01-11,47.188079833984375,47.23252519585026,46.9213963592891,47.0176993531235,4567100
2013-01-14,47.02510452270508,47.33623617555575,46.95843365608528,47.15844625594467,4532200
2013-01-15,47.37326431274414,47.417712489165275,47.00287132019082,47.039910054271296,5119400
2013-01-16,47.30659484863281,47.41030443744984,47.07695016919915,47.14362102284929,3915400
2013-01-17,48.18812942504883,48.36591647467986,47.43993401571849,47.55105304114354,7796000
2013-01-18,48.499263763427734,48.50667320644277,48.12146129414763,48.262212452688054,6534400
2013-01-22,48.706687927246094,48.884475015517246,48.314072183595385,48.44000446896455,6574000
2013-01-23,49.232635498046875,49.24745438260962,48.38073049164097,48.49925896114894,6795500
2013-01-24,49.891937255859375,50.14380744126187,49.306715622562585,49.306715622562585,8484600
2013-01-25,50.240108489990234,50.46975035146861,49.84749279710828,50.084544101400155,7494700
2013-01-28,50.06232452392578,50.484572362453,49.82527320495873,50.484572362453,6561200
2013-01-29,49.78080368041992,50.22527968343478,49.61042611077843,50.00304168192735,6504300
2013-01-30,49.810447692871094,50.062317864879994,49.640070082518115,49.79563446004634,5102200
2013-01-31,49.57339859008789,50.047501185852425,49.57339859008789,49.80304609710576,5615900
2013-02-01,49.85489273071289,50.18083467960173,49.788219061606384,50.091943989790146,4983300
2013-02-04,49.1585578918457,49.79563428428316,49.12892577455228,49.52895088039081,4741000
2013-02-05,49.180782318115234,49.580807438197915,49.121518081418095,49.35856937645798,7112000
2013-02-06,49.38821029663086,49.425251864105185,48.891884942273165,48.921517065902684,5187000
2013-02-07,49.12152862548828,49.41043477671548,48.76595443247783,49.37339885964142,5743500
2013-02-08,49.640079498291016,49.6474832902335,49.1956089565102,49.299318561200735,4459000
2013-02-11,49.17336654663086,49.61784261290353,49.05484374023999,49.53635571087007,3953500
2013-02-12,49.86970520019531,49.951192099110074,49.27707423567845,49.410415920107354,4932500
2013-02-13,49.96600341796875,50.128977209562024,49.765993724852706,50.017858201498655,3668900
2013-02-14,49.884517669677734,49.98082344969684,49.603021074289714,49.72895331550954,5439700
2013-02-15,50.01786422729492,50.36603452368971,49.48450309748074,50.01786422729492,8131200
2013-02-19,50.040103912353516,50.31419115550197,49.59562772565427,50.09936250573053,5455500
2013-02-20,49.21782684326172,50.07713572012969,49.1659720459658,49.95861289134574,5598400
2013-02-21,47.691795349121094,48.832606340642066,47.625127329364034,48.78816099413736,10622400
2013-02-22,48.580753326416016,48.69927616236453,47.78070298970346,48.00294107826229,7500700
2013-02-25,47.35103225708008,49.29930274534232,47.27695479917322,48.86223613572064,10268800
2013-02-26,50.0474967956543,50.373444421055865,48.5140701106715,48.56592490091736,22792900
2013-02-27,50.41789627075195,50.580870104468296,49.90675774434495,50.062322135142644,14180400
2013-02-28,50.743839263916016,51.25498339498797,50.26973669227624,50.306778251708415,8705100
2013-03-01,51.13645935058594,51.19572359010563,50.44011866560191,50.654947295049084,6241800
2013-03-04,52.06983947753906,52.07724891872798,51.062370242256726,51.07718347288691,8375900
2013-03-05,52.203189849853516,52.566173404065076,51.94391588255955,52.284676761252854,8323800
2013-03-06,52.21059799194336,52.56617209487687,52.06243740593067,52.20318854970561,5276600
2013-03-07,52.04022216796875,52.225418688139456,51.810580291516835,52.15134121042102,4998300
2013-03-08,52.869895935058594,52.929154516457245,52.14392320837871,52.29207813949786,6470300
2013-03-11,52.832862854003906,52.87730821012172,52.59581153512683,52.832862854003906,4902500
2013-03-12,52.69877624511719,52.989270811489135,52.482766445000514,52.810506235911795,4450400
2013-03-13,52.706241607666016,52.840316498672706,52.400846590385484,52.72858647569629,5826700
2013-03-14,52.318904876708984,52.85520437162271,52.274215146407606,52.78816977617065,6308900
2013-03-15,51.43253707885742,52.28167622855476,51.43253707885742,52.16249601247244,11275100
2013-03-18,51.65598678588867,52.07311182160942,50.98561233814548,50.98561233814548,6011200
2013-03-19,51.23884582519531,51.946459526569754,51.067525773031484,51.80494019598841,7657600
2013-03-20,51.305904388427734,51.80496441746411,51.27610933573712,51.685784206701626,6112000
2013-03-21,51.3580322265625,51.62618195486338,50.96325781623728,51.13457790819436,8045600
2013-03-22,51.81239318847656,51.81984337009368,51.2463044076928,51.56659402334676,5291800
2013-03-25,51.745365142822266,52.40828931994928,51.596389905767516,51.99117002184443,7027100
2013-03-26,52.17738342285156,52.438082977256094,51.80495386432393,51.886888821825934,4661200
2013-03-27,51.87944030761719,51.91667985497292,51.39528072939858,51.55170046707089,4156300
2013-03-28,51.976261138916016,52.11033598888114,51.641076855414845,51.72301180166149,6752100
2013-04-01,51.89433288574219,52.713676771060285,51.77515838308226,51.77515838308226,5357700
2013-04-02,52.899906158447266,52.92225671151621,52.0135274361159,52.06566736095892,7291600
2013-04-03,52.408287048339844,52.84030669283662,52.155031997736096,52.77326641836175,7796000
2013-04-04,52.65409851074219,52.73603347712579,52.199733945460316,52.408293611591404,6613700
2013-04-05,52.18483352661133,52.326358592554165,51.84964916107004,52.14014379329241,6986100
2013-04-08,53.048866271972656,53.071211135830644,51.97626734419746,51.97626734419746,6097200
2013-04-09,53.03396987915039,53.30956981396077,52.84775508928986,53.05632042750615,5994800
2013-04-10,53.39896011352539,53.47344490009476,52.86266055770602,53.18295025449676,5423200
2013-04-11,53.55538558959961,54.07678483409281,53.42876087062634,53.50324566515029,7627800
2013-04-12,54.83655548095703,54.86635054129077,53.74161116570565,53.93527621646159,10493000
2013-04-15,53.80118942260742,55.26111296007086,53.78628905431291,54.635428196686284,8360600
2013-04-16,53.972511291503906,54.225766441867094,53.652221523084314,54.039551592386545,8119700
2013-04-17,54.22575759887695,54.35238231199582,53.58517816650172,53.79373785465639,8838600
2013-04-18,53.98740005493164,54.300239570922365,53.84587498124893,54.12891944578935,7549200
2013-04-19,55.11956787109375,55.32812748892182,54.166149227980625,54.31511875990829,9579900
2013-04-22,55.015296936035156,55.283446683015654,54.55348222005224,55.05998666625714,7223500
2013-04-23,54.65776062011719,55.55903948063918,54.09911627561664,55.223855147068505,7898800
2013-04-24,54.583274841308594,55.00784430801609,54.568380159504834,54.78438998401553,6248300
2013-04-25,54.65031051635742,54.96314995331972,54.523680158976305,54.60561510906027,5645200
2013-04-26,54.63542175292969,54.88867683863835,54.471551817969626,54.55348678544966,4983000
2013-04-29,54.87379837036133,55.13449806055015,54.665238618210275,54.70248386659169,4518700
2013-04-30,54.63542175292969,55.127031557809865,54.53859210173727,54.74715177065925,6601900
2013-05-01,54.19596481323242,54.81419371960517,54.10657965050147,54.508804358552446,5554700
2013-05-02,54.620513916015625,54.732243906839415,54.024624420171,54.20338899579503,3722900
2013-05-03,55.08977508544922,55.424965070255936,54.911010503246466,54.911010503246466,4953100
2013-05-06,56.058109283447266,56.14004425635853,55.03019987158781,55.03019987158781,5731200
2013-05-07,55.91657257080078,56.072992300312606,55.56648788354025,56.04319725428788,5582300
2013-05-08,56.17726516723633,56.23685525191063,55.804835662256785,56.00595077732677,6536600
2013-05-09,56.51247024536133,56.74337478169935,56.13259045749493,56.13259045749493,6338300
2013-05-10,56.61672592163086,56.75824524666548,56.1698117233938,56.71355553168848,5169700
2013-05-13,57.108375549316406,57.2424504843949,56.5720758090024,56.61677124257984,4466100
2013-05-14,57.592498779296875,57.66698354418929,57.167929368304485,57.19027422948988,6071700
2013-05-15,58.009647369384766,58.28524739008181,57.68191310141729,57.801087648998326,6706200
2013-05-16,57.16796112060547,58.50126017916854,57.12327137341305,57.7266056918166,8299200
2013-05-17,57.2498893737793,57.465899264494794,56.75827948122145,56.86255933428055,8735000
2013-05-20,57.175392150878906,57.354156762584395,56.98172717321697,57.18283665103258,8867700
2013-05-21,58.627838134765625,59.193932439723966,58.14367875616265,59.08965265760295,14108500
2013-05-22,59.35783386230469,60.75071698551642,58.97795406378106,59.037544166064166,14832400
2013-05-23,58.776851654052734,59.03010109503222,57.94260717004705,58.761951285274165,9634900
2013-05-24,58.83643341064453,59.13437826161312,58.32992886884553,58.471453951691316,6188200
2013-05-28,59.45466232299805,60.057996468735546,59.20885741813284,59.54404747462853,7715800
2013-05-29,59.208866119384766,59.4919162997322,58.910921252989084,59.12693113905531,7127000
2013-05-30,59.171634674072266,59.663238940612224,58.940724387479065,59.253569665633336,5449100
2013-05-31,58.59061050415039,59.87176318513533,58.59061050415039,59.246084365316385,6905600
2013-06-03,58.903465270996094,58.903465270996094,58.136261225463855,58.58317559654021,6191400
2013-06-04,57.361454010009766,59.000782325644415,56.9497544373049,58.7612462635828,8791700
2013-06-05,56.21617126464844,57.526135335380545,56.066463369532244,56.97220927026249,8761500
2013-06-06,57.83302688598633,57.91536791730962,56.14878786326375,56.15626925811973,11515700
2013-06-07,58.94089889526367,59.113068122776845,58.080064179678594,58.18486656446296,6555900
2013-06-10,58.18486022949219,59.644532106262886,58.03514663252226,59.090606074948596,7627800
2013-06-11,58.095008850097656,58.78367398792298,57.60844984866047,57.8105616960361,5979700
2013-06-12,57.189273834228516,58.61152128683013,57.159331121322445,58.41689650843491,7360200
2013-06-13,57.286598205566406,57.51116575503229,56.9497525923576,57.151858818084875,9194600
2013-06-14,57.33149719238281,57.600975909819645,56.942253328856715,57.0545370796202,8613100
2013-06-17,56.99464416503906,57.99770497285858,56.65779866798086,57.69828358048015,9315500
2013-06-18,57.780635833740234,57.915375200942854,56.97968673731052,56.97968673731052,6421500
2013-06-19,56.83747482299805,57.84053037168315,56.829987714294106,57.69082246354797,8027600
2013-06-20,55.29546356201172,56.46320127624971,55.24306522127004,56.46320127624971,12373500
2013-06-21,55.25801086425781,55.90925201057733,54.659168036999276,55.75953844826847,15552500
2013-06-24,55.02595520019531,55.40771188731244,54.20255069742986,54.56933888565499,10214400
2013-06-25,55.49754333496094,55.931704071652405,55.243038861651655,55.44514501922149,8520800
2013-06-26,56.642845153808594,56.79255876019505,55.826927415215394,55.984122418678574,7390100
2013-06-27,57.09196090698242,57.503666087416995,56.74014686577961,56.882367619120735,6674500
2013-06-28,57.99024200439453,58.22977807580006,56.82998576762343,57.009642104420394,12475000
2013-07-01,57.54108810424805,58.24472180221754,57.36143184388359,58.10998246243819,7471000
2013-07-02,57.87046813964844,58.476798250950004,57.608476467352766,57.85549963451303,6886300
2013-07-03,58.18486022949219,58.37947933906843,57.578530155996084,57.63092848718812,3025600
2013-07-05,58.604061126708984,58.806167393016764,57.9378511634473,58.31961378979662,4991500
2013-07-08,59.30019760131836,59.539733638216056,58.79118280903706,58.80615131278522,6051200
2013-07-09,59.65948486328125,59.99633608430902,59.382524776222894,59.53971972830721,4986400
2013-07-10,59.43494415283203,59.65950600209668,58.84358824108497,59.63705038826924,5459400
2013-07-11,59.77927017211914,60.39308162870957,59.5696768519648,60.08617304491953,6845700
2013-07-12,60.28826904296875,60.44546399156011,59.82416559165986,59.82416559165986,5178300
2013-07-15,60.18347930908203,60.74489235168357,60.01131012984916,60.35564277732611,5041400
2013-07-16,60.04873275756836,60.40055246921465,59.7642798616902,60.19095920550745,5031500
2013-07-17,60.21343231201172,60.80478816991566,60.17600248504713,60.45296835601169,5700200
2013-07-18,59.8990364074707,60.22091350089069,59.854125184059924,60.13109105406914,5297800
2013-07-19,59.80170822143555,59.97387737585259,59.44988851835706,59.84661943085391,5886200
2013-07-22,59.884071350097656,59.928982576093404,59.32265818119049,59.86910284509577,5957900
2013-07-23,60.02627944946289,60.23587272119104,59.779256360216856,59.98884963194501,4985800
2013-07-24,60.08615493774414,60.23586848630171,59.56965890043732,60.22089427595199,4813300
2013-07-25,59.12803268432617,59.95892462183049,58.304627854733525,59.951437513918826,9967600
2013-07-26,58.94089889526367,59.412489638326925,58.57411053698478,58.70136282502169,5577600
2013-07-29,58.88850784301758,59.120562544544576,58.663945961818975,58.86605222599683,5179000
2013-07-30,58.83610916137695,59.337636975260665,58.77622370900518,59.26278301529148,4813400
2013-07-31,59.15798568725586,59.681974823336866,58.903481083923865,58.903481083923865,5915000
2013-08-01,58.86604309082031,59.861617171509344,58.84358747728436,59.52476583549933,6727400
2013-08-02,60.05624008178711,60.25834630812159,58.76124453649124,58.86604120362616,5964400
2013-08-05,59.629554748535156,59.84662943767918,59.4124743484022,59.84662943767918,3578500
2013-08-06,59.921504974365234,60.131098323607276,58.94089936042503,59.599627842031964,6311100
2013-08-07,59.00827407836914,59.56220019467576,58.83610484318417,59.55471308593103,5322200
2013-08-08,59.91401672363281,60.048756118575376,59.202889918273016,59.45740020249357,4467900
2013-08-09,59.11305236816406,59.68195252498881,58.78368821774097,59.64452270389932,5299300
2013-08-12,59.28520965576172,59.53971984845105,58.82111190419198,58.851054615742974,3844400
2013-08-13,59.46489715576172,59.614605081154345,58.446867272316304,59.24032955668151,6956400
2013-08-14,57.967769622802734,59.30767609781099,57.77314483639667,59.24779066953393,8648100
2013-08-15,56.246097564697266,57.33898087074812,56.036504288329766,57.2491584442983,13702000
2013-08-16,56.42575454711914,57.15184970212154,56.08890898763864,56.283533785399584,9138200
2013-08-19,56.29850387573242,57.219223854464424,56.276048265932246,56.50809718185307,9184100
2013-08-20,55.609840393066406,58.012687809266986,55.13076833126258,57.66835512178233,17038100
2013-08-21,55.190643310546875,56.388323238149,54.96607582556406,55.841878737217954,10788400
2013-08-22,55.39275360107422,55.542461461546466,54.906194488056215,55.32538677715835,6668700
2013-08-23,55.310420989990234,55.542469922367026,54.726552249823044,55.50504580704252,7730800
2013-08-26,56.463199615478516,57.00215722496376,55.25803210287697,55.265519211617224,10362900
2013-08-27,55.48258590698242,56.31347773022205,55.355327933944764,56.02902477859706,8264200
2013-08-28,56.16374588012695,56.38082622118616,55.40022684518367,55.47508075668989,7076000
2013-08-29,56.17874526977539,56.635361758914165,55.991607551636214,56.11885982933327,5704200
2013-08-30,55.759559631347656,56.2386317907588,55.52751066034899,56.23115039304252,6331300
2013-09-03,55.60904312133789,56.62490403894356,55.4434943105636,56.308859440763364,7802800
2013-09-04,55.789649963378906,56.06807353887441,55.48865258952787,55.66925445846692,8271600
2013-09-05,54.924278259277344,55.84231755895812,54.81140353961964,55.73696935155672,11039000
2013-09-06,54.7060661315918,55.35320852826337,54.33734733289916,55.34568775556914,9968400
2013-09-09,55.36824035644531,55.52626263823884,54.85654669780859,54.91674730260013,5781800
2013-09-10,56.13578796386719,56.173414783819425,55.48864569980616,55.65419452192131,6438700
2013-09-11,56.466896057128906,56.51957017018122,55.80470638717877,56.18095169213748,6441500
2013-09-12,56.73777770996094,56.993621692070384,56.41420660602794,56.57222890222133,6872200
2013-09-13,56.519569396972656,56.74531887327864,56.31639372008774,56.68511824745736,4888400
2013-09-16,56.8431396484375,57.40750758886156,56.58728986343385,57.226911455419184,8054400
2013-09-17,57.03877258300781,57.302143065409524,56.86569727111758,56.91837136759792,6825600
2013-09-18,58.22018814086914,58.67920777431851,56.70015421799028,57.01619882890891,10594300
2013-09-19,59.07804870605469,59.23607107012462,58.42337970543756,58.57387555472836,7693700
2013-09-20,57.941741943359375,59.303747286971706,57.941741943359375,59.303747286971706,14158300
2013-09-23,57.121559143066406,57.761174948213046,57.01620518663261,57.53542549178616,6248800
2013-09-24,57.21937561035156,57.78374345873491,56.873230685602046,57.038779506361955,5412700
2013-09-25,56.82808303833008,57.42255125368409,56.632439631540564,57.09898009193564,6785600
2013-09-26,57.24195098876953,57.50532151042272,56.903332566793544,56.903332566793544,3798200
2013-09-27,57.159202575683594,57.257024316494004,56.72275651782287,56.925932256262946,4058700
2013-09-30,57.076416015625,57.24949139531418,56.40669978043538,56.572248645951596,6276200
2013-10-01,57.38493347167969,57.505328979624636,56.91838724340513,57.09898337584631,4411700
2013-10-02,57.43009567260742,57.475243281935775,56.76790585791259,57.083950605309056,5118400
2013-10-03,57.09897994995117,57.813849405595455,56.8205621251941,57.4902782446516,6979700
2013-10-04,57.02370834350586,57.37737966789481,56.79796472058693,57.03876136299401,4855800
2013-10-07,56.53460693359375,57.076400990458396,56.50450662587386,56.73778257544133,5087000
2013-10-08,55.88745880126953,56.63994919210473,55.81221091039523,56.45182659439593,8997900
2013-10-09,55.789649963378906,56.16589524543085,55.60905383548724,55.94767229291504,6817600
2013-10-10,56.82057189941406,56.82057189941406,56.2411508705643,56.46690036718985,6092800
2013-10-11,57.43009567260742,57.66336597553591,56.75285282743714,56.775426632101315,6936700
2013-10-14,57.45263671875,57.58055869960738,56.880742448796305,56.99361714880694,4119000
2013-10-15,56.572208404541016,57.36984610804794,56.50448130725686,57.294598242988734,6645400
2013-10-16,56.39162063598633,56.88073470100004,56.113197179357265,56.76786575740915,12877900
2013-10-17,56.99361801147461,57.046292106804096,56.06805808767851,56.06805808767851,7176400
2013-10-18,56.20354461669922,56.81306038100188,55.48867484939455,56.63246418066215,14334800
2013-10-21,56.15083694458008,56.28628544918849,55.79716553026666,56.135783921264554,7578700
2013-10-22,56.3314323425293,56.53460222641388,56.12825671759851,56.466880845467756,6867000
2013-10-23,56.49698257446289,56.74530579294909,56.0680632611896,56.09063705540719,5526100
2013-10-24,57.77621841430664,57.82136600618929,56.745310126007716,56.7528308972903,7927400
2013-10-25,57.37739181518555,57.64828881287535,57.196795730407686,57.60314122694239,5944200
2013-10-28,57.23442077636719,57.49027051018083,57.0387773963851,57.30214790101208,7728100
2013-10-29,58.31801223754883,58.35563905799175,57.48274734492729,57.527894936621394,7248000
2013-10-30,58.603973388671875,59.14576760883083,58.3330762785924,58.45347754576034,7251900
2013-10-31,58.61149597167969,59.03288889640514,58.33307236581578,58.68674388808808,7577600
2013-11-01,57.934242248535156,58.71683306098682,57.82136752481721,58.679211980445466,7178300
2013-11-04,57.941741943359375,58.25778643065435,57.64827124215058,58.077190400920685,3906500
2013-11-05,57.67841720581055,57.7912919666575,57.24197119242839,57.776238936651865,6035300
2013-11-06,57.505340576171875,57.783764214828345,57.12157443497488,57.731090093033735,5059600
2013-11-07,56.95599365234375,58.08472912232412,56.94094063109188,57.806305639619254,5424600
2013-11-08,56.79798126220703,56.97105084941117,56.27123450656559,56.64747972871813,9229700
2013-11-11,56.7152214050293,56.94096515161023,56.38412368745305,56.63996774845436,5774000
2013-11-12,57.324737548828125,57.633255727842126,56.97859254115602,57.068887744258646,6629200
2013-11-13,58.39327621459961,58.4610033618346,56.95602198650447,56.95602198650447,7064700
2013-11-14,59.40158462524414,59.7025761448382,58.73938950362864,58.79959010396554,6843800
2013-11-15,60.22182846069336,60.26697606455197,59.11566623777084,59.32636271050878,10414800
2013-11-18,59.950923919677734,60.55291868801874,59.5897316515112,60.199247192196964,8613000
2013-11-19,60.48518371582031,61.907390287254515,60.39488853099709,61.869769207260454,12236700
2013-11-20,60.011104583740234,60.7485476426162,59.73268109130882,60.7485476426162,7236900
2013-11-21,60.071319580078125,60.24438918466477,59.71764811716578,60.24438918466477,5618600
2013-11-22,59.58220672607422,60.06380025716317,59.28120933388168,59.898251404404895,7786200
2013-11-25,60.011104583740234,60.22932747115205,59.67248622733489,59.67248622733489,5496100
2013-11-26,60.462623596191406,60.8764957570714,60.26697441640739,60.35727536270343,9360700
2013-11-27,60.695884704589844,60.76360609190006,60.28953915758837,60.45508224025113,5450000
2013-11-29,60.70338821411133,61.24518212271465,60.673287914628354,60.86141048061312,3372600
2013-12-02,60.02617263793945,60.763615952025,59.83804998793318,60.537866475598406,5915600
2013-12-03,59.519527435302734,60.10179513893787,59.21705123061924,59.7085743420732,7276900
2013-12-04,59.285125732421875,59.549790313296604,58.75579080141725,59.09607877904633,7148800
2013-12-05,59.390960693359375,60.147148113795446,59.18678685906042,59.22459853778309,6264900
2013-12-06,60.374000549316406,60.53280498368435,59.59512843359271,59.79930226677885,5094600
2013-12-09,60.19254684448242,60.94873463340621,60.139613930027956,60.426968982142185,5799800
2013-12-10,59.44388961791992,60.442056715561264,59.285090962528315,59.980781958315845,7448400
2013-12-11,59.73882293701172,60.35133307286291,59.26998452816963,59.26998452816963,7834500
2013-12-12,59.38341522216797,59.8900595629681,59.194368309697424,59.73126084880331,8535200
2013-12-13,59.74636459350586,60.16982766656751,59.37582863532524,59.8068551973349,6027100
2013-12-16,59.81442642211914,60.31351291070468,59.68587593963587,59.89760750355007,7099700
2013-12-17,59.451454162597656,60.01859470017397,59.44389067337277,59.973219534076584,6226000
2013-12-18,60.53282165527344,60.54037937765654,59.21705103464279,59.58758712454932,8170300
2013-12-19,60.457176208496094,60.85039686052056,60.22275997660757,60.555484256128025,6620800
2013-12-20,60.525245666503906,61.122634458884335,60.525245666503906,60.631111450545745,11232900
2013-12-23,60.91847610473633,61.19070412415057,60.525261059612426,60.54794576635461,3941300
2013-12-24,60.97895050048828,61.22093023385324,60.918454124834064,60.918454124834064,1819800
2013-12-26,61.66710662841797,61.810778362234295,61.107523600277545,61.13020830723517,3848800
2013-12-27,61.73516845703125,62.18887996059263,61.41757098146376,61.74273195004613,3961900
2013-12-30,61.96200942993164,61.99225762411351,61.59903686900224,61.75783556151725,3526400
2013-12-31,62.26448059082031,62.362788665420815,61.79564799842973,61.99981610007511,4493600
2014-01-02,62.02249526977539,62.438400696161374,61.85613886847369,62.09055514375341,4253400
2014-01-03,61.92420196533203,62.37035564835589,61.87883255559363,61.939328948080515,3897900
2014-01-06,61.32681655883789,61.992265375539716,61.32681655883789,61.74272206927653,11188800
2014-01-07,61.629295349121094,61.946892787158156,61.31169791108403,61.485617845090665,4630900
2014-01-08,61.95442581176758,61.96198930016916,61.27385608690673,61.65951322586975,4662300
2014-01-09,61.68223571777344,61.962027267562355,61.22852421293706,61.931779064672625,4966000
2014-01-10,62.01493453979492,62.03761924026937,61.56878094320522,61.79563948645455,4981000
2014-01-13,61.228511810302734,62.10568643940259,61.22094831879868,61.71247141999651,6952400
2014-01-14,61.25877380371094,61.62174070810153,60.95629753721549,61.46294196627378,5217300
2014-01-15,61.304107666015625,61.576335571034754,61.05456445820616,61.13774552747598,5196800
2014-01-16,61.44779968261719,61.53853849297887,61.08482713341159,61.17557171302623,4871200
2014-01-17,61.2512092590332,61.51587382420275,60.98654469386366,61.49318911422463,6178000
2014-01-21,60.84286117553711,61.62929706971888,60.35133802051673,61.47806183859919,6932800
2014-01-22,60.64624786376953,61.10752279668887,60.43451624261062,60.99409926339229,5821600
2014-01-23,60.67648696899414,60.72186214476651,59.88249350864167,60.207654383620245,6387000
2014-01-24,59.859825134277344,60.49502007583132,59.859825134277344,60.20010731450201,7118300
2014-01-27,59.69343185424805,59.8673517157126,59.37582877942931,59.6329354810205,6591200
2014-01-28,59.390960693359375,59.68587332578927,58.846504827565056,59.30021612597626,10586500
2014-01-29,57.984466552734375,59.54977468511584,57.946654864280454,59.194365582962185,9195300
2014-01-30,58.17353820800781,58.801175580164795,57.96180650878765,58.400396896747196,6820900
2014-01-31,58.113014221191406,58.58185259652895,57.35682664311669,57.621491141592166,10592200
2014-02-03,56.78212356567383,58.02227652539477,56.661136550855616,57.954216642041075,9527000
2014-02-04,56.69137954711914,57.35682249071834,56.08642722075408,57.09972150202761,9573400
2014-02-05,56.91069412231445,57.12998927153453,55.927647697432036,56.5099155206986,10080300
2014-02-06,57.591243743896484,57.621486167465854,56.84261395236492,56.85774093340248,6107100
2014-02-07,57.8105354309082,57.923964716358455,57.356824058360324,57.5988038416694,6194200
2014-02-10,57.780277252197266,57.9163854345237,57.37949311698047,57.893700737469295,6343600
2014-02-11,57.99956512451172,58.218860139577316,57.598786768073396,57.80296057521269,6292900
2014-02-12,58.43815994262695,58.475971619417834,57.9768851781872,58.158374303681185,7345900
2014-02-13,58.672603607177734,58.884341019215704,58.18108619468253,58.48355667337048,6586900
2014-02-14,58.92970275878906,59.08093797842751,58.46842783886186,58.79358875341294,4752300
2014-02-18,58.657470703125,59.04312798663877,58.27937691084773,58.9221352038684,4954700
2014-02-19,57.8105354309082,58.61965587221542,57.772729515260195,58.415487773807456,7767800
2014-02-20,58.589412689208984,58.64990330731363,57.878594560888835,57.916400476047606,5852200
2014-02-21,58.786033630371094,59.01289226137792,58.498684364449794,58.498684364449794,7764500
2014-02-24,58.88433837890625,59.17168762847721,58.574298652122,58.861647901692955,11739500
2014-02-25,61.236053466796875,61.25117467515956,59.98834319919332,60.25300761492702,13421700
2014-02-26,61.7805290222168,62.54428016812464,61.092401257109806,61.24363648020362,9737800
2014-02-27,61.984683990478516,62.15860386699877,60.95626863359052,61.75026773549376,6040900
2014-02-28,62.03004455566406,62.83916475232613,61.54608513537562,61.924178793054175,7239600
2014-03-03,62.00737762451172,62.03006232739142,60.96384090727419,61.04702199733512,8359500
2014-03-04,62.665283203125,62.91482078508527,62.54429038947344,62.68040442020399,6367600
2014-03-05,62.69551467895508,62.91480399899459,62.44597139431973,62.69551467895508,5069900
2014-03-06,62.31742858886719,62.680395439305876,62.18131457763916,62.59721433415241,6168400
2014-03-07,62.42329788208008,62.51403671512281,62.0376405338853,62.468667298601446,5287700
2014-03-10,62.14347457885742,62.415702477308116,61.80319259041977,62.340084898683244,4139000
2014-03-11,61.82406234741211,62.2499612720889,61.64153506575601,62.12827835179739,4667900
2014-03-12,61.26887130737305,61.48942777846209,61.02549965003997,61.39816703348594,7048700
2014-03-13,59.93033218383789,61.64914203514417,59.869487816772654,61.64914203514417,7665800
2014-03-14,60.3714485168457,60.75171716515588,59.92273429701046,59.94554948751882,6739000
2014-03-17,60.52356719970703,60.98749547418551,60.27258846713215,60.51596020108481,5547600
2014-03-18,60.70608139038086,61.26887731519234,60.55397626554702,60.57679145402824,5032600
2014-03-19,60.65283203125,61.21562784485122,60.38664521417087,60.82015111696757,6568400
2014-03-20,60.91143035888672,61.025512115848635,60.43990094035496,60.62242827003051,5097800
2014-03-21,61.16239547729492,62.28799299887571,61.03310555592976,61.43618931220814,10086100
2014-03-24,60.58440017700195,61.19282649610945,60.23454793552769,61.154803115037026,7574200
2014-03-25,60.43989181518555,60.91142116252616,60.20412714151524,60.881004780871805,5375500
2014-03-26,59.983577728271484,60.67566364002372,59.8542819800294,60.45510713118604,6364600
2014-03-27,59.839080810546875,60.09766073250182,59.60331608141858,59.80105162087601,5803300
2014-03-28,59.86949157714844,60.4627096871987,59.69456546145841,60.02159670192697,5132700
2014-03-31,60.181297302246094,60.33340820034227,59.960740851834736,60.24214166148457,5736200
2014-04-01,60.3714485168457,61.06354024194099,60.26497375951398,60.26497375951398,6697600
2014-04-02,60.8049430847168,61.420982124541126,60.45509669049506,60.49312586913486,6611700
2014-04-03,60.38665771484375,60.85818708772762,60.06723346822462,60.8049497132911,5505400
2014-04-04,59.86949157714844,60.61481481197723,59.69456546145841,60.56918443503139,6422000
2014-04-07,58.66022872924805,59.84667063777736,58.58417617416696,59.84667063777736,11121300
2014-04-08,58.64502716064453,58.89600584294358,58.12025460718993,58.49292203330863,7371000
2014-04-09,59.139366149902344,59.26865606350673,58.66783106198115,58.74388361101681,8027600
2014-04-10,58.394039154052734,59.48921446379866,58.33319479185846,59.0328933522171,6201500
2014-04-11,57.572635650634766,58.60696620256261,57.53461229063531,58.27233394336397,8399100
2014-04-14,57.77801513671875,58.45489281712563,57.428168702093515,58.02899381887555,8677200
2014-04-15,57.7171516418457,58.10502713099078,56.74366522413291,58.02136759799014,7022900
2014-04-16,58.241943359375,58.241943359375,57.64872523926563,58.12025461553786,6104700
2014-04-17,58.62980270385742,59.07852261356923,57.73237448930907,57.99856131586474,6875000
2014-04-21,59.291465759277344,59.5880747347652,59.07090932578486,59.5880747347652,6253300
2014-04-22,60.59199523925781,61.01790000221,59.80103588227593,59.88469543558235,11188400
2014-04-23,59.71736145019531,60.880987910143816,59.656522901307255,60.74409102088145,7497000
2014-04-24,60.66804504394531,60.69846722580738,59.86948452920811,60.05961881401762,7271600
2014-04-25,60.3714485168457,60.614820219666655,60.1052616235164,60.394269509793155,6381400
2014-04-28,60.97227096557617,61.717600036186965,60.3334224500002,60.48552758158338,14562400
2014-04-29,60.4779167175293,61.08634880983871,60.4779167175293,61.08634880983871,5146500
2014-04-30,60.4703369140625,60.64525728583224,59.87711860555554,60.64525728583224,8524700
2014-05-01,60.333431243896484,60.57680297136552,60.04442332834974,60.4703282032503,3936700
2014-05-02,60.38665771484375,60.96466763903929,60.20413040283834,60.325813343362405,3738400
2014-05-05,59.84666061401367,60.21932213320021,59.74778708677445,60.112847413432625,3521000
2014-05-06,58.880775451660156,59.89989808880973,58.82753809167423,59.808631556360844,6475800
2014-05-07,58.62220764160156,59.29147827585735,58.1963028721313,59.2078187212706,5378600
2014-05-08,58.59938049316406,59.116545905755885,58.302771515604924,58.51572095565384,5485100
2014-05-09,59.101318359375,59.13174052989489,58.416834028766885,58.60696824268938,4345800
2014-05-12,59.52724838256836,59.65654412574314,59.13177156312917,59.18500893886981,4324200
2014-05-13,58.76669692993164,59.83905698533629,58.59177665294623,59.59568535468548,5455500
2014-05-14,58.036598205566406,58.84277167115793,57.93012345014773,58.81234948354702,6870000
2014-05-15,57.983367919921875,58.02139710969668,57.283674926607134,57.838869764144945,6304700
2014-05-16,58.83516311645508,58.84277011376622,58.30278935345205,58.40165710874152,7039400
2014-05-19,58.18108367919922,58.61458956078988,58.08221595267403,58.241928035108785,7733800
2014-05-20,59.291465759277344,59.94552806482415,58.865566882153665,59.26104358199179,15432200
2014-05-21,59.382747650146484,59.70977888750467,59.13176897445423,59.51203758522242,6693900
2014-05-22,59.91513442993164,60.120482773823774,59.13938884812969,59.13938884812969,5265900
2014-05-23,60.21932601928711,60.38664510470137,59.709767570025456,59.9075030323901,5003100
2014-05-27,60.607215881347656,60.842980574292625,60.310606815243084,60.371445385963895,4760600
2014-05-28,60.59957504272461,60.842946597015256,60.287752156245844,60.652812388899584,4002200
2014-05-29,60.76694107055664,60.83538665324407,60.41709455334968,60.751727072777186,4408900
2014-05-30,61.01791763305664,61.04833402264933,60.5235671667979,60.66806532590258,4528000
2014-06-02,61.4818115234375,61.64913060061386,60.972253099263796,61.033097455043766,6817700
2014-06-03,61.711299896240234,61.87194594525449,61.31351051340048,61.344110594598725,5477700
2014-06-04,61.61186218261719,61.8796056331579,61.24466699589744,61.443564631886034,4961600
2014-06-05,61.48946762084961,61.85666284208125,61.41297031870095,61.71131388253976,5666400
2014-06-06,61.68836975097656,62.17030804221043,61.58892383460558,61.64247253363157,4460300
2014-06-09,61.66542053222656,62.20855899879394,61.5200715635781,61.68071765906673,3718600
2014-06-10,61.764862060546875,61.849010843116865,61.367072590882344,61.39767267875961,4249500
2014-06-11,61.05342102050781,61.75721131076703,61.015175291100256,61.5506621937621,4918100
2014-06-12,59.99776077270508,61.030489131479406,59.82181169285648,60.99224339159657,7643300
2014-06-13,59.72234344482422,60.12013284188792,59.47754862285373,60.04363555434132,7971800
2014-06-16,60.35731506347656,60.50265823847328,59.63822732685865,59.63822732685865,7164400
2014-06-17,61.21407699584961,61.55067215276702,60.22725180646983,60.31139475932873,9587300
2014-06-18,61.74192810058594,61.78017967859934,61.03814342156195,61.221738156009216,8071500
2014-06-19,61.53538513183594,61.84902589526096,61.16053834139073,61.7419284798113,5095400
2014-06-20,61.32884216308594,61.81078641782521,61.091698695752015,61.72663760624762,13661000
2014-06-23,61.68836975097656,61.810770112390514,61.17583136938921,61.32118033947565,4920400
2014-06-24,61.52771759033203,61.833712627340574,61.068727953004164,61.489466022067255,5579300
2014-06-25,61.60422134399414,61.66542152508101,61.290580629572354,61.47417533646244,4486300
2014-06-26,61.77252197265625,61.9408195607664,61.29058365464418,61.543024200438616,5165200
2014-06-27,62.06320571899414,62.3233035481729,61.680713374484796,61.69601633663237,5011000
2014-06-30,61.93316650390625,62.13971566092441,61.56597708133939,61.97906372263444,5045300
2014-07-01,62.591060638427734,62.70580953401759,62.132070892439586,62.20856821070907,5234600
2014-07-02,62.71345138549805,62.866445998540755,62.43805641292486,62.6063481527237,4185700
2014-07-03,62.76698684692383,62.99647871809092,62.57574070276668,62.78228397045398,2764000
2014-07-07,62.2850456237793,62.79758391239503,62.0708508665291,62.52219482190864,6071000
2014-07-08,61.78017044067383,62.3692061339511,61.61952434250729,62.28505734400142,7322900
2014-07-09,61.7572135925293,62.139705918953965,61.33646969891428,62.047905659518946,6980600
2014-07-10,60.739784240722656,60.87748171540189,59.63055296237049,60.47204077228243,11530900
2014-07-11,60.90043258666992,61.1222788505908,60.59443753862836,60.88512962426429,4746400
2014-07-14,60.78567886352539,61.24466848077618,60.57913557849191,61.13757109796332,7657200
2014-07-15,61.09168243408203,61.24467704911354,60.755087277368155,60.816287457928944,6051900
2014-07-16,60.938690185546875,61.3823769209166,60.72448954526584,61.22938229994369,9033700
2014-07-17,60.85453414916992,61.10697466008845,60.609739282930455,60.77803101141947,7697300
2014-07-18,61.2599983215332,61.41299298229103,60.778054051038886,61.04580346192337,5323200
2014-07-21,60.97693634033203,61.22173123738809,60.83923884596483,61.20643410973428,4112800
2014-07-22,61.61186218261719,61.77250825294161,61.35176437611372,61.474164717143466,6336100
2014-07-23,61.979061126708984,62.03260982510593,61.35942535434854,61.550671539533404,3669200
2014-07-24,62.11677932739258,62.37687726089068,61.879635846322344,62.1091336796223,4359600
2014-07-25,61.986724853515625,62.19327404268562,61.87962743556509,62.040273562490896,4680100
2014-07-28,62.01731491088867,62.22385823025421,61.703674190908316,62.1167608296394,3441600
2014-07-29,61.94845962524414,62.58339245013058,61.87960797172048,62.12440282666181,4536500
2014-07-30,62.5451545715332,62.6140003973303,62.017313228273686,62.346256903057515,5807300
2014-07-31,61.84903335571289,62.407474949094244,61.84903335571289,62.032628113433674,5748900
2014-08-01,61.00755310058594,62.02498454048494,60.99990161648312,61.62718907635087,8708000
2014-08-04,61.22174835205078,61.39004598514427,60.93870763855022,60.96930190241054,7025000
2014-08-05,61.22174835205078,61.856687300040825,61.03050210287587,61.03050210287587,5895500
2014-08-06,61.5965690612793,61.9790614335426,61.08403068317537,61.152882345095385,4228200
2014-08-07,61.55833435058594,62.01732411223,61.42063683845557,61.77252918359507,4045900
2014-08-08,63.05770492553711,63.08065353849387,61.871976007551304,62.01732500477282,7226500
2014-08-11,63.40192794799805,63.54727690431074,63.111235871742586,63.19538465314784,3952000
2014-08-12,63.43254089355469,63.56258691431656,63.24894616798669,63.30249487279282,3657100
2014-08-13,63.58552169799805,63.792064970842105,63.294823816345094,63.478424321505685,4498700
2014-08-14,64.15161895751953,64.23576774346047,63.29483397174364,63.56257745593292,4923000
2014-08-15,64.02157592773438,64.32756516022764,63.37898569948344,64.28931942435122,5383500
2014-08-18,63.94507598876953,64.73301522741305,63.715584052895295,64.4193686611029,9475300
2014-08-19,67.49458312988281,68.07596713156279,66.2247060936677,66.47715237239024,18244600
2014-08-20,69.42234802246094,69.66714284539391,67.37984067145428,67.44868647960622,13394200
2014-08-21,69.72838592529297,70.23327300491893,69.36119054671472,69.36884203111934,8315900
2014-08-22,69.63654327392578,69.86604097552076,69.34585124342527,69.41469705208236,6939200
2014-08-25,69.76659393310547,70.24088649128117,69.57534778105598,69.80484549806312,7328700
2014-08-26,70.09554290771484,70.24854334287475,69.53710736939823,69.59830754346218,5396400
2014-08-27,70.2791748046875,70.34802065396698,69.85077923136066,70.13382578548978,4320200
2014-08-28,70.76873779296875,70.93703536450211,69.8201525418481,69.91960429031974,7575700
2014-08-29,71.52606964111328,71.54136676715132,70.84523372320373,70.94467963337621,7672200
2014-09-02,70.0806655883789,71.74137822805929,69.08115842865335,71.53379134779632,20753200
2014-09-03,68.4276123046875,70.20365294922938,68.41223789413533,70.04988538028066,15410400
2014-09-04,69.14262390136719,69.7730801485157,68.4275937544672,68.4275937544672,8452200
2014-09-05,70.43431091308594,70.45737546208639,68.64288997319763,68.93505656948822,7746400
2014-09-08,69.82691192626953,70.56500674840144,69.634699549698,70.25746577271576,4885900
2014-09-09,68.37379455566406,69.45018515928008,68.25846594351647,69.35792109639063,8103000
2014-09-10,68.61981201171875,68.73514060003563,67.91247193996354,68.16619366108954,6245400
2014-09-11,68.59677124023438,68.75053883404306,68.13546259295066,68.48144261194902,4537800
2014-09-12,68.30460357666016,68.81204718717163,68.01244280645689,68.71978311275383,4593700
2014-09-15,68.71978759765625,68.84280637157529,68.12008573944588,68.56601999611543,3935000
2014-09-16,69.40403747558594,69.76539765669054,68.06624107107288,68.63518802331427,5045100
2014-09-17,70.13445281982422,70.38048442691341,69.15032639146747,69.6808285614014,7068800
2014-09-18,70.8033447265625,71.07244673317666,70.11906916898187,70.60344808820263,6025100
2014-09-19,70.99555969238281,72.07964029807684,70.88792123213952,71.38767457804407,12498800
2014-09-22,70.64956665039062,71.05705586936192,70.48810898999757,70.71876614247626,5208800
2014-09-23,70.34204864501953,70.90331143705622,70.31129395694904,70.5727058726197,6330000
2014-09-24,71.51840209960938,71.58760162826083,70.23442440811861,70.48814623674369,6381400
2014-09-25,70.65727996826172,71.50301336173449,70.38818377931906,71.34924578686925,4972100
2014-09-26,71.3799819946289,71.50300072546636,70.58038370760917,70.957118305551,4571400
2014-09-29,71.41073608398438,71.63370313238268,70.69570584803668,71.01862708087388,3894600
2014-09-30,70.53427124023438,71.66448126027949,70.27286515264022,71.52608807688911,6773000
2014-10-01,69.98070526123047,70.99558674876394,69.90382145545003,70.84181913720309,5970700
2014-10-02,70.9186782836914,71.0878261171086,70.01912575054318,70.20364799342725,5991200
2014-10-03,71.91820526123047,72.02584375537883,70.99558205528427,71.1339752428833,6200100
2014-10-06,71.702880859375,72.4640399549239,71.54910749380434,72.05655080140636,4951700
2014-10-07,71.09554290771484,71.9335863854563,71.07247835193972,71.53378706501768,5030300
2014-10-08,72.3410415649414,72.39486665738771,70.91867126288648,71.17239298789436,6618900
2014-10-09,71.55680847167969,72.8792302867058,71.51836365799788,72.20264497323302,6674700
2014-10-10,71.15702056884766,72.16421149427492,71.14933043173242,71.67983844142142,6349800
2014-10-13,69.65777587890625,71.45688707817916,69.52707284853479,71.41075211121608,7372200
2014-10-14,69.27336120605469,69.60396683273193,68.05857719492825,69.4809539231482,9711300
2014-10-15,67.54341125488281,68.55829211763087,66.59772988083711,67.72793344833116,12987500
2014-10-16,68.33534240722656,68.98117904653465,66.39015408346715,66.39015408346715,7147600
2014-10-17,69.38098907470703,70.0575805042888,68.46606200239277,68.6582744101863,7007300
2014-10-20,70.61883544921875,70.78798330182147,69.01962685388371,69.09651650750823,5609400
2014-10-21,72.42562866210938,72.55633754979365,70.82642598112044,71.14165126116644,6604700
2014-10-22,71.764404296875,73.03300705281454,71.68752052563595,72.50250492516602,5908900
2014-10-23,72.88693237304688,73.44049906618385,72.61014609355041,72.65627518484783,5923100
2014-10-24,73.03300476074219,73.18677816425001,72.37179379029745,72.73315395622139,4825200
2014-10-27,73.40206909179688,73.56352679694598,72.81774177850252,73.00995417023097,4465100
2014-10-28,74.26318359375,74.27087373255708,73.42514030535273,73.74037147201335,5260100
2014-10-29,74.1324691772461,74.77061568550373,73.6557862298516,74.28624260048329,4275400
2014-10-30,74.97821044921875,75.19349326464825,73.8326261870751,73.90182570135596,4115800
2014-10-31,74.97821044921875,76.31601297731726,74.83213301392705,75.9469625881522,6335900
2014-11-03,73.87876892089844,74.44772195360977,73.79420084583607,74.4323416738835,7614200
2014-11-04,73.77880096435547,73.94794880125657,73.18678940105804,73.85568474498602,5349600
2014-11-05,73.64041137695312,74.46308018781451,73.15603825626691,74.26317765581493,5002700
2014-11-06,74.80138397216797,74.97053183555887,73.81725734791988,74.07866341617317,4016900
2014-11-07,75.07817077636719,75.15505456950721,74.34007580367951,74.70912035709465,3429600
2014-11-10,75.47029113769531,75.477975411458,74.57842264916569,75.07048599943795,3662300
2014-11-11,75.45491027832031,75.92390907198296,75.25500771072859,75.70094195156484,3818400
2014-11-12,75.72398376464844,75.8854414518056,75.04739833286754,75.5779063519954,4629400
2014-11-13,76.1161117553711,76.39289808556828,75.6086681947239,76.03922796717345,3182800
2014-11-14,75.53179168701172,76.1161190921797,75.36264381715856,76.03923529657123,4085500
2014-11-17,75.37033081054688,76.07767108599273,75.19349867461409,75.47796929307745,8581600
2014-11-18,73.7941665649414,75.12427271632271,73.7941665649414,74.69371893772833,10384400
2014-11-19,74.34774780273438,74.81674648907567,73.80955547374755,74.2324250649918,6831100
2014-11-20,75.01665496826172,75.32419598032988,73.82493574619394,73.87107071081115,4958800
2014-11-21,75.56253814697266,76.19299458765501,75.20886803301495,76.1007363893181,6806800
2014-11-24,75.6548080444336,76.03923287609652,75.51641487040065,75.87008501162764,5043600
2014-11-25,74.58612823486328,76.01618947582467,74.12481948168261,75.83935142307824,7992000
2014-11-26,75.11661529541016,75.12430543505012,74.58611297740936,74.6245519438935,4337900
2014-11-28,76.42364501953125,76.7311860069736,75.34725449641122,75.39338359147783,3305800
2014-12-01,76.02386474609375,76.58512767098522,75.58562060260361,76.49286358493421,4393700
2014-12-02,75.83070373535156,76.47961888470941,75.69937061752104,76.18606287340998,4677700
2014-12-03,76.16290283203125,76.27878225250528,75.73801948212268,75.78436889276344,4357200
2014-12-04,76.44100189208984,76.56460816409854,75.53715313004419,75.82298821366071,5220000
2014-12-05,76.97405242919922,77.00495400073554,76.2169845551119,76.30195650949662,4649100
2014-12-08,77.58435821533203,77.98606692491923,76.98951907166244,77.02814162215506,6624300
2014-12-09,76.97405242919922,77.23671284032186,76.16290238451926,77.01268086708765,5280500
2014-12-10,76.43329620361328,77.42984986893005,76.3405914810701,76.75775389170545,5357000
2014-12-11,77.46073150634766,78.33368461055476,76.59551116162471,76.69593683910247,6864000
2014-12-12,77.08219909667969,78.21780671496833,76.78091616454658,77.0126749864359,5983300
2014-12-15,77.29077911376953,78.21007569903949,76.70366111831086,77.25987754623262,5488300
2014-12-16,74.98091888427734,77.42981599541233,74.9268426265856,76.77316814560818,7829300
2014-12-17,76.43329620361328,76.58779818064593,75.00412639363432,75.3903872300886,6096400
2014-12-18,77.76973724365234,77.78519097407187,76.71138657089327,77.51480373657134,6594000
2014-12-19,78.74314880371094,78.79722509498197,77.87792224950091,77.96290012062305,12500600
2014-12-22,79.95597076416016,80.01004703037141,78.97487110750703,78.99031894333696,5418900
2014-12-23,80.1568374633789,80.49674293663485,79.81692609625128,80.07958648736036,4067700
2014-12-24,80.0023193359375,80.63578668807395,80.0023193359375,80.38085908936203,1819000
2014-12-26,80.14912414550781,80.58946126650413,79.94054588561384,80.3268067248693,2594900
2014-12-29,80.7516860961914,80.9602702395858,79.77058620657363,80.01779289564938,3492700
2014-12-30,80.55081176757812,80.91389780458057,80.22635416195212,80.68214489793533,2927800
2014-12-31,81.09159851074219,81.90274270659086,80.77486180531145,80.92164280479129,5821600
2015-01-02,79.90192413330078,81.62465021390582,79.31480595819627,81.23838934231371,4323700
2015-01-05,78.22554016113281,79.39977041926586,77.8624540601032,79.39977041926586,5878100
2015-01-06,77.98603820800781,78.85126435588776,77.51479965086179,78.85126435588776,4910100
2015-01-07,80.6589584350586,80.7053078308548,78.79717911897413,79.0212110217729,5091000
2015-01-08,82.44351959228516,82.6520978651289,81.13022912095616,81.40061644032036,6464600
2015-01-09,81.02979278564453,82.56710916931718,80.97571650764215,82.56710916931718,5717600
2015-01-12,80.66669464111328,81.33879047645236,80.38858642606755,81.24608577347999,4992900
2015-01-13,80.13367462158203,81.91819777540904,79.68561064293037,81.43151124996692,5395200
2015-01-14,79.29161071777344,79.88645560656981,78.70449269469266,79.12165503526019,5384400
2015-01-15,78.03240203857422,80.0718584230697,77.88562106062584,79.81692490153986,6895000
2015-01-16,80.4349365234375,80.58171159298048,77.43754948706523,77.91651491397806,6403800
2015-01-20,79.76283264160156,81.07611663263182,79.06756221946243,80.99113880915536,5331300
2015-01-21,79.97917175292969,80.38860731651539,79.18347533405591,79.60836463242197,5899200
2015-01-22,81.94134521484375,82.12674870181033,79.98686700268236,80.63578215400068,5804100
2015-01-23,81.4006118774414,82.25811141727019,81.35425656861776,82.0495272622455,4072300
2015-01-26,82.16539764404297,82.27355019626539,81.16111720898105,81.39287604595597,4192300
2015-01-27,81.23837280273438,81.74050711847448,80.65125474716311,80.94481082801276,4606500
2015-01-28,80.91389465332031,82.99197923037194,80.80574212232374,81.35423164205521,4917300
2015-01-29,83.13874053955078,83.23143931913879,80.73619893740356,81.22288521184903,6529300
2015-01-30,80.66669464111328,82.55164901111849,80.63579307345583,82.16538825620735,7000000
2015-02-02,80.67442321777344,81.11476025195778,78.46501118130564,80.94480457317233,5012800
2015-02-03,82.84520721435547,82.90701035127526,80.96797966098522,81.02978279790501,5969200
2015-02-04,83.74906158447266,84.20484645641694,82.46667302038999,82.72932751055352,6765200
2015-02-05,84.1971206665039,84.4675020256769,83.54820540448877,84.18939969472153,4471800
2015-02-06,84.23576354980469,84.77652636090731,83.78769956696388,84.42116710020093,4223700
2015-02-09,83.69498443603516,84.5602107200674,83.46323150033014,84.11214679295043,4243800
2015-02-10,85.49493408203125,85.63398815703229,83.9421704540347,84.04259610503044,5414400
2015-02-11,85.21683502197266,85.59537475721869,84.83057431619797,85.44086693858644,4552900
2015-02-12,86.6460189819336,86.67691465700733,85.13959843867315,85.60311018511035,4592200
2015-02-13,86.43743133544922,86.82369209068632,85.9816464733277,86.53013603849982,5098600
2015-02-17,86.52238464355469,86.70006713389323,85.45630738313255,86.2829049292403,6028600
2015-02-18,86.51468658447266,86.65374069898685,85.74989190158047,86.21340365200386,3731600
2015-02-19,85.70352935791016,86.87003247399983,85.47177057128701,86.5301270525222,5910600
2015-02-20,86.70782470703125,86.71555157349128,85.01600637236149,85.60311855813522,7276100
2015-02-23,86.73869323730469,87.41851577388704,86.36788630268701,87.28718266958457,5638000
2015-02-24,90.19190979003906,91.0957587776881,88.94042249599758,90.77130107348684,12775500
2015-02-25,89.85197448730469,90.65539756090298,89.49661530176779,90.65539756090298,7328200
2015-02-26,89.13352966308594,89.93695274039968,88.99447555559179,89.61249512087049,5649900
2015-02-27,88.64684295654297,89.35756132868067,88.50006198412729,88.98675430577029,5732600
2015-03-02,89.70520782470703,90.4313741007248,88.73182898543159,88.73182898543159,5971900
2015-03-03,89.66656494140625,89.70519337165953,88.68546528800493,89.69746650683469,3784800
2015-03-04,88.65457153320312,89.20306110667114,88.26058390661822,89.1412579703693,3799000
2015-03-05,89.54298400878906,89.68975910909285,88.88633591518406,89.01766907022841,4088700
2015-03-06,88.41509246826172,89.58160170427739,88.0674601148309,89.58160170427739,5169200
2015-03-09,89.0331039428711,89.2107864833056,88.35328713651097,88.36100810801624,5351200
2015-03-10,87.4024658203125,88.78462898522112,87.4024658203125,88.40414726463607,5685000
2015-03-11,87.79849243164062,88.365337699013,87.28600762718652,87.49565915532675,4356500
2015-03-12,90.15128326416016,90.43082260460476,88.34204417856066,88.40416534848185,5742000
2015-03-13,89.15731811523438,90.31429611457422,88.52059129203153,90.06581749879255,4626900
2015-03-16,90.46187591552734,90.54729103625056,89.54560946756943,89.55337609423528,4820300
2015-03-17,89.74748229980469,90.1357306164598,89.40582188540445,89.64653394598689,3715900
2015-03-18,90.13573455810547,90.39974058136036,87.98483547222553,89.61548321284477,4773600
2015-03-19,89.4213638305664,90.40751204411153,89.35147604618933,90.23668182030062,3545600
2015-03-20,91.23059844970703,91.61884681173139,89.55336860634574,89.72419883350844,8446000
2015-03-23,90.12796783447266,91.43248247102726,90.12796783447266,90.88117054877256,4095200
2015-03-24,90.19007873535156,91.49459322358821,90.10466363782069,90.22890000973912,4026900
2015-03-25,88.27210998535156,90.54724464845215,88.24104941880103,90.04252080935116,4725800
2015-03-26,87.25493621826172,88.07802082363631,86.64150311501476,88.02366629166251,5409600
2015-03-27,88.41190338134766,88.69920925616134,86.9676192308986,87.02974038072841,3879300
2015-03-30,89.00981140136719,90.11244117828022,88.93216291898726,89.26605672500047,3968400
2015-03-31,88.2177963256836,89.58443226576473,88.17120841638311,88.28767818963429,4128800
2015-04-01,87.84504699707031,88.52060108543364,87.30150181622498,88.42741937263237,4737700
2015-04-02,88.93992614746094,89.2349927389145,87.37139961197812,87.44128739039034,4064800
2015-04-06,89.25830078125,89.72420357968416,88.06250097625619,88.09355563356496,3248900
2015-04-07,88.7535629272461,89.91054119174927,88.69920840271772,89.16510517356072,3188300
2015-04-08,89.7552490234375,89.9260792421006,88.38861912253181,88.49732818455385,3753500
2015-04-09,88.96324157714844,90.26775648853138,88.62934770327661,89.65432328192028,4674000
2015-04-10,89.48348236083984,89.80184886679567,88.84675527312818,88.88558247967887,3658100
2015-04-13,88.8622817993164,89.63101185239424,88.79239401765504,89.26605746556146,2982000
2015-04-14,88.55944061279297,89.28158269602218,87.82953190469922,88.67591036476624,4072500
2015-04-15,88.09355163574219,89.46018753911528,88.03919710161826,88.97099673199986,4210800
2015-04-16,88.03143310546875,88.51285726849369,87.75965452081955,88.00813322811621,4013000
2015-04-17,87.04524230957031,87.82950530580631,86.78899708443421,87.67420840074047,6245200
2015-04-20,87.63541412353516,88.27990777757027,87.49564448680705,87.74412318274598,4396300
2015-04-21,87.87613677978516,88.50510318292791,87.35588537314865,88.13238213202109,3899500
2015-04-22,87.73638153076172,87.98486029742809,87.11518757619635,87.89944516599267,4065500
2015-04-23,88.48959350585938,88.91666920670204,87.40249656897034,87.54226625977324,3945300
2015-04-24,88.2876968383789,88.55170886998152,87.66650286109277,88.42746652000352,2878300
2015-04-27,86.49398040771484,88.60605270847401,86.40856528347823,88.55946479496335,5618000
2015-04-28,85.864990234375,86.78901710379442,85.45344800924387,86.11346889431447,5743300
2015-04-29,84.41294860839844,85.65534204144917,83.91599123517815,85.54663298631968,7238900
2015-04-30,83.06961059570312,84.8011947320271,82.79007133997565,84.29647074673032,9041600
2015-05-01,85.06520080566406,85.25155832191936,82.96865653204713,83.069604876676,6696900
2015-05-04,85.46121215820312,85.76404535209421,84.88660634469166,85.36803635958974,3366800
2015-05-05,83.90824127197266,85.32146519348368,83.84612603113509,84.79344713906195,4164800
2015-05-06,84.10234069824219,84.56824337460036,83.27148961422809,84.01692560252309,3996600
2015-05-07,85.4457015991211,85.97371961693231,84.05577172982099,84.1722474251411,5400200
2015-05-08,87.33258056640625,88.11684385419176,87.0530412940114,87.27822603700722,6435300
2015-05-11,86.89000701904297,87.67427057140777,86.8201192152672,87.15401312970359,3725200
2015-05-12,87.37141418457031,87.6043655858658,86.05913866825968,86.2843234430586,4053800
2015-05-13,86.33867645263672,87.70530648184462,86.26878866380443,87.68201252696723,4340700
2015-05-14,86.92103576660156,87.13845387790282,86.05912402237215,87.00645087092694,3815700
2015-05-15,88.0158920288086,88.05471923007786,86.82785313003835,86.90550160837775,4575800
2015-05-18,88.77684020996094,88.98649164401017,87.86834078875134,88.41965255523404,6878200
2015-05-19,87.23163604736328,90.44633782136431,87.23163604736328,90.16679853666857,11133200
2015-05-20,87.04524230957031,87.65867515571558,86.36192763340458,87.11513006378797,7004500
2015-05-21,86.97539520263672,87.22387390446023,86.67256196992055,86.95210124999694,4238600
2015-05-22,87.09185791015625,87.37915784882799,86.54830675803916,86.86667319453329,3694000
2015-05-26,86.13680267333984,87.107423813207,85.95044507326172,86.96765413209809,4612600
2015-05-27,87.09185791015625,87.37915784882799,86.04358280400139,86.22217962128812,4147800
2015-05-28,87.11516571044922,87.51117475766922,86.85892038046008,86.89774758471285,2806100
2015-05-29,86.51725006103516,87.4257496644915,86.47842878541502,86.84337721239913,5310600
2015-06-01,86.71137237548828,87.23162366653261,86.38524523103054,86.94432372107171,5114500
2015-06-02,87.10948944091797,87.57005890095006,86.36790191651988,86.45377069795528,6088200
2015-06-03,88.3350830078125,88.58488151161228,87.00021573912264,87.21098676288045,6337500
2015-06-04,87.0080337524414,88.33509329743764,86.78165290143028,87.83549027597621,4328600
2015-06-05,86.15715026855469,86.92996346590674,86.0790833964522,86.91434770921977,4505400
2015-06-08,85.81365966796875,86.5006039470911,85.73559876556067,85.97758934972528,3449000
2015-06-09,85.50141906738281,86.06346715271523,85.11110855875373,85.70438219945635,3659000
2015-06-10,86.63333129882812,86.79726101325657,85.39214066720376,85.79025909119643,3967900
2015-06-11,86.87530517578125,87.6871516685143,86.64892438837505,86.64892438837505,3642800
2015-06-12,86.3366928100586,87.10950603452608,86.19618077327665,86.56307364463318,4301900
2015-06-15,85.87613677978516,86.22741392483854,85.51705175542682,86.04787439049282,3965200
2015-06-16,86.04788208007812,86.21961375046553,85.6731812636251,85.79027564099589,3466600
2015-06-17,86.23519897460938,86.8753079278175,85.83708061478927,86.43816209313839,5722200
2015-06-18,87.31246948242188,87.66375255339078,86.4615953359189,86.69577809423177,7222600
2015-06-19,87.76520538330078,88.44434768989645,86.9923923831503,87.14851417618476,9255100
2015-06-22,88.26483154296875,88.69417554971278,88.03845069901887,88.1555450604642,3190200
2015-06-23,88.35067749023438,88.67072897601801,88.15552225686274,88.39751284043074,3075900
2015-06-24,87.70276641845703,88.74099375721376,87.70276641845703,88.1633358962634,3716100
2015-06-25,87.61691284179688,88.76442684111116,87.61691284179688,88.39753396180208,4466300
2015-06-26,87.89793395996094,88.47559190171549,87.60910796691682,88.03063811653075,4208500
2015-06-29,86.28984832763672,87.6793527913311,86.22739721663196,87.08607914811734,5187400
2015-06-30,86.75041961669922,87.24221471519026,86.32888351327817,86.76603537367757,5938800
2015-07-01,87.48419189453125,88.06184974490908,87.01582050353123,87.78082571917601,4216200
2015-07-02,87.03144836425781,88.01503265844886,86.72700659914312,87.88232849533047,3845000
2015-07-06,86.89876556396484,87.3749450481378,86.00104985008132,86.07911079136075,3864700
2015-07-07,87.74181365966797,87.9291610578505,86.4147542037369,87.21099106842883,5515900
2015-07-08,86.64895629882812,87.78866257690741,86.49283443551158,87.21100453583541,3794100
2015-07-09,86.94554901123047,87.89009953463545,86.80503701857806,87.67933452348909,3643700
2015-07-10,88.2882308959961,88.58487067749913,87.49980204531518,87.95256363922425,4631400
2015-07-13,89.69336700439453,89.78703772625444,89.0454500517534,89.15473653103427,4171900
2015-07-14,90.05244445800781,90.18514860663745,89.29524108951433,89.38110988113726,3688900
2015-07-15,90.22419738769531,90.6691512219401,89.82607891842358,90.09929514021125,3364600
2015-07-16,89.56065368652344,90.4817867431752,88.85809356608296,90.45056118719276,5234800
2015-07-17,89.35769653320312,89.77142475525552,88.99080367042723,89.37330633440655,5497600
2015-07-20,88.53023529052734,89.0766676380226,87.5622609097273,87.62471202248845,6107500
2015-07-21,88.88150787353516,88.96737666031406,87.96037485181515,88.53023080446918,4660600
2015-07-22,89.69336700439453,89.83387904285084,88.83468497190216,88.95958125293753,5485200
2015-07-23,89.45135498046875,90.63790220180567,89.32645872097642,89.93534213070689,4308900
2015-07-24,88.67073059082031,89.95095442426457,88.5458343361338,89.56844587181135,4427800
2015-07-27,88.26483154296875,88.90494063578109,87.98380745776659,88.49902026585943,4468200
2015-07-28,89.64653778076172,89.79485771793627,88.35070965634382,88.80347139196398,4176800
2015-07-29,90.84086608886719,91.1453077962971,89.85728198104296,89.89631541252494,5104000
2015-07-30,90.91114807128906,91.12972106360013,90.04465802629346,90.50522765066383,3291100
2015-07-31,91.35608673095703,92.21476875312163,90.84087989992481,91.31705924920695,4301200
2015-08-03,91.24678802490234,91.87908912778212,90.67693803125319,91.81664397421707,3645000
2015-08-04,91.74639892578125,91.97277976438549,90.74720484895317,91.04383872936573,3008200
2015-08-05,92.11328125,92.52700944169092,91.4107211340787,92.4099150964264,4299100
2015-08-06,90.98918914794922,92.5035959151582,90.60668649487388,92.41772712182166,4768900
2015-08-07,91.27802276611328,91.45756823430514,90.38030733648634,91.09847729792142,3986100
2015-08-10,91.801025390625,92.37868324404636,91.613678024371,91.7463821606482,3408900
2015-08-11,91.87126159667969,92.22253856576845,91.14528403232086,91.34824114724756,4080000
2015-08-12,91.87126159667969,92.01957549517782,90.31782195483477,91.43410990958729,4575800
2015-08-13,92.90951538085938,93.78381310683088,91.94935481801804,92.11328452495032,6255500
2015-08-14,93.4793701171875,93.58865658700901,92.47236825468987,93.1280930292849,5135500
2015-08-17,93.4403305053711,94.25998493051131,92.6831331447132,92.97195910057619,7255600
2015-08-18,95.8602523803711,96.64087330869444,94.5722266575046,95.10304912699107,11021900
2015-08-19,95.82904815673828,96.6330869389557,95.33725305081263,95.75878916060617,6490300
2015-08-20,94.09607696533203,95.64951143296014,94.09607696533203,95.22017336094915,5555500
2015-08-21,90.67694091796875,93.95554683329925,90.66913304014996,93.31543783247128,10190700
2015-08-24,87.85108947753906,90.45836080104762,71.94983730595861,85.90734482364402,13983100
2015-08-25,86.62551879882812,91.33266277347774,86.56306768552062,91.33266277347774,10221100
2015-08-26,90.49739074707031,90.5754516541938,87.4920011553254,89.03762736563286,9313200
2015-08-27,91.8478775024414,92.18353884344833,90.02902898894189,91.72297527313698,7579100
2015-08-28,91.73855590820312,92.47234138291435,91.27018460854957,91.66830289330399,5016000
2015-08-31,90.91114807128906,91.71518698829081,90.49741977074775,91.3404921316625,5444500
2015-09-01,88.71426391601562,90.03238535277701,88.31411830503662,89.43609075410131,7392900
2015-09-02,91.38972473144531,91.38972473144531,89.69499486872215,90.09514041730809,6487400
2015-09-03,91.48385620117188,92.6450604555014,91.15432744820987,91.82123258710632,5302900
2015-09-04,89.7734603881836,90.76990052164918,89.04378597030411,89.97745699586807,5752000
2015-09-08,91.35050201416016,91.5152664368932,90.01669136194494,90.76990271700677,5775800
2015-09-09,89.42041015625,92.16649625078996,89.20856587680105,91.88404120218644,5316400
2015-09-10,89.828369140625,90.55020180729272,89.2006961084675,89.44391888465434,5259100
2015-09-11,90.57373809814453,90.58942737979417,89.20853714098787,89.42038135219768,4472800
2015-09-14,90.01669311523438,90.76205684963854,89.77346430799331,90.62082934368922,4248700
2015-09-15,91.15433502197266,91.5074007171972,89.36545765898596,90.05589976817663,4994000
2015-09-16,92.44108581542969,92.60585023097187,90.98958464289866,91.07589066808622,5285100
2015-09-17,92.51168823242188,94.0102630099279,92.00954144272339,92.84121701248198,6607100
2015-09-18,90.32266235351562,91.95461691824393,90.21281943048555,91.41324993645013,11366700
2015-09-21,91.46818542480469,91.88402026661485,90.44036079313231,90.98173384393718,5201100
2015-09-22,90.85621643066406,91.31912518330658,90.14223121910624,90.54237684301219,4631600
2015-09-23,91.14651489257812,91.44466520037231,90.74637524684228,90.89544441474702,4084900
2015-09-24,91.27987670898438,91.52310548867706,90.10298295470047,90.4952808727951,5172300
2015-09-25,91.59373474121094,92.71570725302277,91.04451993934181,91.97819108851172,5478900
2015-09-28,89.52239227294922,92.09586590399057,89.32624329514434,91.42896057665233,5994600
2015-09-29,88.58872985839844,90.1736110126228,87.71782789202031,89.60870098189191,7908800
2015-09-30,90.61295318603516,90.72279610208795,89.44390730176472,89.73420985761281,5395600
2015-10-01,91.8212661743164,91.8997245747699,90.02454066976772,91.19359298469618,5215200
2015-10-02,92.4332504272461,92.50386717811544,90.00100408805062,90.6679094734118,4359800
2015-10-05,93.52383422851562,93.59445097626555,92.5117107273668,93.17076844774203,4528700
2015-10-06,93.11583709716797,93.52382431137708,92.55877475373275,93.4453659224128,5275400
2015-10-07,93.87689971923828,94.02596886831424,92.9667656108134,93.52382797607693,4680100
2015-10-08,94.98316955566406,95.11655539652652,93.48459462848226,93.61012684895196,4958200
2015-10-09,95.19501495361328,95.32839481012535,94.52026205056355,95.14793513261573,3893500
2015-10-12,95.64225769042969,96.0737819173023,94.9361200630104,95.32057044338598,2861900
2015-10-13,95.41470336914062,95.948228795369,95.04594235580744,95.54023559449304,2971400
2015-10-14,94.36332702636719,95.62652664678568,93.80626476922463,95.19500258133237,5200400
2015-10-15,95.5716323852539,95.74424445495887,94.4653551895872,94.63796725929217,3448900
2015-10-16,96.30130004882812,96.36406915809114,95.43039811227692,95.43039811227692,4068800
2015-10-19,96.583740234375,96.66219861591898,95.87760282849759,96.19928997461595,3097700
2015-10-20,96.38761138916016,96.63868185405612,95.9953134136357,96.41899594552116,3318400
2015-10-21,96.74068450927734,97.30558857368558,96.30915433577924,96.73283687357953,3491800
2015-10-22,97.57232666015625,97.66648030386926,96.41112233165745,97.21141333824201,5855300
2015-10-23,97.76850128173828,98.66294018104092,96.4817644095488,98.08234085724617,5281600
2015-10-26,98.08235168457031,98.59234030281932,97.30559730259408,97.72143822799217,4550200
2015-10-27,97.65867614746094,98.14512189156486,97.14868749245475,97.6900607093375,3674800
2015-10-28,97.14867401123047,97.75281028203783,95.89332164033756,97.58804584454491,6821500
2015-10-29,96.99958038330078,97.34480446428614,96.3091382073212,96.83481597719171,4635300
2015-10-30,97.00743103027344,97.87833290817538,96.71712840897568,96.71712840897568,4991500
2015-11-02,97.61155700683594,97.79201067140603,96.80341838196739,97.47817118425199,3715600
2015-11-03,98.59232330322266,98.89046758916476,97.14081610478902,97.47035093092589,4313700
2015-11-04,98.37262725830078,98.75708354151573,97.77633871166589,98.45109163348188,4101200
2015-11-05,98.639404296875,98.86693784185921,98.03526206012575,98.43540767275259,3059400
2015-11-06,98.84337615966797,98.94537145318222,97.93324220772949,98.2863079041939,3752000
2015-11-09,97.68218231201172,98.9532297307875,97.06235087862056,98.70215930083081,4988800
2015-11-10,98.27847290039062,98.39616346916512,97.32126505381152,97.67433077414402,3872900
2015-11-11,97.8469467163086,98.41185668018483,97.69787159084369,98.41185668018483,3240200
2015-11-12,97.14080810546875,98.05094214443665,96.55236123109883,97.43111071844805,4285700
2015-11-13,94.15152740478516,96.70146460533142,94.07306899581307,96.58377399887685,8728800
2015-11-16,94.81056213378906,94.95963726472624,93.06091669443687,94.19073666366295,7785700
2015-11-17,99.00029754638672,99.12582976073686,96.58374106374006,97.96463133753684,10517100
2015-11-18,99.28276062011719,99.43183574870018,97.80772256158126,99.20430223149137,6502000
2015-11-19,99.5338134765625,100.13010789959105,98.81982849838496,99.27489545243283,4662200
2015-11-20,102.16222381591797,102.16222381591797,99.71427679262243,99.92612100959589,8191900
2015-11-23,103.95894622802734,104.0687891640305,102.16222706655094,102.16222706655094,6329700
2015-11-24,104.82200622558594,105.08091231055711,103.36265752311058,103.51172067228177,6672700
2015-11-25,105.64582061767578,106.1087412424854,104.78277241321462,104.89261534730902,5300900
2015-11-27,105.7164306640625,106.28918218231415,105.5516602966852,105.77134613853462,3337700
2015-11-30,105.04168701171875,106.17150685209528,104.35908054116872,106.07734721740954,8057900
2015-12-01,105.9400863647461,106.09770974971494,105.01804728256296,105.22295287303209,5267600
2015-12-02,105.45149993896484,106.11347494374739,105.26237109472832,106.0425516271587,5022700
2015-12-03,103.18182373046875,105.69576467617713,103.07938298180095,105.22293069585474,6688000
2015-12-04,106.01889038085938,106.2553134162183,103.51283747098994,103.67044881957086,5387100
2015-12-07,105.54607391357422,106.22381372504141,104.96291055776236,105.60124451478804,5444300
2015-12-08,105.47510528564453,106.04251567594171,104.34817288753726,104.58459588765663,4731400
2015-12-09,103.94627380371094,106.21591588072117,103.63892744119714,104.97865407136214,5055600
2015-12-10,104.45065307617188,105.27812787656144,103.86748975064194,103.9935836683157,4185600
2015-12-11,102.79571533203125,104.4506529051224,102.69326252096685,104.4506529051224,5300800
2015-12-14,104.03296661376953,104.12754305462097,103.00848670852098,103.30794470045022,5960100
2015-12-15,103.4655532836914,105.1993143612419,103.3867536142422,104.51368628967376,4921800
2015-12-16,104.73433685302734,105.0338068397098,102.73264742750737,104.15905000622057,4711700
2015-12-17,103.5128402709961,105.23870081835783,103.23701138478702,104.86043116653647,4345800
2015-12-18,102.67748260498047,103.48131617884988,102.45682429450275,103.02423481429575,9840600
2015-12-21,103.48131561279297,103.71773866557612,102.59079399146601,103.23701620074156,3414800
2015-12-22,103.93053436279297,104.24575712488202,102.81147792490601,103.52861151240523,3401900
2015-12-23,104.89985656738281,105.08110905569572,103.93053514295404,104.41125767498383,3244800
2015-12-24,104.73433685302734,105.19141819192018,104.54520804036504,104.65553718940984,1517100
2015-12-28,104.56098175048828,104.73435788022049,103.93841257552465,104.2221178764521,2607200
2015-12-29,105.36478424072266,105.86127137657381,105.03379682514662,105.10472012313272,3037400
2015-12-30,105.0889892578125,105.64851142489755,105.03381866459121,105.27024173201136,2484700
2015-12-31,104.22211456298828,105.26237130830934,104.21423820278824,104.87621320891397,3178700
2016-01-04,103.29219055175781,103.29219055175781,102.01551083023104,102.53563916029837,8050900
2016-01-05,102.78781127929688,103.97780290342259,102.48835330217882,103.35522179643507,5320900
2016-01-06,101.72391510009766,102.3701252183443,101.31411598549322,101.66086815746814,8199600
2016-01-07,98.82383728027344,100.77824470652467,98.27218546500977,100.02958168668836,12551000
2016-01-08,97.64173126220703,99.71435016354694,97.32650252117928,99.64342685337198,7104500
2016-01-11,99.1233139038086,99.35973699937301,97.79147542294125,98.40617426891093,6811600
2016-01-12,100.47088623046875,101.50326041204444,99.16269519320684,99.91135812289113,5695700
2016-01-13,95.67155456542969,100.45513199307679,95.33268473723611,100.45513199307679,8932200
2016-01-14,94.26880645751953,95.76613259684092,93.14974402064729,95.58488011207574,13389100
2016-01-15,93.96143341064453,95.47452386623934,91.49477454046949,92.29860797858906,10515000
2016-01-19,94.37911224365234,96.05769646437014,93.6225669887167,94.99380488750711,6350700
2016-01-20,91.77850341796875,93.5122586063208,89.5167435093524,92.90544218602659,11331400
2016-01-21,94.74163818359375,96.09711756865912,92.31438468068548,92.50351952133771,8993900
2016-01-22,96.74333953857422,98.24854800627371,95.81341799904412,95.8607002088968,6554500
2016-01-25,95.91586303710938,97.60232996588289,95.797651502151,97.23193662884123,4854700
2016-01-26,96.30200958251953,96.49902679198662,95.07262411944106,95.93162227921138,4475600
2016-01-27,95.8055419921875,97.97273160426194,95.24601375929605,96.50692287655066,5431000
2016-01-28,96.36505889892578,96.68817001638054,94.81256228820325,96.12075947718365,4871600
2016-01-29,99.10752868652344,99.10752868652344,96.73544004152002,97.06642747687283,7616200
2016-02-01,99.69859313964844,100.15566850885446,97.71265624590218,98.44556052603669,4674100
2016-02-02,98.72138214111328,99.63554489261782,98.28006550934593,98.83171731154329,5832200
2016-02-03,97.55504608154297,99.42277146684259,95.78189112508365,99.31243629361809,7485700
2016-02-04,95.44298553466797,97.64169757892854,94.13478881505984,97.44468043531187,9171800
2016-02-05,91.7548599243164,95.35633446484447,91.17169063670583,95.26964640705917,8117700
2016-02-08,88.1455078125,91.39235393892524,86.38811748165332,90.57276153771627,11286600
2016-02-09,89.72953033447266,90.85646916350609,87.22347085513553,87.4283704638204,7572900
2016-02-10,90.09991455078125,91.54208201308435,89.87925623113694,90.23388481449554,5307600
2016-02-11,89.2645492553711,89.98957711212931,88.43708063283009,89.11482027366618,6447100
2016-02-12,91.66815185546875,91.75483989433013,89.46155706852144,90.53333099218304,5361600
2016-02-16,94.11906433105469,94.56826334142693,92.75570255572094,93.08669604690702,6966400
2016-02-17,95.52183532714844,95.8922286902923,94.46582583540868,94.92290125030965,5970700
2016-02-18,94.54462432861328,95.44302236922745,94.22151320238952,95.30116973057845,4460700
2016-02-19,95.90007019042969,95.90794654746688,93.58314657440256,94.42637973882614,5435500
2016-02-22,96.81426239013672,98.09093616244753,96.24685182466524,96.93247392669136,7796900
2016-02-23,98.13822174072266,100.23448795594905,97.20830017372178,100.08475293700754,11168700
2016-02-24,98.98932647705078,99.12329673550519,96.8694193947919,97.759941023021,7935500
2016-02-25,99.9743881225586,99.9743881225586,98.42189194020861,99.10751382130599,4738800
2016-02-26,99.50155639648438,100.67577708367034,99.24149228078602,100.54968320485159,4608200
2016-02-29,97.81509399414062,100.07684742580618,97.75992942294116,99.50156061365277,5575300
2016-03-01,99.06025695800781,99.27303892506508,97.70478351920326,98.33523502301011,4916900
2016-03-02,98.97357177734375,99.19423612320594,98.08305607123235,98.8868897285087,3967500
2016-03-03,99.92713928222656,100.28965025602389,98.33523673154205,98.66622422772805,5009700
2016-03-04,98.94993591308594,100.47879160742279,98.63471314156362,100.37634480792694,6448200
2016-03-07,99.43065643310547,99.7222441045695,98.51649959180796,98.51649959180796,4161200
2016-03-08,100.4132308959961,101.5859830368017,99.05029783055953,99.22462732202938,5280900
2016-03-09,99.86646270751953,101.04714046311487,99.31178350570961,100.65886502184793,4047000
2016-03-10,99.75552368164062,100.6350907061017,98.5035266140501,100.00116645666229,4503700
2016-03-11,101.7920150756836,102.02972611685155,100.42115629796132,100.61133117644607,4626600
2016-03-14,102.09310913085938,102.7428848186824,101.50673916888198,101.76822128694786,3653200
2016-03-15,102.78250122070312,103.39264224792733,101.91877357852165,102.04556084045089,4033900
2016-03-16,103.3688735961914,103.89186199571338,102.06933435838168,102.71911002283609,3609600
2016-03-17,103.7096176147461,103.9552603948793,102.47347195272113,103.09154478373361,4130900
2016-03-18,104.08204650878906,104.66841647004792,103.66999392899402,103.915636706397,8069200
2016-03-21,103.81263732910156,104.7001362669022,103.22626727300451,104.2246899755411,3817000
2016-03-22,103.4798355102539,103.97905293480619,102.94892730703103,103.49568694514026,3946500
2016-03-23,103.1866455078125,103.94734507037653,102.97269346598443,103.47983053806097,3625300
2016-03-24,103.37680053710938,103.61451153390026,102.58439830487707,102.64777984328897,3448700
2016-03-28,103.86809539794922,104.44654569401992,103.40058094072904,103.48774567776158,2621100
2016-03-29,104.96954345703125,105.31027067414229,103.57491963150827,103.80471099989703,3405400
2016-03-30,105.72232055664062,106.12644140414326,105.26272574066293,105.47667776162332,3138300
2016-03-31,105.73020935058594,106.41167565925198,105.38948224180133,105.83322549561237,3685900
2016-04-01,106.85545349121094,107.1327870376575,105.46874948567998,105.46874948567998,4259400
2016-04-04,106.85545349121094,107.94896042791062,106.45925234677352,107.82218525092618,3547600
2016-04-05,106.64148712158203,107.52897369641298,106.10264735036485,106.3403704232225,4068600
2016-04-06,107.3229751586914,107.5606982795638,106.03928723352077,106.38001443692771,3364800
2016-04-07,106.07888793945312,107.16448727051971,105.48458623738057,106.76035437480697,3953700
2016-04-08,105.88079833984375,106.67320069135548,105.43705495757325,106.67320069135548,2924400
2016-04-11,105.39741516113281,107.03769356386634,105.35780472292439,105.84909023125307,3472700
2016-04-12,106.48302459716797,106.7524384764287,105.47667029392993,105.62722866501667,4251400
2016-04-13,106.05510711669922,106.86336074293389,105.56382162383989,106.86336074293389,4324800
2016-04-14,106.47508239746094,106.74450834140764,105.29441082834961,105.78569633543763,4183300
2016-04-15,106.98223876953125,107.19619079323677,106.15814563137371,106.50680460597515,3508900
2016-04-18,108.400634765625,108.400634765625,106.76828799672387,106.82374986917912,3964300
2016-04-19,107.3229751586914,108.55912087790762,106.8554606786725,108.40064282769275,4649500
2016-04-20,107.12489318847656,107.83013091191857,106.5622821076824,107.56863664262853,4760200
2016-04-21,106.65734100341797,107.36257847808469,106.49093122126155,107.1565461676912,3542200
2016-04-22,107.49729919433594,107.5131385347847,105.71439401478365,106.85545526427305,4180900
2016-04-25,107.48937225341797,107.5527658913547,106.40378492011439,107.1169421874773,2835400
2016-04-26,107.24372100830078,107.95689031053784,106.87922273277667,107.04562043952923,3507200
2016-04-27,107.56858825683594,107.98856041497083,106.78410580183652,107.26747158077815,3488100
2016-04-28,105.17556762695312,107.32298346043905,104.98539878842526,106.82376607710111,5553600
2016-04-29,106.09473419189453,106.41962200836696,104.39899390172675,105.1597053633331,4610100
2016-05-02,107.80633544921875,107.96481349116937,106.42755109293935,106.47509329641458,4284400
2016-05-03,106.60982513427734,107.63995078418111,106.21362389132223,107.33091429832022,3408700
2016-05-04,107.1010971069336,107.29126591945278,105.49252141517826,105.85701969990636,3192100
2016-05-05,106.7127914428711,107.26747050549872,105.98378294754667,106.87126944775088,3474900
2016-05-06,107.52898406982422,107.61614880191095,106.4275454140549,106.56225234708006,3356800
2016-05-09,107.95687866210938,108.13912778020695,107.16447647252251,107.44180998421919,3552300
2016-05-10,108.96326446533203,109.20891939920992,108.00446420217068,108.02031563783116,3662800
2016-05-11,106.41964721679688,108.59875386754956,106.21361484969357,108.40065326293568,6058400
2016-05-12,106.33246612548828,106.97431005121967,105.46875052397564,106.97431005121967,5355600
2016-05-13,105.49253845214844,107.23582136467698,105.4132933734011,106.03136629610576,5295800
2016-05-16,107.24372100830078,108.2025330812387,105.4528962194017,106.05511759567149,8394800
2016-05-17,104.59709167480469,106.5701775296475,103.88393452255211,105.50834937947168,15989600
2016-05-18,104.41484069824219,105.20724289383097,103.0281368559618,103.82845872071121,8258900
2016-05-19,104.38313293457031,104.70010105257067,103.63035330235273,104.16126129751876,4577200
2016-05-20,104.47825622558594,105.43705631221749,104.3990111529765,104.50994699996943,5089800
2016-05-23,104.13751983642578,104.9774644287451,104.0424354195144,104.4703273867164,3854500
2016-05-24,105.67477416992188,106.07889500143907,104.63672906243859,104.73973314237442,5181500
2016-05-25,105.5479965209961,106.59397348538347,105.42914099827071,105.75402888185475,5017500
2016-05-26,106.2215576171875,106.46720045778214,105.27859670695446,105.49254876761218,3996800
2016-05-27,106.13434600830078,106.89504530202258,105.69060273844686,106.23736215705162,4025300
2016-05-31,105.23431396484375,106.5724496671134,104.91571659243753,106.38925678566537,6366900
2016-06-01,105.00332641601562,105.23430767414592,104.46169633084979,105.23430767414592,4744300
2016-06-02,105.46529388427734,105.69627512663506,104.60506650449112,105.01925275854578,3858500
2016-06-03,104.931640625,105.72017330424819,104.27850027076451,105.56087463244015,4155900
2016-06-06,102.90054321289062,104.23866656349566,102.32705830442877,104.19885101311799,8051700
2016-06-07,103.48200225830078,104.18293104951043,103.00410620823915,103.05189459787427,4434000
2016-06-08,103.21916198730469,103.77671349925039,102.94835298917555,103.5536928944721,3742400
2016-06-09,102.98817443847656,103.41828210618938,102.78107520826869,102.96428024325422,3450500
2016-06-10,102.61380767822266,102.9324050249815,102.11997814463354,102.31113169120495,3926000
2016-06-13,101.81731414794922,103.10764935409918,101.7854531941503,102.70143586608819,4830900
2016-06-14,99.75436401367188,101.50668005657086,99.33221699947046,101.40313043484586,7303500
2016-06-15,100.78186798095703,101.7536059335984,99.95350130127679,100.15262773167522,5140000
2016-06-16,101.44295501708984,101.58632627002248,100.08889791028024,100.39953461215838,4431800
2016-06-17,101.26770782470703,101.77747085373049,100.94114373276449,101.57037772417263,7541900
2016-06-20,101.65003967285156,102.62974416540133,101.49073491800138,102.05625920165073,3880300
2016-06-21,101.7456283569336,102.19963632689614,101.3872032510679,101.92086056934997,3600900
2016-06-22,101.63410186767578,102.72531660411916,101.47480319640664,101.70579052354523,3723700
2016-06-23,102.18367767333984,102.82885728963393,101.51461601982209,102.73326837219675,4784500
2016-06-24,100.67832946777344,101.7934387492315,99.96147306706062,100.43937530858359,8979800
2016-06-27,99.30033874511719,100.16056613939168,98.46401162028477,99.83399596908473,5656900
2016-06-28,101.57836151123047,101.57836151123047,100.04110540998006,100.27209277074218,5385000
2016-06-29,101.45093536376953,102.32709043711391,101.07657670447584,101.87308242149005,5782100
2016-06-30,101.70580291748047,101.8412074122452,100.43935584219811,101.37126594408075,6642000
2016-07-01,103.24304962158203,103.72891851261836,102.04829124890688,102.18369573936478,5645200
2016-07-05,103.02798461914062,103.92802751137293,102.35095012647041,103.22711098125437,4096600
2016-07-06,104.79624938964844,104.82810426655179,102.7731183255182,102.90852282135194,4933200
2016-07-07,104.46967315673828,105.2821000849677,103.99176495472416,104.54135574092727,3973600
2016-07-08,107.0025863647461,107.01851988380234,105.33789215793176,105.40161408044274,4806200
2016-07-11,107.6477279663086,108.22918581031603,107.0901764719346,107.3928524918995,4577000
2016-07-12,107.40080261230469,108.31679126287067,106.97069497428168,107.71941211612715,3615800
2016-07-13,106.38129425048828,107.6875630497541,106.01490845212146,107.40082052534396,4235500
2016-07-14,107.16187286376953,107.36099929124724,106.59636061581192,107.05036255053052,3122300
2016-07-15,107.35303497314453,107.9982026317247,107.2494853451756,107.62384398845015,5323000
2016-07-18,108.5955581665039,108.7070684516015,107.37690571018403,107.89464158319461,3730900
2016-07-19,109.10533142089844,109.16109264552259,107.97429495081407,108.38052057675942,3831500
2016-07-20,109.44783782958984,109.47969270607831,108.93807472979746,109.4398649951845,3092000
2016-07-21,108.38053131103516,109.23278604982961,107.90262305213473,108.9301100089452,4938100
2016-07-22,108.73894500732422,108.83452178758097,108.29290382784525,108.65132890751866,2627200
2016-07-25,108.72299194335938,109.00177370726162,108.44421017945714,108.7628196458752,3352600
2016-07-26,108.92212677001953,109.52746657271132,108.37253603221716,108.72300039566849,2575600
2016-07-27,108.5716781616211,109.67085979673028,108.29290848930243,109.12922965996955,3030800
2016-07-28,109.88591766357422,110.01334932245233,108.40441676493194,108.47609935187167,3230000
2016-07-29,110.10893249511719,110.49125175916089,109.47172561923752,109.48765913340483,3662600
2016-08-01,110.53107452392578,110.66647900401595,109.79829090323845,109.9655502565282,3157800
2016-08-02,109.2964859008789,110.71426472141758,108.9778885617255,110.64258214316447,3898100
2016-08-03,109.1690444946289,109.29648829456517,108.08579650259009,109.22480571474216,3642600
2016-08-04,108.36458587646484,109.28056242595146,107.8946505042486,108.1574866486532,3802900
2016-08-05,109.0495834350586,109.71068453436344,108.80266864631925,109.12126602139374,3022100
2016-08-08,108.49198913574219,109.43982020632852,108.45216144114806,109.0495403989418,3182800
2016-08-09,108.4123764038086,109.19294847942145,107.79906369611453,108.53982021517295,3180400
2016-08-10,108.00618743896484,109.03367453620513,107.57606751642626,108.56373904807637,3438000
2016-08-11,109.15312957763672,109.51952752644928,107.66366789246477,108.5716838527174,4183300
2016-08-12,108.77880096435547,109.43192938856336,108.03008358135797,108.32478683281767,4090000
2016-08-15,109.1690444946289,109.89386743384298,109.06549488796698,109.2088722013227,6327400
2016-08-16,108.50792694091797,110.43546854517855,108.0539251840931,109.63896314736635,7286100
2016-08-17,108.44422912597656,108.69911674364295,107.32912618296247,107.9265053639437,5222200
2016-08-18,107.36893463134766,108.4442096719922,107.08219218976744,108.34863290936825,4430800
2016-08-19,107.89463806152344,108.13357998342669,106.98662229716363,107.06626555322833,3959000
2016-08-22,107.799072265625,108.20529792742806,107.54419677634567,108.00617151398319,2752500
2016-08-23,108.5,108.76284832145481,108.2690065567314,108.2690065567314,2961100
2016-08-24,107.57601165771484,108.52385497789476,107.37688531830587,108.14153580926754,4113000
2016-08-25,107.87071990966797,108.45217759921907,107.0264261347895,107.31316856339991,3168900
2016-08-26,107.01847076416016,108.46810433635727,106.66800642806395,107.87072525993193,4193400
2016-08-29,107.71940612792969,107.76719451241901,107.19370959112887,107.4167301545518,3227700
2016-08-30,107.359130859375,108.11968896556635,106.98285255765306,107.9195414525668,3440600
2016-08-31,107.37513732910156,107.82346581811939,106.95883928417652,107.19100503169106,4650600
2016-09-01,107.46324157714844,108.12773304790102,107.0069114201494,107.66338916896404,3851800
2016-09-02,108.19976806640625,108.78420774804717,107.71942124307525,107.8955520764413,3402600
2016-09-06,107.359130859375,108.656082834481,107.18300007065261,108.04763879273486,4220400
2016-09-07,106.31034851074219,107.17498723998936,105.80598508070746,106.718657258907,4676000
2016-09-08,105.08546447753906,106.43046235593741,104.97338233900894,105.31764247480375,5019600
2016-09-09,102.26741027832031,104.78927111918198,102.25940877254128,104.589123530352,6315000
2016-09-12,102.94790649414062,103.15606779596374,100.87438049362106,101.27467565431003,7882600
2016-09-13,100.65022277832031,102.4755678534263,100.41805083694001,102.26741264597848,6376300
2016-09-14,101.08252716064453,101.63493028234434,100.53011793092581,100.56214227404186,4313900
2016-09-15,101.64290618896484,102.18730763608097,100.64216868382614,100.85032379513976,5100700
2016-09-16,100.96243286132812,101.69096678339922,100.63418794016191,101.69096678339922,6941200
2016-09-19,101.1065444946289,101.97118343986773,101.01047146470717,101.41877420685088,4525400
2016-09-20,101.53885650634766,101.93915160624682,101.13856140644849,101.56287323505866,3627100
2016-09-21,102.56361389160156,102.94789377790543,101.31469509908598,102.09126248416383,5367400
2016-09-22,103.07598876953125,103.79651506674811,103.05197204069316,103.1320359475115,4099700
2016-09-23,102.3073959350586,103.43622464898257,102.3073959350586,102.97989470532521,4464700
2016-09-26,100.43403625488281,101.8590919147741,100.35397845799459,101.75501128160286,5338500
2016-09-27,101.53083801269531,101.66693686615041,100.36197717922279,100.7142387839469,4433600
2016-09-28,102.69171905517578,102.89986813105149,101.72299943736563,101.84308920145953,5751100
2016-09-29,102.41950225830078,104.66916482384804,102.40349314218406,102.87583841785693,5987500
2016-09-30,103.01993560791016,103.46827635760029,102.17931960730927,102.37146564289077,6044600
2016-10-03,102.87584686279297,103.1320416058381,102.45153500865746,102.63566734519758,3652700
2016-10-04,102.63565826416016,104.01267434609731,102.43551071987902,102.89985448853565,4848600
2016-10-05,102.1392822265625,103.30013538065073,102.0912426690846,102.7317232739892,4115400
2016-10-06,104.22886657714844,104.43701568426586,101.21864495000514,101.57090668208086,7472400
2016-10-07,102.7237319946289,104.4049763892141,102.37947794625427,103.94063258293782,5511900
2016-10-10,101.8750991821289,103.22809852465386,101.8750991821289,102.8358049433896,4349700
2016-10-11,100.75425720214844,101.73898565734565,100.44202756933363,101.55484725716435,5113900
2016-10-12,101.42677307128906,101.80305143767028,100.64219199798158,100.75427413588002,3545900
2016-10-13,101.1065444946289,101.40276508920672,100.20988120608284,101.07452015132166,3655700
2016-10-14,101.21061706542969,102.12328945391003,101.21061706542969,101.59490306964086,4462100
2016-10-17,100.1858901977539,101.5148733001281,99.97773496682363,101.01850501345452,3753000
2016-10-18,100.66620635986328,101.07450905719091,100.19386109096953,100.99445126171956,3563300
2016-10-19,100.78629302978516,100.94640861583906,99.68148082676977,100.68221850965192,4094800
2016-10-20,101.07452392578125,101.73901533117832,100.53012228526617,100.83434439601727,3543200
2016-10-21,101.35472869873047,101.51485042028813,100.27393303729755,100.32196649975528,3234100
2016-10-24,102.2994155883789,102.58762855130148,101.85909463970502,101.85909463970502,3824800
2016-10-25,98.74481201171875,101.09054200944196,98.70478615855443,101.09054200944196,8731900
2016-10-26,98.24041748046875,99.07303197711742,97.99223648624341,98.3364904982422,5456100
2016-10-27,97.88014221191406,98.84084783841102,97.5518973562502,98.24040529484607,4261600
2016-10-28,98.93695068359375,99.34524733858741,97.84013977433129,98.23242731086255,4497700
2016-10-31,97.68001556396484,98.8728932950936,97.36778586325342,98.75280353912336,5671500
2016-11-01,95.9827651977539,97.87215868847977,95.43035596715472,97.42383010017835,7492600
2016-11-02,96.30299377441406,97.10358395681868,95.92671541140095,96.01478082010694,4846000
2016-11-03,96.21493530273438,96.81537798282932,96.13487750032547,96.34302656498485,5113500
2016-11-04,96.79937744140625,97.59196013910444,96.11887079059476,96.50315682742925,4607600
2016-11-07,99.07302856445312,99.2571669818382,97.92017682295557,98.07229090218593,5510400
2016-11-08,99.47333526611328,100.41002436164838,98.95295039925423,99.2331557558649,6105900
2016-11-09,100.890380859375,101.0825269176093,96.32701886664105,96.83138852646357,8052500
2016-11-10,103.3001480102539,104.15678535048139,101.28266348202905,101.45078668371293,8737000
2016-11-11,103.95662689208984,104.18079113746077,103.05195619153453,103.32415388719421,5496100
2016-11-14,102.21135711669922,104.58911116823927,101.62692964688424,104.47702902038382,11438500
2016-11-15,99.59342193603516,102.21134919815486,98.40854575447682,101.73099630055712,13445400
2016-11-16,100.33795928955078,100.63417371916306,98.69674713168291,98.95293572087022,9793400
2016-11-17,103.2200927734375,103.38822209725532,100.63418974393228,100.77029472549998,6801200
2016-11-18,102.7397689819336,103.56437612856129,102.25140834223794,103.22011589924786,4428900
2016-11-21,102.65170288085938,103.19609849348542,102.00322660627357,102.6997363506746,4072100
2016-11-22,104.86128997802734,105.1174846788563,102.77976300595274,102.77976300595274,5535800
2016-11-23,105.04544830322266,105.66990769850251,104.76523683937569,105.1655319499929,3582700
2016-11-25,105.33365631103516,105.78998636330942,104.93336121926903,105.56582208920334,2545800
2016-11-28,104.58910369873047,105.39769540650862,104.21282532579484,105.0774642115169,4859000
2016-11-29,104.32350158691406,105.25712022943512,104.02571430370854,104.91104444418553,4127100
2016-11-30,104.14643859863281,104.88690325459025,103.67158527347192,104.09815009517932,6973800
2016-12-01,104.20279693603516,104.91106116127537,103.82452056854575,104.098163644333,5398700
2016-12-02,104.52469635009766,105.12832709784531,103.75205587028408,103.85667684888236,3738300
2016-12-05,104.37178802490234,104.99957538176236,104.27521102272415,104.88689811892094,4065400
2016-12-06,103.61524963378906,104.74202228316348,103.56694885090089,104.73397829313252,4292600
2016-12-07,106.60926818847656,107.09216552830728,103.62330200478084,103.62330200478084,6987300
2016-12-08,106.66557312011719,107.14848261605435,105.90097665229888,106.40803039494304,4975400
2016-12-09,107.35773468017578,107.36577866861616,105.51465429366287,106.64947070867467,5174600
2016-12-12,108.31549835205078,108.37988710284485,107.14848141104221,107.14848141104221,6276500
2016-12-13,109.8930435180664,110.17474293110672,108.29141693113358,108.29141693113358,6886300
2016-12-14,109.44226837158203,110.16663259134327,109.25715839269894,109.49861313261935,7036300
2016-12-15,109.32962799072266,110.52080183435962,109.27329549159113,109.86887013250725,5839800
2016-12-16,108.7420654296875,109.949326901138,108.69377693577327,109.5469064106545,9429300
2016-12-19,109.00767517089844,109.86080472986401,108.48452111316863,108.70183163809948,3463600
2016-12-20,110.35175323486328,110.45638649781704,108.99961392917417,109.17667993683465,4301500
2016-12-21,110.12642669677734,110.45641454766145,109.90911612657287,110.20690345103277,2704700
2016-12-22,108.99959564208984,110.26320173195096,108.79838541995125,109.65957106553516,4094800
2016-12-23,108.69377899169922,109.45033149306208,108.48451247291435,109.17667622087409,2337300
2016-12-27,108.8628158569336,109.23304821105472,108.42016302341975,108.46039525853769,2254900
2016-12-28,108.70992279052734,109.34574202857912,108.3799349025075,109.11234344979917,3369400
2016-12-29,108.73406982421875,109.33770082854068,108.35579341237133,108.66968104338257,2777900
2016-12-30,107.91311645507812,109.31354465355686,107.71190614223995,109.16866684224388,4149100
2017-01-03,108.09822845458984,109.064035517458,107.51874176068833,108.73405993193603,5299700
2017-01-04,109.05596160888672,109.41009363366766,108.0177220643242,108.12234304917331,4055300
2017-01-05,107.76820373535156,109.02376599671686,107.6716267463615,108.63743347895881,3821100
2017-01-06,107.47042083740234,108.11429611209415,107.08410058494701,107.82455285252782,3827500
2017-01-09,108.09822845458984,108.46040456805251,107.15656564722566,107.22095442220395,4310200
2017-01-10,109.53888702392578,109.76424156673829,107.66360564338478,107.84871567193045,5928300
2017-01-11,109.21693420410156,109.77227652494538,108.44429362971927,109.53887801084461,4643700
2017-01-12,108.70992279052734,109.08014291975124,107.80044817068375,109.06404265472727,3600000
2017-01-13,108.6857681274414,109.2572108770629,108.46041353683398,108.58919109743941,3117600
2017-01-17,109.40203857421875,109.844703610094,108.4603760147568,108.72597503628195,3976900
2017-01-18,109.58718872070312,109.6918097333093,108.58918113889301,109.37792213368479,3869700
2017-01-19,108.96745300292969,110.08618181486878,108.59722063569187,109.45840664160238,5078700
2017-01-20,109.13646697998047,109.458398533896,108.33162581429005,108.86281165016052,4853900
2017-01-23,111.1244125366211,111.2853782945959,108.65354455451235,108.90304332150832,7056200
2017-01-24,111.1163558959961,111.37391093261795,110.50468110536933,110.97149039857138,4055100
2017-01-25,110.6495590209961,112.17070831917475,110.60931450689478,111.43025592713609,3631700
2017-01-26,111.43830108642578,112.0177753642769,110.83467027780146,111.07611277653099,2931200
2017-01-27,111.33365631103516,111.73607680853145,110.82660255430214,111.7119325611536,3149500
2017-01-30,111.44632720947266,111.4624274671069,110.15053279012615,111.0600069925384,2705000
2017-01-31,110.73001861572266,111.5670477943901,110.14248816490134,110.77026311912647,3227000
2017-02-01,110.61737823486328,111.03589910410642,109.88496978391336,110.79444428412374,2968800
2017-02-02,110.22298431396484,110.70589387811094,109.90909678153999,110.64150511749811,2197600
2017-02-03,111.05196380615234,111.44634033881381,110.23907877288248,110.47247727203332,2654700
2017-02-06,109.85277557373047,110.9875922884918,109.82057504966679,110.60931595660415,3864100
2017-02-07,109.98150634765625,110.82659176631671,109.72396364039557,110.39198307492154,3242000
2017-02-08,110.97149658203125,110.99564083294739,110.11836696725916,110.17469945909654,2882700
2017-02-09,111.63953399658203,111.99365382683465,110.59323792659657,110.97151429252133,2931900
2017-02-10,112.55702209472656,113.13650861435478,111.26927154424176,111.55097081494138,3297000
2017-02-13,112.57312774658203,113.20090286125475,111.91316438949848,113.06408133943135,2753000
2017-02-14,113.7723388671875,113.78038285709724,112.14655639967694,112.63750996398406,4775800
2017-02-15,114.44039916992188,114.81867560556496,113.44239142553727,113.69994656508361,4343500
2017-02-16,113.91719055175781,115.08421983482997,113.402092799307,114.60131031901396,4295800
2017-02-17,115.09233093261719,115.18890797973357,113.48264798251066,113.77239140476608,5108400
2017-02-21,116.71806335449219,117.22510491209201,115.29349112497634,117.18487268057369,9275900
2017-02-22,116.90316009521484,117.0802261050255,115.87296455498887,116.7421943447232,5037800
2017-02-23,116.46855163574219,117.77239018319574,116.30757360394333,117.59532417293666,4184000
2017-02-24,117.4665298461914,117.571163095704,116.42023419375914,116.42023419375914,3516900
2017-02-27,116.94343566894531,117.51486607712538,116.54101504536388,117.40218879375868,4388400
2017-02-28,116.62948608398438,117.20897245641075,116.27535415851312,116.685818555275,4211900
2017-03-01,118.05408477783203,118.87502612544323,117.41826572252853,118.08628529862484,6213500
2017-03-02,119.07624053955078,119.3015950693383,117.82069036476298,118.37603269920393,4053400
2017-03-03,118.96358489990234,119.32576101140445,118.16679991077834,119.07626218527862,3412300
2017-03-06,118.41627502441406,118.72210629153476,117.97360996304134,118.41627502441406,3998000
2017-03-07,118.2381362915039,118.99118791136242,118.08428384728131,118.4891534981234,3996300
2017-03-08,118.96691131591797,119.12885672499444,118.15717191489296,118.40009620632901,3614500
2017-03-09,118.72400665283203,119.16127292083762,118.651133060046,119.09649227536846,3594000
2017-03-10,118.91022491455078,119.4041663974254,118.58632177090422,119.22602275733018,3123200
2017-03-13,119.3798599243164,119.57420180574077,118.62680830062433,119.29889340712053,2933300
2017-03-14,119.16123962402344,119.5094215960285,118.59442457910748,119.2503114421989,3272500
2017-03-15,119.80094146728516,120.14913583337189,118.83734960672763,119.31510524185326,3670500
2017-03-16,120.4325180053711,120.8050035055515,119.8495047433048,120.16530256395399,3544500
2017-03-17,121.13702392578125,121.45282180992166,119.94670597271896,120.97506615492509,9002000
2017-03-20,119.67948150634766,121.12890954397226,119.5985026269898,120.95887119521991,5906100
2017-03-21,118.71588134765625,120.4082335489599,118.4324676454331,120.10863395651477,4530000
2017-03-22,119.32318878173828,119.78473377729783,118.27052517615171,118.81304904738779,3169000
2017-03-23,119.83332061767578,120.17340963294639,119.0559654715995,119.25840029180635,3219400
2017-03-24,119.60658264160156,121.58233591042023,119.03975531721723,119.7199456353505,4735400
2017-03-27,118.92638397216797,119.58227070106027,118.43244260073915,119.08834168527022,2943000
2017-03-28,119.19364166259766,119.31510999052199,118.17337442850626,119.26651524596636,4635600
2017-03-29,119.0641098022461,119.37181481556537,118.18960187449503,118.52158573262528,3730000
2017-03-30,118.99119567871094,119.33939002609752,118.57012775476971,118.8049590867462,2450800
2017-03-31,118.89402770996094,119.1774290630375,118.74826820513276,118.9264118467885,3248700
2017-04-03,118.72400665283203,119.19365706574982,118.29484568778805,118.98312923470864,3775300
2017-04-04,118.49725341796875,118.95070547669992,118.2624344431408,118.62681467921821,3124200
2017-04-05,118.74014282226562,120.19767569416855,118.69156045247526,118.73204987918,3390400
2017-04-06,119.22603607177734,119.809049439807,119.03169416388648,119.06407830404682,2699100
2017-04-07,119.13694763183594,119.67947148229486,118.95069869604104,119.1126564411916,2869100
2017-04-10,120.0114517211914,120.65114024979277,118.82922705810127,118.99927772580723,5044500
2017-04-11,120.00338745117188,120.36776774296507,119.11268144408226,119.76856844043878,2844800
2017-04-12,118.65922546386719,119.49326854818439,118.52157122624253,119.3718002051193,4445600
2017-04-13,118.14908599853516,119.03979197927217,118.11668950140671,118.56204866959695,2346900
2017-04-17,119.28269958496094,119.28269958496094,118.02760114328824,118.14096415607949,3467700
2017-04-18,119.64710235595703,119.98719145840208,118.8454681700666,119.0802871852153,2969400
2017-04-19,119.20983123779297,120.16531776527123,119.04788583465252,119.78473927228792,3461000
2017-04-20,120.42449188232422,120.69170747201495,119.38802603145275,119.56616975791324,3700500
2017-04-21,121.46088409423828,121.58234003607649,120.16529638831038,120.23818230905337,5019900
2017-04-24,122.99130249023438,123.12895668934922,122.1491790498725,122.33541563036422,5077200
2017-04-25,123.91439056396484,125.22616413296552,123.72004870514851,123.72004870514851,5496500
2017-04-26,124.87802124023438,125.35576455907487,123.40428948370355,123.97920994015024,5120200
2017-04-27,126.41649627685547,126.53796458592686,124.61078108722688,125.25857500201725,5881400
2017-04-28,126.40031433105469,126.52177028827478,124.78083567136477,126.327428401081,4983000
2017-05-01,124.869873046875,126.53793362932319,124.869873046875,126.4974442028715,3152900
2017-05-02,125.46910095214844,125.63915164012381,124.50550921678379,125.0966277966078,3295100
2017-05-03,125.50959777832031,125.82539562689172,125.17760168335911,125.6391590381552,2445500
2017-05-04,125.39620971679688,126.02780528777751,124.91036126728594,125.88205816630783,3793100
2017-05-05,126.1007080078125,126.11690625471233,124.77273594179594,125.78491014929766,2500600
2017-05-08,127.03999328613281,127.25862634811322,125.90636325297636,126.19786988373669,3184600
2017-05-09,127.6797103881836,127.72830513386431,126.55417304829429,127.16147763504702,3004400
2017-05-10,128.04408264160156,128.06026853194174,127.37199752323957,127.55014116211342,2617600
2017-05-11,126.48127746582031,127.69588642808294,125.7768082215132,127.41248508360644,3929100
2017-05-12,127.06429290771484,127.29101892939168,126.1168993837849,126.63513205556644,2926400
2017-05-15,127.39629364013672,127.80925626132512,126.85376975736853,127.35580420143778,6068900
2017-05-16,128.14938354492188,130.25471142905857,127.9793451495471,129.64740673428594,10120900
2017-05-17,126.39221954345703,128.149352552702,126.23027413514573,128.149352552702,5937000
2017-05-18,126.07643127441406,126.86187953796623,125.7039580424958,125.8982876050119,4858600
2017-05-19,126.56227111816406,126.91855843226904,125.7687299630665,126.35173096584234,4781800
2017-05-22,126.28694152832031,127.12906492958855,126.15738028023576,126.7161023514148,3802100
2017-05-23,125.37190246582031,126.66747757244691,125.2504341911868,126.24642214950308,4640900
2017-05-24,125.50959777832031,125.85777976402953,124.12493806957389,125.26667350504037,4558700
2017-05-25,126.69184875488281,126.87808538199057,125.79303740750976,126.48130857536206,3110800
2017-05-26,125.4286117553711,126.65941894239019,125.21808398686616,126.40030879312575,4284700
2017-05-30,125.32273864746094,125.87653733270285,125.02954745320297,125.42046490319971,3504300
2017-05-31,125.02140045166016,125.72995311600945,124.83408764478261,125.71366126370292,7158400
2017-06-01,126.3570556640625,126.36520780432687,124.39431605202445,125.02956164049205,3385100
2017-06-02,126.51994323730469,126.93529227831615,125.76252742482204,126.06385835102392,3485600
2017-06-05,126.06387329101562,126.73984234715462,125.60780077772762,126.66654764188561,2651800
2017-06-06,125.58332824707031,125.95796621909848,125.13539559368007,125.77879315774238,3260300
2017-06-07,126.20232391357422,126.47922328182948,125.70552802250785,125.98242739076312,3159000
2017-06-08,125.01329040527344,126.42223150160389,124.91556412232767,126.2023473649759,4041600
2017-06-09,124.573486328125,125.42047628448502,124.42688450417178,125.42047628448502,4705300
2017-06-12,123.93824768066406,124.850405191924,123.57176170411651,124.4431957897501,4473900
2017-06-13,125.4123306274414,125.45304161773625,123.84049619293545,124.04410085257847,3753800
2017-06-14,127.66827392578125,128.09177513926352,125.38791145405388,125.82769209444602,5999400
2017-06-15,127.6763916015625,128.0836008511702,126.16971240719806,127.15516425914628,3972300
2017-06-16,127.570556640625,127.61128006485463,126.56882502520648,127.25293381490476,9105400
2017-06-19,129.3378448486328,129.51701797492993,127.36695288640894,127.79045413284253,5196100
2017-06-20,128.40939331054688,129.67174476495893,128.35239046433165,129.27267513328044,4201200
2017-06-21,127.5298080444336,129.10978214714964,127.3994980834372,128.604846582091,4071300
2017-06-22,126.62578582763672,127.92072069666926,126.61764611631156,127.40763306125939,3347400
2017-06-23,123.22969818115234,126.42221816677153,122.90393565433065,126.36521531674745,11422200
2017-06-26,123.31926727294922,123.76720000416603,123.08309133851239,123.52287193013485,4128500
2017-06-27,123.98712921142578,124.80968776964602,122.77364066084266,123.02610851400702,4567100
2017-06-28,124.79338836669922,124.97256149560259,124.084847992337,124.40247082502123,5087000
2017-06-29,123.92196655273438,124.60607535651474,123.40073902218107,124.41876251365586,2855400
2017-06-30,124.93183135986328,125.42048758099642,124.01154662215883,124.20699916897695,3640900
2017-07-03,125.42859649658203,126.06384197184832,125.18428087304952,125.73807952244438,1658500
2017-07-05,124.35356903076172,125.65663124031694,123.351837704765,125.42859504296875,4432500
2017-07-06,123.83236694335938,124.18256102255434,123.1563979249843,123.60433069945493,3408500
2017-07-07,123.97891235351562,124.5001396442103,123.71015278419884,123.82417086569333,3775400
2017-07-10,123.12381744384766,124.0033911621172,122.97722803765787,123.97081988086732,5081100
2017-07-11,122.65144348144531,123.6368830070157,122.56999665238799,123.34369182026721,5642000
2017-07-12,124.27216339111328,124.72009622258348,123.05053517458266,123.35187858505071,4275900
2017-07-13,124.84223937988281,125.52636054517515,124.28030090513478,124.45947401663476,3288000
2017-07-14,124.5083236694336,125.1517089168497,123.64504191316098,124.78522302011687,3588400
2017-07-17,125.33087158203125,125.82766740024006,124.3780033589831,124.52459273466388,4166600
2017-07-18,123.93006134033203,125.30643059017756,123.77531983739695,125.21684405832252,3783600
2017-07-19,124.85041046142578,125.42050116312183,124.2395963323846,124.2395963323846,2808400
2017-07-20,119.74398040771484,124.25586696263133,118.58750734553101,124.24771482232774,18264100
2017-07-21,119.43450164794922,120.09419125721614,119.0110128563019,119.74398474165146,9120200
2017-07-24,117.74866485595703,119.46708892268563,117.479905176094,119.4019339311694,7295900
2017-07-25,119.69510650634766,120.04530055069074,118.3187370395179,118.69337507552964,5002400
2017-07-26,119.46707916259766,119.92315163890771,118.87255700076797,119.60552884811729,2836000
2017-07-27,120.31404876708984,120.41992715511545,118.81552161938363,119.05169753070133,5399000
2017-07-28,120.59907531738281,120.75381679805743,119.98012182172258,120.45247354678222,3421100
2017-07-31,121.83705139160156,122.14652206982055,120.15933830832029,120.53397640558839,5253300
2017-08-01,122.04065704345703,122.4804377091527,121.30767269790537,122.35827986508282,4110600
2017-08-02,122.57000732421875,122.8631985364946,122.09764301404975,122.11393486668798,3754200
2017-08-03,122.80615234375,123.81603569331439,122.56997646165473,122.73285766589692,5146600
2017-08-04,124.4024429321289,124.4024429321289,122.8143291247867,122.98535007409335,3258600
2017-08-07,124.89112091064453,125.80326593857217,124.17442843039053,124.46761967894498,3833600
2017-08-08,124.89112091064453,125.58336939539534,124.6712243674677,124.86668934218532,3218900
2017-08-09,126.4466552734375,126.69913553388363,124.86669327939993,124.89112484862949,3844900
2017-08-10,125.32273864746094,127.03301025809775,125.32273864746094,126.38962502941473,4433700
2017-08-11,126.13716888427734,126.82127759162697,125.4041846175089,125.51006302235211,3650500
2017-08-14,125.6322021484375,127.09001832483501,125.06211164385789,127.08186618595754,6662500
2017-08-15,122.3012466430664,126.07200895268834,120.74570404589598,125.64850777697316,13528700
2017-08-16,123.9952392578125,124.56532982646293,123.10752591326808,123.34370185347956,6043900
2017-08-17,121.8940658569336,123.91382109335935,121.84520271503506,123.63692167123752,4460900
2017-08-18,120.11857604980469,121.84513910645128,119.68693528564303,121.84513910645128,6989100
2017-08-21,121.51126098632812,122.06507213445443,119.62995587934854,119.80098926500236,4222500
2017-08-22,122.08952331542969,122.63518241135712,121.58457521720793,121.58457521720793,3268100
2017-08-23,121.42984771728516,121.73931841004475,120.06975738922162,121.00634646287588,5235400
2017-08-24,120.73759460449219,122.65148387426859,120.51769803525193,121.94293102383783,3736000
2017-08-25,121.87772369384766,122.59441595132176,120.85970056768106,120.94928709986533,3048000
2017-08-28,123.29485321044922,124.10927195480176,122.51300574797149,123.74278600525187,6845400
2017-08-29,122.75418853759766,123.62257577289623,122.09061008422934,122.94262161735942,5368700
2017-08-30,122.88522338867188,123.09003209431967,122.29537331636375,122.88522338867189,3641000
2017-08-31,122.77876281738281,123.64715004013426,122.76238711545093,123.38500130332997,6083300
2017-09-01,123.52423095703125,123.65531153451089,122.68860790126344,123.09822533048839,3383000
2017-09-05,125.28559112548828,126.09663820172464,124.2779356675216,124.28613601711564,7488800
2017-09-06,128.25942993164062,128.6444713826792,126.28507057640604,126.86673292814541,8126000
2017-09-07,129.3817596435547,130.48773174070388,128.44783237282982,129.578380516535,8273100
2017-09-08,130.799072265625,131.64288337471072,129.04590974279682,130.33210228264662,10088600
2017-09-11,129.74221801757812,130.04534340969042,127.98086810626614,129.78318225981295,8847900
2017-09-12,131.0038299560547,131.83944038844803,130.0207507705431,130.30747542853018,5794600
2017-09-13,131.09396362304688,132.20812351418888,130.70892224519056,131.39707651604928,4713700
2017-09-14,130.56967163085938,131.7739480193894,130.52870738284497,131.36433054031207,5290800
2017-09-15,129.7667694091797,131.06936206179742,129.67665309359643,131.0611617145894,9124200
2017-09-18,129.283447265625,130.25833871901588,129.1851430856298,130.25833871901588,4010600
2017-09-19,129.1605987548828,129.7012968786832,128.75098123694943,129.27529115988278,3713400
2017-09-20,129.9961700439453,130.57783224314144,128.91478662502328,129.0868314305838,4599200
2017-09-21,130.4140167236328,130.71712966201167,130.0289752881352,130.15185553327973,3082100
2017-09-22,131.05294799804688,131.1512521409036,130.26647735361252,130.37298184205852,3576500
2017-09-25,131.97874450683594,132.24908101746118,130.8727724157854,131.11854538052245,4897700
2017-09-26,132.10980224609375,132.71604051158485,131.72476088160406,132.34738734360337,3222600
2017-09-27,131.8312530517578,132.46206730262028,131.19225095367432,132.2081065329371,3966200
2017-09-28,133.01095581054688,133.0846839386405,131.61825922203573,131.66741130743148,4614100
2017-09-29,133.9940643310547,134.03502857802212,132.83894006945138,133.12567729769043,3467400
2017-10-02,134.37088012695312,134.55930060939335,133.715489861322,134.5183363739421,2721400
2017-10-03,135.31300354003906,135.40311986348107,134.35450037280887,134.40365245822628,3046400
2017-10-04,135.41131591796875,136.05851841660473,135.100015191281,135.57517287999835,2746500
2017-10-05,136.09129333496094,136.19779786880306,134.56751596855787,135.2311067172679,3504900
2017-10-06,135.87008666992188,136.50908876727092,135.77997034847368,136.1404231337364,2916300
2017-10-09,135.7554168701172,136.50911145635044,135.5178317556603,136.107681866718,2131800
2017-10-10,135.30482482910156,135.82913460984165,134.87881922583423,135.74720612826022,2755400
2017-10-11,135.37855529785156,135.88647689093213,134.72316493548638,135.32940320826717,2319300
2017-10-12,134.83786010742188,135.50963868042265,134.73955592621462,135.50963868042265,3397800
2017-10-13,134.73956298828125,136.05034380889416,134.6412588019216,135.10821618766226,3259000
2017-10-16,134.53472900390625,134.90338213406292,133.74825815911265,134.7395376873855,2586700
2017-10-17,133.8219757080078,135.10816751817865,132.31457455714846,134.534705803436,4189200
2017-10-18,133.90396118164062,134.5511638461098,133.82204518016755,133.87938513114528,2757900
2017-10-19,133.7318878173828,134.44461806424783,133.34684647698825,133.94488435653557,2676100
2017-10-20,133.88755798339844,134.4774081302821,133.3222963847901,134.32995184382764,4166500
2017-10-23,134.9607391357422,136.2141673210366,134.14969222150975,134.3872648021572,3995100
2017-10-24,136.017578125,136.36985565475254,134.8870298906996,134.9034180898943,3686700
2017-10-25,136.05035400390625,136.77127225878667,135.48507988891444,136.0831179016372,4189400
2017-10-26,137.34474182128906,137.58232696998198,136.083125430053,136.31251022845956,3750500
2017-10-27,137.0907745361328,137.42666386821892,136.3698562752196,136.64839316013,3720400
2017-10-30,135.4276885986328,136.80400941870647,135.07542367179585,136.80400941870647,3906300
2017-10-31,135.81277465820312,136.27154424919394,135.25570086929537,135.50146136408773,2922400
2017-11-01,135.4850616455078,136.59922152633484,135.27205258707235,136.33706037765478,3568300
2017-11-02,133.29774475097656,135.18197542584005,131.51180578455225,135.18197542584005,6518900
2017-11-03,134.67398071289062,135.16552649251528,133.2730839913303,133.543432920071,3080900
2017-11-06,134.53472900390625,135.07542692841872,133.54344947563337,135.00988664964174,3275500
2017-11-07,134.0759735107422,134.6821992766117,133.3960071107407,134.42823848274406,3198100
2017-11-08,134.3954620361328,134.9115714236583,133.7564599368878,133.81379986859946,2912900
2017-11-09,133.75648498535156,134.4692153447826,132.9454379380272,134.43645144917315,3405200
2017-11-10,134.44464111328125,134.82968251968686,133.47793742256098,133.81382673462252,3554900
2017-11-13,135.4605255126953,136.5173332659288,134.55936192425182,134.87886310551173,7189300
2017-11-14,137.68060302734375,137.74614331356838,133.65815702659336,134.04319839533093,10284000
2017-11-15,135.5587921142578,137.17268577457114,135.4604879320765,137.17268577457114,5534500
2017-11-16,137.2218475341797,137.4348441107574,136.04214726275583,136.5500689071895,4587900
2017-11-17,137.41844177246094,137.98370325077946,136.04212088910774,136.8122035559145,4530100
2017-11-20,139.63853454589844,139.83515534935069,137.4675678642562,137.7461046270843,4699900
2017-11-21,141.61289978027344,141.61289978027344,139.39276841489288,139.70408157696468,6229000
2017-11-22,140.9575653076172,141.6784960730487,140.94117710825734,141.63753182491584,4133500
2017-11-24,141.1787109375,141.80952512799118,140.69536548658482,140.99847831164539,1853600
2017-11-27,142.67796325683594,143.2923894752129,141.21972603193063,141.62114316092885,4539100
2017-11-28,144.65232849121094,144.8161729894515,141.71946572072937,143.27600720481558,6049000
2017-11-29,145.94503784179688,146.91662642131698,144.65231694845411,145.3851418937064,4902200
2017-11-30,148.06109619140625,148.76096590054246,146.07673533330745,146.62017244665415,9180700
2017-12-01,148.5551300048828,148.70334584787912,145.49213659745357,148.47279903775942,4683400
2017-12-04,152.24391174316406,153.404887839312,150.8359301489936,150.8359301489936,6193800
2017-12-05,150.5559539794922,152.25212508847167,150.07014727546186,150.44890990784612,6347600
2017-12-06,148.86805725097656,149.97961981164488,147.12247195951397,148.4151928460249,6892500
2017-12-07,149.85610961914062,150.3336745530628,148.0199641015785,148.2505109574221,5484300
2017-12-08,151.01710510253906,151.4205558699255,149.9878734488178,150.26782144330286,5092100
2017-12-11,150.0619354248047,150.64654437760313,149.13150623548057,149.74081573632657,6038900
2017-12-12,149.69140625,150.85238219860167,149.57613284428587,150.47361954333584,5275500
2017-12-13,150.70416259765625,151.23112851976327,149.85607701307555,149.86430634047179,5177400
2017-12-14,149.96319580078125,151.50292256950192,149.90555278871378,151.16533152018795,3542500
2017-12-15,150.3336944580078,150.85243123427,149.96317357376182,150.67128545728522,8202200
2017-12-18,152.10389709472656,152.71320647590457,151.09113713210257,151.09113713210257,5011900
2017-12-19,153.13316345214844,153.7424729732982,151.9969005125179,152.52386649485874,4576300
2017-12-20,154.22824096679688,154.71403509714625,153.18253850822578,153.97299362928644,5383700
2017-12-21,154.8622589111328,155.48802701482725,154.33529299121682,154.70581374424455,5859100
2017-12-22,154.9034423828125,155.1751609725975,154.19533069654662,155.1751609725975,3256600
2017-12-26,156.73959350585938,156.78899460333352,155.07635202902358,155.23279721359833,2969200
2017-12-27,156.59959411621094,157.66999712184648,156.45137828399288,156.93718497928623,5912600
2017-12-28,156.26202392578125,157.25008353713764,156.14675051385402,157.19245311310382,3175700
2017-12-29,156.05618286132812,157.05248439785998,156.05618286132812,157.05248439785998,4637800
2018-01-02,154.8210906982422,157.03599850371577,154.80461947928174,156.61607664916568,4684700
2018-01-03,155.62799072265625,155.91618049152498,154.64817314898966,154.79637641490538,4530500
2018-01-04,156.863037109375,157.15945614632452,155.18333760923122,156.33607132855977,4047400
2018-01-05,158.50160217285156,158.53453204260848,156.86306160662153,157.2088817764267,4224800
2018-01-08,158.12286376953125,159.50615722431695,157.76058489133084,157.85938707958013,3508500
2018-01-09,158.9956817626953,159.3003302559458,157.79353388329554,158.6663201555293,3012300
2018-01-10,157.92527770996094,159.09448314067103,157.8017623964643,158.71572043535284,3119500
2018-01-11,160.29661560058594,160.33778737101963,157.59591330309325,157.82646014088942,3899200
2018-01-12,161.7292938232422,164.19944903143238,160.4118852505229,160.9717810670603,6748400
2018-01-16,161.6387176513672,163.81245368748424,161.13645226677133,162.91496699555586,5692700
2018-01-17,164.52882385253906,164.52882385253906,162.07512710207965,162.61856430698893,3996100
2018-01-18,163.30198669433594,164.8746554269345,162.75032012316564,164.49589271038278,4474600
2018-01-19,165.77212524414062,165.77212524414062,163.9606805199372,164.52057636253147,5809600
2018-01-22,168.3493194580078,168.3575487858416,165.92032341409424,165.99443762003554,4857700
2018-01-23,168.71157836914062,169.9054966482517,168.09403963050707,168.703349042281,3621700
2018-01-24,169.79849243164062,170.52307540879875,168.42344069188704,168.9586360321038,4370700
2018-01-25,169.0985870361328,170.30073476096152,167.83880888987304,170.2760342140826,3537700
2018-01-26,170.63011169433594,170.69598401808275,168.33287251152385,169.2880023600608,3778100
2018-01-29,168.72804260253906,170.9429501303067,168.55513879863906,170.63005982858272,3632900
2018-01-30,166.1673583984375,167.27069150593738,157.73590233651538,165.887410457226,5979600
2018-01-31,165.4180145263672,168.8597697988803,164.86634817390157,167.3282734458206,4547300
2018-02-01,164.5946807861328,166.52964084748186,163.26080090954488,164.13358712824365,3553800
2018-02-02,159.71200561523438,164.10064961695312,159.2756125261875,164.05947785001564,6179000
2018-02-05,150.77008056640625,159.98376394801028,148.52224224837315,156.500847698156,10618500
2018-02-06,157.29949951171875,158.0570249347328,144.43822699989943,147.07305706735872,11682700
2018-02-07,157.50535583496094,160.1648991859373,156.2126475511895,157.04426211428165,6016800
2018-02-08,149.21383666992188,157.3818146887733,148.97504797461582,157.3818146887733,7241800
2018-02-09,151.6016387939453,153.14960657981013,144.7428403894554,150.88529788037746,9059200
2018-02-12,151.55221557617188,153.9811984044843,151.01702044181448,153.60244840400685,6783700
2018-02-13,151.2722625732422,151.49457999610428,148.942081987429,150.86879948195252,4273800
2018-02-14,152.07098388671875,152.37563232875792,149.07386286655682,149.75727395220187,6767000
2018-02-15,152.548583984375,154.12948210695757,150.89357164308993,153.75896126889097,5113300
2018-02-16,153.94830322265625,154.78815948836734,152.2109602711581,152.3756347677649,7619200
2018-02-20,153.73423767089844,157.6288456791034,153.40487609232176,156.3608255883374,8922100
2018-02-21,150.72885131835938,154.77990388245763,150.56417683634388,154.145906498505,7527200
2018-02-22,152.7132568359375,153.33079574720682,150.60539269568935,151.2723327096424,5653900
2018-02-23,155.08460998535156,155.1340110879428,152.83675930655872,153.3143242380431,4315400
2018-02-26,155.1751708984375,156.27026209174988,154.6811347828891,155.75976731918078,4648000
2018-02-27,152.3097686767578,155.82562648845993,152.29331002112608,155.51273613742725,4618800
2018-02-28,150.07843017578125,153.68484895863836,150.07843017578125,151.84047407465272,6419900
2018-03-01,147.9128875732422,151.8321958271446,146.76838287414122,150.4736155413706,6123900
2018-03-02,146.9413299560547,147.54239764086552,145.19574476919487,146.33202037828102,5671000
2018-03-05,149.64198303222656,150.07013415365788,146.31550084967822,146.44724545497573,5748600
2018-03-06,149.55963134765625,150.67943530383462,147.80581750647264,150.47358908074196,5306800
2018-03-07,147.87864685058594,149.05451988004532,146.42122942720846,148.07739075920895,4799200
2018-03-08,147.34869384765625,149.03797305438573,146.3467105589692,148.59081499938696,4750700
2018-03-09,150.84320068359375,150.90944866346985,147.33213356322167,148.2264623382837,4477200
2018-03-12,148.81439208984375,151.58845492685802,148.68189614181972,151.06676002870663,4993300
2018-03-13,147.68821716308594,149.84121968261007,147.2824530183765,148.71502927829377,6128100
2018-03-14,146.90977478027344,148.772956035177,145.65108879457455,148.3092329445265,4531500
2018-03-15,147.4563751220703,148.93863440555208,146.33846082865068,147.14170032989043,3936700
2018-03-16,148.19334411621094,149.38576984302549,147.37353958323516,147.75444967172157,8410900
2018-03-19,146.65313720703125,148.49147787557564,145.74224313324362,147.93665253530634,4744500
2018-03-20,147.5308380126953,148.1353332934306,146.70275743916494,147.1002325765176,4148300
2018-03-21,147.41493225097656,149.17045932137415,147.13337520521688,147.68820040287017,3494400
2018-03-22,145.15428161621094,147.8621094399944,144.98039171961167,146.91809780906675,5255100
2018-03-23,142.26426696777344,146.6199669065219,142.0655230507379,145.94094730212413,6021300
2018-03-26,146.0569305419922,146.40472304506056,143.6886183811341,144.17718313766972,7323600
2018-03-27,144.64913940429688,148.00286897027462,143.75482331317832,146.8849675386217,4713900
2018-03-28,144.71543884277344,147.00922687485,144.0198537976537,145.11292684185386,4318600
2018-03-29,147.59715270996094,147.92838003493273,145.32820636381544,145.49382002630134,4423500
2018-04-02,143.17518615722656,147.14170084388695,141.12154901151263,146.6945300707522,7229300
2018-04-03,143.88731384277344,144.86445574761967,142.785964873354,143.07579820470497,5283300
2018-04-04,146.9346466064453,147.26587384391155,141.12151634969615,141.4361910701455,4757300
2018-04-05,148.33412170410156,149.0876656492142,146.82700854285517,147.39838633177803,3799900
2018-04-06,144.4586944580078,147.8289894123013,143.54781315032798,147.38181870000412,5236900
2018-04-09,142.85223388671875,145.2039932848318,142.73630306421057,144.96384274395004,5079800
2018-04-10,143.66371154785156,144.24336545569932,142.62861077115645,144.11086952376056,4783000
2018-04-11,143.14199829101562,144.96377289643968,142.26423496702532,142.429848542881,4228400
2018-04-12,143.5560760498047,144.28479113654015,143.17515335387228,143.5146694861476,3396700
2018-04-13,143.09237670898438,145.33646878838104,142.62036454854731,144.4918353994589,4311200
2018-04-16,144.44212341308594,145.41098903837954,143.52296588359434,144.27650978530846,3534200
2018-04-17,144.83961486816406,145.94096384163987,144.16887144597814,145.5434759625214,3106500
2018-04-18,148.9302978515625,149.26152503043699,144.9058257142536,144.91410197129804,5858900
2018-04-19,146.63656616210938,148.80613406008356,145.5517822131223,148.64052040845783,5407300
2018-04-20,146.57855224609375,148.13534792142272,146.00718720776266,147.27414959953293,5008600
2018-04-23,147.11683654785156,147.71305572896725,145.84987394685822,147.08370624028393,2987700
2018-04-24,145.95750427246094,149.05453073768274,144.9555336694983,148.47487675636026,4435400
2018-04-25,146.89321899414062,147.45632037975582,144.54147309279492,145.80843541604492,5587300
2018-04-26,153.7911834716797,153.965073382207,147.46464599518754,147.77932077587153,8782500
2018-04-27,154.4039764404297,154.8842522626723,152.25923721939208,153.60073692398763,4382400
2018-04-30,153.02931213378906,155.51355417285865,153.02931213378906,154.8428108439912,4173200
2018-05-01,152.88858032226562,152.97138083080253,150.21386992273727,152.97138083080253,3423900
2018-05-02,153.948486328125,154.95045690157409,152.15982897943647,152.772613247647,3866500
2018-05-03,151.69615173339844,153.11216308650336,150.04826608888644,153.08732166876555,4123900
2018-05-04,153.2198028564453,154.31287567339487,150.57822285099522,151.33177947763366,3896200
2018-05-07,152.00250244140625,153.60898113915223,151.26551106966303,153.52616800886258,3582300
2018-05-08,153.22808837890625,153.443397505539,151.12476839484444,151.91144274431792,4168200
2018-05-09,154.32113647460938,154.43706727974748,152.01079663096039,153.21978750804217,3392300
2018-05-10,154.98362731933594,155.65437083982283,153.92368475736689,153.9982090073072,3850100
2018-05-11,157.592041015625,157.9978051203343,155.14092914142643,155.37279073397198,5355100
2018-05-14,158.2296905517578,158.70169006644088,157.21943090252827,158.57748299297455,7035900
2018-05-15,155.66258239746094,157.07860573530255,154.10579951413712,156.92126840493052,10147000
2018-05-16,154.3376922607422,156.73912135092303,153.94020440824283,156.73912135092303,5044800
2018-05-17,153.46817016601562,155.0001116053886,153.08724755260283,154.2300027573347,4227700
2018-05-18,155.1989288330078,155.85311985391624,153.65042151283998,153.81603517435053,4697900
2018-05-21,157.1614532470703,157.89016841193583,155.679194139094,155.84480777596966,4147800
2018-05-22,154.7434539794922,157.98125291756054,154.45363328280825,157.3850337348545,4585600
2018-05-23,154.57786560058594,155.11612578609294,153.17840680798486,154.93394697075362,7387400
2018-05-24,154.975341796875,155.1906509265165,152.9217046177964,154.6772321551126,3941300
2018-05-25,154.72689819335938,155.53841381664952,154.06443104484276,154.61096739003222,2730400
2018-05-29,153.1949462890625,154.7103356523993,152.57388569599874,153.65039325107796,4725500
2018-05-30,155.7930145263672,156.3842491645226,153.22824473963777,153.91107875254252,3976000
2018-05-31,155.34335327148438,156.01785198408294,154.260818669396,155.8513111313584,4839900
2018-06-01,156.00955200195312,157.24196973825465,155.31839529202435,155.89297211752262,3706200
2018-06-04,159.34872436523438,159.49860732504493,156.5258142658592,156.73399351420915,4103300
2018-06-05,159.83169555664062,160.1980930525482,157.96640498940778,158.58262011491163,4231300
2018-06-06,161.2056427001953,161.2056427001953,159.2237853510643,160.77263911151965,4134700
2018-06-07,163.35406494140625,164.21176229091597,161.40551053802986,161.40551053802986,4378700
2018-06-08,165.15274047851562,165.29430082348836,162.38811433551513,163.10425136118684,4006200
2018-06-11,166.24363708496094,166.97643218022512,165.16110234139003,165.6357571752555,4243000
2018-06-12,167.63424682617188,167.65922731812023,166.13535377800915,166.41015189569333,4616700
2018-06-13,166.80154418945312,167.8590983622633,166.2602832091289,167.6259386132387,5128100
2018-06-14,166.2686309814453,167.37614631013864,165.0112326655066,166.75993104797877,4305900
2018-06-15,166.9930419921875,167.87573258185407,165.29430510228997,165.669025167065,7820900
2018-06-18,167.1179656982422,167.301164442613,164.96955445573656,165.66071104472596,3396300
2018-06-19,165.88555908203125,166.46012313850605,164.96124270421976,165.05284208242642,5501100
2018-06-20,165.77728271484375,166.65163800498695,164.97786889653383,166.54338074150448,3389600
2018-06-21,166.80154418945312,167.32615997788517,165.38592779715992,165.8855630915003,4695100
2018-06-22,164.38665771484375,167.54264939465472,164.18680107068923,167.20123239240206,6785800
2018-06-25,163.52899169921875,164.74475157599883,162.42979900445388,164.38668931426034,5127200
2018-06-26,163.51226806640625,164.32000436265471,162.8794078853893,163.69546677522032,3270600
2018-06-27,162.39645385742188,164.86962407395288,162.3881185563972,163.7621090690542,3771700
2018-06-28,162.55470275878906,163.2208662413164,161.13907359278357,162.37982658556058,2994000
2018-06-29,162.46310424804688,165.56913533861703,162.37150486276846,163.09596464235418,4106600
2018-07-02,161.56375122070312,161.6969762800941,159.98158134275292,161.39721036677486,3822800
2018-07-03,161.23065185546875,162.9710399383948,161.05578841140226,161.91348585373441,1608400
2018-07-05,161.88851928710938,162.16331742910378,160.8226425155116,161.9551381736159,3040600
2018-07-06,161.94677734375,162.67124967890172,160.67272151749356,162.03005411531961,2552400
2018-07-09,163.2791290283203,163.8037447340966,162.4047737541103,162.9626925446773,2575100
2018-07-10,164.55319213867188,164.67809459498272,163.52895387816716,163.6788368257402,2842400
2018-07-11,164.00360107421875,164.67809977200554,163.17088412262967,164.22843820889847,3309300
2018-07-12,164.8363037109375,165.27764264045237,164.04522521687792,165.0444829307559,2709200
2018-07-13,165.45252990722656,166.48509077499395,165.26100856985877,165.26100856985877,2308100
2018-07-16,165.6107940673828,165.89391485436815,164.7863994986549,165.82729595632648,2530500
2018-07-17,167.45936584472656,167.73415122738055,165.4025541813707,165.4025541813707,4662800
2018-07-18,167.35113525390625,168.14221385673454,166.70161701526803,167.3927736448452,3787800
2018-07-19,168.7334442138672,169.2330667736458,167.00139138621225,167.28451210737873,3691100
2018-07-20,168.58352661132812,169.6743836703995,168.05892362714746,168.27542543758307,3564100
2018-07-23,168.40040588378906,169.3663609431418,168.1256076665806,168.5919399997645,2264300
2018-07-24,168.2005157470703,170.08245164140948,167.66757736156035,169.4828943694291,5058100
2018-07-25,167.37612915039062,168.450328567619,165.76899132272462,167.7092108920689,4382700
2018-07-26,166.04376220703125,168.30875342928638,165.63573901520223,167.81745345621525,4280000
2018-07-27,164.16183471679688,166.95144184862315,163.77877929240668,166.71828209682167,3871200
2018-07-30,164.27838134765625,164.5198763528851,163.54558644385963,163.65384370180712,2331100
2018-07-31,164.478271484375,164.90295259583948,163.93699779059298,164.61983185486315,2795900
2018-08-01,163.46231079101562,164.66142501902155,162.87941157080442,163.9286301671846,3086800
2018-08-02,162.92941284179688,163.0792958042418,161.1723794465911,162.4630933502973,3543500
2018-08-03,162.91275024414062,163.54561057773984,162.5879911286255,163.23750935965577,2309000
2018-08-06,162.9543914794922,163.26249270295517,162.4714140955821,162.89609519059215,2515700
2018-08-07,164.08692932128906,164.21183182070487,162.9127950017553,163.50402981358815,3052500
2018-08-08,164.8946075439453,165.63572509219313,164.29505034690754,164.41163020709536,2176700
2018-08-09,164.944580078125,166.32689330734394,164.91126428359414,165.7106781710499,2466000
2018-08-10,163.46231079101562,164.81963053816813,162.9127146521379,164.32833067443656,2873000
2018-08-13,161.6636962890625,164.5365677250998,161.5471164040314,163.46236826347445,5294400
2018-08-14,160.79766845703125,163.19588493598445,159.27379472111875,162.52138615420841,11488000
2018-08-15,161.5387725830078,161.69697813699221,159.1238857014315,159.67348196133364,6049300
2018-08-16,162.70457458496094,163.2874739453698,161.31393871575224,161.56375635771406,5690100
2018-08-17,162.84613037109375,163.19586997750378,162.2299279386701,162.87944616575342,3885800
2018-08-20,164.81964111328125,165.24433484159493,162.71286848532583,163.079265934753,2956700
2018-08-21,166.7349090576172,167.15960282830326,165.21937083662093,165.5691104260816,4124600
2018-08-22,165.68569946289062,169.4995447775815,165.41922392878425,167.20957306964777,5007000
2018-08-23,166.6766357421875,167.7175319795269,165.8272608547677,166.03544010223558,3595000
2018-08-24,167.62591552734375,168.62517327215062,166.5433810095315,166.8348370087988,3054300
2018-08-27,168.19216918945312,168.99990566275494,167.5343283772421,168.89998369286278,2521300
2018-08-28,168.183837890625,168.5585579645816,167.0680002637313,168.45863599986035,3516300
2018-08-29,168.80322265625,169.0626988786787,167.9913585038864,168.32614758173975,2488000
2018-08-30,166.7777099609375,168.60234481513467,166.64380200017445,168.23406918742236,2825400
2018-08-31,168.0415802001953,168.1587576577983,166.8028324810952,166.8781708813568,4023300
2018-09-04,171.6489715576172,172.3520362456596,167.81557679940875,167.97460607271492,4612800
2018-09-05,170.87057495117188,172.97978186661828,170.0335894990057,171.4397316997648,3667100
2018-09-06,172.326904296875,173.33128411070422,170.57760807088937,171.23882084381742,3490400
2018-09-07,172.6114959716797,173.44848137413166,171.9419050954414,171.95864837947786,3672700
2018-09-10,176.344482421875,177.12287283037287,174.20180151988478,174.20180151988478,5586600
2018-09-11,178.98936462402344,179.6673208747683,177.02244347683754,178.2779217993683,5969500
2018-09-12,177.42416381835938,180.31176093155358,176.52859606985754,179.1399864649015,5660100
2018-09-13,175.30657958984375,176.97218503961514,174.67884057524319,176.97218503961514,4701100
2018-09-14,174.98855590820312,176.2105475254237,173.71633443551832,175.92597553471583,3622400
2018-09-17,174.42776489257812,175.8004205372019,174.31058743894138,174.99692164694557,3074700
2018-09-18,176.6206817626953,177.2149343089121,174.22690274926205,174.62028695146643,4338500
2018-09-19,177.17303466796875,178.0016546775626,176.31931889353075,177.44087608288532,2579100
2018-09-20,176.65414428710938,177.95147426871645,176.61229246098316,177.15634065785542,4020800
2018-09-21,177.7673797607422,177.99336945977473,176.19384266899874,176.8550684772898,9749200
2018-09-24,174.08462524414062,177.3070118766542,174.05951669991373,177.03918314777204,4623700
2018-09-25,173.64096069335938,175.18101044484834,173.088547378788,174.7959916212856,4443300
2018-09-26,173.69119262695312,175.04710472294894,173.44845973854515,174.5783949994631,2965800
2018-09-27,173.12203979492188,173.95065985593155,172.14276850720995,173.67445316892832,3218800
2018-09-28,173.38150024414062,174.80438547500248,172.7119222194788,172.78724783154593,3966100
2018-10-01,173.75816345214844,175.59115063734905,173.56564762660332,174.52818844018032,3670500
2018-10-02,171.3727569580078,174.1264332452748,171.30579659488433,173.66610150229894,4428000
2018-10-03,170.52740478515625,172.80400602533106,170.45206639520578,172.55290785872378,4162500
2018-10-04,166.43450927734375,170.54409683269267,165.94905633709445,170.4520279514147,5996200
2018-10-05,164.3672332763672,167.14601877756834,162.85229141087245,166.61872654353797,5016600
2018-10-08,166.06625366210938,166.27549998361155,163.2623478454276,164.2499971240364,3731800
2018-10-09,163.8398895263672,166.71074327388317,163.69760354312487,165.68125482372784,4466800
2018-10-10,162.1240692138672,166.76097547578274,161.8311319870802,166.65216328708217,6157900
2018-10-11,158.80963134765625,164.60993465861208,157.74665620018934,162.13246476210097,5831400
2018-10-12,161.09457397460938,162.03199349511985,159.16113982786496,161.328928854737,5450200
2018-10-15,160.00650024414062,161.7809052369997,159.61311607740166,161.002514931357,3642800
2018-10-16,162.02359008789062,162.44208267120328,159.5377431213031,160.55886604629634,4057400
2018-10-17,154.98458862304688,159.58800843109285,153.98857393024824,158.7259144705695,8985700
2018-10-18,151.0256805419922,155.1771218790033,150.26402059682343,154.2229588258576,9262000
2018-10-19,150.53179931640625,151.4859619715057,149.46045923950092,150.9419139070362,7004300
2018-10-22,149.6111297607422,151.829135806684,148.61511516115152,151.3436955475359,4866700
2018-10-23,149.42701721191406,150.23052889475412,146.84073513537894,147.11694187724942,7004900
2018-10-24,148.12127685546875,152.64099197917204,147.56886353972826,149.46882358371874,6791700
2018-10-25,149.8789825439453,151.07586554235462,148.00413063979357,148.58165261243505,5228000
2018-10-26,144.1540069580078,148.4310033106371,143.04919275546038,148.0459971383043,9472200
2018-10-29,144.9658660888672,147.301062464366,143.08264897312196,145.41784534862074,5918400
2018-10-30,147.5102996826172,147.66931616792252,144.49714737532543,144.9323833244637,5657100
2018-10-31,147.20901489257812,149.6948628672855,146.96628194384513,148.9666767924718,6339500
2018-11-01,151.0424041748047,151.37719325566758,147.22573968748978,148.01250807604086,5225300
2018-11-02,150.59878540039062,153.17670211060593,148.47284798368645,152.72473558847915,4730600
2018-11-05,152.49037170410156,152.6745095133711,150.0714844147518,151.51110032101363,3885300
2018-11-06,152.33973693847656,152.87540718517923,150.69925239543105,152.27277656121547,3338800
2018-11-07,156.70877075195312,157.08541162259536,152.38155782489486,153.82953897137364,4673400
2018-11-08,157.35325622558594,157.93077819877146,155.44493052285867,156.62508300968267,4054000
2018-11-09,155.67092895507812,157.75501455874502,154.80883496045413,157.62110659255688,4761100
2018-11-12,150.18028259277344,156.4744163097475,149.83712828867857,155.03480041536434,7590400
2018-11-13,149.8203887939453,152.013286487215,144.6729336171203,148.39751614738574,14274000
2018-11-14,150.57373046875,153.0846877046139,149.94599115978403,152.84196745789154,7561100
2018-11-15,148.4477081298828,150.3811420618787,145.30901336459553,149.82872871805654,8663100
2018-11-16,148.1631622314453,148.6569805628035,145.22533524135096,145.62709743728192,6834900
2018-11-19,145.29229736328125,149.71995742882456,144.21259178070483,147.903700582857,6203400
2018-11-20,141.49237060546875,143.96147474004772,139.77654814876726,141.65976511484348,8661000
2018-11-21,141.70164489746094,143.0659225508955,141.5760894121168,142.28753218157868,5752100
2018-11-23,141.32498168945312,142.5637164335117,141.00692316908533,141.77694815979106,2711000
2018-11-26,142.1368865966797,144.2879327337873,141.3417401385921,142.4549324085293,6140500
2018-11-27,144.9825897216797,145.11651043022425,141.29985963637563,141.54257974565368,7084200
2018-11-28,149.3946533203125,149.57989261160327,143.66068912950433,145.58885824854556,7133600
2018-11-29,147.9043426513672,149.2599505130202,147.28126384148987,148.86421317871412,4329300
2018-11-30,151.82801818847656,151.87010751429617,147.4412337941479,147.9801082119902,8942400
2018-12-03,153.02366638183594,154.50556802213305,151.01130554657607,154.32874400788504,7610600
2018-12-04,147.60121154785156,153.4362103907269,146.9697174991709,152.4510812165186,7059600
2018-12-06,148.1569366455078,148.2242847079509,143.52598006186003,146.0856304114349,7571200
2018-12-07,145.48777770996094,150.1776788553754,145.02469243375444,147.64328780997744,6226100
2018-12-10,144.56163024902344,146.49821470945705,141.22733577518483,145.99301429446385,5373800
2018-12-11,144.99948120117188,147.85383422136562,144.18274774618658,146.75924180097263,5229400
2018-12-12,146.68344116210938,148.92313025810475,145.50464457959583,146.29611916482287,5912500
2018-12-13,146.3971710205078,147.2728500513325,144.88159542861533,146.7676496221813,6102200
2018-12-14,145.06680297851562,147.4664854326187,144.78052876826428,145.64777954200028,4265200
2018-12-17,141.42945861816406,144.81427152383176,140.55377936354944,144.41010593810938,5631700
2018-12-18,143.17230224609375,144.78050991722972,141.8756403258116,142.21243195898748,4462200
2018-12-19,141.08419799804688,147.3065192697455,140.41902987425937,143.91329204371033,6996900
2018-12-20,138.221435546875,140.87370570174258,136.59638400336837,140.00645480804147,7675600
2018-12-21,135.1228790283203,141.42098874008843,134.86186355147512,137.0847220239289,13034100
2018-12-24,133.15260314941406,135.8974922129865,133.11050098340505,134.85343044351558,4547400
2018-12-26,141.69044494628906,141.69044494628906,134.2472370575011,134.2640804987085,6141500
2018-12-27,143.40809631347656,143.52597469000992,137.5478258212102,140.14116295272385,5069300
2018-12-28,143.32386779785156,145.76563926332932,141.9598449783011,144.16585973046836,4552000
2018-12-31,144.67105102539062,145.86667795356206,143.68590921949632,144.37634872820496,4206000
2019-01-02,145.16786193847656,145.81618660906776,142.33876795114253,142.89448582403205,4242900
2019-01-03,141.96826171875,144.68789209143122,141.6314700813831,144.68789209143122,4810500
2019-01-04,146.18663024902344,147.1296699179132,142.73447115157688,143.2901760438602,4762600
2019-01-07,149.06629943847656,150.02617007122316,146.36351156238197,146.36351156238197,4928800
2019-01-08,149.78196716308594,151.21335109671125,147.86222629252416,150.3545284452036,4722400
2019-01-09,151.3312225341797,152.62789744296566,149.11679225255313,149.76511685916748,4922000
2019-01-10,150.76710510253906,150.91867036312595,148.47688553640404,149.8998542573975,3605300
2019-01-11,151.06178283691406,151.77746830471702,149.13361402555182,149.81562546748435,3285100
2019-01-14,150.5565643310547,150.9101993749846,148.94835677469203,149.5293332210684,3871400
2019-01-15,148.5863494873047,149.72304398109625,147.51701590441292,148.25797307653067,5016100
2019-01-16,149.06629943847656,149.81567201274555,148.0727547693976,149.10840161972845,4075400
2019-01-17,147.23915100097656,147.73593609276793,144.8226378413093,146.51503729785884,6499200
2019-01-18,151.20494079589844,151.59224996185523,148.34215998630538,149.01575622666724,6371100
2019-01-22,149.12522888183594,150.37980179944395,147.6517426323646,149.44519000729662,6272700
2019-01-23,148.93995666503906,149.92508571236885,146.95285513387248,148.6873565085443,4910400
2019-01-24,149.27676391601562,149.47884663189555,147.6012079700433,149.03259187613398,3860100
2019-01-25,151.89537048339844,152.2911078002595,150.38821026965724,151.37333948999867,4501800
2019-01-28,151.41542053222656,151.55014233358511,149.37780146584677,150.69130690964712,4091400
2019-01-29,151.29754638671875,151.68485551670148,149.950354031125,150.68289581657663,3686900
2019-01-30,153.39413452148438,155.09496238162865,151.37335835830143,151.95433503835645,5197700
2019-01-31,154.5308074951172,155.49067796532933,152.4510860016943,152.821564577527,5138000
2019-02-01,155.23805236816406,155.8948050641254,153.94139041269048,154.95177818741735,4513100
2019-02-04,156.97256469726562,156.97256469726562,154.79180846872111,155.1791304474291,3050200
2019-02-05,156.93887329101562,157.44407358159896,155.5074895980657,157.35986925057603,4135200
2019-02-06,155.5327911376953,157.1915167027441,154.9770732346496,157.1915167027441,3072500
2019-02-07,154.98548889160156,155.70117445351548,153.6214529805911,154.70762996246572,2793400
2019-02-08,155.3812255859375,155.41491246666817,153.848806554987,154.12666550600244,2792300
2019-02-11,154.01719665527344,156.12217694989687,153.87405953697265,155.76854180213374,3729200
2019-02-12,156.20635986328125,156.94730408881222,154.5223758586898,154.7918066185797,3773200
2019-02-13,158.63973999023438,158.8670686144933,156.54317496538457,156.86313608545603,4146900
2019-02-14,158.05032348632812,159.0775419032089,156.61051151773935,157.87349951385016,2600600
2019-02-15,161.9908447265625,162.18449929439737,159.17859445432907,159.8690212320693,4997900
2019-02-19,161.9403533935547,162.66446716380952,161.0562590575325,161.41832236655029,3828400
2019-02-20,161.53616333007812,161.99924863176224,160.91308465191324,161.9908333373276,3970100
2019-02-21,161.5109100341797,161.97399535144763,160.4920940710782,161.53616876611144,3094200
2019-02-22,161.9908447265625,162.11713839085076,161.34250727173261,161.40145288025292,3321600
2019-02-25,159.96163940429688,162.85809399139612,159.94480881439827,162.29396088310784,6190700
2019-02-26,158.547119140625,158.69025625963,153.9161624696697,156.26531483700376,13635100
2019-02-27,154.648681640625,158.71550487218698,154.2613724839692,158.21030449210275,8766200
2019-02-28,155.8863983154297,155.92850048497166,154.1771555838074,154.58973628887352,8060600
2019-03-01,155.91168212890625,157.08205068289044,153.9666823522933,156.45898472543922,5481300
2019-03-04,154.76657104492188,156.8126185975068,153.32677170030684,156.77893171761832,5046800
2019-03-05,154.926513671875,155.86954051337165,154.2950197302777,155.12859635838592,3691000
2019-03-06,155.305419921875,155.74325935387228,154.79180429427575,155.37278082278058,4460900
2019-03-07,153.6719512939453,155.44855488160252,152.88890492126555,155.25490032402226,4122200
2019-03-08,152.59417724609375,153.16673837693753,151.15437839746502,152.8131033466116,3867100
2019-03-11,153.6129913330078,154.25290049782606,152.56891683988522,153.24251287261671,3866200
2019-03-12,154.926513671875,155.15385508822763,153.52038870365158,154.44657210932803,3777000
2019-03-13,153.65415954589844,155.89357043683884,153.60326590301673,155.43551470745416,4528300
2019-03-14,154.05284118652344,154.16311937328672,153.11126997806167,153.772913211743,4393000
2019-03-15,154.57875061035156,154.79930697131914,152.32238396565248,154.6381351516731,8059100
2019-03-18,155.58815002441406,155.63904365237596,154.663547933918,154.83319767493953,4395800
2019-03-19,156.19046020507812,157.62402481742333,155.63908223078064,156.24135384565508,4437100
2019-03-20,157.8615264892578,158.72674420779433,155.59665608826214,156.33465265735822,4772600
2019-03-21,161.14431762695312,161.16976444902173,157.3525858173344,157.3525858173344,4755700
2019-03-22,160.10943603515625,162.908702935984,160.04157352892076,160.584460635355,5173600
2019-03-25,160.8983154296875,162.62029904229203,159.90585053244925,160.10943805372239,3845900
2019-03-26,160.60989379882812,163.02744522200862,160.10094446051804,161.75505246106067,4143300
2019-03-27,160.53355407714844,162.53545254797527,159.8040483731154,160.8728536375807,4298400
2019-03-28,161.2206573486328,162.35732520728035,160.45722680320077,161.09342323887734,3326100
2019-03-29,162.77297973632812,162.90021384728064,161.28852137244976,161.89079303234115,4674100
2019-04-01,165.9539337158203,166.1744771184401,163.58728905052203,163.70604518169387,5381400
2019-04-02,164.8257598876953,165.8351935716922,164.57976964349928,165.8351935716922,2717800
2019-04-03,168.47329711914062,168.6259780488671,164.6561185545854,165.39410226849557,4581500
2019-04-04,170.0340576171875,170.06799533400465,167.97278786945176,168.80408072322018,3138400
2019-04-05,171.39979553222656,172.30744196796354,170.16981837962862,170.38188385226445,3615300
2019-04-08,172.66371154785156,172.8672861191174,170.7042286387216,170.81449388367415,3040900
2019-04-09,170.41578674316406,171.95115144032994,170.04256243176238,171.56942328385836,3721700
2019-04-10,169.16880798339844,171.00954708162723,167.97276894102686,170.72112829496888,3587500
2019-04-11,170.90782165527344,170.9247905191934,168.82958237412723,169.56756616151182,2465100
2019-04-12,172.91819763183594,173.26597518213975,171.45918609343298,171.45918609343298,3097900
2019-04-15,173.7749481201172,174.01246043682636,172.5364799457474,173.1811673283442,3049900
2019-04-16,173.44412231445312,174.73348410531378,173.29142843253993,174.10576560135988,3271400
2019-04-17,175.20846557617188,175.45445578648423,174.16510725662073,174.18206317219605,3271900
2019-04-18,174.4535369873047,176.25184798605778,173.97851241732832,174.75891177421076,3162500
2019-04-22,173.70706176757812,174.95400773088141,173.04541855563542,173.1387278774965,2593900
2019-04-23,174.78436279296875,175.8701369628385,172.56190786798143,174.01244137649053,3702600
2019-04-24,175.35267639160156,176.69293155870207,174.35172075949842,174.8776518652262,2750900
2019-04-25,175.16607666015625,176.20095718001664,173.9445774928818,174.75042368301595,3292100
2019-04-26,172.714599609375,174.86070110178002,172.48556528065282,174.64015767555247,3560300
2019-04-29,171.4846649169922,172.8758142081645,169.94082172107608,172.46016113000582,3785200
2019-04-30,172.7909393310547,172.8333550129992,170.32249419720205,170.96718149848112,3415600
2019-05-01,168.63442993164062,172.638226223951,168.51567381040456,172.36677626487062,4644700
2019-05-02,170.50912475585938,170.5515404407673,168.63447315135676,169.05860411353652,2810000
2019-05-03,170.1273956298828,171.6118538766741,169.92382106841575,171.34889477248,3583400
2019-05-06,169.33853149414062,169.59299971577553,168.21881954514816,168.5835789019077,2619400
2019-05-07,165.21597290039062,167.65895835625395,163.68062094151261,166.89552782819342,4622100
2019-05-08,165.5552520751953,166.77675112429372,164.29133734788834,164.97844027059202,3122600
2019-05-09,165.05479431152344,165.47892524162498,162.51848668987475,163.9774981248999,2917700
2019-05-10,165.05479431152344,165.82671571073593,161.1782313975401,163.89267970494888,3863600
2019-05-13,161.45816040039062,162.57787227589714,160.44024875030672,162.0180163381439,3325900
2019-05-14,162.54393005371094,163.51094803604084,161.1782279700877,161.5938809323899,3663600
2019-05-15,162.6626739501953,163.5533514061164,161.3987721843112,161.85682784948483,3355800
2019-05-16,163.18861389160156,165.37713095138682,163.03592003264302,163.2649543493567,3854000
2019-05-17,163.35829162597656,164.98695305406744,161.80597066870624,161.89928000308151,5223800
2019-05-20,161.97557067871094,163.5957536486664,161.68716480419587,162.12826451686075,4782800
2019-05-21,162.39971923828125,163.30736557834888,158.06510091675216,158.7352349879783,8555600
2019-05-22,160.2451629638672,163.05290785775628,159.51565719242427,161.58541835528322,5706000
2019-05-23,162.8662872314453,163.32434296916594,158.00575009604776,159.85495485279898,7754000
2019-05-24,164.2150421142578,164.44407648489653,161.51757509088435,163.32436440039723,3799500
2019-05-28,162.48452758789062,166.65797350529087,162.31487784037603,164.88510969838808,5165800
2019-05-29,161.1613006591797,162.76451530770896,159.49870145830263,161.4072909419542,4569900
2019-05-30,162.0858917236328,163.2904221153738,161.24610775025462,161.28004547590925,3029800
2019-05-31,161.04248046875,161.41570472466336,160.03304702778692,160.86433982598476,3681500
2019-06-03,160.80496215820312,162.75595353723557,160.10938141417262,160.76254648834475,4620200
2019-06-04,165.62315368652344,165.83521918420146,162.3743087088823,162.5100337338244,5118100
2019-06-05,168.01490783691406,168.04053314616326,164.93120295964098,165.72561361483906,3704600
2019-06-06,168.4249267578125,168.83494474232128,166.53712611667243,167.98073300462326,3732900
2019-06-07,168.53594970703125,170.0051946879977,167.60486219997534,168.45052333413818,3522300
2019-06-10,169.17666625976562,170.71425025805624,168.55309523393404,169.61230962834838,3154500
2019-06-11,169.1424560546875,171.55987675880922,167.28881820754887,170.00521822395334,3708500
2019-06-12,169.9368896484375,171.00465434861695,169.11684062363537,169.82583794866298,2551500
2019-06-13,172.8498077392578,173.13168623617997,170.37258505672096,170.79969106740927,3630900
2019-06-14,175.7711944580078,176.39476552431776,171.96140347239287,171.96140347239287,4898000
2019-06-17,176.80477905273438,178.35090053808997,175.9676550230854,176.82186694067317,4620500
2019-06-18,177.2318572998047,179.52968908430844,176.91580311067162,177.7614774691813,3891300
2019-06-19,177.6248321533203,178.08610086394413,175.88223250376421,177.59065637668758,3648200
2019-06-20,180.4522247314453,180.8024546626911,178.79505191943966,179.01715530717425,5171500
2019-06-21,178.86343383789062,181.08439004893148,178.59863022753166,180.4608059611783,9855000
2019-06-24,175.5405731201172,178.75240567806597,175.21596837599384,177.8042297982373,4943500
2019-06-25,174.89132690429688,176.90726725383993,174.4300452376604,176.22389521371326,3587900
2019-06-26,176.32640075683594,177.09519920856192,174.81444219925558,175.40385043530748,3071200
2019-06-27,176.8389129638672,177.67603679533596,175.97615078944008,177.34289474771415,2286800
2019-06-28,177.65042114257812,178.5302582144847,177.15497675663042,177.47958139706716,11069000
2019-07-01,179.62364196777344,181.35769074104812,177.82125469182827,179.12819759908973,4097700
2019-07-02,179.50404357910156,179.60654481069702,178.06897419982155,179.5894699615884,3160500
2019-07-03,181.17835998535156,181.73359253969696,179.12824348280864,179.23075778019177,2183700
2019-07-05,180.63165283203125,181.23813597756958,179.1538568708268,179.35887241770348,2547800
2019-07-08,181.87026977539062,182.32300106707913,179.88849179089456,180.2216339307076,2705300
2019-07-09,181.0928955078125,182.2289987277011,180.40952348395444,181.0330944273902,2397400
2019-07-10,180.02516174316406,180.5120687929257,178.3850764244881,179.9995364283597,3457400
2019-07-11,182.8354949951172,182.8696707676096,180.25578464418115,181.30646154915493,3450100
2019-07-12,186.41465759277344,186.43174548020508,183.32241471384063,183.65555683044258,4429800
2019-07-15,186.81610107421875,187.3286333213319,185.20164144031975,187.02965400480983,3141300
2019-07-16,185.5860595703125,186.51716038145315,185.13332833808516,185.62023534306832,2657400
2019-07-17,184.17657470703125,185.8593727032776,184.17657470703125,185.13328758578575,3037300
2019-07-18,183.17718505859375,184.70621848376908,181.95565537624068,184.08264750376063,3068000
2019-07-19,181.9812774658203,183.85200340695897,181.88731364576466,183.37364688094388,3254800
2019-07-22,180.4693145751953,182.16918756400747,179.7090666622211,181.94709720809738,2764900
2019-07-23,182.0154571533203,182.9123821760149,180.86226597639327,181.57981381509177,2589900
2019-07-24,183.40782165527344,183.4761471292718,182.0069148220291,182.10941606726428,2207100
2019-07-25,184.12533569335938,184.4413898533804,182.4852507832107,183.04048317798862,2335300
2019-07-26,185.287109375,185.54337555602166,182.8867759823839,184.108292762844,2675500
2019-07-29,186.25233459472656,186.44881269280572,184.80872760568877,185.18456984783498,2407200
2019-07-30,185.67147827148438,186.7221551410027,185.2443723694092,185.8081552883655,2172600
2019-07-31,182.5364990234375,186.0473096080528,181.23809359863637,184.80870525828044,3426400
2019-08-01,181.80191040039062,185.8850420186365,181.11000088432112,182.9209258433414,3431500
2019-08-02,181.22103881835938,182.0667132424398,180.3070389163882,180.9733231168497,2884900
2019-08-05,175.06216430664062,179.35031109251202,174.32754165435378,178.98299324924992,4553200
2019-08-06,178.35939025878906,178.60710589546446,174.6862776571942,175.12192089447925,3646800
2019-08-07,177.59921264648438,178.10319457726234,173.51608049939475,176.00182740977428,3901100
2019-08-08,180.72560119628906,180.82810244383637,178.29109229313607,179.12821622799456,2968000
2019-08-09,179.40162658691406,181.4431929583175,177.6334013061932,180.62314361778562,2912100
2019-08-12,176.83033752441406,179.07691818940333,176.09571503161143,177.7614380686442,2005000
2019-08-13,177.9579620361328,180.76831337855518,174.9255072636071,176.23245039368132,3876700
2019-08-14,172.20057678222656,175.42095935072018,172.1322382649315,174.65217384106955,4582100
2019-08-15,172.37136840820312,174.054166453084,170.03083675728706,173.40497027148606,4199700
2019-08-16,173.96023559570312,174.62651978660676,172.26889980604307,174.0456619931988,4093600
2019-08-19,177.63336181640625,178.3765350319285,175.36970549741798,176.8047752315149,6413600
2019-08-20,185.4408416748047,186.09005100271497,181.23812106640017,182.37422435600516,12452600
2019-08-21,188.2682647705078,188.67829579577736,185.15893451718358,186.84173270996283,7938600
2019-08-22,188.7978973388672,190.19880418176524,187.82409639970922,187.96931084287232,4544600
2019-08-23,185.76547241210938,188.66978780657024,184.51831723942357,187.84120117856278,5769300
2019-08-26,186.7733612060547,187.49944628005855,184.66345751041501,186.61107195074246,3680200
2019-08-27,186.3975830078125,188.27684656658516,186.14131683292553,187.5422238168367,4311700
2019-08-28,189.5923309326172,189.71192007872014,185.45794841392762,186.1156952346135,3066700
2019-08-29,194.179443359375,194.5040349980246,191.1384382346229,191.25802737185978,4184200
2019-08-30,194.68344116210938,195.84516989078048,193.64130158046737,195.12762197436638,3768300
2019-09-03,191.40322875976562,194.4442204356653,190.8138205800882,193.43624381560792,4139400
2019-09-04,192.6407928466797,192.6407928466797,189.6499868939221,192.46890985883502,3132900
2019-09-05,196.07855224609375,196.61999624624522,194.44564379785552,194.48861783361642,3373100
2019-09-06,198.63961791992188,198.84587226792368,195.8464766375208,196.55120084958017,3237900
2019-09-09,200.1350555419922,200.99448380556592,197.73725645670862,198.9576430173232,4449100
2019-09-10,200.2467498779297,200.263942112024,197.41923716261508,199.60217879463164,4210600
2019-09-11,199.9545440673828,200.83115128380277,198.54508251375805,200.18658021146524,2978300
2019-09-12,200.93431091308594,202.38674663409927,200.3413033712442,200.60772400857405,3366100
2019-09-13,201.0890350341797,201.93987379362096,199.67098354894634,201.3898401923009,3805500
2019-09-16,198.51931762695312,200.77101523499272,198.19273072606197,200.01471424927976,3120200
2019-09-17,197.84893798828125,197.95206515828664,194.63467234685518,194.9096825048134,3732500
2019-09-18,198.38182067871094,198.98341781929176,196.8176549993667,197.9864779212812,3341800
2019-09-19,196.05274963378906,198.87167297782247,195.9066484187802,198.6568159356624,3134000
2019-09-20,193.08767700195312,197.71140359450098,192.70952660368573,195.94098410609445,7687700
2019-09-23,194.4456024169922,195.21049288095216,192.46891521716913,192.64940088342115,2754000
2019-09-24,193.72366333007812,197.87470203023048,193.18221950845776,196.06989803404937,4511300
2019-09-25,196.0355682373047,196.33636022453808,192.941621620573,194.73782332486553,3716700
2019-09-26,197.4879913330078,198.63103236072197,196.80904885594936,197.39345371075078,4200600
2019-09-27,197.5481719970703,199.17249081508658,196.9207930657291,199.05217138833848,3152000
2019-09-30,199.40451049804688,199.89437769355519,197.77158924741107,197.8317555087681,3249200
2019-10-01,198.59664916992188,201.5444812916541,198.28725452586602,200.25533912706007,3335400
2019-10-02,193.843994140625,198.1841083003683,192.8040804577191,198.1841083003683,4336100
2019-10-03,194.9269256591797,194.9269256591797,190.89620493664543,193.37136257402003,2777700
2019-10-04,195.88941955566406,196.9894994705545,195.10735003494784,195.2362589906069,3163100
2019-10-07,194.8667449951172,196.06134960852387,194.27373746870794,195.5284952338979,2917600
2019-10-08,194.80661010742188,196.62000433492264,193.457314503096,193.68076113887668,3438500
2019-10-09,196.7574920654297,197.29033334720543,194.75502280755714,196.37934156333068,2657600
2019-10-10,199.0521240234375,199.59356787188312,196.87777218427414,197.10121874825555,2781500
2019-10-11,201.6734161376953,203.42664382239596,200.89992292169524,201.38121370921738,3459200
2019-10-14,201.26087951660156,202.38674141791913,201.15775233418557,201.29526398662887,2183900
2019-10-15,202.4984588623047,203.5641545016821,201.6218515810665,201.6991969681464,2663300
2019-10-16,202.7390899658203,202.971139232043,200.96867012195895,202.32656813662751,2388100
2019-10-17,203.48683166503906,204.6900259768412,202.40394367058266,203.1344629330704,2250500
2019-10-18,204.48370361328125,205.17124865577733,202.51561920689002,203.6758522857166,3662500
2019-10-21,203.4266357421875,205.39473350357522,202.48986222783515,204.76734152673444,2041700
2019-10-22,203.85635375976562,204.80172996660053,203.27194891469154,203.94230181996255,2003200
2019-10-23,201.68199157714844,204.03682930291438,201.41557096314122,203.3922582249619,2110500
2019-10-24,201.0116729736328,203.1430513628798,200.30694862745617,201.80234539038838,2173900
2019-10-25,201.43276977539062,202.32656926258787,199.86001472016443,200.66787926246087,2210900
2019-10-28,203.51255798339844,203.65006961406962,201.58743449549442,201.92261089911113,2705000
2019-10-29,201.22650146484375,204.11418050090458,201.03742622748368,203.54695478882437,2558000
2019-10-30,203.03128051757812,203.34067512986746,200.1436018408213,200.68503257695446,1956700
2019-10-31,201.60467529296875,204.01966651537623,200.43585237836396,203.56417060365408,2824100
2019-11-01,203.97665405273438,204.07119166455487,202.0171591112109,202.88518985078954,2197400
2019-11-04,201.89686584472656,204.87908266916867,201.0030663103899,204.7759554843157,2542400
2019-11-05,199.55921936035156,201.89686504250767,197.9005292793351,201.74217426584286,3624600
2019-11-06,201.11480712890625,201.1405889282055,199.2928233713068,200.10068805290953,2631900
2019-11-07,200.1951904296875,202.6445527285757,199.181058418466,201.10618214804236,2832500
2019-11-08,200.1092529296875,200.4702111891848,199.06935218267142,200.07488157280676,2088400
2019-11-11,199.21543884277344,199.62796066436718,197.82315638491704,198.09817967520107,2309600
2019-11-12,200.34986877441406,201.64761356133795,199.38731352623083,199.51622249202975,2991100
2019-11-13,201.79373168945312,201.8796666359178,198.39899312902799,199.4646756392529,2399600
2019-11-14,203.29769897460938,203.63287537492283,201.14052627043608,201.96558293250118,2282200
2019-11-15,203.93368530273438,204.58685904269518,203.13442347525427,204.27746440635372,3524700
2019-11-18,205.2744140625,205.66974365848918,203.4781993045807,204.92204538193775,5747400
2019-11-19,194.1104736328125,200.34991828208766,193.71513085028468,198.1841684385055,14972200
2019-11-20,189.84768676757812,193.37134768198334,189.5640869978183,192.98460760938613,10225400
2019-11-21,187.81939697265625,191.05944433602772,187.78502562134673,190.74146015954796,7823700
2019-11-22,187.38108825683594,188.32646431480936,187.19201304524125,187.78502047125815,5786500
2019-11-25,187.69912719726562,187.8108570677658,186.3928056808334,187.35536113795916,8865400
2019-11-26,189.72735595703125,189.8992520801669,187.6905154134375,188.008499636339,9981400
2019-11-27,191.65249633789062,192.03923642073835,189.641437416015,190.51804477344746,6687500
2019-11-29,189.51248168945312,191.93607517595407,189.32340646225808,191.910293382594,2952900
2019-12-02,187.0287628173828,190.096927820962,186.8912642703306,189.8476862963769,4416300
2019-12-03,183.9176025390625,186.0231986369537,182.99800823172814,186.0231986369537,6505400
2019-12-04,185.180419921875,185.924255837886,184.3933351228284,184.66145972086036,4256200
2019-12-05,184.22898864746094,185.52637589145715,183.1651348027416,185.40528694325906,4580500
2019-12-06,185.3361358642578,186.2702564879011,185.00746012694574,185.27559797447904,4193700
2019-12-09,187.2822265625,188.44988069987002,185.24964734491792,185.3447896316496,5111100
2019-12-10,186.73727416992188,187.4205722079959,186.0453448320275,187.27353656380802,4663000
2019-12-11,183.36410522460938,184.7912262361892,182.161859968262,182.52512689488765,8284800
2019-12-12,183.3986358642578,185.20633859915787,182.2655865677159,183.79650705121733,9915100
2019-12-13,185.1631317138672,185.2928651750661,182.21373451734524,183.4678730338609,6869200
2019-12-16,186.4172821044922,187.44654495458772,185.35342806177601,185.46585933607415,5850300
2019-12-17,188.3114471435547,189.80776350024442,186.7113308261554,186.84107747761573,7574400
2019-12-18,188.55360412597656,189.9288313739416,188.24223067382363,188.73524413877615,6677400
2019-12-19,190.47373962402344,190.94945090134718,188.79578340821152,188.96876572786425,5405000
2019-12-20,191.31272888183594,191.64140454672517,190.11048387327966,190.79376869492722,7778200
2019-12-23,189.60015869140625,192.0132929170222,189.53960762450737,192.0132929170222,3943700
2019-12-24,190.8629608154297,191.1829787795373,189.60882245039937,189.85100034718982,2260700
2019-12-26,190.9927520751953,191.27816572203184,189.92888478251558,190.92355648884723,2649200
2019-12-27,190.25750732421875,191.8316635809671,190.09316950230277,191.32136112174737,3082800
2019-12-30,187.9568328857422,190.70730100340072,187.29949469550579,190.6035010382109,3952400
2019-12-31,188.88229370117188,188.99472495766935,187.20433737401032,187.77519094468082,3789900
2020-01-02,189.9893798828125,190.07586444198049,188.4152104521209,189.48772192790105,3935700
2020-01-03,189.35800170898438,190.00669538291172,187.4724717650014,187.80979194753533,3423200
2020-01-06,190.2489013671875,190.2834925588432,187.16975740152455,187.24761067873823,5682800
2020-01-07,189.00340270996094,190.76784379107968,187.60221532437382,189.8510254608518,5685400
2020-01-08,191.8317108154297,192.85232918287952,189.13314902642364,189.2455935002016,4916200
2020-01-09,194.77244567871094,195.08381917914974,191.88359960101633,192.566884483745,4843600
2020-01-10,193.93344116210938,195.0318993616814,192.90417853077943,194.3918502537211,4226600
2020-01-13,193.17234802246094,194.1843086975888,192.60149435001705,194.1756641986881,6060900
2020-01-14,192.71392822265625,194.56486710911616,192.28146574266367,192.42850140213625,3915100
2020-01-15,194.2534637451172,194.59078389976787,192.12575606123005,192.25548950620896,3444300
2020-01-16,197.91209411621094,197.94668530035472,194.95403976028473,195.41244883699216,5390800
2020-01-17,200.584716796875,201.18151703021152,197.989942354685,198.5953870849883,7979200
2020-01-21,201.48428344726562,202.098386026619,199.84957566564805,200.25609148626748,4873500
2020-01-22,201.4410400390625,204.58072221211413,201.4237510403122,202.2108228101372,4030800
2020-01-23,202.08970642089844,203.10168021202168,199.48628710951388,200.7750300179021,4617900
2020-01-24,200.66258239746094,203.62926855231717,199.41708839508496,202.7903035178044,4467500
2020-01-27,199.96200561523438,201.06910851929754,197.3758752077779,197.3758752077779,3595600
2020-01-28,202.27134704589844,203.4735921848849,200.1003901971408,200.50690597485703,3621900
2020-01-29,202.4097442626953,204.0185052275545,201.8734818092705,203.17086925842443,2564000
2020-01-30,201.34584045410156,201.7869605531659,200.29064432914672,200.66255566207016,4685700
2020-01-31,197.28936767578125,201.72642327431373,197.1077276465051,201.49290306229517,5304700
2020-02-03,200.2646942138672,201.9858994187059,198.37051987605793,199.19219584505012,5100900
2020-02-04,203.25733947753906,204.4336377998705,202.41836131834722,202.41836131834722,3505100
2020-02-05,205.94728088378906,206.12892093073134,204.00119974145682,205.0737114332946,3868600
2020-02-06,206.57864379882812,207.07165728818492,205.40234549887947,205.85211010707602,3930300
2020-02-07,205.24668884277344,207.17546774426842,204.57204845215713,206.5786674300216,2456100
2020-02-10,208.1095733642578,208.1095733642578,204.27794932982422,204.6412293889711,2568000
2020-02-11,209.00045776367188,209.70104483932639,207.75496376352743,208.1095861492338,2692400
2020-02-12,208.95721435546875,209.57131687358736,206.57867075603158,209.42428121661976,3592100
2020-02-13,209.62318420410156,210.69569575408102,207.9279257151283,208.42093920754243,2468100
2020-02-14,211.9325408935547,212.07957653846069,209.85672647432068,210.5573135108695,2841600
2020-02-18,210.98977661132812,212.86666201073174,210.31513626307083,211.76820372156155,2892600
2020-02-19,210.7303009033203,212.3390617360311,210.1853939961695,211.82875921539815,2713300
2020-02-20,213.65377807617188,213.74026265790354,209.44158433436507,210.77357623057293,3701800
2020-02-21,212.20065307617188,213.9478049153792,211.0416569798792,213.2039690390993,3881100
2020-02-24,207.32247924804688,210.27187608773934,205.59262958690724,206.26726989893524,5350100
2020-02-25,205.31590270996094,213.61053037277216,204.53746228380368,212.85804983875752,8061500
2020-02-26,203.49949645996094,208.48145832597058,202.66917608114488,206.8035153777827,6963000
2020-02-27,194.3745880126953,203.10169113392587,194.23621004547505,199.8582224430292,7612800
2020-02-28,188.41525268554688,191.20031215050162,183.6495208422027,189.098550803971,11809600
2020-03-02,198.8808135986328,198.93270697577626,188.97742713003194,190.26615665477843,7150800
2020-03-03,197.15098571777344,203.9665982187284,195.10111790828293,198.95867560874635,8432500
2020-03-04,208.51609802246094,208.72368475117517,200.48959594673826,201.5361476927857,6770000
2020-03-05,203.0929718017578,207.24461310568373,201.65719359620903,204.64119444439893,6473900
2020-03-06,197.64398193359375,199.18354718252928,192.22955687142667,196.83096362277567,7399900
2020-03-09,182.0321044921875,186.979462893295,179.25568969166096,184.98148843948667,10120500
2020-03-10,195.21356201171875,195.3260064804644,182.4991676624542,187.8703575034922,7206600
2020-03-11,185.3657684326172,190.81641757287937,183.28476850455195,189.2056092892155,7253900
2020-03-12,165.9489288330078,179.871612786053,160.94233688629245,170.1457653291022,10928700
2020-03-13,179.07925415039062,179.20986886270288,165.43520489860032,174.53413851082237,10292300
2020-03-16,143.6326141357422,162.03945974426597,142.02179210615816,158.44341601506872,12536600
2020-03-17,151.1903533935547,152.182964031629,135.2215067147434,146.4623960423597,16234400
2020-03-18,135.50888061523438,141.34264697195607,122.44820371839134,139.13974719823582,14681900
2020-03-19,140.29776000976562,141.84762554683363,123.64104336666472,133.35818771003798,13499100
2020-03-20,132.47877502441406,148.21254124870572,132.18273624581784,141.73444431045192,12602400
2020-03-23,141.3948516845703,143.60645323221738,127.41992829292174,130.6589764045339,12241600
2020-03-24,160.83787536621094,161.66504887070383,149.77112318864783,150.9727096539996,14676600
2020-03-25,158.26052856445312,166.7848021878856,156.7280809998604,160.5766245056476,11497400
2020-03-26,169.9716339111328,172.57505334679715,158.9048825465676,159.76689189786453,10170300
2020-03-27,165.9141387939453,170.99039026324508,162.38775329048914,164.1204745830931,7121700
2020-03-30,170.7465362548828,172.57502249528991,163.35419058622705,165.9315025594721,6936700
2020-03-31,162.57057189941406,170.21541883583933,161.47346675865737,169.6146256941878,7335400
2020-04-01,155.53524780273438,159.1312783801092,152.37455982456535,153.16691072429484,7858200
2020-04-02,157.86874389648438,159.09645064196988,151.50384318499096,152.33101668310994,6353900
2020-04-03,155.59616088867188,157.90355460955595,152.3222900424647,156.34497339912411,7299800
2020-04-06,166.59324645996094,167.5336165508836,161.19483737740862,163.69377533445044,7454000
2020-04-07,167.4291229248047,177.72094011944097,167.04602099201648,176.68479121934428,6438800
2020-04-08,169.63201904296875,171.32990379310874,166.77607312955007,169.10088450205288,6094700
2020-04-09,175.47451782226562,179.35789762845016,171.0948392841324,173.96819038732653,7125100
2020-04-13,173.08877563476562,174.53416026743255,170.11094316970875,174.53416026743255,4415600
2020-04-14,180.38531494140625,182.61433444199812,174.25551131477854,175.779256567168,5655400
2020-04-15,172.81883239746094,176.09271647387118,171.1906059781853,172.98426972506735,5693900
2020-04-16,174.01171875,176.0665986595138,171.3734636622181,173.37608971543526,7262800
2020-04-17,182.34445190429688,183.06714424641567,179.50593640072753,180.38535047954332,6717600
2020-04-20,179.4100799560547,183.7462188467402,178.8092869866342,179.47973845978473,4753100
2020-04-21,174.67347717285156,177.92122814033502,173.71568897471664,174.79537628115907,4845000
2020-04-22,177.77317810058594,179.11408134684194,175.13492312939871,175.78795680119762,4067700
2020-04-23,176.16236877441406,180.2111722043119,176.04917202036398,177.03308033232793,3565500
2020-04-24,184.74755859375,185.40059221486544,177.4945435335772,178.26076061453725,5025200
2020-04-27,189.6061553955078,192.37502522380933,186.34098685826837,187.2378187536164,5472800
2020-04-28,189.4929656982422,195.23095183062256,188.86605229679805,195.0306918869959,5080700
2020-04-29,193.13253784179688,195.18741774893442,191.39983026109502,192.72330232697678,4381100
2020-04-30,191.40853881835938,193.39376026774212,188.52648545482586,188.76156802851233,5152700
2020-05-01,190.3114471435547,191.2953422499226,187.873451924952,188.74416355402403,3819300
2020-05-04,193.15869140625,193.8726814184405,187.3858815389851,188.66581558819234,4090900
2020-05-05,196.44125366210938,199.26236415910597,194.69983038184105,195.85787845754012,4655200
2020-05-06,194.96974182128906,198.90536201260366,194.865260679769,197.97369421403386,3321100
2020-05-07,199.78480529785156,201.68296379228877,197.14654979893731,197.22491066658665,4501300
2020-05-08,204.12095642089844,205.09616265000002,201.2650228424019,202.61462876001025,4365200
2020-05-11,205.9755401611328,207.89981870081184,201.35206355192827,201.80483731761834,4378300
2020-05-12,202.78875732421875,208.31778214379636,202.78875732421875,207.72570454257266,4399600
2020-05-13,200.3507537841797,205.74916329782877,198.99243246481814,202.91063484688678,6237200
2020-05-14,204.16445922851562,204.32119423059697,196.95496799689593,197.10298737963632,6434500
2020-05-15,208.38742065429688,211.7831907727026,202.61459816700176,202.6929590268099,16176300
2020-05-18,213.62908935546875,216.2151037853838,212.48844603670148,214.05572952240823,8314800
2020-05-19,207.3164520263672,211.11275540393999,207.05523587057897,209.36261646036283,9387000
2020-05-20,207.39480590820312,210.9473109637621,204.57369543543436,210.71221510286344,7534200
2020-05-21,209.73699951171875,209.9982023442993,205.30506768621575,206.89847139497562,4772700
2020-05-22,210.6077117919922,211.00823166069654,207.80401956704674,209.5802652648737,3041800
2020-05-26,211.13014221191406,216.12803151174163,210.77316055807276,216.06707532327817,4535200
2020-05-27,215.37921142578125,215.4053317096297,209.6499277822824,211.3129900459888,4664800
2020-05-28,213.4462432861328,219.61958540493475,212.82803219793746,217.25996438484768,5259300
2020-05-29,216.3544158935547,217.4254007336441,213.08924737475587,213.37658379873073,5341600
2020-06-01,215.3182373046875,217.48631368554905,214.081828590165,217.16415468758277,3407800
2020-06-02,220.03750610351562,220.04620843543952,215.06573765836555,216.48500163613403,5301000
2020-06-03,219.85357666015625,221.45649477908853,219.31927062051213,220.5543078644112,4638100
2020-06-04,218.05796813964844,220.8784016893612,216.76162403376912,218.7762213357549,4759400
2020-06-05,223.26962280273438,224.10174862541288,219.31051622635349,221.02729364239997,5054300
2020-06-08,224.9075927734375,224.94263668788915,220.95724011793348,221.1587092126872,3811900
2020-06-09,224.8988494873047,226.23899184629175,222.35870032965747,223.64629018285478,3716100
2020-06-10,222.87547302246094,227.1148909316056,222.67401730549017,225.50321846516658,3589800
2020-06-11,209.7543487548828,219.52074828908803,209.11493764850928,217.97915017779346,6563700
2020-06-12,212.3645782470703,215.81566905875752,207.63466510704885,212.90765205057784,5238500
2020-06-15,211.4098358154297,212.1631196544081,205.23466186820824,208.13392454073977,6250900
2020-06-16,218.9338836669922,220.42292923068453,212.7324341124111,218.45213009379663,5291600
2020-06-17,219.7222137451172,223.02438760090308,219.0477587352636,221.4039607564892,4234000
2020-06-18,218.28570556640625,220.5105128039183,216.46380975548684,218.4170868217438,3347800
2020-06-19,216.04339599609375,222.74412171352517,215.8069097003763,221.6930314143217,11114600
2020-06-22,218.241943359375,219.03025775210833,215.04486084364888,215.21128603808643,3815200
2020-06-23,219.24920654296875,221.9908113279379,219.0915490313492,221.6054084790856,3105300
2020-06-24,215.58790588378906,219.23168425530326,212.60980147055386,217.05942945136152,3873000
2020-06-25,214.93096923828125,215.78060367621194,212.14556629606093,214.42293943459737,2938400
2020-06-26,211.10324096679688,215.56163675580297,210.4375536211815,214.904703705997,5002700
2020-06-29,215.5791473388672,215.91199769741817,210.5163843241547,212.5485036590217,3468300
2020-06-30,219.4243927001953,220.42293040023657,215.55286886791828,216.34995084185869,4524600
2020-07-01,217.3572540283203,219.2667464726998,216.28864181084893,218.67112019419451,3677300
2020-07-02,217.66380310058594,220.9922663442054,217.15577330439814,220.67693796606596,3369800
2020-07-06,218.58351135253906,220.2915344936372,216.38496700715717,219.21416810699625,3133800
2020-07-07,216.65655517578125,219.66092299092466,216.4113012057834,216.6740637698247,2927800
2020-07-08,218.25067138671875,218.7937317534444,215.66673744894956,217.11198478345221,2294000
2020-07-09,217.19082641601562,219.42438804333375,215.78060963256453,218.67987195600665,2994700
2020-07-10,219.07403564453125,219.26673707649533,216.034624308496,217.47987168288952,2745300
2020-07-13,218.64483642578125,225.86233242845185,218.18060479902064,220.65943381728547,4437500
2020-07-14,225.801025390625,226.14261666148596,217.62877700815346,218.10176290237442,4614200
2020-07-15,225.80979919433594,228.8667461396379,223.48864086242824,227.8594540405848,4343700
2020-07-16,226.05502319335938,228.17473886291035,224.2331406867756,224.89884137700497,2511200
2020-07-17,228.06968688964844,228.30617321216582,225.7397606627262,227.76311272519138,3091300
2020-07-20,227.88572692871094,228.78791399271302,226.00249730490495,226.8959434376775,2451100
2020-07-21,229.85658264160156,231.12663758778186,228.36752320877434,229.1558377841075,2439900
2020-07-22,232.26522827148438,232.63309575859807,229.48857987561647,230.00536392796124,2750000
2020-07-23,231.07400512695312,234.56888034929827,229.31341602424448,234.56888034929827,2680100
2020-07-24,232.38792419433594,233.77187841799565,230.35580444328215,232.15143786883053,2984500
2020-07-27,234.236083984375,235.33971344419413,232.19519679816162,232.19519679816162,2412500
2020-07-28,232.36163330078125,235.68134296518997,231.82734050362043,235.23461987002528,2227000
2020-07-29,231.8185577392578,233.96452318125077,231.38936999699453,231.94117135247168,2874100
2020-07-30,233.2637939453125,234.1747486265037,229.09445014550968,230.6623379011736,2347800
2020-07-31,232.54551696777344,234.01706721971593,228.27106858922224,232.11632929007112,3640600
2020-08-03,233.1499481201172,235.2521288543976,232.70325175489,233.63171513528619,2363500
2020-08-04,234.63023376464844,234.64776908918148,231.10031412865482,233.54411287070505,2224000
2020-08-05,234.28857421875,235.0856560632709,232.89587958843438,235.0856560632709,1959900
2020-08-06,235.9440460205078,236.88127682543808,233.45646299793015,233.51778315840332,2203400
2020-08-07,237.93240356445312,240.80538969006724,236.3294719591295,237.03018985096745,2846300
2020-08-10,240.6389923095703,240.87547861098093,238.07255325850952,238.61564042769226,2393100
2020-08-11,240.80538940429688,244.7031761103652,240.3586663786427,243.2316525008474,3321300
2020-08-12,246.638916015625,247.85644468415657,242.59221297549908,245.03601124245176,3867900
2020-08-13,246.7091064453125,247.57624982007877,245.02734548898022,246.27115092582514,2202400
2020-08-14,245.7366943359375,247.0067753268715,244.5454688175643,246.2535050839006,2490400
2020-08-17,252.47244262695312,253.33084456943976,248.38195542080743,249.10894939925257,5584400
2020-08-18,249.6345977783203,254.52216866806052,247.91781995889093,253.05064482283532,6934300
2020-08-19,247.76011657714844,252.2360346744919,246.9455259468015,251.78931161173813,4986800
2020-08-20,245.85064697265625,246.92802692371515,244.76452609010013,245.72803335559865,3530000
2020-08-21,248.08421325683594,248.3644843836824,243.8710846553311,245.22873563602082,5519100
2020-08-24,251.16741943359375,251.25501585886883,246.9367820726352,249.6258078869156,4430900
2020-08-25,250.62428283691406,251.80676739199464,248.66225181440086,251.62280693563312,2854500
2020-08-26,255.70458984375,255.8710150058369,250.74693235310235,252.02578114920928,4001900
2020-08-27,252.81411743164062,256.5980581879526,251.00097581124024,255.9586337341475,3430900
2020-08-28,250.76451110839844,252.9893053004493,249.43310958109257,252.5338413062362,3100100
2020-08-31,249.66966247558594,251.11491018423212,247.7689239693122,249.63461855330368,4105400
2020-09-01,250.4579315185547,251.10609694438898,248.32070706882047,248.78493871474856,3235100
2020-09-02,252.88815307617188,253.627794836099,249.71824062531604,250.81890280466632,3464600
2020-09-03,241.81991577148438,253.32844730147477,239.653819875592,252.97621386596066,5380100
2020-09-04,237.44369506835938,243.7042497328631,233.04985948460828,242.63000218447755,5253500
2020-09-08,237.0915069580078,238.65884922073096,231.41207793550387,235.1983460360785,5241200
2020-09-09,243.9420623779297,246.31947748547017,239.284050702205,239.90921953876452,4754700
2020-09-10,240.1205291748047,247.41131611815868,238.77331942021672,244.79614108023597,3156300
2020-09-11,243.3168182373047,244.76971408629922,240.78970169475008,241.24759444585732,3729200
2020-09-14,247.1207275390625,248.71448461460545,244.8049294481791,245.27160925143244,3055800
2020-09-15,251.46168518066406,252.4479011159759,248.64400598039725,249.2251588654137,4174900
2020-09-16,247.983642578125,252.34224950481374,247.14712841589528,251.48813441819402,3379100
2020-09-17,246.51312255859375,248.94339347723536,243.87153308063992,244.7080471639804,3166600
2020-09-18,242.31300354003906,246.39864793537296,238.45627862540374,245.14831063793156,6072900
2020-09-21,239.8123016357422,240.2965822876518,234.68761163875612,239.38963764873262,3548000
2020-09-22,240.6576385498047,240.84254231529505,238.29782473236094,239.22237043145418,2972000
2020-09-23,234.70521545410156,243.57215729200882,233.06744286857432,242.51553761891836,4467600
2020-09-24,233.95681762695312,237.47893741435692,232.35424667449047,233.96560465370547,3095600
2020-09-25,236.46633911132812,237.87519259504455,232.38950746697037,232.62724091163724,2457700
2020-09-28,239.79473876953125,241.45895347683228,238.007263827418,239.44253212081014,3061100
2020-09-29,239.60098266601562,241.12430909525958,238.72045274956858,240.73687378229164,2048900
2020-09-30,244.53195190429688,246.47794233803478,239.96199955675797,240.8073276114478,4778800
2020-10-01,244.45272827148438,246.5483939192609,242.8941998837146,246.05529928115374,2696900
2020-10-02,245.94073486328125,247.49926267298156,241.35318290204316,242.0928245848653,2943600
2020-10-05,248.39743041992188,248.6792063693429,246.28416454253136,247.35841183701962,2330700
2020-10-06,243.4401092529297,249.1899685839047,242.82372755724606,248.7497036217423,2992500
2020-10-07,249.00509643554688,250.07053025517934,246.5484101107402,247.29686601576236,3423700
2020-10-08,250.52838134765625,250.90702966318497,247.57862739887918,249.92962740779316,2256200
2020-10-09,251.76107788085938,252.95858544217634,250.1496933906446,251.36482874480384,2240100
2020-10-12,252.6328887939453,253.88322646099047,251.8844328506784,253.0555529066673,2411900
2020-10-13,255.67063903808594,256.0316595078058,251.56739350885067,251.56739350885067,2699900
2020-10-14,252.79136657714844,255.6178604883996,251.0831361456398,254.92226110268257,2221000
2020-10-15,253.18760681152344,255.57383561656192,249.29565234054056,250.17618235127807,2699400
2020-10-16,253.2932586669922,257.68709469247574,252.93223814860596,253.8127681334575,3108600
2020-10-19,249.83274841308594,255.4505063828213,249.52455758583196,255.14234242720624,2428100
2020-10-20,251.86676025390625,255.16874711845992,250.1849450529637,251.07428878074094,2281500
2020-10-21,250.51953125,253.61017244270283,249.43646996867244,251.29440174022108,2304500
2020-10-22,247.56985473632812,251.54984125272233,247.12077577080913,250.00891352422067,2787000
2020-10-23,249.18988037109375,249.35718314722183,246.15204245890672,248.64395631073117,1750600
2020-10-26,243.0615234375,247.8956248312008,239.50417449810004,246.23143700371554,2911900
2020-10-27,243.76593017578125,246.3106748597761,243.1319474795881,243.89800430589565,3014100
2020-10-28,237.4965057373047,240.97460929856783,236.5895610914142,237.96318547020684,3255900
2020-10-29,237.41725158691406,241.00101428155406,235.37441602483736,237.4700812245853,2872500
2020-10-30,234.84613037109375,237.40847569488042,230.72525674324018,236.70406249874236,3872800
2020-11-02,238.3946533203125,241.95200159252008,236.43987589374157,237.87514391089746,2956400
2020-11-03,244.23260498046875,246.13455302982945,241.0186758129517,242.0136790253696,3037500
2020-11-04,248.9434356689453,252.74733161108804,243.03508705928178,243.69548454069647,3525300
2020-11-05,251.69944763183594,254.47311111568996,250.1408926946293,253.9007721224561,2516600
2020-11-06,250.28182983398438,252.5183834797005,249.05790715011142,252.47436772989954,2839100
2020-11-09,237.7166748046875,253.96246334463666,237.27640982389366,253.57502801180675,7856400
2020-11-10,242.64761352539062,242.8413311643116,237.08265850878607,240.19974165446442,4828500
2020-11-11,244.5671844482422,248.0364744709746,243.17595900289552,244.18856303312361,2987900
2020-11-12,243.23753356933594,249.79749106412964,241.1242675086652,249.18992337683687,3818600
2020-11-13,244.0564727783203,246.31062706703597,242.3746575234763,243.3960753842441,3939200
2020-11-16,246.1697998046875,247.6843126103236,243.37850764015084,245.8263801766463,5360200
2020-11-17,239.91799926757812,240.85135887541378,237.21476584127973,239.59220748185237,8532200
2020-11-18,237.59335327148438,242.48030997289536,236.86252533282573,238.18332008375228,5122200
2020-11-19,238.5619354248047,239.8387144003717,236.59837114264292,238.11288349356965,3929400
2020-11-20,237.57577514648438,239.82992958797774,236.74807487341286,239.01985711112513,4111000
2020-11-23,238.9757843017578,240.99220508432114,237.3467987840967,237.75186184299088,3294200
2020-11-24,240.6576385498047,242.63001703941242,240.0060549855539,241.2652063652002,4773400
2020-11-25,241.2299346923828,241.91674685641652,238.8084777603664,240.80729758936928,3001700
2020-11-27,243.01748657226562,243.53699609143067,241.5822182518993,242.35708901663537,1625300
2020-11-30,244.26780700683594,244.5759978514924,239.43370637118215,242.33944434276455,4624100
2020-12-01,243.55459594726562,245.62384675849356,242.6300233524741,245.43012908953517,3942400
2020-12-02,240.01327514648438,242.67810347987376,238.6587195960542,242.55417117091147,4168600
2020-12-03,237.39266967773438,240.74805474814514,236.50733866889937,239.5971352439229,4168900
2020-12-04,233.7185516357422,237.91503947941496,232.68272936476322,236.79951363236555,7732800
2020-12-07,232.5233612060547,234.1700639992991,231.07140530743692,233.28473294448133,6379000
2020-12-08,231.7088623046875,232.3994194990439,229.0617308960149,231.7088623046875,5338100
2020-12-09,235.126220703125,235.29443577290047,232.1780800399884,234.26744845885696,4550100
2020-12-10,234.4445037841797,235.5600295082408,232.05409923780826,233.798202417069,4234300
2020-12-11,234.21434020996094,234.93145626557074,232.53221646245848,233.16079400121825,3454500
2020-12-14,235.126220703125,237.79993790598064,234.85177022468312,235.62203097383644,4576800
2020-12-15,237.25106811523438,237.941625380441,235.67517963729284,236.8349613645224,3754100
2020-12-16,238.6763916015625,239.70337884915256,236.83491492812598,237.737942861519,4669600
2020-12-17,242.55418395996094,242.87289021537845,240.19033782629415,240.95173668895274,4247000
2020-12-18,239.43780517578125,244.12118720989147,239.3049838971547,243.10306185543973,9817000
2020-12-21,239.91587829589844,240.76581564802711,235.39184911445534,237.7645300982826,4339000
2020-12-22,239.0748291015625,240.24344567495865,237.72027353530777,239.09252599786043,3140100
2020-12-23,238.8712158203125,239.92476214024128,237.44584551579993,239.09254862671494,2337100
2020-12-24,239.85389709472656,240.2434178953764,238.50817662314662,238.54359742980904,1093900
2020-12-28,238.3754119873047,241.0314054356312,238.36655002999825,240.96059083166733,2633800
2020-12-29,235.66627502441406,239.4466288920193,234.67470856852805,239.02168727844506,2572100
2020-12-30,234.84291076660156,236.64896656168582,234.54190146742084,235.5954205054743,2511400
2020-12-31,235.16162109375,235.453795460375,233.35553824875456,235.11736535003521,2607900
2021-01-04,233.65658569335938,235.8876102423202,231.12452480743795,235.5069243701451,5002000
2021-01-05,235.5423126220703,235.96728124823582,232.18692743016402,232.541054442889,3822600
2021-01-06,236.88804626464844,238.83575845199036,231.8416482437666,233.78052549255673,3949200
2021-01-07,235.7282257080078,237.95924995952586,235.64854916525604,236.33910622059423,3833200
2021-01-08,238.23374938964844,239.68570540461903,236.38341057898114,236.6932818766309,3757700
2021-01-11,240.12835693359375,242.02295138255806,236.613591488999,236.7995034494588,3764400
2021-01-12,244.64352416992188,246.06892125071627,239.61485014615982,240.0220948757467,4030900
2021-01-13,242.6249542236328,248.31765319256792,242.5275807805503,246.39647299909728,3921400
2021-01-14,237.5697021484375,243.37747097663413,236.9765455464305,243.02334400284775,4641400
2021-01-15,243.98838806152344,244.6966691334195,237.26872843496614,237.8264913359092,5131700
2021-01-19,241.86361694335938,246.12205757666817,241.7130987611664,246.12205757666817,3615800
2021-01-20,242.8463134765625,245.42263025744379,240.36739716755028,241.91672661522327,3498400
2021-01-21,247.0515594482422,248.5123769449419,244.05916391212142,244.546085065586,4397900
2021-01-22,251.43399047851562,252.39013601910702,246.00690741746516,247.23753041000117,4501900
2021-01-25,252.39013671875,253.00101723904444,249.14984920000117,251.3011969359129,4025900
2021-01-26,250.19456481933594,252.89481376514306,249.3977722630453,252.6912049114519,2472200
2021-01-27,242.6249542236328,248.60980053997392,241.76618205704634,247.88382262220836,4337000
2021-01-28,246.16624450683594,250.51322244274664,243.40401643779686,244.5018451197608,3463000
2021-01-29,239.76536560058594,245.2898228025159,239.06594649388006,244.18315897083698,4079500
2021-02-01,239.101318359375,241.38546015242363,236.60467878179193,240.12830542713587,3707800
2021-02-02,240.9517364501953,244.0769544252606,239.0305559075099,239.03941786509498,4111800
2021-02-03,242.731201171875,244.10345335250312,239.6679365974459,240.7126476639619,2802700
2021-02-04,246.84799194335938,247.39689283164626,242.8020228539243,242.8020228539243,2976000
2021-02-05,246.88340759277344,249.4508892934676,245.9538207826324,248.1494515483742,2389900
2021-02-08,247.91928100585938,248.2645731232892,245.13935524259855,247.6182716568542,3475600
2021-02-09,245.0330810546875,248.06978728917872,244.9002867921089,247.59170092573444,2507800
2021-02-10,246.73292541503906,246.94539623236173,244.57271537838884,246.14860364924078,2410600
2021-02-11,245.2898712158203,248.1140800331369,244.36028422099974,246.0601050717857,2595300
2021-02-12,245.68817138671875,246.7505521895888,244.86479316725675,245.34287938853257,2392200
2021-02-16,243.811279296875,246.67974264679273,243.35975191099766,245.24551097183385,2873500
2021-02-17,248.7071533203125,249.47738683396685,243.82010975535525,243.94406904259554,3536400
2021-02-18,250.5929718017578,252.03606590262783,247.74220441118834,248.60097670947624,3532000
2021-02-19,247.57395935058594,251.35431277327933,247.39688235366393,250.43356102196628,4079900
2021-02-22,244.2185821533203,246.55584213911058,242.25314608842024,246.3079505191304,3995500
2021-02-23,236.59588623046875,238.74726144377132,228.04358413892214,238.4905078469761,12111000
2021-02-24,230.15953063964844,236.3745453294031,224.9006616644093,233.04571871524846,14512700
2021-02-25,225.98074340820312,230.98285827981664,225.50267060022767,229.96473300795597,6545400
2021-02-26,228.71641540527344,230.39853896126914,226.74211747875242,228.21177023302707,7871200
2021-03-01,231.62034606933594,232.38174495685692,228.83155817071528,229.13256753893754,4528900
2021-03-02,230.4428253173828,232.93943833101528,229.98243588226245,231.67342142075296,3740300
2021-03-03,227.84881591796875,230.62876874798712,226.65364045837333,229.54866364471724,4257500
2021-03-04,222.15606689453125,227.40607242602263,218.76526157835383,226.64470085280902,7154900
2021-03-05,224.4491424560547,225.05116111487212,218.31379095749475,223.33361663318175,6351800
2021-03-08,229.3272705078125,233.04567123389455,223.56377099691005,225.07767932734586,5037400
2021-03-09,234.5772705078125,236.8879982339224,231.7707866513736,232.60299986879116,6625300
2021-03-10,237.1875762939453,239.42369090715064,235.26327471569346,236.90251572445476,3798400
2021-03-11,239.5127716064453,241.23216117111775,238.042827019096,239.29005190571166,4371300
2021-03-12,243.2990264892578,243.93154287876945,237.65085767753843,238.26556627701655,4190500
2021-03-15,248.14541625976562,249.1342787881492,244.4037140071724,244.5462578935772,4355200
2021-03-16,251.29905700683594,251.69104581805837,247.35247080801034,248.1453659176296,4458900
2021-03-17,249.47279357910156,252.90268245574873,248.7779091906156,250.46168320163767,5908400
2021-03-18,252.26121520996094,254.31914282589025,247.4504756816516,248.58188183982662,4808100
2021-03-19,257.5530700683594,257.5530700683594,251.61089642795116,252.68887936578687,13729200
2021-03-22,257.4105224609375,258.6488298545615,253.18776565197805,255.23677601551165,5564700
2021-03-23,258.33709716796875,261.41061334553035,257.41057541355144,258.00744910692504,4801200
2021-03-24,260.8047790527344,264.39501967175164,257.4550659317781,257.6956206173036,4842000
2021-03-25,264.7513732910156,265.37499936847564,260.54642398112134,261.0542314566989,5373500
2021-03-26,270.657958984375,270.8272281769833,263.7269211402392,264.8939705077147,5865900
2021-03-29,269.22357177734375,272.20799386927644,267.2012595949446,270.20351666202856,4642900
2021-03-30,271.5577697753906,272.3239127400859,267.29936882779697,268.7336711076219,5045400
2021-03-31,271.9407653808594,274.40848997537046,270.9519029203665,272.16348509042604,4744100
2021-04-01,274.16796875,274.8806609619351,270.7291894055885,273.39290849296765,3923900
2021-04-05,280.9831848144531,281.3840911733116,275.94080724369474,276.02990056649276,4697200
2021-04-06,279.5399169921875,281.46421824388574,278.96085127552124,279.3884556509251,3988600
2021-04-07,278.3729248046875,280.7515833774867,277.0009637165851,278.7025456403919,3799300
2021-04-08,280.1190490722656,280.84957630326454,276.6980773212659,278.5778459583517,4035600
2021-04-09,284.3952941894531,284.47547003166574,280.404146745351,280.9564873389054,4607800
2021-04-12,285.7850036621094,286.248250827601,282.68473580469356,283.049999357037,3556800
2021-04-13,285.4375305175781,285.8829698683195,282.4085483700289,285.55334909876456,3635100
2021-04-14,285.09912109375,287.4866977551097,284.44879674776877,284.82295074648925,3440600
2021-04-15,287.52227783203125,288.11026123058485,285.1258111631032,285.2683550646437,3508200
2021-04-16,292.2795715332031,292.8052140702906,288.5913465958514,289.3931322615827,6213100
2021-04-19,291.1837463378906,292.9476689929322,289.92760394530603,290.8630158267697,4494300
2021-04-20,288.6091613769531,291.93214992827325,287.00559000666095,290.4265622007625,4462900
2021-04-21,290.3819885253906,292.128103558075,288.546780165153,289.49999992631996,3740100
2021-04-22,286.3818664550781,290.8095347923613,284.0477685526703,290.6046500862095,4875000
2021-04-23,288.5467224121094,290.00774937918334,284.7070101065804,287.032217709234,3405700
2021-04-26,285.0722961425781,288.64472880087345,284.4754225765186,288.3596410622518,2848500
2021-04-27,285.60687255859375,287.2817292949501,285.4197955960123,285.5266967174874,3335800
2021-04-28,284.8228759765625,287.7182323046862,284.45761237728794,286.81846313326895,2713400
2021-04-29,289.8385314941406,290.23943786504043,286.0433787661708,286.60463681044416,3261900
2021-04-30,288.35076904296875,290.27504343200417,286.5155336014041,289.58015901722337,3118700
2021-05-03,294.2305908203125,295.4332828803289,290.141459566232,290.6759923915136,3683700
2021-05-04,296.4577331542969,296.8675569837205,292.9922287052362,293.2060309206128,3954400
2021-05-05,295.81634521484375,297.7762897847493,295.02347708483745,297.7762897847493,3227200
2021-05-06,300.742919921875,300.9478318787265,296.867618033907,297.25960696768504,3539600
2021-05-07,302.230712890625,302.7296029756679,298.9166417899998,299.94114724366034,2998100
2021-05-10,303.89666748046875,307.9679914018774,302.48909049627446,303.29979372173347,4840600
2021-05-11,294.5780029296875,301.1170504067949,292.395338878676,300.71614405049814,5500900
2021-05-12,282.40863037109375,292.92099122600837,281.7582789426875,290.8897882843396,5822000
2021-05-13,289.9098205566406,291.69157833793344,283.9141958351024,284.19036611620555,5159800
2021-05-14,288.31512451171875,291.60246961968494,286.7382515585286,290.68486549825184,3998000
2021-05-17,285.09014892578125,287.60240661534925,280.90300746405984,285.9721102855517,4388000
2021-05-18,282.1859436035156,289.14370692036783,280.4309107594298,285.081300562352,7010300
2021-05-19,280.1368713378906,280.40412412370546,275.3439386708651,277.9542072330297,5242100
2021-05-20,281.4286804199219,284.82292735260626,280.5289110862052,280.5289110862052,3854700
2021-05-21,281.3128662109375,284.43986035841993,280.1369265341877,282.40865722361644,3920600
2021-05-24,280.4842834472656,283.95870539564527,280.26156374304304,282.26604108104635,2930600
2021-05-25,282.1859436035156,282.4977567135,279.95874594287227,281.09907005762284,3523300
2021-05-26,282.7026062011719,286.31068227340694,282.12354031919875,283.1302378861127,2881600
2021-05-27,283.9854431152344,285.4464974889321,282.6758501095283,282.6758501095283,3734800
2021-05-28,284.1102294921875,286.426520365062,284.0567789263686,285.4109052395634,3194000
2021-06-01,281.7939453125,286.2038074095903,280.77835735034904,285.66927455123533,3549800
2021-06-02,280.5132141113281,283.8715275424233,279.7788563485227,282.5282021699852,3380100
2021-06-03,278.9012756347656,280.24460133649944,277.3430265663644,278.51619549280946,2652500
2021-06-04,278.5251770019531,280.7103224652455,277.0385598536455,279.5102607135737,2638700
2021-06-07,277.58477783203125,279.70722778106875,275.72204513596444,278.6236195138863,3974800
2021-06-08,278.4266052246094,279.67143336026317,276.70716381496413,278.7579544894875,2913500
2021-06-09,275.23846435546875,280.2893818711689,274.84441998204403,278.9191908140426,3603700
2021-06-10,276.1072082519531,277.30724279787313,274.1638787199167,275.51614156574726,3286300
2021-06-11,278.3102111816406,278.73112099794776,276.14299433770043,276.96688546960064,2785100
2021-06-14,277.01171875,277.6744174498212,274.2355064179918,276.662440896828,3393500
2021-06-15,274.4414367675781,276.68031281453165,271.79058785036364,276.50119179876344,5270600
2021-06-16,271.1547546386719,275.2474266107024,269.71293158320316,274.6563600548486,4492500
2021-06-17,271.45928955078125,273.3309869979529,268.6920415166355,271.39659445048466,4481100
2021-06-18,271.00250244140625,272.09507505895556,267.2322427843839,267.99346611571445,8792700
2021-06-21,275.4712829589844,276.474294941161,273.0264207549087,273.36673424815297,3774200
2021-06-22,280.04766845703125,282.01789104662384,276.09828635473883,276.8416087849197,4418400
2021-06-23,279.1161804199219,280.89831681213684,278.1848004341794,279.4296011680804,2564500
2021-06-24,279.26849365234375,281.95514543144793,279.1162653563475,280.41479731822676,2649200
2021-06-25,280.8714599609375,282.5103050722438,279.00869993264746,279.6266318590485,11733500
2021-06-28,281.4535827636719,282.34016892711895,278.84752778168985,280.89834588029976,2635400
2021-06-29,285.0,286.8448319576896,282.5999310707773,282.805917537328,3150100
2021-06-30,285.5821838378906,286.8359493869891,284.5075120357838,284.7313997170528,3061500
2021-07-01,287.95526123046875,288.0895883141825,285.2327805704188,286.4955098173825,2578000
2021-07-02,288.9941101074219,289.37022595120766,287.78511166376893,288.84185452206145,2201600
2021-07-06,285.9134216308594,290.00606607611735,283.71034802948475,289.11051570060755,3109500
2021-07-07,289.69268798828125,290.53450765168554,285.00894899551344,285.2238723716907,2939900
2021-07-08,285.2686462402344,286.8716618582493,281.91926899342116,285.7432868826128,3663000
2021-07-09,288.4478454589844,289.5404181174657,286.7373407943929,287.0597531728131,2587400
2021-07-12,288.13446044921875,290.15841368535195,287.05085180360675,287.5344568121594,2521800
2021-07-13,283.9342041015625,289.52245640876646,283.7371819476222,288.76123320808694,3213800
2021-07-14,285.8775634765625,286.62982243742687,284.79395528258203,285.4566537488142,3381600
2021-07-15,289.0031433105469,289.2270309735903,284.2119418554105,284.22987035967765,2603900
2021-07-16,287.95526123046875,292.20016105598654,287.8298710656511,290.1583073934559,3623700
2021-07-19,285.56414794921875,285.68057387250434,282.0177760638992,284.77605923469685,3752600
2021-07-20,291.3673400878906,292.06586833541496,285.0268276903336,285.23281412961495,4251700
2021-07-21,292.2718505859375,294.161476368875,291.027049591803,293.3823517999509,2832600
2021-07-22,292.54052734375,293.7136963032607,291.3494298831575,293.6868308816701,2208100
2021-07-23,298.07501220703125,298.6213121999443,293.6868204134397,295.0570115257863,2786400
2021-07-26,296.5883483886719,296.9286618830421,292.73749294506854,295.5943006519844,2752000
2021-07-27,293.0778503417969,297.2152890667564,292.00317886491064,297.1346928054945,2910300
2021-07-28,291.51959228515625,294.93163754312667,290.7941985581882,292.3256096084831,2376200
2021-07-29,293.2301025390625,294.24207900752504,291.44796573568385,292.3882828571574,2172400
2021-07-30,293.9106750488281,295.6301164364645,292.25390141561604,292.7106408451576,2381200
2021-08-02,293.0420227050781,295.53165189144727,292.3255932688689,295.53165189144727,2016400
2021-08-03,297.26904296875,298.2272885881408,293.7674371421225,294.0540198688618,2405900
2021-08-04,295.80926513671875,297.2511155639813,294.985374032595,296.149578678434,1783700
2021-08-05,298.3167419433594,300.90489538217196,296.50774020874013,297.2868645829077,2284000
2021-08-06,295.3883056640625,300.64518151651697,294.7435083592454,299.73173005553696,2656600
2021-08-09,294.42120361328125,296.489923169622,293.1316086521814,294.84211345933517,1995300
2021-08-10,296.8570861816406,298.4332364591815,292.9793372561987,294.34059149184145,1868100
2021-08-11,301.8005065917969,303.1885988800137,298.57651945299995,298.9347341728593,3258600
2021-08-12,299.1317443847656,302.8483005282576,297.5734953842852,302.11394261744465,2554200
2021-08-13,296.7137756347656,300.72582407816685,296.40929176754537,298.9884540540046,2217000
2021-08-16,300.0540771484375,300.57351155812006,293.7135938935115,296.1673926433241,3496300
2021-08-17,287.24786376953125,289.7912242720172,283.54027105327793,287.4717514264054,9322800
2021-08-18,287.9642333984375,293.6151544952729,285.6805907056864,285.9850745760512,4880600
2021-08-19,289.1732177734375,291.2240358353171,284.6059052819713,285.4925187595687,2974700
2021-08-20,294.8509826660156,295.2450269986367,288.78811675504807,288.94037233675374,2929900
2021-08-23,293.5076599121094,296.006253015042,293.1852749078742,295.53161242767743,2792700
2021-08-24,290.9643859863281,294.49285755507077,290.61513546213126,294.42122553191405,2359500
2021-08-25,290.05084228515625,292.45091058579015,289.36125104689535,290.2926310329723,2586900
2021-08-26,287.901611328125,291.044975290757,287.4717372093732,289.45089634585037,2952300
2021-08-27,289.60308837890625,290.2030918330859,286.26267559822327,287.3642124125037,2985400
2021-08-30,292.93463134765625,295.0839475023028,291.24202745297305,291.8689238576789,2926900
2021-08-31,292.11065673828125,293.9823540114144,289.818049635207,292.8450147105246,4183100
2021-09-01,291.3095397949219,293.2357471985591,288.28517744094586,293.03772330949533,3339100
2021-09-02,294.9999694824219,295.39601729670966,291.36357041521075,292.5606962159097,3109000
2021-09-03,297.3403015136719,297.8443574704591,292.67777017889523,292.830772450247,2774800
2021-09-07,296.0891418457031,299.3385032232822,294.24391266250495,297.96134557386443,2555200
2021-09-08,298.456298828125,298.77134053888204,294.9009065752331,296.0890497574709,2219500
2021-09-09,298.6274108886719,300.3916340142154,297.8173230084457,299.23950231436373,3011900
2021-09-10,298.7894592285156,301.7417985130374,298.3394073408203,300.6346609804715,3178600
2021-09-13,301.9397277832031,303.46988724026437,299.50943736395817,301.4896760366006,3908700
2021-09-14,299.8425598144531,303.776008846395,299.21250366452125,302.46186504952124,2857200
2021-09-15,300.0675048828125,301.2376559355809,297.12417627286425,300.05849505757465,2875500
2021-09-16,302.785888671875,304.0910225203272,300.78765741294256,301.2827034470134,3043800
2021-09-17,302.1378479003906,305.72024336441854,301.48977208007096,301.48977208007096,7098400
2021-09-20,298.1233215332031,301.88577565789745,295.6210344907706,298.6813813998705,4036600
2021-09-21,300.83258056640625,303.3078650901811,298.83434977936344,299.76145524769095,3171100
2021-09-22,302.371826171875,305.1351510944013,300.14856895747204,302.29982996298475,2872800
2021-09-23,302.3537902832031,305.60315095127567,302.07476037698564,304.09098356229424,2426600
2021-09-24,303.7759704589844,304.0910122286327,302.02976718960235,303.1369045621435,2004900
2021-09-27,307.304443359375,309.40167313865686,303.2179643933843,303.2179643933843,2966100
2021-09-28,300.4546203613281,307.26841233228913,299.2484846342166,307.26841233228913,3304100
2021-09-29,303.2718811035156,305.0270940054737,300.0585048523518,300.0585048523518,2424000
2021-09-30,295.4681091308594,304.874178217494,294.90103929009285,304.4511282941436,4255000
2021-10-01,296.90826416015625,299.49158546966646,292.15571658862234,295.36909415711744,2814200
2021-10-04,293.8568420410156,297.58325689764996,291.7776047905709,295.6840513662241,2919900
2021-10-05,296.56610107421875,299.0053737856984,293.73075316959006,294.24381873985413,2514300
2021-10-06,297.3582458496094,297.61928361454204,292.8937391783746,295.3780341863207,2226800
2021-10-07,303.7669372558594,305.3331085464388,299.6084360367363,300.184515458408,2789500
2021-10-08,300.940673828125,301.90379139909606,297.8263226546613,299.7345381420898,2912200
2021-10-11,303.3079528808594,306.8093420822596,301.17471145067947,302.0748151744,2589100
2021-10-12,304.054931640625,306.9802678263612,303.69489575771445,305.26109442528997,2960300
2021-10-13,304.4870910644531,306.2512866977199,302.9299017105526,303.6229991682184,2477400
2021-10-14,309.6806640625,309.9687038363266,306.12527096258617,306.5123089573617,2824300
2021-10-15,315.4053039550781,315.89136758759264,311.2108179069667,311.92190743818475,3473500
2021-10-18,319.5457763671875,320.391875918365,314.13614513510225,314.13614513510225,3487500
2021-10-19,322.2280578613281,322.3180737092266,319.0147090962951,321.28296013084434,2375600
2021-10-20,322.4441833496094,323.65031910488284,320.6259561544316,322.0031138234889,2574800
2021-10-21,328.19580078125,328.40283451735155,322.34512683674376,322.4171505140767,2885400
2021-10-22,329.4289245605469,330.3650400435632,325.97252985669815,328.5378307412139,2734700
2021-10-25,334.1723937988281,334.53242966150424,329.42883134717556,330.5179762281634,2923400
2021-10-26,332.3182678222656,336.6837484084234,332.21023231381275,336.089704191337,2989500
2021-10-27,335.1266174316406,337.67389882582705,332.41729649441874,332.92135237078764,2840300
2021-10-28,334.4515380859375,336.5847794578868,333.8394741630715,335.73867978316645,2553500
2021-10-29,334.6044616699219,337.6738178587279,333.0652923975338,333.33531245620594,3820200
2021-11-01,329.8699951171875,336.25172669121355,328.2678117210045,335.7386610188164,3380500
2021-11-02,330.5990295410156,332.0392006667632,328.4837807752907,329.6179200005261,2367100
2021-11-03,332.1112060546875,332.46223215332265,328.76281976895905,330.0049670559361,2378800
2021-11-04,335.0005798339844,335.9457051760012,332.50730253811906,333.7404401802796,3210000
2021-11-05,331.5981750488281,337.00780670823275,330.8511011149571,336.46773903114195,3090200
2021-11-08,331.7691345214844,335.65758810221763,331.10306674413783,333.2363075717827,2357200
2021-11-09,333.6234130859375,336.5307577704347,331.8772098037171,332.741329087217,2183300
2021-11-10,331.7602233886719,334.12750061267303,330.98614735975156,331.4632012417338,2161400
2021-11-11,330.9051208496094,334.8385695430208,329.28491774139763,333.93846586145355,2387300
2021-11-12,335.4056396484375,336.1887254572764,330.0680314030777,332.24626693237843,2793300
2021-11-15,334.010498046875,337.42189905878257,332.399332060995,336.98986682524486,3650600
2021-11-16,353.13763427734375,354.9828631438312,341.1392653425451,343.8395761500059,8648200
2021-11-17,355.4059143066406,359.5283767355799,351.76948804725197,353.5876874424552,4647000
2021-11-18,365.3070983886719,365.92817214981636,356.52207733629774,358.24127872898896,4503700
2021-11-19,367.8633117675781,369.1324610338911,363.7408222411465,366.9092042287578,3542000
2021-11-22,367.953369140625,374.94716442917115,367.872363110524,368.8624551244135,4006400
2021-11-23,367.5753479003906,368.75448156375046,362.7508051967177,365.145084363177,3557000
2021-11-24,370.94171142578125,371.5177909615063,362.63377210568956,363.33585187173935,2676300
2021-11-26,362.4717712402344,372.7689597732143,362.0667135873469,366.5762419176896,3007800
2021-11-29,366.18023681640625,369.7716422109649,365.4781569467409,366.25223303450525,3725500
2021-11-30,360.59051513671875,367.62933237173695,360.2664910032522,363.27283394045537,7773500
2021-12-01,361.91009521484375,370.7946945281379,361.7293189437699,363.41042241789404,3516200
2021-12-02,368.55316162109375,371.2013930766448,362.4342688081036,363.1663657479671,3705000
2021-12-03,368.58935546875,375.9284197010424,365.55251271714747,370.43316861512943,5237500
2021-12-06,375.7205810546875,380.1583436446665,371.6714295476236,373.7502188779509,4624500
2021-12-07,376.15447998046875,378.3055913140276,373.2983851292606,376.8956242787291,4204500
2021-12-08,371.6985168457031,379.47142751692684,369.0141519854836,376.154373297127,4079400
2021-12-09,371.7798767089844,375.3138405646086,369.0232177511174,371.2918028235363,3822900
2021-12-10,375.4494323730469,375.6392281693172,370.8037796222225,372.54815772827226,2625200
2021-12-13,366.2666015625,376.4436956544004,365.606825943264,375.44948109773816,3766400
2021-12-14,363.5188903808594,366.6641877457334,359.7951034548666,364.648673074009,4662800
2021-12-15,368.58935546875,368.6978101980806,360.979154413131,362.09084297135615,4421400
2021-12-16,361.1056823730469,369.5474158129903,359.83128411481806,369.12261639358076,4632800
2021-12-17,350.6665344238281,359.7047973367127,350.16039390731373,358.7919239560827,11097500
2021-12-20,351.949951171875,352.6459150667714,344.26742772079297,347.3314120779851,4294800
2021-12-21,352.91705322265625,355.890649445468,346.38237920394687,353.9654950309367,3038200
2021-12-22,357.5898742675781,357.70734852498725,351.46190506821796,353.3961067180322,3267800
2021-12-23,358.8823547363281,361.385943930887,356.66796902657046,359.98502404599884,2743900
2021-12-27,365.2270812988281,365.5524730340829,359.9125794778606,360.66277057860316,2228300
2021-12-28,367.15228271484375,367.875332647023,364.24196122655394,366.040566551096,2521400
2021-12-29,371.3279724121094,372.7108254682224,367.2336406120424,367.29691506922245,2209300
2021-12-30,370.5145568847656,373.67794894549047,369.1226566549215,372.2408684335291,1804400
2021-12-31,375.0969543457031,376.4707603654404,370.46936819228364,370.55972875446685,2386100
2022-01-03,369.339599609375,377.65478518051765,364.47700960818787,376.50693568706697,3715700
2022-01-04,373.13555908203125,373.83149524047536,368.9327732868472,369.33950605972245,3266500
2022-01-05,368.07415771484375,374.3828742609631,367.6855190846575,374.1840314018423,4443200
2022-01-06,366.7365417480469,369.7282043777237,364.2600391092836,369.26724417168697,3315100
2022-01-07,355.7550354003906,365.22714438692356,355.09525989375607,364.5673412977009,4520700
2022-01-10,350.1965026855469,350.31400450843705,344.2764519233597,350.14227531845717,6440000
2022-01-11,349.4825134277344,354.15527976356384,347.3585161920898,350.74786468005817,4385400
2022-01-12,351.949951171875,355.6104641892971,349.2204057107521,350.9467172314354,3623300
2022-01-13,349.7627258300781,356.3877607441013,348.7504171632384,354.76088437050004,3466300
2022-01-14,336.2233581542969,345.2706675590166,335.7714450384981,344.65604475876364,6336200
2022-01-18,331.451171875,332.6894094555609,325.4045719031697,330.8908039990605,6435200
2022-01-19,325.0972595214844,333.24074269639874,324.84418927988486,331.866909171212,5175100
2022-01-20,315.9595947265625,327.04956139311633,315.4534541908984,326.5795540510064,5440600
2022-01-21,315.5257568359375,325.45879873136647,313.79039825865516,317.8937772535937,7718400
2022-01-24,328.8210754394531,329.33626309953877,310.56377140058777,310.71743402262103,8584300
2022-01-25,324.4555358886719,326.75123455373944,318.3185483302889,323.696325198344,5536700
2022-01-26,322.9190368652344,330.7100146152783,320.3612207507586,325.3774453332782,6103300
2022-01-27,322.1507873535156,329.10121350214484,319.8731551071882,325.76609239487954,3941000
2022-01-28,331.2884826660156,331.45116477181705,318.9060519605909,325.5311138446954,4551300
2022-01-31,331.6861877441406,332.0748264359442,327.3749186111623,329.72487252355324,4084600
2022-02-01,333.24072265625,335.0393279229339,327.519487506788,333.9366588831501,3406800
2022-02-02,337.7870178222656,338.63661676292946,332.3911736313896,332.95154153212746,3839300
2022-02-03,329.72491455078125,336.3318834839356,328.2697672521201,334.58750511063346,4009700
2022-02-04,325.07916259765625,329.59829333501716,320.1804127420196,328.54080460613727,3728100
2022-02-07,322.982421875,327.00443345695203,321.2561098614513,325.6125604349555,2809300
2022-02-08,326.6789855957031,328.07088584433524,320.67756562270546,322.9823392761833,3225100
2022-02-09,329.3271484375,332.11996808861466,328.0889109553726,330.17674727302716,2777500
2022-02-10,320.9396667480469,328.08893585017483,318.9331713263208,324.3290152588958,4291800
2022-02-11,316.6013488769531,322.97331379280007,315.03771931721025,320.5781794136388,3308700
2022-02-14,317.7491760253906,318.9693470630521,313.4740676400963,314.53155656142695,3654300
2022-02-15,319.2856750488281,323.0455956193547,317.5864772582202,321.3644644243063,3552500
2022-02-16,316.4205627441406,318.92415179743995,312.47084601805904,317.69496120425924,3594900
2022-02-17,314.4773254394531,318.42704196239885,313.9802320068396,315.42633202265705,3927000
2022-02-18,313.5102233886719,316.8815054079508,311.0066344744245,314.8840570136769,5526100
2022-02-22,285.7627868652344,304.30929348494305,282.3101636168128,302.86316582032026,19752800
2022-02-23,278.78521728515625,289.58592440139313,277.5650463335912,288.609804189694,11026000
2022-02-24,283.114501953125,283.2952782209822,270.50614337378255,271.1478522342796,8416700
2022-02-25,286.1966247558594,286.91065533676266,277.98989315977263,283.0603460367491,6510600
2022-02-28,285.4554443359375,285.68140090788467,280.6199957623399,282.87051439250496,5735100
2022-03-01,289.45037841796875,291.42071317192125,283.5845544389874,284.3347181467911,5640900
2022-03-02,295.8856506347656,299.33827417820135,288.9352232599419,290.1825081324726,5645600
2022-03-03,293.1650390625,298.8772269949038,291.7821861455103,297.5305348473202,3858400
2022-03-04,293.07464599609375,295.24382301583586,288.78147222641536,291.22178603015686,3630900
2022-03-07,291.72796630859375,297.9011145667754,289.32378535889677,293.07468607350495,4670000
2022-03-08,286.2779541015625,296.89791389320203,285.56395113248425,288.99848028738205,5092500
2022-03-09,288.4237976074219,293.20659436553717,288.1692001668722,290.969772012919,4443600
2022-03-10,289.09674072265625,289.38771723938464,280.7404479232517,285.8414999084842,3895200
2022-03-11,288.0510559082031,292.5974596478804,287.541860909283,290.3151560908676,2973300
2022-03-14,289.4786071777344,294.6069639437041,287.52365910878143,293.61585125291487,3604200
2022-03-15,298.7351379394531,300.22634410250345,291.26992218886653,291.2881255652405,3775300
2022-03-16,300.8901062011719,303.6543275417513,294.8161172513207,301.4993087842274,3942400
2022-03-17,305.8456726074219,305.8456726074219,298.09861028141205,299.2806919555315,3123200
2022-03-18,309.82830810546875,309.82830810546875,302.16307818548705,303.36333541290617,9409600
2022-03-21,299.48980712890625,309.78287225471365,297.4075463656021,307.3732837289935,4521200
2022-03-22,299.817138671875,301.24468829812884,294.61605189769614,299.4443302506733,4852800
2022-03-23,288.2874755859375,298.4168773353093,287.1963552411303,297.2438972967715,5207700
2022-03-24,287.1326904296875,290.42428249175106,285.7869448536135,288.37840068807697,4599900
2022-03-25,282.4952697753906,289.8786232750753,280.3311776636128,289.5876745933295,5176500
2022-03-28,285.7687683105469,285.8324246262285,281.1769113766495,282.78632840071987,3936600
2022-03-29,288.8876037597656,291.8791454501566,284.53216857800203,288.1601901978271,5306100
2022-03-30,280.4767150878906,286.64163708294956,278.3308259696962,284.70486476497643,7223800
2022-03-31,272.17498779296875,280.0220849065273,271.7749298022259,278.4308436343379,11044600
2022-04-01,274.5028076171875,275.8485255083989,271.78403902127815,273.23889392309115,5554600
2022-04-04,277.85797119140625,278.67634598263294,272.3932133075654,274.1390166310171,4659500
2022-04-05,277.2032470703125,281.0586153592387,274.7936592328833,278.476262002424,4376100
2022-04-06,271.4566650390625,273.38433566256026,268.2287019392234,271.04747762882903,6499900
2022-04-07,275.2847595214844,276.95783284731965,266.95574414463977,269.8654537759475,5241000
2022-04-08,282.8863220214844,283.9592944003435,273.94810442037954,274.1117682963076,5741900
2022-04-11,278.89453125,285.6686824433279,278.1761918461704,279.8856437190609,4100600
2022-04-12,278.5035095214844,284.8684725051348,277.4214635943409,281.36773731431975,4122600
2022-04-13,282.2589416503906,283.4228198964118,277.98531104052216,278.3399161022942,3185300
2022-04-14,276.8941650390625,283.9229152525863,276.72139947599067,282.6317243731622,4569200
2022-04-18,272.9751281738281,278.503569903415,271.6203089246922,275.51202888277766,3192400
2022-04-19,279.8765869140625,280.17666508297685,272.61144303830093,273.33885649492396,3389700
2022-04-20,286.5507507324219,287.42365248834847,281.6497141386033,282.7863150834726,4720800
2022-04-21,282.204345703125,289.51497032600304,281.6405961070331,288.24198289143345,3014200
2022-04-22,272.88421630859375,281.71335184449913,272.58416588854664,281.71335184449913,4043200
2022-04-25,277.27606201171875,277.47610487794145,269.3925860440394,272.78421308302796,4396900
2022-04-26,272.747802734375,279.65834088796794,272.5295842686857,274.8300630912997,3415200
2022-04-27,274.239013671875,278.6217524906245,271.9839879655671,273.9662128631786,3446200
2022-04-28,283.47735595703125,286.0051551578053,275.5211499430246,277.1032894592586,4149500
2022-04-29,273.1479187011719,283.4409829592153,272.520512793721,280.1948441770211,4878200
2022-05-02,279.1219482421875,280.7768460762783,272.70242755513846,274.593719544778,4233900
2022-05-03,277.29425048828125,280.9677524977912,275.53024360866266,277.9580354272046,3336600
2022-05-04,286.7052917480469,287.1053774710179,275.4483923815451,276.49405962379217,4021300
2022-05-05,271.9749755859375,283.11366574705596,267.06486465656036,282.78633796798687,4959600
2022-05-06,267.6103820800781,269.829029054485,263.1549125081783,269.4198416681803,4325300
2022-05-09,270.0836486816406,273.45707235225694,262.32748532093495,263.94600387777126,5243600
2022-05-10,264.74615478515625,273.75712926809035,261.56367254139525,271.38389236538336,4392900
2022-05-11,257.29010009765625,266.7193380192193,256.93549499765845,265.0099133400453,3880500
2022-05-12,263.40948486328125,266.58286510446004,255.17140529664357,256.02613123393627,4447700
2022-05-13,269.1743469238281,272.2568216149681,262.2820118777366,263.6459328386212,3949100
2022-05-16,269.1379699707031,272.3932102281795,263.50044660569455,267.4012406041131,4267900
2022-05-17,273.6481018066406,282.7318092458116,264.50981198357454,278.6945997730575,12425900
2022-05-18,259.3087158203125,268.6379465691638,255.67159228457948,266.41929899244263,7799500
2022-05-19,261.6546325683594,265.96461436243544,259.1086298669154,259.59964923239426,5211500
2022-05-20,261.1363525390625,264.1460697367937,254.22581297892722,263.52776545879914,5621800
2022-05-23,260.08160400390625,264.00060230155304,254.8896180485058,262.8640012233713,4305600
2022-05-24,261.8001708984375,263.07315861816187,255.1896809465331,258.2357775341582,4241900
2022-05-25,266.9375915527344,268.68339528292773,259.7451765441914,259.8815631248237,4612900
2022-05-26,275.3392028808594,277.90338033546385,270.05628583908174,270.34726223443465,4170800
2022-05-27,280.4767150878906,280.51309408538134,274.2390628468949,276.0030696130928,3899300
2022-05-31,275.2847595214844,279.94027273233866,273.53892819289024,278.78549611723184,5966600
2022-06-01,271.9356994628906,277.2336906827328,271.7892924255916,276.09904312473714,3080800
2022-06-02,279.8781433105469,280.024550374296,270.74622959407026,273.418081715688,4086400
2022-06-03,279.1553039550781,282.24808726424374,276.24553648079524,277.55401313488966,2956600
2022-06-06,278.06640625,281.4702656560747,277.4807780139283,279.59447931572174,2562000
2022-06-07,276.1265563964844,276.6847351002168,267.7358088225719,269.98675820118865,3547800
2022-06-08,272.2468566894531,275.0376663321234,270.5540581528187,274.3056589280995,3003100
2022-06-09,274.37890625,280.8023884581371,272.08221647999994,272.4573794289215,4168400
2022-06-10,264.6612854003906,271.3043623657602,264.11229385307934,266.72924664289746,4623900
2022-06-13,259.0979309082031,262.4469186314148,257.3776831015415,260.1959418166789,4704600
2022-06-14,254.98953247070312,262.04435366334394,253.0862685394805,259.1437177753227,3987000
2022-06-15,255.95945739746094,259.4914336507932,252.06144951381432,257.1215268432598,4050400
2022-06-16,250.2222442626953,252.6470502335157,246.80922549172104,251.55819828188098,6181000
2022-06-17,247.7242431640625,253.11371533875672,247.41313862424568,247.97128937748676,10775600
2022-06-21,246.32424926757812,250.64315975981688,244.69550913709736,250.4326943773451,5498400
2022-06-22,246.12298583984375,248.67588083006777,242.03283042973365,243.75307876140175,4678400
2022-06-23,252.0157470703125,252.1712854045064,246.95566898695967,247.0563081532855,3747500
2022-06-24,258.9515380859375,259.37244089441407,250.64314059940804,253.89146144455137,10310700
2022-06-27,258.66790771484375,260.78160904898164,257.5698687175524,260.2874887077714,2538600
2022-06-28,247.19349670410156,261.3306154450353,246.89155135334582,259.6652666215476,4052100
2022-06-29,250.59738159179688,252.69279239039386,245.96736676121313,248.50197079319986,2460500
2022-06-30,250.96331787109375,253.49794914675832,245.26274314058003,247.72415694748037,4058000
2022-07-01,255.3647003173828,256.8928015751524,251.21964572238517,252.29939448130145,2818300
2022-07-05,259.6195373535156,259.6195373535156,251.65882450432667,252.08888651662613,3241300
2022-07-06,259.4823303222656,261.6235097080647,256.6823608784346,260.7725167011758,2206100
2022-07-07,262.3280334472656,262.5842388555989,257.53332026661536,258.80518813946094,3133900
2022-07-08,262.1267395019531,263.51756493754783,259.78428196605864,261.6875182423617,1891000
2022-07-11,262.05352783203125,264.9815855429417,260.90974874395044,260.9463295692773,2453200
2022-07-12,260.89141845703125,268.68743423584687,259.32673655500827,264.4142634718173,2696100
2022-07-13,262.7763366699219,265.1645615680172,255.98688065971314,257.69796945077644,2941600
2022-07-14,264.8809509277344,265.6221175555731,257.71630295956714,257.8993187865152,2822200
2022-07-15,267.5619201660156,270.34359833507136,266.2259941981815,269.75797012083217,2647200
2022-07-18,268.14752197265625,273.1252501246834,267.18675883833043,271.99063035854016,2664000
2022-07-19,274.3514099121094,274.51613532026374,268.38546834981935,270.3344723483852,2614900
2022-07-20,276.61151123046875,277.88340692369684,272.9331278989974,275.3579338733862,2533400
2022-07-21,279.08203125,279.31078701331967,273.4729354655156,277.1147372703083,1965000
2022-07-22,280.5369873046875,284.2702979678148,278.49647531397216,281.5160689274273,2391500
2022-07-25,280.1343688964844,281.3055975666631,278.01150820544353,280.7291284379129,1910500
2022-07-26,272.8416442871094,275.0926217386105,270.7645514230105,271.76192348150533,2690200
2022-07-27,273.5096130371094,274.7906400492217,266.9946517261142,272.8690855689059,3233700
2022-07-28,274.16839599609375,275.6415698913041,268.2573541560753,269.93183426499724,3992100
2022-07-29,275.3670959472656,275.82460756704586,272.15535544063465,274.50697186813534,3236000
2022-08-01,279.8323974609375,282.2389129081468,274.5161149839057,275.0925840590065,3303900
2022-08-02,275.1566162109375,279.6402242662831,274.5161167311977,279.4480772147903,3091000
2022-08-03,280.3356628417969,281.89121350437057,274.8180738752833,277.5723027366442,3329400
2022-08-04,281.0677185058594,283.62977256846773,278.56969485159505,278.66120276617994,2718400
2022-08-05,283.37353515625,283.45588389278697,278.6245625459084,279.4297874244368,2029100
2022-08-08,285.4598388671875,288.9643660509053,284.0598542427168,285.3591717769069,2505100
2022-08-09,279.27423095703125,283.62059128003904,277.53569241268667,282.64153765079243,2607000
2022-08-10,285.10296630859375,286.38402135241984,282.78795832406337,283.19973000590704,3863400
2022-08-11,284.2885437011719,287.88457796611357,283.272853487636,287.1708610286115,2444100
2022-08-12,288.1316833496094,288.16826417395976,283.8219037552635,286.04540354131353,2273800
2022-08-15,287.87542724609375,288.9277262351793,283.7944317105903,285.5238389123748,3917300
2022-08-16,299.5603332519531,304.6844693310108,286.29249536518864,286.3840032803012,10089800
2022-08-17,298.07806396484375,301.500242915268,296.5316720176165,300.2100564307843,3162600
2022-08-18,297.5746765136719,300.07269981394177,294.838766178346,297.34592072177395,2899600
2022-08-19,294.01531982421875,298.59043673450117,292.5970168274527,297.3551495838654,3489100
2022-08-22,285.6794128417969,292.5695370813938,285.2219011979344,291.0597542415066,3144200
2022-08-23,280.8205871582031,285.047989462793,279.6676770269536,284.7643345323492,3317500
2022-08-24,281.92779541015625,283.63891231527174,277.75529169430575,279.1278265462117,2495600
2022-08-25,283.4559631347656,283.6206606538819,279.84160933868395,282.41285092272994,2529700
2022-08-26,272.7684020996094,285.0388656895809,272.6951846112147,283.9316675908588,3315500
2022-08-29,271.13970947265625,274.24162392203203,269.28221330080254,271.36846529640326,2711800
2022-08-30,268.19329833984375,274.41544476389697,266.8848219006309,273.1893170595691,2892400
2022-08-31,265.6329040527344,269.3629157327108,265.50395149763125,268.93926667798786,4376200
2022-09-01,270.19183349609375,270.38523424330856,264.06723291139105,265.61449510208655,3742500
2022-09-02,268.8379821777344,273.35084445713966,267.1986149625548,272.7153567287255,2753600
2022-09-06,266.6644287109375,271.2325479647377,264.56456494772806,270.0536775732252,4110000
2022-09-07,273.9678955078125,274.1797340986264,267.3643607597768,267.49331332109483,3016000
2022-09-08,276.20599365234375,276.47308968418116,271.26948111442977,272.61412399132485,2703200
2022-09-09,276.0861511230469,278.59125402058766,274.7599185239673,275.81908330300587,2769200
2022-09-12,274.0324401855469,278.90447603191967,272.93645556673863,277.0348601715692,3632900
2022-09-13,255.97174072265625,270.84578152172116,255.4099481260691,268.9393461588079,4797200
2022-09-14,254.50732421875,257.4545144737684,251.58779074920278,257.32556190086007,4194400
2022-09-15,250.08656311035156,256.0453917090394,249.16556968308288,255.9348769948054,3896100
2022-09-16,254.16659545898438,254.70997828998637,247.6551642037094,247.7933076172704,9535100
2022-09-19,258.26495361328125,259.010955937937,251.900886536014,251.9653347061005,3047200
2022-09-20,252.50875854492188,256.7545243873638,249.92996030707008,255.0046426477597,2940700
2022-09-21,250.11416625976562,257.9978669439773,250.0589089082887,254.19415998056368,3173500
2022-09-22,247.87619018554688,249.79184419130212,246.6881007673319,249.79184419130212,3515800
2022-09-23,249.53399658203125,249.8655407714346,245.27901084573128,246.72497747577916,3527900
2022-09-26,245.51846313476562,251.94700862335392,244.6250982126344,249.98528774542183,4181800
2022-09-27,247.4617156982422,252.0666826387633,245.88682487440053,248.07876552863894,3701000
2022-09-28,259.89520263671875,261.1017020803517,251.16417263929122,253.4758757152806,5816600
2022-09-29,256.3400573730469,256.73610586000666,253.0245039193726,256.50585753091895,4518600
2022-09-30,254.13893127441406,259.52674850258836,253.05216576422546,255.8704034331494,4789100
2022-10-03,261.285888671875,263.45942001943666,257.46374284747867,258.7991947748573,3580000
2022-10-04,266.6828918457031,268.2946305688171,263.9199111775077,264.78564736872835,3641300
2022-10-05,266.9499206542969,269.03134645468486,262.8238604433354,263.63433906571044,2728000
2022-10-06,267.44732666015625,269.82347761840083,265.0342999841272,266.68288628492604,2641500
2022-10-07,261.85687255859375,265.8263522024992,260.1069905707023,264.8132537548282,2406000
2022-10-10,260.1437683105469,262.3541466828519,258.080752243927,261.1568665955784,2115400
2022-10-11,260.53985595703125,263.58834209114195,258.7070598411637,258.8912697775743,2771900
2022-10-12,258.3570556640625,262.1515720406,258.3294269866199,261.94895237052515,2258200
2022-10-13,260.48455810546875,262.32654495603146,247.4985732941928,252.96005756055388,3881600
2022-10-14,254.5902099609375,263.993573223234,254.14815109773906,263.993573223234,2783100
2022-10-17,259.0386657714844,261.44244554705665,257.27034571418903,257.5098130413472,3426700
2022-10-18,262.5384216308594,266.9591794706344,260.8530157850618,265.20010650698754,3166500
2022-10-19,253.72451782226562,260.4293501047465,251.44966250643316,260.1530632673961,4323000
2022-10-20,248.1708984375,256.0361907275078,246.70652215827624,253.21795289104082,3959500
2022-10-21,253.76132202148438,253.92709409553362,246.82624252553035,247.13937692311984,3429100
2022-10-24,260.88067626953125,261.99507074174187,255.0876182085007,255.0876182085007,2937100
2022-10-25,267.3276062011719,269.0498597030899,262.95288668510454,262.95288668510454,2791600
2022-10-26,267.2262878417969,268.8103979605647,263.56075129614953,267.64074620505073,2615000
2022-10-27,268.0643615722656,271.02074279014397,266.5815755521069,268.79195429544114,3041500
2022-10-28,275.0546875,275.52440315234503,267.0880997996866,267.0880997996866,3243100
2022-10-31,272.73382568359375,275.63494975782635,269.4366530201478,271.14971564621857,4210900
2022-11-01,272.6692810058594,278.3333843219885,270.1733969699152,276.6387599801547,3309100
2022-11-02,265.91845703125,276.45462466848437,265.72502816418967,271.8772859583931,4426400
2022-11-03,259.2597351074219,263.3581684502983,258.3479603084059,261.1661988749081,4823900
2022-11-04,261.5898132324219,266.0197902362899,255.57572609928235,263.30287595786984,4401600
2022-11-07,267.33673095703125,268.6537728152146,260.4937570769982,263.86459612806175,3260200
2022-11-08,268.1380615234375,270.16423036288523,264.90536533902764,269.32612290372373,3371800
2022-11-09,264.094970703125,269.3906850241118,263.64369273767744,266.167206741772,3071400
2022-11-10,287.07366943359375,289.87346928322427,273.6087215933039,274.21658064271423,7794000
2022-11-11,290.0577392578125,292.58125283757494,285.7290579068011,287.35001570743435,4945400
2022-11-14,282.67132568359375,291.0155241996049,282.13713373607555,289.52349118192603,6394800
2022-11-15,287.2855224609375,291.61420355661267,279.29130488208864,280.0373074380357,9290400
2022-11-16,290.03009033203125,291.4115806957507,280.4517627648754,281.69508160702816,5249500
2022-11-17,286.8341064453125,288.89712208969513,281.96204485342946,287.34986035640816,3642100
2022-11-18,288.4367370605469,291.03394547138737,285.7474517850665,289.3209110556145,3559300
2022-11-21,291.7522888183594,293.64953297833137,289.3761382075894,291.9180608851946,4069000
2022-11-22,299.21240234375,300.9991321588252,294.14693759320545,294.71794912259145,6054700
2022-11-23,296.10858154296875,301.92004734453695,295.1231119109471,300.9437966401094,4243400
2022-11-25,300.59381103515625,303.08047619115825,296.467750750479,297.379553270184,3393500
2022-11-28,293.7232360839844,302.82262753262114,292.7377663716099,299.3781211099722,4733700
2022-11-29,290.9971008300781,294.71792247109323,290.68396641023156,291.0339484402046,3505600
2022-11-30,300.1979064941406,300.3832308795657,288.62511402058533,289.9500957191277,15106500
2022-12-01,303.0517272949219,305.4608027925314,300.61485596865464,302.3475286002206,3830100
2022-12-02,303.90411376953125,304.3581499498567,296.8066208773206,297.50154478388333,3644100
2022-12-05,296.57501220703125,301.615529759359,296.0746872983546,301.27270511864486,5057300
2022-12-06,294.13812255859375,298.0296792806346,291.44181453875575,296.16730252943546,3341500
2022-12-07,296.639892578125,299.16942617537796,291.3492123215324,292.7575814807751,4038200
2022-12-08,300.29052734375,300.68894361337675,295.1573479607337,295.1573479607337,3483600
2022-12-09,296.94561767578125,300.61480785397663,296.43598986325196,297.8721828514435,3738800
2022-12-12,303.89483642578125,304.22838629426184,297.6961135478069,299.2805319761364,4900200
2022-12-13,308.4443054199219,321.7497682235468,305.72944787246905,319.06273477777705,5787700
2022-12-14,308.94464111328125,314.16120793748365,304.84923858831144,306.2576075732264,4546000
2022-12-15,303.5428161621094,305.78508848789465,299.6234345282123,305.24769302329844,5056900
2022-12-16,299.59564208984375,303.85784842932736,295.7967184334229,299.6790295796113,9615000
2022-12-19,294.0269775390625,298.27066278466515,292.813179161867,296.0376368412858,3000600
2022-12-20,291.7198181152344,293.61929396214623,288.00428218245855,290.3114490269257,2632200
2022-12-21,295.9078674316406,296.12098762068143,291.6271404608944,294.6940692049235,2610400
2022-12-22,292.9058837890625,293.16532100017406,287.91171040603075,293.16532100017406,3064400
2022-12-23,295.3241882324219,295.6670128923754,290.0705501842482,291.0805030364058,2064900
2022-12-27,296.083984375,297.9371153134172,294.193811176919,295.0277144438999,1610200
2022-12-28,292.54443359375,297.825838138179,292.3313134234327,297.010456257952,1568200
2022-12-29,296.8808288574219,298.1965359156045,294.26790759332505,295.25006467389494,1559100
2022-12-30,292.6648864746094,294.8052782178481,290.03344455615314,294.17519235729475,2581600
2023-01-03,292.7112731933594,295.7782023453693,288.8845536418131,294.1103959685382,2822400
2023-01-04,296.250732421875,298.8265828150176,293.1467330233741,297.49232652596964,3560900
2023-01-05,292.3035888671875,294.72191099671,290.2280914125906,294.490269645919,2935100
2023-01-06,294.2122802734375,295.4353532628528,286.3086793499515,293.0633483433057,4022500
2023-01-09,294.4717102050781,298.8636205961741,293.77678624311847,296.50089043612263,3466300
2023-01-10,297.08465576171875,297.17731795298147,290.9044523717436,293.0726119199431,2111300
2023-01-11,304.8399658203125,304.87703634756633,298.4651924059656,298.8636086752304,2864800
2023-01-12,305.6460876464844,307.81424703160604,302.71813793729916,307.81424703160604,2481800
2023-01-13,306.8876953125,307.9810638930625,302.06029785621405,302.51430581983965,2798600
2023-01-17,303.4779357910156,310.5476336524064,303.0795194928515,306.0723073564208,3988900
2023-01-18,299.919921875,309.9546115538979,299.21572320401464,305.7665466101815,2952200
2023-01-19,288.0506591796875,297.7425254506782,287.81901782719183,296.8159600406954,5359300
2023-01-20,291.8680419921875,292.0904085947408,284.81689429647395,287.2444906294346,3725100
2023-01-23,292.31280517578125,294.212252562211,288.24517029572814,290.51526639060637,3237900
2023-01-24,294.3605041503906,294.74039928009114,289.6720864447623,291.9792247717084,2127900
2023-01-25,293.962158203125,294.7589909024467,288.671449223732,292.1738654279935,2060400
2023-01-26,290.7654113769531,295.8152028231003,289.5794091000347,291.0804401390147,3555300
2023-01-27,293.4339904785156,294.8701554972328,288.4675853713601,289.10691774137774,2761200
2023-01-30,291.1638488769531,294.7774758957981,290.6542493109759,292.63708419972414,2643100
2023-01-31,300.3646545410156,300.5314294913242,291.96070135664513,292.7853296841883,3526800
2023-02-01,303.996826171875,306.2761690445651,294.31423510659823,298.7154205753233,3076500
2023-02-02,314.8376159667969,316.3942388090919,308.2589969998856,308.96319564229276,4776600
2023-02-03,307.1563720703125,310.1306385249686,306.0722783154514,308.110733120948,3389700
2023-02-06,305.09014892578125,306.70239179048184,303.4130679796531,304.8307117704832,2229700
2023-02-07,301.3190612792969,302.98686758843763,297.16803835724994,300.2071715555162,3865500
2023-02-08,297.23284912109375,300.19784070236454,296.1024384814182,299.2249585834292,2777200
2023-02-09,292.3777160644531,300.10529679095913,291.7105878102416,299.3733021689622,3063300
2023-02-10,293.2950134277344,293.906549971979,289.7833227186077,290.8025502923487,2768800
2023-02-13,299.77166748046875,299.91992132021926,292.43325793372605,294.0362260667829,2432500
2023-02-14,295.046142578125,299.24348169961917,292.4888419171881,297.06604787797755,3380800
2023-02-15,297.1402282714844,297.9185397301761,292.60006395751805,292.6834514413212,2585500
2023-02-16,297.64984130859375,299.96625466276106,291.80321626479787,291.8680826250818,3169200
2023-02-17,294.60150146484375,297.05689429643337,289.96867413107697,295.27787615859194,4985500
2023-02-21,273.8000183105469,285.3913580834513,273.36453153276517,283.1119873181124,10891800
2023-02-22,274.5412902832031,278.3402137128412,273.4201541745479,275.69949692171906,5922100
2023-02-23,277.3302917480469,277.8584408202915,272.9846976951131,274.9953570847746,4354500
2023-02-24,274.8748779296875,276.422226216977,270.55708003997546,270.9277005217105,3713300
2023-02-27,274.2725524902344,278.42354616522306,273.373783185333,277.3765230467116,3238300
2023-02-28,274.7637023925781,276.7650869824514,272.69745144051876,273.3367838071393,3949500
2023-03-01,269.4359130859375,272.1507424429863,267.4623246076063,270.4829363276082,5905100
2023-03-02,271.502197265625,272.51215021028565,266.17444594213254,267.27706108685624,4103700
2023-03-03,276.53338623046875,276.68161177429107,272.18779332209397,273.0031751957415,4036700
2023-03-06,276.31103515625,278.0715036025503,275.17137791376797,276.11646435718495,3763200
2023-03-07,269.3525390625,277.0986112551802,269.0931019143367,277.0986112551802,4512400
2023-03-08,272.0403137207031,272.9455915869426,269.03516715784247,270.12711141185395,4680300
2023-03-09,268.78326416015625,274.7282227722462,268.54994535446167,273.49629264266696,3248000
2023-03-10,267.20599365234375,273.5989338326458,265.14346364028404,269.3058626434527,4730900
2023-03-13,267.4020080566406,272.8336767187743,263.74358511263625,265.04082286919964,3892100
2023-03-14,266.515380859375,270.46311635940145,262.6142977224809,269.99647880289365,5116000
2023-03-15,268.75531005859375,269.865910029962,263.80896197869635,265.003553315802,4835500
2023-03-16,267.59796142578125,268.81120758051816,265.9833853596307,267.84993543232986,4400200
2023-03-17,269.1472473144531,272.469704732092,267.15936659093296,268.6152736174804,8342000
2023-03-20,269.9591979980469,270.49114322519,267.4859958914881,268.2512884038474,3677800
2023-03-21,270.1177673339844,273.34691923196124,268.40988667316674,271.9843172712369,4788200
2023-03-22,263.75286865234375,271.77904040069234,263.6035696963109,270.7337768206835,3723400
2023-03-23,264.96612548828125,267.01931352984565,261.52233824116,266.2260525145222,6005800
2023-03-24,264.1354675292969,265.9180261112264,262.0915930992007,263.70616902472847,3851000
2023-03-27,262.5022888183594,265.9274211197211,262.1663234384139,264.8168214227396,4269700
2023-03-28,262.0822448730469,264.3874348448342,261.2516166024511,262.0635611484031,3633300
2023-03-29,264.4528503417969,265.04081828223246,262.48365331594357,262.48365331594357,3607500
2023-03-30,266.3193664550781,267.0100093901097,264.9101404341112,266.3193664550781,3432800
2023-03-31,275.4281311035156,275.8294325437369,267.6259652742593,267.84060030999433,5800600
2023-04-03,277.8639831542969,278.0879600460474,275.073471465202,275.1948017753313,4007600
2023-04-04,275.2788391113281,279.7958875646622,274.7562072890447,277.64936604323384,2965700
2023-04-05,269.4085388183594,275.9787750931252,269.23121426876946,275.3161577390923,4002400
2023-04-06,269.3525085449219,270.4537947907369,265.27410098147703,268.0832681006542,3193400
2023-04-10,271.7417297363281,273.11364530457575,266.5993747013835,267.03801514786534,2799900
2023-04-11,274.168212890625,275.40948470964486,272.29234932731663,273.16028832536193,2497000
2023-04-12,271.06048583984375,278.5266883893917,270.2578542554901,276.4361607895351,3341400
2023-04-13,272.6562805175781,272.954935347572,267.26195225646705,271.4803734065771,3505800
2023-04-14,272.69366455078125,276.4361069640599,271.9377139683365,272.6563255705392,2653200
2023-04-17,275.68939208984375,275.78272527350373,272.0962781286012,272.23629214473567,2621900
2023-04-18,279.0025939941406,279.2732232583207,276.1747716669836,276.5480759992934,2847800
2023-04-19,277.0986633300781,278.3865872925577,275.36275714721285,276.66936483634845,2889300
2023-04-20,278.64801025390625,281.2051754352523,275.78284827723945,276.22148880292235,3371800
2023-04-21,280.0198974609375,282.96905049466557,279.3759352979333,281.4944597371522,3506700
2023-04-24,281.51312255859375,281.75575472396946,279.2545842228585,279.9825376815788,2515400
2023-04-25,276.557373046875,282.49301696078254,276.370735132392,281.38241741288823,4529500
2023-04-26,268.84857177734375,276.2214395598933,267.92461003740124,275.7174630182244,4037400
2023-04-27,274.3175354003906,275.04548881815583,268.5965546452884,268.78322105242614,3133600
2023-04-28,280.48651123046875,280.7478271235973,273.80425798470077,274.16822046952797,4063400
2023-05-01,277.8360290527344,279.5719071951074,277.5280322976051,279.03062012915285,2970000
2023-05-02,274.6441650390625,278.74125594782527,271.62967654481594,278.5265924452021,3413200
2023-05-03,273.5242614746094,278.8252858375923,272.98297443314493,274.90551891475155,2743400
2023-05-04,266.6833801269531,274.9335292212613,266.2913920233419,273.1883092084093,4422500
2023-05-05,270.2950744628906,271.4616680986025,267.0099570379904,268.0085680256693,3806600
2023-05-08,268.7179260253906,270.50048510516274,265.46080463656006,269.7165373417178,3736500
2023-05-09,271.1910705566406,271.6390528653909,266.6927061452775,267.0753523604253,2570000
2023-05-10,269.7445373535156,273.98161485309413,266.84206507251884,272.24570812296037,3571000
2023-05-11,268.4938659667969,270.1364389519607,266.00200938049903,269.47379324741047,3859700
2023-05-12,271.08843994140625,271.55507752670275,268.26995917948256,268.78324913078956,3438300
2023-05-15,269.2872009277344,271.5084001864401,267.7939550958797,270.57512510169283,5353600
2023-05-16,263.4915771484375,267.0007010472709,258.60122416871786,262.9502900591468,12362100
2023-05-17,272.88031005859375,274.42952160370504,262.44627318105404,263.3235540210827,7956900
2023-05-18,275.4654846191406,276.18409619987955,272.1430275092552,273.12295498128975,4547000
2023-05-19,271.4710388183594,276.0254254133042,270.60309989663966,276.0254254133042,4470600
2023-05-22,271.2657470703125,273.4402655462848,268.8578813353893,271.3310831635669,3736200
2023-05-23,275.26019287109375,277.9013491851112,269.9778517617597,269.9778517617597,5352200
2023-05-24,271.6764221191406,277.66803307938585,270.81779638534533,277.5280474927071,4978200
2023-05-25,267.61663818359375,272.32035271963065,266.972676078249,272.32035271963065,5355900
2023-05-26,273.2909240722656,273.72956449097614,266.627354935017,267.8499429886218,4626100
2023-05-30,272.88958740234375,274.8028181226236,269.6698059405363,273.71087390848425,5193300
2023-05-31,266.44122314453125,272.5981703450333,265.0406130384673,272.21276948942716,18288800
2023-06-01,271.08489990234375,271.865082347763,263.17954643960167,267.005300450461,4305100
2023-06-02,278.1817932128906,278.4355812352986,272.3350300883139,273.2092175185005,4515600
2023-06-05,275.5121765136719,277.97495557255934,273.8859769834423,277.88095045938815,3028800
2023-06-06,278.2381896972656,279.1029966926372,274.1492105641094,274.30902214639667,2855400
2023-06-07,283.59619140625,284.06618838989556,279.2815938524054,279.46960412039937,4842700
2023-06-08,283.02276611328125,287.12115452402463,282.74077941163426,284.02856649305215,3757300
2023-06-09,279.5072021484375,283.3423647790384,278.33220973036464,282.9193847203352,3485800
2023-06-12,282.8065490722656,284.4515383861425,279.78917670584303,280.49417212607597,4456600
2023-06-13,282.0733642578125,285.87094774518044,280.74799806817055,284.2541570474961,4043400
2023-06-14,281.7255859375,284.395165381509,277.8904231452681,282.92877707686097,4176000
2023-06-15,283.89697265625,285.2223676157504,281.6033850409027,282.787786640103,4109700
2023-06-16,282.3553771972656,287.6193488663586,282.12978783695837,286.0777450740248,10809300
2023-06-20,283.3235778808594,284.58316632246937,280.33440402600854,281.7819740444677,3371100
2023-06-21,282.6562194824219,285.35399778912415,282.1674042220522,284.69599048616874,2713300
2023-06-22,283.1073303222656,284.6583143797776,281.62215271652514,283.40813522779155,3052000
2023-06-23,282.7596130371094,284.1790132580984,281.15223121450066,282.29902512384746,8525900
2023-06-26,289.4147033691406,290.65547337717175,283.85933659723355,284.5079346108183,4440100
2023-06-27,294.9136657714844,296.5304563653454,289.4147246150392,289.65910351302006,5342500
2023-06-28,288.11749267578125,294.16164558643607,287.69448401494674,293.278049169033,4025600
2023-06-29,289.34893798828125,289.6403338112421,285.78635296668904,288.3713362703561,3279700
2023-06-30,291.99969482421875,292.7422692899175,289.8000840353426,291.00327498082675,3230700
2023-07-03,291.41693115234375,292.7141274692778,290.36414245638,291.19134177073454,1483300
2023-07-05,292.1501159667969,293.56010692935155,291.3887231419245,291.86812924882173,2496000
2023-07-06,283.89697265625,289.49935745378485,283.44579390328977,288.42775054282464,4828300
2023-07-07,284.63958740234375,287.29037742813176,282.8348149451177,283.8687854198651,2951900
2023-07-10,291.66131591796875,291.89631440084344,285.0061715049467,285.0061715049467,3246700
2023-07-11,294.8385009765625,295.693898899431,292.09370606547117,294.1335055255944,2913800
2023-07-12,298.4668884277344,301.9824855400867,297.0475169760189,297.3295037051437,5300500
2023-07-13,295.7220764160156,299.3128598741401,294.65987875605884,299.0120549518567,3235600
2023-07-14,297.5080871582031,297.88407900344174,295.3649020853701,295.9476937484408,2942100
2023-07-17,297.0850524902344,298.74886000695733,295.2990698663782,296.7748671337115,2002500
2023-07-18,297.7524719238281,299.21886008819934,293.40029565038736,295.6562752350864,2315600
2023-07-19,300.30926513671875,300.7416543037818,297.6866740917769,297.9780699093996,2361400
2023-07-20,299.9426574707031,302.16105804604894,298.8052728559606,301.1176498745432,2101900
2023-07-21,301.2398681640625,302.5746722210179,300.31866374806003,301.80387028230194,3673400
2023-07-24,305.6014404296875,306.11845434971235,301.69109057149154,301.7098801247078,2621900
2023-07-25,305.6202392578125,307.2840182315097,304.39822990419384,305.5638419154051,2890800
2023-07-26,309.81256103515625,311.10034798432804,304.78358833907765,305.2065970344463,3448100
2023-07-27,309.9253845214844,313.4315721383817,309.1921904179845,311.8053723444419,2608600
2023-07-28,311.4858093261719,313.01800414649324,309.72802512393247,312.0780101400473,2268200
2023-07-31,313.8075866699219,314.0237956122864,311.5892146477732,311.7489975599359,2690000
2023-08-01,312.1437683105469,314.86974477021073,311.02517332103724,311.85237250854044,2547200
2023-08-02,308.7879943847656,312.57616863265645,308.24281054787065,310.2261838960905,2752600
2023-08-03,310.0569763183594,312.1719624751199,307.9795979476708,308.0171770474071,2451300
2023-08-04,306.84222412109375,309.7468020401519,305.8082250189195,308.4684240129833,3591600
2023-08-07,309.4178161621094,309.64340552684916,306.99261574580345,307.57540739560676,2111000
2023-08-08,308.13946533203125,308.8162622352319,303.9847074513817,306.9832622555466,3272600
2023-08-09,308.515380859375,311.0627849079984,307.1524069560592,307.7069998984709,2698900
2023-08-10,309.6340026855469,312.92398152428353,309.2016134989164,310.81840424712055,3075100
2023-08-11,311.2413635253906,311.6925709202184,308.64699989255786,308.80678278970265,3108400
2023-08-14,310.1510314941406,313.7606050085165,308.7222222561745,311.570402926146,3974800
2023-08-15,312.2095947265625,317.87775692339585,308.80679263562433,311.85239244672704,5860900
2023-08-16,313.04620361328125,317.53937382803616,311.7772059640923,312.6608026273,3753900
2023-08-17,307.64117431640625,315.5089179502315,307.4343745298608,313.7417249899949,3885100
2023-08-18,307.72576904296875,309.1545779936693,304.9621849461853,305.554385636401,3472000
2023-08-21,304.6143798828125,308.19575386420377,304.08798566466754,307.01135253021084,3109700
2023-08-22,305.00921630859375,306.7293924407546,302.7062198899805,305.75179079966546,2582200
2023-08-23,306.5226135253906,307.3122049747867,304.63321656905924,305.0468161882197,2728000
2023-08-24,303.2326354980469,309.25799997332234,302.9694383476508,305.61081897044903,2490000
2023-08-25,303.4864196777344,306.7576088080005,301.926055032836,304.0222230905632,2418100
2023-08-28,306.3534240722656,307.79161363256503,303.4958345031178,303.806048563257,2099900
2023-08-29,309.6152038574219,310.0475930310979,307.1618047942863,307.1806230320579,2628200
2023-08-30,312.7748718261719,313.71139925590575,310.16391187718506,310.28689605877156,2256200
2023-08-31,312.462646484375,314.63845585414845,311.87613324706535,313.3140664683648,2914700
2023-09-01,315.0924987792969,315.4425417316536,313.25729214520493,314.07083527076475,2317400
2023-09-05,310.0787353515625,314.3546291900576,309.6908733175462,313.9194788782804,3141400
2023-09-06,308.39483642578125,310.8638732526794,307.9785956866879,309.842209810054,3199700
2023-09-07,310.6842041015625,312.1031989468778,306.7866740093629,307.47726189377835,2454000
2023-09-08,310.95849609375,311.696372196303,309.03812438649516,309.8138484318647,2210300
2023-09-11,310.6368713378906,312.0653353152891,309.88008567290433,311.50720083519525,2087800
2023-09-12,308.6597595214844,311.0152817411375,308.2908358715561,309.1800460868657,2190500
2023-09-13,308.2813415527344,310.24900155427486,307.44886002032507,308.43270445585625,2564300
2023-09-14,311.828857421875,312.46265896382045,307.7042973191055,309.7098343199895,2707600
2023-09-15,304.0433044433594,311.3937165738325,303.0310811427614,309.64361707279005,7117800
2023-09-18,300.1268310546875,304.27974029322826,299.79572653642333,302.870214876912,2740400
2023-09-19,297.61993408203125,299.81465281014863,295.47253249889013,298.887594750675,2776500
2023-09-20,294.07244873046875,299.26598898069454,294.01569125184517,297.98888797262197,2320000
2023-09-21,290.1938781738281,293.4764869867341,289.81545650090635,292.6912937718938,2766500
2023-09-22,289.2195129394531,291.0358100060578,288.9640754144934,289.62628449536214,2289200
2023-09-25,289.9384765625,290.6952911325441,288.06542184937905,288.06542184937905,1882300
2023-09-26,286.2017822265625,289.2951803132331,285.34092196817545,288.0748367744733,2655500
2023-09-27,285.5206298828125,287.79101538546416,283.7043041589804,286.63689866510117,2513900
2023-09-28,287.1004638671875,288.4059436350325,284.50844273768297,285.37877220608686,2369600
2023-09-29,285.84234619140625,289.1628036126437,283.6287175337566,288.4816848818649,3502600
2023-10-02,283.63812255859375,287.0626541953299,282.34211195139636,284.29086246389386,2806800
2023-10-03,276.1742858886719,282.19081119538356,274.40527663407954,281.8218874852126,3609200
2023-10-04,276.5999450683594,278.3216368482506,274.6795443574188,277.51753400697237,2956300
2023-10-05,275.94720458984375,276.8648223961529,274.5660288437547,276.23099200642446,2469300
2023-10-06,277.0067443847656,278.6338597681665,271.869989533565,275.05799360656215,2922500
2023-10-09,279.4094543457031,279.570286419886,274.0362022704818,274.622715359532,1929900
2023-10-10,283.06103515625,284.4327414413814,279.22976140325534,280.66766549349273,3116300
2023-10-11,281.9542236328125,284.60303095118854,279.9203370878494,283.55295990464634,2292800
2023-10-12,277.1958923339844,281.62317802733844,275.06740014527446,281.62317802733844,2546400
2023-10-13,276.15533447265625,278.81358255420787,275.18095914955575,277.1202405917042,2092700
2023-10-16,281.2731018066406,282.2569461632356,277.72561524487554,278.52971797277957,2567000
2023-10-17,279.9582214355469,282.24751692058663,278.595984093406,280.6677188483484,2139700
2023-10-18,274.5660095214844,277.48913518464855,273.9416483794219,277.1769690483781,2720100
2023-10-19,271.2834167480469,275.6066278544174,270.9523410554402,275.2849924959127,3028600
2023-10-20,270.94287109375,271.67127803277936,268.2940634736445,270.42255567770917,2885300
2023-10-23,269.6752014160156,272.6834630475784,268.97514444682344,270.38469871796076,2590900
2023-10-24,268.01031494140625,272.36190540824333,266.7994403555455,271.25507659897085,2705200
2023-10-25,265.7587585449219,267.9345675606113,264.12220326898677,266.534482512329,2962800
2023-10-26,262.9870300292969,267.94404250814864,262.7505309015727,265.3804000470847,3108200
2023-10-27,261.5301818847656,264.566851407702,259.44900692575055,263.9141115191846,2907300
2023-10-30,266.27911376953125,267.07374739072304,262.00319097563636,262.48565844438684,3074400
2023-10-31,269.3157653808594,269.98741486099027,266.41154898703996,267.32916681321495,3036000
2023-11-01,271.1510009765625,271.34018296849797,266.78994178477836,270.16715646211594,2747300
2023-11-02,278.6243896484375,278.74737383094885,274.33902601749696,274.5755251778569,3628000
2023-11-03,279.6460266113281,281.7272305715429,278.2838181377155,278.29325847195037,3071900
2023-11-06,278.6622009277344,280.43120979531415,277.38509985594237,278.83247337210065,2890300
2023-11-07,278.8513488769531,280.0149348438243,277.7067013146042,278.69998598837094,2629000
2023-11-08,279.93927001953125,281.9163990497564,278.2269899594935,279.0973193582552,2454900
2023-11-09,272.3240051269531,276.9310034170018,272.1442634841793,276.1836869754916,4059100
2023-11-10,275.8431396484375,275.8431396484375,271.30236760647625,273.6106015741718,3653500
2023-11-13,272.5132141113281,274.2727537144351,271.7280208625701,272.2483362505532,4586700
2023-11-14,287.2329406738281,291.5939709662843,283.931421911447,284.6409193327856,7952800
2023-11-15,291.5466613769531,292.2466895432613,287.5924029663941,287.67753918638925,3985900
2023-11-16,289.8912048339844,291.31966896001444,287.89513696539416,289.36144903946837,3114000
2023-11-17,290.6763610839844,292.03859847971455,288.95466923536065,291.83994727978194,2770300
2023-11-20,291.5466613769531,292.9467465790914,289.22895842217105,290.60066488431096,3459000
2023-11-21,288.8505859375,289.54117381878217,286.0125962597456,289.0681755391564,2977200
2023-11-22,292.5021057128906,293.1264379472635,289.92899428602374,290.78985449580665,2873500
2023-11-24,293.921142578125,294.56441330988537,291.6601969435972,292.4832093312207,1259900
2023-11-27,294.1292724609375,295.9928868979903,293.0224437480633,293.91168285221187,2992600
2023-11-28,296.4184875488281,297.5915137636252,292.68181935479817,293.9305125736556,3116900
2023-11-29,296.19952392578125,299.09467251925827,296.09477950445023,299.09467251925827,3083800
2023-11-30,298.5517883300781,298.8089410827975,293.8852854554308,297.6470744919903,4493700
2023-12-01,304.3897399902344,304.84687790886585,298.08519514560254,298.87563191672723,3613600
2023-12-04,308.58001708984375,309.5895043925924,303.7611349651377,304.3896885983658,3827900
2023-12-05,308.0848083496094,308.4848075965578,304.7611206448198,306.65628528152774,3269800
2023-12-06,310.5704650878906,312.665644153322,308.76100811140714,309.5133718299093,3030800
2023-12-07,310.62762451171875,311.8085277372293,309.2086050200483,310.57045684474247,2742300
2023-12-08,310.9132385253906,311.68463854131363,309.57042355531706,310.4656335353661,2889300
2023-12-11,315.54168701171875,316.2654813355337,313.1417787122881,314.09412742746514,3520700
2023-12-12,317.3226318359375,318.57971016396993,314.5798626413596,314.69413984723724,2893400
2023-12-13,327.03656005859375,327.4555958402259,316.09408205001944,318.94159555682967,5822700
2023-12-14,335.04583740234375,336.24580622070755,331.4173907084509,333.0744683617117,7594800
2023-12-15,337.1314697265625,337.4933669148276,330.22694103865973,331.6268949144662,11212800
2023-12-18,334.0934753417969,338.0076439658019,333.62683373686787,336.85528100893623,4420500
2023-12-19,335.29345703125,336.1410323706171,333.70302170922605,334.71250913636237,4654700
2023-12-20,332.0458679199219,337.86470394277615,331.712540095685,334.27436016676216,3259500
2023-12-21,332.3411560058594,335.46485885193846,330.4650277405895,335.1029616642146,2794200
2023-12-22,331.9792785644531,334.59823787379406,330.1698215815845,332.40784716769735,2029900
2023-12-26,332.6649169921875,333.40774780430957,331.56972181658614,331.8268454988446,1585500
2023-12-27,331.9221496582031,333.32210365609393,330.636472874282,333.2363957456167,2764300
2023-12-28,330.8078308105469,332.4077987163036,329.3221691621396,331.89352228004697,2859400
2023-12-29,330.03643798828125,330.98878671029433,326.67464816211015,329.3507457458968,10325700
2024-01-02,328.636474609375,330.75068987305156,326.86511998856867,327.80793589555424,2833600
2024-01-03,322.1415100097656,326.3699409493635,320.55107474749593,326.1604230536761,3309600
2024-01-04,322.4557800292969,326.5794666513092,322.40817421415755,323.73192394685,3652400
2024-01-05,326.59844970703125,327.4460248960826,321.72242924900166,321.7700350563489,2664300
2024-01-08,331.3506774902344,331.85542114064066,326.89369253230205,327.06510832375113,2736200
2024-01-09,329.6935729980469,332.47441470911156,328.7983629649768,329.3316758702049,2338100
2024-01-10,339.7980041503906,339.8551427472559,333.61727039466035,333.9124961662564,4109300
2024-01-11,339.5408935546875,343.79789356552703,336.42672365196506,340.074206521575,3530400
2024-01-12,338.75994873046875,341.44557904595155,336.5885948519323,341.44557904595155,1956100
2024-01-16,341.3503723144531,342.51223900926345,339.23615682269593,340.9980079097234,3669400
2024-01-17,338.75048828125,342.6170221811528,337.179089471136,339.63616571225197,2646100
2024-01-18,340.84564208984375,341.6170423207975,337.1600567500914,339.15046232679504,2510700
2024-01-19,345.1407165527344,345.6644967437952,339.30281402149456,341.712255214454,3234600
2024-01-22,339.69329833984375,344.2359916870316,338.7409495327149,342.23605337938534,4003700
2024-01-23,334.0649108886719,338.92189558116166,332.4268697901995,338.89332627969793,3878400
2024-01-24,330.7221374511719,336.05529622355687,330.53168514063714,335.1696188679585,3474400
2024-01-25,334.2458190917969,336.064808567506,331.6649622935409,335.78861931114824,3064200
2024-01-26,338.3695068359375,340.03611718580316,334.293455257087,334.7220238295465,3177700
2024-01-29,338.75048828125,339.3885457177604,336.188667619929,338.2266789900855,2732000
2024-01-30,340.0837097167969,341.826494963481,337.169525164391,337.6075974069203,2336500
2024-01-31,336.1409912109375,341.8741490229643,335.5600724505616,340.8646617194373,3377900
2024-02-01,342.9122314453125,342.97890283497856,335.53152841633676,336.5600523086173,2439100
2024-02-02,340.20751953125,342.4169463164689,333.34106482238997,337.302838703648,3697600
2024-02-05,338.2171936035156,339.10287108254016,334.04590087858566,336.807706804925,2653800
2024-02-06,339.2742614746094,340.94087188185307,337.41716968118624,337.9409789614902,2045300
2024-02-07,345.4073791503906,346.39783001304846,340.6742045813049,341.3979989497908,3272200
2024-02-08,346.3883056640625,348.2263318673624,344.416936678739,345.5692705855515,2521900
2024-02-09,345.845458984375,347.064464279062,343.607433504143,346.7787712660021,2389900
2024-02-12,348.0358581542969,351.1500280667709,346.7025466695262,346.86445874297766,3119700
2024-02-13,340.5503845214844,342.30270272614325,337.0171788123279,341.388456067925,3106500
2024-02-14,341.159912109375,341.8741736905796,337.11242981588236,340.15042473300946,2998900
2024-02-15,343.8741149902344,344.40745709233045,339.8456978964881,341.7980014421371,2662800
2024-02-16,345.0836181640625,346.64545519476735,342.0360901608312,343.49318276646926,3899600
2024-02-20,345.2931213378906,347.8454092202021,337.6647979298642,338.3790595504396,4830000
2024-02-21,346.7787780761719,347.71206131274835,341.84561819793265,343.4074551389635,3277800
2024-02-22,353.6451721191406,355.187972403785,349.6548286355843,349.9310179036307,3387500
2024-02-23,354.235595703125,356.416482249289,352.6070876494302,354.34987289098086,3398200
2024-02-26,353.8927917480469,357.01649440108775,353.054720220557,355.7117812989905,2461000
2024-02-27,357.6640930175781,357.89264741652585,352.94995509564046,354.9022874645765,2802900
2024-02-28,359.6163635253906,361.7401114998473,357.1878860679214,357.6640603978859,2282500
2024-02-29,362.47344970703125,363.5877105506155,360.13067988151454,360.7401970418904,4382800
2024-03-01,366.1305236816406,366.7495446158409,361.7306476213729,362.2353913447522,2750900
2024-03-04,362.244873046875,366.20664715576885,361.99725308276413,364.65431411315257,2619000
2024-03-05,360.4164123535156,362.8258536373862,359.0545314912924,361.98778204936536,3011600
2024-03-06,361.6043701171875,363.88452103113,360.11941262476375,362.6486352630213,2496300
2024-03-07,360.7517395019531,364.3444073202724,359.82243492345964,362.0163655909309,2368500
2024-03-08,357.68597412109375,360.81876958540187,356.4884183146331,359.26674193818127,2162900
2024-03-11,355.9327392578125,357.3315055031598,353.3939267726585,355.9710692303816,2833700
2024-03-12,358.8260803222656,360.1290071174369,356.78544037531793,356.88125069548164,2843800
2024-03-13,363.08935546875,366.6532829612222,360.01404013452776,360.25355131214764,3761200
2024-03-14,359.5254211425781,364.24860369574156,356.55550598630566,362.14089367786715,3877500
2024-03-15,357.57098388671875,362.54323752313945,356.90993079721545,358.4236283470985,9234900
2024-03-18,356.306396484375,361.7576729919214,355.5687126143728,360.69422820560345,3455600
2024-03-19,363.49169921875,363.53958975308234,357.47518039914814,359.16134822333225,3493800
2024-03-20,368.2819519042969,368.7322340647739,360.4451535886954,363.50131839842606,2750400
2024-03-21,378.6192321777344,380.2191502639263,371.9991405783378,372.1141012507348,4212200
2024-03-22,373.9056701660156,379.78807843478126,373.7236393409429,378.13065064124635,2910900
2024-03-25,367.4197082519531,373.5032683097936,366.82572525470647,372.7751742666536,2683900
2024-03-26,363.9898376464844,368.138186678996,363.4820752340714,366.36579851737406,2720200
2024-03-27,369.6998596191406,370.1118117968056,364.76590634064326,364.8713064542332,2536500
2024-03-28,367.50592041015625,371.34765943760925,363.7887026234883,370.88781673390696,4108200
2024-04-01,352.5891418457031,367.06521049838426,352.4071110384694,365.4652632024879,4333200
2024-04-02,347.77020263671875,351.46824089536244,347.73187266488765,349.20726958976303,4650500
2024-04-03,344.80023193359375,347.1953433380188,343.93799767544067,346.81213136075075,4723000
2024-04-04,342.67340087890625,349.68629468234093,341.93571702921577,347.3965539517967,4381600
2024-04-05,342.85546875,344.2542058934643,341.08308012154424,342.67343790918966,3243400
2024-04-08,346.86004638671875,347.35824830582646,342.2710336625811,343.0470474734353,4339600
2024-04-09,346.2565002441406,349.1593742801218,343.679357871266,348.3737706729344,3022600
2024-04-10,335.85211181640625,339.1381977694488,334.1180534336193,337.1071479003636,4805200
2024-04-11,332.79595947265625,337.14549029270194,331.2822618169515,336.3119961399808,4104700
2024-04-12,328.4847717285156,331.598416909841,327.1818450095723,331.598416909841,3550300
2024-04-15,323.7520751953125,331.56013453897503,323.04313139276275,331.4068730983215,4209200
2024-04-16,320.7821350097656,323.9245208576508,318.99059586988704,322.6886640875831,4525500
2024-04-17,318.865966796875,323.10053673272927,318.0133223184042,322.65025460767595,4273800
2024-04-18,318.92352294921875,322.8131821987442,317.4289462780685,321.5677065123197,3717300
2024-04-19,321.2898254394531,321.7784375450336,318.62646260090264,320.6671022922081,3076600
2024-04-22,322.00836181640625,325.2082565622506,319.70906058568573,324.0298511593007,3112800
2024-04-23,324.77716064453125,325.9172362022893,322.1808676352356,323.81911592286593,3697400
2024-04-24,319.0384521484375,323.38795372543535,317.89837669777364,322.9281110140428,4029200
2024-04-25,318.0516662597656,318.94264074724396,313.1847831746891,315.8864760436897,3787800
2024-04-26,321.03118896484375,321.7401326735787,317.1031999214242,317.11278972414874,2465300
2024-04-29,322.6694030761719,323.186755336152,320.1305907848255,320.94493452583856,2427400
2024-04-30,320.19769287109375,323.28259789815826,318.8947369080264,321.6347598854927,3089900
2024-05-01,318.0420227050781,321.31854764478805,315.6085815738174,319.0383971366269,3267500
2024-05-02,321.4527282714844,321.90301043771575,317.0936367000216,321.42398810075485,3213600
2024-05-03,328.4656066894531,332.32652537235913,326.08964548566416,326.9614696059593,4165100
2024-05-06,327.9290771484375,331.84747584878676,326.1566888838083,331.4834142418987,3366100
2024-05-07,326.396240234375,331.0427627209676,326.0992487263127,329.1841537263306,2930700
2024-05-08,324.6142578125,326.156724911456,323.464621768031,324.5663672745981,3123200
2024-05-09,332.863037109375,333.40912957938656,324.6621772055622,325.0166490497864,3801400
2024-05-10,331.8953857421875,335.13358118746874,330.2379872861029,332.88217051658967,3413700
2024-05-13,326.6548767089844,334.15638225571104,326.11837407511484,333.4569991764308,4055600
2024-05-14,326.2141418457031,329.80680860611835,319.02880832487267,320.9927877923542,5854300
2024-05-15,334.04144287109375,335.73717138580145,330.22841461711283,330.6978471423658,4151100
2024-05-16,328.3506774902344,333.63907382051696,328.2931971459968,333.3995626404592,3101600
2024-05-17,329.7685241699219,330.4583174526448,326.30040738966557,330.2954662431858,2739000
2024-05-20,323.6466369628906,328.1781692535222,323.37838564174797,326.81776228101336,3237400
2024-05-21,322.04669189453125,324.77712489819527,318.38695444364686,324.77712489819527,4275100
2024-05-22,316.719970703125,321.18446218710574,315.1296131089618,320.61921936390587,4024400
2024-05-23,313.1752014160156,317.1127505383917,312.3225277205912,317.0936001725124,4021100
2024-05-24,311.4602966308594,313.79792772871434,310.8088333379359,312.69618231684666,2736900
2024-05-28,314.9092712402344,317.10317232014296,310.8663218648401,311.7381459579901,3807500
2024-05-29,312.2362976074219,313.07938147535583,310.18606827065526,312.83028054059383,3506200
2024-05-30,317.5614929199219,318.56479407285724,314.21396636120494,314.7445716219037,2921800
2024-05-31,323.0506896972656,323.3401187997747,316.43282894100446,318.40080552388713,5557800
2024-06-03,316.43280029296875,321.8737195301925,315.30408283223363,321.8737195301925,3712800
2024-06-04,316.6739196777344,318.1499164367914,313.6254498181537,315.33296624437384,4296800
2024-06-05,318.6033935546875,318.7963168364187,314.4165785592899,316.9055038089219,2422400
2024-06-06,319.41375732421875,320.1276294377428,316.48104656091044,318.15962345074416,2979400
2024-06-07,315.48736572265625,317.2141953180035,312.49677537017203,314.23326143312255,2583800
2024-06-10,320.82220458984375,321.0537243054964,314.9760962459965,315.45844861390765,2691000
2024-06-11,323.8706970214844,324.43986932131156,318.66129698333646,321.2466987847237,3250900
2024-06-12,331.9934997558594,338.1193512360869,330.95160216130137,334.78148111519954,4793000
2024-06-13,335.6014709472656,336.38287938785516,330.96124376185844,333.69134507001866,3380800
2024-06-14,334.59820556640625,335.23491426015767,329.629981789922,332.63985602187154,2589000
2024-06-17,337.164306640625,338.31230763649734,332.2443065783795,332.71703192050194,2680200
2024-06-18,341.3800354003906,343.83039349502246,339.6821457675182,340.4925235944437,3655000
2024-06-20,340.96527099609375,342.3930447159466,337.2511515830275,339.5760937120354,3661200
2024-06-21,343.2419128417969,343.67604172331176,339.62427029734096,342.31580459374226,6596400
2024-06-24,338.4956359863281,345.06527353358996,338.34127968043396,344.3031484733795,4278900
2024-06-25,326.37890625,334.7428796425379,322.7226671367621,334.0868875020352,4879600
2024-06-26,329.75537109375,330.4981831220133,325.6167796438228,327.47865266872975,3365300
2024-06-27,329.4369812011719,332.5915842456257,326.504300265023,330.7296818981157,2912600
2024-06-28,332.08990478515625,333.0932058206452,328.6844986970656,329.3019237775044,6344000
2024-07-01,324.3241271972656,332.48552201816824,323.5523750903056,331.78130631669256,2643600
2024-07-02,323.1471252441406,324.94146180312583,320.7932434885932,323.17606520669034,2995900
2024-07-03,321.8641052246094,327.6523336940949,321.76762886202744,325.1054990361041,1733000
2024-07-05,322.7708435058594,324.0635735429763,319.9346391427135,320.9668506624438,3437500
2024-07-08,327.6137390136719,328.7328000566136,323.17609127523485,324.02503616577354,3534500
2024-07-09,325.1922912597656,327.2857133318999,323.72595077082934,326.98665724165926,2254300
2024-07-10,332.0320739746094,332.138206806204,325.70361316631346,326.68763085375235,3263100
2024-07-11,341.30291748046875,341.6309135777356,332.82315409371057,338.39914662815517,4146900
2024-07-12,347.07177734375,351.1042651091545,341.5922620604228,342.470146814689,4019900
2024-07-15,345.8080749511719,348.4320731892404,342.4991445472688,346.4640965910296,2884000
2024-07-16,356.0917663574219,356.38119540910003,346.8113125783154,347.3515448129094,3210400
2024-07-17,358.7640686035156,361.9475825466545,352.5224276065034,353.6993685955065,3991100
2024-07-18,353.1590881347656,362.4781391886959,352.8696884972482,356.84426720156205,2395000
2024-07-19,350.5351257324219,354.6254941475239,349.17491785752503,353.49677656569474,2474500
2024-07-22,350.4289855957031,354.3167443959259,348.3355634230672,351.6348664821302,4049300
2024-07-23,346.9271240234375,352.5320563713435,346.69560430001866,352.5320563713435,2535700
2024-07-24,337.9457092285156,348.69253397636646,337.64665311956014,346.26145923201653,3508100
2024-07-25,340.820556640625,346.1649998724976,337.0003045520121,337.8396224323952,3297600
2024-07-26,346.8210144042969,348.90478019901883,342.47984302540596,342.47984302540596,2439000
2024-07-29,348.9047546386719,350.08169552612355,346.28075673093286,346.53155992827635,2142100
2024-07-30,350.85345458984375,351.8181592895457,346.5798198358723,350.01416621157523,2788800
2024-07-31,355.16571044921875,359.34286913532554,350.2264267540747,352.1172398535229,3526100
2024-08-01,345.9237976074219,358.3685117622695,341.26428687052174,356.93108174294076,3759000
2024-08-02,342.8849792480469,343.02005203541205,334.5016931771241,342.40262690537213,3764600
2024-08-05,337.6562805175781,341.44756268763433,333.054620542206,338.4955688440311,3827900
2024-08-06,341.4186706542969,346.0010183382472,335.0226732818053,336.4407904795091,2831100
2024-08-07,330.31488037109375,343.69532972725386,330.19912051862457,342.64380514672445,3429100
2024-08-08,336.04522705078125,336.4311030373924,329.2922942435083,330.16052257349617,3591100
2024-08-09,336.3346862792969,339.12266776497023,333.20902279444005,335.6111576993551,2314800
2024-08-12,333.60455322265625,339.0937257037946,330.0544467447236,338.38948062510696,3830200
2024-08-13,337.7142028808594,340.9170297543388,327.3918501579472,329.80361206138906,6388600
2024-08-14,343.10687255859375,346.9946312701219,337.0678117961967,337.21251161117647,4814800
2024-08-15,347.3612365722656,352.5127562586883,345.49936352314177,349.66686555051007,3575800
2024-08-16,349.281005859375,350.8631358099163,347.26477642761427,347.26477642761427,3308300
2024-08-19,350.25537109375,351.8181881248849,349.31960628072494,349.70548230414227,3634900
2024-08-20,354.30712890625,354.66409441989737,347.77608786855814,347.9207877035748,3459400
2024-08-21,357.384521484375,359.7094635170506,355.51299187202125,356.41018968445604,4587600
2024-08-22,352.4645080566406,359.313917567282,351.7409795049627,358.3878092644609,4097300
2024-08-23,362.33343505859375,363.0376800887751,352.30051205786623,353.71862914573063,3426200
2024-08-26,360.9056701660156,365.21790145993515,360.1917980911967,363.77084437392796,2452100
2024-08-27,360.0085144042969,361.06969552583246,357.9054650982691,360.30757052394057,1780300
2024-08-28,359.53582763671875,362.15982582194545,357.13372214996343,359.8348837639673,2218300
2024-08-29,356.2552795410156,362.33102068365054,356.12910146065786,361.641898801584,2698400
2024-08-30,357.65289306640625,359.5066741668699,354.1394555452438,358.3711010668543,3216700
2024-09-03,354.0035705566406,358.50700258208565,352.21773601459915,357.0705569286037,3598100
2024-09-04,353.9356384277344,355.15852910462723,349.41280597512554,353.45035635710167,3221300
2024-09-05,351.1986389160156,354.40148872057955,347.05431109447403,354.1588476863166,2789200
2024-09-06,349.4516296386719,354.6829849130285,348.8401990706244,352.2371737830319,2228800
2024-09-09,354.7606201171875,355.381795430134,349.4322320713252,352.0818830330959,2747600
2024-09-10,359.953125,360.62281663942025,351.8101071059561,354.93532488349473,2787400
2024-09-11,359.5843200683594,360.2831274753588,351.48013271431694,358.6719873531305,2937700
2024-09-12,363.40838623046875,363.95189987265115,359.65230710281537,360.9916905850764,2367700
2024-09-13,368.8046875,370.7555310551843,364.45657876228205,364.5050951254454,2514700
2024-09-16,370.76519775390625,372.69661081616886,368.3581881461163,370.7554826348346,2877800
2024-09-17,371.9590148925781,376.5206784847343,370.44493710864305,372.14342446029946,2947600
2024-09-18,372.7063903808594,381.11148041369404,369.8529290913575,372.7840224890595,3549400
2024-09-19,378.8500061035156,380.33496806568473,375.6180405220654,379.335288177679,3753500
2024-09-20,378.3841857910156,380.29619865694457,375.60838609551894,376.89922358889726,6584200
2024-09-23,380.42236328125,381.0920549976294,375.86072898015,379.3256209161861,2502300
2024-09-24,388.8662414550781,389.3029775572642,382.04317656776186,383.0816873317393,4057700
2024-09-25,385.24603271484375,388.86624776782776,383.97459600906024,388.86624776782776,2787300
2024-09-26,385.0228271484375,388.22567713711123,383.84842314922435,387.74039504068986,2849500
2024-09-27,387.76953125,391.66150334690207,386.58544168745925,387.88599422020565,2452300
2024-09-30,393.2726135253906,393.3793613668403,387.27450444424335,388.41979267546856,3442000
2024-10-01,397.0092468261719,398.4748081454265,389.5941522507589,392.12731042108896,3476200
2024-10-02,399.15423583984375,399.348330905107,393.0396637083193,395.6990297139138,3431300
2024-10-03,399.46478271484375,400.81388111035346,394.8254872290469,396.9607402222034,3320700
2024-10-04,396.3395690917969,399.69774243610755,387.69186842719137,397.99925514354504,3989000
2024-10-07,396.0484313964844,397.7469187735626,389.42917633833196,392.9717594202249,3267800
2024-10-08,401.9882507324219,403.06559233610085,396.41722201461556,397.7371750354373,3693900
2024-10-09,403.8226318359375,407.6660575654719,398.6592234641862,407.63694182582645,3627800
2024-10-10,397.8924560546875,402.2794248082013,395.6310547005634,397.6595301453916,3040800
2024-10-11,399.7753601074219,400.9788797723853,396.80543623259393,398.4748077246571,2717400
2024-10-14,403.1918029785156,404.1623672025444,399.1930534953306,399.3677775663006,2088700
2024-10-15,403.3470458984375,409.15103031469914,402.8035323312127,405.64730786815113,3693000
2024-10-16,406.287841796875,406.4140198745828,401.68737723594217,401.68737723594217,2429000
2024-10-17,403.3664855957031,406.66639793672977,402.35709053893277,406.28786368321516,2013800
2024-10-18,402.78411865234375,404.39525868126515,401.0759162854358,404.3855435616864,2436600
2024-10-21,394.437255859375,404.2981909582677,392.46701186348633,403.8226240135152,3699500
2024-10-22,390.0212097167969,391.08883620596635,384.5472136919283,386.769813889481,4486700
2024-10-23,387.8763427734375,392.3797458593065,385.0131661543323,388.76924536958865,3159000
2024-10-24,390.8268127441406,392.30208938939876,386.3719263036081,390.44830808124004,2550300
2024-10-25,387.1677551269531,391.6420417162772,386.1195292405757,391.6420417162772,1941400
2024-10-28,391.0306091308594,393.89375563489546,390.1182764497719,391.57412269160073,2586500
2024-10-29,383.4407653808594,387.36182301167884,377.5979505534208,382.34402321082126,3822700
2024-10-30,380.9658508300781,385.9836807990664,380.40293662403116,383.37286071981276,2795600
2024-10-31,382.15966796875,384.02316433456207,379.0053342013889,379.0053342013889,2518600
2024-11-01,381.0337829589844,386.9736309249153,380.47086877432037,383.17872147573325,3277800
2024-11-04,383.92608642578125,388.6915601862447,379.55854754030656,380.41264877254906,2690500
2024-11-05,388.3130187988281,388.4489120011288,382.2663933010793,383.343734941725,2496500
2024-11-06,376.93798828125,382.441099957869,370.48374270888786,382.441099957869,7133400
2024-11-07,387.68218994140625,387.9927776128767,379.29650052732853,379.4906252268152,4323100
2024-11-08,393.9520263671875,394.4373084961491,390.4579891148097,392.10796020098746,3448700
2024-11-11,396.2716979980469,399.4842633938739,393.8840885444353,395.76698561633816,4071500
2024-11-12,391.2149963378906,403.7740991868718,390.3512096203814,402.05621125254345,5647100
2024-11-13,398.11572265625,400.59064946314453,394.74786377286426,397.0869269968197,3083100
2024-11-14,393.77728271484375,399.38714224003024,392.486445445549,395.99016776168247,3348100
2024-11-15,396.1648864746094,396.8734090007333,391.0403087037246,391.0403087037246,3239500
2024-11-18,398.35833740234375,400.39652796601985,392.05938577934216,393.5637483086478,3394300
2024-11-19,394.8254699707031,397.1160166831725,387.60447058855374,396.35897785855684,3239400
2024-11-20,388.2256774902344,394.7284694359032,388.1480453872145,394.04906265258785,4732200
2024-11-21,398.3680419921875,399.28037460496375,388.59445451188657,389.51647262444783,3722200
2024-11-22,407.6369323730469,407.7728255677525,398.85333889223904,399.95976659237584,4932500
2024-11-25,416.0517578125,417.58523617608995,411.9656613110283,412.4897742587757,4544200
2024-11-26,416.876708984375,426.43677192193223,412.1986122253685,415.9838065404433,2758600
2024-11-27,416.7986755371094,419.63789383632906,415.5985843667455,418.17438109087004,2293500
2024-11-29,418.6914978027344,420.51600563856573,417.1401778282803,418.1353558000309,2028700
2024-12-02,416.5742492675781,419.93057412982984,412.8666956471859,418.5646348894349,2617100
2024-12-03,418.9061584472656,420.20379337879956,413.02283810682536,419.27691979205946,2714000
2024-12-04,417.51092529296875,418.3987634815165,415.1497783175296,416.03764628132006,1968800
2024-12-05,416.1645202636719,419.3061956901664,415.52057103989097,416.223058395357,2523500
2024-12-06,420.87701416015625,425.1504763804116,416.62308450042383,418.27197800139436,3161400
2024-12-09,418.7402648925781,425.74560551024916,417.6182443952189,421.83316830162704,3426000
2024-12-10,412.3105773925781,416.91576550745657,411.1592878076695,416.515735104176,3354900
2024-12-11,411.1300354003906,417.5890006938117,411.01295913619794,414.88639101121345,4211200
2024-12-12,404.3393249511719,412.46668617493077,403.1294674695722,411.1787877793136,3673600
2024-12-13,406.8370666503906,407.9688534861192,404.1051581511421,405.65647818819184,2649500
2024-12-16,400.71954345703125,408.30055863560955,400.7000406725863,407.6858785102931,2879600
2024-12-17,398.53399658203125,400.4170423189385,396.3484939557861,400.02677824642905,3726500
2024-12-18,384.24041748046875,400.71955625702424,383.81111800701876,397.0998095731677,4225500
2024-12-19,375.6544189453125,385.52827603849465,375.52760619261625,385.1379821755356,4576100
2024-12-20,383.0500793457031,383.7232975979201,373.73236356695355,374.0445867687557,8046400
2024-12-23,382.90374755859375,383.67450953527907,377.61557482641257,381.5865800718199,2433800
2024-12-24,386.50396728515625,386.50396728515625,381.00114516025155,382.5915004149721,1392600
2024-12-26,385.5283203125,386.152736969508,382.0939244855995,382.97202622761574,1319500
2024-12-27,383.3037414550781,385.85026918811633,381.84999494776616,382.6012839014057,1942700
2024-12-30,379.9571533203125,381.69385383597705,376.29837163490333,381.0304019030808,2444700
2024-12-31,379.52789306640625,381.9378120429847,377.8789995679449,380.52310084372886,2179700
2025-01-02,379.0107727050781,383.11838665776577,376.98138142846904,382.5915137226366,2415700
2025-01-03,379.7132568359375,381.4987590773872,376.42523626563417,380.3377032390273,2231600
2025-01-06,379.8986511230469,384.40626582172536,378.59124991684644,381.00116887255587,3274500
2025-01-07,374.8836975097656,382.36710971334384,373.7811797559197,381.39143450112545,2274300
2025-01-08,377.7814025878906,378.2594738486363,370.85410357031066,373.6835553450291,2848500
2025-01-10,380.406005859375,383.3525341500931,375.2641786635917,379.44983347485385,5323400
2025-01-13,379.7132568359375,386.2307598481599,378.26927663546815,380.50355134436825,3512900
2025-01-14,383.2257385253906,384.61121053580547,380.152367322472,381.089007262117,3405200
2025-01-15,396.2119140625,398.07545715308396,391.9872538070555,396.758289758926,4584800
2025-01-16,399.3730773925781,400.1341027830188,394.0947012798591,396.3875139550614,2305900
2025-01-17,399.4219055175781,404.3685857713126,398.59257566873765,403.4319161707373,3229000
2025-01-21,408.25177001953125,409.99823697841555,402.9538607876793,402.9538607876793,3568100
2025-01-22,400.1244201660156,407.393182807749,399.37313117827506,407.393182807749,3581400
2025-01-23,404.31005859375,404.60274924233016,398.8072361984904,401.5586473961202,3840300
2025-01-24,404.4173583984375,404.91496226374863,400.76834278680445,404.0173280052796,2369800
2025-01-27,414.53509521484375,415.8229935557901,403.92951112400823,404.807612801838,3699200
2025-01-28,408.64202880859375,412.9447599914451,406.56386565451044,412.9447599914451,2818300
2025-01-29,403.3636779785156,411.1202784089885,401.7733225450598,409.9982578181303,2384900
2025-01-30,404.4173583984375,407.1687695268447,401.5098356696338,406.28090154816397,3081300
2025-01-31,401.95867919921875,406.2516441197284,400.33905479586514,403.119735068037,2761000
2025-02-03,398.8169860839844,401.88059058907993,391.2555036289783,396.2411893813883,2896200
2025-02-04,401.4805603027344,402.5440426494496,396.2119204168479,399.54874255054693,2150800
2025-02-05,403.7539367675781,405.0515717414704,398.2121085256659,405.0515717414704,2212100
2025-02-06,404.0856628417969,407.62736874342943,402.9538759851288,404.8174192751839,2023700
2025-02-07,397.4607849121094,404.21247011611763,396.61195228748863,403.1489877654239,2530200
2025-02-10,403.9197692871094,404.8564389237021,398.8462760774982,400.6512811649128,2617600
2025-02-11,406.23211669921875,406.43702993177504,402.7001771982261,403.92953749258606,1441800
2025-02-12,397.2364196777344,399.68534421004915,392.3385110626159,398.64136458827545,3387000
2025-02-13,402.397705078125,402.93434428925286,397.57786733401383,398.7681922379288,3067900
2025-02-14,399.5389709472656,407.8322096604567,398.6218339310816,404.90518423227167,3004400
2025-02-18,393.4995422363281,398.924293686542,390.4847095968391,398.3779179847394,3994000
2025-02-19,385.8112487792969,388.9431877035527,383.38182698639775,387.55771577682725,3780000
2025-02-20,385.04046630859375,385.15754256584506,381.58656784346374,383.4403447255104,2703500
2025-02-21,375.9276428222656,388.1431153880227,374.56170349668815,386.75764350228,5287000
2025-02-24,373.11773681640625,377.14725052949336,369.00038612987174,376.6984482580451,5722000
2025-02-25,383.72332763671875,391.25554176218736,374.8446769014138,375.63497147236194,6823900
2025-02-26,380.9816589355469,389.1675582970628,379.10834946951536,385.62585259308895,3871500
2025-02-27,380.7767639160156,385.8502870570629,378.88395157475725,380.4255351229138,2825100
2025-02-28,386.9527893066406,387.2162108908935,380.78651491201407,384.82582452202223,4263500
2025-03-03,380.21087646484375,387.41136430705075,377.0692010852567,387.29428804542863,3397600
2025-03-04,372.39569091796875,378.52292978104117,369.68331514236246,376.7569601092567,4384800
2025-03-05,376.9521179199219,377.70337710173465,368.81499035852113,369.78089927445814,2780300
2025-03-06,372.44451904296875,378.32783953270973,371.4688438056966,374.1714534938521,4222000
2025-03-07,367.6343994140625,371.3907548478746,359.9265713737268,370.2687343352408,4573900
2025-03-10,365.5367126464844,373.800682892759,363.54632687461776,368.25885482820325,3710500
2025-03-11,359.2045593261719,365.8098692352051,356.8336759070405,365.1171482301805,4013300
2025-03-12,355.8580322265625,362.95118032731193,352.9505093639922,362.9219112618437,3368000
2025-03-13,340.9532775878906,355.4358142168939,338.99937206513164,355.34744979248865,7062400
2025-03-14,344.9396667480469,345.0182328819362,339.15648614581806,344.2916309823624,5510700
2025-03-17,347.7085266113281,349.1027608154224,344.5959953852311,345.38150687588944,3681300
2025-03-18,343.2312316894531,347.47290404043326,341.28712437087034,347.1194163624178,3008200
2025-03-19,347.0114440917969,348.00310937404373,342.6617505620553,345.6171797845533,2990200
2025-03-20,349.0733337402344,355.2100022913593,345.8135581786703,348.25839734089385,3391200
2025-03-21,344.7825622558594,346.981964527791,340.0008751595685,345.7055195558967,8205400
2025-03-24,357.1737060546875,357.8217417946463,347.8557989023547,348.18963004763054,4023200
2025-03-25,354.4441223144531,357.0558918617402,352.03856639019915,354.9743388299384,2799500
2025-03-26,355.5634460449219,358.1163058395777,353.58988409420516,353.85500731994216,3140900
2025-03-27,356.1525573730469,358.5875678751523,354.60119103941815,355.3375911440123,3036600
2025-03-28,351.6556091308594,356.61405474130555,349.71153192948793,356.5747716770177,2980200
2025-03-31,359.8443603515625,362.05356069090396,346.25532719327276,347.0899199809745,4498800
2025-04-01,358.8919982910156,360.6299219769366,355.3573012274642,357.5370470642283,2801600
2025-04-02,364.16461181640625,365.5588459689572,355.69109607319575,355.9856441436788,3189500
2025-04-03,349.4562683105469,353.5113835913811,345.3324151520914,349.32862081330785,5407100
2025-04-04,347.482666015625,358.81341765221714,342.7108075926724,344.3505084229339,7531100
2025-04-07,335.3173828125,347.79690302688823,327.4526191625114,338.0567699563068,6950500
2025-04-08,329.1610412597656,347.5808734050277,323.76077345262536,344.0265201153273,4868000
2025-04-09,348.9457092285156,349.58391675223385,320.39300158468683,322.641485286846,6793000
2025-04-10,347.207763671875,348.84749455687063,333.50091032386257,346.45173695624675,5574800
2025-04-11,347.44342041015625,348.0423748239144,337.95861215450765,343.95780476481013,3576400
2025-04-14,350.7228698730469,352.5098448644067,347.1881430280386,351.31196604371496,2841800
2025-04-15,347.6888732910156,354.8859744420646,346.91322001487566,350.09445917972255,2883100
2025-04-16,339.71612548828125,347.38450372338895,338.0764245146039,345.46005295341655,2637200
2025-04-17,348.62164306640625,351.01740058924213,342.05295141069126,342.22968025314674,3232400
2025-04-21,340.609619140625,347.9343377713918,335.6020919941942,347.86562986168326,4015200
2025-04-22,348.0030822753906,349.76063243707216,344.0658163356619,344.7923882616776,2802400
2025-04-23,349.95697021484375,358.22427170602805,348.4154321819069,355.3572374940881,3283300
2025-04-24,353.1186218261719,353.8648202850645,348.17980261609574,350.0355454164066,2749500
2025-04-25,351.095947265625,352.49021142542733,348.3074489102197,351.21379646165565,2811300
2025-04-28,350.44793701171875,353.57026647214155,348.0816342553509,351.49851179158753,2413000
2025-04-29,352.4902038574219,354.04154031689234,348.29764313904263,349.4366122959571,2836900
2025-04-30,353.9532165527344,354.7190715953663,345.99028976102295,350.03557690744816,3741500
2025-05-01,351.8028869628906,356.29985400012487,351.23341736346475,353.77644895692305,3210100
2025-05-02,357.91009521484375,359.58910911119807,354.61103696469905,355.5143376913917,2283300
2025-05-05,355.17071533203125,357.65483732617236,353.2069815828541,355.56345608902683,2563500
2025-05-06,352.8633117675781,355.7008913699918,350.65411136496823,352.1759929899758,2299700
2025-05-07,356.1722106933594,357.18353238111575,353.2364383109227,353.9433836630378,2657200
2025-05-08,358.2439270019531,362.6132465005477,355.6910971455413,357.4093641450023,3035800
2025-05-09,356.1329345703125,358.9410894830256,354.9448840124184,355.563464953102,1970700
2025-05-12,369.76123046875,371.8526116366835,366.70763897265044,368.2000657855232,3831400
2025-05-13,366.8254699707031,374.0912788425212,366.18726249570136,374.0912788425212,2726800
2025-05-14,366.0497741699219,368.9757481398068,364.10566703989394,365.15627174994836,2587400
2025-05-15,371.7642822265625,372.4515711022337,364.78319274045947,365.3526923424565,2830500
2025-05-16,373.875244140625,374.2581865808016,371.2929296261946,373.3352293787421,3129100
2025-05-19,372.50067138671875,374.248393279865,367.3753249416629,367.4047797502586,4428200
2025-05-20,370.212890625,382.68261183533315,367.26729002075115,379.3638970269409,6287400
2025-05-21,364.1155090332031,371.4696823526265,361.916136817495,371.12605291707143,3966000
2025-05-22,359.4909362792969,362.5347296908231,357.95922629799725,361.32702260532915,2957300
2025-05-23,356.1329345703125,358.10649662597945,354.60122460490527,355.8089316778686,3115000
2025-05-27,363.6834716796875,363.8307457129032,358.53849902469943,359.2552726052798,3998500
2025-05-28,361.38592529296875,364.4198903886804,360.7673443577286,362.13215371823617,2986100
2025-05-29,361.61175537109375,363.63439871177616,357.45844775341357,363.2907393168799,3034800
2025-05-30,361.61175537109375,362.9372816290086,358.4992242310774,360.3942200852956,4110400
2025-06-02,361.2877197265625,361.36628585494645,355.27869936572716,358.52867625999727,2506900
2025-06-03,366.3149108886719,366.7665912628153,360.34517297834736,361.28775686646145,3359500
2025-06-04,365.647216796875,368.56336260254676,364.9206449008204,366.31487907780075,2428800
2025-06-05,364.83709716796875,367.0896647019129,363.08840334241125,366.52651528082356,2324100
2025-06-06,362.9105529785156,368.16655404147855,361.566929931065,367.04028532822304,2349700
2025-06-09,360.8061828613281,362.93030954543656,359.97626261737463,362.9006716903248,2619700
2025-06-10,363.4836120605469,364.1158964269155,358.18808350893295,361.5373122797926,3014900
2025-06-11,356.12322998046875,364.69882219375813,354.98707187531915,364.69882219375813,3793500
2025-06-12,358.7907409667969,360.67776492942227,354.19669223128966,356.4690083347492,2921900
2025-06-13,350.39300537109375,358.4251962444812,348.5553677922958,355.6687549514912,3364400
2025-06-16,349.30621337890625,352.81349022602114,347.6661817084386,351.5983080135655,3688600
2025-06-17,344.583740234375,350.02745770788886,343.23022786773834,347.7057251098122,4230100
2025-06-18,342.85479736328125,346.6782316380341,341.63958493508903,345.86809001923933,4453900
2025-06-20,345.41363525390625,346.9845019742925,342.6473347683985,343.3092569575956,8056500
2025-06-23,352.6653137207031,352.7740059605437,344.3268551257527,345.75942186189314,3862400
2025-06-24,356.0837097167969,357.35816769448024,351.4995202500619,352.3788269087124,4089600
2025-06-25,357.50634765625,359.2254337366644,354.02870860520835,354.79932300318285,4159600
2025-06-26,359.12664794921875,360.8358447757259,356.261544545869,358.8500178995936,3187900
2025-06-27,364.3035888671875,365.6966284290094,358.63265786478576,359.2353043328008,5503700
2025-06-30,362.2288818359375,366.4870247935796,360.33196854428525,364.83710369274377,4600700
2025-07-01,368.67041015625,375.1218446740368,358.5832579949915,359.9565188337888,5152600
2025-07-02,367.3761901855469,369.4706791369535,364.9260168015994,369.1545218970092,3011400
2025-07-03,367.2082214355469,368.69017457536467,363.8985200598711,367.3366621983973,2573600
2025-07-07,363.2168273925781,368.3048601682295,360.34183485711407,366.53638775285907,3433100
2025-07-08,363.0785217285156,365.9436251215966,360.7172619041233,361.61631709978644,2531700
2025-07-09,366.575927734375,366.60556559039696,360.4011231430193,363.0883993071938,3384200
2025-07-10,368.8087158203125,373.3929052117859,364.0763672994443,364.56046233028735,3701700
2025-07-11,365.6175842285156,367.3267507841094,362.6931751667519,365.9040734433627,3068900
2025-07-14,365.6571044921875,366.82293054713045,362.0411653510772,366.0226782609356,2481100
2025-07-15,354.32513427734375,366.28942161431377,354.2065526985516,365.52869651527874,3868700
2025-07-16,353.1000061035156,356.60731306638246,348.2194383307105,355.5304006548213,4259800
2025-07-17,354.7203063964844,355.98490518317504,350.39299847237334,352.25038453572813,3128900
2025-07-18,355.07598876953125,356.26156341667456,352.6752317670026,355.64902757080296,3361600
2025-07-21,359.66015625,361.379212246263,355.5106753930179,356.3800927268933,3503900
2025-07-22,366.5462951660156,367.7219803892028,359.34399454464494,360.09486044191766,3095400
2025-07-23,371.822021484375,373.33361236988253,367.0797536952291,367.227973118649,3238000
2025-07-24,368.60125732421875,373.3336360788957,367.7812565278901,370.9625171089478,3088000
2025-07-25,370.8241882324219,371.4663618919614,368.5617313453293,370.152376716301,2221000
2025-07-28,372.69146728515625,376.495122902013,368.49260004280603,369.2434358003331,4062800
2025-07-29,372.80010986328125,375.16136955522893,370.26102303941786,372.46420411952533,2931600
2025-07-30,367.6034240722656,373.9758350005059,365.18291856146357,373.1360554761805,3110700
2025-07-31,363.08837890625,368.3246008453454,362.42642662506825,364.72841053161477,3091600
2025-08-01,369.1644287109375,370.2906974747434,361.34959181535,363.3946944856472,3008200
2025-08-04,376.23828125,377.3052742753332,369.1940589643531,370.33021704097666,2844300
2025-08-05,380.7730407714844,382.28463175779484,376.37656775977956,377.2657336075363,2931400
2025-08-06,382.14630126953125,384.25067953566634,379.89373372065717,381.4349625619703,2812800
2025-08-07,381.5238952636719,386.74036891833003,378.7476754119407,383.9444005462752,2433000
2025-08-08,383.1837158203125,384.6063933441104,381.553573284832,382.42296052678324,2326700
2025-08-11,382.8675537109375,386.8095396350664,378.68843476890123,385.2880893681066,2605800
2025-08-12,391.2356262207031,391.6110591709407,384.31984494912507,386.7107425977669,2911300
2025-08-13,402.2810974121094,402.9134118670543,393.95252831296506,394.68361551988403,5187500
2025-08-14,395.5036315917969,398.7540268602448,394.5551599449977,396.3730488594903,3600200
2025-08-15,394.574951171875,397.9439281161953,390.6724626780532,397.37088937588305,3841400
2025-08-18,389.9512634277344,393.349878215507,387.787609532309,391.7987600986199,4407100
2025-08-19,402.3009033203125,409.37473332385775,396.19523328422,396.19523328422,7629300
2025-08-20,396.90655517578125,406.2231233837917,396.8374202777351,404.75102944698165,4195300
2025-08-21,392.9151916503906,399.564202172185,391.4036006392258,395.09859418864784,2942600
2025-08-22,407.8236083984375,409.5130264344958,393.5178107583507,396.0470082200748,5284700
2025-08-25,403.98040771484375,406.1243131253798,402.64664389910297,405.42283361869926,3579500
2025-08-26,402.6368103027344,404.11876349209234,399.8408417345801,403.09126750535466,3180900
2025-08-27,403.3283386230469,406.73684275046537,402.30087286759203,403.87173950662464,2487800
2025-08-28,402.5478820800781,404.0298352155055,399.93963008952744,402.10328407928444,4051600
2025-08-29,401.87603759765625,403.98041585929735,400.5225252341742,402.82450930598776,2210300
2025-09-02,401.42156982421875,403.67413730885386,397.90440357891856,398.82320725611163,3328600
2025-09-03,402.8047180175781,404.09895462755145,398.71454319876506,400.0680555198507,3025100
2025-09-04,409.0444030761719,410.5645697881965,404.58326638510255,405.88484564670364,3873100
2025-09-05,416.25775146484375,417.6984152675188,411.35940963564434,413.9129015531928,5855600
2025-09-08,417.2413635253906,417.87723495902867,413.07828708193847,415.81061489787436,3742600
2025-09-09,412.6709289550781,416.0292131732159,410.09757651088427,415.4330628426441,3516000
2025-09-10,410.5744934082031,414.7474849834157,409.094047895689,412.84975547411267,2897800
2025-09-11,420.69903564453125,422.4874563725541,411.58795047247037,413.0286446244367,5316400
2025-09-12,419.97369384765625,420.7884316056945,416.1881802585219,417.56923201383887,5004200
2025-09-15,419.9935607910156,420.5797656780858,415.0654433705107,419.755112788537,4884700
2025-09-16,418.7416687011719,421.80186250706066,417.3903926351879,421.0268761955946,3726700
2025-09-17,414.3202819824219,424.00762670503246,413.1379267136372,421.71247361185436,4771700
2025-09-18,414.79718017578125,418.6820571778877,413.18756523032397,414.8667072939866,3677200
2025-09-19,413.0186767578125,415.8900891434083,412.43247188077345,414.68787338953035,6718400
2025-09-22,409.3523864746094,412.2138837363517,408.48798216042985,411.44881254035835,2656300
2025-09-23,408.2694091796875,411.07129454115443,404.8415674798646,409.3524009708646,2597000
2025-09-24,407.13671875,408.0110685317755,402.4073281544792,404.1758882779922,3220700
2025-09-25,404.8316650390625,408.2197250819657,403.00346252759095,404.03678779027774,2554300
2025-09-26,407.4546813964844,408.7662061069955,403.23199269059296,405.53709121425504,2316600
2025-09-29,404.185791015625,408.30914635207023,401.2547666340804,407.4149057162609,3008400
2025-09-30,402.5861511230469,404.38451718900563,400.88714849661176,404.0168997520863,3211600
2025-10-01,394.4686584472656,402.5265577178632,392.7696557423471,401.79132281006133,3787800
2025-10-02,392.4715881347656,394.8263531394958,391.25942691156064,392.95842958359316,2964700
2025-10-03,392.5212707519531,394.7667572871556,390.1068936474372,391.5972543768618,2951300
2025-10-06,386.82806396484375,391.96485371620685,383.24127719616735,391.96485371620685,3653700
2025-10-07,384.32427978515625,387.24538918768377,383.0326459716157,386.9473291757794,2505700
2025-10-08,381.3236999511719,383.97652503634606,380.51890759306593,383.97652503634606,2517600
2025-10-09,375.26287841796875,381.88999846267313,375.03434553587147,380.4393892531184,3321400
2025-10-10,373.3353576660156,377.8163852346832,372.37158986117817,377.8163852346832,2992400
2025-10-13,376.93206787109375,379.8531771154951,374.76608437792834,376.63400787532396,2925900
2025-10-14,385.2284240722656,386.3909187268887,375.5808312366676,376.435290126239,4399900
2025-10-15,385.8046875,391.83568763511084,384.2447997062585,386.7287341617606,3690100
2025-10-16,384.90057373046875,387.49378682646505,381.50253795069915,387.15597536883337,2783700
2025-10-17,389.3815612792969,390.5837770722304,384.71178267065835,386.0034164658962,2657700
2025-10-20,386.39093017578125,390.65333995227684,385.5960529417918,388.89472523954925,2761100
2025-10-21,388.38800048828125,391.1004679348062,383.3803799414147,385.0694675653694,2306900
2025-10-22,386.47039794921875,390.52416566719836,385.67555104654537,388.7357449754503,2857000
2025-10-23,382.55572509765625,386.2220149038005,378.8496838488679,384.64223617520065,2767300
2025-10-24,384.1950988769531,387.1957110741086,383.1916099858369,387.1957110741086,2426800
2025-10-27,382.7941589355469,386.7883449330311,380.4393939306533,385.2085662629312,3065800
2025-10-28,383.2710876464844,387.50372167436706,380.36983885221326,381.949647853594,2372800
2025-10-29,375.61065673828125,382.52592206005755,372.7889107180246,380.5387744129923,3852300
2025-10-30,377.1109313964844,382.22786082861256,373.69303502866126,375.28275920556194,2384300
2025-10-31,377.1506652832031,378.4919959425709,372.60011073913523,374.5375614058084,2643500
2025-11-03,375.91864013671875,376.0478095776322,371.278637311679,374.58725492989464,2897600
2025-11-04,380.61822509765625,381.2143754217996,374.32891649768,374.92506682182335,2590000
2025-11-05,371.4376220703125,380.9560759599501,368.14889525064024,380.3301196207224,4763000
2025-11-06,366.6982727050781,370.2651988437431,365.1880211930995,369.4306005288698,3622100
2025-11-07,368.72515869140625,371.24884463565974,365.20792926773584,366.61878708496874,2766400
2025-11-10,368.0495300292969,368.2780629156545,361.11440441330603,367.4136585738363,3257900
2025-11-11,371.8350524902344,373.58375209653417,368.52646504848417,369.5995114205078,2407300
2025-11-12,368.74505615234375,371.15943325441526,366.63868450832416,369.6690725264995,3375800
2025-11-13,365.7047119140625,371.11967087300513,364.2640177909547,369.2716381791639,3034800
2025-11-14,360.0313720703125,364.9694348559836,357.48782567784053,363.5585771009146,3413300
2025-11-17,355.7292175292969,361.44226673681413,353.8116274202732,358.8093022967731,5127200
2025-11-18,334.3177185058594,346.5585245078793,333.85073761347337,337.7952267576588,10168500
2025-11-19,332.3504333496094,339.553843339997,329.24054252991095,338.7788569952691,7595000
2025-11-20,330.2440490722656,336.7221390299959,329.9956556338662,334.19845320584744,4025300
2025-11-21,341.11376953125,344.6906413304692,330.86008048064383,332.4199986477496,7441300
2025-11-24,334.41705322265625,341.5012392036945,334.3872472217858,340.0009633979292,6132900
2025-11-25,348.81396484375,350.7315550203923,336.6724916695622,336.8215216768073,6316600
2025-11-26,353.1856689453125,355.0337016016947,346.7572454458222,348.00915809786505,4517300
2025-11-28,354.6263732910156,355.5304987642225,351.2283375607229,352.64914081458045,2119600
2025-12-01,355.0337219238281,359.9618699325315,350.61233659075054,351.77480098721685,5107100
2025-12-02,351.7549133300781,355.20261545377474,349.04244607815843,354.5369077001513,3965300
2025-12-03,355.6099853515625,358.1535317319285,351.4767149031015,352.2218952173837,4166700
2025-12-04,351.1700134277344,357.510009765625,350.0,356.2900085449219,4022800
2025-12-05,354.6099853515625,355.6199951171875,349.5299987792969,350.6499938964844,5959200
2025-12-08,349.9100036621094,352.0899963378906,345.70001220703125,351.95001220703125,7273000
2025-12-09,345.2699890136719,356.6700134277344,344.9599914550781,347.760009765625,5063100
2025-12-10,351.1300048828125,352.0199890136719,344.0,344.1000061035156,6316100
2025-12-11,357.4599914550781,362.7200012207031,353.94000244140625,356.0,6609800
2025-12-12,359.6499938964844,360.760009765625,356.04998779296875,359.260009765625,3861200
2025-12-15,356.989990234375,362.6700134277344,355.6199951171875,359.3900146484375,4387400
2025-12-16,352.67999267578125,358.739990234375,351.80999755859375,356.8999938964844,3497200
2025-12-17,356.75,357.5,350.9800109863281,351.9700012207031,3875200
2025-12-18,354.989990234375,366.29998779296875,354.55999755859375,363.5400085449219,4805200
2025-12-19,345.0,354.1099853515625,344.9200134277344,354.1099853515625,12825600
2025-12-22,346.3900146484375,347.8999938964844,343.70001220703125,345.30999755859375,3523700
2025-12-23,344.9700012207031,347.5,341.94000244140625,344.0,3873400
2025-12-24,347.3399963378906,348.260009765625,343.8999938964844,344.3399963378906,1368600
2025-12-26,349.7799987792969,350.04998779296875,346.57000732421875,346.989990234375,1786900
2025-12-29,347.45001220703125,350.32000732421875,344.75,350.0,3790000
2025-12-30,346.3500061035156,346.9800109863281,343.7200012207031,346.0299987792969,2392600
2025-12-31,344.1000061035156,346.7099914550781,343.9700012207031,345.5,2317500
2026-01-02,345.82000732421875,348.489990234375,340.9200134277344,343.42999267578125,3763000
2026-01-05,344.0899963378906,347.3500061035156,341.25,342.70001220703125,4725300
2026-01-06,349.2900085449219,350.67999267578125,337.7099914550781,341.5,4680300
2026-01-07,349.05999755859375,358.5,349.0299987792969,353.3399963378906,4442700
2026-01-08,359.55999755859375,363.239990234375,344.1000061035156,345.30999755859375,5196500
2026-01-09,374.6400146484375,375.489990234375,361.30999755859375,363.5,7093500
2026-01-12,374.94000244140625,376.4200134277344,369.25,374.6400146484375,5859800
2026-01-13,379.739990234375,380.17999267578125,370.82000732421875,375.8699951171875,4785800
2026-01-14,375.95001220703125,380.0899963378906,373.9700012207031,376.69000244140625,4959900
2026-01-15,379.1600036621094,380.17999267578125,374.4599914550781,376.0199890136719,2990100
2026-01-16,380.1700134277344,382.7699890136719,377.510009765625,379.25,3709000
2026-01-20,375.1099853515625,377.3399963378906,371.29998779296875,372.239990234375,5353700
2026-01-21,384.6400146484375,385.9200134277344,374.67999267578125,375.79998779296875,5169800
2026-01-22,381.0299987792969,390.6000061035156,380.5299987792969,386.45001220703125,4828100
2026-01-23,383.7699890136719,384.3699951171875,379.2099914550781,381.5,3138300
2026-01-26,386.5299987792969,387.4200134277344,381.95001220703125,385.0,3984800
2026-01-27,380.3599853515625,386.5,378.2699890136719,384.95001220703125,3465200
