Date,Close,High,Low,Open,Volume
1990-01-02,2.0583486557006836,2.0583486557006836,2.0253622990388136,2.0385568417035618,12128000
1990-01-03,2.028661012649536,2.055050096373982,2.0220637417184246,2.055050096373982,12976000
1990-01-04,2.0187642574310303,2.0319587950612985,1.992375182170494,2.028660361986398,7841600
1990-01-05,2.0022706985473633,2.0385554650390763,1.9989718637761815,2.0187636644076288,8305600
1990-01-08,2.0451529026031494,2.0451529026031494,1.9956735982276328,2.002270865655385,10064000
1990-01-09,2.028661012649536,2.0517512595756955,2.0187649049201375,2.045153988644584,7419200
1990-01-10,2.0154659748077393,2.0319589467440844,1.9956741668849072,2.0286605134229605,8865600
1990-01-11,2.0154659748077393,2.035257782730571,2.0088687055001286,2.0154659748077393,6083200
1990-01-12,1.9428967237472534,1.9923760603367688,1.9395978865530135,1.9923760603367688,11931200
1990-01-15,1.9099109172821045,1.9461957209155125,1.9099109172821047,1.942897285433215,7740800
1990-01-16,1.9264031648635864,1.9264031648635864,1.8802222670757607,1.9099101884149565,15332800
1990-01-17,1.9132084846496582,1.9297018625741877,1.903312780027296,1.9264030259231042,9076800
1990-01-18,1.9033124446868896,1.916506983635619,1.8868190696682914,1.91320814756575,13576000
1990-01-19,1.916507601737976,1.9231048733400595,1.9066114930020994,1.9066114930020994,10728000
1990-01-22,1.8604298830032349,1.9231041406782172,1.8604298830032349,1.9165068715895532,9236800
1990-01-23,1.8736249208450317,1.8868194625411236,1.837340132513508,1.86043037914894,10224000
1990-01-24,1.8637287616729736,1.8703260309131162,1.8109506077518325,1.8703260309131162,15361600
1990-01-25,1.8142497539520264,1.8703267658614837,1.7977567757034028,1.863729494028931,11276800
1990-01-26,1.7812632322311401,1.8241456965620375,1.7482768760787117,1.8142495883835688,10267200
1990-01-29,1.8010549545288086,1.8076522254245186,1.7614713291545492,1.7812631418416789,6878400
1990-01-30,1.748276948928833,1.794457849466576,1.7218878629072658,1.794457849466576,17204800
1990-01-31,1.817548394203186,1.817548394203186,1.7614713883717241,1.7614713883717241,12382400
1990-02-01,1.8142497539520264,1.8340415694496848,1.8109513193685085,1.8175485912010612,8548800
1990-02-02,1.83074152469635,1.857130588816909,1.810949726605931,1.8142481582884193,9054400
1990-02-05,1.8241453170776367,1.837339856793694,1.8142492109578952,1.8307425869356653,5838400
1990-02-06,1.8142497539520264,1.827444297617132,1.8076524821194735,1.824145863033614,6806400
1990-02-07,1.8340407609939575,1.847235298842835,1.7911587143177758,1.8142489542206415,10907200
1990-02-08,1.83074152469635,1.8538317544692575,1.8175469926360708,1.8340399563788385,8243200
1990-02-09,1.820845603942871,1.843936238658806,1.820845603942871,1.830741705296901,6374400
1990-02-12,1.8076519966125488,1.8241453730968278,1.7944574564912894,1.8208465367338085,7777600
1990-02-13,1.7680689096450806,1.81095137930879,1.7647704749523885,1.8076525419505673,10747200
1990-02-14,1.7713671922683716,1.7878601658978266,1.7680683559432382,1.7680683559432382,6832000
1990-02-15,1.8340407609939575,1.8340407609939575,1.7647696386200211,1.7713669075444598,12192000
1990-02-16,1.8076519966125488,1.8472356169763273,1.8076519966125488,1.834041076855068,18003200
1990-02-20,1.8076519966125488,1.8142492666731787,1.7845617527330493,1.8076519966125488,12427200
1990-02-21,1.8076519966125488,1.8208465367338085,1.7845617527330493,1.8076519966125488,9185600
1990-02-22,1.7878599166870117,1.837339636009179,1.7878599166870117,1.807651723882809,8985600
1990-02-23,1.794456958770752,1.8142487634630764,1.7812624223092024,1.7878596905399773,7696000
1990-02-26,1.8274435997009277,1.8307424356901092,1.7977560891251105,1.7977560891251105,11713600
1990-02-27,1.8439375162124634,1.8472359505056255,1.8274441367502081,1.8274441367502081,8505600
1990-02-28,1.8604298830032349,1.8703259879689056,1.840638075737243,1.8439369116142497,11028800
1990-03-01,1.8670271635055542,1.886818970892539,1.857131461144738,1.8604298943765594,8774400
1990-03-02,1.853832483291626,1.8769231248076341,1.8505340503123797,1.8670270205392532,7872000
1990-03-05,1.853832483291626,1.8571313189361933,1.8373395130647525,1.853832483291626,7692800
1990-03-06,1.88681960105896,1.88681960105896,1.8571320813960204,1.8571320813960204,8390400
1990-03-07,1.8835211992263794,1.8967157421188041,1.8802223621705265,1.8868196336167389,8684800
1990-03-08,1.9099109172821045,1.9132093527644023,1.8835218227612163,1.8835218227612163,8859200
1990-03-09,1.9105738401412964,1.913891011065453,1.8973059662514264,1.913891011065453,7550400
1990-03-12,1.9138908386230469,1.9205247749702612,1.9039397316505544,1.9105736679977687,5737600
1990-03-13,1.9072558879852295,1.930474450401033,1.900621955165982,1.9138898208044772,7083200
1990-03-14,1.9205244779586792,1.927158413279947,1.9072566073161434,1.9072566073161434,7619200
1990-03-15,1.9172067642211914,1.9371085645418267,1.903938897340768,1.9205239333928794,11937600
1990-03-16,1.9437427520751953,1.9437427520751953,1.897305211923228,1.9172070148454998,19692800
1990-03-19,2.000131607055664,2.000131607055664,1.9304750870307594,1.9437429570447164,9969600
1990-03-20,1.9769127368927002,1.9968145429688013,1.9669620363062903,1.9968145429688013,9228800
1990-03-21,1.9636446237564087,1.9901803619152791,1.9603278589381656,1.976912492835844,6934400
1990-03-22,1.9238415956497192,1.9669623855900962,1.9172076591129958,1.963645214870058,11059200
1990-03-23,1.966961145401001,1.966961145401001,1.9371082473566275,1.9371082473566275,6980800
1990-03-26,1.9735969305038452,1.9934987462489087,1.9702797587612624,1.9702797587612624,6377600
1990-03-27,2.000131607055664,2.0034483721075236,1.9669619320207712,1.9735958670277498,4960000
1990-03-28,2.0133979320526123,2.0167146945592944,1.993496142303672,2.0001300722199855,8868800
1990-03-29,2.003448724746704,2.0133998314603567,1.9901808523973883,2.0133998314603567,4139200
1990-03-30,1.9835463762283325,2.0001314146015843,1.976912441859676,2.0001314146015843,6723200
1990-04-02,2.016716480255127,2.016716480255127,1.9702789297229364,1.9835468013035622,8150400
1990-04-03,2.049886465072632,2.0598375726945712,2.0167167811717803,2.0167167811717803,7921600
1990-04-04,2.0532033443450928,2.0664712160213026,2.0432522381362803,2.0498861739743854,9377600
1990-04-05,2.0565192699432373,2.073104305216933,2.0532025058303853,2.0532025058303853,10656000
1990-04-06,2.066470146179199,2.069786909929459,2.0532022813719593,2.0565190451222186,4737600
1990-04-09,2.1029574871063232,2.1029574871063232,2.063153875362986,2.0664710454599025,7606400
1990-04-10,2.126176118850708,2.132810053067242,2.0930064477680386,2.102957146641234,8307200
1990-04-11,2.122859001159668,2.1527119083150863,2.122859001159668,2.1261761708005906,10440000
1990-04-12,2.1361265182495117,2.1427604515360006,2.122858651676533,2.122858651676533,6596800
1990-04-16,2.132809638977051,2.156028201775373,2.122858537132675,2.136126402989754,7896000
1990-04-17,2.129492998123169,2.1394441024351742,2.1228590635495763,2.1328101678615816,8779200
1990-04-18,2.1029574871063232,2.1328103983654647,2.096323551815767,2.129493228268548,8091200
1990-04-19,2.0532033443450928,2.0930069593737217,2.0498861739743854,2.0930069593737217,10492800
1990-04-20,2.033299684524536,2.0565182363544867,2.0167146575863355,2.053201473908612,20001600
1990-04-23,2.0399365425109863,2.0432533097178576,2.0134007852419233,2.0333026031937207,9352000
1990-04-24,2.0432515144348145,2.056519381411664,2.039934750142186,2.039934750142186,6596800
1990-04-25,2.0432515144348145,2.053202617119035,2.03661758094639,2.0432515144348145,6534400
1990-04-26,2.0432515144348145,2.053202617119035,2.029983647457965,2.0432515144348145,4376000
1990-04-27,1.9968153238296509,2.0432528895001076,1.9934985573049093,2.0432528895001076,7225600
1990-04-30,2.0233497619628906,2.0366176292544504,1.993497263008469,1.9968140273797708,5819200
1990-05-01,2.036618709564209,2.06978839538773,2.0233508352348,2.0233508352348,11180800
1990-05-02,2.0532033443450928,2.063154045650595,2.0399354726688834,2.0399354726688834,10331200
1990-05-03,2.0697877407073975,2.079738845758584,2.0532031054931044,2.0532031054931044,10083200
1990-05-04,2.076421022415161,2.0863721243351723,2.066470325398286,2.069787089436199,8049600
1990-05-07,2.089689016342163,2.09300618548635,2.0764211495717366,2.0764211495717366,9718400
1990-05-08,2.112907648086548,2.112907648086548,2.083054750170769,2.0896886824961536,10569600
1990-05-09,2.119542360305786,2.1294930600037136,2.099640556006686,2.1129084255394193,10776000
1990-05-10,2.122859001159668,2.1261761708005906,2.10959113240242,2.1195422364219665,10272000
1990-05-11,2.2091012001037598,2.215735137641609,2.1261771833323526,2.1261771833323526,26448000
1990-05-14,2.229001522064209,2.2820729868752614,2.2024657896586826,2.2820729868752614,12905600
1990-05-15,2.2223687171936035,2.2422705266013074,2.2024669077858996,2.229002653662838,9708000
1990-05-16,2.235635280609131,2.2555370783593607,2.2024656176920816,2.222367415442311,6830400
1990-05-17,2.262171983718872,2.2754398545911236,2.2422701774104947,2.2422701774104947,7936000
1990-05-18,2.255537748336792,2.2621716828907235,2.2356359446749967,2.2621716828907235,13655200
1990-05-21,2.3086087703704834,2.3417784366114387,2.248903371136764,2.255537304384955,11081600
1990-05-22,2.3086087703704834,2.3484123698596298,2.2953409038741013,2.3086087703704834,9773600
1990-05-23,2.381582498550415,2.381582498550415,2.308609218650542,2.308609218650542,8370400
1990-05-24,2.408118486404419,2.428020292077183,2.3815827455074006,2.3815827455074006,10206400
1990-05-25,2.328510284423828,2.3948496087663873,2.321876351989572,2.3948496087663873,6554400
1990-05-29,2.4147515296936035,2.4280193952413707,2.3218764708592343,2.3285104036331177,6836000
1990-05-30,2.388216257095337,2.4346537954277463,2.374948389000363,2.414751993285285,8861600
1990-05-31,2.3948495388031006,2.414751335524456,2.374947742081745,2.3882156065626488,10946400
1990-06-01,2.401484251022339,2.421386054207607,2.381582447837071,2.3948503166272497,9704800
1990-06-04,2.4678232669830322,2.4744572004964276,2.388216064822289,2.40148393184908,10760800
1990-06-05,2.4412879943847656,2.4877255377562153,2.421386190082716,2.4678237334541655,8819200
1990-06-06,2.408118486404419,2.4479220977499465,2.3948506159559098,2.441288162525692,10065600
1990-06-07,2.3749489784240723,2.421386528281526,2.3550471713423065,2.408118656893682,5696800
1990-06-08,2.34841251373291,2.388216115660587,2.335144646423685,2.374948248351361,10308000
1990-06-11,2.3724024295806885,2.3857305331176586,2.3457462225067482,2.3590743260437184,7884000
1990-06-12,2.4190523624420166,2.43238047463178,2.3524118014932007,2.3724039697778454,9067200
1990-06-13,2.4123878479003906,2.4523721768711155,2.4057237930719366,2.4190519027288446,8102400
1990-06-14,2.3923957347869873,2.4057238447300904,2.3724035698723327,2.4057238447300904,4916800
1990-06-15,2.3990588188171387,2.4057228710916307,2.352410452895694,2.3923947665426466,17791200
1990-06-18,2.3524110317230225,2.3923953552083996,2.3390829238945634,2.3923953552083996,6411200
1990-06-19,2.3457465171813965,2.3790667802095413,2.3190903067588806,2.3524105697870255,7148800
1990-06-20,2.3524110317230225,2.372403193465711,2.3124267082376453,2.3457469778087927,5858400
1990-06-21,2.3657386302948,2.3724026827745033,2.319090262936874,2.3524105253353924,4329600
1990-06-22,2.312426805496216,2.3990595100248924,2.2990986971071887,2.3657392390523246,8965600
1990-06-25,2.2857701778411865,2.3324185488175373,2.2591139658547004,2.3124263898276727,7290400
1990-06-26,2.3057615756988525,2.33908182968294,2.2924334741052173,2.2924334741052173,5352000
1990-06-27,2.3657386302948,2.379066735254207,2.2990981054977633,2.3057621579774668,6396800
1990-06-28,2.3990588188171387,2.3990588188171387,2.3724026097191704,2.3724026097191704,5472800
1990-06-29,2.3657386302948,2.419051050132429,2.3590745778150963,2.399058892693318,5683200
1990-07-02,2.3790671825408936,2.3790671825408936,2.352410967610463,2.365739075075678,3917600
1990-07-03,2.3923957347869873,2.3923957347869873,2.365739514900781,2.3790676248438842,3346400
1990-07-05,2.3590750694274902,2.379067231032808,2.325754800085294,2.379067231032808,6097600
1990-07-06,2.3857321739196777,2.4123883993266015,2.339083779457561,2.359075948512754,6231200
1990-07-09,2.3657386302948,2.4123869976527255,2.3590745778150963,2.3857307877339107,5697600
1990-07-10,2.3457465171813965,2.3724027276039124,2.3390824645757675,2.3657386749982834,3634400
1990-07-11,2.3724024295806885,2.3790664813491738,2.3457462225067482,2.3457462225067482,5312800
1990-07-12,2.3990588188171387,2.439043132464091,2.345746400621202,2.3724026097191704,7514400
1990-07-13,2.3923957347869873,2.432380064616296,2.3724035698723327,2.399059789758539,8222400
1990-07-16,2.4190523624420166,2.43238047463178,2.399060194157372,2.399060194157372,7784000
1990-07-17,2.519012451171875,2.5256765052755044,2.439043801928323,2.439043801928323,12912000
1990-07-18,2.5256757736206055,2.578988191005737,2.4990195649280396,2.519011721447464,13242400
1990-07-19,2.5456693172454834,2.5456693172454834,2.465700647593793,2.5256771498325605,7619200
1990-07-20,2.5256757736206055,2.5723241388325953,2.4990195649280396,2.54566793014003,11068800
1990-07-23,2.4590351581573486,2.5123475735103535,2.399058690885218,2.5123475735103535,9453600
1990-07-24,2.4523720741271973,2.4856923468734906,2.4057236922823866,2.459036128676456,6985600
1990-07-25,2.43904447555542,2.465700699331982,2.4323804196112797,2.452372587443701,5044000
1990-07-26,2.4523720741271973,2.459036128676456,2.4057236922823866,2.43904396502868,6570400
1990-07-27,2.432379961013794,2.45903617976463,2.4257159063260847,2.452372125076921,6946400
1990-07-30,2.43904447555542,2.4457085314995606,2.399060139890577,2.4323804196112797,6835200
1990-07-31,2.4190523624420166,2.4390445307266613,2.399060194157372,2.4390445307266613,5208000
1990-08-01,2.4190523624420166,2.43238047463178,2.39239613806249,2.4190523624420166,5400000
1990-08-02,2.3524110317230225,2.38573130129417,2.3457469778087927,2.38573130129417,7282400
1990-08-03,2.3257553577423096,2.3590756350738613,2.2124664148150335,2.352411579607551,15926400
1990-08-06,2.2124669551849365,2.2657794119363808,2.1724826126213532,2.2657794119363808,10755200
1990-08-07,2.259114980697632,2.299099316639183,2.2257947007463397,2.2257947007463397,10503200
1990-08-08,2.3457465171813965,2.3657386749982834,2.265777885913849,2.265777885913849,8628000
1990-08-09,2.3857321739196777,2.392396230271409,2.3257556667540995,2.3457478358092922,6508000
1990-08-10,2.33241868019104,2.3857311071668352,2.3190905734470912,2.3857311071668352,5182400
1990-08-13,2.3724024295806885,2.3724024295806885,2.305761911895838,2.332418118969778,6158400
1990-08-14,2.3724024295806885,2.392394584886144,2.3457462225067482,2.3724024295806885,6545600
1990-08-15,2.3790671825408936,2.399059343738716,2.372403128808286,2.372403128808286,7336800
1990-08-16,2.2990996837615967,2.379068368414174,2.2990996837615967,2.379068368414174,4498400
1990-08-17,2.239122152328491,2.279106476477214,2.21912999025413,2.279106476477214,16098400
1990-08-20,2.2524495124816895,2.2791057197299933,2.2457854606696133,2.2457854606696133,4609600
1990-08-21,2.2058017253875732,2.259114153795732,2.1458252434283946,2.252450100244712,11303200
1990-08-22,2.1058411598205566,2.2324581915819195,2.0925130512140977,2.2058019743690007,11397600
1990-08-23,2.005880832672119,2.0991776155871014,1.985888664904623,2.0991776155871014,11197600
1990-08-24,2.0791845321655273,2.0991766911286573,2.005879949300717,2.005879949300717,10428000
1990-08-27,2.219130516052246,2.232458627259767,2.192474293637204,2.192474293637204,10866400
1990-08-28,2.225794792175293,2.2591150734952823,2.212466679647297,2.2191307359112953,7428800
1990-08-29,2.2791061401367188,2.312426405343396,2.2257937158060352,2.2257937158060352,7240000
1990-08-30,2.1991379261016846,2.2924346866029683,2.1924738717801646,2.2791065779599275,4625600
1990-08-31,2.2524495124816895,2.2524495124816895,2.1724808907367774,2.1991370979850813,4710400
1990-09-04,2.2791061401367188,2.2791061401367188,2.1991375036406935,2.252449927971377,3635200
1990-09-05,2.2657785415649414,2.2791066506329707,2.2391223234288833,2.2791066506329707,4678400
1990-09-06,2.1924755573272705,2.2524520923301443,2.1924755573272705,2.2524520923301443,4591200
1990-09-07,2.2457854747772217,2.272441682192975,2.179144956237838,2.192473059945715,6634400
1990-09-10,2.263195037841797,2.3033700976851423,2.2564991945345727,2.2564991945345727,6900000
1990-09-11,2.2498037815093994,2.269891315272876,2.2297162477459227,2.2631954706850506,4194400
1990-09-12,2.256500244140625,2.276587783405972,2.2297168584534957,2.2498043977188424,3696000
1990-09-13,2.2096288204193115,2.263195579702204,2.1962371305985884,2.2564997347918423,2884000
1990-09-14,2.1828460693359375,2.189541916174391,2.1560626819821223,2.189541916174391,5895200
1990-09-17,2.1694531440734863,2.2029323592598056,2.1560614579989585,2.182844830148014,5327200
1990-09-18,2.2096288204193115,2.2163246653296733,2.129278681494973,2.169453750957142,9506400
1990-09-19,2.129276752471924,2.2230184962914423,2.129276752471924,2.2096268186029397,6417600
1990-09-20,2.075711727142334,2.1225826371100642,2.035536661455708,2.1225826371100642,8954400
1990-09-21,2.095799446105957,2.109191135857433,2.02214515247284,2.0757119114787432,13014400
1990-09-24,2.055624008178711,2.089103226552957,2.0154489461296157,2.089103226552957,6928800
1990-09-25,2.095799446105957,2.102495290981695,2.028840997348578,2.05562437685153,6331200
1990-09-26,2.075711727142334,2.11588679282896,2.0422325057368127,2.0957992599856468,5137600
1990-09-27,2.082406759262085,2.122581809280003,2.0020566592262488,2.0757109175924318,7120000
1990-09-28,2.1158878803253174,2.1158878803253174,2.008754316764542,2.082408641712575,8072000
1990-10-01,2.229717254638672,2.2364131022501996,2.1359753880772865,2.1359753880772865,12339200
1990-10-02,2.2096288204193115,2.2832831144332886,2.2096288204193115,2.2297163551503965,8141600
1990-10-03,2.2029337882995605,2.263196414727208,2.196237940918711,2.20962963568041,6508000
1990-10-04,2.2364115715026855,2.2431074145311367,2.1560614551612716,2.2029323563604297,5352800
1990-10-05,2.263195037841797,2.3033700976851423,2.176149074847882,2.2364116646128998,7832800
1990-10-08,2.2899792194366455,2.3033709107783804,2.276587528094911,2.276587528094911,4568000
1990-10-09,2.1962368488311768,2.283282821498266,2.1962368488311768,2.283282821498266,6068000
1990-10-10,2.1560616493225098,2.2431076165311827,2.1359741184282006,2.196236711111128,6849600
1990-10-11,2.162757635116577,2.196236855474419,2.1292784147587356,2.156061791045009,7114400
1990-10-12,2.229717254638672,2.2498047974732547,2.1761504737464517,2.1761504737464517,8716800
1990-10-15,2.263195037841797,2.28328256776347,2.156061544926209,2.2297158213056756,7488000
1990-10-16,2.2364115715026855,2.303370001787197,2.2297157284742344,2.26319494361649,6931200
1990-10-17,2.229717254638672,2.276588187919365,2.182846321357979,2.2364131022501996,7258400
1990-10-18,2.323458194732666,2.330154039674259,2.256499745316739,2.256499745316739,14043200
1990-10-19,2.450679302215576,2.450679302215576,2.363633316071307,2.363633316071307,18340800
1990-10-22,2.417198896408081,2.443982263681301,2.390415529134861,2.443982263681301,13159200
1990-10-23,2.417198896408081,2.443982263681301,2.390415529134861,2.417198896408081,7696000
1990-10-24,2.443983554840088,2.4506794001958143,2.3971126373500042,2.417200173417183,7243200
1990-10-25,2.41050386428833,2.4707664608955384,2.397112176153395,2.443983084625668,7098400
1990-10-26,2.370328664779663,2.4105037268945724,2.3569369774080267,2.4105037268945724,6645600
1990-10-29,2.3435463905334473,2.390417318344116,2.316763003213065,2.3703297778538297,6715200
1990-10-30,2.403809070587158,2.403809070587158,2.336850600654368,2.3435464476476473,7747200
1990-10-31,2.403809070587158,2.430592458560274,2.3636339886274844,2.403809070587158,6865600
1990-11-01,2.417198896408081,2.417198896408081,2.3703280036799463,2.403807212771471,5812800
1990-11-02,2.417198896408081,2.437286421862996,2.403807212771471,2.417198896408081,5260800
1990-11-05,2.4238953590393066,2.4506787331723374,2.390416141373018,2.4171995155060486,4985600
1990-11-06,2.3904166221618652,2.423895846561891,2.38372077728186,2.423895846561891,4175200
1990-11-07,2.3636326789855957,2.3837202088353315,2.35693683570235,2.3837202088353315,6584000
1990-11-08,2.350240468978882,2.3971113615226205,2.3435446271869194,2.3636321525628072,5378400
1990-11-09,2.403809070587158,2.403809070587158,2.3301547536610894,2.350242294640926,6849600
1990-11-12,2.4305922985076904,2.4305922985076904,2.383721372641151,2.4038089122982393,7772800
1990-11-13,2.41050386428833,2.4238955524232653,2.3837204880184597,2.4238955524232653,5712000
1990-11-14,2.4305922985076904,2.4573756847171415,2.410504758850602,2.410504758850602,8936800
1990-11-15,2.4238953590393066,2.4372870461058223,2.4038078284395334,2.4305912025725642,5086400
1990-11-16,2.450679302215576,2.450679302215576,2.4238959218634935,2.4238959218634935,10712000
1990-11-19,2.4975502490997314,2.5176377846152787,2.4640710232404857,2.4640710232404857,8644000
1990-11-20,2.484158992767334,2.517638224475789,2.477463146425643,2.497550685450716,5687200
1990-11-21,2.4573745727539062,2.5042454774113376,2.4305911986639455,2.484157946843867,8036000
1990-11-23,2.450679302215576,2.4908543727437005,2.4238959218634935,2.4573751473035967,2296000
1990-11-26,2.414363384246826,2.4278138766381736,2.4076381380511527,2.4278138766381736,6999200
1990-11-27,2.4816136360168457,2.4816136360168457,2.3807350329267303,2.4143612339567686,9194400
1990-11-28,2.447988748550415,2.488340211438609,2.441263504735716,2.48161496762391,4789600
1990-11-29,2.407637357711792,2.4681645538553845,2.387461625663928,2.4479888218075203,6990400
1990-11-30,2.4883413314819336,2.508517072007463,2.394187875696131,2.407638369379817,12562400
1990-12-03,2.51524019241333,2.5286906747257007,2.481613986632403,2.4883392277885887,8604800
1990-12-04,2.5219664573669434,2.5286917012532553,2.4547140185038248,2.5152412134806315,5730400
1990-12-05,2.555593490600586,2.562318736628482,2.501791522377416,2.5219672604611048,6846400
1990-12-06,2.528691530227661,2.6093944514051395,2.5219662867962045,2.5555925039534872,8452000
1990-12-07,2.5219664573669434,2.535416945139567,2.4883402379353843,2.5286917012532553,7092800
1990-12-10,2.5354180335998535,2.5488685271468023,2.5017917997324814,2.5219675400529047,4337600
1990-12-11,2.5219664573669434,2.542142189025879,2.5085159695943196,2.535416945139567,3506400
1990-12-12,2.5959434509277344,2.6026686930285834,2.5152405457175457,2.5219657878183948,8892000
1990-12-13,2.5892179012298584,2.629569349041233,2.5757674186260666,2.595943142531754,4800800
1990-12-14,2.555593490600586,2.582494474712171,2.542142998544793,2.582494474712171,5280800
1990-12-17,2.5757691860198975,2.5892196778528995,2.521967218687889,2.555593448270394,4386400
1990-12-18,2.6228456497192383,2.636296140230619,2.582494178185096,2.582494178185096,6528000
1990-12-19,2.5757691860198975,2.636296399268407,2.5623186941868954,2.622845907435405,7000800
1990-12-20,2.5892179012298584,2.6026683838336497,2.521965488210901,2.5757674186260666,8549600
1990-12-21,2.60939621925354,2.6228467152290738,2.5959457232780063,2.5959457232780063,14704800
1990-12-24,2.5488672256469727,2.609394415701914,2.5488672256469727,2.609394415701914,4334400
1990-12-26,2.5488672256469727,2.5690429556652865,2.542141982307535,2.5488672256469727,3280800
1990-12-27,2.5219664573669434,2.548867432912191,2.501790725708008,2.548867432912191,3064000
1990-12-28,2.5085175037384033,2.521967999737001,2.495067007739806,2.521967999737001,2795200
1990-12-31,2.5017919540405273,2.5152424484170894,2.4816162124756844,2.508517201228808,2903200
1991-01-02,2.434539318084717,2.4950665387000828,2.434539318084717,2.4950665387000828,6984000
1991-01-03,2.3672866821289062,2.4681653759696265,2.3605614358728584,2.4345391446893867,10714400
1991-01-04,2.4278128147125244,2.4412633012206273,2.3605603821720114,2.367285625426063,11523200
1991-01-07,2.3874619007110596,2.434538614246207,2.3874619007110596,2.427813369455472,7932000
1991-01-08,2.3672866821289062,2.4009129134091465,2.35383618961681,2.3874624208970503,9088000
1991-01-09,2.3134841918945312,2.4412638420282406,2.293308457662893,2.3672861498455666,11512800
1991-01-10,2.353837728500366,2.3672882298060824,2.3336619765417916,2.3336619765417916,5851200
1991-01-11,2.3807365894317627,2.3941870786375916,2.3538356110201044,2.3538356110201044,5981600
1991-01-14,2.3874619007110596,2.4009123902925302,2.3336599423851765,2.380736655920324,10391200
1991-01-15,2.3874619007110596,2.394187145501795,2.3672861663388534,2.3874619007110596,5276800
1991-01-16,2.414363384246826,2.4210886304425,2.3740119070727848,2.3874623994641317,5833600
1991-01-17,2.5690436363220215,2.5757688814432833,2.495065939988141,2.495065939988141,15309600
1991-01-18,2.6161203384399414,2.6161203384399414,2.548867887580303,2.5690436228381945,36192000
1991-01-21,2.582493305206299,2.595943791170915,2.569042819241683,2.595943791170915,5117600
1991-01-22,2.582493305206299,2.602669034153223,2.5555923332770667,2.582493305206299,5416000
1991-01-23,2.5892179012298584,2.6026683838336497,2.5623169360222753,2.5824926599279623,5496800
1991-01-24,2.629570960998535,2.6430214518476323,2.5959447338757915,2.5959447338757915,7860800
1991-01-25,2.5690436363220215,2.6362960875346397,2.5623183912007597,2.629570842413378,5105600
1991-01-28,2.562319040298462,2.5959452744231135,2.5555937934735313,2.569044287123392,3941600
1991-01-29,2.5488672256469727,2.5690429556652865,2.528691495628659,2.5623177123258487,4832000
1991-01-30,2.6228456497192383,2.6228456497192383,2.5354174613952636,2.5488679519066446,6149600
1991-01-31,2.6228456497192383,2.6228456497192383,2.595944668696477,2.6228456497192383,5119200
1991-02-01,2.5421433448791504,2.6161210612645225,2.528692850990901,2.6161210612645225,9326400
1991-02-04,2.5959434509277344,2.6093939351294324,2.548866756221791,2.548866756221791,6572800
1991-02-05,2.6833717823028564,2.696822267427182,2.5690426587460933,2.5959436289947435,10334400
1991-02-06,2.770801067352295,2.790976803279617,2.663197142406575,2.683372878333897,9561600
1991-02-07,2.663195848464966,2.7775249631717953,2.663195848464966,2.770799721130217,11042400
1991-02-08,2.7169995307922363,2.7237247771555833,2.6699228062488065,2.6699228062488065,5133600
1991-02-11,2.790976047515869,2.790976047515869,2.7237236126359687,2.7237236126359687,9625600
1991-02-12,2.7371747493743896,2.7842514649655956,2.7304495042899317,2.7842514649655956,10092000
1991-02-13,2.790976047515869,2.7977012910038592,2.737174099611949,2.737174099611949,5859200
1991-02-14,2.770801067352295,2.824603029825155,2.7506253314249722,2.790976803279617,7536000
1991-02-15,2.8246030807495117,2.851504062470936,2.770801117306664,2.770801117306664,16798400
1991-02-19,2.817877769470215,2.824603014743414,2.7775262978310233,2.824603014743414,8104000
1991-02-20,2.7842516899108887,2.797702181166497,2.7640759530274766,2.797702181166497,6200000
1991-02-21,2.8313286304473877,2.8380538766004695,2.7708014150696525,2.784251907375816,6026400
1991-02-22,2.8649537563323975,2.9254809483675888,2.7909760771782746,2.831327538535069,9677600
1991-02-25,2.878404140472412,2.918755600385577,2.871678897153551,2.871678897153551,6764000
1991-02-26,2.858228921890259,2.8716794109344486,2.8380531883239746,2.8716794109344486,4819200
1991-02-27,2.878404140472412,2.9053051137478554,2.8649536538346907,2.8649536538346907,4764000
1991-02-28,2.817877769470215,2.905305958021797,2.7977020336506193,2.8784049769290023,6904800
1991-03-01,2.838052988052368,2.838052988052368,2.7506248154346413,2.8178772559098157,6161600
1991-03-04,2.7842516899108887,2.8447789005611255,2.7842516899108887,2.8380536549333213,5211200
1991-03-05,2.8649537563323975,2.8851294870107944,2.770800346499877,2.7842508336188088,7505600
1991-03-06,2.817877769470215,2.871679731655804,2.804427278923818,2.8649544863826053,10966400
1991-03-07,2.8111536502838135,2.871680881988489,2.8111536502838135,2.8178788982509997,4901600
1991-03-08,2.8111536502838135,2.8515051380869303,2.8044284023166273,2.8111536502838135,6270400
1991-03-11,2.810612440109253,2.837637559725688,2.8038561602051444,2.8241249999174705,4197600
1991-03-12,2.7903428077697754,2.8173679197094343,2.7835865297848605,2.8106116417245195,6292800
1991-03-13,2.87141752243042,2.8781737989537857,2.783585927626666,2.7903422041500314,5283200
1991-03-14,2.898442506790161,2.952492716706994,2.8781736780713487,2.8781736780713487,8900800
1991-03-15,2.898442506790161,2.905198783029765,2.8579048493525363,2.898442506790161,15984800
1991-03-18,2.9187123775482178,2.9389812135034137,2.878174705637826,2.898443541593022,5065600
1991-03-19,2.8781723976135254,2.9389788567180366,2.864659851145856,2.918710037016533,6990400
1991-03-20,2.952493667602539,2.9997876165115045,2.9119559971091404,2.9119559971091404,8073600
1991-03-21,2.9187123775482178,2.9795188854138055,2.9051998202447535,2.9524937708068775,5676000
1991-03-22,2.9187123775482178,2.9254686561999494,2.871418426986094,2.9187123775482178,6255200
1991-03-25,2.87141752243042,2.932224011140711,2.864661245907054,2.9187114580939797,5024000
1991-03-26,2.9187123775482178,2.9322249348516816,2.8579058696826296,2.871418426986094,8988000
1991-03-27,2.932224988937378,2.966006382819145,2.9119561526083175,2.9187124313846713,6595200
1991-03-28,2.932224988937378,2.9727626615954983,2.9254687101610246,2.932224988937378,3955200
1991-04-01,2.9592485427856445,2.966004817997484,2.9254671667264476,2.932223441938287,6373600
1991-04-02,3.0538370609283447,3.0538370609283447,2.966005464043237,2.966005464043237,7321600
1991-04-03,3.0133001804351807,3.067350407886933,3.006543902003712,3.053837851023995,5346400
1991-04-04,2.999786138534546,3.0403237890552828,2.9795173132741772,3.0132986887081246,5715200
1991-04-05,2.925469160079956,2.9930319582342273,2.9187128802645286,2.9930319582342273,8764000
1991-04-08,2.905200481414795,2.9389818823614786,2.8781753606574476,2.925469321982805,5510400
1991-04-09,2.8579065799713135,2.9052005422876235,2.851150299640412,2.9052005422876235,6700800
1991-04-10,2.8579065799713135,2.871419140633116,2.8308814586477076,2.8579065799713135,7590400
1991-04-11,2.8511500358581543,2.8849314343872794,2.8443937561523294,2.8579063155639792,8280800
1991-04-12,2.898442506790161,2.898442506790161,2.8241234681545158,2.8511485731129325,7653600
1991-04-15,2.925469160079956,2.9524942793416646,2.8984440408182475,2.8984440408182475,5885600
1991-04-16,2.999786138534546,3.006542413621335,2.911954562406282,2.925467112579861,7089600
1991-04-17,3.0268125534057617,3.0605939435107365,2.9727623292378014,2.9997874413217818,9420800
1991-04-18,2.972763776779175,2.999788902022622,2.9660074954683133,2.999788902022622,7506400
1991-04-19,2.932224988937378,2.966006382819145,2.9187124313846713,2.966006382819145,12960800
1991-04-22,2.932224988937378,2.9389812677137312,2.905199873831964,2.932224988937378,6692000
1991-04-23,2.9187123775482178,2.9389812135034137,2.9051998202447535,2.9322249348516816,7520000
1991-04-24,2.905200481414795,2.932225602172142,2.8916879210361213,2.918713041793468,7461600
1991-04-25,2.8781723976135254,2.9051974905488636,2.8579035779120217,2.9051974905488636,7715200
1991-04-26,2.8646628856658936,2.8646628856658936,2.8308814837122864,2.8646628856658936,5967200
1991-04-29,2.77683162689209,2.8714195655210175,2.77683162689209,2.86466328419038,6931200
1991-04-30,2.8511500358581543,2.864662595269804,2.797099798211554,2.797099798211554,13637600
1991-05-01,2.932224988937378,2.932224988937378,2.8443933648447834,2.851149643621137,7298400
1991-05-02,2.938981056213379,2.9862750042443986,2.932224777923233,2.932224777923233,8173600
1991-05-03,2.9795188903808594,2.9795188903808594,2.932224939739893,2.9389812184028883,3240000
1991-05-06,2.9862749576568604,3.0065437922110925,2.9524935667331405,2.9795186794721165,4995200
1991-05-07,2.9592485427856445,2.999786194056681,2.932223441938287,2.9862736436330017,4047200
1991-05-08,2.9592485427856445,2.966004817997484,2.8849295154554113,2.9592485427856445,3489600
1991-05-09,3.0268125534057617,3.0335688314267566,2.9524934951748167,2.9592497731958116,7231200
1991-05-10,2.9592485427856445,3.026811294904038,2.952492267573805,3.026811294904038,6131200
1991-05-13,2.938981056213379,2.9660061693739617,2.9254684996330873,2.959249891083816,3727200
1991-05-14,2.911954879760742,2.9322237072300745,2.89168605229141,2.9322237072300745,4739200
1991-05-15,2.905200481414795,2.945738162550815,2.8646628002787744,2.9119567616041313,6129600
1991-05-16,2.972763776779175,2.986276339400898,2.911957244981419,2.911957244981419,6307200
1991-05-17,2.9660074710845947,2.9862763148505485,2.9322260648080047,2.9727637523399126,14728800
1991-05-20,2.9795188903808594,2.9862751690438545,2.932224939739893,2.966006333054869,6214400
1991-05-21,3.0200586318969727,3.0538400483611445,2.979520932139966,2.979520932139966,7788800
1991-05-22,3.0268125534057617,3.0335688314267566,3.0065437193427766,3.0200562753847664,5528800
1991-05-23,2.972763776779175,3.0605954338203776,2.9592512141574514,3.026814027266069,5888800
1991-05-24,3.0200586318969727,3.0470837650683102,2.986277215432801,2.986277215432801,3540800
1991-05-28,3.0538370609283447,3.0538370609283447,3.013299400827526,3.0200556775109955,4583200
1991-05-29,3.0538370609283447,3.0538370609283447,3.0200556775109955,3.0538370609283447,5548800
1991-05-30,3.1011312007904053,3.1349125864199303,3.05383726090907,3.05383726090907,9415200
1991-05-31,3.0943753719329834,3.107887928142298,3.0470814252003833,3.1011316500376407,6398400
1991-06-03,3.0538370609283447,3.0876184443456935,3.040324507561405,3.0876184443456935,3892800
1991-06-04,3.040325403213501,3.0538379605611166,3.033569124539693,3.0538379605611166,4304800
1991-06-05,2.9862749576568604,3.033568904950069,2.9795186794721165,3.033568904950069,6820000
1991-06-06,2.9660074710845947,2.9930325961058664,2.9524949085739585,2.9862763148505485,5696000
1991-06-07,2.9660074710845947,2.9997888773611847,2.959251189829277,2.9660074710845947,5256000
1991-06-10,2.9926061630249023,2.9926061630249023,2.972248297970311,2.9790342529885083,3992000
1991-06-11,3.01296329498291,3.0265352017170675,2.9858194815145955,2.992605434881674,4732800
1991-06-12,2.965463161468506,3.012964859707132,2.945105290794809,3.012964859707132,4011200
1991-06-13,3.006176471710205,3.006176471710205,2.9586748118863415,2.9654607632897507,4829600
1991-06-14,3.0468947887420654,3.0672526603817674,3.0265369171023635,3.0265369171023635,6188800
1991-06-17,3.0401082038879395,3.060466071324689,3.02653629226344,3.0468941597001895,3927200
1991-06-18,2.9926061630249023,3.0536797581886757,2.9790342529885083,3.0401078481522816,5197600
1991-06-19,2.9858224391937256,2.9858224391937256,2.9451066786592657,2.9858224391937256,5550400
1991-06-20,3.01296329498291,3.0265352017170675,2.992605434881674,2.992605434881674,5080800
1991-06-21,3.01296329498291,3.01296329498291,2.9790335281475167,3.01296329498291,12892800
1991-06-24,2.9926061630249023,3.0129640280794936,2.9926061630249023,3.0129640280794936,4656000
1991-06-25,2.965463161468506,3.0061789028158996,2.945105290794809,2.992606989033435,6441600
1991-06-26,2.9858224391937256,3.0129662795500325,2.938320718570189,2.9654645589264956,6470400
1991-06-27,2.9722485542297363,3.02653619905585,2.965462598626472,2.9858204654362646,7284800
1991-06-28,2.9586756229400635,2.972247529467311,2.911173950094695,2.972247529467311,7011200
1991-07-01,3.0401082038879395,3.0401082038879395,2.9586767341409415,2.9586767341409415,8772800
1991-07-02,3.033324718475342,3.046896641153084,3.0129668344587284,3.040110679814213,6374400
1991-07-03,3.0197510719299316,3.0197510719299316,2.9926072420698873,3.0197510719299316,4249600
1991-07-05,3.033324718475342,3.033324718475342,3.0061808731198574,3.0197527957976,2895200
1991-07-08,3.0672531127929688,3.0672531127929688,2.9926075724373877,3.0333233217222504,5604800
1991-07-09,3.026536703109741,3.074038400243751,3.0129647896428815,3.067252443510321,4683200
1991-07-10,3.006176471710205,3.0740359857442954,2.985818617499978,3.0265343259204323,7272000
1991-07-11,3.033324718475342,3.033324718475342,2.9858229891032444,3.0061808731198574,5744000
1991-07-12,3.1351120471954346,3.1486839608196573,3.0536805654500987,3.0536805654500987,7077600
1991-07-15,3.1283254623413086,3.148683328690601,3.1079675959920157,3.1351114177910726,4330400
1991-07-16,3.1351120471954346,3.155469917631769,3.121540133571212,3.1283260903833234,5164800
1991-07-17,3.1622557640075684,3.196185546883186,3.141897894282198,3.141897894282198,5624800
1991-07-18,3.2504732608795166,3.2504732608795166,3.1826136938465415,3.1826136938465415,7239200
1991-07-19,3.2301151752471924,3.25725900024927,3.2097573064956344,3.2504730439987504,9734400
1991-07-22,3.196186065673828,3.243687769409957,3.1758281926440586,3.2301158540567774,3737600
1991-07-23,3.169041156768799,3.2165428443434916,3.1622552014009853,3.1961849782400518,4256000
1991-07-24,3.1622557640075684,3.196185546883186,3.1622557640075684,3.169041720582692,4487200
1991-07-25,3.1622557640075684,3.1758276771578156,3.141897894282198,3.1622557640075684,4695200
1991-07-26,3.1418981552124023,3.1622560266284654,3.128326240935027,3.1622560266284654,3217600
1991-07-29,3.1758267879486084,3.1758267879486084,3.135111059897985,3.141897014573089,3764000
1991-07-30,3.223330020904541,3.2301159788432874,3.1758283153333164,3.1758283153333164,5444800
1991-07-31,3.264045476913452,3.2708314342459124,3.216543775586229,3.2233297329186894,5164800
1991-08-01,3.3047611713409424,3.311547128571622,3.250473513495506,3.264045427956865,5954400
1991-08-02,3.3590502738952637,3.3658362340445467,3.31154855285028,3.31154855285028,9049600
1991-08-05,3.372619867324829,3.386191778259738,3.318332223585194,3.3590479563899205,7994400
1991-08-06,3.447265625,3.4744094488188977,3.3726201094980315,3.3726201094980315,9585600
1991-08-07,3.4404799938201904,3.474409776796721,3.433694037224884,3.4472659504154963,6037600
1991-08-08,3.4201221466064453,3.460837886446998,3.399764276686169,3.4404800165267218,7388000
1991-08-09,3.4133358001708984,3.454051535361804,3.3997638884405967,3.4201217560360493,4715200
1991-08-12,3.4336941242218018,3.4336941242218018,3.3997643403856177,3.4133362539200913,2996000
1991-08-13,3.447265625,3.494767316683071,3.4336937130905514,3.4336937130905514,5688800
1991-08-14,3.4608371257781982,3.508338811818291,3.4540511706296138,3.4540511706296138,6452000
1991-08-15,3.467623710632324,3.508339448917635,3.454051797870554,3.460837754251439,6915200
1991-08-16,3.4065499305725098,3.467623534905483,3.392978018498516,3.467623534905483,11050400
1991-08-19,3.3590502738952637,3.386194114492397,3.29119067240243,3.386194114492397,12988000
1991-08-20,3.4336941242218018,3.4404800809890386,3.386192426851144,3.386192426851144,6068000
1991-08-21,3.5354838371276855,3.535483837127685,3.481196177440504,3.481196177440504,11986400
1991-08-22,3.5219130516052246,3.549056890153242,3.5151270919682203,3.5354849708792333,6764000
1991-08-23,3.5286970138549805,3.562626792834355,3.5083391464673555,3.5219110580591053,6757600
1991-08-26,3.5219130516052246,3.5354849708792333,3.508341132331216,3.528699011242229,2820000
1991-08-27,3.5083401203155518,3.5286979933541334,3.4879822472769706,3.5219120356746063,5784000
1991-08-28,3.6033432483673096,3.610129205520544,3.494767933915564,3.508339848222032,5426400
1991-08-29,3.5829856395721436,3.5965575548735536,3.5626277666200292,3.5965575548735536,4911200
1991-08-30,3.569413900375366,3.5761998583608707,3.555841984404357,3.5761998583608707,3175200
1991-09-03,3.5286970138549805,3.6101284834054796,3.5286970138549805,3.56941274863023,3880000
1991-09-04,3.4879817962646484,3.5422694506812187,3.4676239258584345,3.528697537077076,5228000
1991-09-05,3.4879817962646484,3.5151256234729336,3.4744098826605057,3.4879817962646484,5053600
1991-09-06,3.5354838371276855,3.5490557520494805,3.4744102199796063,3.4879821349014017,6240000
1991-09-09,3.5145039558410645,3.5417481725530107,3.507692901663078,3.5417481725530107,4108000
1991-09-10,3.4668304920196533,3.5145079251122615,3.4600194301492806,3.5145079251122615,7043200
1991-09-11,3.494072914123535,3.500883972435667,3.466828680875009,3.466828680875009,5141600
1991-09-12,3.5281264781951904,3.5281264781951904,3.4940712033091366,3.4940712033091366,3620800
1991-09-13,3.5145039558410645,3.521315010019051,3.460015522417172,3.521315010019051,4693600
1991-09-16,3.562183380126953,3.562183380126953,3.507694915421378,3.514505973509575,5277600
1991-09-17,3.5485610961914062,3.5826163850224177,3.5485610961914062,3.5621832117238106,4330400
1991-09-18,3.5689940452575684,3.5689940452575684,3.534938758566179,3.5485608732427347,1933600
1991-09-19,3.541748046875,3.5758033165564904,3.541748046875,3.5689922626201924,4171200
1991-09-20,3.5281264781951904,3.5553706981040336,3.5213154232179797,3.5417485881496122,9328800
1991-09-23,3.494072914123535,3.5349392639963253,3.494072914123535,3.5281282056841934,4756000
1991-09-24,3.507694959640503,3.5281281341626807,3.4940728432923844,3.4940728432923844,5363200
1991-09-25,3.507694959640503,3.5281281341626807,3.5008839014664437,3.507694959640503,4158400
1991-09-26,3.5008840560913086,3.528128289990852,3.494072997616423,3.5076951145661948,2556000
1991-09-27,3.5008840560913086,3.5349393484657377,3.494072997616423,3.5008840560913086,4689600
1991-09-30,3.5145039558410645,3.5417481725530107,3.4940707933071047,3.5008818474850916,4232800
1991-10-01,3.541748046875,3.5621812086838944,3.534936992938702,3.534936992938702,3372000
1991-10-02,3.5349416732788086,3.589430176913164,3.528130610324514,3.541752736233103,5482400
1991-10-03,3.487262010574341,3.528128362260759,3.487262010574341,3.528128362260759,4056000
1991-10-04,3.48045015335083,3.5281275527118003,3.473639096299263,3.4872612104023974,3705600
1991-10-07,3.4668304920196533,3.4804526157603983,3.453208368278908,3.4804526157603983,3461600
1991-10-08,3.5008840560913086,3.521317231515966,3.460017705241994,3.4668287637168795,4704800
1991-10-09,3.48045015335083,3.5281275527118003,3.48045015335083,3.5008833245055317,5059200
1991-10-10,3.473639488220215,3.4940726616803337,3.4600173725801353,3.480450546040254,5519200
1991-10-11,3.4327712059020996,3.473637529781887,3.419149097942171,3.473637529781887,5650400
1991-10-14,3.487262010574341,3.494073069188744,3.4327735416591167,3.4327735416591167,4215200
1991-10-15,3.446394205093384,3.48044948379984,3.446394205093384,3.48044948379984,4396800
1991-10-16,3.4259629249572754,3.439585043943189,3.398718686985448,3.439585043943189,5815200
1991-10-17,3.4259629249572754,3.439585043943189,3.398718686985448,3.4259629249572754,6658400
1991-10-18,3.4532060623168945,3.4668281769611426,3.4259618330283983,3.4259618330283983,8678400
1991-10-21,3.4395854473114014,3.453207567894813,3.4123412061445784,3.453207567894813,4240800
1991-10-22,3.4191503524780273,3.4532056348732265,3.4055282395199473,3.439583521915147,5229600
1991-10-23,3.4327712059020996,3.466826475801922,3.405526989982242,3.419149097942171,6470400
1991-10-24,3.4191503524780273,3.439583521915147,3.4055282395199473,3.432772465436107,4211200
1991-10-25,3.4532060623168945,3.4600171196390184,3.419150775706274,3.419150775706274,4188000
1991-10-28,3.5349416732788086,3.5349416732788086,3.4532089178272756,3.4532089178272756,5356800
1991-10-29,3.5758049488067627,3.5758049488067627,3.4872612072172617,3.534938606534685,7612000
1991-10-30,3.643916368484497,3.6575384857498596,3.568994723525003,3.5758057821576843,6825600
1991-10-31,3.630293846130371,3.637104904003036,3.589427498894382,3.637104904003036,4979200
1991-11-01,3.6030499935150146,3.6847826965815176,3.589427876337264,3.6302942278705155,5687200
1991-11-04,3.5894272327423096,3.603049347477574,3.568994060639412,3.603049347477574,3093600
1991-11-05,3.562183380126953,3.6302939610089213,3.5553723220387563,3.5894276124797404,3200800
1991-11-06,3.5758049488067627,3.582616005852109,3.534938606534685,3.56218283471607,3370400
1991-11-07,3.5758049488067627,3.582616005852109,3.555371777670724,3.5758049488067627,4030400
1991-11-08,3.5758049488067627,3.603049176988147,3.5758049488067627,3.5758049488067627,2972000
1991-11-11,3.6166725158691406,3.62348357522106,3.5826172191095442,3.5826172191095442,2246400
1991-11-12,3.6507253646850586,3.6575364194699187,3.6371032551153384,3.6371032551153384,4654400
1991-11-13,3.6984052658081055,3.6984052658081055,3.616672552751573,3.650727849858461,4314400
1991-11-14,3.725648880004883,3.725648880004883,3.6847825303156156,3.698404646878705,4463200
1991-11-15,3.5281264781951904,3.786946567329201,3.5281264781951904,3.725647072534304,10913600
1991-11-18,3.6575376987457275,3.6575376987457275,3.5281276125703664,3.5281276125703664,10196800
1991-11-19,3.6166725158691406,3.6439167532768177,3.5621840410537864,3.6439167532768177,7606400
1991-11-20,3.623483180999756,3.6371052982215595,3.5485615362798364,3.616672122388854,7040000
1991-11-21,3.7460825443267822,3.7460825443267822,3.643916656754234,3.643916656754234,7332000
1991-11-22,3.7865452766418457,3.8070500344575957,3.7045262453788452,3.759205599554179,8075200
1991-11-25,3.745534658432007,3.766039410211744,3.6976902376126195,3.766039410211744,6917600
1991-11-26,3.8548924922943115,3.8685623238272697,3.718194176964726,3.745533840030643,10404800
1991-11-27,3.8207194805145264,3.8685639105030805,3.8070496433749397,3.8548940733634938,5062400
1991-11-29,3.793377161026001,3.8207168162406027,3.793377161026001,3.8207168162406027,2163200
1991-12-02,3.9300765991210938,3.936911514945652,3.731864040208899,3.7933782826299254,7852800
1991-12-03,3.909571409225464,3.950580899532025,3.895901579123277,3.930076154378744,4532800
1991-12-04,3.9164066314697266,3.923241547056934,3.8822320535336905,3.909571715882519,5521600
1991-12-05,3.9574177265167236,3.9847573999296197,3.882233624631259,3.9164082163973792,6180000
1991-12-06,3.909571409225464,3.971085644685305,3.9027364941743703,3.9574158145831184,7234400
1991-12-09,3.9574177265167236,3.991592318282844,3.9369129714570517,3.9369129714570517,5047200
1991-12-10,3.9164066314697266,3.9847557873417987,3.909571715882519,3.9574161249929696,4741600
1991-12-11,3.943746328353882,3.9505812440009422,3.889067003177398,3.91640666576564,7676000
1991-12-12,3.9232428073883057,3.9984269030002766,3.9164078896053995,3.943747560737025,4531200
1991-12-13,3.9369115829467773,3.9847559945450888,3.9369115829467773,3.9369115829467773,4179200
1991-12-16,4.012096881866455,4.025766717920514,3.9232429475150683,3.9369127835691278,4871200
1991-12-17,4.087279319763184,4.087279319763184,4.032599997759663,4.032599997759663,5586400
1991-12-18,4.094116687774658,4.100951607119858,4.018932574977461,4.087281768429459,6470400
1991-12-19,4.100951194763184,4.107786113421122,4.0667766014734905,4.094116276105245,6190400
1991-12-20,4.148792743682861,4.169297485414408,4.094113432398738,4.100948346309253,18774400
1991-12-23,4.305999755859375,4.319669596354167,4.141961669921875,4.148796590169271,9701600
1991-12-24,4.3606767654418945,4.394851348243163,4.305997432959864,4.305997432959864,6116800
1991-12-26,4.408522605895996,4.429027362202489,4.374348012051842,4.374348012051842,4068000
1991-12-27,4.3880181312561035,4.442697484916616,4.38118321204854,4.408522888878796,5634400
1991-12-30,4.4426960945129395,4.470035762786865,4.360677089691162,4.388016757965088,11324800
1991-12-31,4.3880181312561035,4.44953240412418,4.3470086160107195,4.442697484916616,8571200
1992-01-02,4.3880181312561035,4.3880181312561035,4.278659423935079,4.3880181312561035,7871200
1992-01-03,4.552055835723877,4.558890754396135,4.388017787589683,4.388017787589683,10770400
1992-01-06,4.53838586807251,4.552055705024535,4.4973763572164325,4.552055705024535,11944000
1992-01-07,4.49737548828125,4.517880239747578,4.47003581965948,4.517880239747578,7460000
1992-01-08,4.4153571128845215,4.476871376067123,4.408522194753122,4.476871376067123,9102400
1992-01-09,4.374348163604736,4.429027515649795,4.367513244599104,4.415357677638531,9599200
1992-01-10,4.33333683013916,4.374346326954357,4.2718225849163645,4.374346326954357,7660800
1992-01-13,4.312833786010742,4.32650362368431,4.29232902950039,4.32650362368431,5785600
1992-01-14,4.3606767654418945,4.388016431682909,4.292327599839357,4.312832349520118,7460800
1992-01-15,4.210307598114014,4.3880153863460984,4.20347268318201,4.360675726618085,10460000
1992-01-16,4.046271324157715,4.182969679703584,4.032601488603128,4.182969679703584,17836800
1992-01-17,4.053107261657715,4.100951698135968,4.032602503167035,4.0462723421608215,18062400
1992-01-20,3.9710869789123535,4.0120964829975065,3.957417144217302,4.0120964829975065,11082400
1992-01-21,4.012096881866455,4.039436553974574,3.9642524556772467,3.9710873737042767,10336800
1992-01-22,4.094116687774658,4.094116687774658,4.018932574977461,4.018932574977461,9313600
1992-01-23,4.073610305786133,4.121454722129259,4.066775389165686,4.094115055647473,9172000
1992-01-24,4.094116687774658,4.107786526465057,4.066777010393859,4.073611929739059,8289600
1992-01-27,4.039437770843506,4.114621891789832,4.032602850757476,4.094117131531743,5784000
1992-01-28,4.012096881866455,4.066776226082693,3.9642524556772467,4.039436553974574,7054400
1992-01-29,3.909571409225464,4.053104625298427,3.8890666640721836,4.012095134991866,9663200
1992-01-30,4.217144966125488,4.23081480394113,3.977922804351757,3.977922804351757,20052800
1992-01-31,4.237648010253906,4.312832087855186,4.223978177962764,4.223978177962764,14565600
1992-02-03,4.312833786010742,4.319668704847526,4.258154435316469,4.258154435316469,8401600
1992-02-04,4.319668769836426,4.347008445594884,4.285494175138353,4.312833850896811,9514400
1992-02-05,4.271823406219482,4.340172580718995,4.25815357131958,4.31966782836914,8784800
1992-02-06,4.299162864685059,4.305997781799025,4.2718231962291915,4.2718231962291915,6037600
1992-02-07,4.271823406219482,4.3333376632690435,4.25815357131958,4.299163076019287,7205600
1992-02-10,4.305999755859375,4.312834676106771,4.278660074869792,4.278660074869792,4960000
1992-02-11,4.251318454742432,4.299162874651109,4.23764862048281,4.299162874651109,5952000
1992-02-12,4.292331695556641,4.306001541720834,4.251322157064061,4.251322157064061,7458400
1992-02-13,4.237648010253906,4.285492423272902,4.210308345671623,4.285492423272902,7588000
1992-02-14,4.210307598114014,4.2854916623660495,4.210307598114014,4.237647257842027,5382400
1992-02-18,4.148792743682861,4.2103069688775,4.121453088040799,4.2103069688775,8317600
1992-02-19,4.210307598114014,4.217142513046017,4.121453703997971,4.148793363725984,7134400
1992-02-20,4.326502799987793,4.3401726350588445,4.176134614206227,4.210309201883856,8597600
1992-02-21,4.326502799987793,4.333337717523319,4.2923282123101645,4.326502799987793,10445600
1992-02-24,4.3470048904418945,4.3470048904418945,4.305995410343386,4.32650015039264,6914400
1992-02-25,4.353841304779053,4.353841304779053,4.312831810542516,4.3470063890729636,6710400
1992-02-26,4.483705997467041,4.483705997467041,4.367512396922925,4.367512396922925,12094400
1992-02-27,4.463200092315674,4.511044503718751,4.435860428656772,4.48370484005985,7948800
1992-02-28,4.470036029815674,4.5247153696299325,4.456366194862109,4.463201112338892,6268800
1992-03-02,4.449531555175781,4.497375980500252,4.429026801465294,4.470036308886269,7392800
1992-03-03,4.456365585327148,4.497375084578626,4.43586083570141,4.449530668785235,7059200
1992-03-04,4.401684761047363,4.456364074849194,4.381180018371677,4.456364074849194,6328000
1992-03-05,4.394850254058838,4.394850254058838,4.347005850048866,4.394850254058838,6616800
1992-03-06,4.312833786010742,4.422192487399287,4.305998867173958,4.394852812052151,7290400
1992-03-09,4.396789073944092,4.403648339270058,4.280181563402673,4.328196420684433,5384800
1992-03-10,4.458522796630859,4.4996783916766825,4.383070872380183,4.396789404062124,6896800
1992-03-11,4.4379448890686035,4.5065375457775465,4.417367092055921,4.458522686081286,8258400
1992-03-12,4.451661109924316,4.45852037203514,4.383068488816083,4.43794258570267,7833600
1992-03-13,4.465383529663086,4.4996798701366885,4.444805725378925,4.451664993473645,5007200
1992-03-16,4.485960006713867,4.485960006713867,4.431085878191373,4.465382208517932,4744800
1992-03-17,4.520257472991943,4.527116740781006,4.4928204018356945,4.4928204018356945,5261600
1992-03-18,4.465383529663086,4.520257674420851,4.458524261568366,4.520257674420851,5022400
1992-03-19,4.424227237701416,4.4996791750885725,4.389930902525436,4.465382839912592,7393600
1992-03-20,4.444804668426514,4.451663934890135,4.389930536717545,4.4242268690356505,12390400
1992-03-23,4.485960006713867,4.492819272779179,4.424226612126062,4.444804410321996,4636000
1992-03-24,4.4722418785095215,4.513397478618505,4.437945545085369,4.485960411879183,4421600
1992-03-25,4.513398170471191,4.52025743820747,4.4791018317898,4.4791018317898,4547200
1992-03-26,4.52711820602417,4.540836746042425,4.492821855978532,4.513399666005915,4729600
1992-03-27,4.540834903717041,4.575131239847834,4.520257102038565,4.527116369264724,7035200
1992-03-30,4.506537914276123,4.568271310362097,4.492819381812573,4.540834245434997,4933600
1992-03-31,4.485960006713867,4.533974869171049,4.472241474583243,4.506537804909802,6117600
1992-04-01,4.499679088592529,4.513397622399213,4.431086419559106,4.485960554785844,7190400
1992-04-02,4.4379448890686035,4.520256077119335,4.4036485607141325,4.499678280106652,7392000
1992-04-03,4.554553508758545,4.561412776091013,4.424227429441659,4.437945964106595,7824000
1992-04-06,4.575130462646484,4.630004591133999,4.561411930524606,4.561411930524606,6860000
1992-04-07,4.4379448890686035,4.568270936815595,4.4379448890686035,4.568270936815595,5520800
1992-04-08,4.389930725097656,4.410508525371552,4.355634391307831,4.410508525371552,10428800
1992-04-09,4.458522796630859,4.4653820624718294,4.34191527733436,4.389930138221153,9497600
1992-04-10,4.520257472991943,4.527116740781006,4.4928204018356945,4.4928204018356945,6074400
1992-04-13,4.492822170257568,4.554555604658054,4.479103629279683,4.520259252213339,5295200
1992-04-14,4.499679088592529,4.533975423109241,4.47224202097916,4.492819821689187,6371200
1992-04-15,4.575130462646484,4.581989728707424,4.444804407488639,4.499678535976153,7294400
1992-04-16,4.561413288116455,4.581991092423747,4.513398411399439,4.575131824321316,11262400
1992-04-20,4.465383529663086,4.533976210610292,4.424227921094762,4.533976210610292,10166400
1992-04-21,4.458522796630859,4.4996783916766825,4.437944999107947,4.4653820624718294,8170400
1992-04-22,4.458522796630859,4.4859598599947414,4.417367201585036,4.458522796630859,5633600
1992-04-23,4.520257472991943,4.520257472991943,4.417368456156011,4.458524062890384,6593600
1992-04-24,4.444804668426514,4.54083439891721,4.437945401962892,4.520256599526347,5064000
1992-04-27,4.410505771636963,4.47223913391493,4.410505771636963,4.444802084013611,5955200
1992-04-28,4.410505771636963,4.417365034112293,4.369350196784985,4.410505771636963,6930400
1992-04-29,4.479101657867432,4.506538727747171,4.396790448228214,4.410508983168084,6432800
1992-04-30,4.554553508758545,4.554553508758545,4.479101568101401,4.479101568101401,8743200
1992-05-01,4.547692775726318,4.568270571091595,4.492818654752245,4.554552040848078,6888000
1992-05-04,4.581991195678711,4.609428268706727,4.561413390907699,4.561413390907699,7102400
1992-05-05,4.540834903717041,4.602568308752469,4.533975636490882,4.581990507073993,6573600
1992-05-06,4.533976078033447,4.595709489080801,4.513398274350996,4.540835345927597,4621600
1992-05-07,4.575130462646484,4.588848994768363,4.5271156002199096,4.5339748662808494,4366400
1992-05-08,4.6368632316589355,4.643722496794526,4.5545520500318535,4.575129845438624,5790400
1992-05-11,4.684880256652832,4.691739524964183,4.636865378473375,4.636865378473375,7666400
1992-05-12,4.705458164215088,4.732895238058908,4.664302553449358,4.732895238058908,7776400
1992-05-13,4.801487922668457,4.856362070356096,4.719176701136997,4.719176701136997,12088800
1992-05-14,4.7328948974609375,4.828924649003623,4.705457825591599,4.801487577134284,9318800
1992-05-15,4.760331153869629,4.787768221038906,4.719175553115713,4.732894086700352,11466000
1992-05-18,4.85636043548584,4.883797500093104,4.774049241664046,4.774049241664046,5677600
1992-05-19,4.952393054962158,4.952393054962158,4.8700818130514305,4.8700818130514305,8549600
1992-05-20,4.883798122406006,4.952390792664517,4.8700795883543035,4.952390792664517,6520400
1992-05-21,4.870080471038818,4.870080471038818,4.815206324886269,4.870080471038818,5401200
1992-05-22,4.85636043548584,4.9112345647003695,4.85636043548584,4.870078967789472,3148000
1992-05-26,4.760331153869629,4.8563608889621,4.7054570195310745,4.8563608889621,7412000
1992-05-27,4.842641830444336,4.883797426737064,4.7877677020540315,4.7877677020540315,6306800
1992-05-28,4.883798122406006,4.883798122406006,4.78776838404409,4.842642520250899,4652400
1992-05-29,4.82892370223999,4.91123490170999,4.82892370223999,4.88379783521999,5310800
1992-06-01,4.911237716674805,4.924956257782835,4.774052305594503,4.828926470026624,6213200
1992-06-02,4.85636043548584,4.924953097004002,4.85636043548584,4.9112345647003695,5227600
1992-06-03,4.82892370223999,4.93867196819999,4.82892370223999,4.85636076872999,4259200
1992-06-04,4.691736698150635,4.856359038436621,4.678018169793469,4.82892198172229,10068800
1992-06-05,4.815203666687012,4.815203666687012,4.678018377037809,4.691736906002729,6161600
1992-06-08,4.787771701812744,4.842645876045555,4.760334614696339,4.81520878892915,4330000
1992-06-09,4.748131275177002,4.816944771918698,4.734368575828663,4.803182072570359,4434000
1992-06-10,4.693080425262451,4.761893921234042,4.679317726068133,4.748131222039723,4842000
1992-06-11,4.706843376159668,4.720606076089959,4.651792576438503,4.693080676229377,5511600
1992-06-12,4.651792526245117,4.77565682428123,4.624267126681536,4.706843325372278,6833200
1992-06-15,4.624267101287842,4.665555200406483,4.5829790021692,4.651792500700269,6991600
1992-06-16,4.486639499664307,4.66555457173681,4.486639499664307,4.6242664781816165,9550800
1992-06-17,4.3352508544921875,4.472877865745907,4.307725452241444,4.472877865745907,17241200
1992-06-18,4.362776279449463,4.390301681843466,4.280200072267454,4.3352508770554605,12634000
1992-06-19,4.4453511238098145,4.459113820787554,4.349012244965639,4.362774941943378,14308000
1992-06-22,4.4315900802612305,4.4315900802612305,4.362776569698168,4.4315900802612305,581600
1992-06-23,4.417825698852539,4.486639183258342,4.4040630019713785,4.4315883957337,5327200
1992-06-24,4.39030122756958,4.431589326888416,4.376538527796635,4.4178266271154705,4128000
1992-06-25,4.4453511238098145,4.459113820787554,4.404063032876596,4.404063032876596,3696000
1992-06-26,4.376537322998047,4.45911349890367,4.362774627013776,4.4453508029194,4201200
1992-06-29,4.4453511238098145,4.4453511238098145,4.390300335898857,4.390300335898857,4936000
1992-06-30,4.404064178466797,4.459114980697632,4.376538777351379,4.445352280139923,3972000
1992-07-01,4.54169225692749,4.555454960736362,4.376539811221036,4.404065218838778,8560400
1992-07-02,4.610506057739258,4.638031467039194,4.472879011239579,4.541692534489418,8150000
1992-07-06,4.679317951202393,4.69308065105887,4.624267151776482,4.624267151776482,6894800
1992-07-07,4.624267101287842,4.706843299525125,4.596741701875414,4.6793179001126965,4671600
1992-07-08,4.679317951202393,4.679317951202393,4.582979052207049,4.624267151776482,4862000
1992-07-09,4.748131275177002,4.761893974525341,4.6517923797386285,4.679317778435307,8372000
1992-07-10,4.693080425262451,4.77565662042836,4.679317726068133,4.748131222039723,4772000
1992-07-13,4.638030052185059,4.720606254894585,4.610504651281883,4.693080853991409,3673200
1992-07-14,4.569218158721924,4.624268979911345,4.500404632235148,4.624268979911345,7342000
1992-07-15,4.459116458892822,4.582980804973179,4.404065638412664,4.569218099853139,11973200
1992-07-16,4.459116458892822,4.486641869132901,4.404065638412664,4.459116458892822,8704800
1992-07-17,4.50040340423584,4.5141661057778455,4.417827194983806,4.459115299609823,8518800
1992-07-20,4.514166831970215,4.555454943238235,4.4728787207021945,4.500404128214209,6200800
1992-07-21,4.5554518699646,4.596739953378176,4.541689175493407,4.541689175493407,4220400
1992-07-22,4.4728779792785645,4.5279287851773775,4.459115277803861,4.5279287851773775,5290400
1992-07-23,4.4728779792785645,4.4866406807532675,4.417827173379751,4.4728779792785645,4091600
1992-07-24,4.459116458892822,4.486641869132901,4.431591048652743,4.472879164012862,2548400
1992-07-27,4.4453511238098145,4.472876517765293,4.417825729854336,4.459113820787554,3038000
1992-07-28,4.514166831970215,4.555454943238235,4.459116016946188,4.459116016946188,4565200
1992-07-29,4.610506057739258,4.610506057739258,4.541692534489418,4.541692534489418,5964800
1992-07-30,4.569218158721924,4.624268979911345,4.541692748127214,4.610506274613989,6687200
1992-07-31,4.610506057739258,4.66555687633913,4.569217943789354,4.569217943789354,3997200
1992-08-03,4.734365940093994,4.734365940093994,4.596739023230796,4.610501714917116,5848400
1992-08-04,4.693080425262451,4.734368522845405,4.638029628485179,4.734368522845405,3861600
1992-08-05,4.679317951202393,4.69308065105887,4.651792551489437,4.69308065105887,3182800
1992-08-06,4.679317951202393,4.720606050771825,4.624267151776482,4.679317951202393,2938000
1992-08-07,4.693080425262451,4.803182018816996,4.679317726068133,4.679317726068133,5808000
1992-08-10,4.748131275177002,4.761893974525341,4.6655550790869675,4.693080477783646,2618400
1992-08-11,4.720607757568359,4.761895872066042,4.665556938238116,4.748133167233481,3771600
1992-08-12,4.734365940093994,4.734365940093994,4.679315173348715,4.7206032484076745,2642000
1992-08-13,4.7618937492370605,4.789419146631494,4.7068429544481925,4.734368351842626,4018400
1992-08-14,4.7756571769714355,4.7756571769714355,4.706843672980493,4.761894476173247,3529600
1992-08-17,4.7756571769714355,4.83070798016419,4.761894476173247,4.7756571769714355,3140800
1992-08-18,4.789419651031494,4.816945051324779,4.775656950884852,4.775656950884852,3448800
1992-08-19,4.748131275177002,4.816944771918698,4.748131275177002,4.78941937322202,2800000
1992-08-20,4.803184986114502,4.816947693811105,4.761896863024693,4.761896863024693,3366000
1992-08-21,4.706843376159668,4.830707675532291,4.679317976299085,4.803182275671708,7987600
1992-08-24,4.693080425262451,4.693080425262451,4.610504230096543,4.693080425262451,4204400
1992-08-25,4.693080425262451,4.720605823651088,4.651792327679497,4.693080425262451,4332800
1992-08-26,4.706843376159668,4.720606076089959,4.651792576438503,4.693080676229377,2546400
1992-08-27,4.720607757568359,4.761895872066042,4.706845052735798,4.706845052735798,3587200
1992-08-28,4.7756571769714355,4.7756571769714355,4.693080972182305,4.720606373778681,2359200
1992-08-31,4.734365940093994,4.816942090211913,4.706840556721354,4.775654015152953,3156400
1992-09-01,4.816945552825928,4.816945552825928,4.720606641769409,4.734369343348912,3492400
1992-09-02,4.803184986114502,4.830710401507709,4.775659570721296,4.816947693811105,3947200
1992-09-03,4.803184986114502,4.844473109204311,4.775659570721296,4.803184986114502,3790800
1992-09-04,4.803184986114502,4.844473109204311,4.775659570721296,4.803184986114502,2826800
1992-09-08,4.803184986114502,4.816947693811105,4.775659570721296,4.803184986114502,3127200
1992-09-09,4.873873233795166,4.873873233795166,4.81864520848304,4.81864520848304,5597600
1992-09-10,4.873873233795166,4.90148724645123,4.8462592211391025,4.873873233795166,5715200
1992-09-11,4.8876800537109375,4.90148705951238,4.832452030505164,4.873873047909494,3801200
1992-09-14,4.901487350463867,4.929101363705917,4.846259323979767,4.887680343842843,5069600
1992-09-15,4.8876800537109375,4.94290807691671,4.873873047909494,4.90148705951238,4585200
1992-09-16,4.942911148071289,4.998139205591639,4.860069061790765,4.88768309055094,5621600
1992-09-17,4.929105281829834,4.984333352214482,4.915298264233672,4.942912299425996,3363200
1992-09-18,4.970524787902832,5.011945827802022,4.929103748003642,4.929103748003642,9993600
1992-09-21,4.942911148071289,4.956718162451376,4.929104133691202,4.956718162451376,3053200
1992-09-22,4.666770935058594,4.92910421247313,4.666770935058594,4.92910421247313,13536000
1992-09-23,4.501084804534912,4.5977338647549875,4.4458567701234415,4.5977338647549875,18865600
1992-09-24,4.570120334625244,4.570120334625244,4.501085284253262,4.501085284253262,7568000
1992-09-25,4.542507171630859,4.583928209670047,4.514893146271401,4.570121196990318,6002800
1992-09-28,4.556314468383789,4.666770576708244,4.473472387140447,4.542507454843232,5755200
1992-09-29,4.501084804534912,4.542505830343516,4.4872777959320445,4.542505830343516,4642000
1992-09-30,4.473471164703369,4.514892194006178,4.473471164703369,4.501085184238575,5256000
1992-10-01,4.418244361877441,4.487279430031776,4.390630334615707,4.473472416400909,10548400
1992-10-02,4.335402011871338,4.43205110130796,4.307787986318017,4.418244088531299,7023200
1992-10-05,4.349207401275635,4.349207401275635,4.142102286929176,4.335400393652538,13808400
1992-10-06,4.280170917510986,4.363012935269263,4.266363914551273,4.34920593230955,5376000
1992-10-07,4.1421051025390625,4.266368255615235,4.086877034505209,4.266368255615235,11218800
1992-10-08,4.155910491943359,4.1973315267467814,4.100682445538796,4.142103480342218,10790000
1992-10-09,4.086877822875977,4.155912921235368,4.073070803204098,4.155912921235368,9359600
1992-10-12,4.073068141937256,4.128296184539795,4.031647109985352,4.086875152587891,6099600
1992-10-13,4.183524131774902,4.211138152446684,4.073068049087776,4.073068049087776,7318400
1992-10-14,4.252557277679443,4.321592298420993,4.197329261086204,4.197329261086204,8840400
1992-10-15,4.335402011871338,4.376823050201319,4.238752922434715,4.252559935211376,8709200
1992-10-16,4.459663391113281,4.459663391113281,4.349207331890661,4.349207331890661,8850800
1992-10-19,4.542507171630859,4.542507171630859,4.445858082872756,4.459665095552485,7592000
1992-10-20,4.501084804534912,4.570119847549251,4.4872777959320445,4.542505830343516,11336000
1992-10-21,4.473471164703369,4.528699203773781,4.473471164703369,4.501085184238575,7141600
1992-10-22,4.473471164703369,4.514892194006178,4.445857145168163,4.473471164703369,4636800
1992-10-23,4.418244361877441,4.501086443662643,4.404437348246574,4.473472416400909,5762000
1992-10-26,4.501084804534912,4.501084804534912,4.39062873571197,4.418242752917705,5287600
1992-10-27,4.570120334625244,4.570120334625244,4.445857243955675,4.501085284253262,5722000
1992-10-28,4.570120334625244,4.597734354774037,4.528699304402054,4.570120334625244,4528000
1992-10-29,4.583930015563965,4.583930015563965,4.52870194308729,4.570122997444796,3564800
1992-10-30,4.487278938293457,4.583928023118239,4.487278938293457,4.583928023118239,4192000
1992-11-02,4.583930015563965,4.583930015563965,4.473473870610616,4.487280888729785,4886400
1992-11-03,4.501084804534912,4.5977338647549875,4.473470787329177,4.583926856152119,4812400
1992-11-04,4.44585657119751,4.514891611122938,4.44585657119751,4.501084603137851,3514400
1992-11-05,4.514891624450684,4.528698632476527,4.445856584321469,4.445856584321469,3420800
1992-11-06,4.514891624450684,4.54250564050237,4.459663592347312,4.514891624450684,4127200
1992-11-09,4.542507171630859,4.570121196990318,4.487279120911944,4.514893146271401,4367200
1992-11-10,4.514891624450684,4.54250564050237,4.487277608398998,4.54250564050237,3778000
1992-11-11,4.6253509521484375,4.639157969916044,4.528701827775187,4.528701827775187,4757200
1992-11-12,4.528700828552246,4.625349931600617,4.51489381383105,4.625349931600617,4110400
1992-11-13,4.583930015563965,4.583930015563965,4.473473870610616,4.52870194308729,4553600
1992-11-16,4.514891624450684,4.54250564050237,4.501084616424841,4.54250564050237,2804800
1992-11-17,4.501084804534912,4.514891813137781,4.473470787329177,4.514891813137781,3855200
1992-11-18,4.501084804534912,4.542505830343516,4.473470787329177,4.501084804534912,5709200
1992-11-19,4.501084804534912,4.501084804534912,4.459663778726309,4.501084804534912,4380800
1992-11-20,4.514891624450684,4.514891624450684,4.459663592347312,4.501084616424841,10044400
1992-11-23,4.501084804534912,4.528698821740648,4.4872777959320445,4.514891813137781,3779200
1992-11-24,4.488893508911133,4.585875776078966,4.488893508911133,4.516602728101942,6152800
1992-11-25,4.502748966217041,4.516603578420786,4.475039741809551,4.488894354013296,3517200
1992-11-27,4.475038051605225,4.530456479488881,4.475038051605225,4.502747265547052,2527200
1992-11-30,4.405766487121582,4.46118493350047,4.294929594363807,4.46118493350047,6829200
1992-12-01,4.391913414001465,4.405768030449419,4.30878571531374,4.405768030449419,8078000
1992-12-02,4.378056526184082,4.433474963224387,4.294928870623625,4.3919111354441585,8476800
1992-12-03,4.378056526184082,4.405765744704235,4.336492698403854,4.378056526184082,6240800
1992-12-04,4.391913414001465,4.391913414001465,4.350349564657602,4.378058797553511,4904400
1992-12-07,4.433475017547607,4.447329626977443,4.322638142108917,4.391911189258098,4974000
1992-12-08,4.447329521179199,4.447329521179199,4.419620302978705,4.433474912078952,5963600
1992-12-09,4.419620990753174,4.4334756020094535,4.391911768240615,4.4334756020094535,4108400
1992-12-10,4.405766487121582,4.419621098716304,4.364202652337417,4.419621098716304,4171600
1992-12-11,4.419620990753174,4.4334756020094535,4.391911768240615,4.405766379496894,3222400
1992-12-14,4.378056526184082,4.447329572484463,4.378056526184082,4.41962035396431,5935200
1992-12-15,4.502748966217041,4.5443128028282755,4.336493619772105,4.378057456383338,8208000
1992-12-16,4.502748966217041,4.58587663943951,4.475039741809551,4.502748966217041,5788800
1992-12-17,4.5997314453125,4.5997314453125,4.502749155802899,4.502749155802899,5662800
1992-12-18,4.849115371704102,4.849115371704102,4.641296141488212,4.641296141488212,21651200
1992-12-21,4.821406841278076,4.890679928078049,4.807552223918082,4.849116075998065,5383600
1992-12-22,4.835259437561035,4.8491140491299785,4.793695602854207,4.821404825992093,4357200
1992-12-23,4.835259437561035,4.8491140491299785,4.793695602854207,4.835259437561035,4088800
1992-12-24,4.821406841278076,4.86297069335806,4.807552223918082,4.835261458638071,1766400
1992-12-28,4.821406841278076,4.849116075998065,4.807552223918082,4.821406841278076,2787200
1992-12-29,4.765986442565918,4.932241783585659,4.765986442565918,4.821404889572499,5940000
1992-12-30,4.738277912139893,4.807550981030826,4.724423298361706,4.765987139696266,3839600
1992-12-31,4.641294002532959,4.7659854831980235,4.641294002532959,4.738276265272454,3716400
1993-01-04,4.655149936676025,4.696713775396347,4.627440710862478,4.641295323769252,5599600
1993-01-05,4.558166980743408,4.6690038678131565,4.544312369859689,4.6551492569294375,5303200
1993-01-06,4.585875034332275,4.5997296416867535,4.558165819623319,4.558165819623319,5133600
1993-01-07,4.502748966217041,4.6412950882544886,4.461185129605807,4.58587663943951,6296000
1993-01-08,4.461184024810791,4.516602459901608,4.4473294160380865,4.502747851128904,5178800
1993-01-11,4.516600608825684,4.530455211920241,4.433472990258339,4.461182196447455,4223200
1993-01-12,4.544313430786133,4.572022659022633,4.475040360194881,4.516604202549632,3807600
1993-01-13,4.585875034332275,4.5997296416867535,4.502747390205407,4.544311212268841,4834800
1993-01-14,4.793695449829102,4.793695449829102,4.6690039496890385,4.6690039496890385,9866800
1993-01-15,4.793695449829102,4.8906777277158175,4.779840838702428,4.793695449829102,12236400
1993-01-18,4.779841423034668,4.793696035855058,4.724422971753106,4.793696035855058,3996800
1993-01-19,4.655149936676025,4.752132227023443,4.655149936676025,4.752132227023443,6984400
1993-01-20,4.627440452575684,4.682858901109524,4.627440452575684,4.655149676842604,3926000
1993-01-21,4.641294002532959,4.641294002532959,4.599730175644604,4.627439393570174,4049600
1993-01-22,4.544313430786133,4.669004957850387,4.544313430786133,4.641295729613886,5011600
1993-01-25,4.627440452575684,4.641295064709143,4.5443127797749225,4.5443127797749225,5174000
1993-01-26,4.669003009796143,4.682857618133816,4.62743918478312,4.62743918478312,5815200
1993-01-27,4.5997314453125,4.710568347609187,4.5997314453125,4.669004509247929,3444400
1993-01-28,4.572019577026367,4.599728786584103,4.544310367468632,4.599728786584103,5980400
1993-01-29,4.696713447570801,4.724422671450275,4.599731163992643,4.599731163992643,4676800
1993-02-01,4.765986442565918,4.765986442565918,4.710567995559337,4.710567995559337,5124000
1993-02-02,4.669003009796143,4.738276051484513,4.669003009796143,4.738276051484513,3710800
1993-02-03,4.641294002532959,4.710567047346884,4.627439393570174,4.669003220458529,5129600
1993-02-04,4.627440452575684,4.696713513242984,4.599731228308763,4.641295064709143,5781600
1993-02-05,4.572019577026367,4.627437996141838,4.530455762689764,4.627437996141838,8323200
1993-02-08,4.558166980743408,4.599730813394563,4.544312369859689,4.572021591627126,5872800
1993-02-09,4.516600608825684,4.558164418109356,4.502746005731126,4.558164418109356,4934800
1993-02-10,4.488893508911133,4.544311947292752,4.475038899315728,4.516602728101942,4782400
1993-02-11,4.502748966217041,4.58587663943951,4.502748966217041,4.502748966217041,5831200
1993-02-12,4.488893508911133,4.530457337697347,4.4611842897203235,4.5027481185065374,3587600
1993-02-16,4.502748966217041,4.55816741503202,4.433475905198318,4.488894354013296,9508800
1993-02-17,4.530454635620117,4.572018439616632,4.4888908316236025,4.502745432955774,7169600
1993-02-18,4.572019577026367,4.613583391362971,4.516601157910896,4.530455762689764,7348800
1993-02-19,4.627440452575684,4.641295064709143,4.572022004041843,4.572022004041843,9060800
1993-02-22,4.572019577026367,4.696711020036177,4.558164972247499,4.627437996141838,5621600
1993-02-23,4.585875034332275,4.6135842490412315,4.516601997559885,4.572020426977797,5737600
1993-02-24,4.655149936676025,4.6690045495828,4.5581676463286085,4.585876872142157,5016400
1993-02-25,4.682858943939209,4.7105681684595595,4.627440494898509,4.6551497194188585,5907600
1993-02-26,4.696713447570801,4.724422671450275,4.641294999811853,4.682858835631064,4832000
1993-03-01,4.669003009796143,4.738276051484513,4.669003009796143,4.69671222647149,4890800
1993-03-02,4.779841423034668,4.779841423034668,4.641295294830765,4.669004520471545,7120000
1993-03-03,4.738277912139893,4.807550981030826,4.738277912139893,4.779841753474453,6086400
1993-03-04,4.779841423034668,4.8075506486754485,4.696713746112326,4.738277584573496,4088400
1993-03-05,4.752131938934326,4.83525961133551,4.724422714800598,4.779841163068054,5971200
1993-03-08,4.849115371704102,4.8629699870518275,4.752133064270019,4.752133064270019,5798000
1993-03-09,4.798484802246094,4.86802806024966,4.798484802246094,4.86802806024966,4176400
1993-03-10,4.770667552947998,4.784576204705864,4.715032945916534,4.784576204705864,4682000
1993-03-11,4.756758689880371,4.812393294440375,4.74285003874037,4.770667341020372,3821600
1993-03-12,4.701124668121338,4.742850626714131,4.687216015257073,4.742850626714131,4424000
1993-03-15,4.784576416015625,4.784576416015625,4.701124501782795,4.701124501782795,3888000
1993-03-16,4.798484802246094,4.82630210544752,4.756758847443954,4.78457615064538,3624000
1993-03-17,4.742853164672852,4.7984878059006855,4.742853164672852,4.7984878059006855,3804000
1993-03-18,4.770667552947998,4.812393508221596,4.756758901190132,4.756758901190132,4481600
1993-03-19,4.7150349617004395,4.784578250221095,4.6872176462921775,4.770669592516964,10848800
1993-03-22,4.673307418823242,4.701124724887666,4.673307418823242,4.701124724887666,3830000
1993-03-23,4.617672920227051,4.68721618709794,4.617672920227051,4.673307533723762,3664800
1993-03-24,4.6594014167785645,4.673310077724172,4.603766772996134,4.617675433941741,5128800
1993-03-25,4.742853164672852,4.75676182497981,4.6594012028311,4.6594012028311,4346400
1993-03-26,4.631582260131836,4.770668814490149,4.6037649492601735,4.742851503618486,4915200
1993-03-29,4.6594014167785645,4.687218738669779,4.631584094887349,4.631584094887349,4227600
1993-03-30,4.784576416015625,4.784576416015625,4.659398544666379,4.659398544666379,5480000
1993-03-31,4.742853164672852,4.812396466207644,4.728944504365893,4.784579145593727,6323600
1993-04-01,4.770667552947998,4.79848485646373,4.7289415976744005,4.742850249432267,5425200
1993-04-02,4.673307418823242,4.742850683984302,4.65939876579103,4.742850683984302,8182400
1993-04-05,4.562041759490967,4.68721973459895,4.562041759490967,4.673311070698063,8706000
1993-04-06,4.450769424438477,4.534221351146698,4.353408843278885,4.534221351146698,16148000
1993-04-07,4.395135402679443,4.409044059017036,4.325592120991478,4.409044059017036,14530800
1993-04-08,4.422952651977539,4.422952651977539,4.172596841488245,4.395135339700951,21676400
1993-04-12,4.381224155426025,4.506401988438197,4.367315507313561,4.422950099763416,7745600
1993-04-13,4.353410243988037,4.450770856473393,4.325592926135078,4.381227561840996,9020000
1993-04-14,4.436861515045166,4.436861515045166,4.311683603962387,4.353409574323313,6595200
1993-04-15,4.409043312072754,4.464677927997962,4.409043312072754,4.4368606200353575,7868400
1993-04-16,4.228230953216553,4.450769424438477,4.200413644313812,4.409043461084366,23216400
1993-04-19,4.242141246795654,4.269958566446773,4.200415267318975,4.228232586970095,12998800
1993-04-20,4.283865928649902,4.297774584262402,4.200413994974904,4.242139961812404,14060000
1993-04-21,4.339499473571777,4.422951386525081,4.228230256300706,4.283864864936241,12823200
1993-04-22,4.325591564178467,4.42295214600885,4.283865600536874,4.339500218725664,9444800
1993-04-23,4.325591564178467,4.353408873272862,4.297774255084072,4.325591564178467,5913200
1993-04-26,4.409043312072754,4.409043312072754,4.325591388184941,4.325591388184941,5545200
1993-04-27,4.409043312072754,4.422951966054056,4.3116827342036395,4.409043312072754,5495200
1993-04-28,4.381224155426025,4.436858747875879,4.353406859201098,4.409041451650952,4962400
1993-04-29,4.422952651977539,4.422952651977539,4.32559205900948,4.381226683562657,3701600
1993-04-30,4.381224155426025,4.436858747875879,4.353406859201098,4.422950099763416,4988400
1993-05-03,4.409043312072754,4.422951966054056,4.353408696147546,4.381226004110149,3405200
1993-05-04,4.381224155426025,4.3951328035384885,4.353406859201098,4.3951328035384885,3987600
1993-05-05,4.367318153381348,4.40904412299964,4.353409496841916,4.381226809920778,5770800
1993-05-06,4.325591564178467,4.3673175278200596,4.311682909631269,4.3673175278200596,4273600
1993-05-07,4.311682224273682,4.353408181282782,4.283864919600948,4.325590876610049,4297200
1993-05-10,4.353410243988037,4.395136220767475,4.311684267208599,4.311684267208599,5518000
1993-05-11,4.46467924118042,4.478587899252633,4.311684002386075,4.353409976602714,6678400
1993-05-12,4.422952651977539,4.478587276530716,4.395135339700951,4.464678620392422,6487200
1993-05-13,4.367318153381348,4.40904412299964,4.353409496841916,4.40904412299964,5184000
1993-05-14,4.436861515045166,4.436861515045166,4.339500917536338,4.367318231110288,5056400
1993-05-17,4.46467924118042,4.492496557324846,4.4229532669637805,4.436861925035994,5271600
1993-05-18,4.450769424438477,4.534221351146698,4.436860769987106,4.464678078889847,5640800
1993-05-19,4.60376501083374,4.645490977699303,4.464678454615198,4.464678454615198,11489200
1993-05-20,4.687216758728027,4.687216758728027,4.60376482830557,4.60376482830557,8936400
1993-05-21,4.562041759490967,4.659402406797176,4.54813309559008,4.659402406797176,10250400
1993-05-24,4.562041759490967,4.603767751193628,4.520315767788306,4.562041759490967,6106400
1993-05-25,4.575947284698486,4.617673247780844,4.5620386303377005,4.5620386303377005,4676800
1993-05-26,4.617672920227051,4.617672920227051,4.5481296533561615,4.575946960104517,6214800
1993-05-27,4.5898542404174805,4.617671538844252,4.575945591204094,4.617671538844252,6024400
1993-05-28,4.617672920227051,4.617672920227051,4.5481296533561615,4.589855613478695,3551200
1993-06-01,4.617672920227051,4.659398880349585,4.589855613478695,4.617672920227051,5788000
1993-06-02,4.631582260131836,4.659399571003498,4.617673604696004,4.617673604696004,4066400
1993-06-03,4.5898542404174805,4.631580188057639,4.575945591204094,4.631580188057639,2768800
1993-06-04,4.575947284698486,4.589855939059272,4.548129975976916,4.589855939059272,2713600
1993-06-07,4.562041759490967,4.603767751193628,4.562041759490967,4.575950423391854,2739600
1993-06-08,4.52031135559082,4.562037306565505,4.506402705265925,4.562037306565505,3890800
1993-06-09,4.455505847930908,4.53930846576033,4.455505847930908,4.53930846576033,6311200
1993-06-10,4.581212520599365,4.6091467432859465,4.469475629853039,4.469475629853039,6468800
1993-06-11,4.665012836456299,4.665012836456299,4.595177314952462,4.595177314952462,6292800
1993-06-14,4.678981304168701,4.678981304168701,4.609145762315437,4.665014195798048,4742400
1993-06-15,4.678981304168701,4.692948412539354,4.609145762315437,4.678981304168701,6231600
1993-06-16,4.6929450035095215,4.720879199958983,4.637076610610599,4.678977905284791,5181200
1993-06-17,4.720880031585693,4.7348471322708585,4.6650116288450345,4.692945830215364,5865600
1993-06-18,4.637077808380127,4.748814623039889,4.637077808380127,4.720880419374948,10905600
1993-06-21,4.6091413497924805,4.692943919788707,4.567240064794367,4.637075539791223,5352400
1993-06-22,4.59517765045166,4.637078966413226,4.581210545131139,4.609144755772182,4149200
1993-06-23,4.665012836456299,4.706914149358601,4.595177314952462,4.595177314952462,6595600
1993-06-24,4.762784481048584,4.776751590963682,4.665014711642894,4.665014711642894,7824400
1993-06-25,4.762784481048584,4.776751590963682,4.748817371133486,4.762784481048584,4626000
1993-06-28,4.832617282867432,4.832617282867432,4.776748874973011,4.776748874973011,4872400
1993-06-29,4.846585273742676,4.8745194828132385,4.79071685560155,4.832618169207395,5256400
1993-06-30,4.804682731628418,4.874518236448599,4.790715630664382,4.846584034520526,4131600
1993-07-01,4.804682731628418,4.832616933556491,4.776748529700346,4.804682731628418,5030000
1993-07-02,4.7767486572265625,4.832617062574242,4.762781555889643,4.804682859900402,4583600
1993-07-06,4.678981304168701,4.776751062763271,4.678981304168701,4.776751062763271,3747600
1993-07-07,4.790714740753174,4.804681839122717,4.706912150535917,4.706912150535917,3788800
1993-07-08,4.874518871307373,4.874518871307373,4.762782049042448,4.790716254608679,5280400
1993-07-09,4.846585273742676,4.860552378277958,4.804683960136831,4.860552378277958,4403200
1993-07-12,4.94435453414917,4.958321637352981,4.83261770851868,4.846584811722491,5790800
1993-07-13,4.888486385345459,4.958321905136108,4.888486385345459,4.944354801177979,4696400
1993-07-14,4.958320617675781,4.972287718007262,4.9164193166813375,4.9164193166813375,5143600
1993-07-15,4.972287654876709,4.986254755030857,4.88848505395182,4.958320554722561,4863600
1993-07-16,4.930387496948242,5.0002230139021835,4.916420393557454,4.972288807120607,7439200
1993-07-19,4.958320617675781,4.986254818338743,4.930386417012818,4.930386417012818,3201600
1993-07-20,4.9862565994262695,5.000223704746792,4.930388178144183,4.958322388785226,5370400
1993-07-21,4.94435453414917,5.000222946964414,4.94435453414917,4.9862558437606035,3821600
1993-07-22,4.888486385345459,4.958321905136108,4.874519281387329,4.944354801177979,4509600
1993-07-23,4.916419506072998,4.930386606942523,4.874518203464421,4.888485304333947,3208000
1993-07-26,4.888486385345459,4.916420593261718,4.888486385345459,4.916420593261718,3126400
1993-07-27,4.860550880432129,4.888485080894382,4.818649579738748,4.888485080894382,5114800
1993-07-28,4.874518871307373,4.8884859740904885,4.8186504601749105,4.860551768524258,3611200
1993-07-29,4.916419506072998,4.944353707812049,4.874518203464421,4.874518203464421,3944000
1993-07-30,4.832617282867432,4.944354098656274,4.804683078920221,4.916419894709064,4688000
1993-08-02,4.860550880432129,4.9024521811255095,4.8465837802010014,4.8465837802010014,3730000
1993-08-03,4.846585273742676,4.860552378277958,4.804683960136831,4.860552378277958,3285600
1993-08-04,4.7767486572265625,4.832617062574242,4.7767486572265625,4.832617062574242,3281600
1993-08-05,4.818650245666504,4.818650245666504,4.7627818370210955,4.776748939182448,3088400
1993-08-06,4.762784481048584,4.804685810793879,4.734850261218387,4.804685810793879,3581600
1993-08-09,4.818650245666504,4.846584449989209,4.7627818370210955,4.7627818370210955,3701200
1993-08-10,4.7767486572265625,4.804682859900402,4.748814454552723,4.804682859900402,2641200
1993-08-11,4.888486385345459,4.888486385345459,4.776749553680419,4.776749553680419,3546000
1993-08-12,4.748815059661865,4.9024531939450435,4.748815059661865,4.8884860908283905,4347200
1993-08-13,4.7767486572265625,4.804682859900402,4.748814454552723,4.748814454552723,2906400
1993-08-16,4.6929450035095215,4.776747592857906,4.6929450035095215,4.776747592857906,4313600
1993-08-17,4.748815059661865,4.7767492658951705,4.6650124409619504,4.692946647195255,4258000
1993-08-18,4.7767486572265625,4.818649961237322,4.720880251878883,4.748814454552723,6411600
1993-08-19,4.888486385345459,4.902453489303589,4.76278244972229,4.776749553680419,7322000
1993-08-20,4.860550880432129,4.9024521811255095,4.832616679969875,4.888485080894382,9014000
1993-08-23,4.874518871307373,4.902453076873605,4.832617562958026,4.860551768524258,4479600
1993-08-24,4.930387496948242,4.944354600339031,4.8465848766035124,4.874519083385089,6108400
1993-08-25,4.818650245666504,4.930387062957322,4.790716041343799,4.930387062957322,5775600
1993-08-26,4.790714740753174,4.846583134231345,4.776747642383631,4.818648937492259,4553200
1993-08-27,4.790714740753174,4.818648937492259,4.762780544014088,4.790714740753174,3319600
1993-08-30,4.818650245666504,4.818650245666504,4.7627818370210955,4.790716041343799,2512800
1993-08-31,4.846585273742676,4.846585273742676,4.79071685560155,4.818651064672113,3708000
1993-09-01,4.762784481048584,4.818652920708978,4.762784481048584,4.818652920708978,4331200
1993-09-02,4.762784481048584,4.790718700878781,4.734850261218387,4.762784481048584,4030800
1993-09-03,4.818650245666504,4.832617347827856,4.734847632698391,4.7627818370210955,3853200
1993-09-07,4.804682731628418,4.874518236448599,4.790715630664382,4.818649832592454,4352800
1993-09-08,4.818650245666504,4.846584449989209,4.776748939182448,4.804683143505152,6254800
1993-09-09,4.83772087097168,4.8517432503078295,4.7816313536270805,4.83772087097168,5762400
1993-09-10,4.935877323150635,4.963922080668536,4.823698293079029,4.83772067183798,8276400
1993-09-13,4.991966724395752,5.005989102835066,4.9358772106384965,4.9358772106384965,9878800
1993-09-14,4.949900150299072,5.005989670415776,4.9218553902407205,4.9919672903866,5386800
1993-09-15,4.9218549728393555,4.96392210935935,4.837720699799366,4.949899730519352,8896400
1993-09-16,4.851743221282959,4.907832738292011,4.851743221282959,4.907832738292011,7738800
1993-09-17,4.879786968231201,4.8938093445766935,4.795652710158249,4.8517422155402175,18802800
1993-09-20,4.795653820037842,4.921855236354627,4.781631440447088,4.879788097582365,4826400
1993-09-21,4.7676100730896,4.823699603361241,4.739565307953778,4.7956548382254205,6914800
1993-09-22,4.795653820037842,4.823698579219349,4.75358668126558,4.7676090608563335,5592000
1993-09-23,4.795653820037842,4.837720958810103,4.795653820037842,4.795653820037842,2931600
1993-09-24,4.7816338539123535,4.795656240580718,4.753589080575624,4.795656240580718,3402400
1993-09-27,4.823698043823242,4.851742799891983,4.795653287754503,4.795653287754503,3636400
1993-09-28,4.795653820037842,4.8517433384008575,4.781631440447088,4.823698579219349,2476800
1993-09-29,4.753586769104004,4.7956539086535965,4.73956438925414,4.7956539086535965,3215200
1993-09-30,4.739563941955566,4.767608699008558,4.72554156342907,4.7535863204820625,2752800
1993-10-01,4.711518287658691,4.7676077910832,4.683473535946438,4.739563039370946,5605200
1993-10-04,4.725541591644287,4.725541591644287,4.627384941372744,4.711519213034067,5578800
1993-10-05,4.697498798370361,4.767610720734098,4.669454029424867,4.725543567315856,4607200
1993-10-06,4.6414055824279785,4.697495075871217,4.6414055824279785,4.697495075871217,4762800
1993-10-07,4.613363265991211,4.6554304082342925,4.599340885243517,4.641408027486598,3983200
1993-10-08,4.627382278442383,4.683471760605321,4.599337537360913,4.613359907901648,4660000
1993-10-11,4.711518287658691,4.7535854152270725,4.66945116009031,4.66945116009031,2696400
1993-10-12,4.725541591644287,4.767608727474949,4.725541591644287,4.725541591644287,3925200
1993-10-13,4.725541591644287,4.781631106085169,4.697496834423847,4.725541591644287,3900000
1993-10-14,4.949900150299072,4.963922530328248,4.6694525497155555,4.725542069832259,12983600
1993-10-15,4.935877323150635,4.963922080668536,4.893810186873782,4.949899701909585,10667600
1993-10-18,4.893811225891113,4.9218559893632685,4.879788844155036,4.9218559893632685,4299200
1993-10-19,4.893811225891113,4.935878371099347,4.85174408068288,4.893811225891113,4714800
1993-10-20,4.935877323150635,4.935877323150635,4.851743050596931,4.893810186873782,3564400
1993-10-21,4.893811225891113,4.949900752835424,4.879788844155036,4.935878371099347,8122800
1993-10-22,4.795653820037842,4.921855236354627,4.795653820037842,4.893810477173119,5038000
1993-10-25,4.809675216674805,4.809675216674805,4.711518579599808,4.795652839949805,5892000
1993-10-26,4.809675216674805,4.809675216674805,4.739563333049808,4.809675216674805,4500800
1993-10-27,4.823698043823242,4.823698043823242,4.767608531685763,4.809675665788872,3518000
1993-10-28,4.823698043823242,4.865765177926352,4.809675665788872,4.823698043823242,4274800
1993-10-29,4.865766525268555,4.879788907185755,4.837721761434154,4.837721761434154,3413200
1993-11-01,4.83772087097168,4.865765629643979,4.82369849163553,4.865765629643979,2970000
1993-11-02,4.7816338539123535,4.837723400585812,4.753589080575624,4.837723400585812,4971200
1993-11-03,4.711518287658691,4.7676077910832,4.697495911802564,4.7676077910832,6324800
1993-11-04,4.655429363250732,4.725541251251497,4.64140698565058,4.711518873651344,5166800
1993-11-05,4.655429363250732,4.669451740850885,4.599339852850121,4.655429363250732,5569600
1993-11-08,4.655429363250732,4.683474118451038,4.655429363250732,4.655429363250732,3731600
1993-11-09,4.613363265991211,4.68347516972968,4.599340885243517,4.6554304082342925,6266800
1993-11-10,4.557271480560303,4.61336097570566,4.529226732987624,4.61336097570566,8494800
1993-11-11,4.501183986663818,4.571295886767616,4.487161606643059,4.557273506746856,7596000
1993-11-12,4.571295261383057,4.571295261383057,4.501183370871047,4.501183370871047,5691200
1993-11-15,4.6414055824279785,4.6414055824279785,4.571293715623931,4.571293715623931,3954400
1993-11-16,4.725541591644287,4.7535863488647285,4.669452077203405,4.669452077203405,6825200
1993-11-17,4.753586769104004,4.767609148953868,4.697497249704546,4.725542009404275,6767600
1993-11-18,4.711518287658691,4.739563039370946,4.66945116009031,4.739563039370946,6400000
1993-11-19,4.7816338539123535,4.7816338539123535,4.669454760565436,4.71152192057053,9716800
1993-11-22,4.725541591644287,4.781631106085169,4.697496834423847,4.781631106085169,6589600
1993-11-23,4.739563941955566,4.767608699008558,4.697496806376079,4.72554156342907,3932800
1993-11-24,4.730553150177002,4.77279023187501,4.702395095711663,4.758711204642341,3315600
1993-11-26,4.758710861206055,4.772789887422641,4.730552808772883,4.730552808772883,1788000
1993-11-29,4.758710861206055,4.800947939855813,4.744631834989469,4.758710861206055,3206000
1993-11-30,4.730553150177002,4.77279023187501,4.730553150177002,4.758711204642341,4680000
1993-12-01,4.758710861206055,4.8150269660723986,4.758710861206055,4.758710861206055,5650800
1993-12-02,4.786868572235107,4.81502662266002,4.758710521810195,4.758710521810195,2251200
1993-12-03,4.82910680770874,4.843185836302643,4.786869721927031,4.786869721927031,3380000
1993-12-06,4.899501323699951,4.913580350492192,4.843185216530986,4.843185216530986,6279200
1993-12-07,4.955816268920898,4.955816268920898,4.8854211514646355,4.899500174955888,5055600
1993-12-08,4.92765998840332,4.983976102556501,4.92765998840332,4.95581804547991,5978400
1993-12-09,4.913580894470215,4.983976036224803,4.899501866119297,4.927659922821133,6423200
1993-12-10,4.899501323699951,4.927659377284434,4.88542229690771,4.913580350492192,3820800
1993-12-13,4.92765998840332,4.92765998840332,4.885422902788434,4.899501931326729,3720800
1993-12-14,4.871344566345215,4.941739719038065,4.843186505268075,4.927660688499495,6410000
1993-12-15,4.800950050354004,4.8854242447883856,4.800950050354004,4.871345212382655,6924400
1993-12-16,4.88542366027832,4.913581721720847,4.815028506672005,4.815028506672005,5932000
1993-12-17,4.800950050354004,4.9276613420055755,4.786871017948274,4.8854242447883856,10581600
1993-12-20,4.82910680770874,4.82910680770874,4.786869721927031,4.800948750520934,3674400
1993-12-21,4.899501323699951,4.899501323699951,4.800948136154263,4.829106189738745,4787600
1993-12-22,4.955816268920898,4.969895292412151,4.899500174955888,4.899500174955888,6561200
1993-12-23,4.899501323699951,4.969896457661157,4.857264243323227,4.955817430868916,6054800
1993-12-27,4.983977794647217,4.983977794647217,4.9135826280561545,4.9135826280561545,3681600
1993-12-28,5.026213645935059,5.040292675755605,4.9417394670117805,4.9839765564734195,5963200
1993-12-29,5.068449020385742,5.082528045442369,5.040290970272488,5.040290970272488,7512800
1993-12-30,5.054371356964111,5.068450385813593,5.026213299265147,5.068450385813593,4135600
1993-12-31,5.026213645935059,5.068450735396698,5.026213645935059,5.054371705576151,3664400
1994-01-03,5.012135028839111,5.040293090798881,4.998055997859226,5.026214059818996,5416800
1994-01-04,4.9698967933654785,5.012133876595214,4.955817765622234,5.012133876595214,4499200
1994-01-05,4.843184947967529,4.969896182071331,4.829105921955995,4.969896182071331,7404800
1994-01-06,4.744631290435791,4.899500561043488,4.730552265835091,4.843184462640688,11023200
1994-01-07,4.800950050354004,4.8291081151654645,4.744633920731083,4.744633920731083,9138400
1994-01-10,4.88542366027832,4.899502690999584,4.772791414508215,4.800949475950741,6259600
1994-01-11,4.815027236938477,4.885422371981437,4.800948209929884,4.885422371981437,5394400
1994-01-12,4.871344566345215,4.8854235968837845,4.800949413652365,4.815028444190935,4326000
1994-01-13,4.800950050354004,4.843187147571195,4.800950050354004,4.843187147571195,3869600
1994-01-14,4.786868572235107,4.81502662266002,4.758710521810195,4.800947597447564,6550800
1994-01-17,4.688316822052002,4.7587119695302595,4.688316822052002,4.7587119695302595,5205600
1994-01-18,4.617923259735107,4.6601603627204895,4.533449053764343,4.6601603627204895,12035200
1994-01-19,4.674237251281738,4.702395307012351,4.589763084089899,4.617921139820512,6890400
1994-01-20,4.660157680511475,4.702394759186806,4.617920601836144,4.674236706736585,4580000
1994-01-21,4.646076202392578,4.674234239982836,4.603839146007191,4.660155221187707,9374400
1994-01-24,4.561605930328369,4.632001083574178,4.547526899679208,4.632001083574178,5110000
1994-01-25,4.589763164520264,4.617921220744314,4.519368023960137,4.561605108296213,5650400
1994-01-26,4.617923259735107,4.688318431377411,4.575686156749725,4.589765191078186,5676800
1994-01-27,4.702396392822266,4.7164754239385,4.632001237241094,4.632001237241094,7210400
1994-01-28,4.646076202392578,4.688313258777965,4.589760127212061,4.688313258777965,8208400
1994-01-31,4.603841781616211,4.631999835326401,4.561604701050924,4.631999835326401,8174800
1994-02-01,4.674237251281738,4.674237251281738,4.575684056224593,4.603842111955206,7287600
1994-02-02,4.674237251281738,4.716474334877658,4.660158223416432,4.674237251281738,5357600
1994-02-03,4.702396392822266,4.758712517287203,4.6601592994735626,4.674238330589797,6431600
1994-02-04,4.589763164520264,4.702395389416466,4.561605108296213,4.702395389416466,7599600
1994-02-07,4.589763164520264,4.589763164520264,4.547526080184188,4.589763164520264,9894800
1994-02-08,4.533445835113525,4.589761932444128,4.533445835113525,4.589761932444128,5724000
1994-02-09,4.561605930328369,4.575684960977531,4.533447869030046,4.533447869030046,5275200
1994-02-10,4.589763164520264,4.63200024885634,4.561605108296213,4.561605108296213,5341600
1994-02-11,4.674237251281738,4.674237251281738,4.589763084089899,4.589763084089899,5823600
1994-02-14,4.617923259735107,4.688318431377411,4.547528088092804,4.67423939704895,4597200
1994-02-15,4.603841781616211,4.702394969601879,4.603841781616211,4.617920808471306,7434400
1994-02-16,4.660157680511475,4.688315732961695,4.6038415756110345,4.6038415756110345,6146000
1994-02-17,4.702396392822266,4.702396392822266,4.646080268357328,4.6601592994735626,8977200
1994-02-18,4.674237251281738,4.730553362742964,4.660158223416432,4.702395307012351,8777600
1994-02-22,4.786868572235107,4.786868572235107,4.674236370535458,4.674236370535458,7760800
1994-02-23,4.800950050354004,4.8291081151654645,4.758712953136813,4.786871017948274,6690000
1994-02-24,4.730553150177002,4.80094828634035,4.730553150177002,4.80094828634035,5659600
1994-02-25,4.730553150177002,4.77279023187501,4.716474122944332,4.730553150177002,5167600
1994-02-28,4.800950050354004,4.871345212382655,4.744633920731083,4.744633920731083,6970400
1994-03-01,4.772789478302002,4.829105578340964,4.7446314282825215,4.800947528321482,6560400
1994-03-02,4.744631290435791,4.772789339637191,4.716473241234391,4.772789339637191,6402400
1994-03-03,4.688316822052002,4.744632940034609,4.67423779255635,4.744632940034609,4341600
1994-03-04,4.688316822052002,4.730553910538957,4.67423779255635,4.688316822052002,4234000
1994-03-07,4.688316822052002,4.730553910538957,4.660158763060698,4.688316822052002,3406000
1994-03-08,4.617923259735107,4.702397465705872,4.617923259735107,4.688318431377411,3946800
1994-03-09,4.625843524932861,4.639989835406662,4.583404593511459,4.639989835406662,5715600
1994-03-10,4.611697673797607,4.625843985680422,4.583405050031978,4.625843985680422,4548400
1994-03-11,4.625843524932861,4.668282456354264,4.569258283037658,4.611697214459061,4369600
1994-03-14,4.710721969604492,4.710721969604492,4.625844096278286,4.625844096278286,5485200
1994-03-15,4.654135704040527,4.739013558825461,4.625843085778883,4.710720940563816,8253200
1994-03-16,4.654135704040527,4.66828201317135,4.597550467517238,4.654135704040527,8538000
1994-03-17,4.69657564163208,4.724868265979262,4.6682830172848995,4.6682830172848995,8094000
1994-03-18,4.739013195037842,4.753159503082731,4.668281654813397,4.696574270903175,19380800
1994-03-21,4.7531585693359375,4.7531585693359375,4.696573348272414,4.739012264070057,4937600
1994-03-22,4.767305374145508,4.809744294390127,4.724866453900889,4.753159067397301,4993200
1994-03-23,4.739013195037842,4.809744735262287,4.724866886992952,4.76730581112762,4178000
1994-03-24,4.739013195037842,4.781452119172509,4.696574270903175,4.739013195037842,6102000
1994-03-25,4.724870204925537,4.767309158861995,4.7107238869467185,4.739016522904357,3752400
1994-03-28,4.767305374145508,4.767305374145508,4.654134920159858,4.724866453900889,3468800
1994-03-29,4.739013195037842,4.781452119172509,4.724866886992952,4.76730581112762,5724400
1994-03-30,4.639991760253906,4.753162290991806,4.639991760253906,4.739015974649568,7094000
1994-03-31,4.597548007965088,4.668279515779935,4.54096280171321,4.639986912653996,8483600
1994-04-04,4.555111885070801,4.6399897462833,4.498526644262468,4.59755081567705,9710800
1994-04-05,4.583404541015625,4.625843471950955,4.512672989456742,4.555111920392072,10740400
1994-04-06,4.639991760253906,4.654138076596143,4.583406494884956,4.583406494884956,7534400
1994-04-07,4.668279647827148,4.668279647827148,4.597548138011585,4.639987043900923,5778800
1994-04-08,4.654135704040527,4.654135704040527,4.611696776648061,4.654135704040527,4316800
1994-04-11,4.569258213043213,4.668282384842911,4.5551119027861136,4.654136074585812,5814000
1994-04-12,4.498526096343994,4.583403947218409,4.484379787864925,4.56925763873934,6884800
1994-04-13,4.583404541015625,4.583404541015625,4.484380368833189,4.498526679144965,4280400
1994-04-14,4.456084251403809,4.555108345879449,4.456084251403809,4.555108345879449,5882800
1994-04-15,4.456084251403809,4.470230550614614,4.399499054560586,4.456084251403809,9112800
1994-04-18,4.456084251403809,4.555108345879449,4.427791652982197,4.456084251403809,7663600
1994-04-19,4.484378814697266,4.498525120106405,4.427793593060707,4.456086203878986,4928400
1994-04-20,4.512673377990723,4.526819689520474,4.470234443401468,4.48438075493122,7248000
1994-04-21,4.583404541015625,4.639989782262732,4.512672989456742,4.512672989456742,8278400
1994-04-22,4.526818752288818,4.6116966038942335,4.512672443687916,4.583403986692429,5394400
1994-04-25,4.597548007965088,4.597548007965088,4.5268165001502405,4.5268165001502405,4340400
1994-04-26,4.583404541015625,4.625843471950955,4.555111920392072,4.5975508513274015,4504000
1994-04-28,4.668279647827148,4.682425949790261,4.639987043900923,4.639987043900923,7325200
1994-04-29,4.724870204925537,4.739016522904357,4.654138615031442,4.668284933010262,5494800
1994-05-02,4.739013195037842,4.76730581112762,4.668281654813397,4.724866886992952,8360000
1994-05-03,4.69657564163208,4.753160890326443,4.654136705111308,4.739014578152852,4974800
1994-05-04,4.69657564163208,4.739014578152852,4.68242932945849,4.69657564163208,3755600
1994-05-05,4.654135704040527,4.710720940563816,4.639989394909706,4.696574631432995,2895200
1994-05-06,4.555111885070801,4.6399897462833,4.540965574868718,4.6399897462833,4527600
1994-05-09,4.470232963562012,4.512671884102157,4.427794043021866,4.512671884102157,8494000
1994-05-10,4.498526096343994,4.5268187133021325,4.470233479385856,4.470233479385856,4866000
1994-05-11,4.526818752288818,4.583403986692429,4.48437982648611,4.498526135087013,7268400
1994-05-12,4.555111885070801,4.5834045054749675,4.526819264666634,4.526819264666634,5386000
1994-05-13,4.470232963562012,4.569257111489018,4.470232963562012,4.555110804642303,7726000
1994-05-16,4.498526096343994,4.5268187133021325,4.470233479385856,4.470233479385856,3740800
1994-05-17,4.583404541015625,4.5975508513274015,4.498526679144965,4.498526679144965,5128000
1994-05-18,4.597548007965088,4.611694309528057,4.569255404839149,4.583401706402118,4827600
1994-05-19,4.654135704040527,4.696574631432995,4.597550467517238,4.597550467517238,4159600
1994-05-20,4.625843524932861,4.668282456354264,4.59755090398526,4.654136145880463,10610000
1994-05-23,4.569258213043213,4.625843454071612,4.5551119027861136,4.625843454071612,4077200
1994-05-24,4.540963172912598,4.611694686509367,4.526816870193244,4.569255778351305,5317600
1994-05-25,4.555111885070801,4.5834045054749675,4.540965574868718,4.540965574868718,3307600
1994-05-26,4.611697673797607,4.611697673797607,4.540966114383534,4.555112426266349,4283200
1994-05-27,4.597548007965088,4.654133214216966,4.569255404839149,4.611694309528057,3641200
1994-05-31,4.555111885070801,4.625843436081217,4.555111885070801,4.59755081567705,4033200
1994-06-01,4.639991760253906,4.668284392938381,4.540967545858243,4.555113862200481,6335200
1994-06-02,4.710721969604492,4.739014594046561,4.63999040849932,4.63999040849932,7053600
1994-06-03,4.7531585693359375,4.767304874601819,4.696573348272414,4.710719653538296,5920000
1994-06-06,4.767305374145508,4.79559798764192,4.710720147152683,4.753159067397301,6412400
1994-06-07,4.781452178955078,4.7955984871768385,4.739013254289796,4.767305870733317,4182800
1994-06-08,4.739013195037842,4.795598427217398,4.710720578948064,4.781452119172509,4312400
1994-06-09,4.619057655334473,4.6759075957078196,4.5764202000544625,4.6759075957078196,14229200
1994-06-10,4.576423645019531,4.638603314109471,4.576423645019531,4.6190611323954895,4948800
1994-06-13,4.476932048797607,4.5479944622705855,4.4627195661030115,4.5479944622705855,12744000
1994-06-14,4.533785820007324,4.533785820007324,4.476935841073063,4.476935841073063,8522000
1994-06-15,4.533785820007324,4.562210809474455,4.5053608305401935,4.533785820007324,6812400
1994-06-16,4.633274078369141,4.633274078369141,4.5195741009858486,4.53378659815876,6586000
1994-06-17,4.547996997833252,4.6190594509243965,4.533784507215023,4.6190594509243965,18045200
1994-06-20,4.576423645019531,4.604848636603503,4.519573661851586,4.547998653435559,6587600
1994-06-21,4.562209606170654,4.619059570110475,4.547997115185699,4.57642209715561,6830400
1994-06-22,4.633274078369141,4.661699072714963,4.562211592504584,4.562211592504584,6135600
1994-06-23,4.6048479080200195,4.633272895106563,4.576422920933476,4.633272895106563,5796000
1994-06-24,4.562209606170654,4.590634588140565,4.533784624200743,4.590634588140565,6758800
1994-06-27,4.6048479080200195,4.619060401563291,4.547997933846933,4.562210427390204,4138800
1994-06-28,4.590633392333984,4.6190583668995195,4.547995930485681,4.604845879616752,5272800
1994-06-29,4.64748477935791,4.675909762717898,4.604847304317929,4.604847304317929,7315200
1994-06-30,4.619057655334473,4.704332565894494,4.619057655334473,4.647482625521146,5797600
1994-07-01,4.732761383056641,4.761186376348272,4.661698899827562,4.661698899827562,7388000
1994-07-05,4.718548774719238,4.732761271028633,4.675911285791052,4.732761271028633,4550000
1994-07-06,4.718548774719238,4.732761271028633,4.661698789481657,4.718548774719238,4933600
1994-07-07,4.732761383056641,4.746973879702456,4.6901238931191935,4.718548886410825,4946800
1994-07-08,4.7611846923828125,4.7611846923828125,4.7043347259066,4.732759709144706,5437600
1994-07-11,4.775394439697266,4.789606923148746,4.718544505891346,4.761181956245785,5868800
1994-07-12,4.775394439697266,4.789606923148746,4.718544505891346,4.775394439697266,3582000
1994-07-13,4.7611846923828125,4.775397184001866,4.7185472175256535,4.775397184001866,4333600
1994-07-14,4.789609432220459,4.832246904910849,4.746971959530069,4.761184450426866,12867600
1994-07-15,4.818034648895264,4.832247140484925,4.789609665715941,4.789609665715941,9638400
1994-07-18,4.818034648895264,4.832247140484925,4.7611846825366175,4.818034648895264,4985200
1994-07-19,4.832248210906982,4.846460705644945,4.803823221431059,4.818035716169021,5230000
1994-07-20,4.8038225173950195,4.846459995360064,4.789610024740004,4.832247502705049,4770800
1994-07-21,4.832248210906982,4.9175231793347525,4.789610726693097,4.803823221431059,7400800
1994-07-22,4.846460342407227,4.874885329752723,4.818035355061729,4.832247848734478,5017600
1994-07-25,4.9175238609313965,4.9459488543471855,4.846461377391925,4.846461377391925,4592000
1994-07-26,4.889096736907959,4.917521717936494,4.874884246393692,4.917521717936494,3666400
1994-07-27,4.931735515594482,4.931735515594482,4.832248055625718,4.889098032750726,3505600
1994-07-28,5.017010688781738,5.017010688781738,4.903310729829178,4.931735719567318,10840400
1994-07-29,5.0454325675964355,5.059645053702341,4.988582623172814,5.017007595384625,6703600
1994-08-01,5.0454325675964355,5.073857539808246,5.03122008149053,5.0454325675964355,6283600
1994-08-02,5.017010688781738,5.0738606682580185,5.0027981939126684,5.045435678519879,6383200
1994-08-03,4.988584041595459,5.01700902188945,4.960159061301468,5.01700902188945,3712400
1994-08-04,4.988584041595459,5.01700902188945,4.960159061301468,4.988584041595459,4172400
1994-08-05,4.988584041595459,4.988584041595459,4.931734081007477,4.988584041595459,3328400
1994-08-08,4.988584041595459,5.0027965317424545,4.960159061301468,4.988584041595459,2623600
1994-08-09,4.988584041595459,5.0027965317424545,4.931734081007477,4.988584041595459,5011200
1994-08-10,5.0027971267700195,5.045434602282263,4.960159651257775,4.988584634932605,9024400
1994-08-11,4.960160255432129,5.002797736137849,4.945947761863555,5.002797736137849,3783600
1994-08-12,5.059648513793945,5.059648513793945,4.960161043017098,4.960161043017098,5595200
1994-08-15,5.031222820281982,5.1307102771802136,5.017010326439378,5.059647807967192,8099200
1994-08-16,5.187561511993408,5.215986506579673,5.045436539062082,5.045436539062082,8934000
1994-08-17,5.244410514831543,5.287047998691962,5.144923052490565,5.1875605363509845,9415200
1994-08-18,5.414959907531738,5.414959907531738,5.272834975575525,5.272834975575525,16713200
1994-08-19,5.315474033355713,5.414961515263441,5.3012615359403235,5.414961515263441,12590000
1994-08-22,5.287044525146484,5.315469495711788,5.287044525146484,5.315469495711788,5007200
1994-08-23,5.287044525146484,5.32968198099444,5.272832039863832,5.287044525146484,6678400
1994-08-24,5.258621692657471,5.287046674779943,5.201771728412525,5.287046674779943,7124400
1994-08-25,5.258621692657471,5.329684147963652,5.244409201596234,5.258621692657471,6272800
1994-08-26,5.301262378692627,5.329687378042186,5.272837379343069,5.272837379343069,5436000
1994-08-29,5.258621692657471,5.3154716569024165,5.230196710534998,5.30125916584118,5805600
1994-08-30,5.244410514831543,5.272835504071822,5.230198020211404,5.258623009451683,3777200
1994-08-31,5.230196952819824,5.287046919698301,5.230196952819824,5.244409444539444,4301200
1994-09-01,5.230196952819824,5.244409444539444,5.215984461100205,5.230196952819824,3058400
1994-09-02,5.258621692657471,5.272834183718707,5.215984219473762,5.230196710534998,3388400
1994-09-06,5.215984344482422,5.287046801491719,5.215984344482422,5.258621818688,2768400
1994-09-07,5.258621692657471,5.258621692657471,5.187559237351289,5.215984219473762,4658000
1994-09-08,5.244410514831543,5.258623009451683,5.215985525591264,5.258623009451683,3684400
1994-09-09,5.181039810180664,5.23813115795125,5.166766973238018,5.23813115795125,4711600
1994-09-12,5.181039810180664,5.223858321008604,5.181039810180664,5.181039810180664,3660400
1994-09-13,5.252403259277344,5.252403259277344,5.209584754446278,5.209584754446278,3547200
1994-09-14,5.380856990814209,5.380856990814209,5.209583028241873,5.252401518884957,6890800
1994-09-15,5.537858963012695,5.5521317953915945,5.395130639223709,5.395130639223709,9420800
1994-09-16,5.4522199630737305,5.480765617330661,5.4236743088168,5.480765617330661,16332000
1994-09-19,5.594949722290039,5.637768215062668,5.466494243972155,5.466494243972155,11783200
1994-09-20,5.537858963012695,5.652041622043885,5.537858963012695,5.59495029252829,11714800
1994-09-21,5.552133560180664,5.566406397096296,5.480769375602507,5.537860723265033,7314400
1994-09-22,5.566404819488525,5.580677652359008,5.495040655136108,5.552131986618042,4704800
1994-09-23,5.566404819488525,5.609223318099976,5.537859153747559,5.566404819488525,4680400
1994-09-26,5.68058443069458,5.694857255897331,5.580674654275329,5.580674654275329,4840400
1994-09-27,5.637767314910889,5.709131458137609,5.594948828974857,5.680585800846921,7714800
1994-09-28,5.609224796295166,5.6805889794541375,5.580679123031577,5.637770469558754,5841200
1994-09-29,5.580678939819336,5.609224612145777,5.552133267492894,5.609224612145777,5402800
1994-09-30,5.552133560180664,5.623497744758822,5.552133560180664,5.580679234011927,5398000
1994-10-03,5.623495578765869,5.652041241602244,5.537858590256744,5.552131421674932,6155600
1994-10-04,5.523588180541992,5.637770881948545,5.509315342866174,5.6234980442727265,7279200
1994-10-05,5.552133560180664,5.566406397096296,5.480769375602507,5.523587886349401,6377600
1994-10-06,5.566404819488525,5.594950485229492,5.537859153747559,5.552131986618042,4388800
1994-10-07,5.552133560180664,5.580679234011927,5.523587886349401,5.566406397096296,6135200
1994-10-10,5.594949722290039,5.594949722290039,5.5521312295174114,5.5521312295174114,4172000
1994-10-11,5.751947402954102,5.766220225293939,5.652037646575247,5.652037646575247,9326400
1994-10-12,5.694859981536865,5.7662241417065,5.694859981536865,5.751951309672573,6422400
1994-10-13,5.794771194458008,5.809044029912338,5.737679852640687,5.737679852640687,7466800
1994-10-14,5.780498504638672,5.809044176266518,5.737679997196905,5.794771340452595,4912400
1994-10-17,5.751947402954102,5.780493047633775,5.723401758274429,5.780493047633775,4049200
1994-10-18,5.794771194458008,5.809044029912338,5.709134181732027,5.751952688095018,5404800
1994-10-19,5.780498504638672,5.837589847894363,5.751952833010827,5.794771340452595,9315600
1994-10-20,5.709133625030518,5.766224961280823,5.680587956905366,5.766224961280823,10509600
1994-10-21,5.737680912017822,5.766226588197015,5.680589559659436,5.709135235838629,8708400
1994-10-24,5.637767314910889,5.751949944073641,5.623494486265545,5.737677115428297,6386000
1994-10-25,5.737680912017822,5.737680912017822,5.637771045390647,5.637771045390647,5132400
1994-10-26,5.709133625030518,5.751952127218247,5.680587956905366,5.73767929315567,5523200
1994-10-27,5.780498504638672,5.780498504638672,5.694861489755136,5.7091343255690585,4208400
1994-10-28,5.766223907470703,5.851860896195515,5.766223907470703,5.780496738924839,6453200
1994-10-31,5.751947402954102,5.851857159332957,5.737674580614265,5.766220225293939,5527200
1994-11-01,5.780498504638672,5.809044176266518,5.723407161382982,5.751952833010827,5485200
1994-11-02,5.737680912017822,5.823317940555402,5.737680912017822,5.780499426286612,6961200
1994-11-03,5.694859981536865,5.780496973740427,5.680587149502938,5.737678477638646,5618800
1994-11-04,5.709133625030518,5.7804977953434,5.680587956905366,5.694860790967941,6031600
1994-11-07,5.737680912017822,5.780499426286612,5.709135235838629,5.709135235838629,5116800
1994-11-08,5.780498504638672,5.809044176266518,5.76622566882475,5.76622566882475,5677200
1994-11-09,5.780498504638672,5.837589847894363,5.751952833010827,5.780498504638672,5918000
1994-11-10,5.766223907470703,5.80904240183311,5.766223907470703,5.780496738924839,4196800
1994-11-11,5.766223907470703,5.780496738924839,5.751951076016568,5.766223907470703,3880800
1994-11-14,5.8661394119262695,5.8661394119262695,5.780502340219316,5.780502340219316,5122800
1994-11-15,5.880404949188232,5.93035984560124,5.851859294095086,5.86613212164166,6028800
1994-11-16,5.966045379638672,5.966045379638672,5.880408364619934,5.880408364619934,5701600
1994-11-17,5.937501907348633,5.966047589595501,5.8804105428548965,5.966047589595501,7351200
1994-11-18,5.994593620300293,6.008866462253389,5.923229410534813,5.937502252487909,12910400
1994-11-21,6.06595516204834,6.108773669074564,6.037409490697525,6.037409490697525,5462400
1994-11-22,5.966045379638672,6.108773738003233,5.951772543802216,6.065955230493865,8660800
1994-11-23,5.908950328826904,5.966041636351802,5.8518590213020065,5.966041636351802,9977200
1994-11-25,5.945624351501465,5.959951157167733,5.916970740168928,5.931297545835196,2404800
1994-11-28,5.974283695220947,5.988610514633947,5.888322778742948,5.945630056394948,4730000
1994-11-29,5.959959506988525,5.959959506988525,5.8883253782987595,5.959959506988525,4000000
1994-11-30,5.85966682434082,5.974281334352376,5.845340010589376,5.959954520600932,6785200
1994-12-01,5.788037300109863,5.8739982501114945,5.788037300109863,5.859671425111223,6180000
1994-12-02,5.90264892578125,5.916975743562273,5.788034383533071,5.788034383533071,3929600
1994-12-05,5.90264892578125,5.931302561343295,5.859668472438183,5.90264892578125,3905200
1994-12-06,5.85966682434082,5.902647265595154,5.802359569335042,5.902647265595154,5281200
1994-12-07,5.831015586853027,5.87399604572418,5.8023619476055925,5.859669226100463,5961600
1994-12-08,5.802360534667969,5.845340983072917,5.788033718532986,5.831014166937934,4102400
1994-12-09,5.7307257652282715,5.802359837293625,5.70207213640213,5.802359837293625,6738400
1994-12-12,5.716400146484375,5.745053781303845,5.70207332907464,5.73072696389411,6651600
1994-12-13,5.745055198669434,5.788035661502372,5.702074735836495,5.716401556780808,5999600
1994-12-14,5.831015586853027,5.845342406476745,5.75938148873444,5.75938148873444,6950400
1994-12-15,5.845339775085449,5.888320214608136,5.802359335562762,5.83101296191122,7789600
1994-12-16,5.916977405548096,5.916977405548096,5.84534329652209,5.84534329652209,21001200
1994-12-19,5.8883233070373535,5.916976948434129,5.8739964863389655,5.916976948434129,5346800
1994-12-20,5.974283695220947,5.988610514633947,5.916976417568947,5.916976417568947,6661600
1994-12-21,6.045917510986328,6.0602443297327415,5.988610236000675,5.988610236000675,6763600
1994-12-22,5.85966682434082,6.01726177560671,5.85966682434082,6.01726177560671,11082000
1994-12-23,5.916977405548096,5.945631049158498,5.873996940132493,5.873996940132493,3908800
1994-12-27,5.988612174987793,5.988612174987793,5.9313048814472396,5.9313048814472396,3012400
1994-12-28,5.988612174987793,6.01726582175807,5.959958528217516,5.988612174987793,3588000
1994-12-29,6.002939224243164,6.002939224243164,5.9599587524705395,5.988612400318956,3500400
1994-12-30,5.90264892578125,6.01726346802943,5.90264892578125,6.002936650248407,3295200
1995-01-03,5.931301116943359,5.945627931235493,5.873993859774824,5.902647488359092,5140400
1995-01-04,5.802360534667969,5.931301879882812,5.773706902398003,5.931301879882812,6486000
1995-01-05,5.773705005645752,5.816685439930956,5.716397759932146,5.802358628502555,8465600
1995-01-06,5.773705005645752,5.802358628502555,5.730724571360548,5.773705005645752,5403200
1995-01-09,5.687745094299316,5.759379163497041,5.673418280459772,5.759379163497041,5883600
1995-01-10,5.630442142486572,5.716403091226826,5.61611531769653,5.687749441646741,7449600
1995-01-11,5.644766330718994,5.673419966915538,5.616112694522451,5.630439512620723,7812400
1995-01-12,5.702072620391846,5.716399436020971,5.587458095358844,5.644765357875345,8340400
1995-01-13,5.702072620391846,5.788033514166598,5.687745804762721,5.702072620391846,9859200
1995-01-16,5.802360534667969,5.831014166937934,5.745053270128039,5.745053270128039,5756800
1995-01-17,5.831015586853027,5.87399604572418,5.8023619476055925,5.8023619476055925,5141200
1995-01-18,5.788037300109863,5.816690950110407,5.759383650109319,5.816690950110407,4547600
1995-01-19,5.831015586853027,5.859669226100463,5.730727849487005,5.788035127981875,6010400
1995-01-20,5.831015586853027,5.845342406476745,5.8023619476055925,5.831015586853027,10706800
1995-01-23,5.831015586853027,5.87399604572418,5.8023619476055925,5.831015586853027,5020800
1995-01-24,5.773705005645752,5.831012251359358,5.7593781942173505,5.831012251359358,5836800
1995-01-25,5.802360534667969,5.845340983072917,5.759380086263021,5.773706902398003,6080000
1995-01-26,5.931301116943359,5.931301116943359,5.802359788314156,5.802359788314156,4964000
1995-01-27,6.002939224243164,6.045919696015788,5.9313051046221235,5.9313051046221235,7456000
1995-01-30,6.031591892242432,6.045918713839207,5.959957784258555,6.0029382490488805,5830400
1995-01-31,6.017266273498535,6.045919922419957,6.002939449037824,6.031593097959246,5863200
1995-02-01,5.988612174987793,6.060246291913484,5.988612174987793,6.01726582175807,4682000
1995-02-02,6.002939224243164,6.002939224243164,5.916978280697916,5.988612400318956,4794000
1995-02-03,6.088896751403809,6.088896751403809,6.031589487861185,6.031589487861185,5730800
1995-02-06,6.103227138519287,6.146207611325761,6.060246665712813,6.088900314250463,5790800
1995-02-07,6.146203517913818,6.174857147367962,6.088896259005531,6.103223073732603,4474800
1995-02-08,6.103227138519287,6.2035149084010595,6.103227138519287,6.146207611325761,4912000
1995-02-09,6.017266273498535,6.11755404472351,6.002939449037824,6.1032272202627995,4352000
1995-02-10,6.088896751403809,6.103223567289465,5.959955408432904,6.017262671975528,5887600
1995-02-13,6.002939224243164,6.10322699171262,5.988612400318956,6.088900167788412,4449200
1995-02-14,5.974283695220947,6.031590972872946,5.945630056394948,6.002937334046947,5996400
1995-02-15,6.060243129730225,6.088896761549281,5.974282234273058,5.974282234273058,6121600
1995-02-16,6.189181804656982,6.189181804656982,6.04591370732696,6.060240517059962,6071200
1995-02-17,6.117550373077393,6.189184452387432,6.117550373077393,6.189184452387432,12989200
1995-02-21,6.146203517913818,6.174857147367962,6.088896259005531,6.117549888459674,5260000
1995-02-22,6.16052770614624,6.174854514765185,6.103220471670461,6.1462008975272955,6856000
1995-02-23,6.189181804656982,6.2464890435889915,6.160528185190978,6.160528185190978,5518000
1995-02-24,6.275149345397949,6.2894761703874424,6.189188395460991,6.189188395460991,4967200
1995-02-27,6.246492385864258,6.318126472858114,6.246492385864258,6.275146020661801,4788800
1995-02-28,6.30380392074585,6.30380392074585,6.20351613109762,6.246496612375433,5686800
1995-03-01,6.332454681396484,6.332454681396484,6.260820578665755,6.303801040304193,5937600
1995-03-02,6.289473533630371,6.361107628546434,6.275146714647158,6.332453990580009,3712400
1995-03-03,6.318127155303955,6.361107612142757,6.260819879518885,6.2894735174114205,4786000
1995-03-06,6.404087543487549,6.418414361258214,6.260819365780892,6.318126636863554,5340400
1995-03-07,6.346779823303223,6.404087090330791,6.318126189789439,6.404087090330791,7058000
1995-03-08,6.361106872558594,6.389760507119669,6.346780055278057,6.346780055278057,6709600
1995-03-09,6.328892707824707,6.400811943140897,6.300125013698231,6.386428096077659,5717600
1995-03-10,6.5302605628967285,6.544644396735708,6.328886889151015,6.328886889151015,7529200
1995-03-13,6.544642448425293,6.57341010753925,6.501490959754356,6.530258618868314,4592400
1995-03-14,6.544642448425293,6.587793937096229,6.530258618868314,6.544642448425293,4772400
1995-03-15,6.573412895202637,6.5877967308595355,6.530261388231941,6.54464522388884,4292000
1995-03-16,6.731634616851807,6.760402286154592,6.559028601035093,6.573412435686486,6750800
1995-03-17,6.702868938446045,6.746020455217156,6.688485099522341,6.731636616293453,13594800
1995-03-20,6.645330429077148,6.702865757467427,6.6309465969795784,6.702865757467427,5820000
1995-03-21,6.731634616851807,6.832321459411555,6.64533160894345,6.64533160894345,7289600
1995-03-22,6.789170742034912,6.832322250988524,6.7460192330813005,6.7460192330813005,6744800
1995-03-23,6.674099922180176,6.719049409802618,6.602180741984269,6.719049409802618,17843200
1995-03-24,6.645330429077148,6.702865757467427,6.6309465969795784,6.6740980932722875,8181200
1995-03-27,6.602184295654297,6.630951983217061,6.530265076747387,6.630951983217061,7771200
1995-03-28,6.559026718139648,6.616562040228592,6.559026718139648,6.602178209706357,5079600
1995-03-29,6.630950927734375,6.702870135193534,6.515880195799722,6.559031720275217,9080800
1995-03-30,6.5302605628967285,6.645331233608565,6.515876729057749,6.630947399769586,5494000
1995-03-31,6.487109184265137,6.573412188933853,6.472725350153684,6.530260686599495,7028800
1995-04-03,6.645330429077148,6.6597142611747175,6.458340611808744,6.487108276003883,6577200
1995-04-04,6.717251777648926,6.717251777648926,6.659716430517029,6.659716430517029,6312800
1995-04-05,6.702868938446045,6.717252777369748,6.659717421674933,6.717252777369748,4466000
1995-04-06,6.731634616851807,6.731634616851807,6.659715443594843,6.702866947549021,4118000
1995-04-07,6.760400772094727,6.774784603524716,6.659713952084806,6.73163310923475,4659600
1995-04-10,6.731634616851807,6.7747861208059845,6.717250782200414,6.760402286154592,3836400
1995-04-11,6.6597137451171875,6.760400561998009,6.645329914134213,6.73163290003206,4266000
1995-04-12,6.717251777648926,6.717251777648926,6.645332593734055,6.659716430517029,4249200
1995-04-13,6.688482284545898,6.774785281765845,6.688482284545898,6.717249950285881,3522400
1995-04-17,6.573412895202637,6.717251251771622,6.573412895202637,6.6884835804578255,5425200
1995-04-18,6.717251777648926,6.7316356144319,6.573413409819184,6.573413409819184,4948400
1995-04-19,6.6597137451171875,6.73163290003206,6.573410759219341,6.717249069049085,7298400
1995-04-20,6.587793827056885,6.659712973640475,6.587793827056885,6.659712973640475,3889200
1995-04-21,6.688482284545898,6.688482284545898,6.58779545445596,6.58779545445596,8422400
1995-04-24,6.717251777648926,6.7316356144319,6.645332593734055,6.688484104082977,3816400
1995-04-25,6.702868938446045,6.731636616293453,6.659717421674933,6.717252777369748,3542000
1995-04-26,6.688482284545898,6.746017616025863,6.674098451675907,6.70286611741589,5839200
1995-04-27,6.674099922180176,6.71725143029772,6.674099922180176,6.688483758219357,4389200
1995-04-28,6.688482284545898,6.70286611741589,6.6309469530659335,6.674098451675907,6223200
1995-05-01,6.630950927734375,6.67410245220987,6.630950927734375,6.67410245220987,6298400
1995-05-02,6.674099922180176,6.702867594258539,6.616564578023451,6.630948414062631,5975600
1995-05-03,6.746016979217529,6.746016979217529,6.688481653168766,6.688481653168766,8095600
1995-05-04,6.789170742034912,6.832322250988524,6.73163539676343,6.7460192330813005,10088800
1995-05-05,6.846707820892334,6.889859340771908,6.789172461052903,6.789172461052903,5188000
1995-05-08,6.990542411804199,7.004926243927254,6.8467040905736605,6.8467040905736605,6488400
1995-05-09,7.019313335418701,7.048081013022876,6.961777980210351,6.9905456578145255,6095200
1995-05-10,7.062460899353027,7.105612391609767,7.019309407096288,7.019309407096288,8253600
1995-05-11,7.004927635192871,7.0768468100921815,6.990543800213009,7.06246297511232,6382000
1995-05-12,6.789170742034912,6.976160614167229,6.774786905717042,6.976160614167229,11292800
1995-05-15,6.6597137451171875,6.817935885929907,6.630946083151239,6.789168223963958,15693200
1995-05-16,6.602184295654297,6.6597196707798245,6.544648920528769,6.6597196707798245,14427200
1995-05-17,6.674099922180176,6.702867594258539,6.602180741984269,6.602180741984269,12747600
1995-05-18,6.587793827056885,6.717248290907348,6.587793827056885,6.674096802957193,8800000
1995-05-19,6.717251777648926,6.717251777648926,6.55902957303621,6.587797246602158,13620000
1995-05-22,6.760400772094727,6.760400772094727,6.702865446374772,6.71724927780476,4430400
1995-05-23,6.889857769012451,6.889857769012451,6.760403238905746,6.760403238905746,7442000
1995-05-24,6.861088275909424,6.9042397745000486,6.803552944455257,6.889855941636507,6097600
1995-05-25,6.90424108505249,6.947392591834069,6.846705742677053,6.861089578270913,6060400
1995-05-26,6.861088275909424,6.918623607363591,6.83232061018234,6.9042397745000486,6882800
1995-05-30,6.918625831604004,6.918625831604004,6.861090481653035,6.861090481653035,4012400
1995-05-31,7.091227054595947,7.119994709989846,6.904237294535608,6.918621122232556,7300400
1995-06-01,7.019313335418701,7.120000207033313,6.961777980210351,7.0912325294291385,6048000
1995-06-02,7.004927635192871,7.105614480051906,6.961776130253285,7.019311470172733,5143600
1995-06-05,6.947393894195557,7.004929247356596,6.889858541034516,7.004929247356596,4532000
1995-06-06,6.933011054992676,7.004930256807953,6.918627214629621,6.947394895355732,3978400
1995-06-07,6.961776256561279,6.990543927042937,6.8898570803571335,6.9330085860796204,2508000
1995-06-08,6.990542411804199,7.019310076050307,6.9473909154350375,6.961774747558092,3702000
1995-06-09,6.90424108505249,6.990544098615646,6.889857249458631,6.990544098615646,5911600
1995-06-12,6.933011054992676,6.961778735718787,6.88985953390351,6.904243374266565,4702800
1995-06-13,6.987290382385254,7.001726932762083,6.958417281631596,6.958417281631596,4248800
1995-06-14,7.030597686767578,7.073907323441712,6.9584149589773565,6.987288050093445,4628800
1995-06-15,7.088345050811768,7.131654694706747,7.030598858951794,7.030598858951794,4476800
1995-06-16,7.203834533691406,7.218271075843092,7.0883421964779165,7.0883421964779165,14975600
1995-06-19,7.24714994430542,7.2615864979793345,7.174967175935843,7.203840283283674,4116000
1995-06-20,7.304892539978027,7.319329086499723,7.218273260847853,7.247146353891244,5641600
1995-06-21,7.3915114402771,7.420384531840682,7.304892165586352,7.304892165586352,7338400
1995-06-22,7.492568016052246,7.535877657763531,7.434821827103867,7.434821827103867,5820000
1995-06-23,7.550312519073486,7.6080586951275855,7.492566343019386,7.492566343019386,4465600
1995-06-26,7.593626976013184,7.622500082385858,7.550317316454174,7.550317316454174,4096000
1995-06-27,7.478133678436279,7.593626090458462,7.434824023927962,7.593626090458462,7443200
1995-06-28,7.4492597579956055,7.50700595766999,7.391513558321221,7.478132857832798,6949200
1995-06-29,7.3915114402771,7.492567260749638,7.348201802931726,7.4492576234042645,6576800
1995-06-30,7.362639904022217,7.507005392336378,7.362639904022217,7.391513001685049,4618000
1995-07-03,7.4492597579956055,7.463696307914201,7.362640458484028,7.362640458484028,1792400
1995-07-05,7.377074718475342,7.521440172848637,7.362638173038013,7.449257445661989,6891200
1995-07-06,7.4492597579956055,7.4492597579956055,7.3482039085654325,7.377077008402625,5729200
1995-07-07,7.304892539978027,7.492567644760071,7.290455993456331,7.449258005194984,7645600
1995-07-10,7.362639904022217,7.420386099347882,7.333766806359384,7.333766806359384,7407600
1995-07-11,7.3915114402771,7.3915114402771,7.319328711368144,7.362638348713517,4734000
1995-07-12,7.521444320678711,7.521444320678711,7.362642233293939,7.39151534009117,4381200
1995-07-13,7.4636969566345215,7.5358797125013925,7.377077649594275,7.521443161328018,4482400
1995-07-14,7.377074718475342,7.478130536536648,7.377074718475342,7.463693991099319,4589600
1995-07-17,7.3915114402771,7.420384531840682,7.333765257149935,7.377074894495308,5247200
1995-07-18,7.4492597579956055,7.463696307914201,7.362640458484028,7.391513558321221,4444000
1995-07-19,7.521444320678711,7.5503174274759415,7.420388446888402,7.449261553685632,6855600
1995-07-20,7.420385837554932,7.550314772453754,7.362639644266567,7.521441675809571,5752800
1995-07-21,7.521444320678711,7.521444320678711,7.377078786692555,7.420388446888402,12502400
1995-07-24,7.535879135131836,7.579188785333743,7.492569484929929,7.521442585064534,3861200
1995-07-25,7.579184055328369,7.579184055328369,7.507001350039528,7.535874432155064,3397600
1995-07-26,7.680244445800781,7.723554094931237,7.5647520481195665,7.579188597829718,5338400
1995-07-27,7.680244445800781,7.723554094931237,7.651371346380478,7.680244445800781,4396000
1995-07-28,7.622496604919434,7.7091158845207906,7.608060058319207,7.680242791320339,2989200
1995-07-31,7.579184055328369,7.622493678501674,7.521437891097296,7.622493678501674,3956800
1995-08-01,7.680244445800781,7.709117545221085,7.550315498409415,7.579188597829718,5228000
1995-08-02,7.6080641746521,7.752429718763145,7.579191065829891,7.680246946707623,5776800
1995-08-03,7.593626976013184,7.6658097419448685,7.56475386964051,7.608063529199521,4850800
1995-08-04,7.636935234069824,7.651371784606819,7.593625582458842,7.593625582458842,2689600
1995-08-07,7.593626976013184,7.651373188758531,7.535880763267836,7.636936635572194,2959200
1995-08-08,7.622496604919434,7.622496604919434,7.564750418518529,7.593623511718981,3415600
1995-08-09,7.709115505218506,7.723552051108428,7.593623138099128,7.622496229878972,3360400
1995-08-10,7.709115505218506,7.7524251428882724,7.651369321658817,7.709115505218506,4860800
1995-08-11,7.622496604919434,7.694679337920564,7.579186965118755,7.694679337920564,6809600
1995-08-14,7.6658034324646,7.680239973768677,7.564747643336065,7.62249380855237,3816400
1995-08-15,7.564752578735352,7.622498781626461,7.521442926567019,7.622498781626461,7271200
1995-08-16,7.4492597579956055,7.50700595766999,7.420386658158414,7.50700595766999,10228000
1995-08-17,7.43481969833374,7.449256241437301,7.333763896608816,7.449256241437301,10762000
1995-08-18,7.2760210037231445,7.391513400607639,7.232711354891459,7.391513400607639,15233200
1995-08-21,7.290458679199219,7.362641438399211,7.261585575519222,7.27602212735922,8257200
1995-08-22,7.304892539978027,7.333765633021418,7.247146353891244,7.290455993456331,8584800
1995-08-23,7.2615838050842285,7.333766546685464,7.2615838050842285,7.304893450044969,5272000
1995-08-24,7.362639904022217,7.362639904022217,7.27602061103372,7.27602061103372,5158800
1995-08-25,7.4492597579956055,7.478132857832798,7.391513558321221,7.391513558321221,6627600
1995-08-28,7.478133678436279,7.492570229939052,7.420387472425189,7.449260575430734,4306800
1995-08-29,7.4636969566345215,7.492570058981269,7.420387303114398,7.478133507807895,3684000
1995-08-30,7.420385837554932,7.478132030843297,7.420385837554932,7.463695482521206,4794800
1995-08-31,7.420385837554932,7.478132030843297,7.391512740910749,7.420385837554932,5545600
1995-09-01,7.405946254730225,7.463692424357751,7.391509712323343,7.420382797137106,4201600
1995-09-05,7.362639904022217,7.391513001685049,7.319330257527969,7.391513001685049,5315600
1995-09-06,7.4492597579956055,7.463696307914201,7.362640458484028,7.362640458484028,5516000
1995-09-07,7.377074718475342,7.449257445661989,7.362638173038013,7.449257445661989,5791600
1995-09-08,7.34820556640625,7.405951779108853,7.333769013230599,7.377078672757551,6103200
1995-09-11,7.362639904022217,7.405949550516465,7.362639904022217,7.362639904022217,4402800
1995-09-12,7.4636969566345215,7.4636969566345215,7.377077649594275,7.377077649594275,6072800
1995-09-13,7.634050369262695,7.634050369262695,7.431248272166533,7.489191728479722,6682400
1995-09-14,7.691991806030273,7.706477666305283,7.576104923830194,7.6340483649302335,7926400
1995-09-15,7.720963478088379,7.764421058640471,7.663020037352256,7.691991757720317,14606800
1995-09-18,7.749936580657959,7.764422443425544,7.677507266820034,7.720964855122789,4293200
1995-09-19,7.822364807128906,7.822364807128906,7.735449642605252,7.749935503359194,4229600
1995-09-20,8.010683059692383,8.054140653144602,7.8223668213994335,7.8223668213994335,8595200
1995-09-21,8.054139137268066,8.097596722541097,7.952738104964332,8.010681551995038,5928400
1995-09-22,8.184513092041016,8.184513092041016,7.952739269965518,8.054140317123549,5979600
1995-09-25,8.126567840576172,8.170025422611339,8.068624397862617,8.170025422611339,4671200
1995-09-26,8.083108901977539,8.09759476022481,7.981707894246638,8.09759476022481,4724000
1995-09-27,8.126567840576172,8.141053701254561,7.996195094470672,8.083110258541005,5108000
1995-09-28,7.967226028442383,8.14105641451749,7.938254297429864,8.12657054901123,5733200
1995-09-29,7.996194839477539,8.039652420126874,7.865822097529535,7.967223119044649,6300800
1995-10-02,7.981709957122803,8.054139267078545,7.9237665091582095,7.996195819113951,5473600
1995-10-03,8.213482856750488,8.227968717168038,8.025166671322348,8.025166671322348,5711200
1995-10-04,8.300397872924805,8.300397872924805,8.15553927130308,8.21348271195177,5485200
1995-10-05,8.184513092041016,8.329371730838202,8.14105550040186,8.300400003078765,6158800
1995-10-06,8.199000358581543,8.242457957655297,8.155542759507789,8.184514492223625,2790400
1995-10-09,8.300397872924805,8.372827173735667,8.15553927130308,8.198996851789596,4142800
1995-10-10,8.27142333984375,8.314880905552211,8.170022353190674,8.300395050316057,6683200
1995-10-11,8.242454528808594,8.300397970135895,8.184511087481292,8.271426249472244,4237600
1995-10-12,8.199000358581543,8.285915556729051,8.199000358581543,8.242457957655297,2575200
1995-10-13,8.213482856750488,8.329369740090884,8.213482856750488,8.213482856750488,3372000
1995-10-16,8.300397872924805,8.343855453411322,8.21348271195177,8.21348271195177,3349200
1995-10-17,8.213482856750488,8.300398019255786,8.17002527549784,8.300398019255786,3501200
1995-10-18,8.314889907836914,8.329375778756491,8.184517069560725,8.213488811399879,4730400
1995-10-19,8.51768970489502,8.51768970489502,8.19900063430371,8.314887569064187,10838000
1995-10-20,8.387314796447754,8.561145154923356,8.372828933241454,8.517687565304454,13272400
1995-10-23,8.343855857849121,8.387313440442085,8.314884136120478,8.387313440442085,5838000
1995-10-24,8.401802062988281,8.430773794239965,8.329372734859072,8.343858600484914,5394400
1995-10-25,8.314889907836914,8.314889907836914,8.256946424158608,8.314889907836914,10221600
1995-10-26,8.227968215942383,8.38731267082859,8.198996496872162,8.314883373153041,9260800
1995-10-27,8.300397872924805,8.30764080300589,8.184510991627425,8.227968572113943,6468400
1995-10-30,8.343855857849121,8.372827579577763,8.300398275256157,8.300398275256157,4279200
1995-10-31,8.329368591308594,8.430769600246263,8.329368591308594,8.34385444972826,5702800
1995-11-01,8.314889907836914,8.37283339151522,8.28591816599776,8.329375778756491,4869600
1995-11-02,8.300397872924805,8.343855453411322,8.256940292438287,8.314883733086976,4910800
1995-11-03,8.242454528808594,8.358341411463195,8.242454528808594,8.300397970135895,6625600
1995-11-06,8.155538558959961,8.271425430135235,8.155538558959961,8.242453712341417,4516400
1995-11-07,8.25694465637207,8.25694465637207,8.155543581644693,8.155543581644693,5918800
1995-11-08,8.430768013000488,8.430768013000488,8.27142360038364,8.27142360038364,6779600
1995-11-09,8.314889907836914,8.459748617032679,8.314889907836914,8.430776875193526,5708000
1995-11-10,8.430768013000488,8.430768013000488,8.300395311768522,8.314881167460962,3973600
1995-11-13,8.561144828796387,8.575630691450865,8.40180033959713,8.430772064906085,5506400
1995-11-14,8.575632095336914,8.604603825388727,8.503202770207379,8.561146230311007,5934000
1995-11-15,8.604605674743652,8.619091542882952,8.48871872962926,8.575633938465055,5509200
1995-11-16,8.662545204162598,8.706002788798864,8.604601757980909,8.604601757980909,6279200
1995-11-17,8.691526412963867,8.706012290318807,8.633582903544108,8.662554658253988,9172000
1995-11-20,8.720487594604492,8.720487594604492,8.648058295645983,8.691515875021087,4393200
1995-11-21,8.894320487976074,8.908806351963007,8.706004256145961,8.720490120132894,5382400
1995-11-22,8.691526412963867,8.879842818578084,8.691526412963867,8.879842818578084,4871200
1995-11-24,8.720487594604492,8.749459314187895,8.691515875021087,8.691515875021087,972000
1995-11-27,8.648056983947754,8.734972129515068,8.61908526875865,8.720486271920516,5248000
1995-11-28,8.734979629516602,8.763951369581333,8.63357853929004,8.648064409322407,5060800
1995-11-29,8.775074005126953,8.775074005126953,8.70243266402491,8.760545736906545,3523200
1995-11-30,8.804131507873535,8.847716317318454,8.760546698428616,8.77507496824359,4748400
1995-12-01,8.807762145996094,8.87677141641833,8.77507354421714,8.804130079131765,4114800
1995-12-04,8.862244606018066,8.862244606018066,8.731490177404686,8.807763594095825,5209600
1995-12-05,8.992997169494629,9.036581969992987,8.818657967501196,8.862242767999554,5074400
1995-12-06,9.225447654724121,9.225447654724121,8.992995430353119,8.992995430353119,7152400
1995-12-07,9.109220504760742,9.210918341337019,9.065635717656624,9.210918341337019,5218800
1995-12-08,9.123750686645508,9.196392013768481,9.080165890371724,9.109222421220913,3580000
1995-12-11,9.225447654724121,9.312617238863247,9.10922154253862,9.123749806561808,5690000
1995-12-12,9.312617301940918,9.32714556606251,9.210919453089769,9.225447717211361,4158000
1995-12-13,9.29808521270752,9.341669987142087,9.283556954562664,9.312613470852375,4852000
1995-12-14,9.152810096740723,9.298092796688987,9.152810096740723,9.298092796688987,6360800
1995-12-15,9.138278007507324,9.225447591044755,9.123749743584419,9.15280627143023,19741200
1995-12-18,9.022055625915527,9.094696975560579,9.007527355986516,9.094696975560579,6014800
1995-12-19,8.978466987609863,9.051108306279845,8.789599559067907,9.022051778811852,9596800
1995-12-20,8.629793167114258,8.978471678916854,8.629793167114258,8.978471678916854,8376800
1995-12-21,8.455445289611816,8.83317995890719,8.324690981009573,8.629784367748142,27332800
1995-12-22,8.368281364440918,8.484507494502598,8.20847043560611,8.455450961987179,14698800
1995-12-26,8.673375129699707,8.70243166279753,8.368281532172581,8.368281532172581,8573600
1995-12-27,8.673375129699707,8.760544728993171,8.673375129699707,8.673375129699707,8964000
1995-12-28,8.70242977142334,8.731486298206056,8.629788454466551,8.673373244640624,5162400
1995-12-29,8.629793167114258,8.731491066390015,8.557151810488717,8.702434523739798,5038000
1996-01-02,8.71696662902832,8.746023184458416,8.586212129592896,8.629796962738038,7598800
1996-01-03,8.78960132598877,8.818657859297824,8.731488259370662,8.731488259370662,7097200
1996-01-04,8.71696662902832,8.833192850748699,8.658853518168131,8.789608017603557,8546400
1996-01-05,8.673375129699707,8.775072995542082,8.615262063504064,8.716959929346439,6228400
1996-01-08,8.731492042541504,8.746020315490824,8.673378950744222,8.673378950744222,1896800
1996-01-09,8.615262031555176,8.77507296300055,8.600733765060141,8.731488163515449,6684000
1996-01-10,8.469979286193848,8.58620541705071,8.45545101983674,8.58620541705071,7148000
1996-01-11,8.557145118713379,8.557145118713379,8.382805999147061,8.469975558930221,8260000
1996-01-12,8.455445289611816,8.615256111236782,8.411860520077735,8.55714308519134,7219200
1996-01-15,8.557145118713379,8.57167337867724,8.45544729896636,8.45544729896636,4016800
1996-01-16,8.70242977142334,8.70242977142334,8.49903408394433,8.557147137509762,4967200
1996-01-17,8.499035835266113,8.760544630197378,8.484507568881043,8.702431564657097,7014400
1996-01-18,8.528092384338379,8.542620650751221,8.382809720209957,8.499035851512694,6645600
1996-01-19,8.528092384338379,8.586205449989748,8.455451052274167,8.528092384338379,8391200
1996-01-22,8.455445289611816,8.528086572168618,8.397332263566375,8.528086572168618,5954400
1996-01-23,8.542622566223145,8.57167910556404,8.39733986951867,8.45545294820046,5876800
1996-01-24,8.731492042541504,8.731492042541504,8.5862093130483,8.5862093130483,6524000
1996-01-25,8.557145118713379,8.746012498243555,8.49903207885794,8.731484238279695,7552800
1996-01-26,8.658845901489258,8.658845901489258,8.51356325213541,8.557148046941565,4814800
1996-01-29,8.629793167114258,8.687906252414692,8.61526489578915,8.658849709764475,3785200
1996-01-30,8.746017456054688,8.77507399245354,8.658847846858128,8.658847846858128,6600000
1996-01-31,8.760546684265137,8.80413149363959,8.67337706551623,8.746018414473651,5199600
1996-02-01,8.775074005126953,8.789602273347363,8.716960932245318,8.760545736906545,6909600
1996-02-02,8.731492042541504,8.833189953186746,8.702435496642863,8.775076861389465,6744400
1996-02-05,8.862244606018066,8.862244606018066,8.702433637712824,8.731490177404686,5068000
1996-02-06,8.905830383300781,8.920358654725415,8.789604211903708,8.862245569026879,8264800
1996-02-07,9.065637588500977,9.080165853867165,8.920354934839102,8.920354934839102,9185600
1996-02-08,9.32714557647705,9.38525863302831,9.022052029582941,9.065636821996385,9802400
1996-02-09,9.254507064819336,9.327148407557322,9.181865722081351,9.327148407557322,8433200
1996-02-12,9.254507064819336,9.298091870462127,9.181865722081351,9.254507064819336,6339200
1996-02-13,9.385263442993164,9.53054615882897,9.269037270324517,9.269037270324517,10009200
1996-02-14,9.414319038391113,9.457903848754036,9.283564607302347,9.385262498149165,8844000
1996-02-15,9.443376541137695,9.559602713951698,9.385263454730694,9.414319997934195,6568400
1996-02-16,9.356200218200684,9.399785001825842,9.312615434575525,9.399785001825842,10399200
1996-02-20,9.37073040008545,9.50148477776106,9.283560814968375,9.35620213589927,6419600
1996-02-21,9.516012191772461,9.516012191772461,9.385257825778641,9.385257825778641,4871200
1996-02-22,9.762993812561035,9.792050341765087,9.588654637336731,9.588654637336731,7690000
1996-02-23,9.661294937133789,9.80657756776738,9.545068832626917,9.762992778577303,6533200
1996-02-26,9.501485824584961,9.632240216666405,9.472429293011306,9.632240216666405,5782800
1996-02-27,9.54507064819336,9.54507064819336,9.356203192445241,9.501485850713024,8136400
1996-02-28,9.457903861999512,9.690356184260636,9.428847321716871,9.545073482847434,9175600
1996-02-29,9.385263442993164,9.559602701996132,9.31262208507526,9.457904800911066,7492400
1996-03-01,9.54507064819336,9.559598914020137,9.414316255752354,9.414316255752354,6280400
1996-03-04,9.762993812561035,9.806578606367111,9.516013314326605,9.545069843530655,6585200
1996-03-05,9.792046546936035,9.792046546936035,9.704876993105744,9.762990028992606,4802800
1996-03-06,9.661294937133789,9.80657756776738,9.632238411007071,9.79204930470402,5117200
1996-03-07,9.704883575439453,9.762996650741487,9.603185693660896,9.66129876896293,6560800
1996-03-08,9.32714557647705,9.632239123371159,9.283560784063607,9.632239123371159,11803200
1996-03-11,9.428844451904297,9.486957514781981,9.312618326148929,9.327146591868349,10594400
1996-03-12,9.443376541137695,9.443376541137695,9.283565553518443,9.428848269535946,7973600
1996-03-13,9.457947731018066,9.530813275941165,9.414228404064207,9.472520840002685,7414800
1996-03-14,9.501667022705078,9.589105676288254,9.44337458698296,9.457947695913491,5267200
1996-03-15,9.428796768188477,9.516235378094398,9.41422366653749,9.501662276443412,12249200
1996-03-18,9.618244171142578,9.632817268371582,9.501659393310547,9.501659393310547,6808400
1996-03-19,9.618244171142578,9.66196346282959,9.574524879455566,9.618244171142578,6303600
1996-03-20,9.82226848602295,9.8368415846669,9.661964400939489,9.661964400939489,5901200
1996-03-21,9.749405860900879,9.851417581418525,9.7056865521076,9.82227137555634,5139200
1996-03-22,9.778552055358887,9.822271364101177,9.7202596437025,9.749405849530694,3704800
1996-03-25,9.851419448852539,9.880565660239677,9.822273237465401,9.822273237465401,5131600
1996-03-26,9.89513874053955,9.924284951851892,9.79312700094636,9.851419423571041,5312400
1996-03-27,9.778552055358887,9.953429290328048,9.778552055358887,9.89513687867166,6892800
1996-03-28,9.778552055358887,9.807698261187081,9.734832746616597,9.778552055358887,4888800
1996-03-29,9.647397994995117,9.793129082532808,9.632824886241348,9.778555973779039,5764000
1996-04-01,9.82226848602295,9.8368415846669,9.691110598227391,9.691110598227391,8300000
1996-04-02,9.793124198913574,9.851416604859487,9.749404894454138,9.82227040188653,4944800
1996-04-03,9.793124198913574,9.807697300400052,9.720258691481181,9.793124198913574,3786000
1996-04-04,9.763983726501465,9.807703056620129,9.734837506422357,9.793129946580574,4069600
1996-04-08,9.618244171142578,9.632817268371582,9.501659393310547,9.632817268371582,8134000
1996-04-09,9.530813217163086,9.734836741689513,9.516240108268342,9.618251870531555,7615600
1996-04-10,9.19563102722168,9.559958722436484,9.19563102722168,9.5308125068193,9358800
1996-04-11,9.312216758728027,9.326789867896615,9.166485667042142,9.195631885379319,12240000
1996-04-12,9.414226531982422,9.487092062415723,9.341361001549123,9.341361001549123,5786000
1996-04-15,9.443375587463379,9.443375587463379,9.341363814142015,9.414229366514418,4102000
1996-04-16,9.487093925476074,9.530813252321586,9.414228380733555,9.443374598630562,5059200
1996-04-17,9.341361999511719,9.457946860660071,9.253923353650455,9.457946860660071,8906000
1996-04-18,9.268489837646484,9.39964771270752,9.25391674041748,9.341355323791504,9608000
1996-04-19,9.181060791015625,9.355938139415922,9.12276834154886,9.268499465215774,13010400
1996-04-22,9.399652481079102,9.41422558570093,9.26849453948265,9.26849453948265,7160800
1996-04-23,9.443375587463379,9.457948697937859,9.355936924616495,9.399656256039938,6218800
1996-04-24,9.370509147644043,9.501667129492871,9.312216711266785,9.443374693115613,7198000
1996-04-25,9.472521781921387,9.516241113222563,9.28307134628296,9.37051000888531,7151200
1996-04-26,9.472521781921387,9.559960444523739,9.42880245062021,9.472521781921387,4176400
1996-04-29,9.457947731018066,9.487093948987306,9.38508218609497,9.472520840002685,4107200
1996-04-30,9.501667022705078,9.530813240566136,9.44337458698296,9.457947695913491,5520000
1996-05-01,9.530813217163086,9.559959434952574,9.472520781584107,9.501666999373596,3995600
1996-05-02,9.370509147644043,9.487094020398557,9.355936038549729,9.487094020398557,6999600
1996-05-03,9.297643661499023,9.39965542581014,9.28307055231172,9.370509207435536,6925200
1996-05-06,9.428796768188477,9.428796768188477,9.210200243423674,9.297638853329595,7170400
1996-05-07,9.487093925476074,9.516240143373082,9.39965527178505,9.428801489682058,6702800
1996-05-08,9.647397994995117,9.647397994995117,9.355935819919736,9.487093798703658,8292800
1996-05-09,9.647397994995117,9.76398286502527,9.60367866873381,9.647397994995117,4820400
1996-05-10,9.778552055358887,9.778552055358887,9.661967232046113,9.661967232046113,4942800
1996-05-13,10.02629566192627,10.02629566192627,9.734833578730738,10.02629566192627,8275800
1996-05-14,10.346905708312988,10.405198134838695,10.11373600221016,10.11373600221016,13405600
1996-05-15,10.376057624816895,10.58008122979925,10.3469113955337,10.3469113955337,12970600
1996-05-16,10.609223365783691,10.667515801859427,10.376053621480754,10.376053621480754,10024400
1996-05-17,10.754953384399414,10.900684460068783,10.63836852386392,10.63836852386392,14869200
1996-05-20,10.842399597167969,10.900692068120485,10.376059829547842,10.754960890739195,8158800
1996-05-21,10.842399597167969,11.163008187406806,10.492644771452873,10.842399597167969,10411000
1996-05-22,10.98812484741211,11.046417286920928,10.667516430113613,10.842393748640067,11524600
1996-05-23,10.871536254882812,11.046413513674493,10.813243835285586,10.988121094077266,9491200
1996-05-24,11.075553894042969,11.133846282958984,10.871530532836914,10.871530532836914,6385200
1996-05-28,10.725808143615723,11.017270321431367,10.725808143615723,11.017270321431367,7993000
1996-05-29,10.725808143615723,10.929831668086674,10.667515708052594,10.725808143615723,8676200
1996-05-30,10.900684356689453,10.988123001261828,10.667514637829786,10.725807067544702,6572400
1996-05-31,10.725808143615723,10.929831668086674,10.696661925834158,10.90068545030511,6618000
1996-06-03,10.784095764160156,10.842388173696158,10.667510945088155,10.725803354624155,6066400
1996-06-04,10.842399597167969,10.871545832644227,10.711241537524808,10.784107126215453,5020800
1996-06-05,11.133851051330566,11.133851051330566,10.813242774983351,10.842388981924007,5661800
1996-06-06,10.900684356689453,11.163000290406579,10.900684356689453,11.13385407554912,5061600
1996-06-07,10.929829597473145,10.958975809733072,10.66751368713379,10.900683385213217,5914200
1996-06-10,10.900684356689453,10.988123001261828,10.842391926974535,10.929830571546912,3519600
1996-06-11,10.958977699279785,11.07556256842106,10.871539047423829,10.900685264709148,4912000
1996-06-12,10.812857627868652,11.046649144146894,10.812857627868652,10.988201265077333,4903800
1996-06-13,10.842077255249023,10.900525111072469,10.783629399425578,10.8128533273373,3719400
1996-06-14,10.69595718383789,10.871300744228677,10.69595718383789,10.842076817496878,4581400
1996-06-17,10.7836332321167,10.842081108713538,10.72518535551986,10.72518535551986,4328200
1996-06-18,10.812857627868652,10.842081567403433,10.725185809264312,10.783633688333872,4982400
1996-06-19,10.87130355834961,10.958975361239526,10.812855689756331,10.812855689756331,3789400
1996-06-20,10.929753303527832,11.105096939413306,10.900529364213586,10.900529364213586,8487000
1996-06-21,11.134319305419922,11.134319305419922,10.958975694310945,10.958975694310945,14162200
1996-06-24,11.3973388671875,11.426562813000801,11.16354730068109,11.16354730068109,6982600
1996-06-25,11.338889122009277,11.455784886153703,11.251217298900958,11.397337004081491,4805000
1996-06-26,11.485005378723145,11.57267717550729,11.426557514200379,11.426557514200379,6813000
1996-06-27,11.426555633544922,11.485003488447965,11.251212068835793,11.485003488447965,7128200
1996-06-28,11.455781936645508,11.51422980366921,11.397334069621806,11.426558003133657,4991600
1996-07-01,11.54345703125,11.572680973101265,11.397337321993671,11.455785205696202,5399400
1996-07-02,11.57268238067627,11.601906326082018,11.485010544459024,11.543458435270521,4856800
1996-07-03,11.455781936645508,11.660349471228463,11.338886202598104,11.572677670692912,5848200
1996-07-05,11.105096817016602,11.338888328953793,11.046648939032304,11.338888328953793,3621400
1996-07-08,11.0758695602417,11.192765281194118,11.017421699765489,11.105093490479804,5660000
1996-07-09,11.105096817016602,11.221992572985197,11.075872878024452,11.075872878024452,4043200
1996-07-10,11.221997261047363,11.221997261047363,10.958981700241566,11.105101456244787,5285200
1996-07-11,11.134319305419922,11.22199111097441,10.988199629495774,11.22199111097441,5448600
1996-07-12,11.01742172241211,11.163541373902987,10.988197792113935,11.134317443604811,4802200
1996-07-15,10.637513160705566,11.01742434501648,10.60828922345088,11.01742434501648,7929200
1996-07-16,10.7836332321167,10.929752923608795,10.34527415764041,10.637513540624603,12564800
1996-07-17,10.754406929016113,11.01742231586705,10.754406929016113,10.783630860888438,7255400
1996-07-18,11.0758695602417,11.105093490479804,10.842078118336861,10.842078118336861,5149200
1996-07-19,11.01742172241211,11.105093513306636,10.929749931517584,11.07586958300846,6963600
1996-07-22,11.0758695602417,11.134317420717908,10.90052597881307,11.017421699765489,4490600
1996-07-23,10.929753303527832,11.105096939413306,10.900529364213586,11.07587300009906,6255800
1996-07-24,10.725180625915527,10.871300252971597,10.579060998859457,10.871300252971597,8610800
1996-07-25,10.7836332321167,10.929752923608795,10.75440929381828,10.75440929381828,6681200
1996-07-26,11.01742172241211,11.046645652710286,10.783630280026706,10.783630280026706,4899800
1996-07-29,10.812857627868652,10.988201265077333,10.783633688333872,10.988201265077333,3789600
1996-07-30,10.842077255249023,10.871301183160746,10.57906190404352,10.8128533273373,4923800
1996-07-31,10.958975791931152,11.075871533711751,10.783632179260254,10.842080050150553,5238200
1996-08-01,11.251215934753418,11.251215934753418,10.929752622331891,10.958976559824757,6525400
1996-08-02,11.514232635498047,11.572680516896515,10.929753821513374,11.251217169204946,6353800
1996-08-05,11.485005378723145,11.57267717550729,11.455781446461762,11.514229310984526,3924800
1996-08-06,11.54345703125,11.54345703125,11.397337321993671,11.485009147547467,4077000
1996-08-07,11.514232635498047,11.631128398294981,11.36811293200188,11.543456576197281,4535400
1996-08-08,11.455781936645508,11.54345373718106,11.397334069621806,11.51422980366921,2899800
1996-08-09,11.3973388671875,11.543458596254005,11.338890975560897,11.455786758814103,4218000
1996-08-12,11.631122589111328,11.631122589111328,11.39733118028497,11.39733118028497,4616400
1996-08-13,11.748025894165039,11.864921674206482,11.572682224102874,11.631130114123597,7750200
1996-08-14,11.835698127746582,11.894146019735453,11.689578397774401,11.748026289763274,4419800
1996-08-15,11.952587127685547,12.04025891590818,11.835691410055372,11.835691410055372,5801000
1996-08-16,12.098711967468262,12.186383793319482,11.981816199666637,11.981816199666637,7169800
1996-08-19,12.069488525390625,12.27405612751589,12.040264582229874,12.098712468551376,4550200
1996-08-20,11.981813430786133,12.09870917157429,11.894141625195015,12.069485236377252,4724200
1996-08-21,11.894146919250488,12.157162453091408,11.835699022841395,11.981818763864128,3575600
1996-08-22,12.157155990600586,12.157155990600586,11.835692731233744,11.89414059657317,3359800
1996-08-23,12.011039733886719,12.18638337963689,11.952591851969995,12.157159438678528,3196000
1996-08-26,11.952587127685547,12.04025891590818,11.89413926887046,12.011034986500636,3537000
1996-08-27,12.069488525390625,12.069488525390625,11.923368809586865,11.952592752747616,2485000
1996-08-28,11.981813430786133,12.15715704196837,11.923365560392055,12.069485236377252,3208800
1996-08-29,11.777240753173828,11.952584287960535,11.718792908244925,11.952584287960535,5919800
1996-08-30,11.689573287963867,11.777245087623596,11.601901488304138,11.777245087623596,5083800
1996-09-03,11.864922523498535,11.952594364805174,11.572683052476403,11.689578840885256,6286800
1996-09-04,11.835698127746582,11.981817857718761,11.718802343768838,11.864922073741017,4924000
1996-09-05,11.689573287963867,11.864916887283325,11.689573287963867,11.835692954063415,3127200
1996-09-06,11.996420860290527,12.15715244307152,11.748017505083537,11.748017505083537,6239200
1996-09-09,12.098711967468262,12.12793590941867,11.981816199666637,11.99642817064184,4431800
1996-09-10,12.244828224182129,12.244828224182129,12.069484621926538,12.098708555635802,5633400
1996-09-11,12.15694522857666,12.244826760349504,12.12765138465238,12.244826760349504,3573400
1996-09-12,12.15694522857666,12.362002136046629,12.15694522857666,12.15694522857666,3971400
1996-09-13,12.420592308044434,12.449886157827557,12.303416908911938,12.303416908911938,5152800
1996-09-16,12.449888229370117,12.625651357314167,12.420594374712776,12.420594374712776,5321600
1996-09-17,12.215534210205078,12.449884986420043,12.215534210205078,12.449884986420043,5381600
1996-09-18,12.15694522857666,12.274120604273785,12.069063696803818,12.215532916425223,6727200
1996-09-19,12.186239242553711,12.30341461988596,12.098357709554525,12.15694539822065,4955600
1996-09-20,11.981181144714355,12.127650351862453,11.893299620425498,12.127650351862453,15474000
1996-09-23,11.981181144714355,12.098356510432835,11.864005778995878,11.981181144714355,4439000
1996-09-24,12.06905746459961,12.215526608587469,11.92258832061175,11.981175978206894,6351800
1996-09-25,12.010477066040039,12.156946298552722,11.981183219537503,12.069064759045112,4778600
1996-09-26,12.06905746459961,12.186232779789897,11.951882149409322,12.010469807004466,4347000
1996-09-27,11.893306732177734,12.15695146269399,11.864012873231484,12.069069885855237,5774800
1996-09-30,11.922598838806152,12.09836196665096,11.864011129524549,11.89330498416535,4200200
1996-10-01,11.746831893920898,11.922594964652882,11.483187287822922,11.922594964652882,13362000
1996-10-02,11.658949851989746,11.746831383537408,11.541774476592865,11.746831383537408,7877600
1996-10-03,11.453892707824707,11.717537297007373,11.424598864582189,11.658949610522336,7441200
1996-10-04,11.717538833618164,11.74683268070221,11.453894209861756,11.453894209861756,8541600
1996-10-07,11.776131629943848,11.864013209271787,11.717543910391887,11.717543910391887,5261400
1996-10-08,11.717538833618164,11.864008069038391,11.68824498653412,11.776126527786255,4834800
1996-10-09,11.658949851989746,11.746831383537408,11.483186788894423,11.717537539688188,6451000
1996-10-10,11.483186721801758,11.629655940192086,11.45389287812369,11.629655940192086,4148800
1996-10-11,11.658949851989746,11.746831383537408,11.512480632743644,11.512480632743644,4023200
1996-10-14,11.571074485778809,11.746837642524817,11.512486766863473,11.658956064151813,2867800
1996-10-15,11.424606323242188,11.541781772711337,11.160961561936599,11.541781772711337,9967000
1996-10-16,11.366013526916504,11.424601225508857,11.278131979027973,11.424601225508857,6003400
1996-10-17,11.541777610778809,11.658953017994836,11.248839092738738,11.366014499954765,6897400
1996-10-18,11.717538833618164,11.74683268070221,11.571069598197937,11.571069598197937,6593200
1996-10-21,11.658949851989746,11.717537539688188,11.541774476592865,11.717537539688188,5343200
1996-10-22,11.746831893920898,11.746831893920898,11.62965651343291,11.658950358554906,3776000
1996-10-23,11.776131629943848,11.805425489719827,11.658956190839929,11.746837770167868,4807200
1996-10-24,11.776131629943848,11.922600928823746,11.717543910391887,11.776131629943848,4399800
1996-10-25,11.688251495361328,11.80542694894891,11.688251495361328,11.776133085552015,3236600
1996-10-28,11.629667282104492,11.74684277109295,11.571079537610263,11.688255026598721,4773600
1996-10-29,11.658949851989746,11.805419071235848,11.600362164291305,11.629656008140525,5272800
1996-10-30,11.805413246154785,11.864000904944634,11.65894409918016,11.65894409918016,5119800
1996-10-31,11.834714889526367,11.864008738262818,11.746833343317013,11.805421040789916,4855200
1996-11-01,11.776131629943848,11.893307069047767,11.62966233106395,11.834719349495806,5650600
1996-11-04,11.893306732177734,11.922600591123985,11.65895586060773,11.776131296392732,6481800
1996-11-05,12.06905746459961,12.06905746459961,11.951882149409322,11.951882149409322,5884200
1996-11-06,12.186239242553711,12.186239242553711,11.981182332222279,12.069063865221464,5866000
1996-11-07,12.274123191833496,12.274123191833496,12.098360091234449,12.186241641533973,4716600
1996-11-08,12.332715034484863,12.332715034484863,12.215539594727288,12.274127314606075,3525000
1996-11-11,12.186239242553711,12.33270846421902,12.15694539822065,12.33270846421902,3758600
1996-11-12,12.039775848388672,12.186245140948145,11.981188131364883,12.186245140948145,5168400
1996-11-13,12.186239242553711,12.244826931219835,12.069063865221464,12.069063865221464,3231800
1996-11-14,12.215534210205078,12.332709598312562,12.156946516151336,12.186240363178207,4485800
1996-11-15,12.362005233764648,12.420592936294339,12.303417531234958,12.303417531234958,7842600
1996-11-18,12.244830131530762,12.420593243466609,12.215536279541453,12.362005539487994,4119400
1996-11-19,12.127654075622559,12.274123327743604,12.06906637477414,12.244829477319394,4526400
1996-11-20,12.098365783691406,12.186247375340496,12.098365783691406,12.127659647574436,3913400
1996-11-21,11.864012718200684,12.186245162398727,11.74683728394685,12.09836358670835,11493800
1996-11-22,11.893306732177734,11.922600591123985,11.71754357850023,11.864012873231484,7274000
1996-11-25,12.039775848388672,12.05442277764462,11.864012697317303,11.893306555829199,6048200
1996-11-26,12.03977108001709,12.127866965968435,12.010405784699975,12.069136375334205,7812400
1996-11-27,12.03977108001709,12.09850167065132,12.010405784699975,12.03977108001709,3441400
1996-11-29,12.010404586791992,12.069135171568481,12.010404586791992,12.039769879180236,1468400
1996-12-02,11.951680183410645,12.039776106138486,11.834218953106854,12.010410798562539,4731200
1996-12-03,11.687387466430664,11.951675122706735,11.687387466430664,11.951675122706735,6703000
1996-12-04,11.65803050994873,11.65803050994873,11.452473296926964,11.65803050994873,8298000
1996-12-05,11.569927215576172,11.716753703083484,11.364370133065936,11.65802310808056,7557800
1996-12-06,11.511195182800293,11.569925770467641,11.188176950629877,11.569925770467641,9673800
1996-12-09,11.804852485656738,11.804852485656738,11.540564743440543,11.540564743440543,5609200
1996-12-10,11.65803050994873,11.74612645838663,11.65803050994873,11.74612645838663,3946400
1996-12-11,11.569927215576172,11.628657810579098,11.42310072806886,11.628657810579098,6994400
1996-12-12,11.246905326843262,11.599288783558977,11.21754003878362,11.569923495499335,6523800
1996-12-13,11.246905326843262,11.33500119102219,11.011983022366119,11.246905326843262,8650800
1996-12-16,11.30564022064209,11.452466717014065,11.276274921367694,11.276274921367694,6619400
1996-12-17,11.423096656799316,11.511192517905739,11.246904934586475,11.30563550865742,7282400
1996-12-18,11.364373207092285,11.540565039760383,11.276277290758236,11.42310381798165,4048400
1996-12-19,12.010404586791992,12.039769879180236,11.246906984697636,11.364368154250613,10365800
1996-12-20,12.42152214050293,12.509618042208624,12.274695637660106,12.274695637660106,22801800
1996-12-23,12.304059982299805,12.480251772022475,12.18659878915136,12.421521175448252,5012400
1996-12-24,12.480256080627441,12.509621389052448,12.245333613227396,12.304064230077408,2368200
1996-12-26,12.509612083435059,12.597707943177559,12.450881510273392,12.480246796854226,3834400
1996-12-27,12.685809135437012,12.715174434361634,12.568347939738521,12.568347939738521,3794000
1996-12-30,12.480256080627441,12.744543856452493,12.480256080627441,12.685813239602481,2991000
1996-12-31,12.362793922424316,12.56835106602757,12.33342861619528,12.480255147340461,4135400
1997-01-02,12.18659496307373,12.333421408411969,12.010403228667846,12.333421408411969,7161800
1997-01-03,12.480256080627441,12.538986697477453,12.274698921652401,12.274698921652401,5312000
1997-01-06,12.362793922424316,12.597716372256608,12.274698003737207,12.480255147340461,6259600
1997-01-07,12.773902893066406,12.773902893066406,12.186597012925422,12.362788776967717,7325400
1997-01-08,12.538984298706055,12.803272023971521,12.480253693091507,12.773906721164247,5712000
1997-01-09,12.656436920166016,12.773898051675676,12.597706354411184,12.597706354411184,5715000
1997-01-10,12.715171813964844,12.715171813964844,12.362788299490067,12.656441228219048,6061600
1997-01-13,12.685809135437012,12.803270331135503,12.597713238663143,12.715174434361634,4327400
1997-01-14,13.038191795349121,13.096922389021865,12.803269420658147,12.803269420658147,7006000
1997-01-15,13.390576362609863,13.508037558773108,12.920731577956884,13.038192774120128,9699000
1997-01-16,13.537400245666504,13.596130832415598,13.302477898670121,13.390573778793765,6928200
1997-01-17,13.801687240600586,13.88978311660442,13.508034320587807,13.537399612589086,11371200
1997-01-20,13.801687240600586,14.065974868612088,13.801687240600586,13.801687240600586,7465600
1997-01-21,14.007245063781738,14.154071531955552,13.68422683379935,13.8016880083384,10445800
1997-01-22,13.94851016998291,14.036606023688066,13.83104903170937,14.00724073911968,6367200
1997-01-23,13.508034706115723,13.948514098706452,13.478669413276341,13.948514098706452,6414200
1997-01-24,13.419939041137695,13.56676550767093,13.185016694684519,13.508034921057636,10216000
1997-01-27,13.24375057220459,13.361211774618821,13.155654670393917,13.361211774618821,6329200
1997-01-28,13.038191795349121,13.419940654221955,12.920730608003634,13.243748873203725,8533400
1997-01-29,13.273113250732422,13.273113250732422,13.067556187114883,13.067556187114883,7654800
1997-01-30,13.478669166564941,13.508034458866826,13.302477412753635,13.302477412753635,5516800
1997-01-31,13.596126556396484,13.74295297709191,13.419934851561973,13.478665419840144,8654800
1997-02-03,13.977877616882324,13.977877616882324,13.56676356932696,13.596128858438059,7693400
1997-02-04,13.94851016998291,14.00724073911968,13.801683747140984,13.977875454551295,7997800
1997-02-05,13.68422794342041,14.065976791627417,13.596132055372639,13.948515607563722,7809800
1997-02-06,13.566761016845703,13.74295271836318,13.537395733259457,13.684222151190687,6090800
1997-02-07,13.68422794342041,13.713593239436333,13.390574983261173,13.566766759356716,6966000
1997-02-10,13.68422794342041,14.007246199595569,13.68422794342041,13.68422794342041,4787000
1997-02-11,13.919143676757812,13.919143676757812,13.684221420610001,13.684221420610001,4324600
1997-02-12,14.154068946838379,14.154068946838379,13.919146640666787,13.919146640666787,7335800
1997-02-13,14.330265045166016,14.330265045166016,14.095342667376409,14.154073261823811,7387800
1997-02-14,14.24217700958252,14.330272949847979,14.15408106931706,14.330272949847979,5933000
1997-02-18,14.447728157043457,14.447728157043457,14.21280574798584,14.242171049118042,5406800
1997-02-19,14.565180778503418,14.623911346158673,14.38898907553765,14.447719643192906,5995200
1997-02-20,14.388991355895996,14.535817798303098,14.359626067414576,14.535817798303098,5168600
1997-02-21,14.565180778503418,14.623911346158673,14.359623791710023,14.38898907553765,8153200
1997-02-24,14.77074909210205,14.800114398448176,14.447730722294649,14.565191947679159,6032000
1997-02-25,14.712023735046387,14.858850319228486,14.594562467700706,14.770754368719226,5326600
1997-02-26,14.330265045166016,14.682648611850425,14.212803856271211,14.682648611850425,7813600
1997-02-27,14.477087020874023,14.594548173173205,14.388991156649638,14.388991156649638,6025400
1997-02-28,14.330265045166016,14.50645682850822,14.242169153494913,14.47709153128452,5767400
1997-03-03,14.183442115783691,14.24217272495878,14.095346202021059,14.24217272495878,5929600
1997-03-04,13.919143676757812,14.300892342998006,13.919143676757812,14.1834312149241,7598400
1997-03-05,14.154068946838379,14.183434235109829,13.86041606412389,13.919146640666787,7617000
1997-03-06,14.3009033203125,14.418364538549154,14.242172711194174,14.242172711194174,10409400
1997-03-07,14.212799072265625,14.359625508962583,14.212799072265625,14.3008949342838,4057000
1997-03-10,14.35962963104248,14.388994926811483,14.183437856428462,14.212803152197464,6053600
1997-03-11,14.565180778503418,14.623911346158673,14.418354359365278,14.418354359365278,6334000
1997-03-12,14.36270523071289,14.568727641809183,14.303841684685379,14.568727641809183,5602800
1997-03-13,14.09781265258789,14.244971448543923,14.068380893396684,14.244971448543923,8282200
1997-03-14,14.009509086608887,14.156667795501837,13.950645603051708,14.097804311944657,6156600
1997-03-17,14.186101913452148,14.186101913452148,13.832920952951264,14.009511433201705,5342800
1997-03-18,14.215543746948242,14.274407282132293,14.097816676580141,14.186111979356218,5711800
1997-03-19,14.038952827453613,14.24497519599067,13.921225759718153,14.215543429056805,6087200
1997-03-20,13.891793251037598,14.068383843211803,13.803497954950494,14.038952077849435,4601200
1997-03-21,14.127240180969238,14.186103681723276,13.950649678707123,13.950649678707123,9848000
1997-03-24,14.068378448486328,14.156673710715323,13.86235616995201,14.12724195663899,6487000
1997-03-25,14.009509086608887,14.215531279059018,14.009509086608887,14.068372570166067,6652000
1997-03-26,13.803484916687012,13.980075342060406,13.685757966438082,13.980075342060406,7335200
1997-03-27,13.50917911529541,13.891792031414887,13.332588538624881,13.803496743079624,9268200
1997-03-31,13.126564025878906,13.391449847028928,13.008836994256674,13.391449847028928,13222800
1997-04-01,13.21485424041748,13.332581226969085,12.979400267314274,13.126559000503779,10285200
1997-04-02,13.126564025878906,13.36201808912337,13.067700510067791,13.214859299595581,5577000
1997-04-03,13.038264274597168,13.15599126578992,12.979400779000793,13.126559517991732,6560000
1997-04-04,13.50917911529541,13.50917911529541,12.979407385283825,13.038270910840668,6555400
1997-04-07,13.273721694946289,13.568039249157959,13.273721694946289,13.509175738315625,4746800
1997-04-08,13.362014770507812,13.420878271699477,13.097129015145322,13.273719518720316,4562400
1997-04-09,13.568035125732422,13.568035125732422,13.303149407442636,13.362012900395921,4871200
1997-04-10,13.420877456665039,13.597467949515895,13.420877456665039,13.56803620070742,3512200
1997-04-11,12.655648231506348,13.3031465131183,12.420194310920182,13.3031465131183,9281800
1997-04-14,13.09713363647461,13.155997158436293,12.77338426568535,12.77338426568535,9076800
1997-04-15,13.65633487701416,13.715198389415084,13.303153802608621,13.303153802608621,9081200
1997-04-16,13.832931518554688,13.891795056931516,13.597477365047373,13.656340903424201,7066000
1997-04-17,13.774063110351562,13.98008542183118,13.74463135156876,13.832926627917168,6547600
1997-04-18,14.038952827453613,14.097816361321344,13.774066925048828,13.774066925048828,7851400
1997-04-21,13.803484916687012,14.127234029871568,13.77405317912478,14.03893881718487,6825800
1997-04-22,14.568713188171387,14.568713188171387,13.891783080438172,13.891783080438172,10975200
1997-04-23,14.186101913452148,14.568714620661439,14.097806673326927,14.568714620661439,7897400
1997-04-24,14.127240180969238,14.362694183985392,14.068376680215199,14.186103681723276,4965000
1997-04-25,13.921219825744629,14.156673860852361,13.891788071356164,14.127242106463894,3983000
1997-04-28,14.392119407653809,14.392119407653809,13.862348141114404,13.92121161517434,4662200
1997-04-29,14.745306968688965,14.77473871912547,14.48042121476042,14.48042121476042,8004600
1997-04-30,14.980758666992188,15.010190412899835,14.657009462008073,14.745304699731014,8171000
1997-05-01,14.627582550048828,14.863036595120038,14.627582550048828,14.863036595120038,6145400
1997-05-02,15.069058418273926,15.127921927720308,14.68644560687244,14.68644560687244,5663200
1997-05-05,15.539969444274902,15.539969444274902,15.069061279296875,15.069061279296875,7260200
1997-05-06,15.657695770263672,15.804854565096978,15.451673457497044,15.539968734397029,10744400
1997-05-07,15.392800331115723,15.65768599646953,15.363368590520855,15.65768599646953,6473600
1997-05-08,15.216211318969727,15.56939223933266,15.216211318969727,15.392801779151192,8315800
1997-05-09,15.392800331115723,15.451663812305458,15.127914665761915,15.216209887546517,6832400
1997-05-12,15.657695770263672,15.716559288196994,15.392809939563723,15.392809939563723,5201600
1997-05-13,15.657695770263672,15.716559288196994,15.451673457497044,15.657695770263672,5670800
1997-05-14,15.775419235229492,15.893146244447623,15.716555730620426,15.716555730620426,5574600
1997-05-15,15.981444358825684,16.01087611639258,15.657695025589804,15.775422055857398,4740400
1997-05-16,15.745989799499512,16.099170879114453,15.716558042864932,15.98144385257614,9446000
1997-05-19,16.010873794555664,16.099169054452112,15.834283274762772,15.834283274762772,5010000
1997-05-20,16.099178314208984,16.12861008443606,15.893155922619473,16.010883003527763,5029600
1997-05-21,15.863717079162598,16.187466407308772,15.804853564954202,16.09917113599618,6042600
1997-05-22,15.657695770263672,15.922581600963621,15.628264011297011,15.8637180830303,4778200
1997-05-23,16.04030990600586,16.099173428596707,15.745992293051623,15.745992293051623,3512600
1997-05-27,16.128610610961914,16.24633769571346,15.745997585519387,16.040315297398255,6125800
1997-05-28,15.834281921386719,16.069735927652694,15.775418419820225,16.069735927652694,4731400
1997-05-29,15.893142700195312,15.893142700195312,15.745983971489801,15.834279208713108,3060200
1997-05-30,16.128610610961914,16.1580423821498,15.775429356707274,15.893156441458821,4255600
1997-06-02,15.922582626342773,16.099173191514783,15.893150865480772,16.099173191514783,3519200
1997-06-03,15.981444358825684,16.099171389093275,15.804853813424295,15.922580843691888,4326200
1997-06-04,15.68712329864502,15.981440808938546,15.687123298645018,15.981440808938546,5249800
1997-06-05,15.657695770263672,15.804854565096978,15.56940049336369,15.687127529230333,5899200
1997-06-06,15.952012062072754,16.010875575216932,15.687126252923944,15.687126252923944,4925600
1997-06-09,16.128610610961914,16.128610610961914,15.981451755022482,15.981451755022482,4292200
1997-06-10,16.099178314208984,16.305200705798494,16.040314773754837,16.12861008443606,5444600
1997-06-11,16.132205963134766,16.279666712340752,16.073221663452372,16.132205963134766,4033200
1997-06-12,16.515602111816406,16.515602111816406,16.338649232046944,16.338649232046944,6430400
1997-06-13,16.95798683166504,17.016971133688223,16.604081019525943,16.604081019525943,8388800
1997-06-16,16.898996353149414,17.134933475008395,16.898996353149414,16.95798063361416,5651000
1997-06-17,16.898996353149414,16.95798063361416,16.692551371522807,16.898996353149414,5209400
1997-06-18,16.840002059936523,17.046446918814905,16.810509937239612,16.898986305330347,5276800
1997-06-19,16.8695011138916,16.987469653149585,16.72204043981912,16.840008979077105,6765000
1997-06-20,16.840002059936523,16.928478428027258,16.7810178145427,16.869494182633435,10990600
1997-06-23,16.45660972595215,16.810515311456495,16.427117593826786,16.810515311456495,4148600
1997-06-24,16.58932876586914,16.633566975911457,16.33864557562934,16.456614135742186,6552200
1997-06-25,16.382884979248047,16.73679068537042,16.19118605509843,16.5893299744861,5855200
1997-06-26,16.48610496520996,16.574581378261176,16.353390345633137,16.382882483316873,4747200
1997-06-27,16.751535415649414,16.79577362537384,16.500852227211,16.500852227211,5457400
1997-06-30,16.043724060058594,16.766281485557556,15.826219528913498,16.751535415649414,8405600
1997-07-01,16.191179275512695,16.39762418430794,16.014226496545344,16.043718626373234,11291400
1997-07-02,16.618818283081055,16.618818283081055,16.07321377866757,16.191182320162376,7417800
1997-07-03,16.692548751831055,16.869501565454705,16.663056616227113,16.663056616227113,4004000
1997-07-07,16.48610496520996,16.854756686256696,16.412374621000613,16.692549928996133,6065200
1997-07-08,16.648313522338867,16.648313522338867,16.338646043181104,16.486106747541942,5503200
1997-07-09,16.36813735961914,16.692550892872852,16.294407011152387,16.648312683792803,6557600
1997-07-10,16.427125930786133,16.604078813343975,16.26491912177478,16.368141636600186,5044800
1997-07-11,16.471359252929688,16.53034352957402,16.412374976285356,16.427121045446437,3087400
1997-07-14,16.45660972595215,16.545086122328236,16.309149065325336,16.47135579201483,3563400
1997-07-15,16.54509162902832,16.559837699998933,16.338646635439734,16.45661520320464,5041400
1997-07-16,16.722042083740234,16.869502772309374,16.530343188600355,16.54508925745727,5546200
1997-07-17,16.48610496520996,16.97272523699165,16.29440607026566,16.72204206667987,7063600
1997-07-18,16.338651657104492,16.471366336629707,16.294413430596087,16.471366336629707,9139600
1997-07-21,16.117456436157227,16.250171082017626,15.984741790296829,16.250171082017626,6144800
1997-07-22,16.54509162902832,16.574583770969546,16.23542413864544,16.23542413864544,8252800
1997-07-23,16.29441261291504,16.692556631511152,16.27966653815222,16.54509588388296,6741600
1997-07-24,16.559846878051758,16.618831194625407,16.14695666203622,16.29441745347034,6158800
1997-07-25,16.54509162902832,16.736790551646298,16.486107345145868,16.559837699998933,5221000
1997-07-28,16.441871643066406,16.61882452173618,16.368141276954002,16.545094155623776,3888000
1997-07-29,16.441871643066406,16.515602009178814,16.22068054472919,16.441871643066406,5037800
1997-07-30,16.48610496520996,16.559835309419306,16.353390345633137,16.441866758684352,4879000
1997-07-31,16.309160232543945,16.500859222619056,16.25017592790545,16.48611314645943,6088000
1997-08-01,16.191179275512695,16.515592703619507,16.102702886029018,16.309147794824263,7182200
1997-08-04,16.264917373657227,16.338647733465283,16.073218438156278,16.19118701384917,4070000
1997-08-05,16.043724060058594,16.23542296886444,16.043724060058594,16.23542296886444,4023600
1997-08-06,16.07321548461914,16.191184038634695,15.911008722847756,16.043723346115254,7832200
1997-08-07,15.704568862915039,16.02898249200812,15.704568862915039,16.02898249200812,7551600
1997-08-08,14.790314674377441,15.512872420184515,14.790314674377441,15.512872420184515,18877800
1997-08-11,14.569114685058594,14.982004574918554,14.067748390228642,14.790305697483573,25320000
1997-08-12,14.377419471740723,14.687086968055139,14.303689115475386,14.5691183980306,14184800
1997-08-13,14.259450912475586,14.672340907873018,14.12673627109784,14.377419482589138,14515800
1997-08-14,14.170973777770996,14.40691090622504,14.038259143015596,14.259450200941261,10822200
1997-08-15,13.861307144165039,14.141482501334332,13.699100358435448,14.141482501334332,12587600
1997-08-18,14.24470043182373,14.24470043182373,13.699095963938142,13.861302697633857,12737600
1997-08-19,14.347929000854492,14.377421146796639,14.244706490056977,14.244706490056977,10347800
1997-08-20,14.510128021240234,14.583858346551414,14.274190980244459,14.347921305555639,9331400
1997-08-21,14.288949966430664,14.539633299175062,14.141489182463372,14.510141142381604,8738400
1997-08-22,14.318434715270996,14.318434715270996,13.890798663012646,14.288942573735937,7904800
1997-08-25,14.082497596740723,14.45114936628891,14.023513313613012,14.318434729251562,5655800
1997-08-26,13.920292854309082,14.15623002133127,13.920292854309082,14.082499656636836,6479800
1997-08-27,13.831807136535645,13.920283514807727,13.49264768649266,13.920283514807727,10290200
1997-08-28,13.743342399597168,13.876057079421605,13.477913039948296,13.83181885281346,9693800
1997-08-29,13.522146224975586,13.743337275547706,13.507400154937445,13.743337275547706,9787600
1997-09-02,14.126737594604492,14.141483667250217,13.448418252901146,13.522148616129769,9126200
1997-09-03,13.920292854309082,14.229960386025704,13.920292854309082,14.126737875453497,7742000
1997-09-04,14.067753791809082,14.097245938123148,13.7580862555114,13.920293060238757,7006200
1997-09-05,14.126737594604492,14.303690466353192,14.067753304021592,14.067753304021592,7411800
1997-09-08,13.949784278869629,14.303690011103107,13.949784278869629,14.126737144986368,5261200
1997-09-09,13.861307144165039,13.994021787034704,13.7580846441553,13.949783572744817,8264600
1997-09-10,13.595876693725586,13.96452844789385,13.581130623558856,13.861305956726737,6071800
1997-09-11,13.274230003356934,13.599433856445856,13.096846083490249,13.599433856445856,15022400
1997-09-12,13.495948791503906,13.540294734959012,13.022925394649443,13.274219074228377,13883800
1997-09-15,13.614208221435547,13.732464101752033,13.49595234111906,13.49595234111906,7217600
1997-09-16,14.01331901550293,14.220266764677024,13.70289739174179,13.70289739174179,9876400
1997-09-17,13.968973159790039,14.175920910305447,13.909845231071351,14.013319106329055,6530000
1997-09-18,13.909850120544434,14.028106019550124,13.835940183665876,13.96897807004728,7354800
1997-09-19,13.998540878295898,13.998540878295898,13.747247113849193,13.909848961432354,10150800
1997-09-22,14.153752326965332,14.235053254169832,14.10201537328974,14.10201537328974,5835000
1997-09-23,14.131571769714355,14.23504562158465,14.042879896682676,14.153744737972277,4942000
1997-09-24,14.338523864746094,14.456779731671835,14.131576097626048,14.131576097626048,9592800
1997-09-25,14.486344337463379,14.678510129695036,14.294178545231722,14.338524497285182,10278200
1997-09-26,14.648940086364746,14.648940086364746,14.53068426326594,14.53068426326594,5492200
1997-09-29,14.796767234802246,14.92980510204822,14.737639293804035,14.737639293804035,8656800
1997-09-30,14.427214622497559,14.781982195181925,14.397650658107196,14.781982195181925,6843200
1997-10-01,14.648940086364746,14.648940086364746,14.427210418054482,14.427210418054482,6044800
1997-10-02,14.870682716369629,14.870682716369629,14.604606882478324,14.64895285479354,6401600
1997-10-03,14.752425193786621,15.06284696640137,14.456785410344004,14.870681107163668,8069800
1997-10-06,14.870682716369629,14.974156651771803,14.84111873482615,14.84111873482615,4511000
1997-10-07,15.09241008758545,15.195884005913655,14.900244239261639,14.900244239261639,6927400
1997-10-08,14.841096878051758,15.166300196096715,14.781969002043583,15.092390351086499,6040800
1997-10-09,14.619386672973633,14.722860592802567,14.56025871878567,14.722860592802567,5424000
1997-10-10,14.589814186096191,14.63416012587156,14.397648447069596,14.619378145946438,3591200
1997-10-13,14.501121520996094,14.575031416617888,14.471557562747375,14.575031416617888,3216400
1997-10-14,14.368088722229004,14.708074360717962,14.279396816536233,14.501126580768162,6600200
1997-10-15,14.146352767944336,14.323736501711663,14.102006834502504,14.323736501711663,6319200
1997-10-16,13.939414024353027,14.4124376179684,13.850722100550145,14.146361846559754,7278600
1997-10-17,13.835929870605469,13.983749634180313,13.495944414383326,13.93940370510786,11165600
1997-10-20,13.909850120544434,13.983760057422991,13.599428385654495,13.835940183665876,8186800
1997-10-21,14.190710067749023,14.220274047056833,13.880288285017013,13.909852264324824,6119400
1997-10-22,14.028103828430176,14.23505161936592,13.924629932962302,14.190705664165403,4598200
1997-10-23,13.643762588500977,13.806364309490695,13.43681494360497,13.806364309490695,13684000
1997-10-24,13.126395225524902,13.998531845238832,13.037703365892977,13.643764406711131,15190400
1997-10-27,12.668166160583496,13.45161167576544,12.56469222461607,13.12640787701067,16333400
1997-10-28,13.658553123474121,13.702899075173713,11.825587119891013,12.668160202183248,25395200
1997-10-29,13.510734558105469,13.939412131612098,13.348132719878816,13.65855441103879,14566400
1997-10-30,13.244653701782227,13.865496844053268,13.244653701782227,13.510729334184102,9341400
1997-10-31,13.392477035522461,13.628988771249126,13.318567118107877,13.318567118107877,8183600
1997-11-03,13.776811599731445,13.821157559816417,13.481171865831628,13.481171865831628,6505000
1997-11-04,13.732460021972656,13.762023983268614,13.525512292900947,13.762023983268614,6270600
1997-11-05,13.628985404968262,13.880279062109759,13.599421445304555,13.732459263791231,5635600
1997-11-06,13.688114166259766,13.791588031447475,13.495948416625449,13.62898624329536,6092000
1997-11-07,13.481168746948242,13.584642629874379,13.22987503127048,13.584642629874379,7584800
1997-11-10,13.185527801513672,13.584641311200745,13.155963837833148,13.481167438318911,6303800
1997-11-11,13.377693176269531,13.436821101910501,13.244655343577348,13.244655343577348,4647200
1997-11-12,13.34813117980957,13.628988867978322,13.259439278282597,13.377695146985229,7542400
1997-11-13,13.584643363952637,13.628989316174463,13.422041539139276,13.422041539139276,7904800
1997-11-14,13.614208221435547,13.67333616159379,13.362914475763011,13.584644251356425,6647400
1997-11-17,14.102011680603027,14.220267543752739,13.776808056941324,13.776808056941324,8549800
1997-11-18,14.131571769714355,14.32373749461633,14.01331593900545,14.10200781203713,7615600
1997-11-19,14.693293571472168,14.693293571472168,14.072450181128275,14.131578123065788,10506400
1997-11-20,15.018494606018066,15.092404520417762,14.81154684569892,14.81154684569892,10096600
1997-11-21,15.077624320983887,15.077624320983887,14.76720264378716,15.018496382470223,9488000
1997-11-24,14.796767234802246,15.03327899879509,14.796767234802246,15.03327899879509,6105200
1997-11-25,15.166316032409668,15.210661985720806,14.8263303903576,14.8263303903576,7393200
1997-11-26,14.784700393676758,15.184687278074827,14.784700393676758,15.184687278074827,6400400
1997-11-28,14.814326286315918,14.932840896606445,14.799511960029601,14.799511960029601,1953200
1997-12-01,15.303202629089355,15.34764561833163,14.829144077171778,14.829144077171778,7679400
1997-12-02,15.614302635192871,15.688374279572344,15.392087702054454,15.392087702054454,11096000
1997-12-03,15.599481582641602,15.673553195094792,15.362452422791398,15.61429590513224,6606400
1997-12-04,15.362455368041992,15.643927549327236,15.288383741387982,15.599484573334829,6271800
1997-12-05,15.658744812011719,15.762445108780009,15.347643921706851,15.362458249816607,5987400
1997-12-08,15.066171646118164,15.584673128531277,14.93284269349765,15.584673128531277,10053200
1997-12-09,15.08098316192627,15.155054788458324,14.903211258249339,15.066168836619859,6445200
1997-12-10,15.14024543762207,15.199502758317266,14.918030485015093,15.080988116926877,6047600
1997-12-11,15.08098316192627,15.199497764377556,14.977282884781394,15.140240463151914,6752200
1997-12-12,15.392082214355469,15.480968155920563,15.14023871325437,15.14023871325437,6554600
1997-12-15,15.614302635192871,15.718002937324133,15.406902030930347,15.406902030930347,7177200
1997-12-16,15.569853782653809,15.688368369010831,15.421710549707532,15.614296752537692,4456200
1997-12-17,15.614302635192871,15.718002937324133,15.495788004185716,15.569859648565188,4877400
1997-12-18,15.229131698608398,15.73281893377638,15.214317368162282,15.614304290207444,7065800
1997-12-19,15.510599136352539,15.599485091288656,14.755068519395538,15.2291269457215,15696800
1997-12-22,15.658744812011719,15.806888093109276,15.436529890365385,15.510601530914162,7435400
1997-12-23,15.406899452209473,15.658743000947512,15.362456473020407,15.658743000947512,4260800
1997-12-24,15.318015098571777,15.436529722158406,15.258757786778464,15.40690106626175,2728200
1997-12-26,15.258760452270508,15.480975410313283,15.258760452270508,15.318017774415248,1067400
1997-12-29,15.717991828918457,15.7328061473246,15.480962734420158,15.480962734420158,3854800
1997-12-30,15.895771026611328,15.925399677173512,15.777256424362596,15.777256424362596,4494400
1997-12-31,15.806885719299316,15.866143022839333,15.688371112219285,15.866143022839333,3640600
1998-01-02,15.866150856018066,15.880965189216964,15.629121524835725,15.806893523222481,5443200
1998-01-05,15.747633934020996,15.85133425155453,15.466161643572832,15.85133425155453,7691600
1998-01-06,15.673558235168457,15.792072853203756,15.599486598896394,15.74762987144052,5448200
1998-01-07,15.688366889953613,15.688366889953613,15.436523417688068,15.673552568055639,5357200
1998-01-08,15.79207706451416,15.88096305174407,15.584676427644368,15.688376746079264,6323800
1998-01-09,15.19950008392334,15.806887514177587,15.184685756356163,15.792073186610411,8747200
1998-01-12,15.658744812011719,15.68837346823123,14.755070797316625,15.199500640609294,8895200
1998-01-13,15.4957914352417,15.688377753270515,15.318019449368945,15.65874908895839,6400000
1998-01-14,15.318015098571777,15.466158378055065,15.229129130881807,15.466158378055065,5673200
1998-01-15,15.110614776611328,15.273572386947333,15.066171791974234,15.273572386947333,4166800
1998-01-16,15.406899452209473,15.451342431398539,15.243941861849565,15.243941861849565,8217000
1998-01-20,15.629117965698242,15.629117965698242,15.421717348143952,15.421717348143952,4942000
1998-01-21,15.525412559509277,15.629112834238823,15.406897959818366,15.629112834238823,4477400
1998-01-22,15.510599136352539,15.643928068756715,15.332827226480303,15.525413462175225,5446400
1998-01-23,15.125431060791016,15.555046634505942,15.080988070406713,15.51060364412164,5033800
1998-01-26,14.947654724121094,15.243941239960956,14.799511466201162,15.125426633625011,5051800
1998-01-27,14.992103576660156,15.19950421902502,14.888403255477725,14.947660581867686,5669200
1998-01-28,15.19950008392334,15.347643359595107,14.784698912042392,14.992099497982867,10064600
1998-01-29,15.347643852233887,15.540230116788946,15.214314899849617,15.214314899849617,6681000
1998-01-30,15.347643852233887,15.406901164404674,15.288386540063101,15.347643852233887,4994800
1998-02-02,15.806885719299316,15.910586000494344,15.466156223944223,15.466156223944223,10112200
1998-02-03,15.999462127685547,16.029090761255333,15.762433059127241,15.806876009481924,7294600
1998-02-04,15.895771026611328,15.98465697829788,15.82169940020587,15.98465697829788,5980800
1998-02-05,16.014286041259766,16.029100366922357,15.836514133308686,15.895771435959047,7490600
1998-02-06,15.925407409667969,16.132808064305504,15.925407409667969,16.014293404512628,4298600
1998-02-09,15.96983528137207,15.984649599814901,15.880949370715083,15.925392326043577,3552000
1998-02-10,16.103172302246094,16.206872583861294,15.969843368740836,15.969843368740836,5323400
1998-02-11,16.32538414001465,16.32538414001465,16.073540646021684,16.103169292373796,4338000
1998-02-12,16.414270401000977,16.488342018334013,16.103169608202222,16.325384460201334,5871600
1998-02-13,16.25131607055664,16.39945933464558,16.177244438512172,16.39945933464558,4396200
1998-02-17,16.236494064331055,16.414265897152198,16.162422467322244,16.251308383732816,4680800
1998-02-18,16.384647369384766,16.54760498336599,16.147618112684807,16.236504083947292,4588800
1998-02-19,16.29575538635254,16.355012678666547,16.221683770960027,16.355012678666547,3483200
1998-02-20,16.488353729248047,16.517982397225133,16.23651005144282,16.295767387396992,5884200
1998-02-23,16.39945411682129,16.53278301208,16.26612522156258,16.488340046993763,4430200
1998-02-24,16.192060470581055,16.36983240621415,16.132803158703357,16.36983240621415,4511200
1998-02-25,16.26613426208496,16.369834571588235,16.221691272297843,16.221691272297843,3796400
1998-02-26,16.32538414001465,16.41427007907099,16.206869554606193,16.26612684731042,2958600
1998-02-27,16.26613426208496,16.340205911730155,16.192062612439766,16.325391581801117,3544200
1998-03-02,16.11798095703125,16.280938485089468,16.103166636298685,16.266124164356903,5421800
1998-03-03,16.162429809570312,16.17724413570191,16.01428654825436,16.11798683117553,3897800
1998-03-04,16.29575538635254,16.29575538635254,16.0290975709395,16.16242647864602,5010400
1998-03-05,16.42908477783203,16.547599365949846,16.20686992511113,16.29575586619949,7645400
1998-03-06,16.710554122924805,16.76981140704865,16.48833930746038,16.48833930746038,9568800
1998-03-09,17.19944190979004,17.347585250959636,16.710568883930375,16.710568883930375,9636000
1998-03-10,17.21425437927246,17.288326041833873,17.199440046760177,17.199440046760177,5093400
1998-03-11,17.205337524414062,17.220182509335903,17.07173266011749,17.220182509335903,4748400
1998-03-12,17.012348175048828,17.20533292747085,17.012348175048828,17.20533292747085,4878600
1998-03-13,16.759992599487305,17.10142734686393,16.71545763243818,17.012357412765677,4027200
1998-03-16,17.04203987121582,17.14595474847933,16.819365134222583,16.819365134222583,4828000
1998-03-17,17.205337524414062,17.205337524414062,16.952972780742762,17.042042690273806,4683000
1998-03-18,17.76945686340332,17.813991843010847,17.16081214210045,17.205347121707977,8973400
1998-03-19,17.799142837524414,17.87336778680517,17.63584794910676,17.769452857812112,5914400
1998-03-20,18.407773971557617,18.407773971557617,17.79912983217547,17.79912983217547,10567600
1998-03-23,18.021808624267578,18.19994841297533,17.87335880034445,18.19994841297533,7623200
1998-03-24,18.05150604248047,18.22964590474179,17.91790114578448,18.021816065436916,5543200
1998-03-25,18.096044540405273,18.14057951466386,17.91790464337093,18.051509566146688,5285200
1998-03-26,18.15541648864746,18.2741763675593,17.888206761095823,18.096036549191542,4528000
1998-03-27,17.828824996948242,18.170259613875643,17.784290046914233,18.155414630530974,5057400
1998-03-30,18.615612030029297,18.838286815077492,18.12572750292326,18.12572750292326,10732000
1998-03-31,18.392940521240234,18.68984028752337,18.31871557966945,18.615615345952584,6896200
1998-04-01,19.15003204345703,19.16487702953723,18.39293775336687,18.39293775336687,8855000
1998-04-02,19.268789291381836,19.328169227564832,18.957044626421112,19.150029419015844,6690000
1998-04-03,19.105510711669922,19.26880567501753,18.95706074499028,19.26880567501753,6801200
1998-04-06,18.823442459106445,19.31332700260054,18.823442459106445,19.105497196269713,7718800
1998-04-07,18.764068603515625,18.793758585483214,18.51170375679113,18.793758585483214,6177200
1998-04-08,18.541385650634766,18.838285340797054,18.34840085202928,18.76406041825648,5503200
1998-04-09,18.66014289855957,18.734367810646123,18.482003109551844,18.541383039221085,3912000
1998-04-13,18.467161178588867,18.6007660424211,18.25933139040539,18.6007660424211,5482600
1998-04-14,18.48201560974121,18.52655058711408,18.244495730419235,18.46717061728359,4980600
1998-04-15,18.21479606628418,18.526540742235255,17.9624313286095,18.482005788527957,6630600
1998-04-16,17.76945686340332,18.27418663228863,17.546781965365685,18.21480665947859,7165000
1998-04-17,18.244495391845703,18.289030368392112,17.50224578273888,17.769455642017338,8330600
1998-04-20,17.88821029663086,18.318714942773845,17.81398535764069,18.244490003783675,6923400
1998-04-21,17.73975944519043,17.99212422390862,17.620999549323045,17.88820931502466,5545200
1998-04-22,17.992130279541016,18.170270183298847,17.576470504106073,17.739765415884087,6809400
1998-04-23,17.754608154296875,17.9624380156348,17.680383203819044,17.9624380156348,5773000
1998-04-24,17.48740005493164,17.799144877642647,17.33895013935497,17.754609902969648,4950200
1998-04-27,17.19049644470215,17.44286124570382,17.07173653834842,17.44286124570382,6224600
1998-04-28,17.205337524414062,17.591307132381935,17.205337524414062,17.205337524414062,5871600
1998-04-29,17.502248764038086,17.665543705856933,17.249883853954415,17.249883853954415,5490400
1998-04-30,18.021808624267578,18.066343571444516,17.620994099675137,17.620994099675137,5719200
1998-05-01,18.096044540405273,18.12573452324433,17.82883469485376,18.021819583307632,4886600
1998-05-04,18.110889434814453,18.24449435687456,18.08119945213443,18.09604444347444,4467400
1998-05-05,18.066341400146484,18.110876341971004,17.769441787983027,18.110876341971004,3733400
1998-05-06,18.05150604248047,18.199955927698237,17.96243611134981,18.066351031002245,4714200
1998-05-07,17.977291107177734,18.110896078246768,17.903066123250493,18.051516091104975,5112200
1998-05-08,18.15541648864746,18.407781231335118,17.99212165514368,17.99212165514368,5470000
1998-05-11,18.392940521240234,18.51170042775349,18.259335626412824,18.259335626412824,5788400
1998-05-12,18.467161178588867,18.496851148329363,18.229641420664894,18.392936254237625,4218400
1998-05-13,18.348411560058594,18.57108645763212,18.289031587372317,18.46717150543114,4853800
1998-05-14,18.467161178588867,18.6304560121616,18.25933139040539,18.34840129962688,4586200
1998-05-15,18.259336471557617,18.58592622958548,18.229646493555084,18.467166317575348,5917800
1998-05-18,18.378089904785156,18.467159807393163,18.25933003464115,18.25933003464115,4417000
1998-05-19,18.541385650634766,18.61561057317534,18.437470759077968,18.437470759077968,4154400
1998-05-20,18.957046508789062,18.971891494308867,18.48200697215535,18.541386914234565,5574400
1998-05-21,18.867979049682617,19.22425874849645,18.823444087330888,18.957048974386076,6537400
1998-05-22,18.719526290893555,18.942201068342722,18.60076640958733,18.867976142526334,3618600
1998-05-26,18.378089904785156,18.764059482753183,18.378089904785156,18.719524531449178,4409400
1998-05-27,18.58592987060547,18.58592987060547,18.17027009714145,18.378099983873458,6239800
1998-05-28,18.749216079711914,18.80859601979018,18.46716136434016,18.58592124449669,4448800
1998-05-29,18.615612030029297,18.927356729096772,18.615612030029297,18.749216901058215,5249000
1998-06-01,18.88282585144043,18.942205806948106,18.630461040532815,18.630461040532815,4791800
1998-06-02,18.91251564025879,19.046120538816346,18.808600719158466,18.882825662801555,6249600
1998-06-03,18.867979049682617,18.98673894928723,18.823444087330888,18.912514012034347,4311200
1998-06-04,19.04612159729004,19.09065656595089,18.674996858449624,18.86798172264664,5252800
1998-06-05,19.491470336914062,19.491470336914062,19.016430694277926,19.046120671942685,6399000
1998-06-08,19.25396156311035,19.654776491563688,19.194581573709858,19.49148152071233,5750800
1998-06-09,19.387556076049805,19.580540937449996,19.17972622531114,19.25395117200352,4434600
1998-06-10,19.298479080200195,19.535998822725738,19.19456419284527,19.387548983647275,4824600
1998-06-11,18.962364196777344,19.349047701966526,18.93261931176279,19.33417525945925,4921800
1998-06-12,19.200328826904297,19.274691060935684,18.858262550359914,18.962369678003856,6615600
1998-06-15,18.87314796447754,19.31932167522169,18.87314796447754,19.20034201902325,7135400
1998-06-16,18.798765182495117,18.82851006411299,18.5013163663164,18.82851006411299,8235400
1998-06-17,19.111087799072266,19.438281520145875,18.769021636131672,18.798766519865637,9051800
1998-06-18,19.363922119140625,19.423411895236296,19.066473238662276,19.111090570734028,5445800
1998-06-19,19.125957489013672,19.43827872328217,19.021850410924174,19.36391652464681,9234000
1998-06-22,19.304431915283203,19.48290123961556,19.081345259867756,19.12596259095085,4806400
1998-06-23,19.646501541137695,19.691118879989634,19.230073045186252,19.304435276606153,6769400
1998-06-24,20.018314361572266,20.077804151651232,19.51265114590105,19.646503173578722,6937600
1998-06-25,20.19677734375,20.583460856958762,19.94394581588273,20.01830802996134,9885000
1998-06-26,20.419862747192383,20.509097398673195,20.167031234663416,20.196776118490355,8196000
1998-06-29,20.4644775390625,20.657819259998412,20.449605098990506,20.449605098990506,5139000
1998-06-30,20.34550666809082,20.509103578433656,20.241399543327198,20.464486239249247,5523000
1998-07-01,20.405000686645508,20.41987313612557,20.167041494964508,20.345510888725258,4725000
1998-07-02,20.315750122070312,20.360367435661978,20.241387932750875,20.360367435661978,3156400
1998-07-06,20.64295196533203,20.732186628006378,20.226523539518418,20.315758202192765,4839200
1998-07-07,20.449613571166992,20.851169619473545,20.404996232466264,20.64295537220348,5350400
1998-07-08,20.747066497802734,20.791683845109837,20.390127719345912,20.44961751575538,3905800
1998-07-09,20.628080368041992,20.77680481193559,20.345503924644156,20.74705992315687,5358600
1998-07-10,20.747066497802734,20.925535887031145,20.509107312164854,20.628086904983792,4149800
1998-07-13,20.672706604003906,20.880920915123372,20.53885454685568,20.747068857975144,4086800
1998-07-14,20.925539016723633,20.970156370703855,20.628089990188826,20.672707344169048,4133400
1998-07-15,20.895788192749023,21.163492240770008,20.86604329852447,20.925533086973577,4610600
1998-07-16,20.747066497802734,20.821428743314573,20.46448996485775,20.821428743314573,7432400
1998-07-17,20.494232177734375,20.702446437885524,20.479359730580722,20.702446437885524,4504600
1998-07-20,20.12240982055664,20.49422079285074,20.033175187206055,20.49422079285074,4772200
1998-07-21,20.04805564880371,20.226524986923625,20.01831075911706,20.122417873020343,5066000
1998-07-22,19.958816528320312,20.092668502057187,19.869581879162396,20.04805117747823,6065000
1998-07-23,19.750608444213867,20.13729204327227,19.750608444213867,19.9588226898607,5557200
1998-07-24,19.854713439941406,20.048055218757316,19.7059889946984,19.750606328271303,5388400
1998-07-27,20.211639404296875,20.404981061585953,19.631614432429636,19.854700960070883,5778200
1998-07-28,19.839839935302734,20.07779903497653,19.527518616980878,20.07779903497653,7995600
1998-07-29,19.482894897460938,19.8993231853456,19.28955319237163,19.839833429933506,5920800
1998-07-30,19.691120147705078,19.98856909253446,19.542395675290386,19.542395675290386,5448400
1998-07-31,19.155712127685547,19.795227361762006,18.88800807621168,19.69112023063328,7155400
1998-08-03,19.54239273071289,19.89933141072591,19.155709160698784,19.155709160698784,7708600
1998-08-04,18.70953369140625,19.52751807378093,18.70953369140625,19.52751807378093,10426400
1998-08-05,19.125957489013672,19.33417164519267,18.471570141022536,18.709529176655675,10670800
1998-08-06,19.42341423034668,19.557266242653814,19.006985747613367,19.125965314108598,7165400
1998-08-07,19.140850067138672,19.497788996129604,18.85827341502085,19.423426719256494,7050600
1998-08-10,19.066471099853516,19.423409716387436,18.947491561008878,19.140833311631415,5342400
1998-08-11,18.91775131225586,18.94749620425626,18.620302392251837,18.94749620425626,9676400
1998-08-12,18.962364196777344,19.021853966806447,18.664915346631815,18.917746869255513,7563600
1998-08-13,18.739276885986328,18.992108399527414,18.53106269836426,18.962363515581405,7293000
1998-08-14,18.27823257446289,18.843385412403972,17.980783712388636,18.73927831067798,8536600
1998-08-17,18.813640594482422,18.88800281027089,18.02540110712466,18.278232640805452,6840800
1998-08-18,18.813640594482422,18.902875253428583,18.59055394711702,18.813640594482422,6955000
1998-08-19,18.724403381347656,18.813638028121357,18.57567897005816,18.813638028121357,6990000
1998-08-20,18.902877807617188,19.066474704457303,18.60542890427152,18.724408465609788,6390800
1998-08-21,18.87314796447754,18.947510249601564,18.27824968348534,18.902892878527148,9367000
1998-08-24,18.947498321533203,19.111095245816458,18.888008530884747,18.888008530884747,7309600
1998-08-25,19.066471099853516,19.378792389320697,18.828512022164237,18.947491561008878,8049000
1998-08-26,18.8433837890625,19.081342858221934,18.635169603547997,19.06647041639947,7588200
1998-08-27,17.787439346313477,18.248485014988827,17.757694464463455,18.248485014988827,14306800
1998-08-28,17.3115177154541,17.891542793549213,17.14792089855548,17.78743572825009,11394400
1998-08-31,15.497086524963379,17.43050422961332,15.482214081081455,17.311524678557937,17622600
1998-09-01,16.240713119506836,16.62739676520938,15.645815203041384,15.645815203041384,21049400
1998-09-02,15.288875579833984,16.329946874180656,15.259130685709794,16.240712191808086,13993000
1998-09-03,14.738588333129883,15.021164698749931,14.470884407805627,15.021164698749931,16590400
1998-09-04,14.78320598602295,15.140144561138191,14.247798123350085,14.738588664133545,11775400
1998-09-08,15.110404968261719,15.467343668299396,14.738593822389136,14.783211159893847,12435000
1998-09-09,14.902182579040527,15.437590336371326,14.902182579040527,15.110396706891393,9759000
1998-09-10,14.485764503479004,14.63448898503423,14.322167573768255,14.63448898503423,8980000
1998-09-11,14.894274711608887,15.028457366668425,14.32772572357972,14.521545114221276,10586400
1998-09-14,15.103001594543457,15.431003603506888,15.043364865641015,15.043364865641015,9153400
1998-09-15,14.59609317779541,14.998641202106418,14.461910503025075,14.998641202106418,9017400
1998-09-16,14.894274711608887,14.909183895504391,14.43209001084825,14.596091033698798,11189800
1998-09-17,14.506630897521973,14.730268578367635,14.357539110291532,14.730268578367635,8112600
1998-09-18,14.640816688537598,14.715362598357036,14.342633049259847,14.50663405086261,11760200
1998-09-21,14.118992805480957,14.536449826128758,14.089174446863257,14.536449826128758,9576600
1998-09-22,13.448080062866211,14.312812483760046,13.35862498484271,14.118993148042463,18296200
1998-09-23,13.83571720123291,14.238265007734299,13.507715284824371,13.507715284824371,19143800
1998-09-24,13.522626876831055,13.895356393833014,13.269170805269722,13.835719671112699,13441200
1998-09-25,13.403360366821289,13.50772468558408,12.792083642639229,13.50772468558408,22417400
1998-09-28,13.656813621520996,13.716450362226329,13.298993177289006,13.403357473523336,10600400
1998-09-29,13.99972152709961,14.163722524754665,13.701537894999511,13.701537894999511,11792600
1998-09-30,13.746264457702637,14.014629707419173,13.671718555003599,13.999720526879367,8855600
1998-10-01,13.418261528015137,13.626990040673151,13.209533015357124,13.626990040673151,10727400
1998-10-02,14.059359550476074,14.193542197299282,13.25426366953683,13.41826468232075,9135000
1998-10-05,14.655726432800293,14.849545805767132,13.969904036148398,14.05935913136386,13577600
1998-10-06,14.983731269836426,15.281914976698843,14.611001636258406,14.655729192287767,11782600
1998-10-07,15.103001594543457,15.46082196795811,14.849545496708078,14.983728136738572,14195000
1998-10-08,15.386279106140137,15.654644439386766,14.939003550729085,15.103004587713137,19223400
1998-10-09,15.22227954864502,15.595009214380696,14.96882337594476,15.386280601568718,12344200
1998-10-12,14.953912734985352,15.475734216265998,14.924094364626459,15.222278068215399,6925600
1998-10-13,15.267006874084473,15.40118955168873,14.909186400473118,14.953913959674537,6529800
1998-10-14,15.356465339660645,15.684467511964076,15.103009115607993,15.267010201759708,7365000
1998-10-15,16.101911544799805,16.251003318362766,15.177542548709445,15.356452676984999,9293400
1998-10-16,16.504465103149414,16.56410183342276,16.11682635637264,16.11682635637264,12202000
1998-10-19,16.310646057128906,16.534283800142557,16.29573687426133,16.504465434407404,5674200
1998-10-20,15.99754810333252,16.713188652223444,15.96772974712873,16.3106408434723,9094600
1998-10-21,15.982647895812988,16.14664894698271,15.86337440405319,15.997557082282963,6495200
1998-10-22,16.48955726623535,16.608830736515536,15.803734812124297,15.982645017544572,5868600
1998-10-23,16.757923126220703,16.757923126220703,16.41501188787277,16.489557809252755,5981000
1998-10-26,16.668458938598633,16.847369052429745,16.504458000920113,16.75791399551419,5451200
1998-10-27,16.22118377685547,16.832460003740646,16.131728719262515,16.668459064820233,5916400
1998-10-28,16.1168270111084,16.370283125066624,16.101917827934383,16.22119129332649,4026400
1998-10-29,16.176464080810547,16.20628244777978,15.714279392787388,16.116827346872075,7195600
1998-10-30,16.1168270111084,16.340464758718596,15.908098446672211,16.17646374380445,6692400
1998-11-02,16.93683433532715,17.05610781656185,16.236102633073298,16.236102633073298,9283200
1998-11-03,17.399011611938477,17.59283093580754,16.78773528281296,16.93682707040455,8025800
1998-11-04,17.20519256591797,17.518285324916476,16.996464059918964,17.399011892917045,7711200
1998-11-05,17.33937644958496,17.354285629679186,16.787736786098595,17.205193828736924,6525200
1998-11-06,17.324474334716797,17.384111079414616,17.10083654209997,17.339383520891253,4482200
1998-11-09,17.071008682250977,17.309555528465836,16.847371013924544,17.309555528465836,5172600
1998-11-10,17.20519256591797,17.30955681891747,16.877190627919532,17.07100995491861,4875200
1998-11-11,17.026283264160156,17.08591998312394,16.698281309859347,17.08591998312394,4811800
1998-11-12,16.832468032836914,16.921923133099998,16.74301293257383,16.921923133099998,3060800
1998-11-13,16.638647079467773,16.90701235494306,16.53428280567183,16.832466445088812,4091800
1998-11-16,16.698286056518555,16.802650344371795,16.370284008979798,16.63864932060242,5620600
1998-11-17,16.743011474609375,17.16046857281869,16.713193110451567,16.713193110451567,5343400
1998-11-18,16.921920776367188,16.936829957667953,16.608827969051145,16.74301060075802,4803200
1998-11-19,17.026283264160156,17.249920960274345,16.90700982623259,16.921919005973535,5638400
1998-11-20,17.36919593811035,17.384105119173107,17.085921497917994,17.085921497917994,7155000
1998-11-23,17.99538803100586,17.99538803100586,17.384111387036317,17.384111387036317,7152400
1998-11-24,17.5331974029541,17.965563665441916,17.45865149562862,17.965563665441916,5388600
1998-11-25,17.48847198486328,17.682291367474726,17.38410770191866,17.533199534696692,3677600
1998-11-27,17.135889053344727,17.419744233827334,17.106009560662347,17.419744233827334,2473200
1998-11-30,16.74746322631836,17.03131853523901,16.672764460812925,17.03131853523901,5605600
1998-12-01,16.702640533447266,16.852038033746435,16.52336353308826,16.747459783537018,5802800
1998-12-02,16.62793731689453,16.67275655494546,16.373961634605937,16.67275655494546,4906600
1998-12-03,16.284330368041992,16.553245915404155,16.284330368041992,16.553245915404155,5482600
1998-12-04,16.493480682373047,16.687697393306788,16.344083212424014,16.344083212424014,4587800
1998-12-07,16.40384864807129,16.508426918140962,16.194692107931946,16.493487165273866,4261200
1998-12-08,16.40384864807129,16.40384864807129,16.030354826393893,16.40384864807129,5514400
1998-12-09,16.04528045654297,16.16479837428258,15.686726703324132,16.16479837428258,9133600
1998-12-10,15.791316032409668,15.985532785883013,15.612039029203503,15.985532785883013,7677400
1998-12-11,15.029385566711426,15.358060002563962,14.805289360448333,15.358060002563962,20779000
1998-12-14,15.163846015930176,15.343123013162847,14.894930520081168,15.029388268005672,12979600
1998-12-15,15.761432647705078,15.761432647705078,15.268421010383497,15.268421010383497,8851200
1998-12-16,15.507463455200195,15.970595793457619,15.432764690965126,15.761439253599427,7611800
1998-12-17,15.477581977844238,15.746497494833811,15.402883223124913,15.507461479731969,5113400
1998-12-18,15.67180347442627,15.686743229883302,15.462646898027826,15.477586653484858,9373800
1998-12-21,15.7166166305542,16.030351373179332,15.671797381607753,15.671797381607753,7210800
1998-12-22,16.1199893951416,16.299266385634372,15.5373391760401,15.71661616653287,7083000
1998-12-23,16.717578887939453,16.80721738063618,16.16480818297631,16.16480818297631,6984000
1998-12-24,16.59805679321289,16.762393989185295,16.59805679321289,16.717574753920093,2035000
1998-12-28,16.463598251342773,16.71757390494788,16.194682853407954,16.598055950310183,3217400
1998-12-29,16.56818199157715,16.702639735422228,16.38890499978371,16.463603746364306,4220600
1998-12-30,16.209632873535156,16.657825487549953,16.209632873535156,16.568186964746992,4415400
1998-12-31,16.015417098999023,16.2096339108339,15.791320777651089,16.2096339108339,5425000
1999-01-04,16.060230255126953,16.463603480139444,15.806254520859829,16.015411007903342,7358200
1999-01-05,16.38890266418457,16.463601400119778,15.955649995760364,16.060228226069654,6733800
1999-01-06,16.792282104492188,16.822161610016195,16.254451005060055,16.388908779918086,9957800
1999-01-07,16.59805679321289,16.732514499008495,16.314201636533284,16.732514499008495,6032000
1999-01-08,16.254444122314453,16.58311854390537,15.970588940031389,16.58311854390537,8961600
1999-01-11,15.791316032409668,16.045291786951733,15.597099278936323,16.045291786951733,10087600
1999-01-12,15.64192008972168,15.910835621350133,15.597100834450272,15.791317607293042,8370000
1999-01-13,15.582148551940918,15.671786990398871,15.208655058366112,15.641907510912887,8561400
1999-01-14,15.178791046142578,15.552284920309472,14.999513986542468,15.552284920309472,10179400
1999-01-15,15.492522239685059,15.53734149399466,15.193727210954393,15.193727210954393,9702600
1999-01-19,15.328182220458984,15.552278451752246,14.999507747895537,15.492519456740709,8228400
1999-01-20,15.163846015930176,15.343123013162847,15.05926776754445,15.32818326339346,7395200
1999-01-21,14.715654373168945,15.104087889618075,14.566256866842357,15.104087889618075,12716600
1999-01-22,14.551321029663086,14.685778821518289,14.237586182000946,14.685778821518289,15610600
1999-01-25,15.044328689575195,15.059268440011715,14.357100169495295,14.551316925170049,10226800
1999-01-26,14.954689979553223,15.119027232075785,14.357099970380267,15.044328480929165,11162000
1999-01-27,15.283363342285156,15.477580080750169,14.715652876002814,14.954688861805906,9598600
1999-01-28,15.567224502563477,15.701682295771798,15.193730632540362,15.28336916134591,10326600
1999-01-29,15.612041473388672,15.746499246843694,15.417824689509194,15.56722221557033,8236000
1999-02-01,15.298300743103027,15.731553400866687,15.298300743103027,15.612035426311195,7864400
1999-02-02,15.597089767456055,15.597089767456055,15.10407830928934,15.298294944324713,8544600
1999-02-03,15.417821884155273,15.746496381685716,15.32818338482879,15.597098882808243,8492600
1999-02-04,15.193720817565918,15.343118269066075,14.969624640315683,15.343118269066075,8295600
1999-02-05,14.835168838500977,15.283361250540281,14.77540985022907,15.193722768132421,6035000
1999-02-08,14.700712203979492,14.969627671125458,14.655892959455164,14.835169937552475,5983000
1999-02-09,14.805288314819336,15.148902473488201,14.655890854528526,14.700710092615768,8243600
1999-02-10,15.208663940429688,15.208663940429688,14.820230480261541,14.820230480261541,5970200
1999-02-11,15.387946128845215,15.507464157030421,15.0293920442896,15.208669086567408,5863800
1999-02-12,15.268424987792969,15.522400745906943,14.984569728724411,15.38794299161131,5048600
1999-02-16,15.507463455200195,15.537342960894222,15.313246668189016,15.313246668189016,5821800
1999-02-17,15.373000144958496,15.59709635698413,15.178783427869613,15.507457872173877,6282000
1999-02-18,15.44770622253418,15.612043522773904,15.283368922294454,15.37300744969794,5313800
1999-02-19,15.7166166305542,15.746496129851831,15.313243390036174,15.447701136875516,9922600
1999-02-22,15.402885437011719,15.626981733379495,15.387945683920535,15.626981733379495,9985600
1999-02-23,14.999503135681152,15.387936483816322,14.835165949931659,15.387936483816322,10619200
1999-02-24,15.014446258544922,15.462638684173129,14.999506511023982,14.999506511023982,8784400
1999-02-25,15.35805606842041,15.417815041449282,14.954683000475516,15.014441973504388,8244400
1999-02-26,15.268424987792969,15.50746099542965,14.984569728724411,15.358063490656724,8363200
1999-03-01,15.223604202270508,15.283363198157733,14.969628469749802,15.268423449185926,5425000
1999-03-02,14.850117683410645,15.178792320266817,14.640961096320355,15.178792320266817,9608200
1999-03-03,14.730592727661133,14.85011072139469,14.5363759878441,14.85011072139469,6140200
1999-03-04,15.044328689575195,15.133967192194312,14.730593930408284,14.730593930408284,8276200
1999-03-05,15.283363342285156,15.373001836961317,15.074206854707452,15.074206854707452,8542800
1999-03-08,15.298300743103027,15.298300743103027,15.074204540811479,15.28336099628359,6003800
1999-03-09,15.059267044067383,15.328182526997159,15.014447796912421,15.29830302889385,6796200
1999-03-10,15.029385566711426,15.148903543385074,14.865048348785157,15.059265060879838,6008800
1999-03-11,15.90649127960205,15.966402734515807,15.27742100300762,15.27742100300762,17270800
1999-03-12,16.64040756225586,16.760230478995776,16.07124870774126,16.07124870774126,16184600
1999-03-15,16.46067237854004,16.64040674482073,16.35582733154297,16.64040674482073,8657200
1999-03-16,16.46067237854004,16.655384608677455,16.32587160382952,16.46067237854004,6542600
1999-03-17,16.011333465576172,16.5205807413756,15.966399882417399,16.460669297163903,6938800
1999-03-18,16.355838775634766,16.430728147318074,16.01134766589154,16.01134766589154,8341800
1999-03-19,16.176084518432617,16.505597351215503,16.176084518432617,16.355818790859647,8632800
1999-03-22,16.221019744873047,16.385776178108138,16.11617474190526,16.176086172172568,5739800
1999-03-23,15.786674499511719,15.936453194953007,15.53205071726153,15.936453194953007,12744000
1999-03-24,15.666845321655273,15.861557548406248,15.502088822096757,15.786668230425104,6156600
1999-03-25,15.786674499511719,15.861563847232363,15.562006456349788,15.666851543158689,5522000
1999-03-26,15.651874542236328,15.651874542236328,15.29240565322803,15.651874542236328,7042800
1999-03-29,15.532048225402832,16.265963715320613,15.487114623979293,15.651871162532265,7931400
1999-03-30,15.15759563446045,15.202529218357071,14.70825979549423,15.202529218357071,21393400
1999-03-31,14.708263397216797,15.127643616282041,14.573462612517254,15.127643616282041,13089800
1999-04-01,14.603422164916992,14.783156591562125,14.393732000497671,14.708267247126653,9611200
1999-04-05,14.498564720153809,14.663321137428284,14.40869758345864,14.603409712964838,8302400
1999-04-06,14.333818435668945,14.558486436228021,14.28888483555713,14.498574969412267,10912000
1999-04-07,14.124127388000488,14.303861776819158,13.809592207567816,14.303861776819158,15249200
1999-04-08,14.58843994140625,14.678307127903619,14.124126144503176,14.124126144503176,13011600
1999-04-09,14.558484077453613,14.723240584502985,14.333816113295379,14.588439806008045,8467400
1999-04-12,14.828081130981445,14.858036850437973,14.33381175994873,14.558479655872691,9582000
1999-04-13,15.172574043273926,15.517064865579258,15.097684734077115,15.097684734077115,11245000
1999-04-14,15.20252799987793,15.27741730036994,14.977860098401901,15.172572279681127,8003000
1999-04-15,15.397244453430176,15.457155910447414,15.202532218124153,15.202532218124153,8768000
1999-04-16,15.741744041442871,15.75672191398468,15.217518502479502,15.397252972981228,9169600
1999-04-19,15.561999320983887,16.071246651988172,15.352309243511534,15.741733673103047,12480200
1999-04-20,15.63688850402832,15.696799954235324,15.247464077682787,15.561999191269564,6711400
1999-04-21,16.19107437133789,16.325875175539593,15.696804755931646,15.696804755931646,13177000
1999-04-22,15.936450004577637,16.26596306858206,15.876538538395014,16.19107373585378,9231800
1999-04-23,15.936450004577637,16.23600733549075,15.816627072212391,15.936450004577637,5469600
1999-04-26,16.086223602294922,16.146135049603284,15.651865609309304,15.93644498402402,4614600
1999-04-27,16.64040756225586,16.64040756225586,16.131160166111215,16.131160166111215,9852200
1999-04-28,16.280935287475586,16.55053679177601,16.236001703425515,16.55053679177601,5784400
1999-04-29,16.250988006591797,16.445700305288288,16.1461429226783,16.280943744852795,5667600
1999-04-30,16.310895919799805,16.49063031010063,16.026316468490165,16.250984456366197,7045400
1999-05-03,16.535558700561523,16.580492283986963,16.11617858859076,16.31089078343433,5654800
1999-05-04,16.46067237854004,16.53556169782366,16.206048692975724,16.53556169782366,5216800
1999-05-05,16.89503288269043,16.954944346813445,16.32587397352178,16.460674767798565,10742800
1999-05-06,16.565513610839844,16.98489370225351,16.415735006763533,16.895026539807724,8282800
1999-05-07,16.235998153686523,16.550533173269013,16.191064579460456,16.550533173269013,5550200
1999-05-10,16.071247100830078,16.34084863653832,15.936446332975958,16.236003594874003,6254400
1999-05-11,16.041296005249023,16.17609681201582,15.726760789459828,16.07125174008609,5540600
1999-05-12,15.921478271484375,16.026323377693586,15.517075718963136,16.026323377693586,5440200
1999-05-13,15.756719589233398,15.906498292553108,15.681830237573545,15.906498292553108,6660000
1999-05-14,15.63688850402832,15.786667129545833,15.412220565752051,15.75671140444233,5762400
1999-05-17,16.086223602294922,16.1161793259491,15.606932023828033,15.636887747482215,6298000
1999-05-18,16.47564125061035,16.550530529022218,16.250973415374755,16.250973415374755,10695000
1999-05-19,16.4007625579834,16.47565188473218,16.17609457773705,16.47565188473218,5608400
1999-05-20,16.280935287475586,16.400758178275776,16.191068119375444,16.400758178275776,4121600
1999-05-21,16.295913696289062,16.5954709333532,16.20604652516982,16.280935834435855,6302200
1999-05-24,16.011333465576172,16.400757852952207,15.93644416031155,16.295912825581734,5638400
1999-05-25,16.0562744140625,16.49063258384591,15.98138507444467,16.011340810291802,8837600
1999-05-26,16.415735244750977,16.580491711623477,16.0712444503812,16.0712444503812,8707600
1999-05-27,16.325876235961914,16.460677048919397,16.14614181868527,16.415743444600235,6468200
1999-05-28,16.415735244750977,16.640403154122566,16.295912359752794,16.32586808100234,5551000
1999-06-01,16.565513610839844,16.640402912878,16.22102282146433,16.415735006763533,6923400
1999-06-02,16.445701599121094,16.505613080356508,16.325878636650266,16.505613080356508,3718200
1999-06-03,16.490629196166992,16.5205849258603,16.370806277393754,16.44569560162703,4614400
1999-06-04,16.715293884277344,16.745249608084293,16.400758784304383,16.49062595572523,6448400
1999-06-07,16.235998153686523,16.640400321721152,16.20604243753581,16.640400321721152,4600000
1999-06-08,16.235998153686523,16.400754592515447,16.011330282556177,16.235998153686523,5791000
1999-06-09,16.0562744140625,16.176097357451024,15.966407206521104,16.176097357451024,4262600
1999-06-10,15.846582412719727,15.921471743592694,15.666848018624608,15.921471743592694,4696200
1999-06-11,15.47963809967041,15.915049840592273,15.374538713930649,15.885021444666627,5896600
1999-06-14,15.569724082946777,15.749894467706046,15.329496903267753,15.479638890567141,5623200
1999-06-15,15.314476013183594,15.434589550541897,15.179348283655504,15.434589550541897,7671400
1999-06-16,15.344502449035645,15.569715302984308,15.134303785350225,15.314474068509156,7770800
1999-06-17,15.509664535522461,15.64479230011075,15.329494182738076,15.344508378803441,7760200
1999-06-18,15.239405632019043,15.47963271587353,15.164334668314515,15.47963271587353,13430600
1999-06-21,14.788979530334473,15.209376917998801,14.743936953084722,15.209376917998801,12047400
1999-06-22,15.044214248657227,15.554696568471941,14.728916345242254,14.788973088749868,14922400
1999-06-23,14.834022521972656,15.254419921380787,14.803994136300647,15.044221221676722,10523600
1999-06-24,15.044214248657227,15.119285178041743,14.71390215936535,14.834015646380578,10789400
1999-06-25,14.864045143127441,15.209371444432422,14.74393164702136,15.044215387286563,6839200
1999-06-28,14.668864250183105,14.864048728435286,14.578779106374407,14.864048728435286,8389800
1999-06-29,14.698893547058105,14.698893547058105,14.503709056647732,14.668865163918047,8821600
1999-06-30,14.894076347351074,15.044218246013887,14.593792550025448,14.698891879089418,15421400
1999-07-01,15.584733009338379,15.644789783940839,14.924108488711319,14.924108488711319,14922400
1999-07-02,15.569724082946777,15.734880268976106,15.419582095647385,15.584738281676715,8407400
1999-07-06,15.28445053100586,15.494649261294741,15.17935116586142,15.494649261294741,6175800
1999-07-07,15.134307861328125,15.269435610089984,15.01419430687314,15.269435610089984,6491000
1999-07-08,15.164345741271973,15.419587204243879,14.984175296821217,15.134317333863514,5172800
1999-07-09,15.28445053100586,15.509663456315376,15.209379555902688,15.209379555902688,5405200
1999-07-12,15.149322509765625,15.37453543111992,15.014194756953048,15.284450262578202,4791800
1999-07-13,14.999176979064941,15.104276317256588,14.894077640873295,15.104276317256588,5662800
1999-07-14,14.864045143127441,14.939116078193742,14.788974208061141,14.939116078193742,5309600
1999-07-15,15.374527931213379,15.434584680944681,15.044215807691216,15.044215807691216,9338400
1999-07-16,15.614765167236328,15.614765167236328,15.299467024436364,15.374538010817307,7277000
1999-07-19,15.179347038269043,15.599744384531688,15.074247701703383,15.599744384531688,6306800
1999-07-20,15.119294166564941,15.344507088609106,15.029208997747276,15.179350945776719,5544200
1999-07-21,15.044214248657227,15.404554709702907,15.029200062780323,15.119285178041743,7261400
1999-07-22,15.164345741271973,15.29947357461004,14.909104278300068,15.044232111638136,6185000
1999-07-23,14.95413589477539,15.119292014095198,14.788979775455582,15.119292014095198,5908400
1999-07-26,15.149322509765625,15.284450262578202,14.78898183559875,14.954137977925235,5491400
1999-07-27,15.014192581176758,15.179348699569703,14.924107425689698,15.14932031440735,5647200
1999-07-28,14.743938446044922,14.95413716116165,14.683881670297284,14.95413716116165,6001800
1999-07-29,14.773965835571289,14.864050993105261,14.593795520503347,14.743937449726632,6723000
1999-07-30,14.548746109008789,14.81900145468697,14.473675179653739,14.77395889707394,5677200
1999-08-02,14.428645133972168,14.698900714004946,14.413630935081459,14.548758725097848,5161000
1999-08-03,14.608807563781738,14.683878517346907,14.443651465938368,14.443651465938368,5486000
1999-08-04,14.443650245666504,14.864047550114178,14.443650245666504,14.60880632955666,6119600
1999-08-05,14.623823165893555,14.803993471838856,14.353567706975605,14.443652859948255,7089400
1999-08-06,14.233447074890137,14.713900984591069,14.053276858752287,14.623815876522144,7642000
1999-08-09,14.353568077087402,14.47368161748144,14.1884119590456,14.233454536693365,4808600
1999-08-10,14.36858081817627,14.503708537469464,14.293509863013385,14.353566627143692,4855000
1999-08-11,14.278496742248535,14.413624471670445,14.053283859878684,14.368581895196476,6254800
1999-08-12,14.443650245666504,14.60880632955666,14.278494161776345,14.278494161776345,5596600
1999-08-13,14.36858081817627,14.57877949263235,14.248467289915654,14.443651773339155,4847400
1999-08-16,14.2634859085083,14.338556886974134,14.113343951576635,14.338556886974134,4236800
1999-08-17,14.443650245666504,14.473678624555623,14.203423214553547,14.263479972331787,3749200
1999-08-18,14.053289413452148,14.323544979095459,14.038275215360853,14.323544979095459,5697000
1999-08-19,13.9481840133667,14.08331173793107,13.85809886365712,14.053283354694543,9124000
1999-08-20,14.12835693359375,14.188413711207325,13.82807304552587,13.948186600753022,7397800
1999-08-23,14.12835693359375,14.368584044048053,14.008243378366597,14.12835693359375,7271200
1999-08-24,14.233447074890137,14.323532182959061,14.038262674074133,14.128347782143058,6457000
1999-08-25,14.728927612304688,14.834026993839991,14.248473296714728,14.248473296714728,10551000
1999-08-26,14.788979530334473,14.999178224166638,14.713908568251556,14.728922760668139,6892800
1999-08-27,14.909082412719727,14.909082412719727,14.653841324083034,14.788968959243636,5256200
1999-08-30,14.623823165893555,14.984163777784156,14.503709628596688,14.909092816973613,4504600
1999-08-31,14.36858081817627,14.713907211925543,14.353566627143692,14.62382206573008,6173800
1999-09-01,14.41362190246582,14.5337354183197,14.218437439203262,14.368579334020614,4987600
1999-09-02,14.293516159057617,14.353572949641894,14.098331589658722,14.353572949641894,4256000
1999-09-03,13.783028602600098,13.948184718753257,13.602858294069376,13.948184718753257,15629600
1999-09-07,13.122401237487793,13.813053934197676,12.912202590663044,13.783025556079854,20932600
1999-09-08,13.272544860839844,13.422686771030339,13.107388759630298,13.122402950649347,16796800
1999-09-09,13.212498664855957,13.452725913307884,13.092385040629994,13.27255547696894,8579800
1999-09-10,13.242521286010742,13.287563875418941,13.122407714255543,13.212492893071943,6515000
1999-09-13,13.341293334960938,13.431640693888438,13.205772296569688,13.281061762342604,5002200
1999-09-14,13.190722465515137,13.250954074946712,13.100375051367774,13.250954074946712,6496000
1999-09-15,13.025086402893066,13.386476083435763,13.025086402893066,13.19072333980847,7234000
1999-09-16,13.025086402893066,13.175665436452523,12.919681079401446,13.025086402893066,6510400
1999-09-17,13.010024070739746,13.190718849500021,12.904618783129587,13.02508196896977,10967400
1999-09-20,13.070257186889648,13.220836186738607,13.010025586950064,13.010025586950064,7170800
1999-09-21,12.949792861938477,13.160603443411894,12.874503368555112,13.070256051351857,7690400
1999-09-22,12.633576393127441,12.93473435243918,12.603460597196268,12.93473435243918,11921400
1999-09-23,12.27219295501709,12.81427755180312,12.242077144084533,12.633582686207777,12639800
1999-09-24,12.317359924316406,12.528170485368276,12.272186232662435,12.272186232662435,10570800
1999-09-27,12.287240982055664,12.543225169181824,12.25712519533494,12.317356768776389,9242000
1999-09-28,12.22701644897461,12.362537567251422,11.940916310390229,12.287248057097639,13730200
1999-09-29,11.775278091430664,12.227015102610869,11.745162290685316,12.227015102610869,12171000
1999-09-30,11.624696731567383,11.910796780660363,11.549407244963968,11.775275704774215,16804000
1999-10-01,11.820456504821777,11.850572317572915,11.504240470934825,11.624703721939378,11814600
1999-10-04,11.459062576293945,12.001147008286825,11.459062576293945,11.820452197622531,13134600
1999-10-05,11.549412727355957,11.624702249698565,11.398833682670743,11.459065300544829,13728200
1999-10-06,12.513116836547852,12.513116836547852,11.579526892064138,11.579526892064138,16290200
1999-10-07,12.528170585632324,12.73898114837133,12.482996893616823,12.513112688293823,11634400
1999-10-08,12.784161567687988,12.99497224136011,12.543235083491277,12.543235083491277,10347400
1999-10-11,12.61851692199707,12.889559051586506,12.54322744155556,12.784153778968392,5630800
1999-10-12,12.181838989257812,12.528170629249074,12.076433707521343,12.528170629249074,9377800
1999-10-13,11.971028327941895,12.196896786959666,11.92585463613834,12.181838889691814,8828000
1999-10-14,12.181838989257812,12.392649552730754,11.986086323175796,11.986086323175796,9138200
1999-10-15,12.031262397766113,12.287246704101562,11.955972895902745,12.181841401492848,9028200
1999-10-18,12.287240982055664,12.287240982055664,11.986083114848418,12.031256794929504,7876800
1999-10-19,12.723929405212402,12.738987309833956,12.407713408159786,12.407713408159786,11870400
1999-10-20,12.708871841430664,12.91968251178615,12.66369812635449,12.723929746456056,8752000
1999-10-21,13.085314750671387,13.115430549867408,12.618519863133052,12.708867260721117,11963800
1999-10-22,13.311176300048828,13.476813109212332,13.145539490885325,13.145539490885325,14658400
1999-10-25,13.567164421081543,13.627396005636845,13.250948602166213,13.311180186721515,8613400
1999-10-26,13.371414184570312,13.732803757126268,13.371414184570312,13.567166869704788,9280400
1999-10-27,13.71774959564209,13.77798120747806,13.371417827585264,13.371417827585264,7181800
1999-10-28,14.169480323791504,14.169480323791504,13.868322399800185,13.868322399800185,10987600
1999-10-29,14.214653015136719,14.305000385995639,14.033958273418879,14.169479329707258,8153200
1999-11-01,14.214653015136719,14.305000385995639,13.943610902559959,14.214653015136719,8425200
1999-11-02,13.913496971130371,14.199597017073527,13.80809169104605,14.199597017073527,6453600
1999-11-03,13.702686309814453,13.913496868426984,13.506933648245676,13.913496868426984,7917400
1999-11-04,13.657512664794922,13.853265327024618,13.506933693849001,13.702686356078697,7537000
1999-11-05,14.00384521484375,14.079134705246137,13.883382030199932,13.883382030199932,8209600
1999-11-08,14.169480323791504,14.199596116190635,13.898438192199317,14.003843465596278,5470000
1999-11-09,13.898443222045898,14.169485451728267,13.793037910502754,14.169485451728267,4456400
1999-11-10,13.943611145019531,14.033958517449465,13.73280060934969,13.898437458804565,5149000
1999-11-11,13.672574043273926,13.958674160919525,13.612342439559063,13.94361625999081,4844600
1999-11-12,13.853265762329102,13.853265762329102,13.627397298812866,13.672570991516114,4832600
1999-11-15,14.033961296081543,14.049019194467895,13.8532665154453,13.8532665154453,5541800
1999-11-16,14.274884223937988,14.274884223937988,13.913494749914243,14.033957907922158,6558800
1999-11-17,14.44052791595459,14.455585817848181,14.094196172401977,14.274890995125078,7905000
1999-11-18,14.560989379882812,14.651336780378466,14.274889278313243,14.44052617922194,6596400
1999-11-19,14.576045989990234,14.621219686240204,14.380293306240366,14.560988091240246,7501800
1999-11-22,15.750561714172363,15.916198596443776,14.816972014097137,14.816972014097137,25021800
1999-11-23,16.066774368286133,16.127005949797983,15.855963832994657,15.855963832994657,19265800
1999-11-24,16.367931365966797,16.488394522294058,15.946310318821379,16.06677347514864,11651200
1999-11-26,16.036659240722656,16.352875056736906,16.036659240722656,16.352875056736906,3306600
1999-11-29,16.196060180664062,16.22624855005952,15.879082302011737,16.075306703082223,8520200
1999-11-30,16.25643539428711,16.407377227103147,16.06021101162626,16.196058661160695,7551000
1999-12-01,16.467748641967773,16.66397296125795,16.105488360201296,16.256430144270663,10861600
1999-12-02,16.28662109375,16.407374540228222,16.180961828081557,16.407374540228222,4753600
1999-12-03,16.497941970825195,16.66397798334036,16.377188507177802,16.377188507177802,7668200
1999-12-06,15.603610038757324,16.467751924821517,15.124369778800329,16.467751924821517,26527600
1999-12-07,14.24890422821045,15.154554920681454,14.18852751537905,15.154554920681454,36138200
1999-12-08,14.490416526794434,14.70173510114352,14.339474687973658,14.339474687973658,20022800
1999-12-09,15.003610610961914,15.018704786626866,14.505502814018511,14.505502814018511,13725400
1999-12-10,15.275310516357422,15.305498877061686,15.003615270019049,15.003615270019049,11719000
1999-12-13,14.973428726196289,15.214935641134938,14.822486904359632,15.214935641134938,5586200
1999-12-14,14.792293548583984,14.958329496578294,14.74701101731281,14.958329496578294,7121200
1999-12-15,14.460225105285645,14.777202899869149,14.339471659730023,14.777202899869149,9054200
1999-12-16,14.128156661987305,14.580982196025358,13.977214817307953,14.460228720281878,10605200
1999-12-17,14.430041313171387,14.460229684119444,13.856462265158298,14.128157603690815,16030000
1999-12-20,14.384756088256836,14.580980463017946,14.128154982799998,14.43003863627863,7583600
1999-12-21,14.113059043884277,14.490413563774231,14.037588139906287,14.384754298205044,6346400
1999-12-22,14.128156661987305,14.67154730283297,14.128156661987305,14.128156661987305,9053400
1999-12-23,14.309281349182129,14.550788207396172,14.203622098713483,14.203622098713483,6739400
1999-12-27,14.36966609954834,14.475325409103842,14.143253293357978,14.30928935123091,6182400
1999-12-28,14.279092788696289,14.39984621608484,14.173433539731306,14.369657859237703,4732200
1999-12-29,14.233804702758789,14.46021729081964,14.15833384007184,14.27908722037096,3655600
1999-12-30,14.113059043884277,14.354565936613847,14.113059043884277,14.233812490249063,3969200
1999-12-31,14.067770957946777,14.218712706422602,14.02248843340403,14.113053482489525,2829800
2000-01-03,13.614949226379395,14.007397873702969,13.343254009001535,14.007397873702969,10997000
2000-01-04,13.630049705505371,13.720614819827665,13.433825291140398,13.614955519784989,7308000
2000-01-05,13.750798225402832,13.871551667557851,13.539479701631548,13.630044783247811,9457400
2000-01-06,13.765898704528809,13.931934763465012,13.66023939429668,13.75080451735279,7129200
2000-01-07,14.67154312133789,14.67154312133789,13.977210833702559,13.977210833702559,11474000
2000-01-10,14.203622817993164,14.716824917686859,14.188528638590409,14.671542379478593,8723800
2000-01-11,14.686637878417969,14.792297143730329,14.520601890069976,14.520601890069976,9398000
2000-01-12,14.852668762207031,14.928139640063774,14.596067777494104,14.686632830922196,8389800
2000-01-13,14.626259803771973,14.837578314868782,14.596071445043858,14.837578314868782,6106000
2000-01-14,14.747020721435547,14.958339339757039,14.656455599297765,14.656455599297765,7513200
2000-01-18,15.697952270507812,15.697952270507812,14.74701862335205,14.74701862335205,18350800
2000-01-19,15.758322715759277,15.758322715759277,15.471533317675535,15.697946000373227,12813400
2000-01-20,15.909269332885742,15.924363516313527,15.728139131752318,15.758327498607889,11539800
2000-01-21,16.150774002075195,16.150774002075195,15.879078738488884,15.909267101109585,11385800
2000-01-24,15.66775894165039,16.120584344588263,15.350781159593879,16.120584344588263,11306000
2000-01-25,15.909269332885742,15.954551883169097,15.184748528352046,15.667762398041177,9718600
2000-01-26,15.230029106140137,15.818702183582621,15.154558198775716,15.818702183582621,23723800
2000-01-27,14.36966609954834,15.139469640595573,14.113064919199262,15.139469640595573,17550800
2000-01-28,13.750798225402832,14.384753796716684,13.750798225402832,14.369659616447306,10875200
2000-01-31,13.871554374694824,14.188532222212334,13.66023580968315,13.750800908973869,10734600
2000-02-01,14.037590980529785,14.097967715929913,13.599859648878855,13.871554958179432,8114600
2000-02-02,13.614949226379395,13.97720951621654,13.539478332663323,13.97720951621654,7164000
2000-02-03,13.343257904052734,13.705518299637877,13.297975354604592,13.61495320074159,9464400
2000-02-04,13.58476448059082,13.947024866739909,13.297975008222792,13.343257556491428,11501800
2000-02-07,13.735696792602539,13.916826860197297,13.418719174311711,13.584755069606906,7742800
2000-02-08,13.811177253723145,13.977213264423641,13.705517974186465,13.735706339768374,8261200
2000-02-09,13.765898704528809,13.94702895064103,13.705521955824736,13.811181266056865,7948600
2000-02-10,13.69041633605957,13.856452256342541,13.584757114061315,13.765887208915466,8031000
2000-02-11,13.418724060058594,13.509289126830643,13.252688104309836,13.509289126830643,7688600
2000-02-14,13.071557998657227,13.343253199553104,12.996087109519483,13.343253199553104,7134000
2000-02-15,13.448914527893066,13.464008708059053,12.860241501419633,13.07156002374343,7850800
2000-02-16,12.935710906982422,13.388536259618913,12.860240014876341,13.388536259618913,6869200
2000-02-17,12.633830070495605,12.935713704199205,12.362134800162368,12.935713704199205,11661000
2000-02-18,12.407417297363281,12.633830021767722,12.256475481093656,12.633830021767722,11443400
2000-02-22,12.4979829788208,12.709301531602796,12.19609933198938,12.407417884771375,10543000
2000-02-23,12.377224922180176,12.422507452383275,12.075341387492855,12.422507452383275,11021600
2000-02-24,12.030059814453125,12.196095771741687,11.667799544005351,12.196095771741687,15451600
2000-02-25,11.758367538452148,12.24138135261193,11.607425721527218,12.030062808917025,10905200
2000-02-28,11.909310340881348,11.999875438530635,11.486673218518005,11.758368511465868,10790800
2000-02-29,11.743276596069336,11.788559153637726,11.501769622371251,11.788559153637726,10346200
2000-03-01,12.316854476928711,12.407419583376717,11.879123129096685,11.879123129096685,15612200
2000-03-02,11.984782218933105,12.51307866435207,11.924405482313794,12.316854270339313,11358600
2000-03-03,12.1055326461792,12.165909367606526,11.848931580113057,11.984779203324543,9010600
2000-03-06,11.833837509155273,11.954590953126246,11.667801523695188,11.954590953126246,7866000
2000-03-07,11.381012916564941,11.833838364173626,10.822528197847564,11.833838364173626,23440200
2000-03-08,11.471577644348145,11.607425274347005,11.079128935462549,11.381012557682238,14441600
2000-03-09,11.290452003479004,11.486676436694548,11.079133383093033,11.471582249524122,12389400
2000-03-10,10.988567352294922,11.260262698917598,10.641401076054835,11.260262698917598,14059200
2000-03-13,10.605551719665527,10.741908813204084,10.45404383795602,10.741908813204084,15646400
2000-03-14,10.499496459960938,10.741909076641132,10.393440940163353,10.605551979758523,11162000
2000-03-15,11.529749870300293,11.590353023363631,10.54494863302103,10.54494863302103,22138200
2000-03-16,12.060028076171875,12.09032965425271,11.772163084403953,11.772163084403953,17610200
2000-03-17,11.908522605895996,12.105482903448983,11.817617853179232,12.060030527090602,14530800
2000-03-20,11.772160530090332,11.878216030361417,11.650954244066236,11.878216030361417,6755200
2000-03-21,11.984270095825195,12.044873231581581,11.484294225835017,11.772159120677847,8575800
2000-03-22,11.408540725708008,11.878215045093064,11.196429742759918,11.878215045093064,11884200
2000-03-23,11.393393516540527,11.72671088005634,11.257036413284057,11.408544305791246,10333800
2000-03-24,11.393393516540527,11.438845884292682,11.241885624033339,11.393393516540527,8769200
2000-03-27,10.9691743850708,11.42369818555716,10.9691743850708,11.39339659885807,10535400
2000-03-28,10.878267288208008,11.272187830677936,10.878267288208008,10.969172028777992,13673000
2000-03-29,11.363092422485352,11.408544792175292,10.984322675069173,10.984322675069173,16292600
2000-03-30,11.772160530090332,12.105477816656597,11.423692457771056,11.423692457771056,18795200
2000-03-31,11.378240585327148,11.802462604487149,11.378240585327148,11.772161031690006,8857000
2000-04-03,11.953971862792969,12.105479744450674,11.45399585332254,11.45399585332254,14186800
2000-04-04,12.696365356445312,12.696365356445312,11.681262159688945,11.953976451354835,27390200
2000-04-05,11.544904708862305,12.347896768665063,11.484301534537568,12.347896768665063,20256600
2000-04-06,11.09037971496582,11.620657433577573,10.847967043600447,11.544903473775895,20675000
2000-04-07,11.196427345275879,11.257030470284139,10.84795937647839,11.090371876511426,12374000
2000-04-10,10.908575057983398,11.438853012190924,10.878273460600111,11.196440233124626,12903000
2000-04-11,11.438849449157715,11.575206594909263,11.07523039382025,11.07523039382025,12096400
2000-04-12,11.757011413574219,12.1054795353683,11.560051170821042,11.560051170821042,15586400
2000-04-13,11.454000473022461,11.787317947105125,11.423698884469491,11.757016358552155,8892800
2000-04-14,11.393393516540527,11.529750619796996,11.166131677779745,11.453996673543402,9488200
2000-04-17,11.757011413574219,11.7873129893824,11.211583049026961,11.393392503876047,10710200
2000-04-18,11.787320137023926,11.908526513754248,11.24189144173747,11.757018542841344,13001000
2000-04-19,11.923672676086426,12.044879005703569,11.620656852043568,11.78731555526714,10073200
2000-04-20,11.984270095825195,11.984270095825195,11.63580206522598,11.92366696006881,8278600
2000-04-24,12.0297269821167,12.226687247566971,11.878219085616488,11.984274613166637,9377600
2000-04-25,12.241832733154297,12.241832733154297,11.681253758987577,12.029721769956078,8711600
2000-04-26,11.984270095825195,12.150928719155255,11.847913040373328,12.150928719155255,9536200
2000-04-27,11.696414947509766,11.908526099407611,11.499454592176052,11.908526099407611,9023200
2000-04-28,11.454000473022461,11.726714769999186,11.332794118810583,11.696413181446216,7568800
2000-05-01,11.211584091186523,11.393393562935493,11.211584091186523,11.393393562935493,7754000
2000-05-02,11.211584091186523,11.529750666747223,11.135830144624451,11.211584091186523,9209400
2000-05-03,11.757011413574219,11.832765353094672,11.18128147321878,11.211583049026961,14397400
2000-05-04,11.757011413574219,11.923670080519214,11.4691464433965,11.757011413574219,6842400
2000-05-05,11.408540725708008,11.63580249315239,11.332786803226547,11.63580249315239,5999200
2000-05-08,11.757011413574219,11.757011413574219,11.544900382916952,11.544900382916952,6013000
2000-05-09,12.241832733154297,12.42364213018134,12.105475685384013,12.105475685384013,22386000
2000-05-10,12.802413940429688,12.847866297614646,12.24183486848188,12.24183486848188,21062000
2000-05-11,12.98422622680664,13.04482938305778,12.847869125241576,12.847869125241576,15919400
2000-05-12,12.666060447692871,12.847869927803295,12.484250967582447,12.847869927803295,7498200
2000-05-15,12.544856071472168,12.787268749181775,12.363046563189963,12.666062410326973,8056600
2000-05-16,11.863065719604492,12.302438524034288,11.787311787806251,12.302438524034288,16476600
2000-05-17,11.696414947509766,11.923676895971743,11.635811761253239,11.863073709715215,8448600
2000-05-18,11.984270095825195,12.090325583398869,11.681254417043268,11.696405200982365,8098600
2000-05-19,12.135780334472656,12.196383482210347,11.893367743521893,11.984272465128429,10053600
2000-05-22,12.287290573120117,12.287290573120117,11.984274776002481,12.135782674561298,9716400
2000-05-23,12.120635032653809,12.166087414026261,12.044881063699723,12.166087414026261,7210000
2000-05-24,12.772114753723145,12.86301948506637,12.166083211434977,12.166083211434977,10788000
2000-05-25,12.772114753723145,12.832717907951961,12.605456079593898,12.772114753723145,7731800
2000-05-26,13.226643562316895,13.332699123526767,12.908476878687278,12.908476878687278,12380200
2000-05-30,13.059981346130371,13.332695573775785,12.863021070608683,13.226640040802568,7451200
2000-05-31,12.938777923583984,13.0599842741562,12.787269985368715,13.0599842741562,5541000
2000-06-01,12.908470153808594,13.24178745824966,12.863017794112086,12.938771726939601,5993800
2000-06-02,12.741809844970703,12.908468475523232,12.63575435280091,12.908468475523232,6324800
2000-06-05,12.605456352233887,12.817567396622437,12.5448531966943,12.741813452197954,4837400
2000-06-06,12.560007095336914,12.590308680609137,12.37819758370357,12.590308680609137,6609200
2000-06-07,12.84786605834961,12.908469200134277,12.575151920318604,12.575151920318604,6865200
2000-06-08,12.802413940429688,12.847866297614646,12.5751521545049,12.847866297614646,7779000
2000-06-09,12.681208610534668,12.938771987331668,12.635756249923432,12.802414905497962,4966000
2000-06-12,12.756961822509766,12.953922040672031,12.666057106434874,12.681207892447356,4122600
2000-06-13,12.980709075927734,13.132708011243047,12.843910034143953,12.843910034143953,5626200
2000-06-14,12.889504432678223,13.163102404126581,12.737505559651357,12.980703756494341,10165800
2000-06-15,13.588706970214844,13.649506553974195,13.087110404200201,13.087110404200201,20672400
2000-06-16,13.497496604919434,13.664695324124517,13.406297303534844,13.588695906304025,14330400
2000-06-19,13.239106178283691,13.34550542426301,13.132706932304373,13.34550542426301,6989800
2000-06-20,12.874307632446289,13.041506432867669,12.813508068656697,13.041506432867669,6947800
2000-06-21,13.011101722717285,13.208700230188459,12.889502641196563,12.889502641196563,8780600
2000-06-22,13.649496078491211,13.740695384138146,12.889501864766755,13.011100938962668,11664600
2000-06-23,14.075098991394043,14.181498227830067,13.52790291829449,13.649502045649946,15346000
2000-06-26,14.3486967086792,14.409496271004112,13.983899334729728,14.075098678217095,9900400
2000-06-27,14.075098991394043,14.318297246104954,13.98389964587745,14.318297246104954,10429600
2000-06-28,14.603287696838379,14.80468614803079,14.196690823676342,14.196690823676342,18989000
2000-06-29,14.36390209197998,14.637500227065313,14.287902610011832,14.603300460179646,12743200
2000-06-30,13.96870231628418,14.303099977827435,13.679904335860458,14.303099977827435,19122800
2000-07-03,14.151095390319824,14.227094828506289,14.059896064496066,14.059896064496066,7707200
2000-07-05,14.28790283203125,14.394302108439993,14.166303658992685,14.166303658992685,6960400
2000-07-06,14.333499908447266,14.333499908447266,14.059901818996522,14.287900226872141,5041200
2000-07-07,14.28790283203125,14.409502005069813,14.196703452252326,14.33350252192071,5043200
2000-07-10,13.999093055725098,14.272690965608977,13.92309363631291,14.272690965608977,6447200
2000-07-11,13.664702415466309,13.983900135961072,13.573503066753519,13.983900135961072,8134200
2000-07-12,13.649496078491211,13.740695384138146,13.436697698648363,13.6646959627657,7153800
2000-07-13,14.09029483795166,14.135894497621408,13.72549756059369,13.72549756059369,8450600
2000-07-14,14.014294624328613,14.211893138554505,13.862295767231775,14.090294052877033,4648000
2000-07-17,13.945904731750488,14.014304264494768,13.755906029683043,14.014304264494768,7003000
2000-07-18,14.151095390319824,14.28789437905546,13.771098199387497,13.945896907216367,7595200
2000-07-19,14.71349048614502,14.743890259876725,14.287893653901156,14.287893653901156,16435400
2000-07-20,14.71349048614502,14.759090146742578,14.561491617486498,14.71349048614502,9225600
2000-07-21,14.800893783569336,14.895893101820745,14.679294656207535,14.713494410778042,8141200
2000-07-24,14.409494400024414,14.591893063315862,14.363894734201551,14.591893063315862,6808200
2000-07-25,14.409494400024414,14.424694288632034,14.30309517977107,14.409494400024414,4664400
2000-07-26,14.303093910217285,14.591891768128155,14.257494248441885,14.409493121026554,10162400
2000-07-27,14.698290824890137,14.880689470080087,14.515892179700188,14.515892179700188,9117200
2000-07-28,15.245490074157715,15.321489526172458,14.607094677233862,14.698294019651556,13619000
2000-07-31,14.911090850830078,15.169488959356185,14.89589096209325,15.169488959356185,8017000
2000-08-01,15.321493148803711,15.564691452752976,14.911096010889326,14.911096010889326,9321400
2000-08-02,15.306283950805664,15.33668372032067,15.139085218473129,15.321483835563168,6662400
2000-08-03,15.321493148803711,15.50389187676566,15.093494738851275,15.306293254806882,6653400
2000-08-04,15.108695030212402,15.230294185385137,14.86549671986693,15.230294185385137,6006600
2000-08-07,14.926289558410645,15.017488883614782,14.865490008274552,15.017488883614782,4263600
2000-08-08,14.819903373718262,15.169501094329052,14.713504067445413,14.92630267999111,6135800
2000-08-09,14.546298027038574,14.698296961490389,14.515898240148212,14.698296961490389,7111600
2000-08-10,14.83509349822998,15.017492188781988,14.607095135039971,14.607095135039971,6214800
2000-08-11,15.139092445373535,15.260691581480954,14.835094605104992,14.835094605104992,6165400
2000-08-14,15.336694717407227,15.382294404376724,15.139096073872745,15.139096073872745,5329400
2000-08-15,15.078293800354004,15.21509283684915,14.987094442690571,15.21509283684915,4402600
2000-08-16,14.759090423583984,14.926289182244565,14.470292567715708,14.926289182244565,11729200
2000-08-17,14.515896797180176,14.743895176193478,14.485497013311736,14.743895176193478,5834000
2000-08-18,14.667884826660156,14.667884826660156,14.470286378218102,14.515886020166269,5274600
2000-08-21,14.546298027038574,14.576697813928938,14.37909919914158,14.576697813928938,5735000
2000-08-22,14.10550308227539,14.57669984472209,14.10550308227539,14.546300053596497,4243400
2000-08-23,14.299295425415039,14.394294730659626,14.090296953876951,14.105496842716084,7007400
2000-08-24,14.09029483795166,14.348692909413558,14.075094951395078,14.299293278104665,4619200
2000-08-25,13.619099617004395,13.968697040208749,13.375901409557889,13.968697040208749,13902000
2000-08-28,13.862298011779785,14.044696669829518,13.786298570925728,13.786298570925728,12625800
2000-08-29,13.69510269165039,13.831901719646899,13.634303123651943,13.831901719646899,5934600
2000-08-30,13.19350528717041,13.619102231917843,13.087106050983552,13.619102231917843,9392800
2000-08-31,12.802109718322754,13.178307065343814,12.52471167455975,13.178307065343814,16123800
2000-09-01,13.19350528717041,13.254304850705758,12.980706814796694,12.980706814796694,10053000
2000-09-05,13.69510269165039,13.877501395645735,13.011107551667852,13.193506255663197,11223000
2000-09-06,13.208707809448242,13.360706748567324,13.147908233800608,13.360706748567324,9854000
2000-09-07,13.132701873779297,13.269500851631165,12.950303236643473,13.208701305919224,7458200
2000-09-08,13.269499778747559,13.421498630737794,13.087101156359276,13.132700811956347,5253600
2000-09-11,12.889504432678223,13.29990138985076,12.72230567234867,13.269501615245387,7846000
2000-09-12,13.011101722717285,13.102301033857827,12.691904133725389,12.889502641196563,8248000
2000-09-13,12.808612823486328,13.098331446874708,12.701874383290608,13.052586401076542,6986400
2000-09-14,12.442648887634277,12.656125706784865,12.183427035808563,12.656125706784865,11181600
2000-09-15,12.39690113067627,12.717116289033221,12.320659426305566,12.442646153298691,12373800
2000-09-18,12.96109390258789,13.052583977194393,12.381656763413373,12.396905109181125,8759800
2000-09-19,12.900096893310547,13.052580308125092,12.701868454051638,12.961090259236364,7630400
2000-09-20,12.259660720825195,12.854345755790597,12.061432375836729,12.854345755790597,14690200
2000-09-21,12.091933250427246,12.39690004110637,12.000443213223509,12.259664985300764,10247200
2000-09-22,12.900096893310547,12.915345234792001,12.412149965904002,12.412149965904002,16349000
2000-09-25,13.06783390045166,13.23556572414474,12.839108686324735,12.900102076758582,8079600
2000-09-26,13.403294563293457,13.449039595932684,12.991589269540414,13.067830990605794,10269400
2000-09-27,13.571024894714355,13.632018265027678,13.174567987677756,13.403293126352718,10414600
2000-09-28,13.525275230407715,13.571020242460953,13.20506014603504,13.571020242460953,8353200
2000-09-29,13.449040412902832,13.815000696247127,13.418543722624142,13.525282138599561,11962600
2000-10-02,13.906486511230469,13.906486511230469,13.479532977990937,13.479532977990937,9516000
2000-10-03,13.738758087158203,13.9979799378593,13.693013054681538,13.906489872905972,7380800
2000-10-04,13.967483520507812,13.967483520507812,13.662516631413755,13.73875835368727,8279000
2000-10-05,14.424934387207031,14.485927767279788,13.982732381679543,13.982732381679543,10596400
2000-10-06,14.257207870483398,14.440188078446823,14.089476013183594,14.424939727783205,9617400
2000-10-09,14.104717254638672,14.348690742286475,14.104717254638672,14.25720068441855,4073000
2000-10-10,14.196206092834473,14.470676242857051,13.921735942811894,14.104716042826945,6280600
2000-10-11,14.28769588470459,14.53166934698343,14.089467446603031,14.196205836350025,7904000
2000-10-12,13.967483520507812,14.33344378742068,13.754006698141973,14.287698754056573,8552800
2000-10-13,13.952230453491211,14.074217167838675,13.754002042676582,13.967478792784643,7312400
2000-10-16,14.302946090698242,14.455429524500996,13.906489162811084,13.952234192951911,7054600
2000-10-17,14.135210037231445,14.379183457507285,13.906484955722846,14.302941763671084,6069800
2000-10-18,14.196206092834473,14.363937851181603,13.86074257614021,14.135212726162788,7339400
2000-10-19,13.936992645263672,14.013234399340607,13.693019032217482,14.013234399340607,5797600
2000-10-20,13.372794151306152,13.601519250815379,13.113572371862361,13.601519250815379,14655200
2000-10-23,13.494789123535156,13.647272616456457,13.144077089816163,13.372802329198116,7077800
2000-10-24,13.69300651550293,13.708254852379882,13.281301419825226,13.494778136102553,6334800
2000-10-25,14.135210037231445,14.257196747369365,13.571021502843568,13.693008212981486,9350200
2000-10-26,14.318195343017578,14.470678786500192,13.769254946480162,14.135215210838439,9351000
2000-10-27,14.379193305969238,14.470683401235213,14.05897797253832,14.318199909125253,7562200
2000-10-30,14.60791015625,14.760393560803758,14.363936708963987,14.379185049419364,10526800
2000-10-31,14.729887008666992,14.86712198079743,14.318182092275679,14.60790036677327,9830000
2000-11-01,14.851885795593262,14.989120879946793,14.714650711239731,14.72989905394568,8289000
2000-11-02,14.821389198303223,14.989120969065914,14.653657427540532,14.851885883896438,9108400
2000-11-03,14.470675468444824,14.760393944630758,14.42493044588915,14.760393944630758,6068400
2000-11-06,14.760394096374512,14.882380824443722,14.348688889140924,14.470675617210135,5558200
2000-11-07,14.653658866882324,14.851887342709036,14.592665489704874,14.76039727694286,4236000
2000-11-08,14.684154510498047,14.790892912962725,14.409684332731727,14.653657824079566,5048200
2000-11-09,15.202600479125977,15.294090552220014,14.60791500401473,14.684156731593095,11855000
2000-11-10,15.095855712890625,15.385574155865294,15.095855712890625,15.202594086618136,10323400
2000-11-13,14.897631645202637,15.034866737123645,14.729899866188074,15.034866737123645,8175800
2000-11-14,14.77564525604248,14.958625383052294,14.546920097280212,14.897632007382356,7423400
2000-11-15,14.958625793457031,15.004370826464545,14.699403939747786,14.775645661426974,7506600
2000-11-16,15.111105918884277,15.202595964810923,14.897629145055438,14.958622509006535,7607400
2000-11-17,14.989119529724121,15.32458303903636,14.91287782306225,15.111106260383117,12093800
2000-11-20,13.799753189086914,14.363941993502621,13.647269728434019,14.363941993502621,19313200
2000-11-21,13.479534149169922,14.028474453887249,13.479534149169922,13.799749326921697,13995800
2000-11-22,14.531668663024902,14.714648751121754,14.211453508855413,14.211453508855413,13403800
2000-11-24,14.39443588256836,14.516422627335887,14.302945823992713,14.516422627335887,3905000
2000-11-27,14.531668663024902,14.653655388422804,14.165708486831202,14.394433596952265,6476800
2000-11-28,14.745144844055176,14.821386544386382,14.607909783459005,14.607909783459005,5817800
2000-11-29,15.199610710144043,15.291358863323987,14.61853907333773,14.786744020834295,9692000
2000-11-30,15.321935653686523,15.321935653686523,15.031399947678496,15.199604830104196,12816400
2000-12-01,15.21489143371582,15.260765478239586,15.000812559271576,15.260765478239586,8201200
2000-12-04,15.352519989013672,15.50543353472098,15.138441025023441,15.214897797877095,8572200
2000-12-05,15.031399726867676,15.367809486777228,14.84790349418974,15.352518134054067,9266800
2000-12-06,14.893780708312988,15.123151047763393,14.771449860606106,15.031402911983232,7761200
2000-12-07,15.260771751403809,15.428976650467378,14.8173224720544,14.893779244356022,7895200
2000-12-08,14.893780708312988,15.165202276662635,14.832615284459548,15.165202276662635,8300800
2000-12-11,14.266839027404785,14.725579832144488,14.236256307088805,14.725579832144488,11578000
2000-12-12,14.190380096435547,14.358585032923468,14.098631949260318,14.266836885748239,8008200
2000-12-13,14.144500732421875,14.266831549567145,14.006878563133446,14.190374788851353,7409800
2000-12-14,13.945713996887207,14.052753468354544,13.639886935551962,14.052753468354544,10047600
2000-12-15,13.089393615722656,13.869252347500524,13.089393615722656,13.869252347500524,27540400
2000-12-18,13.425806999206543,13.594011870495008,13.119979960500244,13.119979960500244,10304600
2000-12-19,13.884546279907227,14.175081939949338,13.379931712465664,13.42580576405126,11688200
2000-12-20,13.762211799621582,14.190369500054253,13.594006988737318,13.884542571173773,13344200
2000-12-21,14.526788711547852,14.587954137701738,13.731638171547338,13.76222088462428,11930800
2000-12-22,14.40445613861084,14.435038848034642,14.068046334949015,14.435038848034642,7483600
2000-12-26,14.679697036743164,14.679697036743164,14.343287312984465,14.40445271730423,5670000
2000-12-27,14.817322731018066,15.016110342476512,14.67970053846991,14.67970053846991,7711000
2000-12-28,14.939654350280762,15.153733327664519,14.817323506061472,14.817323506061472,5520800
2000-12-29,14.909080505371094,14.954954599233773,14.725584129920373,14.93966323461288,4970400
2001-01-02,14.878491401672363,15.153735846924267,14.740869179046411,14.909074117811464,10606000
2001-01-03,14.496203422546387,15.214897052145206,14.450329361082632,14.878487268077674,12469600
2001-01-04,14.083333969116211,14.404452333232866,13.884546410377327,14.404452333232866,14770600
2001-01-05,14.113920211791992,14.373873238444716,14.068046148265042,14.083337502774025,7960200
2001-01-08,14.343290328979492,14.603243351999376,14.144502723140757,14.144502723140757,9529200
2001-01-09,14.526788711547852,14.664410920394094,14.098630728470651,14.343292433086194,8516200
2001-01-10,14.465622901916504,14.496205614182713,14.159795779254422,14.496205614182713,7963200
2001-01-11,14.037461280822754,14.40445373260897,13.976295872191718,14.40445373260897,6909000
2001-01-12,13.853963851928711,14.052751412717974,13.76221574694905,14.03746006188803,7212000
2001-01-16,13.945713996887207,14.02217076222102,13.746926407019298,13.853965878486633,7163600
2001-01-17,14.17508316040039,14.358579382541496,13.961004234569101,13.961004234569101,7651800
2001-01-18,13.976303100585938,14.358587102243103,13.930429020387079,14.175090781447663,7014400
2001-01-19,13.655183792114258,13.976302335937774,13.532852918276728,13.976302335937774,9824200
2001-01-22,13.624603271484375,13.71635144166272,13.502272377913247,13.655185994877158,6874600
2001-01-23,13.915128707885742,13.991585459027972,13.563427652631487,13.62459305354527,7707800
2001-01-24,14.205669403076172,14.205669403076172,13.731637377785148,13.915133645639738,9189400
2001-01-25,14.343290328979492,14.435038454751217,14.144502723140757,14.205668140321906,7486800
2001-01-26,14.17508316040039,14.480910197302233,14.068043697484745,14.343288030696403,6394600
2001-01-29,13.97507095336914,14.116975135680823,13.830720565604832,14.092508414604682,5123000
2001-01-30,14.168354034423828,14.25643236482461,14.009323611943529,14.009323611943529,5507600
2001-01-31,14.190380096435547,14.239312628257753,13.840513753875838,14.168360503781075,8614000
2001-02-01,14.053361892700195,14.068041924613107,13.850293251109553,14.068041924613107,6720800
2001-02-02,14.126761436462402,14.18547969881391,13.992196807511126,14.053362208558086,6059400
2001-02-05,14.483972549438477,14.584283807186104,14.097406622848405,14.126766698269881,9183600
2001-02-06,14.537792205810547,14.623424328045425,14.273558156192257,14.483967287047724,6257000
2001-02-07,14.679697036743164,14.811814534068253,14.501094168126656,14.537792850732512,9615600
2001-02-08,14.828949928283691,14.921921661579017,14.572055258191117,14.679706100267941,6654600
2001-02-09,14.713948249816895,14.909677340163842,14.667462882518846,14.828939498718817,4456400
2001-02-12,14.880315780639648,14.89254867179363,14.557362600963723,14.713945847678138,6766000
2001-02-13,14.669910430908203,14.699270497130707,14.54513341604759,14.699270497130707,6660600
2001-02-14,14.557372093200684,14.643003320424771,14.466847519662307,14.643003320424771,5678000
2001-02-15,14.280900001525879,14.422804204053959,13.943267602364106,14.422804204053959,11421200
2001-02-16,14.523113250732422,14.552472382467766,14.290684535661859,14.290684535661859,7635600
2001-02-20,14.305371284484863,14.919471800361928,14.288245038489396,14.523120069264737,15772000
2001-02-21,13.436824798583984,13.774458323572125,13.241095557036745,13.774458323572125,19289000
2001-02-22,12.964620590209961,13.436816692246671,12.57805475471981,13.436816692246671,18957800
2001-02-23,12.722407341003418,12.918136498049114,12.602522707325917,12.918136498049114,9069200
2001-02-26,12.83739185333252,12.86430477321695,12.587836959826548,12.722400625938953,9415600
2001-02-27,12.722407341003418,12.925476983089117,12.609863192365921,12.837398629090995,7369600
2001-02-28,12.974405288696289,13.003765354805132,12.700384538183789,12.722404121110419,11189600
2001-03-01,12.893671035766602,13.18726524555817,12.808038885701,12.97440890680588,9725000
2001-03-02,12.856971740722656,12.9793025868443,12.724854202916813,12.893671367883265,9115800
2001-03-05,12.282013893127441,12.551141310184143,12.118090117301602,12.551141310184143,14449600
2001-03-06,12.184151649475098,12.282016696181827,12.083840396590315,12.282016696181827,9274600
2001-03-07,12.33829402923584,12.428818629364168,12.184156841647114,12.184156841647114,10325800
2001-03-08,12.575608253479004,12.592734493047873,12.286907453160836,12.338286171867445,9774600
2001-03-09,12.600074768066406,12.693046454866348,12.47040439435525,12.575608976792264,7863400
2001-03-12,12.257553100585938,12.551147382431513,12.240426853031742,12.551147382431513,7984800
2001-03-13,11.970263481140137,12.034104474235658,11.859768553979125,12.034104474235658,10361200
2001-03-14,11.705080032348633,11.86222895233131,11.358863088914601,11.86222895233131,14145800
2001-03-15,11.700165748596191,11.724719760859719,11.34412695072189,11.705075801708475,9442800
2001-03-16,11.945707321166992,12.213350124752846,11.567569610288748,11.700163499039615,18494000
2001-03-19,11.884322166442871,12.056202104173636,11.79592623465253,11.945708126111118,7439600
2001-03-20,11.646145820617676,11.977629670207909,11.552838887815957,11.88432367408172,8841200
2001-03-21,11.11086654663086,11.786112579851519,11.11086654663086,11.646152567899868,18423000
2001-03-22,11.226265907287598,11.344126851133794,10.924247063055057,11.11085998997599,14688800
2001-03-23,11.17225170135498,11.17225170135498,10.80393571120042,11.17225170135498,15672800
2001-03-26,11.024924278259277,11.319576283580192,10.926706318701719,11.172250280919734,11227600
2001-03-27,11.444805145263672,11.525834172212354,10.943895197427612,11.024925161052249,13466000
2001-03-28,11.282735824584961,11.601942521437644,11.012637129805693,11.444794666782483,14176000
2001-03-29,10.93161678314209,11.09858674433186,10.745002856317837,11.09858674433186,15293800
2001-03-30,11.088761329650879,11.172246284407981,10.902148397257347,10.931613399914106,10279600
2001-04-02,11.258180618286133,11.520912357146305,11.015092829126758,11.088755767154597,10424800
2001-04-03,10.96599006652832,11.22135593638544,10.848129111980942,11.22135593638544,9345400
2001-04-04,11.11086654663086,11.307301568959836,10.845678563979686,10.965995542036476,8798600
2001-04-05,11.123135566711426,11.442342365695561,10.956165683548882,11.110858562264998,9242200
2001-04-06,11.049476623535156,11.135416622603469,10.767100735152296,11.123139613690244,7907800
2001-04-09,10.779379844665527,11.194348785464317,10.779379844665527,11.049477816623773,8231600
2001-04-10,10.717989921569824,10.877592869426719,10.609950023113868,10.779375886901438,11896400
2001-04-11,10.83585262298584,10.988089579471346,10.40369483230514,10.717991662802644,13748400
2001-04-12,10.943892478942871,11.02492242243951,10.472448600446619,10.83585349095641,10429200
2001-04-16,11.150146484375,11.172245468923405,10.840761637372793,10.943889607481703,8287000
2001-04-17,11.221351623535156,11.221351623535156,11.002817795761661,11.150143698153272,8815800
2001-04-18,11.479177474975586,11.560207412638553,11.223811590837073,11.223811590837073,14767400
2001-04-19,11.663330078125,11.729627014128,11.304836367894161,11.479172234786185,10836400
2001-04-20,11.540558815002441,11.60194476614607,11.363766975972696,11.60194476614607,9167200
2001-04-23,11.651057243347168,11.76155217620821,11.547928327118338,11.547928327118338,6661000
2001-04-24,11.636322975158691,11.896599795006473,11.582303028081208,11.651055943454947,8686800
2001-04-25,11.83521556854248,11.884324533392983,11.638780645816066,11.638780645816066,6495400
2001-04-26,11.516009330749512,11.781196256739275,11.516009330749512,11.781196256739275,8592800
2001-04-27,11.540558815002441,11.663330717289702,11.295015010427921,11.5160048092151,6961800
2001-04-30,11.34167194366455,11.4791768592892,11.258186983584514,11.4791768592892,7674000
2001-05-01,11.695257186889648,11.835217146535344,11.326941306416613,11.341673342163073,8458000
2001-05-02,11.680521011352539,11.761550932440358,11.577393042704916,11.695253979734542,7669600
2001-05-03,11.479177474975586,11.67806837377733,11.393237483523038,11.67806837377733,8591600
2001-05-04,11.498823165893555,11.533199167643632,11.250823261823781,11.47917920107877,8819000
2001-05-07,11.496365547180176,11.516009509167432,11.395692583684648,11.498821510766414,7014600
2001-05-08,11.434975624084473,11.466896582958086,11.297470747661889,11.466896582958086,6875600
2001-05-09,11.236082077026367,11.434972860388113,11.147687109985148,11.434972860388113,10038000
2001-05-10,11.199261665344238,11.356409670922355,11.177162668517566,11.23609270227136,7317200
2001-05-11,11.12067985534668,11.270461735721076,10.951254019727944,11.199253802973356,9636400
2001-05-14,11.297475814819336,11.322030769841433,11.135416858376534,11.135416858376534,7585600
2001-05-15,11.270462989807129,11.322026973048132,11.101037135336053,11.297472026260431,6936400
2001-05-16,11.84257984161377,11.886777809803512,11.179611255443097,11.270463154875046,11359000
2001-05-17,11.818028450012207,11.957988401402973,11.70016748761344,11.842582465925243,9574800
2001-05-18,11.81065559387207,11.859764537833065,11.71243864262528,11.818022544305098,6726000
2001-05-21,11.857314109802246,11.87204614303024,11.616681221430895,11.810660173445438,7996600
2001-05-22,11.736998558044434,11.822939487432322,11.675612581342657,11.822939487432322,5928600
2001-05-23,11.957986831665039,11.957986831665039,11.614225033954536,11.736996970754639,8525800
2001-05-24,12.053750991821289,12.117591998468495,11.90888004249708,11.957989013512622,6694000
2001-05-25,11.827844619750977,12.056200432997231,11.759092654188759,12.053745407087987,4007000
2001-05-29,11.869585990905762,11.980080875780045,11.822933011370024,11.827843062542074,4531800
2001-05-30,11.756643295288086,11.945712228395617,11.729633313890476,11.869593275063785,5220400
2001-05-31,11.638781547546387,11.673157544602386,11.52828660224091,11.673157544602386,7223400
2001-06-01,11.739456176757812,11.761555168953143,11.540565246999845,11.638783198240377,6972600
2001-06-04,11.680521011352539,11.687887027205809,11.516007079459769,11.687887027205809,4484800
2001-06-05,11.692803382873535,11.70508039382179,11.412883411879376,11.680526371925279,6841400
2001-06-06,11.479177474975586,11.66088037548682,11.383415502592557,11.66088037548682,7095400
2001-06-07,11.324483871459961,11.587215757130643,11.260642872609159,11.47917678343098,6785400
2001-06-08,11.295018196105957,11.351493174685421,11.20907821493624,11.324483198696212,4425000
2001-06-11,11.27783203125,11.324485037650058,11.174703100423953,11.295020030275058,3476200
2001-06-12,11.272919654846191,11.326939608956346,11.174701726768744,11.277830644917621,4899400
2001-06-13,11.302502632141113,11.31482890570526,11.191573692964955,11.31482890570526,5575600
2001-06-14,11.097891807556152,11.263053227249864,11.053519886368766,11.263053227249864,7021600
2001-06-15,10.910548210144043,11.13980292207051,10.873572220055442,11.097896611897614,13749800
2001-06-18,10.78975772857666,10.957384835532824,10.715804814416547,10.910547268953637,6354400
2001-06-19,10.78482723236084,10.868640784466823,10.733060287332462,10.789757551939111,5441000
2001-06-20,10.829201698303223,10.905620259077143,10.710876821866608,10.784829752094176,8301800
2001-06-21,10.745391845703125,10.964786022136533,10.735531200829907,10.829205446399772,10298800
2001-06-22,10.562970161437988,10.774969253840483,10.498877871818939,10.74538826942881,9211200
2001-06-25,10.745391845703125,10.895763388749712,10.664042936043357,10.664042936043357,14690600
2001-06-26,10.834126472473145,10.920404690174522,10.607336536803455,10.745382625487702,20446600
2001-06-27,10.890828132629395,10.9327344438122,10.784828599168572,10.834130860837256,12653800
2001-06-28,11.179243087768555,11.194034046096878,10.90068709196893,10.90068709196893,15615000
2001-06-29,11.09296703338623,11.25566384559473,11.058455730851469,11.216222222646078,13146800
2001-07-02,11.240870475769043,11.351800310406436,11.011615797639186,11.09296465649403,7314800
2001-07-03,11.324682235717773,11.337008502346004,11.243334330071727,11.243334330071727,3896200
2001-07-05,11.152124404907227,11.309890818426641,11.097891847624176,11.309890818426641,5515000
2001-07-06,10.994361877441406,11.2137568916887,10.986966867424472,11.152129300581153,5020200
2001-07-09,11.147196769714355,11.26059128917663,10.984499999071282,10.99435969701766,4552000
2001-07-10,11.011615753173828,11.164452831551413,10.957384121185187,11.147197184051084,9439200
2001-07-11,11.218687057495117,11.277849962863069,10.917945031265255,11.011618299251001,7234200
2001-07-12,11.213757514953613,11.216222204975441,11.068316354241631,11.216222204975441,6950800
2001-07-13,11.34194278717041,11.3739894016156,11.120083997316268,11.213758210114696,6472800
2001-07-16,11.58105754852295,11.58105754852295,11.351802819716454,11.351802819716454,8402400
2001-07-17,11.618038177490234,11.635293834363763,11.317295117072552,11.581061232553946,7532000
2001-07-18,11.393710136413574,11.57366260210563,11.243338653206692,11.57366260210563,8188800
2001-07-19,11.512039184570312,11.558875835532943,11.29017938450981,11.393714271325651,5038400
2001-07-20,11.366595268249512,11.529292102848029,11.287712011496449,11.51203644920596,7086000
2001-07-23,10.96478271484375,11.351803975933741,10.905620744175096,11.351803975933741,10382000
2001-07-24,10.895757675170898,10.99436125110822,10.760177170530607,10.96478027236326,9968400
2001-07-25,11.088040351867676,11.10036568676612,10.848924905314195,10.895762494436172,7287400
2001-07-26,11.09296703338623,11.095431723411942,10.945061182419401,11.088036712972341,6933200
2001-07-27,11.041199684143066,11.115152606977855,10.89575852841093,11.092966636091175,4724000
2001-07-30,10.910548210144043,11.041199341471835,10.848920619633969,10.97957175096176,5806800
2001-07-31,10.994361877441406,11.02887411836606,10.797153773969738,10.910548315920646,8695000
2001-08-01,10.86617660522461,11.031338087223638,10.787292428629534,11.019012757880216,7926000
2001-08-02,10.82426643371582,10.954916582123682,10.72319725581572,10.932730619152338,10578800
2001-08-03,11.019012451171875,11.038732789499974,10.871105682080662,10.895757280443693,11690800
2001-08-06,10.996825218200684,11.08803377074918,10.92040668260684,11.038731520055158,7596400
2001-08-07,11.063385963439941,11.063385963439941,10.947525785539439,11.016548390061036,8588000
2001-08-08,11.216225624084473,11.297574525039865,10.984506136535076,11.043668118718314,13201200
2001-08-09,11.243341445922852,11.26552742338809,11.09296992536542,11.17185319182789,9790400
2001-08-10,11.258126258850098,11.334544799267302,10.95738429732265,11.16445301101746,7793800
2001-08-13,11.29017448425293,11.32715141500158,11.17924463236939,11.21622156311804,5174200
2001-08-14,11.349340438842773,11.364130462831461,11.265526854910435,11.314829129052281,6728200
2001-08-15,11.728961944580078,11.758542920857975,11.376452097697358,11.388777426116292,15860400
2001-08-16,11.761009216308594,11.773334546410494,11.566265803466376,11.728963546116134,9601600
2001-08-17,11.719107627868652,11.805385913708466,11.588456443130491,11.761013955172908,6383600
2001-08-20,11.96561050415039,11.96561050415039,11.761006498365235,11.807844058435771,8027400
2001-08-21,11.908918380737305,12.024777635305169,11.847290777538138,11.955755020638135,8164600
2001-08-22,11.894125938415527,11.918776600484868,11.785661708802957,11.90891689987462,7915600
2001-08-23,12.189939498901367,12.226915494777352,11.884266188368786,11.95082410938062,9309600
2001-08-24,12.13077449798584,12.2885409767323,12.032170918950497,12.177612067862839,8325400
2001-08-27,11.958216667175293,12.135704420127384,11.931101318574154,12.079007152459324,8020400
2001-08-28,11.800447463989258,11.958213901069774,11.733889572028014,11.958213901069774,6329800
2001-08-29,11.758550643920898,11.857154276397903,11.662411702601586,11.820178266855113,5472200
2001-08-30,12.027236938476562,12.26388658457236,11.847284544651917,11.857144241300999,13128600
2001-08-31,11.997662544250488,12.09873272639473,11.90645394565804,11.91138426725259,7670800
2001-09-04,12.20226001739502,12.4216540369468,11.94588907619111,12.059283590059776,14190400
2001-09-05,12.43643856048584,12.49806610445221,12.02969639416312,12.02969639416312,13798400
2001-09-06,12.20472240447998,12.414256687047079,12.185002072917644,12.414256687047079,10386200
2001-09-07,12.258963584899902,12.320591192469497,12.115988024327033,12.143103381753015,12133000
2001-09-10,12.313185691833496,12.369882929658042,12.20225590462814,12.261418771258285,13732600
2001-09-17,12.509729385375977,12.509729385375977,12.138424255931907,12.33529074033926,20256600
2001-09-18,12.327816009521484,12.537142208703784,12.198233033778708,12.534649698250806,11112000
2001-09-19,12.335296630859375,12.444943369801315,12.043735530424975,12.39012047563764,14416000
2001-09-20,12.04871654510498,12.312866627571713,12.036256841820057,12.163348286923783,16598600
2001-09-21,11.662460327148438,11.919134784095952,11.27620381210529,11.463102217830793,23054200
2001-09-24,11.968976020812988,12.13593912470488,11.664955199054559,11.664955199054559,13608400
2001-09-25,11.961503028869629,12.275492065106922,11.914155754935035,11.924122951658472,17787200
2001-09-26,11.684889793395996,11.961499624306416,11.652493799074751,11.936580213668277,11593800
2001-09-27,11.699841499328613,11.7297449809117,11.587702255123862,11.70731713207075,11084800
2001-09-28,11.674924850463867,11.774604421580324,11.64003728575756,11.724764636022096,11554000
2001-10-01,11.485527992248535,11.645014450927064,11.425720094936947,11.58769906425286,12393400
2001-10-02,11.505463600158691,11.580223711244372,11.340993066875935,11.525399883278686,9414200
2001-10-03,11.413262367248535,11.463102131857761,11.303615645599791,11.450642428359066,11105800
2001-10-04,11.25377082824707,11.283674293340704,11.169043551636763,11.213899224584221,12277400
2001-10-05,11.338509559631348,11.438189144797175,11.036980192896438,11.213910553481552,10504800
2001-10-08,11.500487327575684,11.585214680055145,11.303620692312395,11.33103262261676,6919000
2001-10-09,11.507963180541992,11.522915402067586,11.333524398536275,11.400807969479118,5939800
2001-10-10,11.500487327575684,11.550326163821946,11.390839606358224,11.500487327575684,8301800
2001-10-11,11.475561141967773,11.587700367909125,11.36342191602642,11.46310143922193,9565400
2001-10-12,11.164064407348633,11.298631485554905,10.967197861522541,11.25128423238504,16640000
2001-10-15,11.089309692382812,11.164068893444453,10.977170415482945,11.014550491321172,9715400
2001-10-16,11.099275588989258,11.164066629942416,11.039467669897045,11.089307444038118,9620000
2001-10-17,11.034486770629883,11.186497697697648,11.027011135074057,11.1615782787683,10608200
2001-10-18,11.493009567260742,11.512945860213998,11.051929067125041,11.051929067125041,15165200
2001-10-19,12.108529090881348,12.180796728482045,11.714795852048407,11.762144073531866,23672000
2001-10-22,12.20571517944336,12.208207691226864,11.899201822487601,11.988913234399476,12130800
2001-10-23,12.178295135498047,12.205707043155614,12.036252478194362,12.205707043155614,8877600
2001-10-24,12.1533842086792,12.208208062205694,12.096068793908202,12.125972281915953,6779200
2001-10-25,12.320343017578125,12.332803672244268,12.023797878444945,12.026289439009483,7438400
2001-10-26,12.245585441589355,12.332805282568433,12.180794401692124,12.210697885443569,6475600
2001-10-29,12.113511085510254,12.24807819092669,12.086099162116392,12.210698122550582,5771000
2001-10-30,12.001373291015625,12.160859827675276,11.854346461792245,11.986421071723255,7737200
2001-10-31,11.931594848632812,12.038750013872827,11.896707297273641,12.001369951351155,6391000
2001-11-01,12.108529090881348,12.130956945632779,11.802015709688321,11.811983856381133,7242800
2001-11-02,12.180791854858398,12.198235629284042,11.936578062284978,11.966481539784024,5705000
2001-11-05,12.285457611083984,12.360216799061705,12.036259684081815,12.036259684081815,7725800
2001-11-06,12.422516822814941,12.422516822814941,12.175811396663075,12.223158662638006,6333000
2001-11-07,12.310375213623047,12.434974149183544,12.238107602850492,12.310375213623047,5599600
2001-11-08,12.228140830993652,12.360215413300619,12.16085728417278,12.272996528874234,7392800
2001-11-09,12.265522956848145,12.297918004726661,12.098559842104352,12.150891181552451,5188800
2001-11-12,12.290443420410156,12.335299129658095,12.14341658467853,12.200732001914277,4106200
2001-11-13,12.37267780303955,12.390121582369945,12.245586324358479,12.310378319541094,5599600
2001-11-14,12.459896087646484,12.477339866120019,12.36021653869946,12.397596607208252,8670400
2001-11-15,12.459896087646484,12.572035342558229,12.397596607208252,12.484815499575925,10053200
2001-11-16,12.442450523376465,12.567049466369928,12.405070460232627,12.567049466369928,8534600
2001-11-19,12.327816009521484,12.509730297406284,12.23810464549847,12.484809945947553,6804200
2001-11-20,12.210700988769531,12.273000483610192,12.135941785083707,12.185781571079207,7764200
2001-11-21,12.15088939666748,12.210697311976139,12.093573992746238,12.111017769999897,4568600
2001-11-23,12.248080253601074,12.248080253601074,12.088592758870059,12.088592758870059,2171600
2001-11-26,12.038750648498535,12.233124702382952,11.986418368086591,12.198237149184674,8057400
2001-11-27,11.95901107788086,12.056198134727019,11.83939521494655,12.03875435276052,7262400
2001-11-28,11.693866729736328,11.851452794551966,11.648842139789002,11.80892914662668,9075800
2001-11-29,11.776410102844238,11.826436568226908,11.621325006738237,11.74389213699057,7146400
2001-11-30,11.746395111083984,11.818934834311674,11.696367682851307,11.756400787569286,6975200
2001-12-03,11.638833045959473,11.69386329622482,11.53377633639132,11.593808469232108,8425800
2001-12-04,11.64383602142334,11.768904079557197,11.578801051038901,11.741388954096779,7857600
2001-12-05,11.786417007446289,11.856455789508917,11.74639525520786,11.826438759684716,12115800
2001-12-06,11.613813400268555,11.728875719808627,11.546276572488159,11.68135022804895,7025800
2001-12-07,11.656340599060059,11.731382184179177,11.531272562786054,11.551283906602723,6653800
2001-12-10,11.413713455200195,11.723881764883087,11.383696428435728,11.546285317065161,7431400
2001-12-11,11.41871452331543,11.558790143065643,11.393700338221752,11.443727754215512,7332600
2001-12-12,11.501262664794922,11.538783477461928,11.368690780640927,11.41871821279897,8400000
2001-12-13,11.563793182373047,11.631330052017024,11.446228895860166,11.468741185741493,10977800
2001-12-14,11.568799018859863,11.686363335853015,11.526276323722513,11.556292399948518,6786600
2001-12-17,11.543784141540527,11.668852221279023,11.456235913207347,11.668852221279023,8741400
2001-12-18,11.631332397460938,11.643839015651706,11.476248232669057,11.618825779270171,9842800
2001-12-19,11.878971099853516,11.994033547469462,11.568801725634355,11.568801725634355,15066400
2001-12-20,11.94650650024414,12.031552860707347,11.816436494071272,11.81893743664635,9772400
2001-12-21,12.201634407043457,12.201634407043457,11.948997453794782,12.044049405895198,16875000
2001-12-24,12.099082946777344,12.206641546619112,12.034047980316357,12.201638710092343,5177400
2001-12-26,12.136609077453613,12.201644072496315,11.956510700113943,12.019044752890894,4803000
2001-12-27,11.991523742675781,11.991523742675781,11.87396042989806,11.881464207213343,7931600
2001-12-28,11.798927307128906,11.866464214012709,11.753903656733845,11.833947186182614,8710400
2001-12-31,11.79391860961914,11.931493286762775,11.743891194059566,11.818931840302133,6934000
2002-01-02,11.87396240234375,11.916485086451953,11.57129695970617,11.706370698979773,8848000
2002-01-03,11.718877792358398,11.91898746797007,11.631330524923532,11.91898746797007,10789800
2002-01-04,11.613813400268555,11.66634172603341,11.511257688644921,11.65633605802305,10145600
2002-01-07,11.311156272888184,11.756398285596473,11.206098600538338,11.481248920164218,17142800
2002-01-08,11.168580055236816,11.373691632480682,11.163577217475533,11.373691632480682,12292800
2002-01-09,11.146063804626465,11.27863561854831,11.123551519791304,11.131055296671892,12000600
2002-01-10,11.201096534729004,11.243620176573234,11.128557776137276,11.158573847078463,9222800
2002-01-11,11.331164360046387,11.406204994047998,11.173578360707598,11.24361711274341,11290600
2002-01-14,11.131057739257812,11.298648487656177,11.081030322624672,11.256125803743855,16115200
2002-01-15,11.093537330627441,11.208600679211681,11.015995738587256,11.193592167432788,12015800
2002-01-16,11.043511390686035,11.206099315471194,10.988481132411282,11.146067173892998,10501000
2002-01-17,11.268634796142578,11.30615560507975,11.083534556010175,11.106046850533716,9838000
2002-01-18,11.36618709564209,11.36868899166294,11.258628467395601,11.28114076061449,9820800
2002-01-22,11.481249809265137,11.491254530202184,11.306154311251857,11.366186453648941,9442400
2002-01-23,11.201096534729004,11.446229848168358,11.005990642320752,11.443728906503964,13132600
2002-01-24,11.06102180480957,11.281140948625232,10.948460336839194,11.25612771316238,13154000
2002-01-25,11.293646812438965,11.35367895014774,11.010992714328749,11.031003108833797,8429800
2002-01-28,11.308658599853516,11.318664277945548,11.133563050018877,11.218609405413188,9345200
2002-01-29,11.005990028381348,11.29364696761877,11.005990028381348,11.256126165390015,15979600
2002-01-30,10.968469619750977,11.078530134668188,10.908437479063108,11.06852445982232,11985000
2002-01-31,10.943451881408691,11.05601329159898,10.880917870657784,11.030999114782649,18087600
2002-02-01,11.176081657409668,11.181084494196275,10.930948380027203,10.943454994896946,14601200
2002-02-04,11.176081657409668,11.253624196311758,11.09603817721105,11.176081657409668,9806000
2002-02-05,11.443729400634766,11.528775733801767,11.156072432930387,11.228612148848011,15225200
2002-02-06,11.631332397460938,11.636335235576006,11.308656495492606,11.456236880208786,15027600
2002-02-07,11.476243019104004,11.608814829248672,11.443725063225612,11.481245854946323,8603800
2002-02-08,11.46873950958252,11.473742345957604,11.263627989171363,11.358679971911048,6663800
2002-02-11,11.541277885437012,11.566292064450879,11.331163552687338,11.331163552687338,9030800
2002-02-12,11.533780097961426,11.538782936362017,11.381196866421893,11.406210104230992,6057000
2002-02-13,11.601314544677734,11.601314544677733,11.383695413901766,11.443728507886709,7968400
2002-02-14,11.753898620605469,11.756399562369241,11.506263401467768,11.543784207280481,8097800
2002-02-15,11.743891716003418,11.768904947798095,11.668851066425756,11.756398331900757,12432600
2002-02-19,11.578805923461914,11.723884435766346,11.516271868080324,11.593813486069362,6432600
2002-02-20,11.7263822555542,11.756398324527712,11.361182773902987,11.506262189963293,7912000
2002-02-21,11.506261825561523,11.81392914682874,11.476245757538612,11.693863920543503,9376200
2002-02-22,11.831439971923828,11.881467393894757,11.481249926514733,11.506263160403345,12420400
2002-02-25,11.84894847869873,11.926491024260805,11.756398375681414,11.831439025538526,8480200
2002-02-26,11.753898620605469,11.91898844863269,11.658846612288663,11.851451570686045,8453000
2002-02-27,11.876463890075684,12.001531960890542,11.706371237431984,11.743892040353904,8153200
2002-02-28,11.853950500488281,12.006533685411354,11.843944826743982,11.981520455244173,8506200
2002-03-01,12.10909366607666,12.119099343299881,11.746395977383008,11.746395977383008,9108000
2002-03-04,11.948999404907227,12.10658538598034,11.806421930572181,12.03404570136965,9246600
2002-03-05,11.906476974487305,11.986520443403359,11.818929728545815,11.886466584355,8700000
2002-03-06,11.8914794921875,12.006541956934846,11.786421753883324,11.793926491458482,7829200
2002-03-07,11.743891716003418,11.803923853988096,11.593809462654464,11.781411563695434,11507000
2002-03-08,11.969013214111328,12.04905669787307,11.856452721079474,11.878965010524563,7939800
2002-03-11,11.901480674743652,12.031550657093822,11.856456083086336,12.031550657093822,6068800
2002-03-12,12.029046058654785,12.031547000011626,11.758898590824318,11.85645247922548,6878800
2002-03-13,12.044116020202637,12.081792554248345,11.956202191072464,11.981320838614698,6989600
2002-03-14,12.029046058654785,12.142077588678118,12.001416022629245,12.069234940643245,8102200
2002-03-15,12.217429161071777,12.320413210304183,12.109421382830678,12.144586527713207,14707200
2002-03-18,12.224971771240234,12.338003347795368,12.101893688686028,12.257625550729255,8276200
2002-03-19,12.358098983764648,12.415870468827675,12.27018510444171,12.282744914472827,8382400
2002-03-20,12.410839080810547,12.501264291453426,12.33799644355063,12.358091360661664,7312000
2002-03-21,12.659510612487793,12.752447224848792,12.526384158912792,12.554014195658143,15073200
2002-03-22,12.873015403747559,12.930786870090255,12.621834615381754,12.662023503193137,13291000
2002-03-25,12.99860954284668,13.084011073822493,12.89813681528257,12.92325547626307,15111000
2002-03-26,13.212100982666016,13.232195893338167,12.996086442008872,12.998597826753851,16579000
2002-03-27,13.134241104125977,13.146799949470738,13.023720965463717,13.051351000129282,19315200
2002-03-28,13.12670612335205,13.174431081085768,13.046328356638861,13.134242197729174,10190400
2002-04-01,13.136758804321289,13.149317655702669,12.95088550424742,13.061404737854074,7959000
2002-04-02,13.131729125976562,13.134241470022591,12.98604479119755,13.111635164500855,8597800
2002-04-03,12.99609661102295,13.10159210006422,12.935812790014488,13.05135574225364,8403000
2002-04-04,13.066415786743164,13.164376073880417,12.950872933103227,12.996085520732422,9461600
2002-04-05,13.106608390808105,13.131726076364224,12.963435475146008,13.036278104708348,5724800
2002-04-08,13.312577247619629,13.337694934626821,12.945853651515929,12.960923880448908,10295200
2002-04-09,13.400486946105957,13.450723266436526,13.249778943292359,13.312574104161044,8951600
2002-04-10,13.619027137756348,13.676798623128283,13.317609900798404,13.337703872233476,8325400
2002-04-11,13.347744941711426,13.593901962468045,13.31760351991104,13.591390576559064,8850800
2002-04-12,13.403006553649902,13.438171709487644,13.184479543673485,13.2497861247752,7078600
2002-04-15,13.1593656539917,13.315097525432948,13.114153020641178,13.274908624474595,8734000
2002-04-16,13.533615112304688,13.53863884081392,13.011158845483239,13.1593554828818,12718200
2002-04-17,13.543668746948242,13.578834865040985,13.377889451511727,13.475850771787675,8254800
2002-04-18,13.490914344787598,13.613993301884596,13.365324002442128,13.551198130711862,7437000
2002-04-19,13.792335510253906,13.80991808682127,13.463288369304506,13.493430750430178,9241200
2002-04-22,13.890294075012207,14.02844328385855,13.757168595710256,13.812428662520169,11199000
2002-04-23,13.69437313079834,13.852617254553532,13.629065606248647,13.827498607350414,7624600
2002-04-24,13.809917449951172,13.830012369774904,13.689350805544313,13.749634606836999,9417000
2002-04-25,13.809917449951172,13.814941179907104,13.601437926761765,13.802382334106529,8991200
2002-04-26,13.676790237426758,13.837545743058643,13.676790237426758,13.792333137327377,6252400
2002-04-29,13.724516868591309,13.835037018605172,13.581343908962964,13.676792868108054,8159000
2002-04-30,13.94304084777832,14.07616727618648,13.747120199790572,13.78730907522853,13047600
2002-05-01,14.473033905029297,14.54587654926257,13.9907673463369,14.00583757743449,16158400
2002-05-02,14.478055953979492,14.515733443706306,14.339906755278447,14.417773120230626,13051000
2002-05-03,14.282140731811523,14.360006168160956,14.128920287386382,14.3173058912182,9020600
2002-05-06,14.214316368103027,14.34241810816183,14.191710065954018,14.267064087057925,7796400
2002-05-07,14.229394912719727,14.312284091337292,14.12892219384749,14.312284091337292,8967400
2002-05-08,14.191713333129883,14.309768600217314,14.025934065264712,14.216831026554255,10446000
2002-05-09,14.191713333129883,14.28967367893495,14.169107025776515,14.216831026554255,5404200
2002-05-10,14.1565523147583,14.292190198503748,14.116363418631375,14.166599778334747,6790600
2002-05-13,14.28967571258545,14.292188057192586,14.05356610298698,14.066124951486493,6302000
2002-05-14,14.229394912719727,14.29219012247016,14.14901712089348,14.279630313976986,7122000
2002-05-15,14.239435195922852,14.274601302886964,14.116357175173006,14.166593512657581,7274000
2002-05-16,14.329861640930176,14.367539136820076,14.166594727823831,14.304743949122592,7680800
2002-05-17,14.317305564880371,14.380100764726338,14.206786358095806,14.30474671654692,7058200
2002-05-20,14.116360664367676,14.317305105795741,14.041006618604488,14.254509907963303,5421200
2002-05-21,13.930486679077148,14.154037433612872,13.87773894202059,14.116360889220484,8376200
2002-05-22,14.116360664367676,14.141478360229181,13.943045305115795,13.953092766731869,5470000
2002-05-23,14.239435195922852,14.239435195922852,14.008349384943623,14.116357175173006,5719400
2002-05-24,14.116360664367676,14.43787177065258,14.005840502948233,14.251998521648625,6929000
2002-05-28,13.724516868591309,14.103800360937578,13.701910561377433,14.053564016220239,7020000
2002-05-29,13.601435661315918,13.68934852545576,13.516034182646491,13.68934852545576,8976200
2002-05-30,13.661723136901855,13.714470873310441,13.513526431150105,13.538645085281823,9656800
2002-05-31,13.955605506896973,13.98825832080697,13.734566135969816,13.789826218246281,8404400
2002-06-03,13.5712890625,13.915407213718765,13.561242565566987,13.789816899364546,6607600
2002-06-04,13.563758850097656,13.563758850097658,13.300019286314773,13.413050801701267,10837400
2002-06-05,13.915423393249512,13.927982247651563,13.465809315130187,13.563769720917032,8356200
2002-06-06,13.601435661315918,13.927970388636071,13.553710713772842,13.927970388636071,7283600
2002-06-07,13.576321601867676,13.676794301834825,13.500967555981653,13.563762753916452,7087200
2002-06-10,13.495941162109375,13.613996417548988,13.46831112716151,13.551201232005107,6861800
2002-06-11,13.563758850097656,13.802380725207279,13.49593994086576,13.513522514572726,11366200
2002-06-12,13.735193252563477,13.853687335704821,13.566277055671934,13.614178448430692,10515600
2002-06-13,13.740240097045898,13.863776623836527,13.626788380960726,13.737719375239775,7487600
2002-06-14,13.828481674194336,13.838566486276545,13.538550539885485,13.664607805691233,9062000
2002-06-17,13.929326057434082,13.964621933384397,13.788141591892337,13.815874340636295,7105600
2002-06-18,13.941926956176758,13.977222820395863,13.841081767227914,13.866292824030083,7294800
2002-06-19,13.886465072631836,14.136057852228744,13.818394052267129,13.941929600464286,9771000
2002-06-20,14.047819137573242,14.206650567567813,13.894029150848617,13.904113960869344,10251400
2002-06-21,14.11841869354248,14.131024232170667,13.843613719787818,13.843613719787818,17739400
2002-06-24,14.357926368713379,14.418433332901058,14.093206236475362,14.11841731126342,11513800
2002-06-25,13.979756355285645,14.405829731608291,13.823445554762097,14.357928298376828,11779200
2002-06-26,14.002439498901367,14.067988845445702,13.699901907891038,13.740240189243048,13409200
2002-06-27,14.141100883483887,14.231862247991787,13.823437069446628,14.065466733640767,11711000
2002-06-28,14.11841869354248,14.483985084205608,14.062953169489315,14.204137702651483,14290600
2002-07-01,14.206652641296387,14.395738528953787,14.181441574304957,14.181441574304957,10267600
2002-07-02,14.289851188659668,14.42095085555221,14.156230799712139,14.357922225031214,12085600
2002-07-03,14.272200584411621,14.34531401298333,14.125973727268207,14.2268199019699,12984600
2002-07-05,14.236907005310059,14.244470133021943,14.007482834557559,14.067989779733738,6698000
2002-07-08,14.441122055053711,14.496587567416517,14.259600221236724,14.294896106652784,10446200
2002-07-09,14.229345321655273,14.428516053494073,14.148668739953104,14.395740891633592,18088000
2002-07-10,13.790660858154297,14.357918380970824,13.702420222005312,14.229339470557832,15884200
2002-07-11,13.389811515808105,13.71503970100162,13.150302364811148,13.614193438979354,25808200
2002-07-12,12.870442390441895,13.362065756863224,12.782202718253068,13.362065756863224,17365800
2002-07-15,13.10995101928711,13.17297962995676,12.451932170017525,12.794807965938864,18263000
2002-07-16,12.699002265930176,13.034314885036931,12.628410540535123,12.870440137666842,13761800
2002-07-17,12.605724334716797,13.097347776118841,12.542695713043214,12.908261911098089,19555200
2002-07-18,12.083846092224121,12.69648430430089,11.919971309240168,12.618328475814023,15981000
2002-07-19,11.367843627929688,11.899805413517221,11.279603931536736,11.831734378410989,20025800
2002-07-22,11.569534301757812,11.925015709844025,11.319941484240099,11.390533236792098,23931200
2002-07-23,11.239266395568848,11.592226166382407,11.143462603291463,11.269519870383581,23664800
2002-07-24,11.811565399169922,11.874594031954691,10.992193172967893,10.992193172967893,26732200
2002-07-25,11.99056625366211,12.164524916605636,11.572056212099287,11.773747624586097,14898000
2002-07-26,11.962830543518066,12.104014016448025,11.811561300284184,12.00064713302133,10545200
2002-07-29,12.462017059326172,12.504876053224033,12.068718179971539,12.101493327019494,12973200
2002-07-30,12.139314651489258,12.404034707949712,12.003172578427112,12.404034707949712,10814600
2002-07-31,12.590597152709961,12.603203646470497,12.139312951251917,12.139312951251917,14246800
2002-08-01,12.588079452514648,12.794813304835795,12.46706458494183,12.56790982704884,11129800
2002-08-02,12.630941390991211,12.817506622820057,12.429249898298472,12.605730315057457,8567400
2002-08-05,12.19225788116455,12.63093659084208,12.126707569862507,12.63093659084208,9946400
2002-08-06,12.068719863891602,12.542695354619827,11.988043307394083,12.348567090003796,10717200
2002-08-07,12.35612964630127,12.356129646301271,12.0006482850984,12.174607883430689,9408400
2002-08-08,12.812461853027344,12.812461853027344,12.313275139995973,12.366218966740044,8422000
2002-08-09,12.883050918579102,12.968769889399281,12.678838783493172,12.79229050395231,8503400
2002-08-12,12.8099365234375,12.87044345745747,12.620850671579438,12.65614654338115,7161800
2002-08-13,12.671276092529297,12.971293004375912,12.595641924457434,12.605726736664517,7377800
2002-08-14,13.09735107421875,13.135167679701397,12.499839859578648,12.671276868899874,9480800
2002-08-15,12.961206436157227,13.253659218356097,12.860360251230512,13.109954029966854,10489200
2002-08-16,13.157853126525879,13.286432037798368,12.920865883858218,12.961204158391869,9989400
2002-08-19,13.034317970275879,13.220882134905661,12.925908673907077,13.220882134905661,9767400
2002-08-20,13.016671180725098,13.097347739301261,12.837669164752569,12.908261874812045,8636000
2002-08-21,13.296516418457031,13.314164352888122,12.946076527670364,13.135162363780879,8965200
2002-08-22,13.21080207824707,13.359549693037211,13.05196965119372,13.296521059003094,6997800
2002-08-23,13.286429405212402,13.46290968198178,13.160372202054297,13.210795275665568,7769400
2002-08-26,13.364588737487793,13.422575916717914,13.137686272755268,13.286433860834123,6329600
2002-08-27,13.241050720214844,13.412488619150793,13.109951093867338,13.369628663546665,7990600
2002-08-28,12.928430557250977,13.17046119516294,12.807415719165215,13.160376384887348,8312000
2002-08-29,12.706568717956543,12.928428742433464,12.605722552837717,12.76959733072073,7309200
2002-08-30,12.85783576965332,13.135161254498778,12.643538891521851,12.656144420516606,9969000
2002-09-03,12.585550308227539,12.779678510431111,12.474620319142687,12.706566065807515,10677800
2002-09-04,12.731778144836426,12.820017806688723,12.60572093548161,12.60572093548161,9965400
2002-09-05,12.441848754882812,12.651104227376365,12.373778694067717,12.618329076870308,7905000
2002-09-06,12.577990531921387,12.681357424323249,12.3838622780466,12.542694660624218,5966000
2002-09-09,12.693964004516602,12.875486742466855,12.482187797488121,12.494794291199455,5963400
2002-09-10,12.850279808044434,12.895660507115373,12.620855590181682,12.73178565361023,5660800
2002-09-11,12.933799743652344,13.057822909456402,12.893302560731854,13.05529225794281,5970600
2002-09-12,12.541484832763672,12.78953023305259,12.493394723140938,12.74397077529247,6457800
2002-09-13,12.566791534423828,12.630068428422883,12.430113211658961,12.478203303507883,7089800
2002-09-16,12.827497482299805,12.883181481662053,12.54148552947896,12.617417641454363,7943400
2002-09-17,12.389619827270508,13.00973377121807,12.38708821004018,12.959112047431297,11016200
2002-09-18,12.478208541870117,12.637666652036438,12.288377780181841,12.32634431873117,8992800
2002-09-19,12.065645217895508,12.225103360684477,11.906188040635918,12.149171233580475,12532600
2002-09-20,12.027681350708008,12.275726849536122,11.939093051857562,12.098551217364749,17571600
2002-09-23,11.8960599899292,12.070703927297261,11.74672643228552,11.926432638704277,7769800
2002-09-24,11.94668197631836,12.123857534853181,11.820128143869074,11.870749869954611,9446400
2002-09-25,12.273187637329102,12.440238610468056,11.94667860988924,12.098542779823255,10466000
2002-09-26,12.258004188537598,12.321281104247362,12.025144636650534,12.273190995898421,10570000
2002-09-27,12.273187637329102,12.478204170187135,12.19978620346516,12.25800083412416,8752400
2002-09-30,12.139044761657715,12.275723148022507,12.00996026266601,12.0985475692751,10303000
2002-10-01,12.670571327209473,12.680694901021827,12.21244606006022,12.250412599826497,11120400
2002-10-02,12.630066871643066,12.908484784709653,12.604755537846048,12.693343757842623,11077400
2002-10-03,12.81230354309082,13.009728082986578,12.680687505003197,12.731309206656691,11420000
2002-10-04,12.8831787109375,13.083133004179354,12.832556991997809,12.959110806582544,10234200
2002-10-07,12.688284873962402,13.133753846743106,12.657911265307938,12.865460395664435,12451400
2002-10-08,13.191975593566895,13.369151210785226,12.847748900806579,12.908495185335227,14686400
2002-10-09,13.067949295043945,13.288152697976539,12.911021844191623,13.03504502753889,11657800
2002-10-10,13.024922370910645,13.161600764422053,12.761690123895177,13.009736526428895,12181800
2002-10-11,13.02238655090332,13.161595541408593,12.837618113973935,13.009731363680821,12385000
2002-10-14,13.300810813903809,13.33371508864615,12.948991229097476,12.959115769868868,8373800
2002-10-15,13.28309154510498,13.440018043617325,12.971769200164537,13.300809006282378,13850800
2002-10-16,11.94668197631836,12.655383244928533,11.865687600793146,12.655383244928533,37382000
2002-10-17,11.617644309997559,12.111203573551956,11.281010591235543,12.073237996255852,33108000
2002-10-18,11.74166488647461,11.807473422658097,11.420218023423823,11.51639921025322,17405000
2002-10-21,12.149171829223633,12.174482217656076,11.870753694349029,11.921374471213918,15011400
2002-10-22,12.118794441223145,12.336467172711814,11.979585428105453,12.149167088596501,10844600
2002-10-23,12.133980751037598,12.194727013660774,11.954274545968042,12.12132556127042,10801200
2002-10-24,11.868221282958984,12.194730485773732,11.774571693382827,12.17448140395761,10427200
2002-10-25,11.888471603393555,11.934031076697151,11.736606370538418,11.878347061430654,9369200
2002-10-28,11.625235557556152,11.890998422458802,11.559427021543442,11.890998422458802,9626800
2002-10-29,11.739136695861816,11.741667348309088,11.394910031271504,11.57967855686173,11569200
2002-10-30,11.858097076416016,11.916312705514205,11.670797891982389,11.693577626903169,10282800
2002-10-31,11.764448165893555,11.936561514039413,11.617646172198233,11.825194451045395,11850000
2002-11-01,11.853038787841797,11.911253466225714,11.554371505329785,11.764450478147428,10783000
2002-11-04,11.567015647888184,11.87074491201666,11.516393942945319,11.855558110875187,13604200
2002-11-05,11.734068870544434,11.756848593903412,11.602452798418,11.604983449667264,10645200
2002-11-06,11.491092681884766,11.723951357461875,11.364538801976474,11.72142070469668,19806600
2002-11-07,11.344286918640137,11.488558228895632,11.288602916250563,11.440468113986881,11576200
2002-11-08,11.268356323242188,11.44046965791979,11.25823178225424,11.301260598688327,10365600
2002-11-11,11.27847671508789,11.38731307684601,11.20254365114203,11.265820560744237,8224600
2002-11-12,11.215201377868652,11.49361943294126,11.189890031161681,11.41515570644338,11236800
2002-11-13,11.448060989379883,11.604987490759553,11.23798210349683,11.263292486918658,11831600
2002-11-14,11.42527961730957,11.62270328312979,11.422748965542507,11.579675444386039,9944400
2002-11-15,11.63536262512207,11.642955548031825,11.392378471186916,11.425282746344793,13655600
2002-11-18,11.622706413269043,11.716356967866288,11.53918136505427,11.693577233711466,8862400
2002-11-19,11.74166488647461,11.936557912050086,11.604986510274276,11.622703970278488,11389800
2002-11-20,11.663201332092285,11.817596192268972,11.49361869933166,11.817596192268972,11292800
2002-11-21,11.582205772399902,11.769505860387243,11.369595305333034,11.769505860387243,16084800
2002-11-22,11.493617057800293,11.6885100422884,11.326566066171766,11.642950593159805,9489600
2002-11-25,11.417689323425293,11.491090793436365,11.331632660609046,11.40250251274149,10346400
2002-11-26,11.389725685119629,11.488877161483611,11.333794655018812,11.343963316054811,10625800
2002-11-27,11.753271102905273,11.793948619705592,11.389715372202465,11.440562510659987,10498000
2002-11-29,11.60328197479248,11.732942331356176,11.572774054942494,11.732942331356176,5242200
2002-12-02,11.491418838500977,11.743110871902994,11.45328321170466,11.740568949370235,10058000
2002-12-03,11.415145874023438,11.664295926382703,11.387179883584194,11.567686405727788,13710800
2002-12-04,11.60328197479248,11.745653883807897,11.346505123882292,11.364301491280559,12994600
2002-12-05,11.448199272155762,11.641418373614647,11.389725351138543,11.605825636458892,8642800
2002-12-06,11.542263984680176,11.598194999013227,11.389722474191322,11.389722474191322,7989600
2002-12-09,11.465988159179688,11.615986717768747,11.404972355248145,11.491412219008428,8486400
2002-12-10,11.821919441223145,11.821919441223146,11.465990295921427,11.46853318729254,12368400
2002-12-11,11.885475158691406,11.926152681938701,11.699883898261332,11.80920492383131,15685200
2002-12-12,11.661751747131348,11.77361569653826,11.529549514996145,11.771072805054134,11997200
2002-12-13,11.656671524047852,11.801585361179681,11.313454745541796,11.377013480067312,15263600
2002-12-16,11.626160621643066,11.692262231703086,11.516839548706868,11.656668534839728,12417200
2002-12-17,11.420225143432617,11.684629530984648,11.402428787523217,11.656663551747402,11792200
2002-12-18,11.323623657226562,11.425317044116321,11.280403216180739,11.415148384307829,11923600
2002-12-19,11.216841697692871,11.313451215580288,11.077012719331277,11.275315598832117,13308200
2002-12-20,11.206673622131348,11.272774262119794,11.158368375765686,11.249893084848972,16630800
2002-12-23,11.285484313964844,11.338873397234707,11.15582497319104,11.211755978118493,10149600
2002-12-24,11.244807243347168,11.277858045235357,11.148197729274228,11.148197729274228,3392600
2002-12-26,11.224470138549805,11.364299126075267,11.211757618914604,11.237181688355923,4606400
2002-12-27,11.051592826843262,11.254980578890706,10.990576016314378,11.1863370307317,6725200
2002-12-30,11.061755180358887,11.127856768230666,10.90667277459856,11.077009616751317,10272400
2002-12-31,11.14565658569336,11.211757224255852,10.9981998976115,11.049047064875213,8993400
2003-01-02,11.402432441711426,11.438026134765757,11.199044759117257,11.224468825584635,9358800
2003-01-03,11.374469757080078,11.420231146452439,11.242267493812228,11.404977673271375,6184400
2003-01-06,11.420225143432617,11.4786999926534,11.272769484493493,11.33887009646717,7796000
2003-01-07,11.277857780456543,11.377009213964268,11.237180244406476,11.31345050327173,7628000
2003-01-08,11.204133987426758,11.377013828212764,11.160914512144933,11.338878198398746,6403600
2003-01-09,11.32107925415039,11.359214875288295,11.110064801386951,11.160911972961111,9030200
2003-01-10,11.491418838500977,11.537181202724849,11.265149909743656,11.275318569703968,10570200
2003-01-13,11.633790969848633,11.682096231390592,11.465995940421998,11.516843124757512,9982800
2003-01-14,11.626160621643066,11.63124543548069,11.4456540946383,11.567686717254018,10436800
2003-01-15,11.415145874023438,11.631245122242776,11.399891432921383,11.62616030854209,8891200
2003-01-16,11.610904693603516,11.628702024671167,11.443109737760805,11.460907068828455,7965400
2003-01-17,11.465988159179688,11.697341769563282,11.45073469311116,11.567682458837215,10638400
2003-01-21,11.369383811950684,11.590567879539792,11.315993751639596,11.491416434407745,7587600
2003-01-22,11.326164245605469,11.588026843871745,11.290571515895081,11.371926603755725,8775000
2003-01-23,11.16091537475586,11.392269154596166,11.15328766630591,11.328710413213342,11129000
2003-01-24,10.888873100280762,11.191412056194308,10.868533857952901,11.186327245612341,11273200
2003-01-27,10.624473571777344,10.87108069259635,10.555830052633219,10.76684445311725,13448600
2003-01-28,10.449049949645996,10.677861658838339,10.423626857437425,10.677861658838339,17152600
2003-01-29,10.309225082397461,10.449054084535195,10.121091798017,10.449054084535195,26361200
2003-01-30,9.966010093688965,10.365158881984383,9.966010093688965,10.36007406667643,24866000
2003-01-31,10.286338806152344,10.309219974789832,9.953291870219537,9.991426504729548,23750000
2003-02-03,10.207528114318848,10.327017816763055,10.19227367642372,10.309221457466496,12605400
2003-02-04,10.253290176391602,10.314305986637567,10.093121977295509,10.17193414634895,12553800
2003-02-05,10.182106018066406,10.360070615238767,10.133801743477363,10.30922344892823,11931800
2003-02-06,10.146515846252441,10.245667312106262,10.080415192292987,10.182108580679015,10054200
2003-02-07,10.049901962280273,10.230409418640974,10.042275228148434,10.194815729758385,9516400
2003-02-10,10.184652328491211,10.24312624993623,10.004144779006014,10.093127592375755,9055200
2003-02-11,9.915162086486816,10.197363008736431,9.877026459760925,10.143973907183605,15029400
2003-02-12,10.103290557861328,10.232949868602212,9.993969525157045,10.01176588212484,18589400
2003-02-13,10.164311408996582,10.243124578867125,9.991431595610953,10.113464233913303,10950400
2003-02-14,10.372786521911621,10.423633709582791,10.143975632135517,10.207534374267118,10808000
2003-02-18,10.449049949645996,10.555829070545355,10.334645064878627,10.41091531133314,9979800
2003-02-19,10.339729309082031,10.471931527325074,10.24566270046194,10.471931527325074,7042800
2003-02-20,10.182106018066406,10.372782164359144,10.177021204452448,10.291427086193897,8909400
2003-02-21,10.332106590270996,10.342276219433003,10.169396402995739,10.245666682052363,11297600
2003-02-24,10.123629570007324,10.329560105347367,10.123629570007326,10.329560105347367,8390400
2003-02-25,10.266003608703613,10.281257079152953,10.042276667099653,10.093123831531779,11328800
2003-02-26,10.098207473754883,10.250747979530423,10.047360315220073,10.245663166694055,9374600
2003-02-27,10.235492706298828,10.329560281356954,10.095663759103065,10.131256476226117,9354000
2003-02-28,10.225330352783203,10.332108569955887,10.15668679753102,10.235499014064361,8920800
2003-03-03,9.968549728393555,10.281258524337895,9.968549728393555,10.210073066024133,11912800
2003-03-04,9.75499153137207,9.973633671181538,9.739738060111256,9.973633671181538,12807600
2003-03-05,9.546520233154297,9.754992772085632,9.409233155371464,9.521097131266737,23918800
2003-03-06,9.546520233154297,9.599909329015675,9.457538406718667,9.546520233154297,14582000
2003-03-07,9.584650993347168,9.62024370586459,9.444822064245006,9.444822064245006,14152600
2003-03-10,9.424487113952637,9.559231292722929,9.409232671706727,9.508385091561466,11275400
2003-03-11,9.574480056762695,9.711767046069612,9.432108256389387,9.432108256389387,12187600
2003-03-12,9.730480194091797,9.78162614682785,9.584714862887182,9.589829555713578,17142400
2003-03-13,10.088500022888184,10.088500022888184,9.845557499863899,9.866016269415674,16248600
2003-03-14,10.203581809997559,10.231711164894156,10.091060488298476,10.139649595587871,13410200
2003-03-17,10.482321739196777,10.482321739196776,10.152431422370572,10.203577366731865,14134200
2003-03-18,10.47721004486084,10.48999629072752,10.30587122855762,10.48999629072752,12957600
2003-03-19,10.69201946258545,10.70224787125504,10.423503492807452,10.477207272079713,12900000
2003-03-20,10.62041187286377,10.70224497322779,10.472089744276794,10.692016567327917,9475400
2003-03-21,10.804543495178223,10.817329742078728,10.561600901956167,10.727825038247076,13678800
2003-03-24,10.461862564086914,10.738050067572596,10.426060697085669,10.689460983332868,9899400
2003-03-25,10.484879493713379,10.533467608469834,10.374916045371231,10.459307007110576,10120200
2003-03-26,10.415834426879883,10.500225403345976,10.39793348802853,10.497667568922637,9894800
2003-03-27,10.449080467224121,10.548814557868566,10.264955391863243,10.351903235724981,8500400
2003-03-28,10.415834426879883,10.505340096664648,10.339115978155801,10.449079445687252,7672600
2003-03-31,10.351899147033691,10.403045089491492,10.154987902664173,10.310982588172992,11954400
2003-04-01,10.328883171081543,10.377472253754528,10.198461948992735,10.357013487254813,13867600
2003-04-02,10.599957466125488,10.671561207898337,10.484879327184968,10.523239032007746,10338600
2003-04-03,10.536026954650879,10.622974787318732,10.472094753440047,10.599959155861713,8541200
2003-04-04,10.715035438537598,10.894044790187635,10.523238868460155,10.768738244032608,8908400
2003-04-07,10.663894653320312,10.909394147727964,10.638321179614342,10.881263814415535,10194400
2003-04-08,10.702250480651855,10.753396438581175,10.640876111559079,10.72782394738052,6925600
2003-04-09,10.656218528747559,10.909390467627826,10.594844163613397,10.735494807201125,8999200
2003-04-10,10.597397804260254,10.709919065383618,10.561595939549239,10.702246540425794,6655400
2003-04-11,10.594841957092285,10.727821021225516,10.561596947177042,10.676675077246928,6974600
2003-04-14,10.845458984375,10.865917757789296,10.594844863217936,10.594844863217936,6648400
2003-04-15,10.876145362854004,10.957978499389887,10.738052554654663,10.868473811156246,7816600
2003-04-16,10.203581809997559,10.663893558641682,10.103846736074779,10.395378453226625,30495000
2003-04-17,10.331445693969727,10.390263211061413,9.973424921945066,10.208694990311809,23306200
2003-04-21,10.257280349731445,10.43373283657726,10.20869126274613,10.369800648883126,7049600
2003-04-22,10.333998680114746,10.341670230395112,10.147316810913065,10.203577447709758,13456200
2003-04-23,10.22914981842041,10.357014191150666,10.152431389887807,10.300753554980476,12061000
2003-04-24,10.206132888793945,10.254720993035846,10.037351977367596,10.216362271432542,11738600
2003-04-25,10.080828666687012,10.264953711914226,10.037355239634998,10.241938081260823,10260400
2003-04-28,10.313544273376465,10.369803953114992,10.165221082411078,10.188236716335773,11037600
2003-04-29,10.44140625,10.484879673074012,10.313541863743,10.313541863743,10469400
2003-04-30,10.331445693969727,10.446522893415827,10.262398788985195,10.38770537632414,12709600
2003-05-01,10.341670036315918,10.38002973805337,10.08594129280687,10.331441627976638,10425800
2003-05-02,10.484879493713379,10.507895121867033,10.275181981881337,10.280296674307465,10687800
2003-05-05,10.364683151245117,10.510448421689123,10.305865671550825,10.48487594374465,7072000
2003-05-06,10.489995956420898,10.56159971141479,10.387704041691343,10.446521551226038,10097000
2003-05-07,11.065385818481445,11.1165317760156,10.807099171921557,10.871031374957251,31069400
2003-05-08,10.965652465820312,11.088402186734623,10.92473589218221,11.009125898517269,15021800
2003-05-09,11.24951171875,11.298099845509617,11.103745387415001,11.149776655093827,16121800
2003-05-12,11.379927635192871,11.436188263760414,11.218818274176117,11.249506421864384,10735400
2003-05-13,11.315998077392578,11.369700884989115,11.157446513071822,11.328784320792538,9108200
2003-05-14,11.315998077392578,11.410617449185692,11.226493398065015,11.40550275672014,7854800
2003-05-15,11.415732383728027,11.50268020643051,11.367144267566704,11.379930511237804,8908800
2003-05-16,11.239280700683594,11.502681046552091,11.239280700683592,11.44386354094689,9979000
2003-05-19,11.280195236206055,11.346684281488274,11.154887720388949,11.175346488492867,9228400
2003-05-20,11.385042190551758,11.397828430838745,11.2443915963397,11.30320908208192,12090000
2003-05-21,11.28786563873291,11.344126269770356,11.2034756677044,11.315995954251635,10507000
2003-05-22,11.387602806091309,11.474550634472598,11.275082488697608,11.287868733203814,10194600
2003-05-23,11.30065631866455,11.433635423470038,11.264854439587696,11.328786645232947,5883000
2003-05-27,11.420845031738281,11.469433139201342,11.213704409448557,11.24694941746417,8908200
2003-05-28,11.292980194091797,11.408058312768448,11.282750811203284,11.387599546991424,10108800
2003-05-29,11.41062068939209,11.584516380489633,11.341573784792056,11.341573784792056,14845000
2003-05-30,11.653560638427734,11.750737849742292,11.50523845060563,11.528254080245185,11478200
2003-06-02,11.712379455566406,11.819786064441017,11.59474443555974,11.748181333348608,9052200
2003-06-03,11.79164981842041,11.860696680416064,11.699587335759539,11.776305746134426,7629800
2003-06-04,11.914402961730957,11.93486075524673,11.71237700730077,11.737950468605238,7991000
2003-06-05,11.962993621826172,11.980894560786489,11.842801742453757,11.914405498295025,7891800
2003-06-06,11.991124153137207,12.0831866839566,11.942536028772762,11.983452600744934,8624800
2003-06-09,11.986008644104004,12.016696802640956,11.865816770848799,11.865816770848799,6309400
2003-06-10,11.916963577270508,11.986010481269934,11.83513042635151,11.986010481269934,8389400
2003-06-11,12.024876594543457,12.024876594543457,11.713977237545773,11.916961504076912,8274400
2003-06-12,12.191890716552734,12.191890716552734,11.940087826582099,11.950364755443186,8487200
2003-06-13,12.166191101074219,12.22528856431642,12.078830869520262,12.179038972308152,6256000
2003-06-16,12.38459300994873,12.38459300994873,12.153345034224355,12.191886690230094,8161800
2003-06-17,12.12765121459961,12.420564662884303,12.019735166194446,12.358898209487776,18057400
2003-06-18,12.076264381408691,12.140499830245972,11.988904131783784,12.001751025520207,10643600
2003-06-19,11.850156784057617,12.05057207557689,11.803907176795885,12.024877304789658,10096200
2003-06-20,11.940086364746094,11.991473943226154,11.845017188216474,11.90668365460987,14901800
2003-06-23,12.012022018432617,12.024868904774353,11.762788306753635,11.891259130480186,10415200
2003-06-24,12.119941711425781,12.153344412912785,11.965777055594195,11.986332865787729,8915600
2003-06-25,11.983763694763184,12.197025828977269,11.976055755506543,12.122512482312947,9179400
2003-06-26,12.045428276062012,12.060844152177923,11.893832619941247,11.947790146656716,8056600
2003-06-27,11.950360298156738,12.137928637203128,11.929805467945823,12.037720531901842,6847400
2003-06-30,11.924670219421387,11.976058781143578,11.791060351005804,11.909253356858141,13898000
2003-07-01,11.945223808288574,11.983764487275591,11.793628118567378,11.883557349692195,11637800
2003-07-02,11.916961669921875,11.952933367244665,11.829601413499999,11.934947518583272,8860000
2003-07-03,11.878418922424316,11.934946430294373,11.793628640774383,11.85786408875212,6110800
2003-07-07,11.549532890319824,11.909250784362579,11.549532890319824,11.878418046051504,21706800
2003-07-08,11.361971855163574,11.54953933648893,11.331138119488122,11.54953933648893,23908400
2003-07-09,11.274614334106445,11.433918086941539,11.223225742178906,11.33114090308646,15254400
2003-07-10,11.30801010131836,11.395370367315746,11.256622516741949,11.300302159662968,12264000
2003-07-11,11.28231430053711,11.333702856120606,11.138426540934349,11.138426540934349,14111800
2003-07-14,11.377387046813965,11.493011098134344,11.310582583915282,11.343985305442407,14658800
2003-07-15,11.302872657775879,11.41592672137057,11.228359284423396,11.38252400570301,11134400
2003-07-16,11.025373458862305,11.343981746984614,10.8634998377914,11.16412227692308,20595200
2003-07-17,11.500717163085938,11.503287130559729,11.336274530357926,11.377385188539929,22579200
2003-07-18,11.536683082580566,11.557237909542403,11.413350200190218,11.541821054204902,14723800
2003-07-21,11.562383651733398,11.59835535515837,11.469884425694666,11.562383651733398,10212600
2003-07-22,11.585508346557617,11.649743810670232,11.495579088862113,11.61377210759203,8531800
2003-07-23,11.606058120727539,11.6394608219333,11.477587248564577,11.626613930747997,7824200
2003-07-24,11.439046859741211,11.757654081749113,11.43904685974121,11.61119736225024,8869800
2003-07-25,11.572654724121094,11.58036266168528,11.254046576018686,11.436474952839866,9610600
2003-07-28,11.467317581176758,11.546968945028587,11.421067959515106,11.541829989271115,8532200
2003-07-29,11.526405334472656,11.634320382826063,11.395364512723695,11.498141589383474,11342000
2003-07-30,11.660017013549805,11.703696641040324,11.541823062373982,11.613767419645136,10619200
2003-07-31,11.554676055908203,11.878422376591017,11.554676055908203,11.683146989222173,13449000
2003-08-01,11.49814224243164,11.624044119482846,11.40821303036285,11.433906810909676,9515400
2003-08-04,11.534113883972168,11.58293343904478,11.36967133671787,11.433906767998762,6996200
2003-08-05,11.39793872833252,11.534117572548025,11.374813926469962,11.523839665019064,8277600
2003-08-06,11.331131935119629,11.42877008449115,11.277174397370272,11.34397980805003,8778400
2003-08-07,11.505855560302734,11.55210517103565,11.35169084462992,11.38252359173341,7603600
2003-08-08,11.523838996887207,11.554672717686406,11.464742502254802,11.536686870631117,6387000
2003-08-11,11.46474552154541,11.523842031741136,11.390233127045395,11.510995134769093,5639400
2003-08-12,11.472450256347656,11.516129886140387,11.356826265491819,11.516129886140387,7505200
2003-08-13,11.436479568481445,11.495577047507426,11.356828234425533,11.495577047507426,7626800
2003-08-14,11.577798843383789,11.606061620451904,11.426203129312698,11.48529963070919,7240000
2003-08-15,11.564949035644531,11.593212788144985,11.513561463994728,11.593212788144985,4643000
2003-08-18,11.526405334472656,11.588070796344647,11.500710575230288,11.56494600310394,6087800
2003-08-19,11.382521629333496,11.52897837801945,11.290022423814959,11.487867728917344,8300000
2003-08-20,11.277175903320312,11.313147599956865,11.218079404538088,11.305439659293382,7283800
2003-08-21,11.205233573913574,11.354259328436237,11.169261873861734,11.287454882647866,8552400
2003-08-22,11.120439529418945,11.323423763640086,11.099884697430324,11.24120247537546,9080800
2003-08-25,11.323420524597168,11.323420524597166,11.120436348439265,11.164116946672323,6703200
2003-08-26,11.364532470703125,11.43390685463071,11.21293681252542,11.266894339973017,7485000
2003-08-27,11.295166969299316,11.364541407782985,11.241209399419464,11.364541407782985,6206400
2003-08-28,11.261761665344238,11.295163399863567,11.19752620336118,11.233497905246836,7210000
2003-08-29,11.182108879089355,11.26433018862892,11.156414107261163,11.228358488224776,7710800
2003-09-02,11.248913764953613,11.266899615858275,11.069055255906996,11.158984510430304,12356200
2003-09-03,11.230926513671875,11.328564677948002,11.179537954571009,11.248912362333893,13377400
2003-09-04,11.433908462524414,11.457033260418868,11.2566189987703,11.282312783028564,11328200
2003-09-05,11.343976974487305,11.510988499159437,11.297727387924597,11.433906181606542,7674400
2003-09-08,11.374812126159668,11.426200675515915,11.331131516152588,11.408214830264486,6593400
2003-09-09,11.395369529724121,11.510993546833053,11.308009270147961,11.31057923728109,8581200
2003-09-10,11.549532890319824,11.626615226175051,11.42876994338175,11.43647788292075,11486800
2003-09-11,11.484983444213867,11.66572753720026,11.464327511145285,11.65798168542155,11522200
2003-09-12,11.358465194702148,11.415269759005348,11.281002723875202,11.39203121475251,10193200
2003-09-15,11.231942176818848,11.358463338177083,11.224196324992693,11.358463338177083,10719000
2003-09-16,11.082178115844727,11.136402012227107,10.981478141810666,11.120909329692758,18932800
2003-09-17,11.105422019958496,11.193211960174523,11.030543147255306,11.082183477402014,9438000
2003-09-18,11.257761001586914,11.358461988239082,11.185463766532392,11.206120682248516,10341800
2003-09-19,11.149314880371094,11.262924959144561,11.13124057204295,11.257760730339958,11161200
2003-09-22,11.16480827331543,11.255179820675034,11.025377041695473,11.149315585921213,10950600
2003-09-23,11.211288452148438,11.268094008323969,11.138991187907834,11.22936375318494,10899600
2003-09-24,11.100250244140625,11.257754706004327,11.048608968705201,11.244844633389322,11325200
2003-09-25,11.115747451782227,11.206119974871642,11.074434607933773,11.097673144159522,9619200
2003-09-26,11.11058521270752,11.175136604340683,11.069272361461339,11.102839360903882,9366000
2003-09-29,11.120916366577148,11.231944865888636,11.066693420860277,11.105423674239626,9579600
2003-09-30,11.092508316040039,11.203536762564983,10.999554176160935,11.08992669436599,10289200
2003-10-01,11.332640647888184,11.332640647888184,11.102837881882579,11.102837881882579,12962800
2003-10-02,11.425593376159668,11.44883191056106,11.283580548140417,11.348131923146969,8843800
2003-10-03,11.371374130249023,11.73286135605255,11.317151194124914,11.652818255576808,9913200
2003-10-06,11.466909408569336,11.500476408709316,11.38428370436022,11.41268647486512,6665600
2003-10-07,11.531458854675293,11.557279013515362,11.402356090523094,11.428176249363165,9547800
2003-10-08,11.423017501831055,11.490150532225266,11.353301863550733,11.464330363222027,6935800
2003-10-09,11.342973709106445,11.490150843358093,11.299078238640753,11.487569220378388,10227000
2003-10-10,11.31715202331543,11.384285046534089,11.286166641851858,11.306823562827573,6999600
2003-10-13,11.397193908691406,11.425596679502165,11.31456820359253,11.373955367571343,6840400
2003-10-14,11.503059387207031,11.552119082036214,11.322315268574494,11.361046502915826,8420400
2003-10-15,11.645071029663086,11.753517883268275,11.619250866173141,11.657982096384158,17331800
2003-10-16,11.619251251220703,11.62183287366481,11.490148459540473,11.492730081984579,13005400
2003-10-17,11.632159233093262,11.686382159414206,11.54436931120299,11.66830785064056,11085000
2003-10-20,11.776753425598145,11.787081882354551,11.608919450722006,11.670889206284597,8543600
2003-10-21,11.82322883605957,11.869705899962229,11.774169165842478,11.846467368010899,9734600
2003-10-22,11.701879501342773,11.830982321070717,11.657985015423918,11.719953817306578,8019800
2003-10-23,11.753515243530273,11.771589550909122,11.621829878369091,11.676053785481514,7373400
2003-10-24,11.72253131866455,11.72253131866455,11.577935868967106,11.632158793237679,7056400
2003-10-27,11.668309211730957,11.75868175111697,11.647653278569857,11.722533129352993,5982200
2003-10-28,11.717365264892578,11.787080864514456,11.557277153919776,11.787080864514456,9601000
2003-10-29,11.838726043701172,11.936844444823242,11.717370084788891,11.717370084788891,12100000
2003-10-30,11.87745475769043,11.913603375443769,11.758680446507755,11.838723532968446,8750000
2003-10-31,11.98073673248291,11.980736732482912,11.812902747543838,11.880035750533922,11217600
2003-11-03,12.053035736083984,12.081438505554647,11.929097184283311,11.980738493777604,9327800
2003-11-04,12.109842300415039,12.135662464860458,12.00655967268109,12.00655967268109,8834800
2003-11-05,12.130495071411133,12.133077678167826,12.014302391756873,12.076272149231103,7830200
2003-11-06,12.140832901000977,12.145997133525185,12.058207150566925,12.109848490832368,6969200
2003-11-07,12.040125846862793,12.138243252992192,11.9807386847394,12.071110239062811,7444000
2003-11-10,12.037540435791016,12.0840175057535,11.99364597247969,11.99364597247969,4864800
2003-11-11,12.011727333068848,12.094353064863144,11.970414467171699,12.040130113056215,5364600
2003-11-12,12.156320571899414,12.179558131184592,11.952337903935502,11.970412217808128,6520200
2003-11-13,12.117584228515625,12.145986991193132,12.022048469035138,12.04528700350075,6847000
2003-11-14,12.055617332458496,12.133079789021796,12.003977008051033,12.076274250202323,7043000
2003-11-17,12.053035736083984,12.086602735001682,11.947171494859905,11.996230197142655,6101200
2003-11-18,12.00655746459961,12.078854699731775,11.957498767185061,12.011721693534186,8956000
2003-11-19,12.099512100219727,12.109840558502675,12.006557945625179,12.032378106356557,8055200
2003-11-20,11.99365234375,12.115008326473603,11.908444008562443,12.07111383984464,7387000
2003-11-21,11.985893249511719,12.011714378459663,11.929088735776952,11.972983177525425,6645800
2003-11-24,11.985893249511719,12.104668472721553,11.936834581973658,11.978147403315013,7904400
2003-11-25,12.024633407592773,12.078856341311075,11.926515014452924,11.954917784965204,6966800
2003-11-26,12.112837791442871,12.12840401383128,11.980528364920294,12.01944342606576,6502000
2003-11-28,12.063543319702148,12.115429725459,11.990902945433083,11.998685559918805,3406000
2003-12-01,12.198458671569824,12.20624129313273,12.035016691186355,12.102469376904132,8321200
2003-12-02,12.195850372314453,12.21141658794768,12.073918480298243,12.169907669243095,9536000
2003-12-03,12.297036170959473,12.372270447828301,12.193263321300673,12.193263321300673,10977400
2003-12-04,12.234771728515625,12.294440768083678,12.169913947726283,12.258120569185836,8888200
2003-12-05,12.164725303649902,12.193262885769299,12.063547323154733,12.154347821124448,8945000
2003-12-08,12.387834548950195,12.43712609978158,12.092083264659744,12.128403458919824,14496200
2003-12-09,12.390424728393555,12.450094732194176,12.312595622530745,12.312595622530745,10372600
2003-12-10,12.50197982788086,12.556461091297285,12.364481711333942,12.364481711333942,10398600
2003-12-11,12.553871154785156,12.613540190852804,12.421561725183176,12.489013377800607,10501000
2003-12-12,12.80811595916748,12.849624904750623,12.517553340085485,12.582411129412352,13889800
2003-12-15,12.917075157165527,12.935235255627006,12.854811255546785,12.922263898104685,16332800
2003-12-16,13.147970199584961,13.205045366835535,12.919670520233925,12.963774328468801,17192800
2003-12-17,13.015656471252441,13.160938228561676,12.950798702933302,13.114240556199814,11163200
2003-12-18,12.955986022949219,13.020843784158789,12.81848788587322,12.963769627256978,14947200
2003-12-19,12.997501373291016,13.023445084385544,12.909294734872395,12.97934127035054,14125000
2003-12-22,13.013066291809082,13.015660167832094,12.906699561142503,12.984528707299537,9522400
2003-12-23,13.015656471252441,13.062354143614302,12.948204827646979,13.010468720679794,7370200
2003-12-24,12.94561767578125,13.002691868581396,12.927457570392361,12.974154277355563,3341400
2003-12-26,12.961177825927734,12.992310271215006,12.937828986787848,12.958583950312693,2147400
2003-12-29,13.013066291809082,13.013066291809084,12.91188830283981,12.943019763372366,7101400
2003-12-30,13.106456756591797,13.186880738316017,12.961175012407988,12.971552491917743,7118600
2003-12-31,13.166129112243652,13.181695335448802,13.07532861767485,13.106460074433988,6974600
2004-01-02,13.062357902526855,13.228394668510562,12.974151272643848,13.179102117026613,7210200
2004-01-05,13.07791805267334,13.124615716781069,12.987117588936554,13.062351834753821,9740200
2004-01-06,13.02344036102295,13.067543169411287,13.002685399674771,13.028629101359995,8223200
2004-01-07,12.940420150756836,13.033815480602888,12.898911225230906,13.023438001808694,10242800
2004-01-08,13.002689361572266,13.013066845408357,12.883351266411205,12.922266335970882,9070800
2004-01-09,12.865192413330078,13.18169877349439,12.862598536944935,13.002690623725396,13127800
2004-01-12,12.974148750305176,12.98712109690083,12.82886796908438,12.841839326028936,9204400
2004-01-13,12.896321296691895,13.023442986448675,12.865189838044792,12.909292655323918,8906000
2004-01-14,12.919666290283203,12.932637645052028,12.867779881556979,12.898912320583273,7565200
2004-01-15,12.901509284973145,12.91707550821366,12.758822369047513,12.815897531278234,9990200
2004-01-16,12.940420150756836,12.979334211758792,12.865184913975199,12.90150510010403,8282800
2004-01-20,12.95339298248291,12.987119297586988,12.880752601936548,12.893723957083974,8777000
2004-01-21,12.91447925567627,12.96896053634054,12.883347802190304,12.924856736721946,7990200
2004-01-22,12.797734260559082,12.893723472624568,12.719904153296929,12.849619679199288,11138600
2004-01-23,12.98193645477295,13.010474042851351,12.802928307608935,12.815900658300144,11214600
2004-01-26,13.020846366882324,13.075327649239567,12.927452003522248,12.945612101090965,8437000
2004-01-27,12.968960762023926,13.122025146332527,12.96636589689182,12.981932118731214,8519400
2004-01-28,12.813300132751465,13.046788486943218,12.748442366548309,12.919666829738603,10017800
2004-01-29,12.865192413330078,13.010474232183672,12.738070698126755,12.776985771463865,8916600
2004-01-30,12.77438735961914,12.815896294603927,12.621322976303166,12.738066175562764,12398200
2004-02-02,12.870381355285645,12.963776741021508,12.691373202741428,12.712128172750036,8595600
2004-02-03,12.927449226379395,12.971552028242996,12.795138841486821,12.831459028821762,7749600
2004-02-04,12.90670108795166,12.966370140052362,12.813305705654418,12.823683190276645,9109400
2004-02-05,13.070134162902832,13.12202056125299,12.862589559152939,12.867777308302292,10215800
2004-02-06,13.228391647338867,13.23098552277922,13.031223465735993,13.03641220626776,10103000
2004-02-09,13.594185829162598,13.692768904107433,13.256924711806594,13.256924711806594,11581000
2004-02-10,13.534523010253906,13.594193047365511,13.467071344757908,13.581220697770878,10408000
2004-02-11,13.43852710723877,13.47484729296266,13.259520053463525,13.38664070349714,11974200
2004-02-12,13.371077537536621,13.412586469002255,13.306219770268381,13.314002385652254,6958200
2004-02-13,13.267302513122559,13.485224614578597,13.243953681193313,13.485224614578597,8566200
2004-02-17,13.267302513122559,13.329566394817496,13.20503962107845,13.308811437702243,7491600
2004-02-18,13.293256759643555,13.321793363848725,13.207643978073214,13.267313042659387,7385200
2004-02-19,13.230985641479492,13.329569733165366,13.192070581967652,13.269900700991332,9698800
2004-02-20,13.215415954589844,13.223199558241951,13.013060073349678,13.08829530753157,14664600
2004-02-23,13.059762954711914,13.256930175512812,13.036414113728144,13.114243253790308,11319600
2004-02-24,12.91447925567627,13.088298599412626,12.852216348704339,13.028629567876582,14578400
2004-02-25,12.880752563476562,12.981930518835739,12.859997603581881,12.867780218716907,10332400
2004-02-26,12.927449226379395,12.95858067414493,12.834053893431904,12.878156695295507,9824000
2004-02-27,12.961177825927734,13.059761923368496,12.613540104095593,12.743255657172494,14180400
2004-03-01,12.872969627380371,12.927450905108476,12.789951762791178,12.901507203892471,15142800
2004-03-02,12.78476333618164,12.896318780019595,12.717311690667337,12.815895778404581,12598600
2004-03-03,12.748442649841309,12.792546446458026,12.712122458304599,12.712122458304599,11588800
2004-03-04,12.668027877807617,12.725102077435338,12.595386457910713,12.686187985368933,8508000
2004-03-05,12.997501373291016,13.036416445107115,12.603166861168061,12.647269685551679,22941800
2004-03-08,12.935234069824219,13.023440678401501,12.909290367506753,12.966365522954128,12211400
2004-03-09,13.018255233764648,13.127215842130365,12.872973432959053,12.906699759684715,12788400
2004-03-10,12.94561767578125,13.09349338517736,12.89891997916653,13.018258097336808,11676000
2004-03-11,12.562328338623047,12.937789846329622,12.541468868655544,12.919538307425194,18371000
2004-03-12,12.632725715637207,12.632725715637207,12.431957822331329,12.604044445931493,15979600
2004-03-15,12.439781188964844,12.713555261659474,12.40588604290075,12.684874982982377,16688400
2004-03-16,12.557114601135254,12.632728694620486,12.476285639688864,12.51539665208036,11500800
2004-03-17,12.744842529296875,12.778737670210319,12.567541043618464,12.614473848335342,9687000
2004-03-18,12.786558151245117,12.906497077291645,12.742232290537709,12.742232290537709,9101600
2004-03-19,12.718774795532227,12.833499930869985,12.677056835764303,12.789174039134592,12974200
2004-03-22,12.580575942993164,12.718766407089287,12.50235494434694,12.606649277663916,11216800
2004-03-23,12.54928970336914,12.643155314265302,12.533645103341742,12.593614578162263,8855600
2004-03-24,12.643155097961426,12.671835372236474,12.554504355257736,12.593614362705948,10076200
2004-03-25,12.71354866027832,12.716156589934805,12.549284898734387,12.68486839649316,8376600
2004-03-26,12.718774795532227,12.81785532296903,12.60665759216194,12.671841966463985,8349200
2004-03-29,12.8804292678833,12.989938509596717,12.82306671576617,12.875214399996803,9608200
2004-03-30,13.096842765808105,13.130738914802906,12.896074798122752,12.919541209790767,14505400
2004-03-31,13.11508846282959,13.162021265245565,12.992542585084811,13.052512056030992,10403200
2004-04-01,13.188102722167969,13.208961204158841,13.096844003883454,13.162028376386141,8979400
2004-04-02,13.279356002807617,13.31325214366572,13.201134980902522,13.310644212642805,9452800
2004-04-05,13.188102722167969,13.258500969192431,13.164636308281619,13.232427618045191,9491000
2004-04-06,13.263702392578125,13.328886699001732,13.073364337177223,13.089008928786978,9925800
2004-04-07,13.318466186523438,13.362791064826252,13.188097493208058,13.219385701106175,11291200
2004-04-08,13.360193252563477,13.446236131702385,13.297615799397557,13.381051740528868,8024800
2004-04-12,13.25849437713623,13.354967916610955,13.237635905516084,13.310642048137739,9983600
2004-04-13,13.268925666809082,13.295000002685603,13.18027491409734,13.261103863363234,12863000
2004-04-14,13.347145080566406,13.427974020114982,13.221991267307834,13.245457669458446,8876400
2004-04-15,13.349756240844727,13.48012495219158,13.302823425189112,13.41233266529599,8750000
2004-04-16,13.54008674621582,13.571374940662665,13.365392255067261,13.414932973794679,10517000
2004-04-19,13.819085121154785,13.949453848712848,13.636568703646603,13.636568703646603,17597800
2004-04-20,13.631353378295898,13.839944131104874,13.613101836620276,13.832121331362162,9239600
2004-04-21,13.592240333557129,13.740860565349982,13.427975500394531,13.454048841376567,14946400
2004-04-22,13.417546272277832,13.454049348883315,13.21938628729054,13.21938628729054,18415600
2004-04-23,13.310644149780273,13.388865171315953,13.232423128244594,13.362791829015476,13696000
2004-04-26,13.216775894165039,13.34453763311778,13.172451022154,13.310641499169655,11161600
2004-04-27,13.221996307373047,13.242855781517902,13.169848616645382,13.232426044445473,11534200
2004-04-28,13.091625213623047,13.242853389959166,13.075981605473993,13.219386983101295,9501200
2004-04-29,13.156808853149414,13.203741664320136,12.979507343089855,13.073372965431297,10371400
2004-04-30,13.1854887008667,13.357575325014272,13.102052822166915,13.15680743106975,10971200
2004-05-03,13.198521614074707,13.284565398977199,13.10987089385722,13.20634440928738,8053800
2004-05-04,13.107269287109375,13.180275441214935,13.010796727093563,13.172453637456268,10786000
2004-05-05,13.321072578430176,13.354968715804699,13.12812648256846,13.245458500684762,11156200
2004-05-06,13.315857887268066,13.409723502999741,13.23242200542528,13.23242200542528,9009600
2004-05-07,13.229812622070312,13.448832020052802,13.208953158151035,13.271530555274882,10231800
2004-05-10,13.018616676330566,13.193310232950436,12.974290807199155,13.167236894379567,13490400
2004-05-11,13.049904823303223,13.062941492530477,12.854351800992083,12.880426134080698,10300800
2004-05-12,13.016011238098145,13.036870708656458,12.84653251566619,13.036870708656458,8902400
2004-05-13,12.935188293457031,13.008194479459526,12.841322628805433,12.950831907809174,7085000
2004-05-14,13.03687572479248,13.047305464084637,12.85175232821275,12.870003874656685,8548800
2004-05-17,12.987332344055176,13.068160314508948,12.90911031574785,12.940399524924542,7597800
2004-05-18,13.062949180603027,13.162029715384447,12.914328875748247,12.958654770769417,9899400
2004-05-19,12.8699951171875,13.078584787921088,12.856958449260526,13.044688655603753,9078400
2004-05-20,12.940393447875977,13.023829310561982,12.820453524960143,12.823061455150674,7053400
2004-05-21,12.875205993652344,13.107261992601025,12.85434653572569,13.107261992601025,9992000
2004-05-24,12.992542266845703,13.013400737056312,12.880425129890853,12.932571802734387,9990000
2004-05-25,13.138555526733398,13.172451662328857,12.914321236021145,12.958647104820455,11520800
2004-05-26,13.094232559204102,13.221993328334994,13.026440278142026,13.14637924354816,7401600
2004-05-27,13.381044387817383,13.404510795530754,13.253283608315721,13.27153514824453,11214800
2004-05-28,13.388869285583496,13.427980305686892,13.347151328302667,13.39669208638491,7948400
2004-06-01,13.315857887268066,13.441011710032244,13.224600202325696,13.349754025089874,6464000
2004-06-02,13.542701721191406,13.56095326167357,13.425370673701611,13.454050955434752,11810600
2004-06-03,13.498371124267578,13.60266545508939,13.480119591507913,13.545303921259272,8386800
2004-06-04,13.62874698638916,13.686109545168597,13.50620006340926,13.563562622188696,7293600
2004-06-07,13.743465423583984,13.753895156253506,13.587023412077377,13.628741348121409,7378000
2004-06-08,13.717397689819336,13.72782742674919,13.62874691518449,13.662643062889288,8212000
2004-06-09,13.495772361755371,13.558349798464436,13.407121573287718,13.532276446705849,13833400
2004-06-10,13.461873054504395,13.558345619840267,13.35757769034421,13.558345619840267,9386000
2004-06-14,13.461871147155762,13.49069197261075,13.362308568167741,13.422569839812821,7353400
2004-06-15,13.422566413879395,13.585009843786056,13.349205058335775,13.585009843786056,9286200
2004-06-16,13.412091255187988,13.422571738558503,13.296808936534063,13.385891046235612,7924400
2004-06-17,13.385884284973145,13.419945338985988,13.351823230960303,13.4120844806917,6106800
2004-06-18,13.464493751525879,13.485454719946585,13.281089275740653,13.323010213108077,10107400
2004-06-21,13.406847953796387,13.540471587590122,13.401608712780734,13.440909017240196,5516800
2004-06-22,13.367547988891602,13.435669118035916,13.309906341518463,13.35706750764672,7195000
2004-06-23,13.440914154052734,13.461875124020864,13.283710877188001,13.378033243096466,6094000
2004-06-24,13.372788429260254,13.464490142838425,13.349207845843907,13.401609253377313,6205600
2004-06-25,13.126503944396973,13.451391916835956,13.126503944396973,13.393750260562783,10580800
2004-06-28,13.202486038208008,13.299428006684474,13.16842496840184,13.192005555271669,7731600
2004-06-29,13.241780281066895,13.323001481783265,13.205099609843588,13.205099609843588,6743400
2004-06-30,13.226066589355469,13.267987521513732,13.163185690855004,13.218206726911376,8854000
2004-07-01,13.194631576538086,13.33087491205569,13.152710627107615,13.233931904424876,9761200
2004-07-02,13.239169120788574,13.398993016282859,13.220828772073563,13.257509469503587,6780200
2004-07-06,13.27322769165039,13.375409900770016,13.210345794013932,13.220826276865651,5764600
2004-07-07,13.210347175598145,13.28370956375882,13.147466270859235,13.233927764743726,6745000
2004-07-08,13.247023582458496,13.396366920952142,13.207722283076563,13.239162722897973,8869200
2004-07-09,13.367547988891602,13.367547988891602,13.192003426197818,13.249645073570957,6813400
2004-07-12,13.317771911621094,13.464494703038735,13.23916927396272,13.367552715927214,6718600
2004-07-13,13.27322769165039,13.309908382157554,13.20248593161207,13.210345794013932,5210600
2004-07-14,13.40422248840332,13.45400325213464,13.231298625553238,13.233918244918785,8310000
2004-07-15,13.320387840270996,13.456631108440575,13.302047496428338,13.454010488192322,8425000
2004-07-16,13.252262115478516,13.427805631301453,13.181520385386554,13.427805631301453,7449600
2004-07-19,13.18937873840332,13.281080415380949,13.113396777779961,13.270600937635876,9049600
2004-07-20,13.121257781982422,13.18675926611898,13.053135678775337,13.12387740157962,8366800
2004-07-21,12.890698432922363,13.189385183284024,12.890698432922363,13.08720297915754,9999800
2004-07-22,12.83044147491455,12.89856263409062,12.720398372277343,12.85140144717098,8141800
2004-07-23,11.83481216430664,12.277603004732518,11.557086405858296,12.277603004732518,50347800
2004-07-26,11.606868743896484,11.913416366653037,11.559707571164708,11.881974918515956,21925000
2004-07-27,11.462764739990234,11.67499000127261,11.384163124525054,11.619967970920593,27922000
2004-07-28,11.444429397583008,11.570192237180445,11.407748694301365,11.46276974922383,25208600
2004-07-29,11.281983375549316,11.44442688273232,11.213861227732133,11.44442688273232,26268800
2004-07-30,11.491582870483398,11.523023309401173,11.281978278575686,11.284597898704861,17788200
2004-08-02,11.583284378051758,11.685466552471912,11.441800906020688,11.473242343898827,15973400
2004-08-03,11.557090759277344,11.62521191451745,11.502069710874862,11.604251943472066,12271600
2004-08-04,11.580668449401855,11.664510311521827,11.481105863331699,11.491586345965155,10292400
2004-08-05,11.48896598815918,11.654030095250347,11.46276578045055,11.580668714087098,15254600
2004-08-06,11.39726734161377,11.499449578553756,11.326525562315133,11.4601492563706,17143200
2004-08-09,11.323902130126953,11.439184435668771,11.305561786051523,11.397263506428674,9179800
2004-08-10,11.386784553527832,11.389405174161304,11.281982716089303,11.33176351391206,10483200
2004-08-11,11.646169662475586,11.690710213293709,11.331762188000464,11.386783221178312,13898400
2004-08-12,11.486347198486328,11.695951873746786,11.475866714854822,11.643550455063188,11305000
2004-08-13,11.625208854675293,11.6330697162881,11.45228489130089,11.486345959692859,8895200
2004-08-16,11.664510726928711,11.698571796963536,11.562328516298106,11.659270485425363,9069400
2004-08-17,11.614733695983887,11.743116156263806,11.591153101313711,11.66451450718795,8221200
2004-08-18,11.677607536315918,11.688088016365729,11.56756549421368,11.633066995314609,8944000
2004-08-19,11.533507347106934,11.672370244685576,11.436565380843005,11.619968830673724,10514000
2004-08-20,11.583284378051758,11.583284378051756,11.412981087176004,11.502063162217027,9611600
2004-08-23,11.617349624633789,11.716912214864664,11.528267517474351,11.591149416429081,8768200
2004-08-24,11.533507347106934,11.659270141051072,11.525647484821,11.659270141051072,9699600
2004-08-25,11.617349624633789,11.646170453343297,11.452285514417268,11.523027275938635,9734400
2004-08-26,11.64879322052002,11.698575028817636,11.575431818154035,11.617352762288048,5642400
2004-08-27,11.716913223266602,11.76145378094271,11.659271560886728,11.672371666116527,5444200
2004-08-30,11.619967460632324,11.703809313376455,11.617347840003825,11.65926876637589,5287800
2004-08-31,11.714296340942383,11.716916962509044,11.533512432339721,11.627834819253904,7030200
2004-09-01,11.695952415466309,11.753594078635437,11.60687029942037,11.737873352460044,7076200
2004-09-02,11.8924560546875,11.913417021263971,11.672370903004055,11.695951490665635,10707400
2004-09-03,11.918657302856445,12.020839516574481,11.897696336209721,11.905556198965293,9841800
2004-09-07,11.960577964782715,11.99987827714108,11.8295749246404,11.973678068902169,8490200
2004-09-08,11.384164810180664,11.881975781486952,11.371064705575694,11.881975781486952,23239400
2004-09-09,11.399883270263672,11.431324717193563,11.271500860124926,11.344862237347066,18173800
2004-09-10,11.255778312683105,11.316039576989473,11.179796327459306,11.279358894322437,20256000
2004-09-13,11.279500961303711,11.324303241025707,11.200439238333287,11.279500961303711,18311200
2004-09-14,11.297945022583008,11.382277633953295,11.213612411212717,11.213612411212717,18448400
2004-09-15,10.847295761108398,10.868379423064122,10.641735083661782,10.757692208445249,61406200
2004-09-16,10.552128791809082,10.897365121458519,10.528410180928093,10.860469727937884,43299200
2004-09-17,10.620651245117188,10.69444305541095,10.528412738905384,10.528412738905384,24090600
2004-09-20,10.657548904418945,10.670726698374832,10.57058129519238,10.64700807670858,14747000
2004-09-21,10.733970642089844,10.802491519294481,10.639096200005921,10.712887991251227,15514000
2004-09-22,10.652275085449219,10.791951821792193,10.647005175692208,10.744514591385032,20142000
2004-09-23,10.546863555908203,10.712893921462555,10.546863555908203,10.654914840244455,15195200
2004-09-24,10.538952827453613,10.56794134938198,10.470431943888721,10.544222736659387,14931800
2004-09-27,10.444085121154785,10.538959633313315,10.338668773128688,10.338668773128688,17705800
2004-09-28,10.538952827453613,10.55740052564628,10.462526074755907,10.488879642081388,13817200
2004-09-29,10.544229507446289,10.567948135399371,10.446720039339082,10.488886377330696,13398800
2004-09-30,10.554764747619629,10.6443682855243,10.517869350598442,10.583754275371755,12534000
2004-10-01,10.623282432556152,10.7445104163465,10.615375560344527,10.668083685351942,15593800
2004-10-04,10.739240646362305,10.778771995656419,10.633824385127319,10.633824385127319,13469800
2004-10-05,10.71025562286377,10.842025502092556,10.69707883600577,10.739245157146007,15395400
2004-10-06,10.778776168823242,10.778776168823242,10.65754711987015,10.697078484469431,12522200
2004-10-07,10.573211669921875,10.794585041121545,10.570576715467018,10.791950086666686,8238000
2004-10-08,10.541589736938477,10.618016503809121,10.517871119817391,10.557402483460647,13898800
2004-10-11,10.544229507446289,10.583760889143026,10.49152233895037,10.573219053313922,7699200
2004-10-12,10.483613014221191,10.502060719956985,10.428269897013811,10.451988519434769,11810200
2004-10-13,10.380828857421875,10.51259871040834,10.343933459437537,10.483609181899446,12224000
2004-10-14,10.31757926940918,10.480973595778277,10.31757926940918,10.409817758813315,10283600
2004-10-15,10.330756187438965,10.407182939840446,10.293860791196636,10.407182939840446,14591400
2004-10-18,10.341297149658203,10.36237980060491,10.280682140541767,10.304400751184353,10428200
2004-10-19,10.378194808959961,10.475704227193987,10.330757577316536,10.475704227193987,15291600
2004-10-20,10.396646499633789,10.409823290075279,10.346573288501588,10.351844205743118,11038000
2004-10-21,10.404550552368164,10.415092385006739,10.317582946411159,10.357113310819074,11923600
2004-10-22,10.25169563293457,10.607473857066731,10.212164272331325,10.541588926277496,22106400
2004-10-25,10.185812950134277,10.285957343202115,10.122562960274788,10.283322387731692,14432800
2004-10-26,10.357110977172852,10.409819123165123,10.09357125253576,10.212164329687305,16715800
2004-10-27,10.654911041259766,10.654911041259766,10.259601458245896,10.312309603712597,17942400
2004-10-28,10.670731544494629,10.739251479690765,10.538961587688608,10.628565198529701,12326400
2004-10-29,10.715522766113281,10.778772728217747,10.67335645981832,10.778772728217747,16822600
2004-11-01,10.681264877319336,10.747149809462337,10.623286820654009,10.726067153945204,11649200
2004-11-02,10.712895393371582,10.871018902551521,10.541594087322688,10.541594087322688,12005400
2004-11-03,10.765597343444824,10.82621236476377,10.699712412321357,10.747149643156195,13773800
2004-11-04,10.900005340576172,10.931629832334037,10.784047195256552,10.802495904550145,17884000
2004-11-05,10.910542488098145,11.000146014041283,10.844657572120074,10.98169731266931,12283600
2004-11-08,10.878918647766113,10.963251272529867,10.85256507952401,10.950074488408816,10122200
2004-11-09,10.868376731872559,10.952709348164614,10.860469857934868,10.923719822815954,10215800
2004-11-10,10.849925994873047,10.934259600674048,10.807759694634496,10.931623641414447,10052000
2004-11-11,10.794587135314941,10.831482536785394,10.372923968046504,10.586390506646772,37510800
2004-11-12,10.749788284301758,10.755059200745075,10.56794518564311,10.728704618528486,23008600
2004-11-15,10.694439888000488,10.755053889176597,10.652272577279,10.726064365717583,13567400
2004-11-16,10.607477188110352,10.805132042547191,10.581123609648603,10.697080762334702,14366400
2004-11-17,10.615382194519043,10.749788047552242,10.517872755776475,10.620653110846275,14161200
2004-11-18,10.615382194519043,10.67072631329274,10.557404125568473,10.668090352466876,12628600
2004-11-19,10.470438957214355,10.639104313851085,10.465168039153854,10.594303018324064,18230600
2004-11-22,10.50732707977295,10.515233954033885,10.404546762297926,10.515233954033885,14761600
2004-11-23,10.465161323547363,10.502056720969872,10.38082869934615,10.488879936936716,15814800
2004-11-24,10.488884925842285,10.49679180428233,10.436176759315508,10.488884925842285,11893600
2004-11-26,10.504698753356934,10.525781418932272,10.45726149915647,10.462532416881494,6474800
2004-11-29,10.531214714050293,10.608123854798265,10.435741437489984,10.608123854798265,13666800
2004-11-30,10.425132751464844,10.531213369467164,10.398611838212217,10.48347673728183,16382800
2004-12-01,10.547125816345215,10.547125816345215,10.422480054425844,10.462260918088864,20019800
2004-12-02,10.719503402709961,10.740720125596223,10.528557955078744,10.547122081769711,25100400
2004-12-03,10.796419143676758,10.939629076202303,10.740726729362262,10.743378315518815,20564000
2004-12-06,10.711551666259766,10.825589065492267,10.674423398913259,10.812329114535574,11860600
2004-12-07,10.650552749633789,10.74072181272591,10.642596983136281,10.71154932000946,11603200
2004-12-08,10.711551666259766,10.738072579842562,10.653206668047021,10.70359589801963,12023200
2004-12-09,10.8229398727417,10.852111366627996,10.626689115518845,10.645253253296323,15715600
2004-12-10,10.748682975769043,10.804376404220932,10.674426420059454,10.674426420059454,10780000
2004-12-13,10.836194038391113,10.849453985196456,10.671768472332836,10.767240696332772,13432400
2004-12-14,10.952887535095215,10.982060037183093,10.817634402842662,10.836198538413218,14325800
2004-12-15,10.99797534942627,11.021843674250722,10.875981127173636,10.992671164835304,12765800
2004-12-16,10.90780258178711,11.029795751515477,10.860065948124804,11.00327584911172,13292600
2004-12-17,10.860068321228027,10.950237425441431,10.860068321228027,10.870676689175404,22433000
2004-12-20,10.860068321228027,10.929020689546677,10.820287447260188,10.926369103394658,11756400
2004-12-21,10.873321533203125,10.91575396701228,10.820280738024428,10.860061587325706,14368000
2004-12-22,11.027143478393555,11.082835876970647,10.87332522136803,10.875976806775306,14404000
2004-12-23,11.008578300476074,11.085487428755572,10.95819008453573,11.005926715076841,8831800
2004-12-27,11.045710563659668,11.1040545632388,10.992669736312576,10.995321322428595,8800600
2004-12-28,11.098747253417969,11.1067040328643,11.011230772863133,11.072227353048467,10439400
2004-12-29,11.021842002868652,11.069578645278646,10.952888625312168,11.066926047550528,10343200
2004-12-30,11.045710563659668,11.114662931042146,10.95819304678652,11.00592969023194,9978600
2004-12-31,11.043057441711426,11.109358219830893,11.016537535131473,11.05366580901124,9805800
2005-01-03,11.016541481018066,11.130578941162867,10.982064780779652,11.112014797573709,14072000
2005-01-04,10.862717628479004,11.045708396337654,10.846806091565687,11.016535896437322,16860200
2005-01-05,10.81233024597168,10.926367657137414,10.804374476899028,10.873326836090872,13271000
2005-01-06,10.902499198913574,10.913107565321209,10.753985104215204,10.79111337497242,10038600
2005-01-07,10.91575813293457,10.995318850231893,10.833544818448004,10.891889816578432,9732800
2005-01-10,10.976755142211914,11.013883410945699,10.875977690170611,10.891890238914852,10577000
2005-01-11,10.91575813293457,10.958190582937771,10.875977268451205,10.942278034810542,10594000
2005-01-12,10.91575813293457,10.939626449290708,10.833544818448004,10.918409718454404,10857200
2005-01-13,10.804368019104004,10.923708530541736,10.769891354280103,10.915752766224264,9431200
2005-01-14,10.865370750427246,10.90249902057714,10.807025747809133,10.807025747809133,8296400
2005-01-18,10.93962574005127,10.942277325399195,10.76724335402515,10.799068448216316,10045800
2005-01-19,10.899846076965332,10.990015163752188,10.894542905686212,10.897194491325772,8542600
2005-01-20,10.960847854614258,11.016540279306666,10.785812785575539,10.878634505066056,13351600
2005-01-21,10.849457740783691,10.979407692464633,10.822937837993022,10.936975240997898,13431600
2005-01-24,10.862717628479004,10.921062628279667,10.80702522594352,10.860066042883265,13641800
2005-01-25,10.936969757080078,10.987357951784928,10.894537326889433,10.913101451868531,9709400
2005-01-26,11.053668975830078,11.104057217435793,10.913111609682119,10.913111609682119,15601000
2005-01-27,11.07487678527832,11.138525950127764,11.013880216951728,11.053661071441276,11226400
2005-01-28,11.003275871276855,11.040404139384677,10.929018323391778,11.013883225258068,13453000
2005-01-31,11.003275871276855,11.093444955968467,10.976754957150245,11.0775324074925,14094600
2005-02-01,10.984708786010742,11.005925513565845,10.907800677796624,11.005925513565845,10813000
2005-02-02,11.117311477661133,11.119964074721562,10.968798415696627,10.992666730893689,13188200
2005-02-03,11.069576263427734,11.117311883896795,11.032446984910514,11.112008712920874,9620200
2005-02-04,11.263174057006836,11.27378141032627,11.021839317693104,11.035099268094424,15542400
2005-02-07,11.268477439880371,11.294997338801133,11.207479851357883,11.294997338801133,8667000
2005-02-08,11.310907363891602,11.371903927148324,11.25521396990149,11.313558948524907,9454600
2005-02-09,11.340079307556152,11.432900960241476,11.244607081797668,11.353340266274849,14255400
2005-02-10,11.271127700805664,11.430249098972897,11.207478534537264,11.371905125868473,8683800
2005-02-11,11.340079307556152,11.424945194345545,11.226042953594426,11.226042953594426,10168000
2005-02-14,11.366602897644043,11.39577539504393,11.310910499882084,11.393122798006113,6977200
2005-02-15,11.310907363891602,11.387815458286296,11.194217406644768,11.387815458286296,11663400
2005-02-16,11.483292579650879,11.708715793227286,11.443512726668747,11.62650247839315,33930000
2005-02-17,11.403733253479004,11.496553933432532,11.353345028885595,11.493902347577945,14434800
2005-02-18,11.3931245803833,11.42229708234703,11.34008375969193,11.42229708234703,11256600
2005-02-22,11.348040580749512,11.443513855999702,11.260523074546997,11.350692166542233,17063600
2005-02-23,11.29234504699707,11.382513102353428,11.244608422591215,11.348037438247491,11546800
2005-02-24,11.31356143951416,11.355993884673197,11.247260680723837,11.305605672193495,9311000
2005-02-25,11.409032821655273,11.416988587670286,11.2366504724231,11.324167945264731,10707200
2005-02-28,11.350691795349121,11.440860884395624,11.321519294235623,11.366604344593615,13223200
2005-03-01,11.475337982177734,11.509814667615318,11.340083837898492,11.350692204443828,9999400
2005-03-02,11.41434097290039,11.50981424496351,11.366604336868832,11.4090367898225,9719200
2005-03-03,11.451470375061035,11.517771152586091,11.416993687480526,11.454121961027424,9450000
2005-03-04,11.573461532592773,11.607938214125095,11.470032499665209,11.52042071754368,13141400
2005-03-07,11.594682693481445,11.629158376517147,11.538989259981873,11.546946042864548,9485000
2005-03-08,11.51511287689209,11.615890292304698,11.49654874927254,11.554893728459168,11534600
2005-03-09,11.459427833557129,11.51777285011252,11.350694582857367,11.462080431584043,12479200
2005-03-10,11.422298431396484,11.507163349857983,11.395778523753377,11.47003507448978,9968600
2005-03-11,11.339542388916016,11.454325975082007,11.291493398507502,11.45165703929892,11803400
2005-03-14,11.30217170715332,11.41161640858597,11.238106044180691,11.371575241941931,11332000
2005-03-15,11.275479316711426,11.398270745607645,11.259462644916121,11.344882857912557,10415800
2005-03-16,11.195396423339844,11.344882297848553,11.16870298995471,11.278147696096504,14509600
2005-03-17,11.211419105529785,11.251460295365439,11.144684467996871,11.179386764635119,8479200
2005-03-18,11.067262649536133,11.240772967152017,11.051247001828687,11.214078523824783,31165400
2005-03-21,11.104637145996094,11.128661642972807,11.011209112358427,11.109976036245275,13221800
2005-03-22,11.051253318786621,11.176713710127345,11.019219968483501,11.115317982813911,13188600
2005-03-23,10.992522239685059,11.043240163777586,10.96048992016815,11.024554559201967,13798200
2005-03-24,10.997864723205566,11.059260446629672,10.920452325644534,11.059260446629672,10321600
2005-03-28,10.976510047912598,11.10197145977024,10.968502219339383,11.053922451751973,11567800
2005-03-29,11.048582077026367,11.06459875031257,10.968500747174073,10.997864139054096,10896000
2005-03-30,11.198064804077148,11.214080454541994,11.064595619328408,11.064595619328408,13239800
2005-03-31,11.12331771850586,11.187383354211848,11.080607634131445,11.187383354211848,9457400
2005-04-01,11.045912742614746,11.198067569338441,11.021888242695777,11.166035242209588,11705200
2005-04-04,11.069937705993652,11.104638970882181,11.011210921890973,11.104638970882181,9298200
2005-04-05,11.17404556274414,11.198070068023826,11.0779475416254,11.115318767996122,8743600
2005-04-06,11.133997917175293,11.232765836144802,11.104634536848627,11.20874134481289,8363000
2005-04-07,11.243444442749023,11.280815653562122,11.16336313125108,11.16336313125108,10670200
2005-04-08,11.238106727600098,11.318189065758197,11.224760010670158,11.27014007017903,7767400
2005-04-11,11.176709175109863,11.286153865180657,11.160693524746225,11.278146039998838,9955200
2005-04-12,11.299503326416016,11.320857869596644,11.128661889524894,11.15001745099474,14217000
2005-04-13,11.238106727600098,11.363568106977839,11.214082229810515,11.299503458398435,13992400
2005-04-14,11.230097770690918,11.33687353196097,11.216751055104444,11.264800045847055,13765800
2005-04-15,11.02188777923584,11.246116096287851,10.984516562775383,11.232769378736156,14048600
2005-04-18,10.936464309692383,11.032562276723631,10.875068612597747,10.97650445042942,15410600
2005-04-19,11.31818675994873,11.456993809688571,11.227427677710207,11.398268063502954,25291800
2005-04-20,11.179381370544434,11.358229624058653,11.112646765211199,11.35022179727123,16812400
2005-04-21,11.206074714660645,11.291494927332657,11.142010064301264,11.291494927332657,16392600
2005-04-22,11.246113777160645,11.36089735735572,11.182048120518878,11.198064789251587,13380200
2005-04-25,11.39293384552002,11.40628056520334,11.240779000893381,11.32619922881397,12265400
2005-04-26,11.467669486999512,11.561098505933384,11.37157153302814,11.392927086483484,17567600
2005-04-27,11.430299758911133,11.46500202860114,11.339540681614249,11.44898536144676,10492600
2005-04-28,11.395601272583008,11.456996989624844,11.376915663843723,11.379585618400366,10612000
2005-04-29,11.595805168151855,11.611821840723211,11.37157684359942,11.400940234168917,16370800
2005-05-02,11.630507469177246,11.643854187197878,11.542418315609622,11.609152924002096,10587800
2005-05-03,11.681227684020996,11.750632260532267,11.61716301770699,11.630509738331614,13355600
2005-05-04,11.726604461669922,11.809355735558029,11.662538795064739,11.739951178544977,11776000
2005-05-05,11.785335540771484,11.809360047233783,11.681228667241797,11.686567559598931,9011800
2005-05-06,11.796006202697754,11.886765289221483,11.771981708668266,11.80401504623363,11362800
2005-05-09,11.897440910339355,11.905448734133627,11.771979573355049,11.798674016484096,9263200
2005-05-10,11.806689262390137,11.85473827193888,11.75063242401311,11.777325865633733,8607000
2005-05-11,11.817360877990723,11.830707591834388,11.68923059217135,11.779989671912864,9109200
2005-05-12,11.79067325592041,11.94549807732168,11.678559572800525,11.79067325592041,7955200
2005-05-13,11.774654388427734,11.870752386792258,11.71058871675495,11.870752386792258,9995000
2005-05-16,11.81470012664795,11.841394593416434,11.766652123044251,11.8013534024086,5694200
2005-05-17,11.852066993713379,11.873421539133377,11.673217711660444,11.753299038991752,8947200
2005-05-18,11.990876197814941,11.996215089683142,11.838721343584456,11.862745847846613,12734800
2005-05-19,12.078963279724121,12.08163221582707,11.980196351287145,11.99621200448332,12546400
2005-05-20,12.025578498840332,12.065619678750467,11.945497157309564,12.065619678750467,12042800
2005-05-23,12.00422477722168,12.057611663063087,11.966853549816864,12.00422477722168,10954600
2005-05-24,12.017563819885254,12.0495961345805,11.94815928337514,11.95082923693495,7739800
2005-05-25,11.985536575317383,12.065617905076003,11.966850965650016,11.977527729538972,7436800
2005-05-26,11.982868194580078,12.025578310613946,11.969521474248772,11.996214914911382,6121200
2005-05-27,11.993544578552246,12.022907970828197,11.945495576335123,11.98286679621747,6379200
2005-05-31,11.913463592529297,11.958842641331819,11.844059023633275,11.950834813493586,12964600
2005-06-01,11.902786254882812,11.993545374170376,11.860076140999807,11.889439535223643,9291200
2005-06-02,11.95350456237793,11.97219017412996,11.825374216811372,11.868084332000226,11104000
2005-06-03,11.806689262390137,11.918803957433713,11.705252351310618,11.910795110315906,9711200
2005-06-06,11.737284660339355,11.790671538837152,11.691904591668905,11.747961425065254,8067200
2005-06-07,11.774654388427734,11.870752386792258,11.73728317090582,11.753298825107038,7902600
2005-06-08,11.718599319458008,11.804019548971743,11.681227078042474,11.779995045777914,8908600
2005-06-09,11.651864051818848,11.721267602570384,11.598476156777219,11.665210771006905,10212600
2005-06-10,11.731941223144531,11.734610158719535,11.627835424805708,11.67321445760405,9273400
2005-06-13,11.71044921875,11.807163347024456,11.678211517597862,11.713135266838494,8915400
2005-06-14,11.748062133789062,11.820597742916966,11.710451304941607,11.710451304941607,9641600
2005-06-15,11.723888397216797,11.780304663585012,11.659412957029879,11.780304663585012,9612200
2005-06-16,11.761492729187012,11.804476673784526,11.662092549458649,11.740001269297291,7681600
2005-06-17,11.834030151367188,11.874328053994814,11.758808492935069,11.860895761391683,14473400
2005-06-20,11.79642391204834,11.834034755898486,11.756125993741104,11.766872241932186,5860800
2005-06-21,11.734633445739746,11.80716907714777,11.70239572894236,11.766871162537134,7781000
2005-06-22,11.667469024658203,11.772242355682483,11.621797993934221,11.73463152145001,10469000
2005-06-23,11.570762634277344,11.686282288308213,11.551957204534556,11.645984353248492,9401400
2005-06-24,11.337030410766602,11.551950209704392,11.318224992410698,11.533144791348487,15487000
2005-06-27,11.371955871582031,11.409566710520442,11.304793366386725,11.350463378006653,9165200
2005-06-28,11.517020225524902,11.54925894943296,11.40956088695197,11.468663164480791,10173800
2005-06-29,11.471354484558105,11.522397612417945,11.449861993995,11.51433844086596,7701000
2005-06-30,11.216137886047363,11.452550181133578,11.194645393394774,11.43374476247179,20526600
2005-07-01,11.33971881866455,11.417627582241025,11.243004632820467,11.272556303474898,15284600
2005-07-05,11.39075756072998,11.45254692229625,11.337027369205957,11.406875900814473,11501200
2005-07-06,11.269865989685059,11.369266187607147,11.261805794035299,11.347774723783736,10375800
2005-07-07,11.218823432922363,11.296732178072132,11.119423220900691,11.159721130410823,12983600
2005-07-08,11.479413986206055,11.511651698159367,11.216137118147506,11.269867321281948,12800400
2005-07-11,11.490157127380371,11.554632533866998,11.428367769156475,11.471351715086929,10255400
2005-07-12,11.50358772277832,11.586869554101312,11.428366084691719,11.535825421270014,12893000
2005-07-13,11.533143043518066,11.543889288040988,11.455234307954308,11.45792138149418,7104800
2005-07-14,11.600308418273926,11.640606332843381,11.538519034134357,11.549265281328683,12267200
2005-07-15,11.573442459106445,11.592247877067665,11.479414344481928,11.557323090217507,9868200
2005-07-18,11.533143043518066,11.659408854616693,11.527769921256606,11.573440948069884,7096600
2005-07-19,11.640604972839355,11.664782488974057,11.530457489194152,11.61105330891683,10527000
2005-07-20,11.640604972839355,11.699707275865988,11.541203735132965,11.640604972839355,12966800
2005-07-21,11.807164192199707,11.973726855696286,11.694330692863362,11.90925144877676,26064600
2005-07-22,11.828662872314453,11.863587670188828,11.592251536229242,11.740008877487185,14347600
2005-07-25,11.726570129394531,11.871640316134373,11.67015286390985,11.842089683988712,10391800
2005-07-26,11.73731803894043,11.839405325088316,11.70508032614262,11.726572817886769,11479600
2005-07-27,11.823287963867188,11.871645053684116,11.73463398241521,11.793737319928919,11134200
2005-07-28,11.925375938415527,11.984479279255105,11.82060257952256,11.882391970028191,12293000
2005-07-29,11.756126403808594,11.933435405871627,11.756126403808594,11.898511635260386,9949400
2005-08-01,11.785672187805176,11.839402378976942,11.726569899852576,11.81791091739913,10047400
2005-08-02,11.89582347869873,11.914628899569271,11.774931780193421,11.780303879169082,8803400
2005-08-03,12.000597953796387,12.008658152651398,11.785678106005085,11.817916851787784,12820200
2005-08-04,11.917308807373047,11.971038988186063,11.844773216998169,11.928055048499242,9906400
2005-08-05,11.83672046661377,11.874331306130667,11.713140676291589,11.84746568874823,8597800
2005-08-08,11.731945037841797,11.836719398955001,11.675528783655135,11.83403232504987,7319400
2005-08-09,11.847463607788086,11.858209852853527,11.753436525511331,11.785674235889314,8243200
2005-08-10,11.793737411499023,11.936121607721832,11.77493199029294,11.890450567065203,8072000
2005-08-11,11.85014820098877,11.855521322396786,11.715823240242704,11.74000177416972,8301200
2005-08-12,11.707770347595215,11.844781430093953,11.659413253814797,11.78567808773596,8020000
2005-08-15,11.697020530700684,11.742690535995187,11.667468868536778,11.68627428540138,5786800
2005-08-16,11.632542610168457,11.721197585429788,11.600304903172622,11.713137390067159,8983000
2005-08-17,11.635231971740723,11.664782611154351,11.58150176630229,11.594934061457291,11194000
2005-08-18,11.694334983825684,11.73463289655035,11.611054133928496,11.648664972568321,13145600
2005-08-19,11.925375938415527,12.0113438751902,11.89045114384499,11.914629690114031,23074000
2005-08-22,11.893134117126465,12.022085977820987,11.809852258736585,11.971042853218455,12600200
2005-08-23,11.871642112731934,11.909253970353113,11.809852741010353,11.90119377416798,8960200
2005-08-24,11.774932861328125,11.930749366393233,11.753440364177811,11.885079347176816,10785200
2005-08-25,11.76955509185791,11.801792800041204,11.686273235497946,11.745376554515873,7725800
2005-08-26,11.705080032348633,11.796421070331812,11.69970690954746,11.723885449743548,10020600
2005-08-29,11.820600509643555,11.84746510087445,11.643291542991639,11.648664666201512,6421200
2005-08-30,11.65672779083252,11.799112017305017,11.6056846402602,11.766874291934016,13138600
2005-08-31,11.820600509643555,11.83671987927317,11.584188212501513,11.648664666201512,15536400
2005-09-01,11.788361549377441,11.90388112413511,11.718511979849458,11.769556132539527,9958400
2005-09-02,11.793737411499023,11.863585972433253,11.740007197416528,11.83940742733706,8507600
2005-09-06,11.960299491882324,12.005969505196598,11.914628453749513,11.914628453749513,10253200
2005-09-07,11.995220184326172,12.01133852477991,11.887759798816376,11.979100819054247,12324400
2005-09-08,11.89582347869873,11.898510553005137,11.734633864145936,11.740006987940172,17879000
2005-09-09,11.834030151367188,11.911938883210873,11.796419322151129,11.895819517196175,15940800
2005-09-12,11.887760162353516,11.928058064356579,11.793733090770663,11.793733090770663,9145200
2005-09-13,11.803948402404785,11.860723903236913,11.774208559680075,11.779615897570409,12303000
2005-09-14,11.766098976135254,11.849911172884193,11.730951792809012,11.793134636328162,10005200
2005-09-15,11.795838356018066,11.817466677050673,11.717433500668252,11.787726833204587,10943200
2005-09-16,11.73365592956543,11.852614277808943,11.687694069812586,11.814763941156203,39747600
2005-09-19,11.7228422164917,11.774210387407447,11.668769860538884,11.720138031454633,11264800
2005-09-20,11.598477363586426,11.725546223274343,11.593070024463293,11.70662105201562,14977600
2005-09-21,11.422739028930664,11.517364856869344,11.395703372760805,11.493032353778801,14035400
2005-09-22,11.414630889892578,11.425444535781752,11.31459667249873,11.384891043172482,12395200
2005-09-23,11.449777603149414,11.520071977256693,11.420038786321111,11.422741940089344,10658200
2005-09-26,11.455182075500488,11.552512088312104,11.355148909597075,11.503847081906297,15488400
2005-09-27,11.444369316101074,11.574142332762793,11.43625779351054,11.43625779351054,10018800
2005-09-28,11.590364456176758,11.62551164061084,11.449776749784792,11.511960626608305,11590600
2005-09-29,11.652545928955078,11.655250113547641,11.503847748035504,11.609288257572217,15022800
2005-09-30,11.676876068115234,11.730948404226128,11.614693242558115,11.676876068115233,9953400
2005-10-03,11.682289123535156,11.749879318924291,11.657956611941287,11.682289123535156,13063800
2005-10-04,11.636329650878906,11.787731046252329,11.62821812516629,11.725548182960436,9836800
2005-10-05,11.522775650024414,11.674178051475684,11.522775650024414,11.61469835245117,10305600
2005-10-06,11.547109603881836,11.593071476513012,11.474112063593223,11.53088861582522,13721400
2005-10-07,11.409220695495605,11.536289511478673,11.365963028733345,11.52817902125579,14741800
2005-10-10,11.349748611450195,11.433560848096779,11.317305597505797,11.393006307157668,12022200
2005-10-11,11.263229370117188,11.355152070993292,11.241601045328702,11.314597543916245,11594800
2005-10-12,11.279448509216309,11.355149173677345,11.222671979526327,11.228079317179859,17748200
2005-10-13,11.279448509216309,11.333519823063218,11.219968826371662,11.219968826371662,9680400
2005-10-14,11.374075889587402,11.414630411842616,11.233488185472162,11.279450046117693,10720800
2005-10-17,11.379483222961426,11.444370252272297,11.333521362336155,11.34163288559023,9956200
2005-10-18,11.287562370300293,11.414632264738707,11.287562370300293,11.357855718096207,11762000
2005-10-19,11.301077842712402,11.328114533406493,11.16049014513601,11.292967351176323,14578800
2005-10-20,11.382185935974121,11.609288982756395,11.376779629139762,11.598475337743375,21683000
2005-10-21,11.336230278015137,11.528186229843937,11.303787265492819,11.46059601880466,13578600
2005-10-24,11.46329116821289,11.487623666259358,11.371368512408907,11.403811499356207,11878600
2005-10-25,11.479517936706543,11.51736827912883,11.371374248549227,11.422742423073116,11748200
2005-10-26,11.447071075439453,11.584954566556743,11.438960585180828,11.484921405105213,10462600
2005-10-27,11.39570426940918,11.490330104793303,11.387592746844643,11.44977558600339,8195200
2005-10-28,11.579553604125977,11.617403951258195,11.4470763578186,11.463298377165813,12878000
2005-10-31,11.566033363342285,11.617402569493002,11.46329701372982,11.51736834243344,19920400
2005-11-01,11.5308837890625,11.57414145801375,11.482218782574321,11.522772267085017,11631400
2005-11-02,11.5038480758667,11.52818058117199,11.4605904032511,11.511959598531307,12415400
2005-11-03,11.511960983276367,11.568736492036676,11.487628475044179,11.525478814217719,9076400
2005-11-04,11.436262130737305,11.544406867974988,11.363264587803567,11.53359218798229,11434800
2005-11-07,11.465996742248535,11.482218754820112,11.384888742079015,11.44977472967696,10704000
2005-11-08,11.393003463745117,11.501148191695949,11.355153118365696,11.466001000410245,9146200
2005-11-09,11.403813362121582,11.465996193654531,11.36055569534457,11.401109177816947,9225400
2005-11-10,11.495741844177246,11.53629534714991,11.417336961214252,11.457891495531566,9571800
2005-11-11,11.560629844665527,11.560629844665527,11.42004310596278,11.476818638670984,8627000
2005-11-14,11.511960983276367,11.568736492036676,11.484924290049275,11.549811322449905,6991200
2005-11-15,11.479517936706543,11.536293450339972,11.422742423073116,11.482222121933553,8944200
2005-11-16,11.393003463745117,11.490333512631953,11.38759612421312,11.474111494035961,10351400
2005-11-17,11.320001602172852,11.438960963738197,11.32000160217285,11.403813785880784,14969200
2005-11-18,11.409220695495605,11.48492135449353,11.32540851493067,11.482218201533945,17160400
2005-11-21,11.39570426940918,11.44166509478311,11.36596442647581,11.44166509478311,13533000
2005-11-22,11.447071075439453,11.47140357755946,11.37407356907943,11.398406071199437,13147600
2005-11-23,11.5308837890625,11.57414145801375,11.452478941793304,11.476811445037393,9917600
2005-11-25,11.571440696716309,11.603883700191213,11.552515525410573,11.584958528885478,3958400
2005-11-28,11.566033363342285,11.701213747790304,11.557922870305639,11.611995230353743,15625800
2005-11-29,11.715710639953613,11.770139237117245,11.644954190338295,11.658561080094417,14827800
2005-11-30,11.617734909057617,11.751084868967405,11.612291947618571,11.710263177243926,13232000
2005-12-01,11.658556938171387,11.680327746418861,11.620457245134224,11.620457245134224,10905200
2005-12-02,11.653118133544922,11.683053913935497,11.595968573602446,11.601411537140654,8286800
2005-12-05,11.606858253479004,11.710271479723732,11.593250321164108,11.623186111233707,9906000
2005-12-06,11.576920509338379,11.628627113733174,11.52521286680428,11.601413329975767,16146600
2005-12-07,11.48438549041748,11.615013444886786,11.421792993784607,11.541535025846795,12944600
2005-12-08,11.397303581237793,11.468060021675953,11.351038916300565,11.454453133684654,13954400
2005-12-09,11.296612739562988,11.427241798975793,11.22585628400868,11.383699125217936,18714200
2005-12-12,11.19864273071289,11.353763574024098,11.185034801397775,11.274842151809132,19171400
2005-12-13,11.146932601928711,11.220411043638991,11.095226011749931,11.214968080756117,20553000
2005-12-14,11.182311058044434,11.266675423381209,11.149654319714292,11.19047498309222,13085800
2005-12-15,11.201360702514648,11.220410552701694,11.116996338729892,11.157818039495833,13107800
2005-12-16,11.214964866638184,11.296607210205233,11.201357982400129,11.24762263457598,16554200
2005-12-19,11.272122383117676,11.364650714833607,11.187759018235726,11.187759018235726,14156200
2005-12-20,11.217694282531738,11.307500608385999,11.195922422846214,11.296614678543236,11937600
2005-12-21,11.214964866638184,11.277557364644212,11.179587175246986,11.201357982400129,9821400
2005-12-22,11.234021186828613,11.236743188128258,11.160542723827986,11.220414294748345,11072200
2005-12-23,11.19864273071289,11.234020440142288,11.187756802516498,11.214970584868228,5063200
2005-12-27,11.14965534210205,11.25306852931999,11.059848005785373,11.185033045979145,14248000
2005-12-28,11.097943305969238,11.19863652881222,11.084336422328981,11.152371878668937,9763000
2005-12-29,11.048964500427246,11.130607928837835,10.99997885863662,11.068014356885898,11163400
2005-12-30,10.97004222869873,11.068012457326422,10.97004222869873,10.98909208188793,11743200
2006-01-03,11.13060474395752,11.155097557844528,10.980925860126352,11.100668967191286,13640800
2006-01-04,11.108835220336914,11.176870713375791,11.0652925463176,11.155099895435754,19993200
2006-01-05,11.163264274597168,11.193200058849191,11.043522175728357,11.081621887271194,16613000
2006-01-06,11.269394874572754,11.3102165706159,11.11971705264597,11.174145634657215,17122800
2006-01-09,11.32382869720459,11.340156552667228,11.225857411871418,11.291171948139977,13819600
2006-01-10,11.334714889526367,11.356485710028632,11.206807815355212,11.206807815355212,13849800
2006-01-11,11.340152740478516,11.378253479408231,11.285725189714038,11.337431778195887,10574400
2006-01-12,11.277562141418457,11.32926977681879,11.234019470530322,11.234019470530322,17086000
2006-01-13,11.242180824279785,11.307494290565032,11.171423357975467,11.261230671791218,10548400
2006-01-17,11.165986061096191,11.234021561908406,11.130608348134176,11.179593991770119,11574000
2006-01-18,11.108835220336914,11.157820858376045,11.048963654258145,11.157820858376045,12906200
2006-01-19,11.138768196105957,11.19591774670197,11.048960869621675,11.141489158360493,10907600
2006-01-20,10.910168647766113,11.122438994356052,10.711505188342896,11.111554107506041,18971600
2006-01-23,11.021749496459961,11.065292168994482,10.885678515022184,10.885678515022184,13222200
2006-01-24,11.13060474395752,11.239460887124983,11.076176153304278,11.212247110867871,15888400
2006-01-25,11.195921897888184,11.209528790483926,11.130608398172871,11.195921897888182,13699000
2006-01-26,11.28844928741455,11.315664108494817,11.198642973197863,11.234020683393295,14573200
2006-01-27,11.421798706054688,11.427241669980381,11.217692230467659,11.288448685223239,13646400
2006-01-30,11.361926078796387,11.419075637464488,11.304776520128284,11.389139857741448,12143400
2006-01-31,11.26123332977295,11.359204590463742,11.214968661940487,11.359204590463742,13115000
2006-02-01,11.293898582458496,11.304784516992745,11.165991447030718,11.209534147027856,12966600
2006-02-02,11.220412254333496,11.296611666637702,11.152376768164988,11.244905070879723,12468400
2006-02-03,11.125164031982422,11.220413306292684,11.027192756612308,11.163263741706528,12538000
2006-02-06,11.141493797302246,11.157822692045183,11.05713043647893,11.111559047482643,13500600
2006-02-07,11.165986061096191,11.288450170186051,11.05168691803856,11.266679349758606,20573000
2006-02-08,11.220412254333496,11.236741144744025,11.068012391585953,11.228576180469194,18185800
2006-02-09,11.157819747924805,11.272118866547983,11.130605968673326,11.190476490654408,15045200
2006-02-10,11.201360702514648,11.272117140618107,11.078896638355802,11.133325226664065,12782000
2006-02-13,11.087061882019043,11.26123253850277,11.05712610578484,11.26123253850277,11791600
2006-02-14,11.250345230102539,11.277559002531016,11.141488064110879,11.15509598846399,14048800
2006-02-15,11.250345230102539,11.277559002531016,11.18775272300594,11.263952116316776,13561600
2006-02-16,11.31838321685791,11.32654714277458,11.201362100736503,11.234018842542284,14381400
2006-02-17,11.37281322479248,11.40274900772463,11.220413347201198,11.331991513859691,14525200
2006-02-21,11.389140129089355,11.440847763711684,11.321104641966624,11.372812276588954,20793200
2006-02-22,11.451730728149414,11.476222500563797,11.408187031042392,11.443565765872409,11821200
2006-02-23,11.43812370300293,11.514324140792242,11.413630890524036,11.478945403180738,9523400
2006-02-24,11.49255657196045,11.522492358157917,11.38642135772532,11.432684999565517,10691400
2006-02-27,11.574197769165039,11.574197769165039,11.478948493955667,11.506162275975704,13199800
2006-02-28,11.421798706054688,11.58780547230108,11.408190777170843,11.571476580523997,16189400
2006-03-01,11.514327049255371,11.53337690397986,11.389140954886873,11.402748883809412,11036800
2006-03-02,11.405468940734863,11.470783464701542,11.348319381100982,11.449011610666268,11537800
2006-03-03,11.375528335571289,11.443563793365541,11.31293583897722,11.329264722577772,10586800
2006-03-06,11.416356086730957,11.481669579532328,11.348320592814968,11.367370448060305,10945800
2006-03-07,11.375528335571289,11.440842831834798,11.348314567709068,11.41635002550332,11242600
2006-03-08,11.49255657196045,11.568755999998114,11.348321643706488,11.353764608300514,13843000
2006-03-09,11.538816452026367,11.5905230369517,11.462616017547193,11.462616017547193,13296600
2006-03-10,11.63951301574707,11.683055692542453,11.574198481484345,11.598691302065454,15399000
2006-03-13,11.647730827331543,11.732710068964753,11.62580002580157,11.675143283525836,13502200
2006-03-14,11.729974746704102,11.751904512807902,11.63402901355881,11.642253590851565,11377200
2006-03-15,11.713525772094727,11.738197410712196,11.664182494859787,11.702560366993943,12805400
2006-03-16,11.702559471130371,11.721748405728482,11.653216197672796,11.708042173261045,14209000
2006-03-17,11.729974746704102,11.74368098123381,11.672407934248124,11.702561231926019,16508800
2006-03-20,11.75738525390625,11.784798764110066,11.702559279217104,11.738196319622821,11851600
2006-03-21,11.719011306762695,11.749165655217917,11.65321990597686,11.732717543591749,14625800
2006-03-22,11.724493026733398,11.77383631175224,11.702562213072248,11.738199262412243,16481600
2006-03-23,11.62580394744873,11.743679431138972,11.568237142591226,11.719007793954537,12053200
2006-03-24,11.69433307647705,11.721745534697734,11.603871127774196,11.609352782843732,9723600
2006-03-27,11.620318412780762,11.691592478704411,11.603871355812437,11.666920847533651,9339200
2006-03-28,11.557271957397461,11.647734977362873,11.543565724416851,11.598391702057839,10910400
2006-03-29,11.557271957397461,11.6093560610112,11.518894086764334,11.540823850389602,8702000
2006-03-30,11.546305656433105,11.584683524087117,11.485998026856146,11.507927788779096,13586200
2006-03-31,11.47777271270752,11.565493846192698,11.461325653753047,11.546304913600215,14535800
2006-04-03,11.47777271270752,11.576459249307945,11.458583780115037,11.540822212042592,11291600
2006-04-04,11.5353422164917,11.549048449499304,11.42569026099376,11.464068131702474,9257600
2006-04-05,11.499710083007812,11.535347140614906,11.444884081855125,11.527122560724658,13148800
2006-04-06,11.428431510925293,11.513411831857216,11.398278215483565,11.513411831857216,10988400
2006-04-07,11.335226058959961,11.480515041703663,11.324261701128226,11.455843406574992,11893400
2006-04-10,11.370863914489746,11.376346616658694,11.29959087773044,11.335226873250836,7726200
2006-04-11,11.318780899047852,11.51615296748485,11.25847221511839,11.51615296748485,11085200
2006-04-12,11.28040599822998,11.332490118981122,11.211873765059007,11.310559302421343,10010000
2006-04-13,11.310561180114746,11.35716365018142,11.261218926101597,11.285889530248639,9029000
2006-04-17,11.250249862670898,11.348936430088512,11.200906578962092,11.321522913739884,9270800
2006-04-18,11.321518898010254,11.373604037738748,11.25298670002506,11.25298670002506,11528400
2006-04-19,11.428431510925293,11.546307001432746,11.348934938260975,11.370864702738467,16677600
2006-04-20,11.461322784423828,11.579198224106754,11.390048727736502,11.442133856635273,12246600
2006-04-21,11.472288131713867,11.51889056445987,11.42842757215669,11.516148691271043,13110600
2006-04-24,11.392796516418457,11.486000376524064,11.381831110354579,11.44488062664386,12466400
2006-04-25,11.335226058959961,11.409240964345974,11.307813595802966,11.39005203099239,12600800
2006-04-26,11.436654090881348,11.453101149938325,11.335225680010764,11.335225680010764,12248600
2006-04-27,11.527112007141113,11.551783632785902,11.406495751609945,11.411978451277458,13146400
2006-04-28,11.502448081970215,11.538085130807746,11.466812078851419,11.516154317455808,11529400
2006-05-01,11.5051851272583,11.565492747224855,11.48873702414835,11.538080287759904,13265600
2006-05-02,11.579204559326172,11.595651623161666,11.510672338095052,11.540825637033029,10551400
2006-05-03,11.49147891998291,11.576459225372773,11.466808331602211,11.554529464906018,14313200
2006-05-04,11.5353422164917,11.549048449499304,11.458585429355722,11.499705174097087,13301800
2006-05-05,11.708041191101074,11.75738446041936,11.524375390864009,11.587424891499946,18958000
2006-05-08,11.888973236083984,11.990401708754693,11.738202510459821,11.746426044998891,27358400
2006-05-09,11.97120475769043,11.97120475769043,11.836882224968473,11.836882224968473,13929600
2006-05-10,11.946534156799316,11.995876381013572,11.916379820093958,11.971204746047228,14902400
2006-05-11,11.891709327697754,11.949276132910835,11.86155498809513,11.935569900105607,16969400
2006-05-12,11.836884498596191,11.8944513093916,11.817695561664388,11.864296966864872,14767800
2006-05-15,12.045223236083984,12.061671346196636,11.801248687532734,11.839626565410178,18623200
2006-05-16,12.017810821533203,12.116497391236289,11.962984833284963,12.100049281046191,16978000
2006-05-17,11.938311576843262,12.053446241170658,11.84236689466927,11.995878386147657,19862400
2006-05-18,11.938311576843262,12.039738961672711,11.886227470194326,11.946536153685752,15375800
2006-05-19,11.965731620788574,11.993144103308465,11.861562304918468,11.990403273344148,16014600
2006-05-22,11.95201587677002,11.98765291540507,11.891708248755057,11.938309645208367,15634200
2006-05-23,11.946534156799316,11.998618254742293,11.930086051582276,11.987652851264267,13705800
2006-05-24,12.069892883300781,12.108270754834555,11.910898694701059,11.930087630467947,20534800
2006-05-25,12.163097381591797,12.163097381591797,12.020550247075038,12.113754102500664,14125400
2006-05-26,12.195995330810547,12.270009214243736,12.121980401658583,12.195995330810547,12337000
2006-05-30,11.97120475769043,12.149388904367154,11.960240399920172,12.119234567632468,16652200
2006-05-31,12.069892883300781,12.086340990694643,11.94105303539719,11.979430906930963,14599800
2006-06-01,12.039738655090332,12.075375698584033,11.97120644222014,12.056186762637866,9973400
2006-06-02,12.031512260437012,12.09730362924892,11.952014661457138,11.993134397679372,12120400
2006-06-05,11.905412673950195,12.02877083072525,11.894447272077239,12.00409919937024,11428600
2006-06-06,11.924606323242188,11.982173137278457,11.842367868087704,11.952018793054119,16578600
2006-06-07,11.891709327697754,12.006842938123917,11.88348475143979,11.957499663450266,11577400
2006-06-08,11.894454002380371,11.930091055773046,11.801250125158752,11.916384818535516,23080400
2006-06-09,11.938311576843262,12.017809196769488,11.905416406629124,12.006843791458572,13947800
2006-06-12,11.87252426147461,11.973951672147253,11.861558853369763,11.971209797261604,13990600
2006-06-13,11.847672462463379,11.94154825969883,11.806256266849243,11.922220982614261,18118600
2006-06-14,11.820059776306152,11.905651683700324,11.731706228072401,11.825582004727933,12402600
2006-06-15,11.883561134338379,11.905648989770237,11.739986387631317,11.858711638691828,14639400
2006-06-16,11.930503845214844,11.97468062918219,11.853194736586392,11.853194736586392,16754800
2006-06-19,11.853189468383789,11.963631905844327,11.797968249653518,11.93049854265188,11623000
2006-06-20,11.817300796508789,11.905654364638163,11.789690701439964,11.844911944835227,11303800
2006-06-21,11.875280380249023,11.911174339650257,11.784166241162708,11.784166241162708,9266400
2006-06-22,11.836624145507812,11.886323142744265,11.767597877485771,11.878040327623944,8044600
2006-06-23,11.803497314453125,11.878045844935338,11.789692265087771,11.800736725883155,7681400
2006-06-26,11.825581550598145,11.836624953760237,11.73170577754766,11.797970409549569,9625600
2006-06-27,11.737225532531738,11.81177402445802,11.670960908546517,11.78692452714926,12008800
2006-06-28,11.712377548217773,11.751033146002724,11.695811916710138,11.715139188973941,10224200
2006-06-29,11.889082908630371,11.913932403330351,11.712374805621,11.748268754244773,14379000
2006-06-30,11.87803840637207,12.007808106305813,11.87803840637207,11.938781849448645,22568000
2006-07-03,11.97468376159668,11.996772685987322,11.902896863842871,11.9277463771534,5875600
2006-07-05,11.87803840637207,11.974674744669265,11.828339417174343,11.927737395569796,11837800
2006-07-06,11.96363353729248,12.035420394151208,11.883562811877418,11.92221735428268,10246000
2006-07-07,11.922220230102539,12.007813204115713,11.905653542251027,11.936025276683363,5874000
2006-07-10,12.046463966369629,12.07959627839263,11.938783162351967,11.955348791734863,9588800
2006-07-11,12.096161842346191,12.1707103274464,12.043701212132833,12.065790120276796,15525400
2006-07-12,12.029900550842285,12.112731880023947,11.99400658866915,12.101688475188556,8300400
2006-07-13,11.900132179260254,12.051990862476785,11.831105888073694,12.010574666461801,12870400
2006-07-14,11.77588939666748,11.922224842906134,11.698579210039368,11.872525813380186,13775200
2006-07-17,11.789690971374512,11.825584938391895,11.74551418629836,11.751036416090084,11175800
2006-07-18,12.024377822875977,12.071316241194413,11.891847491032813,11.969156587960295,23951200
2006-07-19,12.098926544189453,12.123776047674397,12.024378033734624,12.118253818760246,16154800
2006-07-20,12.104450225830078,12.140344191451168,12.051990624735865,12.096167408093518,10657600
2006-07-21,12.121018409729004,12.236982085375748,12.085124439680271,12.236982085375748,18399800
2006-07-24,12.148618698120117,12.192795451255733,12.112724757054655,12.112724757054655,11459200
2006-07-25,12.2176513671875,12.256305914856284,12.07131599293927,12.11273112833121,10983800
2006-07-26,12.272868156433105,12.325327730234662,12.159665142145602,12.17623076900028,16632800
2006-07-27,12.234216690063477,12.325330820379017,12.209367190294273,12.300481320609812,12820000
2006-07-28,12.292203903198242,12.33361905216274,12.234222062693282,12.283921084056898,12831000
2006-07-31,12.286676406860352,12.366747135102546,12.267349134975314,12.292198635007122,12836200
2006-08-01,12.234216690063477,12.325330820379017,12.214889418382686,12.286676277017435,9094400
2006-08-02,12.234216690063477,12.283915689601885,12.201083321532996,12.228694461975063,9120600
2006-08-03,12.154146194458008,12.245260326511177,12.118252237827447,12.20384519494422,11378000
2006-08-04,12.10721206665039,12.203849514358348,12.079601969166804,12.201087872655366,9781800
2006-08-07,12.040945053100586,12.137581428624065,12.005051090795792,12.107209695385972,10029400
2006-08-08,12.096161842346191,12.148621419302437,12.065790120276796,12.09616184234619,8162800
2006-08-09,12.079597473144531,12.17623383162676,12.068553016958758,12.134818700816082,7719000
2006-08-10,12.121018409729004,12.198327526826834,12.068557748905997,12.085124439680271,8430600
2006-08-11,12.082362174987793,12.115495554828074,12.040947030073951,12.071318768298706,5677400
2006-08-14,12.145864486694336,12.190041263016456,12.115492755487113,12.145864486694338,8528800
2006-08-15,12.23697280883789,12.245255621317176,12.178991014969043,12.21488495780749,9501200
2006-08-16,12.239736557006836,12.275629452771522,12.206603194868052,12.25630218481912,9839400
2006-08-17,12.198328971862793,12.236983534990795,12.134824896258522,12.192806740950527,9517200
2006-08-18,12.234216690063477,12.264587364663782,12.082358050775388,12.082358050775388,9963000
2006-08-21,12.201083183288574,12.297720593854889,12.170712509032382,12.245259954238023,8328400
2006-08-22,12.261826515197754,12.29219824240629,12.18175578951294,12.225932560018821,8017800
2006-08-23,12.23697280883789,12.270105112011958,12.184513241040875,12.239734448502272,7561200
2006-08-24,12.289434432983398,12.314283927836161,12.198320320694673,12.231452629412656,10326200
2006-08-25,12.292203903198242,12.319814002507908,12.245265470462483,12.272876623029923,5025800
2006-08-28,12.344661712646484,12.419210233818559,12.245263684417052,12.29220211030656,8918600
2006-08-29,12.463383674621582,12.468905902848148,12.32809276947139,12.33637558518257,14100000
2006-08-30,12.413683891296387,12.535170798107785,12.405401076107346,12.48547180045899,12119200
2006-08-31,12.372273445129395,12.463387606468336,12.369511803516222,12.457865376499663,7306800
2006-09-01,12.44405460357666,12.460621285861523,12.388833382550974,12.41920510677796,7852000
2006-09-05,12.419203758239746,12.444053252340167,12.372266410081773,12.427486571854196,8144800
2006-09-06,12.341900825500488,12.386077608837205,12.289440171173538,12.317051319044985,9858000
2006-09-07,12.283919334411621,12.341901166658008,12.250785956050006,12.328096118969482,14780600
2006-09-08,12.314287185668945,12.333614458639028,12.236978093788615,12.267349823672282,8646200
2006-09-11,12.300483703613281,12.388837263630228,12.231457419021448,12.231457419021448,8995000
2006-09-12,12.363988876342773,12.416449531458086,12.278396949799028,12.278396949799028,10300800
2006-09-13,12.402912139892578,12.45017670668306,12.358427405019293,12.45017670668306,10795800
2006-09-14,12.394573211669922,12.44183778466899,12.350087410353321,12.350087410353321,7799800
2006-09-15,12.400131225585938,12.464079026166171,12.363988107727225,12.427934847707721,15846400
2006-09-18,12.355648040771484,12.452959139505522,12.311163300395886,12.37789094125922,8969000
2006-09-19,12.338966369628906,12.389011832869839,12.294481631259169,12.383451107998644,8292600
2006-09-20,12.358421325683594,12.400125147525065,12.313936612693158,12.352860603984887,8288200
2006-09-21,12.288922309875488,12.386232354735384,12.252778124384694,12.358429787803969,12089600
2006-09-22,12.230535507202148,12.288921530414783,12.216633164018294,12.26111790464695,9691600
2006-09-25,12.34451675415039,12.40290272549136,12.236084300889962,12.280569001997215,12606800
2006-09-26,12.41125202178955,12.43627475008347,12.319502725111642,12.36398745756753,10611400
2006-09-27,12.430716514587402,12.483542874116917,12.32784574905082,12.386231773225646,11340200
2006-09-28,12.497446060180664,12.508567512364776,12.419596955491937,12.458522038136328,9706200
2006-09-29,12.422372817993164,12.497440998934529,12.40847153869283,12.45295626881368,9214800
2006-10-02,12.372325897216797,12.49187879410528,12.372325897216797,12.483538239633827,9450600
2006-10-03,12.389013290405273,12.461300601035578,12.372331113829073,12.372331113829073,10755000
2006-10-04,12.455740928649902,12.461301654645466,12.174931159774241,12.174931159774241,10242000
2006-10-05,12.464076042175293,12.497439320134283,12.422371149276943,12.4334925954631,8949800
2006-10-06,12.444609642028809,12.480753802136219,12.416807094622616,12.461291806832044,10106200
2006-10-09,12.35008430480957,12.41681192940531,12.280576848630501,12.38622847899058,15335800
2006-10-10,12.249992370605469,12.369545259701711,12.219408925404185,12.363984536883349,25847200
2006-10-11,12.266674041748047,12.275015656658354,12.205508209136166,12.230530932668133,10412400
2006-10-12,12.247211456298828,12.302817623780433,12.222188733962078,12.288916347059889,11042400
2006-10-13,12.238873481750488,12.28891893697116,12.194388750509855,12.266676041051015,16628600
2006-10-16,12.302821159362793,12.36676789913384,12.233313695185602,12.27501859793181,14568800
2006-10-17,12.1749267578125,12.297259503684183,12.163805309842441,12.261115328081319,16209800
2006-10-18,12.22219181060791,12.275018160282956,12.155465241312703,12.211070362192144,20173800
2006-10-19,12.486318588256836,12.55026531658624,12.40012896628266,12.427932583338626,35323000
2006-10-20,12.997891426086426,13.100762141474792,12.539141892690685,12.569725336330317,53627400
2006-10-23,13.145246505737305,13.206413391362775,12.983989798996536,12.997891074657048,30265400
2006-10-24,13.075742721557617,13.134129792610146,13.036818714589028,13.081303445495937,20931600
2006-10-25,13.120227813720703,13.145250541832299,13.067402525751632,13.109107426137516,14119400
2006-10-26,13.106327056884766,13.123009229824865,13.03681959386726,13.111887781198131,15688600
2006-10-27,13.031259536743164,13.072964440928809,13.000676081753662,13.056282267134597,13495800
2006-10-30,13.000673294067383,13.12022619579119,12.9728707376384,13.059060359527518,10973600
2006-10-31,12.989553451538086,13.050719290361878,12.931166383634139,13.017356009130756,12161800
2006-11-01,12.967308044433594,13.039596377127259,12.928384047105949,12.995111657238612,10464600
2006-11-02,12.986774444580078,13.020138791253958,12.903365699094861,12.931168260723354,15476800
2006-11-03,12.928386688232422,13.020137038333491,12.90058413034703,13.011795422488195,11942600
2006-11-06,13.014575004577637,13.039597728395519,12.881120831082097,12.983991557622504,18737000
2006-11-07,13.045157432556152,13.070180156453874,12.947847428842513,12.975649984017982,16346000
2006-11-08,13.034037590026855,13.0674008697477,12.936726521658372,12.972870693372354,14765000
2006-11-09,12.970093727111816,13.07018358838451,12.936729379421145,12.983995008349709,16073600
2006-11-10,12.920049667358398,12.997897699213057,12.86722330808569,12.970095133722076,9880800
2006-11-13,12.903359413146973,12.956184678746862,12.842192534642408,12.903359413146973,13673200
2006-11-14,12.94228458404541,12.958966750775664,12.83385315179706,12.881118760566453,16383000
2006-11-15,12.970093727111816,12.997896289587601,12.892244643100023,12.920048266175582,19823800
2006-11-16,13.106327056884766,13.120228337368323,12.997895584273412,13.01179686475697,14747000
2006-11-17,13.139688491821289,13.170271940938154,13.081302485652492,13.10354537977369,18904800
2006-11-20,13.078524589538574,13.16749405798988,13.056281692125886,13.097986594474815,12338400
2006-11-21,13.06462287902832,13.111887443575329,13.017357253881626,13.031258534007234,12110600
2006-11-22,13.09520435333252,13.117447248454429,13.034038512946502,13.067401795029749,7258600
2006-11-24,13.045157432556152,13.120225604249317,13.025695431813425,13.039597770000656,4565800
2006-11-27,12.94228458404541,13.056276738537179,12.897799866697385,13.028474187919409,18962400
2006-11-28,12.978435516357422,13.05350371489135,12.886685142393771,12.892245867537012,14540000
2006-11-29,13.053998947143555,13.101580545439525,12.975630511938256,13.042803151345698,15077800
2006-11-30,13.107184410095215,13.157563378739784,12.989630636083648,13.000826436978146,21071200
2006-12-01,13.034405708312988,13.076389405070215,12.939243587661064,13.056797297967444,15461000
2006-12-04,13.107184410095215,13.227535532794898,13.026016455145601,13.079194907858966,14004400
2006-12-05,13.434652328491211,13.434652328491211,13.112780022711679,13.151965322196247,26343400
2006-12-06,13.541006088256836,13.585788206076082,13.415056048237112,13.44864236967907,29681000
2006-12-07,13.63616943359375,13.70893998113163,13.571795200239855,13.596985210481815,24190600
2006-12-08,13.689343452453613,13.708935557687822,13.6165729283965,13.652957656580227,16320400
2006-12-11,13.661362648010254,13.759323228766045,13.596988399557842,13.672557380317878,18181400
2006-12-12,13.686548233032227,13.759318774077883,13.630570318856387,13.647362945726204,16227000
2006-12-13,13.669759750366211,13.753726119799023,13.61937971516846,13.753726119799023,12960800
2006-12-14,13.714542388916016,13.762122941855578,13.638972333344043,13.683754469865542,15830200
2006-12-15,13.6949462890625,13.81249896286868,13.541007806258675,13.71453840136353,23760200
2006-12-18,13.686548233032227,13.742525079518158,13.664156640285928,13.672552953720837,10438400
2006-12-19,13.650166511535645,13.675356527064809,13.546608033333635,13.622177012230894,15461400
2006-12-20,13.64456844329834,13.664160558724781,13.613780528288155,13.638970543506469,12103600
2006-12-21,13.619379043579102,13.6781553925147,13.610982727356948,13.644569059935824,14383200
2006-12-22,13.541006088256836,13.65855874714864,13.504620283875603,13.638966637333338,7878000
2006-12-26,13.588589668273926,13.602583883038484,13.521417010327992,13.549405439857106,5260400
2006-12-27,13.62777328491211,13.65296329743354,13.515818504131381,13.62777328491211,9620800
2006-12-28,13.585789680480957,13.661359712694066,13.574593882888639,13.616577590014819,7907000
2006-12-29,13.504624366760254,13.616580229001197,13.487830667117043,13.555004397999657,12339600
2007-01-03,13.596982955932617,13.680949286919814,13.513015557255592,13.535407148286751,15753400
2007-01-04,13.60258674621582,13.630576249326529,13.50462615455427,13.552206708306917,11810400
2007-01-05,13.507424354553223,13.594190211270373,13.482234336002461,13.57459809325204,11607000
2007-01-08,13.594192504882812,13.622180944576822,13.437454466600961,13.437454466600961,17551000
2007-01-09,13.60538387298584,13.66695970146987,13.563400159439425,13.585791758048229,13724000
2007-01-10,13.624970436096191,13.655758337792923,13.538204628377201,13.571792012604408,8928000
2007-01-11,13.641768455505371,13.678153198425127,13.602583161477023,13.644566871233778,11009600
2007-01-12,13.588589668273926,13.622175997246893,13.504623311996435,13.602583883038484,13667200
2007-01-16,13.574600219726562,13.627778681579583,13.529818076142302,13.569002318317214,12685200
2007-01-17,13.60258674621582,13.675358386613292,13.569000410173341,13.58299462788351,14400200
2007-01-18,13.53260612487793,13.714534044379251,13.490623498008958,13.552198230954724,15223000
2007-01-19,13.507424354553223,13.55500597523371,13.45424590103066,13.54940807470128,13008200
2007-01-22,13.443046569824219,13.532610819442851,13.431851839389447,13.465438166073914,12198800
2007-01-23,13.468236923217773,13.499024834996627,13.417856898068758,13.476634305869343,12149000
2007-01-24,13.471036911010742,13.490629025114417,13.4178574004235,13.487829541562382,8641600
2007-01-25,13.41785717010498,13.496226692864607,13.406662439159426,13.454242981825875,11596600
2007-01-26,13.387069702148438,13.462638670195796,13.378672319717563,13.434650242599742,14459000
2007-01-29,13.353485107421875,13.412261458310352,13.311502457225949,13.367479324153852,10077800
2007-01-30,13.381474494934082,13.420658728526961,13.333892877221095,13.387072395117393,8986000
2007-01-31,13.401066780090332,13.426256797386548,13.291910394370166,13.378675179075785,10604400
2007-02-01,13.462634086608887,13.510215678550288,13.392661973751897,13.431847253811169,10398600
2007-02-02,13.5018310546875,13.54941162012787,13.44585310240599,13.462645740707,10703600
2007-02-05,13.406665802001953,13.501827978894847,13.38987209983601,13.465442158047166,9192800
2007-02-06,13.448646545410156,13.479434461162224,13.395468097641283,13.434652329438372,11168800
2007-02-07,13.443046569824219,13.471036065136339,13.39546602932873,13.44304656982422,9242400
2007-02-08,13.395465850830078,13.448644289679374,13.336689512992953,13.420655862430284,9076600
2007-02-09,13.367478370666504,13.43185368488431,13.33389203936738,13.356283638693611,9828400
2007-02-12,13.412262916564941,13.538213016227301,13.37867657921845,13.392670797471954,13925400
2007-02-13,13.493431091308594,13.55220744952019,13.45984475342917,13.462643170048109,19411800
2007-02-14,13.401066780090332,13.588591633980814,13.359083062033207,13.574597417191873,32846800
2007-02-15,13.392670631408691,13.462642789498998,13.317101640238711,13.431855936799199,19195000
2007-02-16,13.398265838623047,13.462640083001636,13.367477924422378,13.434651652468402,17492200
2007-02-20,13.373075485229492,13.401064982743735,13.294707027569931,13.30030492707278,17828800
2007-02-21,13.314302444458008,13.373078802281539,13.300308226074847,13.308704543566659,16489600
2007-02-22,13.238727569580078,13.361879209023728,13.216337041847618,13.347883928039652,16721000
2007-02-23,13.227531433105469,13.415057303051114,13.205140905946442,13.342285687481755,29516200
2007-02-26,13.356280326843262,13.406660345144727,13.317096105428776,13.35068242839977,18709000
2007-02-27,12.984029769897461,13.389868384255816,12.751722826695705,13.286309918861786,30318600
2007-02-28,13.065199851989746,13.126775685266878,12.964439785787262,13.084791968452421,27629200
2007-03-01,13.020418167114258,13.135172453641092,12.950446015142033,12.992428665711182,27342000
2007-03-02,12.84408950805664,13.135173949659558,12.821698972074339,13.000827530694464,34050600
2007-03-05,12.95604419708252,13.073596902460064,12.810501989693421,12.84688780846328,29572400
2007-03-06,13.135165214538574,13.171551012464336,13.028807303203887,13.06799151588253,25097800
2007-03-07,13.084787368774414,13.154759493741123,13.059597361078804,13.087585783989528,26321800
2007-03-08,13.196745872497559,13.255522213145644,13.123974249865547,13.126773733338378,17422400
2007-03-09,13.314302444458008,13.34229088122433,13.196749728810946,13.219140264685919,26127200
2007-03-12,13.42065715789795,13.431852956954316,13.286310772292037,13.31429920224279,26009000
2007-03-13,13.265619277954102,13.493947346692226,13.237429897340498,13.347365793446249,32198000
2007-03-14,13.259982109069824,13.34454810479123,13.133132577830224,13.31917819854331,32553400
2007-03-15,13.271260261535645,13.285354417485125,13.158504863309453,13.234614595814856,19059000
2007-03-16,13.307904243469238,13.33609362939448,13.197968326648603,13.319179997839335,28231600
2007-03-19,13.341731071472168,13.389651413009593,13.259983467927647,13.344549472315217,15513600
2007-03-20,13.42347240447998,13.460118053147337,13.316356008859506,13.367094731602815,14456000
2007-03-21,13.603885650634766,13.629255560019926,13.353006033001005,13.446029392518302,24361000
2007-03-22,13.601065635681152,13.654623848998419,13.505223886634736,13.505223886634736,16486800
2007-03-23,13.54468822479248,13.606703791718843,13.522137793837896,13.567239731062068,16012200
2007-03-26,13.5728759765625,13.584150653027399,13.440388581437333,13.5164982929785,14385200
2007-03-27,13.536227226257324,13.578509672792473,13.4883058298066,13.530589351656378,13230600
2007-03-28,13.505226135253906,13.615162056076032,13.415022247640104,13.471399946227521,22657800
2007-03-29,13.561601638793945,13.643349234748477,13.206422947902173,13.420657952795779,18947800
2007-03-30,13.530595779418945,13.67153948545456,13.417840384464398,13.603886033418803,17937600
2007-04-02,13.677173614501953,13.716637669326373,13.544686223035825,13.586969753384757,22443400
2007-04-03,13.809660911560059,13.854762841810324,13.679991921190062,13.679991921190062,19033200
2007-04-04,13.942147254943848,13.992887060992155,13.795565712505944,13.81529773982308,22203000
2007-04-05,13.959063529968262,14.029535376701554,13.897047960742151,13.90832371429509,17959200
2007-04-09,13.990071296691895,14.080275174369959,13.933693604314344,13.981613943880484,14632800
2007-04-10,14.116913795471191,14.181747733011798,13.99570219366912,14.032346761421742,26317400
2007-04-11,13.992884635925293,14.150741902419437,13.981608886465427,14.116915729354496,24374000
2007-04-12,14.001343727111816,14.080272913894957,13.713819585244586,13.995706926562544,15512400
2007-04-13,14.060542106628418,14.176115883589185,13.95060620602122,14.176115883589185,13829600
2007-04-16,14.170477867126465,14.218398202685554,14.074636120693336,14.097186550569685,20130200
2007-04-17,14.536931037902832,14.708882499183318,14.308601889680636,14.390349481980365,50341600
2007-04-18,14.562299728393555,14.584851231414843,14.474914267158338,14.542567700907354,22955600
2007-04-19,14.587671279907227,14.629954815192365,14.463641225220439,14.477735378543828,18696200
2007-04-20,14.683510780334473,14.700424406922545,14.551023393681588,14.672235029275758,21201000
2007-04-23,14.55948257446289,14.71452040740349,14.542568945749121,14.683512625752382,14465800
2007-04-24,14.576395034790039,14.652504750543624,14.480553289987181,14.652504750543624,16117400
2007-04-25,14.584855079650879,14.675058964906766,14.514383227087524,14.655326932214237,21349800
2007-04-26,14.680694580078125,14.722977039911976,14.615859539432613,14.655324674051828,15173600
2007-04-27,14.675056457519531,14.691969011043366,14.587670988158246,14.615859294241268,13926200
2007-04-30,14.711698532104492,14.756800459336677,14.615856802321753,14.635588828278662,23486000
2007-05-01,14.835732460021973,14.838550860559792,14.694788776201586,14.711701330058451,20552200
2007-05-02,14.858277320861816,14.920292862597961,14.799081253921628,14.827269549993746,17473000
2007-05-03,14.914657592773438,14.940027493794357,14.824453739213444,14.883649816490673,16194400
2007-05-04,14.999225616455078,15.030233396966247,14.925935378686326,14.94002953110552,18067000
2007-05-07,15.111979484558105,15.1232552354988,14.982311574684514,14.99922412578076,14151800
2007-05-08,14.95976448059082,15.086614027761948,14.917480939762074,15.041512086025005,15197400
2007-05-09,14.971038818359375,15.052786416058957,14.897747497899399,14.965400941761299,11234400
2007-05-10,14.793445587158203,14.95130286453579,14.77935143701898,14.925932964159298,14908400
2007-05-11,14.852641105651855,14.863916855466053,14.706059584011363,14.784988757396052,12985200
2007-05-14,14.827276229858398,14.928755861939116,14.799087921087109,14.810363674721645,13295800
2007-05-15,14.78781795501709,14.880841345936354,14.703251920291244,14.742715998142275,31652800
2007-05-16,14.866739273071289,14.88083342547127,14.694787817972763,14.799085836110512,16792200
2007-05-17,14.714527130126953,14.937218504350176,14.686337736058261,14.93439902728559,18808400
2007-05-18,14.835732460021973,14.841370336412584,14.683513023420362,14.759622741721167,25827200
2007-05-21,14.632771492004395,14.88928892340647,14.58766956149353,14.835730716960708,26409400
2007-05-22,14.511554718017578,14.64967993620367,14.494641096816894,14.64404206247011,19057200
2007-05-23,14.469277381896973,14.593307421842429,14.44390747880417,14.556661767305082,15167600
2007-05-24,14.443907737731934,14.587669807625062,14.41853783418434,14.452364013809511,17765600
2007-05-25,14.627134323120117,14.70888191215733,14.51438002905162,14.53411205739648,18502400
2007-05-29,14.708880424499512,14.756800752686104,14.632770719160701,14.666596896428578,16716400
2007-05-30,14.954130172729492,14.954130172729492,14.635597028319689,14.762446605767432,29334600
2007-05-31,14.937211036682129,15.069697358966122,14.90620325636623,14.928753685031952,21255400
2007-06-01,14.883651733398438,14.97667507422747,14.779353715908375,14.942847818299699,17018400
2007-06-04,14.847005844116211,14.88365149980538,14.717337924372854,14.872375748006423,20438800
2007-06-05,14.748344421386719,14.841367752664837,14.686328867201304,14.790627949297642,19282600
2007-06-06,14.658138275146484,14.74834211696837,14.61303635423554,14.728610093776995,11280800
2007-06-07,14.483370780944824,14.680692119711551,14.44954352836896,14.655322217937046,18724600
2007-06-08,14.56512451171875,14.579219744941657,14.384716709744877,14.446732294916641,13315200
2007-06-11,14.553842544555664,14.615857023366072,14.466457088771513,14.56511722004815,21803400
2007-06-12,14.415719985961914,14.593309330842596,14.39316955543777,14.472097675244749,22790200
2007-06-13,14.57463550567627,14.614363699813632,14.489503506451621,14.520717742908047,20020800
2007-06-14,14.560443878173828,14.668277215421263,14.492337643980616,14.574632361231451,17990600
2007-06-15,14.637065887451172,14.795978661219504,14.57463525060671,14.639903151620429,26360400
2007-06-18,14.688139915466309,14.759083406539393,14.622872033580482,14.637061597804513,11100800
2007-06-19,14.583145141601562,14.665439858327797,14.503688770975877,14.637062892393443,21341400
2007-06-20,14.611519813537598,14.778946471888892,14.563277683583017,14.625708293226024,19981600
2007-06-21,14.781793594360352,14.798820430850423,14.574638621703302,14.585989846030017,18870400
2007-06-22,14.648418426513672,14.830033673438695,14.597339003001977,14.770441373512472,30157400
2007-06-25,14.690980911254883,14.767600025335678,14.61436179717409,14.662602860199796,21450600
2007-06-26,14.742063522338867,14.852735239209604,14.64841755728689,14.727875034985832,22278800
2007-06-27,14.881107330322266,14.903809768646523,14.68530367107881,14.68530367107881,18175600
2007-06-28,14.935025215148926,15.017318848538972,14.818677923964529,14.847054889614634,16126400
2007-06-29,14.844213485717773,15.025828613250942,14.742054705852478,14.994613310235263,19029200
2007-07-02,14.915157318115234,15.037180187806282,14.847051102411005,14.940697013690375,18294600
2007-07-03,15.01164436340332,15.034345719484527,14.898134335461728,14.986104661242056,8382800
2007-07-05,14.946371078491211,15.040016986883002,14.892454426166916,15.01164002934633,10865400
2007-07-06,14.926511764526367,14.940701330343417,14.84137978218351,14.912323281221207,12349600
2007-07-09,14.954895973205566,15.040027990612224,14.918005035408157,14.96340885019253,19237800
2007-07-10,14.78462028503418,15.022990412848127,14.776107414133826,15.022990412848127,14505200
2007-07-11,14.781793594360352,14.832873021318234,14.699498841760168,14.75909114570692,12185400
2007-07-12,14.935025215148926,14.940700824781317,14.770435783345128,14.798813831507085,23446200
2007-07-13,15.071237564086914,15.113803015288342,14.895297984261449,14.935026171720883,16634800
2007-07-16,15.28122329711914,15.462839493100622,15.142174699467425,15.153525914687167,33549400
2007-07-17,15.088273048400879,15.43164063840948,14.986115250085327,15.417452145519482,33030000
2007-07-18,15.162049293518066,15.204615838838833,15.059890450757996,15.127996706768782,28491200
2007-07-19,15.23867130279541,15.306776489152893,15.162052156258927,15.295426346434926,14462400
2007-07-20,15.099611282348633,15.295415996281548,15.065558712212699,15.250012208596408,22396600
2007-07-23,15.221638679504395,15.25285399576742,15.082590012075284,15.133669423685328,14063800
2007-07-24,15.10245132446289,15.26703966736799,15.028669484616755,15.031507830578732,18704400
2007-07-25,15.33798599243164,15.380552529624051,15.091102891246889,15.17339761914581,25611600
2007-07-26,15.03434944152832,15.386229749252546,14.915164856943868,15.082591594225923,29326200
2007-07-27,14.835705757141113,15.065563108281381,14.818680008360946,15.017320960876237,24074400
2007-07-30,14.866914749145508,15.281224391740658,14.696650838698922,15.05704382890535,19912000
2007-07-31,14.787469863891602,15.003137723124901,14.767605761692971,14.966247866191662,19887000
2007-08-01,15.116634368896484,15.176226622519481,14.807320803529112,14.858400187352085,24743400
2007-08-02,15.227314949035645,15.267043141449204,15.085427928980332,15.085427928980332,19595400
2007-08-03,15.11948013305664,15.39474129149271,15.108129994444866,15.272718370691898,22044200
2007-08-06,15.389062881469727,15.394738490999165,15.0825875444629,15.0825875444629,23334800
2007-08-07,15.45433235168457,15.547978294753227,15.241501843814287,15.309608082638032,22657200
2007-08-08,15.851613998413086,15.857289607664736,15.431628656396981,15.434465919766916,25070400
2007-08-09,15.84877872467041,16.092824557238497,15.553654563959963,15.553654563959963,34244000
2007-08-10,15.601897239685059,15.928237832293837,15.352175770971701,15.721082904359745,29816800
2007-08-13,15.471355438232422,15.635943761585189,15.383385126562285,15.604729537294185,19106400
2007-08-14,15.363519668579102,15.564998889523727,15.267036493653121,15.545134801966459,26200600
2007-08-15,15.275554656982422,15.51392377336077,15.213124031733685,15.369199512343647,14280600
2007-08-16,15.204614639282227,15.406093961878911,14.991784094493925,15.181912194898986,29002000
2007-08-17,15.451501846313477,16.132559119883098,15.085432952856573,15.587713301027401,28468600
2007-08-20,15.471355438232422,15.5735142304915,15.366359382860225,15.431627259578708,15993800
2007-08-21,15.332305908203125,15.565000456597149,15.318117427449673,15.437303047304392,16781600
2007-08-22,15.309609413146973,15.465684915980146,15.261367264264264,15.428793988306548,15279400
2007-08-23,15.318122863769531,15.372039542772065,15.215964034070348,15.289745892191792,13930000
2007-08-24,15.323802947998047,15.530957932023199,15.224482435969684,15.224482435969684,13493400
2007-08-27,15.326632499694824,15.366361767024404,15.238663256887522,15.318119626522982,9995800
2007-08-28,15.113800048828125,15.323793247412633,15.09109869581212,15.323793247412633,15706000
2007-08-29,15.184745788574219,15.238663539694786,15.06272396830315,15.17623291524439,15922800
2007-08-30,15.153533935546875,15.221639097890884,15.076914816025836,15.102454522532849,13982600
2007-08-31,15.26136302947998,15.3181180372649,15.150691359680843,15.258525766221016,15035200
2007-09-04,15.428791046142578,15.448655138214562,15.230149042910911,15.230149042910911,12463000
2007-09-05,15.235825538635254,15.423116333716305,15.142180682350675,15.360686790363882,18938600
2007-09-06,15.511082649230957,15.618917043500728,15.096772979815013,15.196093420253213,19000200
2007-09-07,15.491226196289062,15.607573519222784,15.355014775477304,15.491226196289064,23982600
2007-09-10,15.485547065734863,15.613245582009117,15.406090692280618,15.494059939315848,20339400
2007-09-11,15.794859886169434,15.874316255185185,15.522437121676711,15.525274385207915,23866200
2007-09-12,15.943329811096191,16.091799345075284,15.78343929238831,15.874804991888514,18437000
2007-09-13,15.951891899108887,16.046113371028195,15.880512392199655,15.974733864118964,14353000
2007-09-14,16.10322380065918,16.14890666025567,15.891939894297112,15.909071375082778,15459800
2007-09-17,15.78343677520752,16.017561478983648,15.714913056093224,15.98901011088017,21078400
2007-09-18,16.1060791015625,16.111789595369988,15.82056094617996,15.82056094617996,19898800
2007-09-19,16.166030883789062,16.206003234539033,15.954748147206399,16.131769024455497,17220600
2007-09-20,16.0775203704834,16.17459654249344,16.034692231092418,16.148899876691818,12583400
2007-09-21,16.14605140686035,16.23456242678754,16.077527659765053,16.097513843431628,21948800
2007-09-24,16.188873291015625,16.383025647809564,16.13462416566253,16.13462416566253,20872800
2007-09-25,16.280241012573242,16.351620532399064,16.143192465207466,16.18601952360394,15230200
2007-09-26,16.37447166442871,16.468693212390093,16.248844022979252,16.323078290843544,14776200
2007-09-27,16.368751525878906,16.44298574507297,16.311647693871546,16.363041033761668,14274400
2007-09-28,16.408723831176758,16.497233735809775,16.283095183313115,16.360185192911715,13061200
2007-10-01,16.531494140625,16.654266978934913,16.434417968220995,16.44869365168765,19918600
2007-10-02,16.53720474243164,16.605729552873722,16.45726003788664,16.560046708967306,17565600
2007-10-03,16.43727684020996,16.568614904093952,16.38017300268841,16.488670185062848,12628400
2007-10-04,16.52293586730957,16.5971711999792,16.43728063583069,16.460122611779916,11534600
2007-10-05,16.580036163330078,16.63999470359391,16.511512428504304,16.55148478868019,10896400
2007-10-08,16.502944946289062,16.59716643628829,16.471537782955988,16.548627795910342,6021600
2007-10-09,16.525781631469727,16.525781631469727,16.36018067381628,16.445835853321817,16272000
2007-10-10,16.52293586730957,16.617157384352094,16.497239188949372,16.557198831233414,13236400
2007-10-11,16.328781127929688,16.61144455006899,16.25169110370988,16.560051200589115,12950600
2007-10-12,16.502944946289062,16.54006260197043,16.317358846212326,16.331634532500527,10410200
2007-10-15,16.4572696685791,16.62572545828172,16.32022105665985,16.585753082617632,13801000
2007-10-16,16.491519927978516,16.588596095825782,16.39729955018943,16.465823263278804,14228200
2007-10-17,16.871267318725586,16.968343532093417,16.57718397639008,16.65998341110197,32814800
2007-10-18,16.94835662841797,17.031157148774906,16.779900885593452,16.856990912563848,20771800
2007-10-19,16.777040481567383,17.05970383607552,16.757054304792206,16.99688951525928,24173600
2007-10-22,16.916946411132812,16.95977455923208,16.67140068558245,16.71422883368172,18251800
2007-10-23,17.059701919555664,17.06826711173567,16.91694290767654,16.93407438120137,11663000
2007-10-24,17.182477951049805,17.188188443286304,16.948353215178493,16.988325571668955,18633200
2007-10-25,17.502260208129883,17.547943062901844,17.15678355084412,17.19675591262394,19553800
2007-10-26,17.579345703125,17.5850561946467,17.382338646868373,17.513676684372793,16187400
2007-10-29,17.65643882751465,17.710686872817387,17.499404094972967,17.55936263280732,16951200
2007-10-30,17.625036239624023,17.74495443559533,17.516539031681486,17.65358870969594,13738200
2007-10-31,17.633596420288086,17.719252716974022,17.45372081124376,17.69926653819132,16640000
2007-11-01,17.38804817199707,17.70211756408096,17.36520620717978,17.59647619971308,20035400
2007-11-02,17.27669906616211,17.459431557809285,17.133940021827332,17.45657576699015,17152600
2007-11-05,17.228166580200195,17.339518493260332,17.10824838132862,17.273849444254747,17845400
2007-11-06,17.41946029663086,17.442302269390314,17.202467001242074,17.242439364405914,15285600
2007-11-07,17.11966323852539,17.41660229311915,17.11109804494682,17.388050921747254,14486800
2007-11-08,17.550792694091797,17.599330233741778,17.10252949860699,17.336654183287024,26091200
2007-11-09,17.36806297302246,17.630739048188225,17.31095914693624,17.55935953787167,18189800
2007-11-12,17.091108322143555,17.376626333300873,17.073976849374795,17.313812022313535,16680200
2007-11-13,17.42801856994629,17.47370140530119,17.03114873358224,17.199604393171803,15326800
2007-11-14,17.51938247680664,17.63073430870052,17.34521634418715,17.502251006836584,16542800
2007-11-15,17.687847137451172,17.81918520668954,17.413750013171498,17.413750013171498,21229800
2007-11-16,17.879146575927734,17.907699044950554,17.61647039590974,17.77065046113699,21454000
2007-11-19,17.787778854370117,17.86201417632146,17.704978337257163,17.844882696833025,16893400
2007-11-20,17.927688598632812,18.01619854632786,17.730680337421454,17.850598551528222,21572400
2007-11-21,17.773500442504883,18.116122355615094,17.742093279504736,17.927680466779233,18067800
2007-11-23,17.787778854370117,17.916262227620358,17.679281662607117,17.856303683158647,9446000
2007-11-26,17.625036239624023,17.947672071861767,17.58791857311322,17.802057197408423,16760800
2007-11-27,17.98193359375,18.07615510938945,17.610760203425166,17.687850237357804,21048000
2007-11-28,18.082408905029297,18.14843439573997,17.938874943898995,18.14843439573997,25499000
2007-11-29,18.024991989135742,18.13407699230316,17.976189881338083,18.05943982723719,15031600
2007-11-30,17.82691192626953,18.113979758222836,17.717826938582625,18.113979758222836,21684200
2007-12-03,17.855623245239258,18.08527734167366,17.786726468770382,17.826915798761764,17112000
2007-12-04,18.013505935668945,18.068048427939722,17.657541352476898,17.783851895743517,16878600
2007-12-05,18.099632263183594,18.099632263183594,17.92739194801354,18.039348262381797,14622000
2007-12-06,18.105369567871094,18.134075915404726,17.90729314170433,18.059438754771108,15824600
2007-12-07,18.12833023071289,18.300570455795604,18.10249408744282,18.10249408744282,13413800
2007-12-10,18.16278839111328,18.228813884798555,18.05083207160011,18.108245877654298,8487800
2007-12-11,18.0766544342041,18.340756207393476,18.06804165806867,18.1541628489644,17336600
2007-12-12,18.306318283081055,18.38669803169247,18.070922716235735,18.151301369770128,23241400
2007-12-13,18.39817237854004,18.41252664314076,18.194355619175475,18.251769392348436,12418200
2007-12-14,18.317794799804688,18.46419888068597,18.29770014350876,18.303440535241904,19006000
2007-12-17,17.93312644958496,18.415400458218627,17.87858286481008,18.372339848667597,23869200
2007-12-18,17.861358642578125,18.030728686258577,17.76375554799826,18.02785739505158,23756400
2007-12-19,18.042213439941406,18.085274054291915,17.82691255834269,17.855619999602002,14402000
2007-12-20,17.878585815429688,18.07379204614408,17.769500818030505,18.013508058885012,15065400
2007-12-21,18.105369567871094,18.220197148159542,17.884327187615852,17.94174097776008,25318800
2007-12-24,18.145551681518555,18.21444842132788,18.02785395127988,18.096750691089206,4593800
2007-12-26,18.0881404876709,18.21445101277933,18.01637354206899,18.21445101277933,9484400
2007-12-27,17.884328842163086,18.142690374175622,17.85849268896183,18.056570228530465,7729800
2007-12-28,17.875713348388672,18.016375967461688,17.7982049052951,17.890066520425965,8346400
2007-12-31,17.617351531982422,17.855618344502805,17.574292016700163,17.81542902554197,11729200
2008-01-02,17.5369815826416,17.677645363772264,17.43363694263987,17.640326222643335,15453800
2008-01-03,17.720699310302734,17.82691411454191,17.531234561759632,17.55994091044795,13902600
2008-01-04,17.755142211914062,18.002020684279973,17.703469922578094,17.706341213694927,18027400
2008-01-07,18.17426872253418,18.211586760214814,17.769503036706684,17.826915739316,23782000
2008-01-08,18.24890899658203,18.487175914225997,18.174271813450037,18.254650486834848,20883200
2008-01-09,18.73691749572754,18.74840047247853,18.257514714681612,18.263256203057107,35949600
2008-01-10,18.820161819458008,18.82877350191344,18.576154659223537,18.65940457321473,28944200
2008-01-11,18.306318283081055,18.768496635980846,18.217326848755814,18.768496635980846,32147800
2008-01-14,18.458467483520508,18.521620583971902,18.30057925700617,18.30057925700617,22931400
2008-01-15,18.260385513305664,18.4297544879629,18.246032340292988,18.266127001526115,22999400
2008-01-16,17.984800338745117,18.329280865410777,17.935998237252118,18.16565228672152,25334000
2008-01-17,17.809680938720703,18.174257060755213,17.769491634651395,18.157032603978475,37273000
2008-01-18,17.436504364013672,17.92739019995261,17.270004459850743,17.895812556399154,33758200
2008-01-22,16.876718521118164,17.051830078156677,16.566684729297144,16.859494056546918,37369800
2008-01-23,16.899688720703125,16.919783388182946,16.216467836234795,16.515017650968066,32257400
2008-01-24,17.189620971679688,17.229810290340282,16.919776526255475,16.98293179562315,30700600
2008-01-25,16.767627716064453,17.321668577109108,16.71595543197183,17.321668577109108,25926400
2008-01-28,17.054702758789062,17.057572955763874,16.66429026559112,16.756151899863923,18341400
2008-01-29,16.80782699584961,17.12647257171953,16.73031852373985,17.12647257171953,26833600
2008-01-30,16.583908081054688,16.891070560630826,16.523624101715853,16.793467458096934,23066800
2008-01-31,16.937000274658203,17.040344858326026,16.431761426264885,16.448984793491682,24041800
2008-02-01,17.01164436340332,17.21546341773622,16.79634342459252,17.02025714560825,16520200
2008-02-04,16.830785751342773,17.066181264362104,16.784854946243314,17.057568485540674,15315800
2008-02-05,16.47769546508789,16.79346967043276,16.45185931409953,16.787728181871238,24709600
2008-02-06,16.56668472290039,16.70447715418645,16.5264954006599,16.621228313149825,16816400
2008-02-07,16.779109954833984,16.845135404934435,16.60399845474835,16.60399845474835,23313200
2008-02-08,17.008771896362305,17.160917522394556,16.93413472936829,16.962841079348205,20221800
2008-02-11,17.080535888671875,17.137949673699588,16.8795881886133,17.03747527613187,13635800
2008-02-12,17.20110321044922,17.36760307131523,17.123595862889466,17.16665537874746,23823800
2008-02-13,17.048967361450195,17.353259818127352,16.939881221120277,17.353259818127352,29032000
2008-02-14,16.80782699584961,17.13508425915042,16.764767463617904,17.086283236939042,25045400
2008-02-15,16.868106842041016,16.885331307736266,16.652805948696802,16.776245215153644,20761400
2008-02-19,16.678640365600586,16.951355021164144,16.641322336423013,16.937001848782245,17218000
2008-02-20,16.71595573425293,16.73030890341008,16.520749567501166,16.67289622678148,14832000
2008-02-21,16.64705467224121,16.810683156604973,16.57241646476664,16.741786433942003,17465200
2008-02-22,16.72456932067871,16.744665073878384,16.474820644667414,16.64993217551877,14768400
2008-02-25,16.870973587036133,16.95709370214855,16.707345039799534,16.707345039799534,16020800
2008-02-26,17.086275100708008,17.106369758529475,16.741793531505188,16.82217216279105,16807800
2008-02-27,17.238422393798828,17.341766984341895,17.01738004070989,17.01738004070989,19804800
2008-02-28,17.06905174255371,17.258516453603406,16.980061422184132,17.22406862297895,15436000
2008-02-29,16.781984329223633,17.031734118621067,16.701605690839255,16.965707557003253,15967400
2008-03-03,16.942739486694336,16.980058602468397,16.7504035162372,16.7504035162372,12492600
2008-03-04,17.0432186126709,17.10350369578087,16.79921136868386,16.819306031361524,20105800
2008-03-05,17.132205963134766,17.224067569231195,16.94561145977074,17.005896528521358,16079400
2008-03-06,16.96570587158203,17.181006713074577,16.94274101792938,17.08340362112822,14563200
2008-03-07,16.89394187927246,17.051830066710647,16.79346857369989,16.865235533416556,18332600
2008-03-10,16.83940315246582,17.034609414184892,16.83653295526869,16.893945659828418,18909600
2008-03-11,17.071928024291992,17.132212019275944,16.899686630667276,16.93987596065658,29836200
2008-03-12,17.100814819335938,17.18748987850769,17.034364748858312,17.089259099949643,22601200
2008-03-13,17.02570343017578,17.0748182849721,16.846577044860478,16.953474924567406,17542000
2008-03-14,16.6212215423584,17.02570157043111,16.50565660728006,17.02570157043111,26531400
2008-03-17,16.667449951171875,16.762792109844636,16.39587116043173,16.43920870566836,21630200
2008-03-18,17.16437530517578,17.16437530517578,16.739671505882402,16.81478973947724,18364800
2008-03-19,17.323280334472656,17.574636266776274,17.152821058343207,17.152821058343207,23258600
2008-03-20,17.63530731201172,17.66419826540961,17.3463933695559,17.381062734057217,31028600
2008-03-24,17.67575454711914,17.76820691770841,17.490849805940595,17.695978434303093,14037600
2008-03-25,17.742197036743164,17.860651654816685,17.643966297210092,17.67574699266472,15298200
2008-03-26,17.667089462280273,17.8259919231612,17.62375192653124,17.742206608510042,16547800
2008-03-27,17.71331787109375,17.883777176471224,17.684425809602978,17.727763350779412,16830400
2008-03-28,17.60641860961914,17.797101803870632,17.58908447512683,17.79132449378615,13671600
2008-03-31,17.586193084716797,17.681535224047735,17.519743003722205,17.565969194941022,18541400
2008-04-01,17.750879287719727,17.768214527924684,17.594866534353773,17.626646154883364,25873200
2008-04-02,17.467741012573242,17.730652721087612,17.39551250911194,17.730652721087612,18167000
2008-04-03,17.496631622314453,17.594862422949554,17.407067888696762,17.418624712799573,16176200
2008-04-04,17.407060623168945,17.603522142438127,17.392615150129526,17.487956153884863,15262800
2008-04-07,17.441736221313477,17.51107605968607,17.412845264894514,17.412845264894514,16193200
2008-04-08,17.4821834564209,17.499518691003733,17.297278696014555,17.41284472232817,19942800
2008-04-09,17.560190200805664,17.574636780554314,17.4244013885466,17.479294644385856,12995600
2008-04-10,17.719087600708008,17.762424018529334,17.470621504237656,17.589076143006206,14842200
2008-04-11,17.418615341186523,17.7682008163161,17.360832353880433,17.629522308052767,15567600
2008-04-14,17.623748779296875,17.724868208494374,17.378172392892026,17.447511115164847,20029600
2008-04-15,17.60641860961914,17.68731527835453,17.456183198675625,17.632420913477045,23441800
2008-04-16,17.667089462280273,17.86643970206333,17.49085176667587,17.840437401037775,23117600
2008-04-17,17.531295776367188,17.73353572951576,17.490848006161286,17.620859483336734,16659800
2008-04-18,17.366622924804688,17.646869893121146,17.233722732412804,17.554416387414197,22254200
2008-04-21,17.435962677001953,17.461964985885523,17.233723721373813,17.311729545904868,12428800
2008-04-22,17.30305290222168,17.45039960506648,17.24815965922954,17.39839501607644,17274000
2008-04-23,17.427288055419922,17.44751194221808,17.265495858915475,17.265495858915475,18987200
2008-04-24,17.407060623168945,17.623746025117107,17.274160507815953,17.415727686568808,12836600
2008-04-25,17.14126968383789,17.47929856508749,17.034370700740208,17.407070058620185,18802400
2008-04-28,17.040143966674805,17.305945363293493,17.00547460263557,17.141264506458118,16098000
2008-04-29,16.965024948120117,17.045920489289482,16.863904419539317,16.98813748754604,14869000
2008-04-30,17.008365631103516,17.268388652989604,16.9563610267263,16.96502919553541,23359200
2008-05-01,17.071929931640625,17.092153825399116,16.872579649398524,16.933251330674004,15127600
2008-05-02,16.979463577270508,17.190370511799696,16.930347659849385,17.071915901937587,16519000
2008-05-05,16.866796493530273,17.04014442046199,16.79745666148604,16.979472756247812,14121400
2008-05-06,16.835012435913086,16.866793140026328,16.722336195598157,16.829234025881675,13390400
2008-05-07,16.476764678955078,16.837907170442744,16.465208956838232,16.835018515443387,29866200
2008-05-08,16.26296615600586,16.632775651277903,16.193626324582738,16.56921423098331,28002800
2008-05-09,16.222515106201172,16.277408347664814,16.130062751041873,16.262962873818488,20830000
2008-05-12,16.294748306274414,16.312082439072753,16.17918227772862,16.231186880362294,17243400
2008-05-13,16.323638916015625,16.398756061493113,16.257188836753418,16.26296724827004,20876800
2008-05-14,16.33519744873047,16.46809762116454,16.234076889784998,16.364088407218077,20732200
2008-05-15,16.470979690551758,16.517205866920907,16.25429428217405,16.323634097787266,16503200
2008-05-16,16.488323211669922,16.583665368319103,16.404537880454498,16.485434556371253,17961000
2008-05-19,16.61832618713379,16.710778538768885,16.45075561097082,16.496981786788368,20009200
2008-05-20,16.49410057067871,16.655892810056756,16.456541441478198,16.612555268508515,17955200
2008-05-21,16.366971969604492,16.55476533293489,16.309188972380138,16.44208909451285,25203800
2008-05-22,16.835012435913086,16.878348857970124,16.33230178437069,16.37563930854675,25230600
2008-05-23,16.939022064208984,17.05747671771594,16.759894654812864,16.78878670574081,30583000
2008-05-27,16.92746925354004,16.959249966029326,16.788790682593493,16.915912430431334,15614200
2008-05-28,16.59521484375,16.999694764693714,16.566323893162217,16.999694764693714,24045600
2008-05-29,16.719453811645508,16.794572073056766,16.508546712039223,16.6212230020366,24705200
2008-05-30,16.5432186126709,16.754126846616735,16.47387985536569,16.66745174680571,26831600
2008-06-02,16.46809959411621,16.57499747587051,16.3091970991583,16.48254507509065,19121200
2008-06-03,16.294748306274414,16.54032473928506,16.262967593318354,16.427648467618546,18839800
2008-06-04,16.381423950195312,16.459430862115223,16.251412430328795,16.251412430328795,14971800
2008-06-05,16.52298927307129,16.5432131624658,16.312082210729017,16.39586752514589,15701400
2008-06-06,16.121400833129883,16.499878566454804,16.10406669864379,16.47098650544559,24947800
2008-06-09,16.138734817504883,16.25141109139949,16.03472561018083,16.03472561018083,19351600
2008-06-10,16.75990104675293,16.93036035482141,16.17918437811391,16.216743507585125,32680000
2008-06-11,16.617399215698242,16.818065056635078,16.579592431126777,16.78607478579665,23459000
2008-06-12,16.617399215698242,16.748268001225185,16.50397997137041,16.66683902773578,19044000
2008-06-13,16.117183685302734,16.6057595496927,15.680955314196419,16.58540231445863,61756600
2008-06-16,15.756567001342773,16.146264344774565,15.715852535659538,16.11718179115369,35384800
2008-06-17,15.692590713500977,15.907797230634236,15.692590713500977,15.864173943162838,28668600
2008-06-18,15.45993709564209,15.704225085796603,15.44539636836585,15.640244554517494,26037200
2008-06-19,15.518097877502441,15.587893797625512,15.413402887931687,15.529730900651668,25221200
2008-06-20,15.60534954071045,15.672237786349802,15.393051776015135,15.43376626384895,33273000
2008-06-23,15.489017486572266,15.660600719176676,15.419221556684612,15.660600719176676,17910600
2008-06-24,15.521007537841797,15.564630825464976,15.305802129346054,15.413404833593926,21827400
2008-06-25,15.73330307006836,15.872897127411985,15.529730714330023,15.547179139458375,23750600
2008-06-26,15.477385520935059,15.884531402321393,15.451211769965585,15.680957906935076,30532200
2008-06-27,15.076051712036133,15.483198612864724,15.073144011186894,15.462840269375844,35673200
2008-06-30,15.116775512695312,15.3843296408299,14.9597329446198,15.081877534029669,30142000
2008-07-01,14.831766128540039,15.099319024235763,14.8085000805389,15.099319024235763,35340600
2008-07-02,14.939373970031738,14.994630298363587,14.793964448125372,14.834678936757296,32505400
2008-07-03,14.971358299255371,15.049879543041055,14.887020543775986,14.93936803963311,14904400
2008-07-07,14.916102409362793,15.058603056387401,14.83176465780106,15.026612798251149,23402400
2008-07-08,14.968445777893066,15.029517466931065,14.831760570572564,14.855026609855125,26657400
2008-07-09,14.799777030944824,15.017891255867893,14.791052816951522,15.01498355433223,23205400
2008-07-10,14.55258560180664,14.817230894268784,14.453707079931409,14.817230894268784,30312600
2008-07-11,14.619464874267578,14.686353081910358,14.40135071958574,14.442065184291263,26927400
2008-07-14,14.820137023925781,14.907382508230846,14.697993567775995,14.697993567775995,25123000
2008-07-15,15.061515808105469,15.122587529954469,14.712532797075392,14.729982335912139,38457400
2008-07-16,15.221464157104492,15.297076597314415,14.904471451611833,15.087687703986632,27188400
2008-07-17,14.6398286819458,14.936464198670146,14.453704697190085,14.889933202481217,79214400
2008-07-18,14.549673080444336,14.68054184211676,14.439162667819938,14.68054184211676,36493800
2008-07-21,14.424615859985352,14.570025298531114,14.378084884026146,14.570025298531114,21760400
2008-07-22,14.933554649353027,15.15748540412872,14.558398996476784,14.575847425818784,43142600
2008-07-23,15.26799488067627,15.282535606304425,14.837582967642604,14.982992442696663,25824200
2008-07-24,15.08187484741211,15.381418088821984,14.985904036443971,15.247641603278403,21340400
2008-07-25,15.140035629272461,15.1952908329222,14.985900824335731,15.1952908329222,16853600
2008-07-28,14.87539005279541,15.140035258551478,14.863757028295163,15.122585721801109,14040000
2008-07-29,14.997532844543457,15.067329879192512,14.866664097942875,14.89283784726299,16244800
2008-07-30,14.921920776367188,15.12258545319398,14.831766502171018,15.078962166786031,19487000
2008-07-31,14.977182388305664,15.078968620976351,14.895753402169117,14.977182388305666,21216800
2008-08-01,15.454116821289062,15.477382866777145,15.046971009722627,15.10513390467061,33156000
2008-08-04,15.675143241882324,15.727490746285607,15.384324266035799,15.448303686339315,22279000
2008-08-05,15.968873977661133,15.99504773651453,15.718769417370135,15.733310147980548,25483200
2008-08-06,16.099735260009766,16.13463321906917,15.87871226406593,15.957233503989178,20380000
2008-08-07,15.707135200500488,16.04157752616448,15.657696498288994,16.04157752616448,19928800
2008-08-08,16.114286422729492,16.14918440439594,15.619893726676374,15.704231532641549,19658200
2008-08-11,16.09683609008789,16.236430228701366,15.951426545970072,16.035764347811234,14183600
2008-08-12,15.933979988098145,16.233523329270653,15.739130599141092,16.05030697146651,16690800
2008-08-13,16.056110382080078,16.12299859253493,15.82054779512734,15.867078772373585,19036800
2008-08-14,16.00086212158203,16.239333621899334,15.922340855469773,16.009586336910118,15411800
2008-08-15,16.01249122619629,16.17534912249165,15.922336955471204,16.059022212192993,23892000
2008-08-18,15.800192832946777,16.099735972687444,15.686772519557296,16.01539821762328,21137600
2008-08-19,15.800192832946777,15.875805265820265,15.698405542887421,15.771110274621462,16564200
2008-08-20,15.806008338928223,15.919428653061848,15.675140708457265,15.864172346574298,11033200
2008-08-21,15.561723709106445,15.774022548644052,15.477387044910671,15.759480711595364,11670800
2008-08-22,15.8118257522583,15.852540227116336,15.532639830900715,15.593711543187768,14812600
2008-08-25,15.579170227050781,15.875805673265006,15.521006218293568,15.74493693090782,12329200
2008-08-26,15.564629554748535,15.672232250211584,15.457026859285484,15.579170279640374,9461400
2008-08-27,15.643152236938477,15.707131654215038,15.477385517299513,15.584988222643718,13595400
2008-08-28,15.448307037353516,15.579175826749504,15.384327603171714,15.48611382304271,20861000
2008-08-29,15.142940521240234,15.439575941906243,15.134216308963207,15.439575941906243,17841200
2008-09-02,15.110955238342285,15.401774243434566,15.096414509964962,15.186568800922696,25723800
2008-09-03,15.02370834350586,15.134219865659299,14.910289119705437,15.02370834350586,22448800
2008-09-04,15.038249015808105,15.204015743742067,14.889931825851638,15.04697433949003,25899000
2008-09-05,15.102228164672852,15.154575664432146,14.971359415274613,15.032431128531707,18284200
2008-09-08,15.523917198181152,15.567539378805112,15.209832172634167,15.331976719031221,22306800
2008-09-09,15.669321060180664,15.85544495988221,15.462838818899934,15.462838818899934,29463600
2008-09-10,15.648975372314453,15.733312063879472,15.503565829730034,15.724587846328173,24609000
2008-09-11,15.85985279083252,15.985794459307666,15.537675987902968,15.578680044192227,27409200
2008-09-12,15.962361335754395,15.97700548049701,15.684118116538212,15.771984102270526,20364200
2008-09-15,16.035585403442383,16.334330690237262,15.68119191198762,15.745626381257805,32162400
2008-09-16,16.064870834350586,16.117590647171674,15.728051049412061,15.824703294733,32829400
2008-09-17,15.423445701599121,16.076584268897527,15.420517320100426,15.979932037570672,37536000
2008-09-18,15.63725471496582,15.82763193057702,15.259429782782899,15.587464404059935,40347200
2008-09-19,15.441023826599121,16.035584881100405,14.679515929002735,16.035584881100405,47807400
2008-09-22,15.04854965209961,15.423445035214527,15.028047630665286,15.379511493697335,23355200
2008-09-23,14.843530654907227,15.329723600326103,14.81131286836461,15.063196162487017,25686000
2008-09-24,14.700017929077148,14.966545413405408,14.606294052210734,14.937257120863432,21740600
2008-09-25,15.071981430053711,15.297504803684097,14.749805820453998,14.761521581564363,26174800
2008-09-26,15.370729446411133,15.423449263775112,14.890394325785266,14.919682616642286,27516800
2008-09-29,14.946033477783203,15.511305863895663,14.764443726385855,15.253565932001363,39031200
2008-09-30,15.487874031066895,15.493731908603781,14.940174212764983,15.174484845136831,35193200
2008-10-01,15.862775802612305,15.897921965064368,15.382440819087424,15.41172910158475,29096400
2008-10-02,15.698756217956543,15.894991257251004,15.493736035930358,15.53766845324617,30669000
2008-10-03,15.397088050842285,16.108804407691512,15.344368237944078,15.751481479665118,27695800
2008-10-06,14.913825988769531,15.315082534358364,14.269474597533264,15.03683927871901,46243600
2008-10-07,14.439353942871094,15.098350836871798,14.374919450761729,15.02512895976061,34820200
2008-10-08,13.885781288146973,14.527203816088262,13.60460986088032,14.24896188632335,49084200
2008-10-09,12.682022094726562,13.950224862837509,12.682022094726562,13.93265121953039,46288400
2008-10-10,12.154823303222656,13.194573024982807,11.800429928070216,12.315911099448638,73567200
2008-10-13,13.841852188110352,13.920931886794643,12.655658942398594,12.720094500721265,50478400
2008-10-14,12.807960510253906,13.794990322533904,12.491642831556051,13.794990322533904,57665600
2008-10-15,12.948551177978516,13.862360634575857,12.860685184880195,13.715916940319751,56256000
2008-10-16,13.408370018005371,13.446445650825467,12.339332858080226,13.121340816822364,53069400
2008-10-17,12.945622444152832,13.522609824105453,12.567797455085618,13.168216361775752,42030000
2008-10-20,13.607544898986816,13.727628657966111,13.042272270375964,13.206289575169638,27773000
2008-10-21,13.481602668762207,13.803779383640771,13.472816406894866,13.578256018408707,21927000
2008-10-22,13.29122543334961,13.537250799795409,12.951476224188875,13.355659876918422,31891200
2008-10-23,12.611730575561523,13.355663647478378,12.15482587537599,13.355663647478378,56321200
2008-10-24,12.187040328979492,12.594153483760078,12.008378903120075,12.008378903120075,40797600
2008-10-27,12.011307716369629,12.658589500384258,12.008379334962711,12.052312877001178,29412000
2008-10-28,13.253153800964355,13.273655827959402,12.043528621873122,12.172399782729627,36079600
2008-10-29,12.843111038208008,13.414241646976487,12.740600903139395,13.062776571020756,29859200
2008-10-30,13.080344200134277,13.326369528427053,12.848963010505418,13.162352270473148,25942200
2008-10-31,12.904620170593262,13.472821365074568,12.740602812624862,13.220938004267575,31870200
2008-11-03,13.311728477478027,13.370306162997219,12.93390357901949,13.036413690720757,18576200
2008-11-04,13.481602668762207,13.762775338557928,13.35859053351368,13.677837749585509,23774200
2008-11-05,13.10085391998291,13.601691130764173,13.062778243250314,13.390812952016537,23496800
2008-11-06,13.030556678771973,13.314656604606292,12.846037363958466,13.106706886398594,34002800
2008-11-07,13.54603385925293,13.742267759407973,13.030552846156345,13.133062925748371,29180800
2008-11-10,13.443528175354004,13.850641363529563,13.212146928874972,13.727628110520843,22561600
2008-11-11,13.015912055969238,13.40838110817544,12.866540014859892,13.352732919777145,27487000
2008-11-12,12.837254524230957,13.053990561824866,12.538509259706077,12.796249352127123,35027800
2008-11-13,13.55482292175293,13.581182821567909,12.687876843601213,12.843106744024809,37546800
2008-11-14,13.185791015625,13.818427761341567,13.174075251359914,13.352736745933763,33382200
2008-11-17,12.878251075744629,13.159422531261958,12.65272778831634,13.068627093276216,30672000
2008-11-18,12.737668991088867,12.813819196426024,12.310052689918097,12.687877569799042,38923200
2008-11-19,12.380346298217773,13.062773125856173,12.362772658008007,12.78453108483135,32379800
2008-11-20,12.028883934020996,12.816750539908409,12.008381907950527,12.301269271559077,42268800
2008-11-21,12.887038230895996,12.97197579647317,11.861932917074723,12.195824183383758,50104800
2008-11-24,13.247292518615723,13.50503365688681,12.799175304651486,13.03055654108489,36720800
2008-11-25,13.200433731079102,13.622191143402754,12.963194558178929,13.423028758874075,32370600
2008-11-26,13.404240608215332,13.42491695748463,12.922774632137688,13.073416766353509,21349000
2008-11-28,13.844358444213867,13.856173827727362,13.35107801368389,13.35107801368389,12565600
2008-12-01,13.094094276428223,13.738016640280046,13.085232179020831,13.64349586429575,25153200
2008-12-02,12.975940704345703,13.297902399074893,12.683516324929654,13.297902399074893,28670000
2008-12-03,13.628729820251465,13.705528669715003,12.848932705316535,12.899146384231601,39894200
2008-12-04,13.218157768249512,13.755745323654038,13.058653471122371,13.460367496430585,32059200
2008-12-05,13.581466674804688,13.613958402481318,12.82529934803322,13.09409413998479,28276200
2008-12-08,13.581466674804688,13.900475135509947,13.42196244445206,13.732109934618789,26908400
2008-12-09,13.241793632507324,13.749842924689155,13.108873333735726,13.448557289732673,26635000
2008-12-10,13.383572578430176,13.551937885297278,13.135455106187514,13.135455106187514,29363800
2008-12-11,13.061604499816895,13.481040365063869,12.967083709711192,13.345166870134006,33283400
2008-12-12,13.164986610412598,13.185662963372073,12.701243619561447,12.922776938507287,30458000
2008-12-15,13.283141136169434,13.371754258216312,12.949363878789983,13.256557086877672,20399200
2008-12-16,13.723248481750488,13.820723669357834,13.212245165795661,13.371749403638644,35063000
2008-12-17,13.433782577514648,13.720299411947511,13.294954647135523,13.611009938445283,26407400
2008-12-18,13.345165252685547,13.720295085916224,13.224060434617106,13.608051238728514,31094400
2008-12-19,13.123637199401855,13.590333589229111,13.049792741213357,13.424922724024164,50547600
2008-12-22,13.191567420959473,13.235874524601192,12.996618193133529,13.212243768851888,22376800
2008-12-23,12.98775863647461,13.330396744691038,12.955266907171715,13.212245206639894,20176200
2008-12-24,13.026156425476074,13.100000852211826,12.996619105492385,13.01138776548423,5316600
2008-12-26,13.167939186096191,13.271320936503445,13.076371688037929,13.11772438820083,9626600
2008-12-29,13.117727279663086,13.25064750718306,12.913917015317004,13.25064750718306,13950600
2008-12-30,13.271322250366211,13.33335130675145,13.15612510942886,13.179754743242754,16001800
2008-12-31,13.37175464630127,13.43969141273482,13.3097255717459,13.34221618691037,15550400
2009-01-02,13.557835578918457,13.58737289537175,13.30381060102511,13.4101467430992,16355800
2009-01-05,13.421965599060059,13.554885822261253,13.345167873864249,13.460365025046356,20237200
2009-01-06,13.206337928771973,13.578514496492213,13.132493496882024,13.498762374837876,21307800
2009-01-07,13.271322250366211,13.345166687046737,13.061604320619923,13.061604320619923,21581000
2009-01-08,13.362890243530273,13.374704497478591,13.162033278311455,13.244738689833301,20087000
2009-01-09,13.173846244812012,13.368795500616395,13.07046449051295,13.359934529326937,19802400
2009-01-12,12.91686725616455,13.194521900785569,12.851883798726556,13.132492851472877,20469800
2009-01-13,13.002530097961426,13.091143207199984,12.884378534458802,12.9375466253573,22602400
2009-01-14,12.589003562927246,12.857797359464954,12.485621766865462,12.848936384595962,27053600
2009-01-15,12.80758285522461,12.816443829532542,12.52402040960075,12.574234099715039,28061600
2009-01-16,12.949363708496094,13.138405333517253,12.840074230301417,12.96708678338319,28353200
2009-01-20,12.665803909301758,13.144315763159616,12.665803909301758,12.931643327321813,28331800
2009-01-21,12.786898612976074,12.83415899143951,12.453121556266392,12.819390334440243,23800600
2009-01-22,12.736681938171387,12.769173654816967,12.494472393619406,12.594900823807505,23489400
2009-01-23,12.464940071105957,12.600813552552687,12.275898509653707,12.597860271119751,31255800
2009-01-26,12.710104942321777,12.813487836747388,12.441311219658006,12.494479307813632,25210800
2009-01-27,12.798714637756348,12.975940784279643,12.701239468425085,12.783944853232441,19822800
2009-01-28,12.955266952514648,12.99661965294431,12.775086363405485,12.99661965294431,18563600
2009-01-29,12.863702774047852,13.141358623071135,12.801673707393366,12.908009894102124,21258400
2009-01-30,12.618536949157715,12.902099298699625,12.56241445948529,12.83120814792584,22607400
2009-02-02,12.47675895690918,12.553556690291478,12.267039859379747,12.467896856566561,15966800
2009-02-03,12.795760154724121,12.848928223723014,12.399954044830334,12.553550563407542,17950000
2009-02-04,12.52402114868164,12.863704996263195,12.488574995804123,12.804629201577733,18307000
2009-02-05,12.609673500061035,12.668749264913643,12.37927925659001,12.470846748450377,22119800
2009-02-06,12.863702774047852,12.905055485150841,12.60081671622724,12.621493071778735,18722400
2009-02-09,12.497435569763184,12.807582045479169,12.4058680428548,12.795766662630939,19688400
2009-02-10,12.013012886047363,12.497433356024356,11.89781574062495,12.408819127136288,45488000
2009-02-11,12.190242767333984,12.284763579597415,12.098675237488862,12.098675237488862,21237400
2009-02-12,13.111815452575684,13.129538519579745,12.450170059294626,12.597858903999064,61226200
2009-02-13,12.952314376831055,13.108865356462204,12.905053980114058,13.05569726930849,22736400
2009-02-17,12.583089828491211,12.757362720152157,12.535829440588746,12.701241361635642,26421200
2009-02-18,12.606719017028809,12.713055158270837,12.479706529075983,12.636256333250977,18108200
2009-02-19,12.789856910705566,12.913916157071636,12.60672301316939,12.733735541383265,19813000
2009-02-20,12.653983116149902,12.84007141798678,12.518109618772948,12.69238253993964,30173200
2009-02-23,12.432452201843262,12.757367345631167,12.382237387678549,12.70715365824339,23461400
2009-02-24,12.718965530395508,12.760318232541945,12.461986092582718,12.618537056564177,26216000
2009-02-25,12.515151023864746,12.783944646927267,12.453121986260243,12.683516198377735,26349400
2009-02-26,12.131165504455566,12.633307962847605,12.113442431767556,12.633307962847605,21334000
2009-02-27,12.066184997558594,12.196151975666284,11.948034530924543,12.098676742085516,35448000
2009-03-02,11.723543167114258,12.027783033346049,11.702866813565475,11.948030901039274,31199000
2009-03-03,11.46951961517334,11.903724180905655,11.448842134160564,11.758989701253816,37264600
2009-03-04,11.73536205291748,11.90963503257193,11.472475942050636,11.59358081762223,33883400
2009-03-05,11.180047035217285,11.64969768801954,11.058942206596663,11.566992281188869,36464600
2009-03-06,11.549275398254395,11.581767147423314,11.253897499303875,11.268667295673213,33002400
2009-03-09,11.445891380310059,11.776714247933706,11.439983688255364,11.66151706980975,35127400
2009-03-10,11.566990852355957,11.717632985728725,11.416348718983189,11.705818733909906,35181400
2009-03-11,11.811760902404785,11.925192335153133,11.656539241459235,11.689374746099414,27254000
2009-03-12,12.190861701965332,12.196831898186241,11.746091762444802,11.814748449636014,25473600
2009-03-13,12.304300308227539,12.37295589664633,12.068482544507024,12.262510049076898,24396800
2009-03-16,12.319223403930664,12.540115066181505,12.274447482250608,12.375938584519613,23204000
2009-03-17,12.37295150756836,12.438621403495963,12.184894269401175,12.34011599025518,20241600
2009-03-18,12.432653427124023,12.611754815173574,12.238625974487965,12.328176668512741,28792800
2009-03-19,12.59085464477539,12.61174976038311,12.477423203834617,12.492348123740362,22777600
2009-03-20,12.728171348571777,12.877422890911877,12.62966592275074,12.632650452570026,38328800
2009-03-23,13.175925254821777,13.175925254821776,12.835631939093439,12.883392384481647,26501400
2009-03-24,13.140105247497559,13.235626138579597,12.958018193029035,13.014733366265608,21878800
2009-03-25,13.358014106750488,13.399804359752954,13.143091504224682,13.253538474244328,24485400
2009-03-26,13.387860298156738,13.43263620766175,13.08040254489828,13.417711284059639,27807800
2009-03-27,13.462491035461426,13.492342032408029,13.262494480065142,13.262494480065142,23103600
2009-03-30,13.11025333404541,13.331146090802816,12.963987478057696,13.283385648625371,22905800
2009-03-31,13.119208335876465,13.349055804562749,13.092343017752128,13.214729213941066,23836600
2009-04-01,13.390846252441406,13.429651965595644,12.9848819450704,13.062492232680173,21254800
2009-04-02,13.534130096435547,13.680397111025817,13.328163375023697,13.522189699591664,24926400
2009-04-03,13.42367935180664,13.659495840188626,13.277412390831838,13.543079860381386,17886600
2009-04-06,13.429655075073242,13.501295181962188,13.295328451282758,13.343088902108377,16084000
2009-04-07,13.319206237792969,13.48338269329269,13.271445793671253,13.38487727547238,15666200
2009-04-08,13.429655075073242,13.474429857204091,13.289358252592184,13.340103233413608,13595600
2009-04-09,13.429655075073242,13.650546733129621,13.37890895555285,13.644576534439048,16203000
2009-04-13,13.352036476135254,13.423677683334384,13.253531097272102,13.417707487842927,13174400
2009-04-14,13.196819305419922,13.313235310418712,13.077418771007794,13.313235310418712,16458200
2009-04-15,13.441593170166016,13.46845849259848,13.163985217930172,13.193836208798949,16665600
2009-04-16,13.462491035461426,13.584877276194744,13.23562915216275,13.5430870191686,17325600
2009-04-17,13.438608169555664,13.563978910715075,13.331146883591122,13.507263738099937,22426000
2009-04-20,13.232641220092773,13.432637724075809,13.077419491970709,13.387861809516032,27665400
2009-04-21,12.8624906539917,13.417706258130632,12.722193919546328,13.181888681972998,37523000
2009-04-22,12.814729690551758,12.901295805531435,12.716223186189048,12.895325610839919,28969200
2009-04-23,12.811745643615723,12.880402321899158,12.743090104030635,12.856521540113903,28034600
2009-04-24,12.772941589355469,12.862492247215705,12.707270575532045,12.820702016127488,29316200
2009-04-27,12.60876750946045,12.826674567801374,12.561007073915844,12.662497003086852,23763600
2009-04-28,12.620705604553223,12.701301545634434,12.537125134705374,12.569960644630886,18167600
2009-04-29,12.749068260192871,12.86249976710453,12.644592621392041,12.64757715162961,20426400
2009-04-30,12.850557327270508,13.155030604590577,12.77593155749693,12.874438120173517,35959200
2009-05-01,12.677424430847168,12.898316042038209,12.59085827624856,12.877420920403887,21220200
2009-05-04,12.886370658874512,12.907266911118617,12.605778320760429,12.716224083602379,26789000
2009-05-05,12.877419471740723,13.059506487240307,12.841599429925614,12.931150103812685,22393600
2009-05-06,12.817724227905273,13.011751721451843,12.761009042094306,12.984886393709996,19488600
2009-05-07,12.775931358337402,12.931153093690616,12.707275787859825,12.931153093690616,27057600
2009-05-08,12.811745643615723,12.886371378647123,12.689359483712158,12.820701506134368,24158600
2009-05-11,12.761003494262695,12.892344406845249,12.698318136350473,12.755033297504589,18437800
2009-05-12,13.253536224365234,13.340101245732905,12.793841241976532,12.82369109228279,37052200
2009-05-13,13.023690223693848,13.250552072601964,12.966973907442622,13.143090777282724,23717800
2009-05-14,13.402787208557129,13.483382028848128,13.107268692261373,13.110253221691178,34590000
2009-05-15,13.420699119567871,13.456520311476112,13.322193688567614,13.381894536382386,34102200
2009-05-18,13.752037048339844,13.7669619748647,13.337117941974784,13.474429087921699,28462000
2009-05-19,13.922178268432617,14.008744402583906,13.677405925362285,13.772926784184929,31889400
2009-05-20,14.02963924407959,14.116205376532811,13.892328154552818,13.972924091109428,33379200
2009-05-21,13.934122085571289,13.975912329241243,13.850541598231382,13.922181690608808,28366400
2009-05-22,14.119192123413086,14.24157831177577,13.922180182665876,13.931134908568463,24576400
2009-05-26,14.09233283996582,14.172928823688267,13.993827396771124,14.029647454414732,28784800
2009-05-27,13.91919994354248,14.086360951636301,13.892334618856122,14.068451494311372,19064800
2009-05-28,13.999788284301758,14.089338938196347,13.838596424072488,13.925162549606542,18940200
2009-05-29,14.67440414428711,14.67440414428711,14.014712935484889,14.0326223827023,45436800
2009-06-01,14.63261890411377,14.760975300187472,14.543068221403878,14.701274465481308,42668400
2009-06-02,14.823653221130371,14.904249136710982,14.590821335251814,14.629625890432814,33442000
2009-06-03,14.653514862060547,14.775901067781087,14.557993976556652,14.72814062502914,26862800
2009-06-04,14.85351848602295,14.86247435619081,14.540090358931561,14.668446823910783,21710200
2009-06-05,14.757987976074219,14.907239476741752,14.695302619081515,14.898284751085246,19833400
2009-06-08,14.74008560180664,14.81471138796992,14.569938900450294,14.695309674629021,15849400
2009-06-09,14.653514862060547,14.805750917489013,14.584859296773297,14.77888559727237,20304400
2009-06-10,14.450531959533691,14.734110072107717,14.343070684141537,14.716199479976117,28236200
2009-06-11,14.625138282775879,14.81480062533917,14.474611957832158,14.486653191024867,20569000
2009-06-12,14.718461036682129,14.76361938484441,14.595029519919654,14.65524026799453,17240800
2009-06-15,14.483647346496582,14.649226121997847,14.48063617601153,14.63417371484774,17630000
2009-06-16,14.399352073669434,14.549878432883583,14.396340903367161,14.507730087626637,15866200
2009-06-17,14.429454803466797,14.6432019270777,14.402360016781977,14.414402399402967,16653800
2009-06-18,14.917160987854004,14.944255776668468,14.438487151081752,14.447519512969844,24154600
2009-06-19,14.69438362121582,15.019519960408635,14.664277660274369,14.971351571327293,30718400
2009-06-22,14.447522163391113,14.694385329688158,14.447522163391112,14.607079755444659,21359600
2009-06-23,14.390320777893066,14.610089140825407,14.375268370540866,14.507731163035338,18727000
2009-06-24,14.300004959106445,14.598047673034843,14.257857759817087,14.486657333855767,17777000
2009-06-25,14.405378341674805,14.459567946280046,14.203673484419552,14.27592552494289,20630200
2009-06-26,14.489670753479004,14.537839152775886,14.339144362123093,14.366239158504166,26200600
2009-06-29,14.53783893585205,14.601059743656139,14.486659366373589,14.492680559749008,17526600
2009-06-30,14.447522163391113,14.525795374089517,14.393332575821018,14.513752988312804,31447400
2009-07-01,14.805773735046387,14.932215333662718,14.573962989158058,14.595036588927446,24212400
2009-07-02,14.715458869934082,14.881037654193541,14.682342883397167,14.682342883397167,22199200
2009-07-06,14.751580238342285,14.766632641553601,14.564927911987496,14.655243479680152,16671800
2009-07-07,14.643202781677246,14.80276034123053,14.616107993411132,14.670297569943358,17109000
2009-07-08,14.604069709777832,14.715460064155451,14.501711719641095,14.616112096482203,21321000
2009-07-09,14.664281845092773,14.706429054013583,14.6040710544522,14.667293016258723,17427000
2009-07-10,14.543859481811523,14.712448295117744,14.456553904392141,14.60105909369397,15619200
2009-07-13,14.766639709472656,14.805776895294544,14.48063931786711,14.564934883362353,20608400
2009-07-14,14.838889122009277,14.856951550555173,14.673310352596836,14.757604748277712,15369200
2009-07-15,15.21219539642334,15.227248952966644,14.868995438258276,14.893080209987465,20127200
2009-07-16,15.290468215942383,15.317563007195957,15.100804677167357,15.1580042816249,15817800
2009-07-17,15.148974418640137,15.21821641392567,15.061668844765942,15.14596439642125,19808400
2009-07-20,15.362716674804688,15.362716674804688,15.073706400542076,15.236275110474073,19104800
2009-07-21,15.158008575439453,15.302514935342897,14.992429759064038,15.302514935342897,28738600
2009-07-22,14.790728569030762,15.155002284441396,14.706432980259045,15.1489810889273,28358800
2009-07-23,14.805773735046387,15.058658080704106,14.715458143402572,14.790721327843261,26749000
2009-07-24,14.859968185424805,14.944262612103495,14.703420572717645,14.875020597556652,16574000
2009-07-27,14.908136367797852,14.92920997414876,14.796747141596565,14.85996796064929,16257600
2009-07-28,14.868990898132324,14.97737004097073,14.751580542865643,14.881033280319874,16079600
2009-07-29,14.835880279541016,15.034575063698254,14.77868066612877,14.878027483994796,18125000
2009-07-30,14.953286170959473,15.203160448384772,14.917160170660882,14.998444532651346,19436600
2009-07-31,15.004472732543945,15.112851932487402,14.902114726866836,14.944261938305873,16822200
2009-08-03,14.932209968566895,15.082736283364643,14.841894409373172,15.06166269116693,18436000
2009-08-04,14.902112007141113,15.097796765594852,14.85695363259789,14.920175586643436,17580200
2009-08-05,14.80276107788086,14.929203812223358,14.751582668845165,14.90511904437719,15010000
2009-08-06,14.868990898132324,14.917159278457751,14.811791305378621,14.8750120892261,13811600
2009-08-07,14.853940963745117,14.977372530623306,14.80276140515296,14.950277740409803,13305400
2009-08-10,14.884042739868164,14.896085121601185,14.745558795212624,14.829853170494305,13499200
2009-08-11,14.763630867004395,14.896093697050214,14.736536066719411,14.87803011405176,12509000
2009-08-12,14.589012145996094,14.778675650089486,14.579980933371342,14.739538481340894,24894800
2009-08-13,14.486660957336426,14.646219728245176,14.275923759753876,14.579987742267003,26560600
2009-08-14,14.592035293579102,14.592035293579102,14.450540054713791,14.465592470918969,14806400
2009-08-17,14.661266326904297,14.688361115115415,14.486655214338235,14.582991983883344,16211600
2009-08-18,14.634166717529297,14.736524645002701,14.59502955891239,14.676313896766963,15516200
2009-08-19,14.859968185424805,14.896094204226324,14.546872960010486,14.546872960010486,17039600
2009-08-20,14.878022193908691,14.926191722928744,14.787706623845654,14.868990981429821,11873200
2009-08-21,15.025542259216309,15.046615859214889,14.826847496068934,14.932215496061835,17650000
2009-08-24,14.769647598266602,14.99242597913506,14.694384414487386,14.99242597913506,21742400
2009-08-25,14.673312187194824,14.796743774199427,14.658258630291092,14.787711410372157,21427800
2009-08-26,14.805773735046387,14.847920934585165,14.66126855873127,14.697394565703785,13591400
2009-08-27,14.884042739868164,14.944253500108537,14.679326844105741,14.805769555452995,13884800
2009-08-28,14.769647598266602,14.944257587453363,14.727499250673203,14.93823639494002,13716200
2009-08-31,14.682342529296875,14.86297371714627,14.601058150237122,14.703416129598468,21321600
2009-09-01,14.610089302062988,14.826847645287067,14.564932079508024,14.667290058427719,24552800
2009-09-02,14.992424011230469,15.142950359030824,14.616108141729578,14.616108141729578,40824000
2009-09-03,14.92619514465332,15.00747837244631,14.820825998403995,14.941247551710353,22579800
2009-09-04,15.03758716583252,15.076724350288472,14.766639194099398,14.841902391978012,15117600
2009-09-08,15.17607307434082,15.290473470998238,14.968347035621779,15.034577877117838,31283600
2009-09-09,15.242298126220703,15.296487702685631,15.124887760021656,15.170044974792507,15813000
2009-09-10,15.227256774902344,15.293487634328825,15.10081395522322,15.212203210626326,21545000
2009-09-11,15.633957862854004,15.70376688843713,15.175653632586506,15.215110656218167,34130200
2009-09-14,15.831239700317383,15.925329157034303,15.45184841037706,15.503446227870317,33162200
2009-09-15,15.919256210327148,15.95871322235459,15.676446055177793,15.806956730659975,27725400
2009-09-16,15.986026763916016,16.031554170232543,15.752322807733941,15.916218923291364,26104600
2009-09-17,16.213666915893555,16.222773094895945,15.910153859516868,15.934435459776008,27358600
2009-09-18,16.316858291625977,16.42612315634701,16.177242590175858,16.29257785380475,124169000
2009-09-21,16.08618927001953,16.316858644455007,16.01941603839942,16.231875373527764,24711600
2009-09-22,16.040660858154297,16.180277711747312,16.00423962399576,16.180277711747312,19425600
2009-09-23,15.958712577819824,16.131714878739718,15.834271148158393,16.06797627486652,20835200
2009-09-24,15.88586711883545,16.128677236108352,15.852480510621056,15.958710732922304,24283000
2009-09-25,16.07708168029785,16.171169955837797,15.864622379133067,15.882833573339207,21737000
2009-09-28,16.125646591186523,16.2774030966166,16.05583873762592,16.09529459541436,15193400
2009-09-29,16.180280685424805,16.250088546145804,16.143858286762253,16.20759690551653,17321200
2009-09-30,16.29865264892578,16.37453091902524,15.964787565801855,16.18331735418766,28275800
2009-10-01,16.12261390686035,16.29865204269235,16.09833346339311,16.207598353521874,28071000
2009-10-02,16.35024642944336,16.41398504500686,16.05887420159136,16.10440161873525,25169000
2009-10-05,16.329004287719727,16.38970713831263,16.177247740142757,16.332040067045188,15554600
2009-10-06,16.486831665039062,16.58699154479458,16.286513063338635,16.332040491920342,19109800
2009-10-07,16.635547637939453,16.77819795797992,16.486825761264278,16.65072305609565,20761400
2009-10-08,16.56877326965332,16.696248162774282,16.486824627871226,16.696248162774282,18030400
2009-10-09,16.586986541748047,16.662864794623726,16.465580874022855,16.593055783105076,11828400
2009-10-12,16.62947654724121,16.76909224096577,16.550562523615927,16.64161734438512,16013800
2009-10-13,16.632518768310547,16.681080821267823,16.55664048820164,16.623413745196896,11937400
2009-10-14,16.644649505615234,16.70231654681363,16.568771271391572,16.668929938505624,16081000
2009-10-15,16.6689395904541,16.756958670994333,16.495937208874004,16.611272515864282,24241800
2009-10-16,16.696243286132812,16.753911475252465,16.599119255605764,16.66892708018397,22090800
2009-10-19,16.62947654724121,16.8449704864,16.593054155809476,16.735705627725082,20656000
2009-10-20,16.410947799682617,16.43522939540534,16.140821415223474,16.265261698776907,26859600
2009-10-21,16.410947799682617,16.599125535292885,16.298648313990547,16.33506954976442,16511200
2009-10-22,16.43523406982422,16.471655315956824,16.210633876750315,16.262231703431166,16361000
2009-10-23,16.159034729003906,16.435231548578162,16.12261233064814,16.362387909676986,21709400
2009-10-26,16.1560001373291,16.48075902076297,15.99817320628855,16.110473872754802,21567600
2009-10-27,16.225805282592773,16.36542098971298,16.113505792762194,16.15903320751499,14735200
2009-10-28,16.240983963012695,16.389705877635258,16.156000673405796,16.162071073779213,16017200
2009-10-29,16.417024612426758,16.42309501372903,16.131722698084086,16.24402222764941,14807000
2009-10-30,16.180280685424805,16.471652927862987,16.119577845464256,16.40791546691908,21812200
2009-11-02,16.30472183227539,16.365423517574982,16.13475410312941,16.24098321021413,18603600
2009-11-03,16.12261390686035,16.29258164237292,16.01638479579654,16.283476620799014,16314800
2009-11-04,16.234914779663086,16.38970593741315,16.095297886186188,16.213667799373383,14114400
2009-11-05,16.511104583740234,16.53538501715053,16.222767055954236,16.24097709155946,16305800
2009-11-06,16.538421630859375,16.541456251010292,16.33203272629536,16.380594753380418,10680400
2009-11-09,16.83890151977539,16.84497191886356,16.441299063077015,16.56877512830812,19230400
2009-11-10,16.939064025878906,17.054398153220205,16.76909629817166,16.799447140564546,16139400
2009-11-11,17.036190032958984,17.078681680227167,16.91782011333746,17.01494420932489,14304600
2009-11-12,16.9785213470459,17.11206784378466,16.951205123423016,17.030119172916017,15196000
2009-11-13,17.136348724365234,17.209192375150398,16.966382135550766,17.014944183470693,23351000
2009-11-16,17.221323013305664,17.32755206862293,17.12723359444618,17.194006805108387,16239400
2009-11-17,17.26078224182129,17.275957658725954,17.133307350449975,17.190974397811747,11344000
2009-11-18,17.172767639160156,17.300242554868127,17.084748583374946,17.278996735583465,15253200
2009-11-19,17.263824462890625,17.294175308027146,17.008873427188064,17.069576275271633,18154400
2009-11-20,17.4459228515625,17.509660288162802,17.20614736209287,17.20614736209287,20697600
2009-11-23,17.67660140991211,17.709986874491648,17.515738698197634,17.515738698197634,18542400
2009-11-24,17.661426544189453,17.7342701962733,17.561267825111056,17.7342701962733,15581400
2009-11-25,17.63714027404785,17.71605314308474,17.600719038939303,17.71605314308474,13380600
2009-11-27,17.478193283081055,17.585177210097896,17.239771293707893,17.417059110769706,15675400
2009-11-30,17.48430061340332,17.52098063736094,17.362032312162,17.51181092288077,18884800
2009-12-01,17.753297805786133,17.808317282348078,17.53932876968158,17.603519130701713,15359800
2009-12-02,17.71661376953125,17.78997500328901,17.63102663517824,17.6768775520315,13599400
2009-12-03,17.505699157714844,17.75634815111929,17.472075313178653,17.75634815111929,20241800
2009-12-04,17.572948455810547,17.738009178407957,17.36509300331601,17.606571137388258,24927200
2009-12-07,17.68910789489746,17.759411796633906,17.331474851363687,17.410948472358676,16705400
2009-12-08,17.631025314331055,17.649365912905804,17.44456664328454,17.58517440091277,18290800
2009-12-09,17.676877975463867,17.68299034288928,17.4323413011052,17.560723171747227,19494600
2009-12-10,17.906126022338867,18.010052568653446,17.704382963623722,17.722723559698828,30755400
2009-12-11,18.06813621520996,18.15678070836136,17.91224401469717,17.91224401469717,30435600
2009-12-14,18.046737670898438,18.17206218947257,18.0100564708007,18.06813445460349,16670200
2009-12-15,18.0528507232666,18.092586939924573,17.988659207824437,18.080361039588322,15299800
2009-12-16,17.857229232788086,18.095652470714974,17.84500332692441,18.01923502038766,19605000
2009-12-17,17.41706085205078,17.811375078541545,17.404833783158633,17.808317728299773,25472000
2009-12-18,17.398723602294922,17.502651375835192,17.2122660129188,17.502651375835192,37737800
2009-12-21,17.478193283081055,17.609631345437375,17.39260614146758,17.429286178439447,14616200
2009-12-22,17.505699157714844,17.60045715904074,17.450678533207814,17.46901913005584,12111800
2009-12-23,17.51181983947754,17.5760102055968,17.420119149873234,17.484309515992493,10937600
2009-12-24,17.55767250061035,17.579069292850086,17.438461467835342,17.57295692309964,5814200
2009-12-28,17.55767250061035,17.600467251127544,17.508765380342712,17.548502779946958,7679600
2009-12-29,17.649372100830078,17.71967600429296,17.560727592362177,17.560727592362177,9551000
2009-12-30,17.631025314331055,17.698273009734628,17.56989115178573,17.649365912905804,9625200
2009-12-31,17.42317008972168,17.652422327744333,17.401773307455873,17.600459046823712,10848800
2010-01-04,17.435400009155273,17.490420648568612,17.39260643761987,17.47208004675171,13870400
2010-01-05,17.2244815826416,17.42011110712414,17.160291246158593,17.377316383431808,23172400
2010-01-06,17.2183780670166,17.25200076100153,17.111392951850615,17.22449043607743,19264600
2010-01-07,17.17557716369629,17.230597793818994,17.041082937861436,17.21837189404286,13234600
2010-01-08,16.857688903808594,17.00746644365293,16.73542052488296,16.952445789740164,28712400
2010-01-11,17.20003318786621,17.255053824042914,16.750698381102243,16.857683469684634,28642400
2010-01-12,17.386493682861328,17.42317372210159,17.135844610317598,17.145014328618306,23269800
2010-01-13,17.432342529296875,17.554610875090596,17.328414785183423,17.38037924025883,15157400
2010-01-14,17.462909698486328,17.49958973475869,17.352868423631918,17.435399379772726,12392600
2010-01-15,17.206146240234375,17.53015534861626,17.129728821685852,17.407888178560984,27460800
2010-01-19,17.245882034301758,17.267279983723515,17.09304720096252,17.184749033795857,14615400
2010-01-20,16.96467399597168,17.236719932944645,16.900483617457606,17.166416018471455,18810200
2010-01-21,16.619258880615234,16.98912005079464,16.564238249217876,16.97994916820361,27396800
2010-01-22,16.57952308654785,16.76903795171607,16.500048320935957,16.613145770112787,23551400
2010-01-25,16.613149642944336,16.67122763890067,16.46948566029512,16.65594438534703,16853200
2010-01-26,16.54895782470703,16.658999106287023,16.466426863522038,16.527561038403967,15515000
2010-01-27,16.662050247192383,16.707901155985432,16.414458604613653,16.506159256162704,20414800
2010-01-28,16.561187744140625,16.76292973975763,16.54590448929826,16.723192344337395,20905200
2010-01-29,16.582582473754883,16.793494162864178,16.47559853711338,16.64065930135492,22146800
2010-02-01,16.622318267822266,16.677338905964387,16.506163457740303,16.66205448845142,14517600
2010-02-02,16.82711410522461,16.876021202891007,16.552012118115062,16.66816574629952,16888600
2010-02-03,16.772096633911133,16.799606954407853,16.66816888603879,16.787379886178776,15899400
2010-02-04,16.331933975219727,16.714021142586766,16.322764256334917,16.674283750690094,21342800
2010-02-05,16.228004455566406,16.331932200437972,16.056829003414013,16.273855377082857,29285000
2010-02-08,16.0935115814209,16.283026485534467,16.069057443580455,16.283026485534467,16721200
2010-02-09,16.509227752685547,16.80572787434147,16.31359923919468,16.411413495940113,31495000
2010-02-10,16.441972732543945,16.68956443258389,16.252456687184267,16.68956443258389,18717600
2010-02-11,16.57341194152832,16.607035795975595,16.28302548570969,16.383895883014116,26327200
2010-02-12,16.500045776367188,16.62842762177356,16.390004527743738,16.48170517958426,24640000
2010-02-16,16.756811141967773,16.756811141967773,16.484765323437543,16.66205312491367,19339400
2010-02-17,16.912704467773438,16.9799510065105,16.7384716721273,16.753756089421355,17064600
2010-02-18,17.08998680114746,17.09304298400388,16.857678424840106,16.857678424840106,17264600
2010-02-19,17.031911849975586,17.086932475667595,16.86684997289956,17.05636481359588,18944800
2010-02-22,16.92798614501953,17.074707442308753,16.894362295758775,17.056366842883644,13487600
2010-02-23,16.759870529174805,16.9952351765344,16.747643461093492,16.937158352204257,14835600
2010-02-24,16.86073875427246,16.866852287525763,16.717073637913032,16.81183165428331,14470600
2010-02-25,16.237178802490234,16.37778779107594,16.081287723758795,16.243292338171152,63648600
2010-02-26,16.114904403686523,16.228001848275497,15.965125761362868,16.228001848275497,63095400
2010-03-01,16.283029556274414,16.313596068301894,16.136308199674666,16.267746300260672,39449800
2010-03-02,16.292194366455078,16.411405359886636,16.246344612232278,16.31664850153711,24506200
2010-03-03,16.484769821166992,16.54284665428236,16.25551750713189,16.29219755088699,26574200
2010-03-04,16.64983367919922,16.82406536459177,16.60398274471162,16.720137590319222,28983200
2010-03-05,16.72013282775879,16.796550252779593,16.616205083089007,16.71707547777703,24238600
2010-03-08,16.646772384643555,16.77209692104359,16.60397881114658,16.726247163455728,18915600
2010-03-09,16.561187744140625,16.686512299508195,16.490883839035657,16.61009485925876,23070000
2010-03-10,16.56730079650879,16.619264094666132,16.518393682815823,16.58564023537017,21574800
2010-03-11,16.517990112304688,16.573461070247735,16.333087702881762,16.573461070247735,29130600
2010-03-12,16.440948486328125,16.57038112315515,16.41321300526383,16.545726839728694,22334400
2010-03-15,16.53339385986328,16.591945994790947,16.447105080056716,16.55804695725056,23874000
2010-03-16,16.548805236816406,16.60119381313898,16.508742623664606,16.579621908114312,22287800
2010-03-17,16.591949462890625,16.63817564657721,16.517987804108227,16.58578589336037,26074400
2010-03-18,16.625850677490234,16.65358615620603,16.561134952346993,16.610442339443868,23496200
2010-03-19,16.872392654418945,16.96792625978105,16.51799489555484,16.872392654418945,43610800
2010-03-22,16.807659149169922,16.90319147800117,16.764515365106785,16.792250822801652,18127400
2010-03-23,17.04188346862793,17.054210610589237,16.767611025684133,16.860062239232015,19081200
2010-03-24,16.832321166992188,17.060368515209824,16.829239970315715,17.017224708255814,17052600
2010-03-25,16.887802124023438,17.00490765202694,16.84157709298769,16.92170118546508,16638800
2010-03-26,16.841569900512695,16.940184668638047,16.795343713637347,16.88471371461994,16276800
2010-03-29,16.878549575805664,16.937101725037717,16.847731727067167,16.887794342636848,13853600
2010-03-30,16.90936851501465,16.964839474596968,16.82924444871846,16.918614458665626,13631600
2010-03-31,16.94942283630371,17.038792802488953,16.795337174155495,16.884707140340737,22922000
2010-04-01,17.04188346862793,17.081946092211698,16.989494878663816,17.06037418156989,14346000
2010-04-05,16.90628433227539,17.12200456193997,16.841568616050218,17.12200456193997,19191800
2010-04-06,16.730634689331055,16.90012881641697,16.709062773642735,16.90012881641697,17604200
2010-04-07,16.585792541503906,16.73371474278021,16.505668456655506,16.73371474278021,24060800
2010-04-08,16.567302703857422,16.57346627618502,16.468687897778246,16.57346627618502,19466800
2010-04-09,16.823076248168945,16.829239817046325,16.59502890202821,16.613519608660347,20640600
2010-04-12,16.875469207763672,16.90628706016299,16.798426340136665,16.841571333495715,16930400
2010-04-13,16.955591201782227,16.97408190968124,16.841568108689923,16.850812874849108,15055000
2010-04-14,16.934024810791016,16.967923865186513,16.841573592354855,16.95867792043618,13865200
2010-04-15,16.72138786315918,16.878556012712274,16.681326407892147,16.87547363887255,20351000
2010-04-16,16.940187454223633,16.99257604408824,16.693649317789603,16.712140030696446,35075600
2010-04-19,17.04804801940918,17.04804801940918,16.924778943873402,16.943269657878076,26468600
2010-04-20,16.786104202270508,17.038804771660576,16.73987800092161,17.017232857852726,32508800
2010-04-21,16.69980812072754,16.819995956935234,16.641255976611447,16.81691358454034,19263200
2010-04-22,16.73678970336914,16.798423044915904,16.641256143042646,16.684399952357634,20295600
2010-04-23,16.604276657104492,16.78301547175291,16.56113284583007,16.78301547175291,21675400
2010-04-26,16.55805778503418,16.749123823155724,16.55805778503418,16.64126424734063,17890800
2010-04-27,16.29302406311035,16.598114312697085,16.283779295892224,16.536479788221094,27600400
2010-04-28,16.444032669067383,16.508748406811822,16.197495685578286,16.33617193057892,24754600
2010-04-29,16.561134338378906,16.69981055123592,16.50566338300378,16.524152917741628,17437600
2010-04-30,16.471765518188477,16.628932452651632,16.456357179606734,16.52415410448257,19349600
2010-05-03,16.567302703857422,16.625856053179017,16.416299296365466,16.551894360829028,16123400
2010-05-04,16.388559341430664,16.579625329179976,16.348496720012278,16.4532750698582,23282800
2010-05-05,16.536481857299805,16.610443531041387,16.394723256174434,16.46560255673712,23670400
2010-05-06,16.117368698120117,16.70289499957905,15.781461726866906,16.539563310420814,47912000
2010-05-07,16.231393814086914,16.28378358514458,15.883160833895207,16.083471621729352,43535600
2010-05-10,16.65359115600586,16.668999498678172,16.410135344807262,16.595037808037404,35311400
2010-05-11,16.521074295043945,16.662832902835447,16.487175241967506,16.524155492786814,23165200
2010-05-12,16.647428512573242,16.672081627108092,16.46252486344622,16.579630390335208,24005400
2010-05-13,16.48409080505371,16.64125772183776,16.4717636653426,16.625849384989248,19319800
2010-05-14,16.437864303588867,16.53339787114617,16.289942156635465,16.444027873326185,25868200
2010-05-17,16.459436416625977,16.50258022974839,16.286859988555584,16.481008323187183,17393400
2010-05-18,16.36390495300293,16.554972115097364,16.35774255797617,16.548808544489717,20435600
2010-05-19,16.370065689086914,16.440944975430586,16.166672596576166,16.333085447425148,21119200
2010-05-20,15.883156776428223,16.17900108556779,15.880074403610495,16.17900108556779,29290400
2010-05-21,15.898564338684082,15.938626954295918,15.50102290639463,15.667435763015433,34233400
2010-05-24,15.858501434326172,15.984851673034596,15.722906428945159,15.781458577172724,16832600
2010-05-25,15.599642753601074,15.633541810502901,15.390086016008963,15.522599869944594,28693800
2010-05-26,15.433225631713867,15.679762538250044,15.390080644436923,15.664354202012914,32607800
2010-05-27,15.787625312805176,15.793788883683156,15.488698590918345,15.596559317911575,22663600
2010-05-28,15.840018272399902,16.009512391197912,15.716749181138892,15.77222015464823,23577000
2010-06-01,15.806116104125977,16.05881663347644,15.633539645426243,15.753726339192811,24274800
2010-06-02,16.151262283325195,16.151262283325195,15.769129247664262,15.88315350683228,18742200
2010-06-03,16.25605010986328,16.333093001379222,16.1635988751604,16.23139582029919,23564400
2010-06-04,15.79995346069336,16.068062345263318,15.72291058318398,16.068062345263318,23942800
2010-06-07,15.655111312866211,15.870831588997902,15.645866544437158,15.787625146393639,20177800
2010-06-08,15.889315605163574,15.969439640803998,15.568817111441012,15.652023518979394,22429800
2010-06-09,15.824597358703613,15.978683024029179,15.769126425139982,15.889314231581404,17645800
2010-06-10,16.16358757019043,16.178995902600633,15.981766426357034,15.981766426357034,18790000
2010-06-11,16.051708221435547,16.076569882208577,15.89010327707067,16.07035417063388,14946000
2010-06-14,16.008201599121094,16.151160624282117,15.992662909687029,16.141836462200867,13656400
2010-06-15,16.21642303466797,16.22263874724148,16.023740686992927,16.1076510284464,16368600
2010-06-16,16.28479766845703,16.297227910353513,16.089006835891855,16.107653977025834,16784800
2010-06-17,16.272363662719727,16.37802840801762,16.172914630148295,16.31587246627898,20740200
2010-06-18,16.25682830810547,16.387354745555516,16.241288430338937,16.281689978584716,28405800
2010-06-21,16.309654235839844,16.4650434734361,16.244391040575607,16.41531896482633,18346400
2010-06-22,16.303436279296875,16.496119760964742,16.29411330569301,16.303436279296875,20805000
2010-06-23,16.23507308959961,16.36249225643712,16.163592974923247,16.33452213759346,20718000
2010-06-24,16.098331451416016,16.309660996995465,16.05792990094534,16.194673245453387,17401400
2010-06-25,15.619734764099121,16.138735737261523,15.619734764099121,16.095226915007796,57969600
2010-06-28,15.8745698928833,15.967803226591483,15.728503585907248,15.76579668228529,23525400
2010-06-29,15.641487121582031,15.834169516886186,15.570007002080471,15.719181769667316,23502600
2010-06-30,15.576216697692871,15.719175695931785,15.542030876060213,15.65701976437475,21933800
2010-07-01,15.548251152038574,15.632161506444023,15.374215915220876,15.632161506444023,26030800
2010-07-02,15.554466247558594,15.681885406105826,15.492310300224949,15.607299217726323,16270200
2010-07-06,15.672566413879395,15.750261071419734,15.545147222934293,15.722290947284156,18338200
2010-07-07,15.995773315429688,16.033066411738186,15.632161773461782,15.706749151604944,23480000
2010-07-08,16.291013717651367,16.297229431943023,16.023745116267854,16.061038216491507,21562600
2010-07-09,16.28479766845703,16.312767787394915,16.182240170509406,16.27236624103438,12948000
2010-07-12,16.300334930419922,16.306550643586124,16.144945657843042,16.210208867799075,10770600
2010-07-13,16.384246826171875,16.45572575604008,16.34695254365493,16.390462539924698,13706400
2010-07-14,16.415319442749023,16.446396816962753,16.291007574842432,16.33451755847782,12392600
2010-07-15,16.42464256286621,16.455721122880064,16.259930344133238,16.384242213136968,14970600
2010-07-16,16.27547264099121,16.49612631668623,16.225748119466864,16.399784537565132,19563800
2010-07-19,16.24439811706543,16.337631463132936,16.17602644337031,16.32830848418408,11367400
2010-07-20,16.54585075378418,16.583143848355622,16.135621971393903,16.15116184753093,19539000
2010-07-21,16.806903839111328,17.027556315711962,16.55828006125176,16.626651718715745,36364000
2010-07-22,16.862842559814453,16.99337015922582,16.77271768688095,16.785147927113357,20692000
2010-07-23,17.01512908935547,17.039991947488442,16.769613700160825,16.84420108903342,16177400
2010-07-26,17.074180603027344,17.086612035009,16.999594382190608,17.039995943367693,13305800
2010-07-27,17.108354568481445,17.170510499703177,17.036875662510482,17.06484577228397,17905400
2010-07-28,17.055530548095703,17.15497960903289,17.02134471111236,17.108362343050818,12954800
2010-07-29,17.08971405029297,17.189163097643487,16.987156553354282,17.117684168955687,18292600
2010-07-30,17.127004623413086,17.182944852497066,16.915675132546045,17.002692739776244,16672600
2010-08-02,17.53101921081543,17.555882065644607,17.294828017569092,17.34765980579184,32091200
2010-08-03,17.521697998046875,17.56831407725815,17.42224893976461,17.48751216197617,15427400
2010-08-04,17.574525833129883,17.62114308736744,17.46886108431397,17.565202856492782,11974400
2010-08-05,17.518587112426758,17.534125803336767,17.341443427895186,17.531018539365213,15099800
2010-08-06,17.636688232421875,17.64911966283892,17.294832194638378,17.434681637487518,18090600
2010-08-09,17.748558044433594,17.83868408238084,17.5154741993791,17.5185814623485,18731000
2010-08-10,17.708160400390625,17.838687998751027,17.565202561897898,17.602495653346867,15376000
2010-08-11,17.41602897644043,17.6366814465762,17.397381837989492,17.478184919084224,24302000
2010-08-12,17.3072566986084,17.36319693140293,17.201591946166072,17.257532178960602,18782800
2010-08-13,17.319684982299805,17.397379604247423,17.2078045370111,17.29171487097763,14906800
2010-08-16,17.366308212280273,17.381846904917623,17.130115816298005,17.251319278606108,13958400
2010-08-17,17.440893173217773,17.534126507950557,17.248210790033202,17.409815790148905,18060600
2010-08-18,17.35387420654297,17.44089182080919,17.282395282606274,17.437784556953712,16616800
2010-08-19,17.179834365844727,17.319684921968452,17.083493793701816,17.319684921968452,18781400
2010-08-20,17.186059951782227,17.229568775234405,17.067963727035934,17.067963727035934,19263200
2010-08-23,17.27928924560547,17.363199607731033,17.220241739899144,17.25131912489695,15240000
2010-08-24,17.297935485839844,17.384953107716758,17.139438933774578,17.139438933774578,24366400
2010-08-25,17.214019775390625,17.313468793905194,17.11146349371502,17.22334275039955,15853800
2010-08-26,17.142541885375977,17.254422334229933,17.08349439760345,17.22645222201644,14817400
2010-08-27,17.453325271606445,17.46575669952236,17.10214513890232,17.229564311224884,19665600
2010-08-30,17.263744354248047,17.47818226452433,17.251312930502152,17.46575084077844,10220000
2010-08-31,17.366308212280273,17.41603274003555,17.09282271686311,17.154978672938775,18567800
2010-09-01,17.810720443725586,17.813827707823773,17.487510443310043,17.52169627602098,24166000
2010-09-02,17.832468032836914,17.844898270004595,17.670863094399852,17.844898270004595,14701200
2010-09-03,17.888418197631836,17.900848441712288,17.742351863567496,17.82626223512405,14865400
2010-09-07,17.910173416137695,17.966113666370305,17.838694470957456,17.87598757593705,14392200
2010-09-08,17.972328186035156,18.09042320820326,17.931926633437463,17.941249612680643,18378800
2010-09-09,18.115283966064453,18.177439920038932,17.96611038784144,18.096636824214247,18106600
2010-09-10,18.18675994873047,18.224053040856596,18.025154968815894,18.112172578952194,18445600
2010-09-13,18.17110252380371,18.318275374869774,18.083425690576572,18.312012573281084,18019600
2010-09-14,18.033327102661133,18.199287188192443,18.020801497656805,18.11474114617439,20985200
2010-09-15,17.980093002319336,18.03645702758426,17.917467369364868,17.964436594080716,17402400
2010-09-16,18.00827407836914,18.061507297020718,17.926860043058124,17.973830459838496,16574000
2010-09-17,18.02393341064453,18.155448679043666,17.976962989354877,18.052115424516835,19971200
2010-09-20,18.152320861816406,18.161714469816975,18.020804377270316,18.042723592276726,14062200
2010-09-21,18.196157455444336,18.22433947110949,18.052116572936864,18.10221780139631,14754000
2010-09-22,18.233732223510742,18.324541069120695,18.193024604011892,18.208682207708918,15176000
2010-09-23,18.12099838256836,18.25251480570189,18.074029169990514,18.16796878965328,12696000
2010-09-24,18.355850219726562,18.41221423715261,18.233728580139193,18.261910588852217,13812000
2010-09-27,18.349594116210938,18.431009368658152,18.333937704434984,18.39656454604646,10544400
2010-09-28,18.506155014038086,18.546862627923804,18.274437323165852,18.34645775111302,19884000
2010-09-29,18.39969825744629,18.474850718154432,18.293232968239323,18.474850718154432,15742000
2010-09-30,18.32453727722168,18.524942140196284,18.239991251684167,18.43100250999034,15849600
2010-10-01,18.512409210205078,18.54998600301989,18.324530024157973,18.487359209501943,16454400
2010-10-04,18.437271118164062,18.487372349687295,18.333936656236876,18.4529275290449,11523800
2010-10-05,18.6815128326416,18.70030124075389,18.477975925534654,18.521815544463326,20063000
2010-10-06,18.725353240966797,18.72848523990441,18.58757515040187,18.672121204103394,14123400
2010-10-07,18.612621307373047,18.68777373768332,18.53747007157013,18.684641739395573,14960800
2010-10-08,18.60323143005371,18.694040286480895,18.493635358164074,18.62515064443164,16189400
2010-10-11,18.650197982788086,18.668985194347137,18.57817755129458,18.650197982788086,12997000
2010-10-12,18.662723541259766,18.725350370829247,18.581309498974637,18.581309498974637,16164400
2010-10-13,18.769182205200195,18.77857700276787,18.681505391281902,18.70029379191025,24011000
2010-10-14,18.759794235229492,18.781713445290848,18.687773802955416,18.769187841110828,14491600
2010-10-15,18.769182205200195,18.781707805619096,18.706556592119703,18.775445005409647,19697600
2010-10-18,18.787981033325195,18.787981033325195,18.725354190979246,18.728486190075756,19661800
2010-10-19,18.894437789916992,18.935145398268244,18.73474054870381,18.77544696254794,35052800
2010-10-20,19.14807891845703,19.314038987131234,18.903834423711103,18.903834423711103,32398000
2010-10-21,19.24828338623047,19.335960232573033,19.104241317158113,19.104241317158113,23266400
2010-10-22,19.2921199798584,19.332827595160182,19.23575595698126,19.254544362776084,9534600
2010-10-25,19.104236602783203,19.335955461016585,19.0979749963103,19.1919146219968,21228200
2010-10-26,19.1762638092041,19.216970235685007,19.02909092952046,19.035353732326943,15502200
2010-10-27,19.160606384277344,19.16373838296365,18.8819182265715,19.10737435168522,19029400
2010-10-28,19.166868209838867,19.27646546262865,19.0635349541023,19.188787421495334,16533600
2010-10-29,19.201309204101562,19.257673221285412,19.110500377026778,19.148077184820817,14239600
2010-11-01,19.32343101501465,19.39858343676388,19.166864564668703,19.216965780999118,17996800
2010-11-02,19.370407104492188,19.395457122744784,19.345355891732016,19.35161869492206,13196000
2010-11-03,19.39858055114746,19.39858055114746,19.188780917748677,19.36100494311598,15687400
2010-11-04,19.555150985717773,19.617777808275967,19.376665317856652,19.39545252846901,27487000
2010-11-05,19.595861434936523,19.617780646827352,19.414243742689717,19.54575901403468,16013800
2010-11-08,19.55828285217285,19.59272766617706,19.508181630305103,19.570808456266626,11142200
2010-11-09,19.614646911621094,19.63656612157123,19.523838073537743,19.567677687945377,16637600
2010-11-10,19.58646583557129,19.614647848926367,19.508182597863566,19.58959783400375,18013800
2010-11-11,19.664751052856445,19.664751052856445,19.526972970643907,19.567680592811886,16253600
2010-11-12,19.70233154296875,19.714857152038636,19.536371403570183,19.639705886634985,20022800
2010-11-15,19.7148494720459,19.830709519046874,19.671011051886552,19.692930261966225,22949400
2010-11-16,19.439298629760742,19.721117633590236,19.35788337490436,19.699198417553756,23609000
2010-11-17,19.57706642150879,19.63969323199743,19.44555000003194,19.45807560103108,16749200
2010-11-18,19.990407943725586,20.024852759980767,19.6804057919364,19.68980059287436,41436000
2010-11-19,20.140708923339844,20.143840921402425,19.899596436333653,19.91525284312475,40774800
2010-11-22,20.125051498413086,20.137577101758644,19.908991410492234,20.05929387260982,33680600
2010-11-23,19.921525955200195,20.040516858509807,19.81506066160905,20.018597638756443,17662200
2010-11-24,20.231515884399414,20.23777749093108,19.984140618648052,19.990403419686874,16093000
2010-11-26,20.074953079223633,20.156368312972386,20.040508264522803,20.078085077564094,9016800
2010-11-29,19.986669540405273,20.06864740484246,19.82271501429308,20.037116994381165,22397800
2010-11-30,19.91730499267578,20.046577878904248,19.838480766104617,19.847940491171485,23550600
2010-12-01,20.399702072143555,20.431233676677426,20.125395394678915,20.16007703248538,20951600
2010-12-02,20.4627685546875,20.481685598238887,20.33980296055476,20.383944332524237,22773600
2010-12-03,20.336650848388672,20.4753822596029,20.33034596857191,20.431240884311926,20677800
2010-12-06,20.175846099853516,20.333493323178665,20.175846099853516,20.29565924045315,22221600
2010-12-07,20.223142623901367,20.358720384778216,20.216837744441133,20.301966847538502,19714600
2010-12-08,20.30196762084961,20.317733428387324,20.20107270697192,20.20107270697192,18226600
2010-12-09,20.440704345703125,20.465928682113994,20.355572811697723,20.371338623335795,19622400
2010-12-10,20.383930206298828,20.462754373836315,20.267269572355175,20.453295858615448,17909400
2010-12-13,20.446996688842773,20.484833170257556,20.27358489478655,20.301960451704904,18748400
2010-12-14,20.147464752197266,20.456454249950262,20.084405155553853,20.44069085424162,27936800
2010-12-15,20.41231918334961,20.478531238986175,20.10017594805601,20.147470960803346,26126600
2010-12-16,20.60149383544922,20.62987180118406,20.396552819195488,20.446999061411752,28817200
2010-12-17,20.715003967285156,20.730769773429035,20.44700210150918,20.50060199355952,29294200
2010-12-20,20.592039108276367,20.72761686714562,20.554205021026394,20.639334122863197,18271400
2010-12-21,20.648801803588867,20.683484669301404,20.544755611976704,20.60466041186845,18720200
2010-12-22,20.680320739746094,20.680320739746094,20.50375526068228,20.62356961192493,15419800
2010-12-23,20.677167892456055,20.771755503648166,20.642485046695064,20.65824844579839,13063600
2010-12-27,20.516372680664062,20.66771627686824,20.51321903758016,20.66771627686824,9923800
2010-12-28,20.607805252075195,20.629875938506824,20.513215221354262,20.532134670813093,9861600
2010-12-29,20.636178970336914,20.70239342922776,20.604649764761007,20.61726192809621,8747200
2010-12-30,20.651945114135742,20.68347432022805,20.607803744501666,20.629874429318704,9285800
2010-12-31,20.737075805664062,20.746536733191036,20.607805329088393,20.607805329088393,10773400
2011-01-03,20.56366539001465,20.77176010515515,20.528982536570467,20.77176010515515,18945600
2011-01-04,20.138017654418945,20.554210772051334,20.119100605501007,20.50060845757545,27940400
2011-01-05,20.018199920654297,20.16323620027082,19.819562544715563,20.112788746371066,34379000
2011-01-06,19.873159408569336,20.071796754225378,19.810101002879666,20.059184591982646,21712400
2011-01-07,19.838483810424805,19.863708144124264,19.72497791706454,19.794342429213184,16592800
2011-01-10,19.88262367248535,19.926765047654058,19.724975216732968,19.76911659190167,14904600
2011-01-11,19.765960693359375,19.99612726815758,19.75965461151752,19.97090414355228,15504000
2011-01-12,19.87631607055664,19.97721097830467,19.769115080729087,19.92991596408933,14223200
2011-01-13,19.989824295043945,20.13486058294902,19.904693986205167,19.942529278101652,17947600
2011-01-14,19.90468978881836,19.98036035665436,19.85739478184937,19.98036035665436,12631400
2011-01-18,20.015039443969727,20.097017280291336,19.917297009205274,19.929909169064256,16344000
2011-01-19,19.99612808227539,20.153776526453893,19.923609942284738,20.07810594679503,18326800
2011-01-20,19.84162712097168,20.14115931247769,19.78487360246478,20.059181473406923,20580000
2011-01-21,19.79118537902832,19.92676313417744,19.77542077551934,19.920457052221415,16708200
2011-01-24,19.942529678344727,19.94883576091441,19.762810534776673,19.82271651504527,15062800
2011-01-25,19.851097106933594,19.961451769004988,19.71867295576292,19.933074993359487,18195800
2011-01-26,19.851097106933594,19.955145685221265,19.81956789077748,19.91730918251893,13657000
2011-01-27,19.76911735534668,19.929918257208534,19.75019910693139,19.923612174403438,13520400
2011-01-28,19.61461067199707,19.951978100738458,19.592539995556915,19.816400401027995,23842400
2011-01-31,19.816415786743164,19.816415786743164,19.513730958188457,19.64930876316324,15717800
2011-02-01,19.879465103149414,19.964595392489564,19.8164054959239,19.825865218803006,16028000
2011-02-02,19.819564819335938,20.01504857528718,19.724975982763546,19.911001215886248,15595200
2011-02-03,19.728124618530273,19.85739628422909,19.589394431826836,19.76911354748709,12997400
2011-02-04,19.72496795654297,19.819556754626547,19.661908356899975,19.753344716244225,9374600
2011-02-07,19.712356567382812,19.759650366894242,19.649296965272374,19.759650366894242,12012800
2011-02-08,19.822715759277344,19.838480363719373,19.65560878721984,19.68398555632038,13056800
2011-02-09,19.910999298095703,20.415473846399937,19.822715350070816,20.210530384597607,29979600
2011-02-10,20.033964157104492,20.033964157104492,19.806950017337414,19.914151005253853,18352400
2011-02-11,20.043424606323242,20.071801376523226,19.90154075532333,19.936223608096896,19098000
2011-02-14,19.907852172851562,20.100183533219283,19.863710785769644,20.074959196165278,12122600
2011-02-15,19.923606872558594,19.93306659563008,19.721817087542785,19.835324142304678,16289200
2011-02-16,19.989824295043945,20.018201064656875,19.825869759809507,19.888929381478484,12992800
2011-02-17,20.352415084838867,20.406014978478893,19.948834250276384,19.983517100402132,18450600
2011-02-18,20.352415084838867,20.38394429253745,20.216837326763045,20.36817848592598,24652400
2011-02-22,20.103328704833984,20.26412958574042,19.96775215186072,19.97721067345458,17950200
2011-02-23,20.150625228881836,20.286201792018346,20.084413167237024,20.10963629429885,18192200
2011-02-24,20.141164779663086,20.29566077814918,20.087563685296107,20.24205848102007,17057000
2011-02-25,20.276742935180664,20.30512090714567,20.08756527567027,20.106483522726197,11435400
2011-02-28,20.153772354125977,20.33034021080856,20.134855314508645,20.232596559896674,19370000
2011-03-01,20.46592140197754,20.57312118530295,20.242058502869977,20.267282830308048,31084000
2011-03-02,20.314577102661133,20.437542687535846,20.219987080977116,20.365023350174877,20776000
2011-03-03,20.67401885986328,20.771760134877876,20.424934005464376,20.428087648197792,29005800
2011-03-04,20.560514450073242,20.66771666722698,20.421783018059546,20.617267999031128,23050800
2011-03-07,20.56366539001465,20.727618729048842,20.330346344092096,20.595194600729926,23630000
2011-03-08,20.69608497619629,20.759143383787514,20.563660876940283,20.620414405982007,20717600
2011-03-09,20.68978500366211,20.708702049320326,20.576277918663564,20.66140702965016,14819200
2011-03-10,20.58573341369629,20.66455763304471,20.48483850915128,20.57312124993763,17761800
2011-03-11,20.582561492919922,20.67783739931517,20.47458439377446,20.617495830400383,12006400
2011-03-14,20.30626106262207,20.519042349524348,20.176052052362447,20.433293563750603,17802600
2011-03-15,20.017253875732422,20.09347432030666,19.80129736283542,19.991847868529586,25421200
2011-03-16,19.5631160736084,19.966446706468794,19.464666100044642,19.909281658568375,31957200
2011-03-17,19.779067993164062,19.94103599455899,19.66156262748349,19.82670592568797,20128800
2011-03-18,19.912456512451172,20.103005848624946,19.833060753798243,19.99820407717431,23653000
2011-03-21,20.188762664794922,20.280862077792584,20.023619265742333,20.04902650166597,12545600
2011-03-22,20.16969871520996,20.25227098558745,20.087127656315648,20.223688462992655,8418800
2011-03-23,20.411052703857422,20.493624939471317,20.08711919947265,20.099822806718276,12962600
2011-03-24,20.54444694519043,20.665127624082576,20.503159600674152,20.509512618122606,13312800
2011-03-25,20.7127628326416,20.76675135900535,20.58572915304709,20.60160927160862,12419400
2011-03-28,20.652421951293945,20.79850983946968,20.652421951293945,20.706410479387284,11600200
2011-03-29,20.871553421020508,20.874729929188202,20.668300511672417,20.706408917821555,11569600
2011-03-30,20.973180770874023,21.11609214596466,20.83661998942403,20.871554311862347,18826200
2011-03-31,21.068452835083008,21.230420826432237,20.947772180077834,20.947772180077834,17723000
2011-04-01,21.34793472290039,21.43050700096148,21.151032343821353,21.243131726472843,18720200
2011-04-04,21.487674713134766,21.528959645795958,21.328883155714497,21.34793736725553,13485600
2011-04-05,21.427326202392578,21.522599652191037,21.376511757460527,21.436853305075815,12470200
2011-04-06,21.478139877319336,21.53848142957852,21.344755583556562,21.452735075864247,14099800
2011-04-07,21.417797088623047,21.516247037727037,21.25900559756971,21.414620580371537,12734600
2011-04-08,21.363811492919922,21.481318098008416,21.233603697574836,21.401922332589116,11201800
2011-04-11,21.40509605407715,21.544830935400412,21.214546726479128,21.360634625069814,14664000
2011-04-12,21.246309280395508,21.319352034491324,21.090694244178305,21.271716509196967,16587400
2011-04-13,21.36698341369629,21.427324957806697,21.268533461066426,21.351105717801833,8497400
2011-04-14,21.694089889526367,21.74490432302824,21.30663831445402,21.386034049576534,23879600
2011-04-15,21.598825454711914,21.706802536415736,21.554364018367217,21.700451941066447,17532200
2011-04-18,21.37651252746582,21.484492015352927,21.163732483321994,21.459084791971705,16104600
2011-04-19,21.306640625,21.436850807744705,21.262179202347127,21.34475145425924,10701800
2011-04-20,21.548011779785156,21.611529850409294,21.471792518002836,21.560715393909984,12817800
2011-04-21,21.55753517150879,21.64963454082536,21.427327389348275,21.560711680234526,10948800
2011-04-25,21.513072967529297,21.589294636408443,21.379688681440005,21.579765110573945,10709200
2011-04-26,21.25583839416504,21.287596221684677,20.900144426231087,21.16373899828124,32800000
2011-04-27,21.27806854248047,21.411452868249643,21.138331197598365,21.395575166401045,16872600
2011-04-28,21.408267974853516,21.420969160734142,21.1700807606587,21.25900359961693,14084400
2011-04-29,21.424150466918945,21.522600428819683,21.36380891712627,21.455908284664392,14824200
2011-05-02,21.506725311279297,21.55118674604955,21.459087367463606,21.51942892449458,12514200
2011-05-03,21.55753517150879,21.563888188960263,21.459085207706966,21.506723146728124,10542400
2011-05-04,21.424150466918945,21.57341487558534,21.34157820240784,21.55118416086691,13529000
2011-05-05,21.182788848876953,21.513075517605728,21.087515385933884,21.500371904620035,14206200
2011-05-06,21.246309280395508,21.462265879274497,21.192320736417436,21.417804440355297,17042600
2011-05-09,21.262184143066406,21.36698713065815,21.224075727917683,21.23360283170486,8884200
2011-05-10,21.38604736328125,21.424158212133243,21.271719662659383,21.278070259317854,11111800
2011-05-11,21.379695892333984,21.490849501564693,21.246311561257134,21.370168786252346,11215400
2011-05-12,21.694089889526367,21.732200714652773,21.332045531204955,21.39238706524704,17097400
2011-05-13,21.65281867980957,21.840191570230747,21.602004214156118,21.681399999514326,16011000
2011-05-16,21.541654586791992,21.668688266167898,21.50672026438947,21.627400927165333,12364600
2011-05-17,21.59247589111328,21.65281745993547,21.436860839008997,21.509906023528856,13276400
2011-05-18,21.690929412841797,21.706807116048125,21.48449988742297,21.595653501735548,13418000
2011-05-19,21.74173355102539,21.81795279842056,21.598822159288677,21.725855853591415,12960200
2011-05-20,21.690929412841797,21.760795668290367,21.56071916252773,21.697280009530914,12970600
2011-05-23,21.433677673339844,21.56388787658033,21.335227710964197,21.465435491238487,13230200
2011-05-24,21.427326202392578,21.525776160740815,21.34475394086104,21.48766775000787,10881000
2011-05-25,21.249479293823242,21.43685209727951,21.220895564417905,21.366983450917527,13132000
2011-05-26,21.182788848876953,21.249483422793457,21.055757564952863,21.195492461862646,14872400
2011-05-27,21.122455596923828,21.325708615352816,21.11292849027358,21.236785722661022,9097400
2011-05-31,21.217727661132812,21.354288500869743,21.163739111763245,21.259015017799964,20294000
2011-06-01,21.201845169067383,21.335229469012422,21.15103071786943,21.15103071786943,14883000
2011-06-02,20.973180770874023,21.20184090939177,20.839796497727306,21.166906586953452,14264200
2011-06-03,20.811208724975586,20.90648457183298,20.70958228571157,20.728636485896875,12937800
2011-06-06,20.776283264160156,20.88743685089039,20.757229055853962,20.80486699958591,10445400
2011-06-07,20.706411361694336,20.868379375841855,20.70006076757522,20.80803782836284,11522000
2011-06-08,20.769929885864258,20.811214805984292,20.665126908290922,20.71594135425356,11753000
2011-06-09,20.92554473876953,21.062105532622777,20.728642396502995,20.782633350698838,13112000
2011-06-10,20.766756057739258,20.903316870182888,20.719118114241905,20.85885543570975,14003200
2011-06-13,20.830732345581055,20.872316158194646,20.72517062066831,20.824333334097233,19081600
2011-06-14,20.987470626831055,21.061042163656513,20.888307929150038,20.920295659965777,14045000
2011-06-15,20.782745361328125,20.95228252409536,20.67718365754604,20.923494299704238,16378400
2011-06-16,20.94908905029297,21.03545862934701,20.728371944894032,20.782751344738116,15538800
2011-06-17,20.99067497253418,21.185803348166626,20.99067497253418,21.07384260373215,21317400
2011-06-20,21.057851791381836,21.15701452057802,20.910706230458775,20.910706230458775,11091800
2011-06-21,21.195398330688477,21.204994407599617,21.038654272780292,21.147415505624906,14265000
2011-06-22,21.24018669128418,21.374536680943727,21.14742052494541,21.204999440586423,15701200
2011-06-23,20.785947799682617,21.102630515210905,20.610011601884867,21.089834933506733,26467800
2011-06-24,20.769954681396484,20.91390071832592,20.702779701462223,20.81473800135266,32073800
2011-06-27,20.859525680541992,20.93949626010572,20.74436785072955,20.74436785072955,14777600
2011-06-28,21.121824264526367,21.14421592407477,20.90430424012421,20.958683636097785,12932400
2011-06-29,21.339344024658203,21.377730772197733,21.16980682724731,21.173006333002558,17035400
2011-06-30,21.524873733520508,21.588849197919846,21.37452870762379,21.42571103154928,15594600
2011-07-01,21.78077507019043,21.78077507019043,21.438501257125623,21.438501257125623,16487000
2011-07-05,21.84796905517578,22.00471074897375,21.77759453618227,21.77759453618227,14801200
2011-07-06,21.92153549194336,21.991909994406818,21.844764416759805,21.8511609894799,11486000
2011-07-07,21.991899490356445,22.03668279953259,21.93752010642932,22.01429114494452,12423400
2011-07-08,21.969520568847656,21.969520568847656,21.790387228321116,21.863958804390776,12671600
2011-07-11,21.783979415893555,21.841558315022223,21.6592255411994,21.67202112328441,14152400
2011-07-12,21.704011917114258,21.892743728832514,21.66562760595725,21.742398668779348,13343400
2011-07-13,21.77118682861328,21.889544148799818,21.67842067611703,21.80637407406041,14688000
2011-07-14,21.646432876586914,21.85755634868283,21.55046965877719,21.74239853490471,15011200
2011-07-15,21.601646423339844,21.710407649707268,21.521675866499102,21.704008638475685,17491600
2011-07-18,21.470497131347656,21.569659846189037,21.300957491720865,21.515280450341045,14792000
2011-07-19,22.174240112304688,22.321385671961963,21.601650523774843,21.656029927027017,37415400
2011-07-20,22.030292510986328,22.180635125795227,22.00790085001411,22.15184689333438,15833800
2011-07-21,22.18062973022461,22.270198792833288,21.911929863920818,22.01429206639475,22086600
2011-07-22,22.305395126342773,22.334183363542458,22.22542454677688,22.247816211434994,13323200
2011-07-25,22.155040740966797,22.251003931835445,22.07507019498923,22.11025743045995,13154800
2011-07-26,22.13265609741211,22.219023240606028,22.10066591648058,22.18383599398787,11830600
2011-07-27,21.97270393371582,22.151837142643572,21.924721126893907,21.998292648914834,18677600
2011-07-28,22.011096954345703,22.161442003097495,21.95032098607959,21.959917063147504,15270200
2011-07-29,21.755189895629883,22.023889781947183,21.72000265711106,21.867148181595425,20545600
2011-08-01,21.66562843322754,21.915136227307507,21.470500042368453,21.911936721086224,17654200
2011-08-02,21.454500198364258,21.627236888419624,21.454500198364258,21.56006191570492,18127600
2011-08-03,21.87994956970215,21.9311294680802,21.416118775450993,21.432113866480023,28086000
2011-08-04,21.054656982421875,21.79358445814242,21.02906580772373,21.678426612509508,32324800
2011-08-05,21.358537673950195,21.5152817403328,20.805142724420076,21.198596542096265,43916600
2011-08-08,20.830732345581055,21.49928505567948,20.77635050999982,21.169806738989227,50096800
2011-08-09,21.32974624633789,21.390524648299976,20.341310150744036,21.05464734551994,43128400
2011-08-10,20.459671020507812,21.272172331754614,20.376502161836818,21.189002252829518,38237200
2011-08-11,21.262571334838867,21.531271225427105,20.443672420783606,20.472461869097177,38406600
2011-08-12,21.476892471313477,21.672020824531423,21.2401803072733,21.35533810394316,20310400
2011-08-15,21.81597328186035,21.886347782851583,21.515285560136583,21.58246055458046,23081600
2011-08-16,21.806365966796875,21.905531094601702,21.614437161491956,21.65282389875581,21413800
2011-08-17,22.16143798828125,22.18382964421917,21.80317149327453,21.899134687076707,23176000
2011-08-18,21.675222396850586,22.052683557368482,21.45130335286082,21.831964019287867,39569000
2011-08-19,21.464101791381836,21.841563002113798,21.387330722904835,21.60165127767844,30478200
2011-08-22,21.518478393554688,21.771185669903506,21.48649065589832,21.755193021329294,19652800
2011-08-23,22.091068267822266,22.091068267822266,21.534473814401025,21.58245664187878,23951200
2011-08-24,22.28939437866211,22.298990455293826,21.92792832932331,22.01749496522972,19475400
2011-08-25,21.74239158630371,22.263798647241327,21.675216623152775,22.263798647241327,25320000
2011-08-26,21.911928176879883,21.998295287111556,21.33613930697796,21.729595441495476,19849600
2011-08-29,22.305395126342773,22.34377944260902,22.030296137395425,22.059084374595113,17660600
2011-08-30,22.346975326538086,22.48132529270773,22.23821408689503,22.32138415950348,31678000
2011-08-31,22.53569984436035,22.638062049970433,22.28299505590694,22.35017002454098,22322800
2011-09-01,22.53569984436035,22.74362376089856,22.32137935769354,22.420542057985575,23530000
2011-09-02,22.308595657348633,22.388566249335625,22.23182457238358,22.30219908381354,17530000
2011-09-06,22.20942497253418,22.244612215682643,21.556864882109867,21.56966046511912,25784600
2011-09-07,22.647661209106445,22.66365385513588,22.362966240402358,22.39495397296879,21287400
2011-09-08,22.766023635864258,22.95795253560791,22.56769816368278,22.60288541336176,24867600
2011-09-09,22.19023323059082,22.599682132463162,21.98550877965465,22.586886549216157,32891200
2011-09-12,22.193429946899414,22.244612279082297,21.815968788828407,21.895939352483214,29144200
2011-09-13,22.25462532043457,22.328701132938626,22.0871530959068,22.20953655009426,21421800
2011-09-14,22.470407485961914,22.705515321502396,22.07427008401836,22.33191984741696,22250000
2011-09-15,22.872989654541016,22.872989654541016,22.49617527437967,22.51550078985347,21186000
2011-09-16,22.94062042236328,23.085548243426494,22.872984818236834,22.98892805794876,34620600
2011-09-19,22.702287673950195,22.766701939735686,22.528372842058857,22.567021401530152,28571200
2011-09-20,22.75381851196289,23.021132179627816,22.711948625971434,22.798907268297583,18313400
2011-09-21,22.312591552734375,22.88908635658702,22.309370225016455,22.818231889711384,23531000
2011-09-22,21.842382431030273,21.948664150718734,21.455906577631303,21.697454600294048,36341000
2011-09-23,21.71355438232422,21.806953237578522,21.536420655865363,21.694231328531373,24284400
2011-09-26,22.145116806030273,22.186984232905864,21.790846969801876,21.903568855353708,24008200
2011-09-27,22.405990600585938,22.67652561679992,22.312591753152127,22.58312676936611,22249200
2011-09-28,21.919675827026367,22.59601221660984,21.8649255348116,22.4865091750269,19032600
2011-09-29,22.238527297973633,22.42854393933497,21.961551972784413,22.193438520119955,21372600
2011-09-30,21.75864028930664,22.25461908115164,21.75864028930664,22.045277016317584,25026200
2011-10-03,21.069425582885742,21.55252156666599,20.972807860421636,21.446239860517558,38471200
2011-10-04,21.008237838745117,21.07264966213112,20.39953578770246,20.882630605981365,30800000
2011-10-05,21.10484504699707,21.12738941965268,20.78922382981851,21.08552200105007,23037800
2011-10-06,21.05976676940918,21.25622602469455,20.757025794283482,21.2465644969188,25205400
2011-10-07,21.22402000427246,21.420479258550866,21.05976666146599,21.420479258550866,18857800
2011-10-10,21.546083450317383,21.555744977782194,21.259446668811798,21.436580405691426,12354400
2011-10-11,21.51388168334961,21.642705350563503,21.44624606376218,21.491337295871784,11161000
2011-10-12,21.732885360717773,21.89069607308499,21.510660357580505,21.658809540620698,17549600
2011-10-13,21.707111358642578,21.765082969630452,21.542858051318102,21.67812432457214,12909400
2011-10-14,21.852048873901367,21.96477081840078,21.691016822572465,21.96477081840078,13503000
2011-10-17,21.578290939331055,21.852044885190345,21.5203193131482,21.84238335701881,20232800
2011-10-18,21.49455451965332,21.736102562891894,21.38505391948564,21.655586548479036,23650600
2011-10-19,21.587942123413086,21.84237289101613,21.536413178804324,21.575059272972776,15389400
2011-10-20,21.616941452026367,21.765090630663547,21.43980522911568,21.736103586390033,13323600
2011-10-21,21.961545944213867,22.003413381541115,21.72643813238319,21.881029940555248,23146600
2011-10-24,21.858488082885742,22.10969765017554,21.774750741404574,22.0291816372158,13609200
2011-10-25,21.56218147277832,21.87780523960941,21.51387384375325,21.871365041457082,14228200
2011-10-26,21.72965431213379,21.752198689530633,21.388267323795034,21.671682704948637,16041200
2011-10-27,22.083927154541016,22.251399344087357,21.932556689807928,22.199870384670476,26704600
2011-10-28,22.199874877929688,22.21597906315562,22.025959997535086,22.067827439107354,17307400
2011-10-31,22.0034122467041,22.238520046408972,21.99375071990791,22.10969395576877,18998600
2011-11-01,21.591171264648438,21.73932041260184,21.507433935056213,21.620155845764955,23682800
2011-11-02,21.826278686523438,21.91967755202706,21.69101238082313,21.713556765106514,14538600
2011-11-03,22.109695434570312,22.164445728179537,21.90357465862097,21.932559240948155,17363400
2011-11-04,21.829490661621094,21.948655188719812,21.671680039254447,21.88746226167553,15177200
2011-11-07,21.96797752380371,21.987300570810913,21.66845800942971,21.790843859548584,12513800
2011-11-08,22.109695434570312,22.132239817653726,21.835941509370727,21.993752190954623,12063600
2011-11-09,21.587942123413086,21.897123162523087,21.533191851906125,21.852034414558243,18243400
2011-11-10,21.703895568847656,21.819838820406613,21.549306204871478,21.774750051150757,16201600
2011-11-11,21.939002990722656,22.096813680171383,21.884250237231242,21.89069289394957,12882400
2011-11-14,21.83272361755371,21.890695248486054,21.71355902698338,21.83272361755371,9428600
2011-11-15,21.900360107421875,22.04528797821224,21.732887846571806,21.829505608047306,12217600
2011-11-16,21.581510543823242,21.83594141301531,21.549304633439547,21.794071518078393,17781400
2011-11-17,21.45591163635254,21.703899916940962,21.288436925147728,21.558972052034683,17467200
2011-11-18,21.703895568847656,21.80695596388299,21.546084876452163,21.64592394306818,18688400
2011-11-21,21.2401180267334,21.539637619771955,21.05976298822523,21.478447135794177,18588200
2011-11-22,21.246559143066406,21.372163886807492,21.10807154648612,21.130615924666497,11787600
2011-11-23,20.89229393005371,21.095193378739616,20.869749546866387,21.082310523039222,14089600
2011-11-25,20.85042381286621,21.050104388367295,20.85042381286621,20.98247123952502,7572600
2011-11-28,20.988910675048828,21.17570838818997,20.853644382285943,21.01789771329994,21318200
2011-11-29,21.472270965576172,21.57283527032423,21.089474691854527,21.141377970917127,21656200
2011-11-30,21.80965805053711,22.04647132438827,21.644211499282658,21.84534017433377,25300400
2011-12-01,21.67989158630371,21.923194268395996,21.63123055488468,21.73503960024394,15429000
2011-12-02,21.53390121459961,21.913455151394352,21.465776783636972,21.884257552409203,21170400
2011-12-05,21.51120376586914,21.796680542314686,21.371710106925047,21.715579635370524,17955200
2011-12-06,21.631223678588867,21.741519671407605,21.45604550616903,21.569586226718346,16730800
2011-12-07,21.66366958618164,21.757746916647573,21.475514925249772,21.589058152538062,16832800
2011-12-08,21.647443771362305,21.812887752406066,21.592293302679092,21.63770958865212,16118200
2011-12-09,21.919950485229492,21.978343230450736,21.709087656652617,21.77072513077587,18298200
2011-12-12,21.699356079101562,21.89724246829678,21.51444613059162,21.819386299188118,13380200
2011-12-13,21.566354751586914,21.82263144532651,21.504717268913602,21.7642386920053,14276200
2011-12-14,21.4949893951416,21.705852290631206,21.43335190145904,21.49174466520995,15762200
2011-12-15,21.699356079101562,21.86155787516302,21.66691621488987,21.705845536945695,13474600
2011-12-16,21.877771377563477,21.96860395552455,21.81937865244534,21.887503085916144,23957200
2011-12-19,21.855079650878906,22.017281511943754,21.806418597558654,21.884274797868667,11762000
2011-12-20,22.18920135498047,22.26705750710252,22.00429144681407,22.020510137879835,15931000
2011-12-21,22.568756103515625,22.643370013080013,22.163251643933265,22.22813136746532,18730400
2011-12-22,22.445484161376953,22.5784883402151,22.348162098810224,22.494142717657457,15586800
2011-12-23,22.688783645629883,22.69851535551465,22.45196798008961,22.458457436681133,9255200
2011-12-27,22.669322967529297,22.773132021859595,22.64661481423839,22.64661481423839,10099800
2011-12-28,22.549287796020508,22.72446598160704,22.51360321330831,22.64985208820819,8210000
2011-12-29,22.760154724121094,22.769886434820823,22.549291917283636,22.578487049382826,8734000
2011-12-30,22.698518753051758,22.802327799031726,22.698518753051758,22.70825046439318,7862000
2012-01-03,22.753664016723633,22.93857393486628,22.740687578169446,22.756908745112824,15639600
2012-01-04,22.61092758178711,22.730957792322716,22.546047858526283,22.67905450871461,14239200
2012-01-05,22.50387954711914,22.66608135377993,22.497390088850942,22.630396758314305,14287600
2012-01-06,22.361143112182617,22.588224671277857,22.260578775298065,22.536321375628958,13646600
2012-01-09,22.361143112182617,22.438999293157647,22.31897152978018,22.38385126809214,10522600
2012-01-10,22.494144439697266,22.55253718670699,22.419532997686705,22.536318491706155,12964400
2012-01-11,22.07890510559082,22.30923133205935,21.91346107496021,22.179471890388918,23428800
2012-01-12,21.919950485229492,22.22164592303875,21.8485812994032,22.195693041828648,15237000
2012-01-13,21.731792449951172,21.874530799541176,21.595543557162127,21.845333193942043,19991800
2012-01-17,21.848583221435547,22.020516743322357,21.8388515088764,21.975100434710868,15577000
2012-01-18,21.926433563232422,22.001047464673007,21.79342940197208,21.884261995028417,13282200
2012-01-19,21.881023406982422,21.975100754763023,21.81938840154241,21.94590561666037,13544800
2012-01-20,22.088638305664062,22.098372491948158,21.864801521187246,21.91021782383488,19158600
2012-01-23,22.23137855529785,22.260576166618975,22.030249905098668,22.059445041416712,13803200
2012-01-24,22.02700424194336,22.221645900818547,21.965366767881743,22.111349868290365,14751200
2012-01-25,22.198932647705078,22.221640794772632,21.91021371713085,22.030243908775017,14476000
2012-01-26,22.062686920166016,22.260573290766896,21.98158602975591,22.260573290766896,14721000
2012-01-27,21.877771377563477,22.104852822466157,21.809646944092673,22.030241408427614,16825000
2012-01-30,21.884265899658203,21.91995049258332,21.744772256860823,21.829117883320464,10591600
2012-01-31,21.90697479248047,22.052957898018605,21.793434027063956,22.052957898018605,13543400
2012-02-01,22.010784149169922,22.169741222943465,21.994565453888676,22.020515861339288,14915000
2012-02-02,22.004295349121094,22.137299529458517,21.978342468810364,22.082151515050388,13150000
2012-02-03,22.085390090942383,22.218394234225407,22.007531471701284,22.143782817872108,16555800
2012-02-06,22.069181442260742,22.134063661757278,21.96212763634416,22.007543952489932,14586400
2012-02-07,22.237863540649414,22.529824745119758,21.939410404408992,22.088635735027914,24269600
2012-02-08,22.166494369506836,22.335183120448086,22.124320325519587,22.331938392063854,16428400
2012-02-09,22.049701690673828,22.18595053824708,21.984819519209108,22.176218831277815,16311400
2012-02-10,22.03997802734375,22.03997802734375,21.871286794972242,21.90697138355073,10994600
2012-02-13,22.202180862426758,22.254084146016595,22.088637634256067,22.19569140510128,11091000
2012-02-14,22.351402282714844,22.361133991992137,22.09187848530938,22.21190867473482,12596000
2012-02-15,22.18920135498047,22.464943853123007,22.134053350352453,22.45845687169719,14776800
2012-02-16,22.33842658996582,22.38059815657394,22.19568824913459,22.25732570994852,11752000
2012-02-17,22.400070190429688,22.438997039505914,22.254087081384473,22.406557173608018,14841800
2012-02-21,22.32545280456543,22.400066712047018,22.22164376481022,22.344916226081175,13424800
2012-02-22,22.464950561523438,22.494145699161432,22.254087714681788,22.254087714681788,13766400
2012-02-23,22.442241668701172,22.481170992607236,22.357896037739586,22.413044057020844,11120000
2012-02-24,22.38385009765625,22.546051909958106,22.328702075474396,22.4973908712669,12485400
2012-02-27,22.328699111938477,22.38384712680091,22.228132318656666,22.28328280852201,12086200
2012-02-28,22.335187911987305,22.416288813973463,22.318969216591938,22.367627777781145,9049000
2012-02-29,22.662832260131836,22.70176157723437,22.351405148319582,22.351405148319582,23464400
2012-03-01,22.5784854888916,22.695270959222285,22.51036104369913,22.666075829140887,15294200
2012-03-02,22.442241668701172,22.578490589867734,22.37411720811789,22.516855587437018,11995800
2012-03-05,22.45846176147461,22.494143879589178,22.383847846318897,22.390334829157094,10338600
2012-03-06,22.305988311767578,22.413039599965604,22.267058995602994,22.32545173234856,13161200
2012-03-07,22.31572151184082,22.364382541544476,22.221644181081167,22.302745072252996,10933800
2012-03-08,22.4714412689209,22.546055202477444,22.416293238685487,22.442246126444598,33754800
2012-03-09,22.549287796020508,22.62389921441709,22.484405611542755,22.52333492222941,36742600
2012-03-12,22.756912231445312,22.81854723026688,22.494143641721696,22.53956242112075,18143600
2012-03-13,22.956247329711914,22.969318801744095,22.71443132993751,22.71443132993751,18068000
2012-03-14,22.946439743041992,23.077151943998192,22.907225334816772,22.959511212450398,12918000
2012-03-15,22.982385635375977,22.98565163287859,22.802656047617738,22.962777184720984,17991400
2012-03-16,22.92683982849121,23.024872135201566,22.835339518514946,22.99872918949406,22898800
2012-03-19,23.005268096923828,23.047748517405708,22.87455585058048,22.943179218956775,10652400
2012-03-20,23.067359924316406,23.126180324392667,22.851686786122997,22.884364232136626,10180400
2012-03-21,23.24054718017578,23.332044994986447,22.988925696317988,23.03140860542899,19870800
2012-03-22,23.338571548461914,23.390857420933123,23.181718917303524,23.204593363227772,14252800
2012-03-23,23.361454010009766,23.39739993638534,23.296099140124255,23.33204506649983,16206600
2012-03-26,23.495437622070312,23.495437622070312,23.394134320229977,23.443151725232877,11536400
2012-03-27,23.485631942749023,23.521577869414752,23.41374008941756,23.46929197858151,11430400
2012-03-28,23.743791580200195,23.796074985966403,23.49543854670629,23.515044512227508,26260600
2012-03-29,24.119583129882812,24.309115752052353,23.616342629533644,23.64248557599743,41063600
2012-03-30,24.184934616088867,24.227415023918034,23.956187629837675,24.057490899473372,26555800
2012-04-02,24.2274227142334,24.24702867897361,24.064033026388216,24.126121905570596,14579000
2012-04-03,24.10323715209961,24.207806407923414,24.00520238402142,24.073825724425067,12989200
2012-04-04,24.005212783813477,24.050961697235735,23.923517939398184,23.94966088796199,12487400
2012-04-05,24.00847625732422,24.02481372691508,23.877764034955955,23.946387390745432,11531400
2012-04-09,23.812408447265625,23.890834781053837,23.769925542737187,23.84181738751313,9806800
2012-04-10,23.534658432006836,23.730728126002287,23.51178396679133,23.71765664686061,17290600
2012-04-11,23.56732177734375,23.681694022865916,23.475821487798054,23.668622552930813,12026600
2012-04-12,23.60000228881836,23.613073760461173,23.469290065518553,23.577127836725516,10640600
2012-04-13,23.508502960205078,23.724175995543625,23.508502960205078,23.6000007626595,10525600
2012-04-16,23.67189598083496,23.786268250211222,23.573861182439032,23.600004127761743,14147600
2012-04-17,24.165332794189453,24.338527950073573,23.9137137827224,23.9137137827224,22614400
2012-04-18,24.237218856811523,24.296039227561714,24.093437667410676,24.12284660622173,11779800
2012-04-19,24.122852325439453,24.29277649615568,23.99214008243461,24.276439023985493,10731200
2012-04-20,24.224145889282227,24.296037726103883,24.096702176053988,24.168594012875644,13461000
2012-04-23,24.080368041992188,24.20454328170027,23.962727291477893,24.175134340635832,10472200
2012-04-24,24.220884323120117,24.296042171273225,24.086903603961755,24.155526962630045,10288000
2012-04-25,24.485570907592773,24.524785317689833,24.282966861783258,24.3581271911873,18596000
2012-04-26,24.740467071533203,24.82543041016383,24.449633616777586,24.492114039528467,16782000
2012-04-27,25.04109764099121,25.429965817897514,24.809084629944138,24.82215610152643,25103000
2012-04-30,24.939794540405273,25.12932712108404,24.81235082070391,24.972471969767255,26517600
2012-05-01,25.139129638671875,25.16200408811777,24.926722612029693,25.011685921312168,13841000
2012-05-02,25.214298248291016,25.243707195895077,25.044371573927023,25.07704901341892,16558600
2012-05-03,25.305789947509766,25.371144810665786,25.22736111996868,25.27964700499607,15612000
2012-05-04,25.16200828552246,25.35807538392682,25.148936813211712,25.263309079520223,13160800
2012-05-07,25.253501892089844,25.309053770310918,25.112986704565476,25.152201114965766,8965400
2012-05-08,25.207754135131836,25.253503036107325,25.037830001955463,25.16527372511977,10561600
2012-05-09,25.090116500854492,25.22409722254832,24.99535019619681,25.028027630496045,14070800
2012-05-10,25.29598617553711,25.390749976208586,25.227360330304727,25.230628821298684,12659200
2012-05-11,25.315597534179688,25.40382686480763,25.22736571042307,25.22736571042307,10604000
2012-05-14,25.11954116821289,25.243716481208633,25.037846292869173,25.20123604355661,15411800
2012-05-15,25.021493911743164,25.2110265268976,24.920193114356152,25.018225420274014,16397800
2012-05-16,24.94306182861328,25.109717458262256,24.809081133622765,25.05089958412351,17804400
2012-05-17,24.54766273498535,24.933262421614128,24.50517982896166,24.890779515590438,22310800
2012-05-18,24.198009490966797,24.60321514714079,24.008476888208772,24.59014367524765,31913000
2012-05-21,24.348329544067383,24.377738488234556,24.22415179812991,24.25029474391975,13488800
2012-05-22,24.243745803833008,24.371189472186494,24.152248041233282,24.371189472186494,15260600
2012-05-23,24.361400604248047,24.367935094020538,24.12285059093204,24.181670971398418,18000000
2012-05-24,24.691444396972656,24.786210698086705,24.377736551799423,24.439825419836158,20204600
2012-05-25,24.5836124420166,24.733930649005167,24.51172058364627,24.711056193444488,8999600
2012-05-29,24.65876579284668,24.74699760040646,24.528053573616624,24.74699760040646,10533800
2012-05-30,24.52804946899414,24.590138323692067,24.44962314783157,24.53131795953819,13884600
2012-05-31,24.42022705078125,24.580348267831074,24.397352591202704,24.49538492091257,15147600
2012-06-01,23.884300231933594,24.3287203238855,23.858159780093477,24.17840213000889,20843400
2012-06-04,24.064027786254883,24.09670521808239,23.711105539010006,23.864692211040364,13397200
2012-06-05,23.93331527709961,24.064027495961053,23.871228905314787,23.962726710579336,12275200
2012-06-06,24.381010055541992,24.381010055541992,23.952929860024902,23.982338807902178,12496400
2012-06-07,24.27316665649414,24.528054118433786,24.2470237134418,24.505179666545057,14342800
2012-06-08,24.586877822875977,24.629360734370415,24.230689524789863,24.233958016396038,11594200
2012-06-11,24.397342681884766,24.763333886489125,24.384271211273454,24.743727927136202,10657200
2012-06-12,24.573806762695312,24.59014672787227,24.29277631492648,24.501917398051194,11911200
2012-06-13,24.573806762695312,24.718569744801872,24.501424016565977,24.547485307711533,9376200
2012-06-14,24.919269561767578,25.0048130460837,24.57709813465551,24.6067104027525,13945400
2012-06-15,25.034423828125,25.07061520719492,24.813987253900954,25.044296257996134,19748800
2012-06-18,24.998233795166016,25.142996794552293,24.929139340048078,24.9916521755584,10457200
2012-06-19,24.919269561767578,25.0870657205774,24.892950613645436,25.0870657205774,11115400
2012-06-20,24.86003875732422,24.919260762453717,24.623150736806213,24.902811739454794,14706800
2012-06-21,24.567230224609375,25.001524281049402,24.55078119445678,24.935723140133767,12804000
2012-06-22,24.65605354309082,24.774497552100744,24.62973209438828,24.65934184156501,15252800
2012-06-25,24.600126266479492,24.623156912575563,24.40272036992001,24.49813376379006,9734200
2012-06-26,24.70212173461914,24.79424432070138,24.41259073818671,24.67250946900573,11859400
2012-06-27,25.116676330566406,25.162740139185747,24.754765052547345,24.754765052547345,13644400
2012-06-28,25.192346572875977,25.225247137416368,24.90281809070748,25.03771115836874,10891200
2012-06-29,25.725351333618164,25.72535133361816,25.360149200478148,25.3765982318787,18519800
2012-07-02,25.965518951416016,25.99184040489542,25.666120576081685,25.69573032863204,13350200
2012-07-03,26.044483184814453,26.110284308040033,25.89642689232897,25.955648907292776,7335000
2012-07-05,25.810880661010742,26.03789877909547,25.728628010707773,25.99841660329544,10546400
2012-07-06,25.712188720703125,25.75825002149826,25.610193688811638,25.66941571985576,10036000
2012-07-09,25.6562557220459,25.731926778043558,25.5674214265587,25.68257467056761,8615600
2012-07-10,25.6562557220459,25.840500912460158,25.603612804697566,25.837210102587772,11583400
2012-07-11,25.485166549682617,25.64638107737112,25.383174043819803,25.629932049734798,13645600
2012-07-12,25.215375900268555,25.422651705169155,25.175893718793755,25.3436898523716,19104000
2012-07-13,25.425947189331055,25.527939705869986,25.116676319629118,25.2120897264553,13307400
2012-07-16,25.16273307800293,25.46542224303058,25.070607996768956,25.366718053927226,17575600
2012-07-17,25.560836791992188,25.879977506514955,25.254856803961818,25.682569119280974,21209600
2012-07-18,25.47858238220215,25.557544225575427,25.274594900823462,25.544383499987923,13852000
2012-07-19,25.5147705078125,25.53121953009286,25.16930840795645,25.504898082262574,18050400
2012-07-20,25.34368133544922,25.44896460718212,25.264719509187337,25.422643161711097,16436000
2012-07-23,25.294334411621094,25.333816587880197,25.12654081036125,25.18576281967405,10655800
2012-07-24,25.22195816040039,25.317369041958358,25.037710485650685,25.300920015206206,10445800
2012-07-25,25.34040641784668,25.40621007278881,25.24499551094795,25.31737576615513,9020400
2012-07-26,25.942481994628906,25.96222433501058,25.564119350922567,25.564119350922567,14144600
2012-07-27,26.324138641357422,26.399809673191033,25.958936676868852,26.00828876858519,17825000
2012-07-30,26.6893367767334,26.705785798177804,26.179369419082246,26.245170525162454,15947800
2012-07-31,26.584060668945312,26.75843590621195,26.449165101911444,26.551157596882046,16333600
2012-08-01,26.653148651123047,26.73211049003578,26.51496229533626,26.63998792627899,12954600
2012-08-02,26.23859405517578,26.64985728488073,26.16292051644339,26.561025531731143,13393200
2012-08-03,26.59393310546875,26.6465735074825,26.324144455998724,26.383366477109323,11834200
2012-08-06,26.53141975402832,26.732116459955233,26.52484064521282,26.65315460340843,9179400
2012-08-07,26.245180130004883,26.643285250982345,26.23860102104965,26.59722144768686,12782800
2012-08-08,26.17608642578125,26.320851914559988,26.11028530005567,26.22543852515146,8790200
2012-08-09,26.070798873901367,26.24846489661681,25.93590583508046,26.1464724153021,9583400
2012-08-10,25.92275047302246,26.060934349227367,25.863528453198622,26.044485322147064,40577600
2012-08-13,25.860227584838867,25.919449581627056,25.69572231711069,25.866809201232652,8898200
2012-08-14,25.91287612915039,26.103700373634908,25.827332668425225,26.057639089433295,10841200
2012-08-15,25.893142700195312,26.02474749043044,25.814180830115276,25.93920400025472,7692500
2012-08-16,26.02474021911621,26.077383124562864,25.866816523080026,25.926038536631566,8824100
2012-08-17,26.011585235595703,26.143190018116172,25.840500775425806,26.097128720756878,10541000
2012-08-20,25.972091674804688,26.05105349804768,25.833905346440577,26.018152947542358,9211800
2012-08-21,25.833911895751953,26.116861220101896,25.81417206247462,25.932616082442117,8329000
2012-08-22,25.511486053466797,25.827335975644974,25.45884314469441,25.754953231158964,13479200
2012-08-23,25.077186584472656,25.557541725749346,25.01796458019737,25.537801894374745,14973300
2012-08-24,25.3140811920166,25.366721592770794,25.05087165778919,25.05087165778919,9317800
2012-08-27,25.116676330566406,25.373306792220564,25.08377576168331,25.373306792220564,9589400
2012-08-28,25.00480079650879,25.21536733924624,24.853456250800694,25.096923345187523,16148800
2012-08-29,24.649478912353516,25.03771160522426,24.596838510179833,25.03771160522426,23435400
2012-08-30,24.438913345336914,24.76134492196363,24.432334236086394,24.596839579025012,17041800
2012-08-31,24.609994888305664,24.72843890995107,24.445489581592796,24.616573996107398,20710300
2012-09-04,24.531030654907227,24.7350181398931,24.491550987598323,24.688956854598192,17293400
2012-09-05,24.682376861572266,24.754759603272937,24.41916985829485,24.583675176650214,20839200
2012-09-06,25.1035099029541,25.20221157733056,24.80739985952135,24.860040250491792,19851400
2012-09-07,24.93899917602539,25.333810807932718,24.833715906840027,25.25484898358148,16391700
2012-09-10,24.781085968017578,24.991652616432564,24.73502467056133,24.97849188713757,18216900
2012-09-11,24.853464126586914,24.892946307168344,24.715280259779878,24.761341548715556,16505000
2012-09-12,24.87664222717285,25.062142213724062,24.85014186806363,25.035641854614838,14632200
2012-09-13,25.406641006469727,25.499392278805942,24.916396917332825,24.995895480692962,23803400
2012-09-14,25.254274368286133,25.539147033281747,25.181399612978264,25.539147033281747,25087400
2012-09-17,25.406641006469727,25.42651754272008,25.194643152700184,25.280768070548362,23594400
2012-09-18,25.585512161254883,25.837260535632108,25.373514328267802,25.42651505012133,24373700
2012-09-19,25.519275665283203,25.711399580614962,25.446400902418418,25.612024444487584,26276800
2012-09-20,25.598770141601562,25.75114347253797,25.426522797521283,25.43314662616448,26953000
2012-09-21,25.194650650024414,25.66502339731014,25.09527804805678,25.658397040850257,98967500
2012-09-24,25.254274368286133,25.33377547982986,25.048902814834246,25.048902814834246,21902000
2012-09-25,24.96277618408203,25.353647777456267,24.949525999721892,25.313897224375847,20299200
2012-09-26,25.015777587890625,25.30065026996562,25.00252992905351,25.029027773942317,16677400
2012-09-27,25.38014793395996,25.40664577524442,25.108525474883905,25.214524421664457,15176100
2012-09-28,25.128400802612305,25.32052469346029,25.1085267888054,25.28739796749629,22721200
2012-10-01,25.426523208618164,25.572270186053526,25.274149875218182,25.280773703968475,16671400
2012-10-02,25.400026321411133,25.631898267674792,25.247652967121493,25.54577584604239,10276000
2012-10-03,25.333772659301758,25.519270177822616,25.267521740391345,25.38677086721594,13637100
2012-10-04,25.393394470214844,25.539141421591314,25.300643193793974,25.47951686464198,9654500
2012-10-05,25.559019088745117,25.57226674446279,25.340394861193673,25.49939452915963,12287900
2012-10-08,25.559019088745117,25.62526747618944,25.46626780822348,25.53251872288179,9434600
2012-10-09,25.5457706451416,25.724644336076985,25.479519725972484,25.50602009364013,13078700
2012-10-10,25.234397888183594,25.658393666127587,25.20789752025855,25.605395457491678,13754500
2012-10-11,25.247652053833008,25.36027484445438,25.18802748020564,25.30727662746038,10843800
2012-10-12,25.327144622802734,25.433143558809935,25.247646052600828,25.347018633549716,12059700
2012-10-15,25.260902404785156,25.34040099440241,25.181401287953303,25.234402032507873,13785100
2012-10-16,25.1085205078125,25.320518359435315,24.80377138479269,25.29401799617903,25811800
2012-10-17,25.002531051635742,25.27415355985455,24.976030678342518,25.214528983552146,15449600
2012-10-18,25.068782806396484,25.221156182364847,24.817034280911134,25.01578205273008,23063300
2012-10-19,24.77727699279785,25.135021837629385,24.777276992797855,25.12839800950147,19864500
2012-10-22,24.664655685424805,24.83027921476063,24.485781970476378,24.75740445749855,13340500
2012-10-23,24.25390625,24.499028327490375,24.20753187121031,24.485778143948448,13287300
2012-10-24,24.432777404785156,24.538776334920748,24.247277381637492,24.247277381637492,13531400
2012-10-25,24.5719051361084,24.638153532165298,24.4129054474718,24.512280568771462,10457900
2012-10-26,24.538782119750977,24.6845291035375,24.366532238165398,24.591780333705774,11896500
2012-10-31,24.631534576416016,24.783907939263063,24.459284669048174,24.618284389140424,11643500
2012-11-01,24.73089599609375,24.883269274400526,24.61164690399046,24.61164690399046,10622300
2012-11-02,24.565284729003906,24.942906198997346,24.512283983004643,24.896531809855322,11237500
2012-11-05,24.359905242919922,24.505654734976925,24.267156485143325,24.479154367836724,12139600
2012-11-06,24.790531158447266,24.830281719294565,24.419536032731468,24.459284066364017,11448400
2012-11-07,24.326786041259766,24.77065590950963,24.11478811504869,24.69778114852183,16745000
2012-11-08,24.088287353515625,24.585157958902617,24.088287353515625,24.28041126079676,12921700
2012-11-09,24.041906356811523,24.194279663977504,23.88290669482178,23.88290669482178,11520300
2012-11-12,23.902788162231445,24.041911315659114,23.843163592588954,24.041911315659114,10169700
2012-11-13,23.955780029296875,24.22077860799637,23.836530921603476,23.869655112137476,12105200
2012-11-14,23.856403350830078,24.08827772364202,23.763654612590734,23.9756524506274,13508300
2012-11-15,24.134653091430664,24.167777281141994,23.757031768851387,23.783532131505925,17643600
2012-11-16,24.22078514099121,24.280409710920253,24.0286612459738,24.174410756292446,15624800
2012-11-19,24.671276092529297,24.704400284965892,24.3864034885896,24.41290132621054,14076200
2012-11-20,24.677898406982422,24.69114858858739,24.41289982931054,24.664648225377455,12278600
2012-11-21,24.770658493041992,24.82365924372995,24.65803568865241,24.730910457240913,8631300
2012-11-23,25.128400802612305,25.141650987555032,24.836904315515426,24.876652343129237,5365500
2012-11-26,24.750778198242188,25.0290244871449,24.66465326382334,24.896527698456513,13217000
2012-11-27,24.790531158447266,25.03565582618349,24.737532937865616,24.803781345396363,11873700
2012-11-28,25.054004669189453,25.060673944621243,24.54705322154514,24.720484917416954,14846300
2012-11-29,25.327495574951172,25.327495574951172,25.013986134475058,25.13405347148488,12433700
2012-11-30,25.29414939880371,25.334172705065345,25.120720160780042,25.30749050089092,13039500
2012-12-03,24.933942794799805,25.307483369765553,24.900591321257053,25.280803717663947,12864900
2012-12-04,24.780529022216797,25.007322650822523,24.773857199418334,24.88725528599862,11794200
2012-12-05,24.887250900268555,25.01398752100205,24.733832082152936,24.813876129744912,14561400
2012-12-06,24.933942794799805,24.973963545229378,24.88057840148794,24.90726059814387,8974700
2012-12-07,25.154069900512695,25.17408282453411,24.94061737101991,24.973968851649122,10654700
2012-12-10,25.10737419128418,25.200759343235628,25.020658316805886,25.14739748978675,8603200
2012-12-11,25.25411605834961,25.340831906446926,25.067345811266566,25.100697277595142,10671300
2012-12-12,25.10737419128418,25.300816317214778,25.013989039332735,25.274134118213066,14681700
2012-12-13,25.0806884765625,25.20742763177753,25.03399590713197,25.14739396471625,11442100
2012-12-14,25.120702743530273,25.194077481858596,25.01397654538543,25.027317638222694,11800900
2012-12-17,25.01398277282715,25.227435222257625,24.933938740429195,25.20742485029662,17588900
2012-12-18,24.867233276367188,25.147391206779382,24.767178871940907,25.033993161631567,17952100
2012-12-19,24.533721923828125,24.87391363144394,24.527052645732912,24.847231429953524,17991900
2012-12-20,24.713817596435547,24.74716906877348,24.447003273177845,24.47368292431565,16182700
2012-12-21,24.60709571838379,24.807207132423617,24.36696100371412,24.68047049726115,27942400
2012-12-24,24.500362396240234,24.547054961233258,24.39363616989133,24.49369312033578,4851800
2012-12-26,24.2935848236084,24.547060623867797,24.173520017753457,24.480357671220105,9982100
2012-12-27,24.2935848236084,24.38030069769403,24.146837818872566,24.246892247844105,11380600
2012-12-28,23.993410110473633,24.29357583083013,23.980069015971676,24.16016997491773,14053400
2012-12-31,24.180192947387695,24.200203327293476,23.73327749912579,23.93338893184836,15651400
2013-01-02,25.0806884765625,25.0806884765625,24.453672155242405,24.67379644931849,21872400
2013-01-03,25.0806884765625,25.0806884765625,24.7538404905488,24.980634061163165,16357900
2013-01-04,25.120702743530273,25.260780401491644,25.027317638222694,25.114033469388282,15311300
2013-01-07,24.880573272705078,25.02732277950802,24.747164861480027,25.02732277950802,14610200
2013-01-08,24.707151412963867,24.86723951804963,24.62043553838559,24.80720584250383,14324300
2013-01-09,24.70047378540039,24.813871832358398,24.56706791070244,24.813871832358398,10563700
2013-01-10,24.653779983520508,24.793857671658348,24.5203715709614,24.760506204657027,15603700
2013-01-11,24.62042999267578,24.640440365165563,24.360284972092725,24.573737427163643,15644800
2013-01-14,24.673797607421875,24.753841652409175,24.547058446258145,24.647115410908004,11001500
2013-01-15,24.89391326904297,24.967288019204428,24.547052432995674,24.673791563112268,12721600
2013-01-16,24.89391326904297,24.960616199433193,24.760504863708825,24.820538518881506,9168000
2013-01-17,25.020652770996094,25.12070972279769,24.900587991209754,24.96729092937483,12121800
2013-01-18,25.147396087646484,25.15406536474778,24.887251023271027,25.00731836752961,14056100
2013-01-22,24.767179489135742,25.174074026449215,24.71381510313543,25.174074026449215,21249400
2013-01-23,24.767179489135742,24.85389279955529,24.70714582716238,24.733828020162537,13570200
2013-01-24,24.753843307495117,24.84722845698325,24.680468534453162,24.813876981388127,13258900
2013-01-25,24.713817596435547,24.847226030341517,24.62043245606764,24.800533460157563,14040700
2013-01-28,24.68714141845703,24.753846923947204,24.587086977054057,24.727164721751134,13386500
2013-01-29,24.96062469482422,25.060681669017807,24.587084086217864,24.600425185747312,17705800
2013-01-30,25.01398277282715,25.087357529422732,24.893915451953266,24.94727983658784,13219400
2013-01-31,24.840551376342773,25.033990891849708,24.753835531392554,25.033990891849708,12969100
2013-02-01,25.040666580200195,25.154062088031505,24.927268527814807,25.040666580200195,11932600
2013-02-04,24.91392707824707,25.06734841951877,24.880575608448282,25.000642935367154,9456300
2013-02-05,25.440893173217773,25.454234272261395,25.054011479170544,25.054011479170544,17897300
2013-02-06,25.554288864135742,25.634332906392263,25.34750566503932,25.434221528473852,16823700
2013-02-07,25.954513549804688,26.05457051848068,25.580970417242643,25.627662990743598,18805300
2013-02-08,25.861127853393555,25.97452337389985,25.747729788332894,25.914489702880527,12308000
2013-02-11,25.75439453125,25.901144029975097,25.620986127368422,25.821097460913958,12159900
2013-02-12,25.054004669189453,25.454227353494943,24.867231877900288,25.420875887228448,30700500
2013-02-13,24.82054328918457,25.307481899369126,24.687134858210435,25.127380899237167,19943800
2013-02-14,24.57373809814453,25.020653392979078,24.480352964570393,24.84055494654555,22748600
2013-02-15,24.96062469482422,24.96062469482422,24.37363158285579,24.640445939781106,25204300
2013-02-19,25.127382278442383,25.19408776986791,24.987304563280258,25.020656036715863,14850600
2013-02-20,25.167407989501953,25.26746496396908,24.95395548555634,25.147397612430353,12949300
2013-02-21,25.154069900512695,25.20743430516332,24.967299573345226,25.09403621755817,14135100
2013-02-22,25.69437026977539,25.69437026977539,25.154067181586534,25.187418658610753,20102800
2013-02-25,25.160737991333008,25.827777683196093,25.160737991333008,25.721051434280177,15874600
2013-02-26,25.42088508605957,25.474246942484793,25.20076074884946,25.314158828654435,15770000
2013-02-27,25.64767074584961,25.70770440605373,25.294138060401394,25.36751281671242,14271100
2013-02-28,25.827777862548828,25.99453778667261,25.62766391795668,25.661017938425044,19005500
2013-03-01,25.814434051513672,25.87446771967399,25.674356340657685,25.674356340657685,13724500
2013-03-04,25.894474029541016,25.894474029541016,25.64767011898031,25.747724520505756,9934300
2013-03-05,25.80109977722168,26.014552310564483,25.721055713356858,26.001211209161195,13240700
2013-03-06,26.02788734436035,26.041228442653573,25.81443486077748,25.88113780768926,11653900
2013-03-07,26.094587326049805,26.14127989249307,25.907817060276752,26.041225483494944,15094900
2013-03-08,26.161296844482422,26.294702743720197,26.03455767783035,26.12794282511856,11183600
2013-03-11,26.221338272094727,26.26803085954847,26.134622376299838,26.147963479080218,9200400
2013-03-12,25.987865447998047,26.221330863861674,25.881139200463217,26.201317943067703,11375900
2013-03-13,25.92739486694336,26.11551714951364,25.900519522869356,26.08192425090807,14358300
2013-03-14,26.216299057006836,26.28348485588043,25.974426080303584,26.081924896285702,14572500
2013-03-15,26.088653564453125,26.162556942246166,25.97443459336428,26.081933444578898,20781900
2013-03-18,26.041616439819336,26.16255294935045,25.913962374413998,25.940837723859666,11479900
2013-03-19,26.424591064453125,26.471621657492815,26.081936671763863,26.14912250097053,15192000
2013-03-20,26.787385940551758,26.820978839868413,26.44473426676357,26.471609611406468,19271900
2013-03-21,26.921756744384766,27.163629690068035,26.713476693830035,26.773944930250853,23063600
2013-03-22,26.9016056060791,27.06285255237789,26.80082434241186,26.861292588017406,16128500
2013-03-25,26.955350875854492,27.04269445757371,26.84785206872843,26.94863332171012,15718400
2013-03-26,27.33832359313965,27.345043712238198,26.962078938804495,26.962078938804495,13666500
2013-03-27,27.022541046142578,27.237538674827118,26.915042231800307,27.17707043157372,14559900
2013-03-28,27.17034912109375,27.2778479307163,26.88816570694973,27.130038669343914,14227200
2013-04-01,27.177064895629883,27.203940234484442,26.988940086621337,27.13675188734804,8200500
2013-04-02,27.358474731445312,27.479411216051812,27.15691221511858,27.163632332582196,13359200
2013-04-03,26.988950729370117,27.42566618756307,26.928485037563547,27.39879083811056,13639200
2013-04-04,27.237545013427734,27.27113792016968,27.009109659418208,27.05614024145183,11435900
2013-04-05,26.928478240966797,27.116600513704594,26.881445109808602,27.01581926018149,10729500
2013-04-08,27.45253562927246,27.459253183702785,26.72019917362271,26.915041570762057,22757900
2013-04-09,27.35175132751465,27.633937278681525,27.21737718710059,27.418939679208453,21056100
2013-04-10,27.5936336517334,27.66081946330226,27.351760629326403,27.398791210019493,9703700
2013-04-11,27.667537689208984,27.82206709562389,27.586914208247784,27.633944785723006,10962500
2013-04-12,27.600345611572266,27.620500836489835,27.33159731879424,27.48612669010082,10394700
2013-04-15,26.93520164489746,27.539884171412712,26.908326296391383,27.445820451641442,16050600
2013-04-16,28.46705436706543,28.540960277715143,27.714562715218214,27.815343968463047,32135700
2013-04-17,28.587993621826172,28.688774884857434,28.238621823084827,28.312527740911225,24208000
2013-04-18,28.2856502532959,28.65517981443899,28.278932698990474,28.540960887456457,16034200
2013-04-19,28.661890029907227,28.735795923212343,28.35283135151595,28.406579461118582,13875800
2013-04-22,28.702207565307617,28.78954857757131,28.487209967010998,28.567833425628844,10544100
2013-04-23,28.688770294189453,28.86345488412077,28.393146670188436,28.742518413024637,11216200
2013-04-24,28.319250106811523,28.823151336021873,28.28565464115148,28.64846414129674,11368200
2013-04-25,28.453624725341797,28.581281357206276,28.27222251906762,28.393156468925586,10197100
2013-04-26,28.2856502532959,28.507367989981752,28.278932698990474,28.33940093963445,15159800
2013-04-29,28.379711151123047,28.41330404527954,28.164710989979703,28.379711151123047,11311100
2013-04-30,28.440174102783203,28.480484543093564,28.13783298559019,28.319237655905997,13432200
2013-05-01,28.35955810546875,28.594713529825125,28.312527533192267,28.319247650931175,8710600
2013-05-02,28.191593170166016,28.325967342366567,27.875816812915005,27.99003319335227,18709600
2013-05-03,28.379711151123047,28.500645057491713,28.191586330494314,28.33267802373571,11757800
2013-05-06,28.272220611572266,28.413312346032637,28.131126314137607,28.413312346032637,9356100
2013-05-07,28.688770294189453,28.695487847928764,28.319243327161754,28.35955377554475,13785300
2013-05-08,28.52753448486328,28.675346367709402,28.32597445742072,28.581285192434528,12636300
2013-05-09,28.299083709716797,28.594707314597976,28.21846025519166,28.561111859153545,10113700
2013-05-10,28.319250106811523,28.37971835683573,28.117687564748028,28.292374759473162,9927000
2013-05-13,28.346113204956055,28.514080223963084,28.218459193181104,28.31252031374931,9291000
2013-05-14,28.567840576171875,28.668619283925757,28.225186306075816,28.339405250432563,13023900
2013-05-15,28.83658790588379,28.957524412051747,28.480498506041652,28.554404433474772,12306200
2013-05-16,28.9508056640625,29.179240992641457,28.749245683075003,28.82986916287516,12330000
2013-05-17,28.87017250061035,28.97767129194465,28.594706687630374,28.923920614790823,12611200
2013-05-20,28.473777770996094,28.856742476774997,28.420027079601283,28.856742476774997,9966000
2013-05-21,28.4469051361084,28.594716988555625,28.265500379825244,28.540966292038718,9148800
2013-05-22,28.386430740356445,28.7962707421865,28.24533903699736,28.406585965700966,13615600
2013-05-23,28.171432495117188,28.2654936285809,27.922841990538288,28.17143249511719,10934200
2013-05-24,28.379711151123047,28.46705216333522,27.88252760349691,27.90940294401152,11542100
2013-05-28,28.587993621826172,28.923927747965077,28.48721492176889,28.621586521845263,14412100
2013-05-29,27.815351486206055,28.507375085736523,27.754883230510952,28.446906830041424,16986600
2013-05-30,27.392065048217773,27.949714285369666,27.37862737753086,27.875810941052084,20874500
2013-05-31,26.868011474609375,27.392067870526315,26.868011474609375,27.31144440107153,26184400
2013-06-03,27.4189395904541,27.439094814410225,26.62613498384835,26.84113258262548,16577200
2013-06-04,27.828784942626953,28.030347491602615,27.513008570982013,27.94300389124478,19241000
2013-06-05,27.311443328857422,27.81534447837159,27.277847868510783,27.81534447837159,16429300
2013-06-06,27.405492782592773,27.405492782592773,27.082996491954102,27.244243355787095,11171600
2013-06-07,27.822044372558594,28.03704185484332,27.53314102518121,27.68095275536652,14459600
2013-06-10,27.667537689208984,27.895973021077594,27.573476534258543,27.882535347088353,11247400
2013-06-11,27.405492782592773,27.533146763374948,27.143464706634646,27.465960997273317,16491600
2013-06-12,27.324325561523438,27.69640673109839,27.249908811470632,27.594931456135622,11611100
2013-06-13,27.337854385375977,27.385210026834805,26.844000852527575,27.270204206345916,17861200
2013-06-14,27.290494918823242,27.594925843166656,27.236372718633948,27.31755601891789,13635100
2013-06-17,27.520517349243164,27.676114850348085,27.331094753235313,27.42580605123924,12409200
2013-06-18,27.689638137817383,27.730229789461962,27.446093389327174,27.534040677546113,9893100
2013-06-19,27.337854385375977,28.034661036003477,27.33785438537598,27.74376062093417,16936100
2013-06-20,26.471914291381836,27.29725714560964,26.363672478662366,27.243137529594094,24899700
2013-06-21,26.898117065429688,27.04018655246216,26.586922152289187,26.81017235999123,21938300
2013-06-24,26.742523193359375,27.067248700251614,26.471919894626968,26.68840356588846,16433700
2013-06-25,26.871049880981445,27.013116741515272,26.681624819581923,26.93870002961058,12942100
2013-06-26,27.283737182617188,27.385212460178984,27.10107858617899,27.114609139325058,13855600
2013-06-27,27.23636817932129,27.6558074188174,27.222840212217132,27.500209990238435,11459100
2013-06-28,27.134899139404297,27.3581467772453,27.128132573618647,27.229610414893735,16316000
2013-07-01,27.371679306030273,27.682874256751,27.304029127417557,27.398740409750918,10754300
2013-07-02,27.310794830322266,27.561106184444608,27.182258450600102,27.37844759387792,12248300
2013-07-03,27.39197540283203,27.439331042233018,27.08077788302568,27.22284738191743,5264800
2013-07-05,27.412273406982422,27.601695988546993,27.16196462695936,27.54757635696674,10402200
2013-07-08,27.425806045532227,27.574636979212002,27.34462272095491,27.500222802716774,9936300
2013-07-09,27.621986389160156,27.78434782509395,27.54756965573696,27.642280923479756,8760500
2013-07-10,27.520517349243164,27.709939945251012,27.41903948384506,27.682878837052943,9539300
2013-07-11,27.757286071777344,27.838469368520634,27.561099556368813,27.736991537935737,13489600
2013-07-12,27.757286071777344,27.82493881906342,27.55433299129599,27.757286071777344,10686400
2013-07-15,27.74375343322754,27.906117433799743,27.689633820162296,27.77081453010428,11418400
2013-07-16,27.216083526611328,27.398742117074512,26.722229966035634,26.911652542506026,33575600
2013-07-17,27.628751754760742,27.723463027237795,27.27020120018657,27.4325626442362,18513100
2013-07-18,27.60845184326172,27.78434380351233,27.561096216244703,27.64227692246128,9708800
2013-07-19,27.79787826538086,27.80464224989792,27.59492518091875,27.655811364326233,11401100
2013-07-22,27.628751754760742,27.83170485016709,27.574629552951784,27.791115779498995,9425100
2013-07-23,27.709941864013672,27.824950291474515,27.594936017242322,27.703177876840442,9400900
2013-07-24,27.64228630065918,27.82494488713315,27.567869552759895,27.81817832058467,10511000
2013-07-25,27.628751754760742,27.65581285566522,27.385207007997675,27.608457219426693,9147300
2013-07-26,27.493450164794922,27.500216730693637,27.06724683728194,27.500216730693637,12279600
2013-07-29,27.249908447265625,27.520514338261062,27.236377894646953,27.47315869444022,10132000
2013-07-30,27.276973724365234,27.554343643747686,27.2296180733016,27.344623917116298,10769400
2013-07-31,27.114604949951172,27.452860984272785,27.10107439889566,27.337852590645294,13557100
2013-08-01,27.446094512939453,27.56786689216978,27.331088699604557,27.331088699604557,12001100
2013-08-02,27.209320068359375,27.33785645050181,26.99960036842152,27.080781105527837,25516600
2013-08-05,27.256668090820312,27.3784404527696,27.182251360663706,27.182251360663706,9933200
2013-08-06,27.310794830322266,27.35138648845566,27.10107771502237,27.216083542033402,8645600
2013-08-07,27.161958694458008,27.28373106477842,27.101072509297804,27.270200514666314,9301800
2013-08-08,27.195796966552734,27.30403883924719,27.074024537185245,27.26344716922809,9481100
2013-08-09,27.168733596801758,27.27697546050656,27.094316831625402,27.229619806428808,9021600
2013-08-12,26.94548797607422,27.128144038461187,26.864304636469125,27.087554949348437,13970000
2013-08-13,26.823707580566406,27.09431089014331,26.72222972654442,27.01313015533914,13548700
2013-08-14,26.742523193359375,26.844001043314602,26.620750805688665,26.78311484947925,13787100
2013-08-15,26.444860458374023,26.654580157186622,26.397504813591997,26.586927392720096,14227800
2013-08-16,26.41779899597168,26.505746298246414,26.187784761268645,26.404268443261024,20565200
2013-08-19,26.235139846801758,26.444859538317896,26.174253651244747,26.417798433472782,11913000
2013-08-20,26.147193908691406,26.47868339518594,26.147193908691406,26.282494265234305,10238200
2013-08-21,25.89687728881836,26.181013657112462,25.87658275561462,26.133658025844838,15799000
2013-08-22,25.917184829711914,26.059251780671165,25.775115298063273,25.923948816604998,10307900
2013-08-23,26.059249877929688,26.120136078279327,25.957772017117218,26.120136078279327,11302800
2013-08-26,25.78864288330078,26.113368411257884,25.781878897186484,26.113368411257884,12740600
2013-08-27,25.808935165405273,25.86982135177782,25.572154404761562,25.693926777506647,16742500
2013-08-28,25.944236755371094,26.0660091339716,25.741283651266496,25.74805021712693,19245200
2013-08-29,25.775108337402344,26.025419656568562,25.775108337402344,26.025419656568562,14215700
2013-08-30,25.8292293548584,25.89687952517177,25.707456983743477,25.81569880465801,14296600
2013-09-03,25.639806747436523,25.97806275950989,25.57215399660871,25.890115473778014,19068500
2013-09-04,26.07277488708496,26.201311246850402,25.57892140290576,25.626277039697694,19138600
2013-09-05,25.869827270507812,26.17425569133177,25.74805486990255,26.13366661158948,14290500
2013-09-06,25.944236755371094,26.126895323271857,25.775108738502475,25.96453387226367,13976900
2013-09-09,26.059249877929688,26.0795444178165,25.890121830368376,26.059249877929688,10605500
2013-09-10,26.133668899536133,26.235144188464993,26.05248557156573,26.22838020147884,11757300
2013-09-11,26.235139846801758,26.235139846801758,26.06601181255329,26.16748966537797,11996500
2013-09-12,26.194255828857422,26.31010066782817,26.085226768362634,26.29647171033409,12114100
2013-09-13,26.36461067199707,26.39868436129145,26.180623667529048,26.27602635831277,11623600
2013-09-16,26.480451583862305,26.712138599757797,26.39868046044541,26.59629379208148,13351500
2013-09-17,26.43276596069336,26.637195180452252,26.43276596069336,26.446394921938428,12881700
2013-09-18,26.977895736694336,26.984708913628538,26.289650490229544,26.446379554286732,18030500
2013-09-19,26.787097930908203,27.03241131384176,26.67806889422975,27.01196918179495,14251700
2013-09-20,26.84842872619629,26.84842872619629,26.425938906222044,26.80072868191814,30675300
2013-09-23,26.3237247467041,26.705325087984328,26.19425097423486,26.684882955260704,19016200
2013-09-24,26.255584716796875,26.4872717942123,26.248771537810175,26.38505851266475,15083300
2013-09-25,26.119291305541992,26.357791479436,26.098846576738982,26.337349350089923,11446100
2013-09-26,26.398691177368164,26.39869117736816,26.160188288014297,26.228333084740346,10941100
2013-09-27,26.167003631591797,26.28966166419755,25.996645541801374,26.282845884909367,12609600
2013-09-30,25.812646865844727,26.0988470800367,25.7240599712085,26.023889138379662,18101500
2013-10-01,25.8603515625,25.95575165109182,25.63547769699861,25.894422651360298,13196000
2013-10-02,25.506006240844727,25.764951192376948,25.356090332148582,25.764951192376948,25664200
2013-10-03,25.322017669677734,25.52644678735616,25.30157553774707,25.52644678735616,14437900
2013-10-04,25.349279403686523,25.39697945169404,25.151663433679573,25.38335049519794,17217500
2013-10-07,25.24705696105957,25.47193078555233,25.09714367752138,25.267501690213354,16708600
2013-10-08,25.403791427612305,25.492378340914463,25.144849064817578,25.28113342441163,20471300
2013-10-09,25.26750946044922,25.499193933478953,25.21980681072558,25.47193861865402,18998900
2013-10-10,25.74449920654297,25.799015012330607,25.519628006310693,25.73768603054786,17174400
2013-10-11,25.737693786621094,25.83990705408992,25.56733574138224,25.83990705408992,14266900
2013-10-14,25.833101272583008,25.86035919149551,25.56052728237438,25.594600980744126,14202900
2013-10-15,25.662731170654297,26.146547307405672,25.621844311417007,26.017076152339772,21676600
2013-10-16,25.894420623779297,26.057965476743302,25.744504725183727,25.901233801234888,17995100
2013-10-17,26.26921272277832,26.276028500975997,25.901238683836045,25.935312375908943,15900200
2013-10-18,26.425941467285156,26.425941467285156,26.180625444675684,26.289657098686742,18896600
2013-10-21,26.453201293945312,26.54178821950726,26.30328535829554,26.54178821950726,12977500
2013-10-22,26.637182235717773,26.74621127323547,26.364608342194874,26.48045315675216,17110200
2013-10-23,26.637182235717773,26.74621127323547,26.439566292886536,26.630369058135486,12591800
2013-10-24,26.439563751220703,26.827979822504705,26.412305844597288,26.678066534990016,17143800
2013-10-25,26.596303939819336,26.664448734881475,26.323732557945196,26.466832728388482,14383400
2013-10-28,26.991527557373047,27.080114463670725,26.569040357230563,26.589482489661822,16552100
2013-10-29,27.12100601196289,27.230035079971927,26.81436094585685,26.964276889166033,14199600
2013-10-30,26.998332977294922,27.182319914681216,26.923375047309033,27.175506738980943,12360000
2013-10-31,26.964265823364258,27.16188174036213,26.92337896484357,26.92337896484357,14853500
2013-11-01,26.991527557373047,27.066485508897443,26.80072738946173,26.964269647826477,12430400
2013-11-04,26.923381805419922,27.127813520135145,26.78028168468505,27.059668748744325,10252100
2013-11-05,26.91657066345215,27.01197075115626,26.72577048804393,26.821170575748038,10575000
2013-11-06,27.291362762451172,27.40720760375725,26.86205969083577,26.99834666906614,17198000
2013-11-07,27.141450881958008,27.42765121208337,27.09374822747908,27.31180896402064,16233200
2013-11-08,27.291362762451172,27.291362762451172,26.909762342755617,27.080120415679104,11903600
2013-11-11,27.168697357177734,27.29135534429921,27.100555186313443,27.264097436170616,9567800
2013-11-12,27.17552375793457,27.25048173486367,26.99834988529157,27.195965897294066,10509200
2013-11-13,27.339052200317383,27.339052200317383,27.01878091520037,27.13462311207193,11770500
2013-11-14,27.400386810302734,27.557115896772707,27.277728812290157,27.318615678113492,10887200
2013-11-15,27.407207489013672,27.475349678114622,27.23003363821858,27.36632061587837,12021500
2013-11-18,27.373126983642578,27.420829623492676,27.25728477110486,27.420829623492676,9553900
2013-11-19,27.352685928344727,27.41401492547158,27.20277002437745,27.352685928344727,11014800
2013-11-20,27.298168182373047,27.56392625937461,27.216394466790323,27.29135240634603,14422500
2013-11-21,27.550312042236328,27.591198921896293,27.32543810329396,27.39358290272724,26364300
2013-11-22,27.550312042236328,27.570754182337158,27.318624923079785,27.488983022475526,26396500
2013-11-25,27.509422302246094,27.856954244574947,27.482166984764994,27.58438027409969,14059100
2013-11-26,27.427642822265625,27.66614302441547,27.420829644828732,27.59118767478069,14240400
2013-11-27,27.578611373901367,27.708992156949044,27.235508458794854,27.509991837947066,9909100
2013-11-29,27.578611373901367,27.777611692903346,27.52371626867143,27.63350909679881,8641100
2013-12-02,27.50312614440918,27.585470096755607,27.276677003372697,27.51684795507771,16738800
2013-12-03,27.68839454650879,27.715843398385523,27.455084540889715,27.482533392766452,16592300
2013-12-04,27.702133178710938,27.770755343593734,27.407064413884747,27.585479424912084,13196100
2013-12-05,27.331584930419922,27.72272212231568,27.310996971389393,27.640375521529606,18171200
2013-12-06,27.763883590698242,27.791332448517142,27.48253934222241,27.48253934222241,12557100
2013-12-09,27.72270965576172,27.791329174558086,27.585468000502136,27.72270965576172,12237100
2013-12-10,27.34530258178711,27.647234836685254,27.27668304258351,27.62664688079007,15967800
2013-12-11,27.537445068359375,27.681547687326564,27.372754491205498,27.413927789910947,14963500
2013-12-12,26.906131744384766,27.59233761973863,26.885546405777806,27.4413741071748,19817700
2013-12-13,26.919857025146484,27.201201338209323,26.906132593086376,27.084547592200035,14037400
2013-12-16,26.947301864624023,27.153163079444283,26.89926766842154,27.077680023221134,14562100
2013-12-17,26.830652236938477,26.933584178957116,26.672825178799783,26.844376670385497,17655700
2013-12-18,27.461956024169922,27.503129313921548,26.762025804396398,26.940438157985405,23884500
2013-12-19,27.3521671295166,27.516855076833053,27.14630588653718,27.42765019606486,14791800
2013-12-20,27.475685119628906,27.57861443498498,27.345304322109634,27.393338526142696,22237200
2013-12-23,27.55803108215332,27.6129288151018,27.35903072671705,27.516857782441956,10943200
2013-12-24,27.578611373901367,27.660957958247533,27.516852744475493,27.564886943177008,4783800
2013-12-26,27.78447723388672,27.818787004354306,27.54430360527821,27.599201332160508,8588300
2013-12-27,27.9011287689209,27.990336259210924,27.811921278630876,27.921714106038795,6762200
2013-12-30,28.196191787719727,28.230501548541422,27.96974265449599,27.976606177260507,10927500
2013-12-31,28.3471622467041,28.402057348948386,28.120713078569604,28.22364499457026,11729200
2014-01-02,27.9011287689209,28.292265880165832,27.79819684799645,28.216782820510232,12698600
2014-01-03,27.763883590698242,27.949159454475083,27.688400540529845,27.914849691035037,10403400
2014-01-06,27.633514404296875,27.853100102726902,27.5580313296488,27.77761702807883,11036300
2014-01-07,27.715837478637695,27.942286531754263,27.647217981268692,27.777596073336213,11872300
2014-01-08,27.40706443786621,27.75016740957661,27.33158398293099,27.75016740957661,15339600
2014-01-09,27.262954711914062,27.448230582465776,27.118852129596256,27.413920817771146,14070200
2014-01-10,27.537445068359375,27.647237913905983,27.379618016490365,27.420788697527897,13290000
2014-01-13,27.125713348388672,27.537438382475642,27.105128012867873,27.448230899106708,14091900
2014-01-14,27.235504150390625,27.393331152252753,27.160023719848198,27.20119438784096,12801100
2014-01-15,27.28354263305664,27.407059891797743,27.16002799198304,27.331579449382627,12844900
2014-01-16,27.249235153198242,27.32471821961909,27.160030272580624,27.297269355890105,11063100
2014-01-17,26.954166412353516,27.27668401700065,26.954166412353516,27.25609867803772,13992700
2014-01-21,27.39333152770996,27.39333152770996,27.125711711420614,27.201194760664713,17579000
2014-01-22,27.379615783691406,27.509993959124483,27.276683854155813,27.441374417879224,9841700
2014-01-23,26.926715850830078,27.201196591127314,26.844369272840332,27.180611255463532,14828100
2014-01-24,26.652233123779297,26.93357739440267,26.638508693789454,26.81692366599005,16507500
2014-01-27,26.57675552368164,26.74830700727189,26.56303109087427,26.638514162480845,14601900
2014-01-28,26.672821044921875,26.816926264947476,26.501269579924006,26.604201505989774,8915500
2014-01-29,26.007192611694336,26.466949095275087,25.952294908639974,26.466949095275087,23776100
2014-01-30,26.192476272583008,26.35716682983161,26.07582253351877,26.07582253351877,13662000
2014-01-31,25.95231056213379,26.185620705505933,25.88369100959357,26.041518074570586,16185000
2014-02-03,25.52685546875,26.089543997376335,25.458233320339897,26.089543997376335,23164900
2014-02-04,25.718992233276367,25.76702642830049,25.53371635918305,25.691543373929065,17759700
2014-02-05,25.80820083618164,25.88368389382547,25.650373814593365,25.725856872237195,13665200
2014-02-06,26.09640121459961,26.720848279694412,26.020918170851843,26.597331047682964,22661500
2014-02-07,26.041507720947266,26.315988439647814,25.9866100066069,26.192471200049084,20389000
2014-02-10,26.46695899963379,26.50126876804875,25.966029051306283,26.123856080149125,20877200
2014-02-11,26.514986038208008,26.611054410892308,26.4257785702868,26.53557137016412,15361300
2014-02-12,26.425792694091797,26.707137057751854,26.35031223068836,26.659102845736836,10633400
2014-02-13,26.521852493286133,26.597332924693724,26.16502519981203,26.16502519981203,10435600
2014-02-14,26.713987350463867,26.775745966413663,26.26109170605435,26.487538219425645,16030100
2014-02-18,25.71213722229004,26.151308601866358,25.56803198651139,26.0621010973687,46098500
2014-02-19,25.458232879638672,25.801335762747915,25.4239231148612,25.73271623319297,26645100
2014-02-20,25.595476150512695,25.746442266136516,25.31413187354757,25.430788222257092,22639900
2014-02-21,25.51313591003418,25.815065567681117,25.485687045429604,25.794480228061584,19419800
2014-02-24,25.732709884643555,25.801329397269292,25.5405731551582,25.595468241725467,24223500
2014-02-25,25.91798973083496,26.034643443929628,25.732713876801945,25.82192135118829,22845500
2014-02-26,25.986616134643555,26.03465033718502,25.883686822483725,26.007204091209694,18195100
2014-02-27,26.123857498168945,26.15130636145787,25.93858159747023,25.966030460759153,18423400
2014-02-28,26.213056564331055,26.343434696519463,26.103263764154807,26.13071261861558,15763200
2014-03-03,26.158166885375977,26.18561574826293,25.97289098739051,25.993478943389544,18683400
2014-03-04,26.288543701171875,26.343438800979555,26.233645983696952,26.30912903639135,20425200
2014-03-05,26.31599235534668,26.384614508482798,26.247372819878045,26.364026553708218,14367400
2014-03-06,26.398330688476562,26.453225776160856,26.26108904276583,26.350296505127805,14700000
2014-03-07,26.453235626220703,26.494408920565107,26.322857453964886,26.460099150778593,17047600
2014-03-10,26.521852493286133,26.521852493286133,26.377747300658445,26.453230349733158,14540800
2014-03-11,26.62478256225586,26.652231420481336,26.446370219124653,26.652231420481336,13812100
2014-03-12,26.60748863220215,26.628237063545892,26.427660099200246,26.46915960029457,15673700
2014-03-13,26.261676788330078,26.62133134488899,26.227092539147126,26.593665000905737,18302800
2014-03-14,26.40000343322754,26.50375090475386,26.199429033835273,26.247843816972143,14687200
2014-03-17,26.469167709350586,26.538330927289703,26.31700546379536,26.40000185300383,19203000
2014-03-18,26.5590877532959,26.60058463768016,26.379259126270046,26.469173439782974,16880400
2014-03-19,26.379255294799805,26.69049507451664,26.351588950289898,26.53141755119644,20882200
2014-03-20,26.59366798400879,26.60750115755213,26.247846560649528,26.35850931058817,13228000
2014-03-21,26.586746215820312,26.856489103118218,26.476083481957467,26.821904855079826,19189100
2014-03-24,26.5590877532959,26.64899942840061,26.427673916990496,26.61441781194432,15693000
2014-03-25,26.71123504638672,26.835730918808974,26.60057234183438,26.62132341284275,16898900
2014-03-26,26.704317092895508,26.932557743750934,26.704317092895508,26.7596471203972,15835500
2014-03-27,26.849571228027344,26.974067133562556,26.61441258850613,26.6351610266261,13031500
2014-03-28,26.939485549926758,26.99481559776938,26.84957125397384,26.89798603523902,11502100
2014-03-31,26.738908767700195,26.994815847960457,26.600579689200046,26.967152142986603,24489800
2014-04-01,26.56600570678711,26.89799400746305,26.4968424668828,26.649002122353973,20515700
2014-04-02,26.510663986206055,26.65590830918845,26.489912912631915,26.62132670444131,15709100
2014-04-03,26.330842971801758,26.62133433948731,26.310094530684246,26.552168471748807,18114000
2014-04-04,26.43458366394043,26.614409597052397,26.37925098396296,26.448416833934793,15453600
2014-04-07,26.71123504638672,26.897978855020103,26.462243301542202,26.46916120468066,17295700
2014-04-08,26.904911041259766,26.904911041259762,26.614419638591343,26.745830845507776,14769900
2014-04-09,26.967145919799805,26.967145919799805,26.76656893418196,26.863398475264475,12031400
2014-04-10,26.89798355102539,27.25072279727404,26.84956877423165,26.960231498104125,21025700
2014-04-11,26.718158721923828,27.12622802782436,26.676659209348202,26.856487792101692,18084200
2014-04-14,26.787324905395508,26.83573968956017,26.55908415696322,26.773491733004484,19389800
2014-04-15,27.790205001831055,27.9907820260225,27.319887736061688,27.54813110257077,47529200
2014-04-16,28.073776245117188,28.073776245117188,27.748703344024573,27.748703344024573,21919900
2014-04-17,28.163694381713867,28.163694381713867,27.838621436181015,27.963117345601777,18547100
2014-04-21,28.1844425201416,28.191357786854496,27.907784360286314,27.99078339128755,12630900
2014-04-22,28.156761169433594,28.191342761382206,27.956184242362745,28.066849558048464,17404900
2014-04-23,28.170602798461914,28.225935472930868,28.05302482282609,28.149854364739625,12072500
2014-04-24,28.149850845336914,28.281261973160454,27.983855481090565,28.149850845336914,11392600
2014-04-25,28.364261627197266,28.364261627197266,27.97002555957647,27.9838587280693,16811400
2014-04-28,28.378095626831055,28.551006280445005,28.177521273828336,28.232851311013064,20736700
2014-04-29,28.05994415283203,28.378099161896607,28.025362545482842,28.336602288440588,18928400
2014-04-30,28.212095260620117,28.27434318465273,28.07376624739137,28.142929434802504,12362000
2014-05-01,28.205183029174805,28.21901619711933,27.84552857783811,28.21210093235057,15385800
2014-05-02,28.322765350341797,28.329680615528762,28.10143992665854,28.212102638500166,14197000
2014-05-05,28.191354751586914,28.308935380308615,28.04611042058434,28.115276272305184,10163500
2014-05-06,28.004613876342773,28.122191868035735,27.97694753533002,28.025362312898594,9359900
2014-05-07,28.295106887817383,28.336606405710743,28.101447747797497,28.14986253280247,11115600
2014-05-08,28.170602798461914,28.329680279949454,28.115272762400096,28.25359917175821,8538700
2014-05-09,28.267438888549805,28.32277157583662,28.15677615238392,28.20519093455601,8516400
2014-05-12,28.232858657836914,28.336606132365585,28.142944355805927,28.274358175329958,8906000
2014-05-13,28.433427810668945,28.509508919088418,28.232850822728004,28.239768726260944,11579600
2014-05-14,28.281269073486328,28.48184608610576,28.239772200811597,28.371183361627363,10036100
2014-05-15,28.025367736816406,28.32968963163146,27.970035044082028,28.09453096432637,12379200
2014-05-16,28.281269073486328,28.29510224384706,27.976947240772596,28.025362017831426,13823900
2014-05-19,28.156761169433594,28.170594333894307,27.956184242362745,28.080680084102834,7559500
2014-05-20,28.066858291625977,28.30893214899886,28.059940388039802,28.21901787122872,9639500
2014-05-21,28.267438888549805,28.27435679366453,28.01153180586765,28.046113416218038,8607300
2014-05-22,28.066858291625977,28.246684208759095,28.032274050509425,28.19826943728452,8430400
2014-05-23,28.066858291625977,28.149854665809944,28.032274050509425,28.101439894335364,6255200
2014-05-27,28.19828224182129,28.23286386023382,27.997705161256913,28.05303786144365,11282900
2014-05-28,28.066858291625977,28.281265811468483,28.032274050509425,28.149854665809944,7536700
2014-05-29,28.122194290161133,28.267438635376543,28.080694775067705,28.136027461858944,9867100
2014-05-30,28.295106887817383,28.30202215492899,28.004618177787552,28.039199790161405,10446100
2014-06-02,28.26051902770996,28.281267462865703,28.13602313996088,28.18443791426249,7472100
2014-06-03,28.274356842041016,28.357353234705496,28.156776200559232,28.163694105685792,10493100
2014-06-04,28.212095260620117,28.302006876573294,28.156762599966026,28.29509161319477,7864700
2014-06-05,28.281269073486328,28.35735019126663,28.101443135611728,28.170606349007926,10131700
2014-06-06,28.350427627563477,28.398842392159793,28.246680195767492,28.31584339136029,8760600
2014-06-09,28.295106887817383,28.419602803089564,28.25360736992402,28.25360736992402,7316400
2014-06-10,28.40576934814453,28.461102038119087,28.22594338254299,28.24669182207951,9168600
2014-06-11,28.26051902770996,28.39884808503198,28.212104253408356,28.343515406740245,9648600
2014-06-12,28.166444778442383,28.34762578151425,28.13160309577471,28.159477505208844,11583600
2014-06-13,28.131603240966797,28.243098221028777,28.047982670482813,28.145540445755795,9194600
2014-06-16,28.333696365356445,28.410349683246295,27.978306851254345,28.00617861010006,12878200
2014-06-17,28.514863967895508,28.709982155473043,28.29884396278248,28.696044952199667,26926600
2014-06-18,28.96084976196289,28.967817035259976,28.396404927898462,28.42427933758683,18518200
2014-06-19,29.121118545532227,29.176864696925257,28.939937572443377,28.946907502773477,13275200
2014-06-20,29.051441192626953,29.18384332586744,28.93994619835885,29.176873393459864,23402600
2014-06-23,29.079313278198242,29.086283210047934,28.80057714396368,28.89116499200859,13099300
2014-06-24,29.16292381286621,29.190798214168524,28.898124975241895,28.93296664774518,14962800
2014-06-25,29.239593505859375,29.253530714336513,28.89117126868302,28.988729069772287,17621800
2014-06-26,29.288373947143555,29.302311156353873,29.114162819390856,29.2047533501325,16903300
2014-06-27,29.399864196777344,29.46955023153264,29.20474861596336,29.260497443767594,18674400
2014-06-30,29.518327713012695,29.608918224730708,29.14203111810736,29.253526110125577,14058700
2014-07-01,29.469547271728516,29.581042257888456,29.371989491119837,29.53923064123467,11497700
2014-07-02,29.469547271728516,29.553167846785932,29.371989491119837,29.483484477279777,6707000
2014-07-03,29.427730560302734,29.490446645300405,29.27442398403071,29.448635035885392,7537700
2014-07-07,29.365022659301758,29.406834280369623,29.218685972939895,29.23959045434861,8991900
2014-07-08,29.22563934326172,29.441661961964176,29.204734871798284,29.246546472974323,10090500
2014-07-09,29.232620239257812,29.378956910898697,29.12112525254331,29.21868303363723,9891600
2014-07-10,29.448637008666992,29.469544143899927,28.953878226235442,28.960848157396377,12564500
2014-07-11,29.246557235717773,29.44167279651022,29.18384113999875,29.351082289749378,9773000
2014-07-14,29.532257080078125,29.539224352245327,29.253518344897515,29.2604882753143,11857700
2014-07-15,29.337141036987305,29.567100908982702,29.23261599737558,29.553163705384517,10541900
2014-07-16,29.351072311401367,29.539220534594556,29.28138896573689,29.448630058631338,10331400
2014-07-17,29.281410217285156,29.372000758996208,29.149010701131445,29.218694097369994,9983500
2014-07-18,29.56709861755371,29.594973022589837,29.281392611557358,29.365013168416162,19272400
2014-07-21,29.54619026184082,29.664652480309304,29.330167638561008,29.351072110467396,17607200
2014-07-22,28.703027725219727,28.80058820081898,28.298859245027433,28.640311605745783,24706000
2014-07-23,28.438213348388672,28.60545447123515,28.312781177128954,28.556675588884115,17531700
2014-07-24,28.54971694946289,28.640304810793367,28.33369422069297,28.549716949462887,14856000
2014-07-25,28.570615768432617,28.59849017789401,28.438216310865975,28.514866949509823,10809900
2014-07-28,28.347633361816406,28.57062338041815,28.298854461387947,28.56365610532153,11709100
2014-07-29,28.117660522460938,28.417303721041023,28.117660522460938,28.39639924708178,10863600
2014-07-30,27.608957290649414,28.222180727305464,27.60199002059312,28.187339060526448,20346200
2014-07-31,27.37900733947754,27.685617809045244,27.3511329354488,27.546248447151022,15434700
2014-08-01,27.37900733947754,27.51837670137176,27.218733503686504,27.267512381612057,13566700
2014-08-04,27.45566749572754,27.497476453989215,27.260549276922525,27.462634769354437,11012900
2014-08-05,27.302364349365234,27.546258830930963,27.246615520292792,27.413859349259635,11639200
2014-08-06,27.818023681640625,27.845898092123253,27.26751869498423,27.26751869498423,17567500
2014-08-07,27.42081642150879,27.880733457236587,27.40688187767568,27.845891781154837,14367400
2014-08-08,27.49050521850586,27.58109571210074,27.35810311442493,27.413851928406324,13667000
2014-08-11,27.574129104614258,27.783181865741152,27.539287420801458,27.539287420801458,14102600
2014-08-12,27.65078353881836,27.76227852654544,27.553225756838437,27.567162962585595,13297500
2014-08-13,27.83195686340332,27.943451830965664,27.66471574118466,27.66471574118466,9638900
2014-08-14,27.999204635620117,28.006171909101816,27.824993557826687,27.824993557826687,6902000
2014-08-15,28.487001419067383,28.675149736643178,28.333694791801793,28.4660942782808,23221600
2014-08-18,28.814516067504883,28.86329496486071,28.42428488865824,28.42428488865824,14891500
2014-08-19,28.75179672241211,28.905103330111064,28.68211335068544,28.814512820266206,10260400
2014-08-20,28.744829177856445,28.807545275119956,28.633334189193555,28.675145806785967,6782500
2014-08-21,28.856311798095703,29.051427280062597,28.723912386510893,28.772691257002617,11951000
2014-08-22,28.65424346923828,28.93298231671703,28.6054645696671,28.77270840980448,11244600
2014-08-25,28.856311798095703,28.884186197876424,28.654226387059094,28.79359572771362,10229300
2014-08-26,28.988719940185547,29.05840596062462,28.85632048872612,28.85632048872612,8416500
2014-08-27,28.988719940185547,29.06537323354359,28.877224965732907,28.939941055003132,7693100
2014-08-28,29.009626388549805,29.05840527257723,28.877224281975536,28.926003166002957,9746400
2014-08-29,29.07234764099121,29.093252121216665,28.898136550445003,28.988724403588826,7666700
2014-09-02,29.016597747802734,29.155967146758837,28.786640499037823,28.932977171729146,9798100
2014-09-03,29.114154815673828,29.162933705374805,29.030534241650745,29.051438720593985,8635400
2014-09-04,29.176864624023438,29.385917343161683,29.079306865642227,29.128085744832834,16785300
2014-09-05,29.15597152709961,29.16990873491414,28.995697624608397,29.16990873491414,12768100
2014-09-08,29.114154815673828,29.225649800454647,29.009629762707505,29.03750151521512,9097700
2014-09-09,29.22563934326172,29.288355415901197,29.093239926911345,29.10717712730336,11892500
2014-09-10,29.38591957092285,29.399856774355264,29.148995087321147,29.197773970209706,17558000
2014-09-11,29.44559097290039,29.522802723085697,29.242033209251222,29.2560719527046,19614000
2014-09-12,29.101642608642578,29.42452561038484,29.031451583086778,29.41048954736647,12966800
2014-09-15,29.129724502563477,29.18587947360742,29.01039920551969,29.09462898446921,12259600
2014-09-16,29.228002548217773,29.340309849284598,28.905119392352816,28.982331163889494,15232800
2014-09-17,29.206937789916992,29.326263093256458,29.003380025567452,29.319245060313886,16693800
2014-09-18,29.333271026611328,29.396444006043257,29.164808855587722,29.305193551838165,12586400
2014-09-19,29.515769958496094,29.72634566906589,29.305194247926295,29.466635715283655,47559700
2014-09-22,29.63511085510254,29.656167632086827,29.291168324531764,29.375398110085516,11518100
2014-09-23,29.403478622436523,29.59299766764004,29.396460588592042,29.480690382810202,10251300
2014-09-24,29.67020606994629,29.719340334147283,29.375397807123743,29.375397807123743,13540900
2014-09-25,29.32625961303711,29.600008384792062,29.319241580927383,29.522799321120225,11076300
2014-09-26,29.62105941772461,29.65615492353114,29.277117034543505,29.480674716883026,9939600
2014-09-29,29.656166076660156,29.66318410941463,29.39645602288119,29.4104947660066,12441100
2014-09-30,29.943950653076172,30.049239877287846,29.536837853197852,29.55087391731762,22613700
2014-10-01,30.000104904174805,30.07731396545602,29.740392204680784,29.866738199673513,30409700
2014-10-02,29.943950653076172,30.028180425875792,29.775488429860737,29.901834427868263,16643200
2014-10-03,30.182600021362305,30.23173427230409,29.943946797809687,30.08433151947873,14046300
2014-10-06,30.603763580322266,30.6599185621864,30.161555147418312,30.2036687061995,20328100
2014-10-07,30.828369140625,30.98279261799253,30.51952486350607,30.51952486350607,24936600
2014-10-08,31.270587921142578,31.277608632382773,30.54058925393694,30.589726199767885,26115600
2014-10-09,30.793275833129883,31.410967109256777,30.793275833129883,31.193370618971446,25029300
2014-10-10,31.214433670043945,31.495200516932087,30.779240639299882,30.80030009408855,25920800
2014-10-13,30.933664321899414,31.326741122923796,30.905586833765536,31.081067118177316,20175200
2014-10-14,30.6318302154541,30.968751954384434,30.512504937706595,30.91259967003736,21027400
2014-10-15,30.344051361083984,30.554627173113712,29.972034003910903,29.972034003910903,22988600
2014-10-16,29.87377166748047,30.140499835163336,29.74742561852868,29.936944691956366,22519200
2014-10-17,30.098369598388672,30.203656129116265,29.69827489086906,29.965002910804937,23236000
2014-10-20,30.386159896850586,30.5125058875847,29.979044442792638,30.007121924648228,17647800
2014-10-21,28.554147720336914,28.91212626755758,28.259339495317338,28.638377494221267,55953500
2014-10-22,28.51203155517578,28.855974038826805,28.14703229741298,28.21020529736455,27728200
2014-10-23,28.680490493774414,29.045489709703723,28.596260729364865,28.736642777508806,23346800
2014-10-24,28.799808502197266,28.968270666118592,28.72259678863396,28.764712999018105,13396000
2014-10-27,28.610294342041016,28.715583546748455,28.4699123059187,28.568180802250602,17222500
2014-10-28,28.46990394592285,28.680479615887897,28.434805769582916,28.610285940822937,18658700
2014-10-29,28.750686645507812,28.799820906644435,28.441842335846697,28.53309282550746,25761800
2014-10-30,29.059534072875977,29.192898115464192,28.65943926749489,28.778764567029114,18295600
2014-10-31,29.396451950073242,29.403469981855384,29.059530194592437,29.361356435930343,18477700
2014-11-03,29.347322463989258,29.67722356368412,29.192898963525792,29.33328372052744,13230600
2014-11-04,29.354337692260742,29.51577921022197,29.242030432913094,29.319242175767656,10105300
2014-11-05,29.698287963867188,29.85972952414102,29.47367338630212,29.69126725215873,20676800
2014-11-06,29.68423843383789,29.91587096134277,29.557892445156682,29.782506941119717,11528800
2014-11-07,29.70529556274414,29.803564071205855,29.578949572545923,29.79654603957975,11803800
2014-11-10,29.754426956176758,29.88077293422719,29.5438512186313,29.65615845716326,9088900
2014-11-11,29.838655471801758,29.979040183518507,29.733368946225948,29.74740768515919,8563700
2014-11-12,29.97905158996582,30.105397610821534,29.698284737321654,29.838666824835393,12768800
2014-11-13,30.035205841064453,30.23876361170241,29.9228985671981,29.93693731113347,12007700
2014-11-14,29.993085861206055,30.1615480897622,29.83164434254857,29.972029086742644,10939500
2014-11-17,30.126445770263672,30.17558269997708,29.993081754229898,30.0071204944886,10664000
2014-11-18,30.55462074279785,30.7862559616139,30.007123211219785,30.14750794890077,26143000
2014-11-19,31.038955688476562,31.186358494845454,30.575687813019456,30.652896894248283,25402300
2014-11-20,31.060022354125977,31.179347708422064,30.779252719425788,30.856464502849224,13465400
2014-11-21,31.23548126220703,31.403943462895747,31.081057801377025,31.29163622164188,14382700
2014-11-24,31.07404327392578,31.43202180903043,31.024909017688206,31.24250281599286,12890800
2014-11-25,31.18634605407715,31.29865329188314,30.96874960937115,31.07403881627116,10741700
2014-11-26,31.302967071533203,31.359507491945486,31.076799997635682,31.0909357767698,9199200
2014-11-28,31.684614181518555,31.804764218872904,31.204008639854614,31.204008639854614,10502000
2014-12-01,31.486722946166992,31.64221380144708,31.189879709131034,31.225217804570004,10065700
2014-12-02,31.479646682739258,31.571525163278253,31.260546244890744,31.35949396000845,9878100
2014-12-03,30.956647872924805,31.408982030215604,30.92837631406307,31.394846250784738,15246500
2014-12-04,30.744611740112305,30.98491456040871,30.652730536319137,30.82942370723932,13779700
2014-12-05,30.76582145690918,30.82236457934145,30.53258781718725,30.744619134059313,12536900
2014-12-08,30.490175247192383,30.836495072395163,30.4548371497939,30.751680403289985,12802300
2014-12-09,29.712730407714844,30.059047584438854,29.451222519515788,29.790475850361894,25714600
2014-12-10,29.401744842529297,29.85408165990393,29.37347598204416,29.71272657298211,18324100
2014-12-11,29.352275848388672,29.691526495750708,29.331073525467446,29.415885513276834,16201500
2014-12-12,28.914077758789062,29.408819302820707,28.885806197158793,29.253328409978742,18432400
2014-12-15,28.673776626586914,29.104908531316358,28.66671008381047,29.069570425184775,23378500
2014-12-16,28.546554565429688,29.196786979968604,28.129558482142333,28.41226869648524,23475400
2014-12-17,29.36640167236328,29.514823274738475,28.539479005309865,28.58188363677502,20223900
2014-12-18,29.960086822509766,29.96008682250977,29.507752839110307,29.58549824803019,18030700
2014-12-19,29.64912223815918,30.242811552848135,29.606714895636927,29.99543943232177,24009500
2014-12-22,29.93182945251465,29.995439117568292,29.748069695762183,29.783407799430986,11190900
2014-12-23,30.370027542114258,30.49017762185153,30.01664114835868,30.06611502779452,13411300
2014-12-24,30.348819732666016,30.55378446925483,30.334683954681548,30.461903260417778,6405900
2014-12-26,30.362957000732422,30.60325984601344,30.341754680777193,30.37002623813357,6466900
2014-12-29,30.29228401184082,30.43363911747009,30.030778818907528,30.249876671314723,8694500
2014-12-30,30.22160530090332,30.3841654258795,30.143862553636787,30.20747221676352,9222000
2014-12-31,29.839946746826172,30.3488212999262,29.839946746826172,30.33468552121174,9369500
2015-01-02,29.783409118652344,29.967171579668843,29.543106228486263,29.868221110439016,9921100
2015-01-05,29.783409118652344,30.3700319108113,29.74100447082131,30.172133668476253,26292600
2015-01-06,30.009578704833984,30.34882939611092,29.854090489743406,29.97424059668271,16897500
2015-01-07,30.3841609954834,30.468972968577575,30.094384282631278,30.249872450616603,13412300
2015-01-08,30.751686096191406,30.794093438594647,30.46190933008053,30.51845245328485,21743600
2015-01-09,30.41244125366211,30.78703277612087,30.35590081578392,30.723423098429762,12733500
2015-01-12,30.136796951293945,30.53259075806905,30.009577609692116,30.4407095233289,11415800
2015-01-13,30.129730224609375,30.560862135616674,30.00251088378346,30.271085347318692,12529500
2015-01-14,30.080259323120117,30.108528193569374,29.733939372898142,29.741008612604194,13447600
2015-01-15,29.953025817871094,30.292276368102627,29.804601511544284,30.271074051251816,11193100
2015-01-16,30.059038162231445,30.101445489325442,29.854076154919298,29.938888112983758,15114900
2015-01-20,30.50431251525879,30.62446528763092,30.115588032641472,30.179197689515153,17047300
2015-01-21,30.645668029785156,30.69514190846534,30.221602746081057,30.313483961968906,10720600
2015-01-22,30.9425048828125,30.977845671216162,30.440696962514508,30.652728212318376,14709100
2015-01-23,30.610334396362305,30.92131349288591,30.51845316706856,30.81529648246047,12357700
2015-01-26,30.3912353515625,30.55379279851264,30.271085250126415,30.518454691979947,11151900
2015-01-27,29.960086822509766,30.136779953282883,29.790462926796575,30.06610377942292,15274000
2015-01-28,29.627931594848633,30.249892773006,29.613798503274765,30.10147104634796,14278500
2015-01-29,29.75514030456543,29.79048110918861,29.309875284461796,29.521906631576602,13657900
2015-01-30,29.09783363342285,29.634982448206166,29.055428992761748,29.564306249688226,19193700
2015-02-02,29.394691467285156,29.422963036557128,28.907019029907225,29.126116951451905,15197500
2015-02-03,29.422954559326172,29.578442753272864,29.23919210812854,29.507766546581138,13193100
2015-02-04,29.458288192749023,29.748064910014286,29.415880857494088,29.5218978475694,16400000
2015-02-05,29.536026000976562,29.55722831506842,29.33812785033357,29.543092540299398,11078500
2015-02-06,29.295740127563477,29.5148380226077,29.20385888660546,29.4229594777746,12366400
2015-02-09,29.14024543762207,29.295736333548426,29.00595956140131,29.246262447776324,13371100
2015-02-10,29.9671688079834,30.412433745774006,29.825813703996577,30.327621761831658,32184200
2015-02-11,29.945964813232422,30.03077949619746,29.472428299237663,29.755135820747764,20496300
2015-02-12,29.804615020751953,30.15093496432217,29.733938801798814,29.967175177369047,13818200
2015-02-13,29.67738914489746,29.84701309613167,29.514829038788882,29.698591464770715,10792100
2015-02-17,29.550161361694336,29.599635224631026,29.43000862590286,29.550161361694336,12804200
2015-02-18,29.493621826171875,29.543095695084894,29.309862126798322,29.5077576024504,9789800
2015-02-19,29.762205123901367,29.854086349251453,29.352275577050577,29.458292582925633,16578300
2015-02-20,29.66326141357422,29.762209194658247,29.430025047197738,29.712735304116233,15982400
2015-02-23,29.57843589782715,29.8046029421709,29.465352375655275,29.47948815294224,11830300
2015-02-24,29.776325225830078,29.917680260525444,29.521886702603023,29.57842709880735,12782700
2015-02-25,29.71980094909668,29.854089530330693,29.500703067924967,29.804612945159125,10323300
2015-02-26,30.009578704833984,30.07318837795621,29.663261470376725,29.712735361013475,14346500
2015-02-27,30.603260040283203,30.857698665857587,30.01664005009704,30.051978148954788,28312800
2015-03-02,30.532581329345703,30.60325752124365,30.447769359843395,30.60325752124365,13514600
2015-03-03,30.355899810791016,30.504321488448127,30.278154352173022,30.468983378928566,10036300
2015-03-04,30.037832260131836,30.377082748005595,30.016629947178227,30.33467542597517,16263000
2015-03-05,29.9671688079834,30.1155904539136,29.86115180596219,30.080252351947987,9223000
2015-03-06,29.34520721435547,29.825812937891218,29.210921351885645,29.76926981929911,18180500
2015-03-09,29.25331687927246,29.366400385095183,29.203843013982738,29.35226460985191,10123300
2015-03-10,28.758577346801758,29.083694805686303,28.751510806795487,29.048354017284083,14599100
2015-03-11,28.34159278869629,28.786860479678587,28.327459702998173,28.786860479678587,18549700
2015-03-12,28.911712646484375,28.911712646484375,28.519762436543683,28.57677204163642,17728700
2015-03-13,28.441364288330078,28.91170495889531,28.22757356870888,28.819061316944076,17438400
2015-03-16,28.712162017822266,28.7549185227583,28.498371337654127,28.5054965156448,15238800
2015-03-17,28.868942260742188,29.025723371601806,28.73354212222462,28.982964145413863,21661800
2015-03-18,28.93307876586914,29.068481618320444,28.36296936172072,28.8475630348709,26247500
2015-03-19,28.519744873046875,28.87606352055846,28.476985656687088,28.847557376318605,16057600
2015-03-20,28.968704223632812,28.97582939973013,28.51261411704168,28.555373329111394,31608500
2015-03-23,28.94733238220215,29.17537614812674,28.86181664960446,28.96158545738445,17060500
2015-03-24,28.840444564819336,29.21101644333319,28.840444564819336,29.1540041304095,13485700
2015-03-25,28.82618522644043,29.00434458789124,28.676532015260815,28.925954033893504,22811300
2015-03-26,28.754915237426758,28.90457114309223,28.669399518829117,28.747790060250153,17359600
2015-03-27,28.562503814697266,28.847557098867615,28.484113278039377,28.847557098867615,14384400
2015-03-30,28.868942260742188,28.94020763772209,28.46273912669332,28.58388890831107,12561400
2015-03-31,28.897449493408203,29.146874244431675,28.754921452608542,28.868943341549016,16604800
2015-04-01,28.990089416503906,29.082733038938247,28.669402045381887,29.068479964833276,14300700
2015-04-02,28.990089416503906,29.125489542757236,28.847561393950127,29.02572074251837,14343100
2015-04-06,29.33928680419922,29.652849067913465,28.92595843634389,29.05423341359126,19843400
2015-04-07,29.225257873535156,29.481807766311675,29.196754444279,29.253764021287186,9773400
2015-04-08,29.139751434326172,29.282279500007842,29.032857423937475,29.203888927958086,8954700
2015-04-09,29.25376319885254,29.2751441683134,28.954456811358497,29.075603858154906,12710900
2015-04-10,29.13262176513672,29.332159395245004,29.111240791556316,29.282274987717933,8720000
2015-04-13,29.004350662231445,29.19676313911453,29.004350662231445,29.19676313911453,9616300
2015-04-14,28.868942260742188,28.968713788514048,28.73354212222462,28.92595456232611,11209700
2015-04-15,28.790552139282227,29.082733365474876,28.733539842222225,28.925952267055813,11189100
2015-04-16,28.93307876586914,29.118366021277424,28.719288079125494,28.797678631913914,13121000
2015-04-17,28.71928596496582,28.975835857570804,28.576757944796842,28.840435733583007,15330300
2015-04-20,28.975830078125,29.146864211912913,28.797670768072955,28.80479594433709,13023700
2015-04-21,29.061351776123047,29.21100769347146,28.890320325576134,28.982961228582422,19673100
2015-04-22,29.439050674438477,29.62433519412948,29.268016509842624,29.617210016581904,26887200
2015-04-23,29.18250274658203,29.510315305701624,29.16112177551179,29.382040353264216,17408800
2015-04-24,29.139751434326172,29.303657758386233,29.08274183915155,29.24664816321161,11623300
2015-04-27,29.096988677978516,29.325032446768528,29.061354630326946,29.21813574080614,10044600
2015-04-28,29.054229736328125,29.196757772841238,28.933079953818314,29.182504697340306,12174800
2015-04-29,28.854694366455078,29.039978925423657,28.790556880947413,28.975841439915996,11371400
2015-04-30,28.904573440551758,28.918826514533542,28.7050331233027,28.790551567193397,12700800
2015-05-01,29.153995513916016,29.168248587934425,28.86181429277834,28.91882658885199,10848300
2015-05-04,29.18963050842285,29.289399320595304,29.054230365973986,29.13262092367984,10204800
2015-05-05,29.039976119995117,29.317904290846734,28.99009171591899,29.317904290846734,11721300
2015-05-06,28.975830078125,29.28226430889415,28.78341769704935,29.246632990582803,11906900
2015-05-07,29.004350662231445,29.154003904752727,28.868947779334082,28.883200857454682,13834700
2015-05-08,29.203876495361328,29.33927660494353,29.111232884333724,29.218129567711387,11144400
2015-05-11,29.175373077392578,29.496060439001443,29.132616574841954,29.203879224756886,10113500
2015-05-12,28.997215270996094,29.1896276981595,28.87606821602061,29.05422756874643,12384500
2015-05-13,29.25376319885254,29.474681759976097,29.018594282749476,29.039972533714536,13183700
2015-05-14,29.574462890625,29.645725569227732,29.403428656082735,29.431934814922602,9961000
2015-05-15,29.58871078491211,29.7098578610063,29.524573298010345,29.538826374932565,8479000
2015-05-18,29.44618034362793,29.56733012838315,29.3962959376982,29.56733012838315,11511700
2015-05-19,29.439050674438477,29.496060250306545,29.310775730615543,29.382038380074587,9072000
2015-05-20,29.467552185058594,29.638586338521698,29.43904875822778,29.481805257721824,10965200
2015-05-21,29.38204574584961,29.44618323383968,29.268023847033536,29.403424002347464,9270900
2015-05-22,29.367786407470703,29.389167377906638,29.246639355149412,29.30364893315475,11909500
2015-05-26,29.211009979248047,29.34641011473414,29.032850618531352,29.303650889503537,15194300
2015-05-27,29.30364990234375,29.360662200730633,29.096987116931324,29.175374949469273,9863100
2015-05-28,29.317907333374023,29.43192922859463,29.1326227730767,29.360666563517906,9395200
2015-05-29,29.18963050842285,29.34641162383456,29.054230365973986,29.34641162383456,19628600
2015-06-01,29.175373077392578,29.510313512683595,29.132616574841954,29.47468218772613,12684100
2015-06-02,29.211009979248047,29.33215703965727,28.990091393300744,29.10411327541959,11878600
2015-06-03,29.125497817993164,29.36779470962803,29.0613603255458,29.28940413902606,8153800
2015-06-04,28.92595100402832,29.203879143820465,28.88319178310036,29.011466727388406,10145800
2015-06-05,28.576766967773438,28.876076176483316,28.562516607903344,28.847570019749664,15975600
2015-06-08,28.619522094726562,28.690784757834663,28.51975327897668,28.576762865763893,14339300
2015-06-09,28.648019790649414,28.804798146906503,28.58388232538657,28.62663882323144,10772700
2015-06-10,28.740665435791016,28.89031862583882,28.705031393735673,28.733537539981654,11979900
2015-06-11,28.812517166137695,28.92029576224218,28.76222121886855,28.81970386770389,11944900
2015-06-12,28.71192169189453,28.826884234308515,28.625700470314843,28.76940433356313,15568600
2015-06-15,28.44607162475586,28.64007143103675,28.43170096418803,28.618516810646618,11364800
2015-06-16,28.79814338684082,28.855623283060257,28.4532530458322,28.47481040522211,12517400
2015-06-17,28.934669494628906,28.970594783501152,28.747853607015088,28.798152300544846,13898400
2015-06-18,29.207706451416016,29.272373067374104,28.85563204432779,28.85563204432779,16314600
2015-06-19,29.028074264526367,29.207703430170902,29.028074264526367,29.164591443683737,23550600
2015-06-22,29.085552215576172,29.322664013919006,29.07118155438054,29.10710683690793,8775900
2015-06-23,29.013702392578125,29.11429428259691,28.96340644756873,29.049627676024343,11094900
2015-06-24,28.877185821533203,29.06400170256021,28.877185821533203,29.006519049652283,10385100
2015-06-25,28.755037307739258,28.98496242162942,28.755037307739258,28.94185043492868,10607600
2015-06-26,28.740665435791016,28.992145161984812,28.740665435791016,28.812516003011115,16215600
2015-06-29,28.309555053710938,28.72629325521402,28.309555053710938,28.596960048317783,15500800
2015-06-30,28.187410354614258,28.46044747332806,28.108373077545235,28.46044747332806,14621300
2015-07-01,28.381412506103516,28.45326308696457,28.223337939100432,28.295191260885456,11177400
2015-07-02,28.374216079711914,28.604141126570934,28.273621473403676,28.474807945097393,8975900
2015-07-06,28.323928833007812,28.453262066659125,28.18022767643868,28.252078254723248,10252600
2015-07-07,28.92029571533203,29.01370364907617,28.309557647526738,28.374224256899826,20335000
2015-07-08,28.640073776245117,28.905924166211236,28.625703114500535,28.733481707123175,11383700
2015-07-09,28.68319320678711,29.157416989998527,28.668825280863526,29.071192988910393,13392000
2015-07-10,29.020889282226562,29.11429722135395,28.855630768954242,28.934668045067898,13360400
2015-07-13,29.21489143371582,29.29392871608482,29.092744899817497,29.14304085388433,9854200
2015-07-14,29.58133316040039,29.645999777271836,29.34422405915434,29.387336050709926,19531000
2015-07-15,29.552587509155273,29.717845992561294,29.531030148068773,29.56695816957187,11252100
2015-07-16,29.8040714263916,29.890292660153733,29.71066349094386,29.760959439048737,10483700
2015-07-17,29.638811111450195,29.689107056486662,29.495107236664538,29.681923096162926,9608300
2015-07-20,29.73221778869629,29.847180335497203,29.61725524189538,29.710660426786337,10024200
2015-07-21,29.595703125,29.832814961567724,29.53103650965642,29.732223057905223,13653800
2015-07-22,29.3873291015625,29.883104553059564,29.164587975915474,29.322662499982606,15528600
2015-07-23,29.344219207763672,29.473552420124296,29.08555278304243,29.451997798372,13522200
2015-07-24,29.056806564331055,29.337030304513327,29.03525194621048,29.28673162736039,10912500
2015-07-27,29.12867546081543,29.157416794318586,28.85563827438428,28.94185953396933,10945700
2015-07-28,29.13584327697754,29.26517646514235,29.05680602410761,29.207696570915157,11021800
2015-07-29,29.16459083557129,29.250812065824267,29.092740267181053,29.121478849983053,8479900
2015-07-30,29.143033981323242,29.279551147178932,29.02088473530644,29.135847280480515,9095500
2015-07-31,29.516672134399414,29.61726405015111,29.29393093457485,29.372968222929504,15309500
2015-08-03,29.847185134887695,29.85436909606397,29.344222883911748,29.351406845088025,14672600
2015-08-04,30.06991958618164,30.084290247557227,29.70347731433606,29.82562382464345,17559900
2015-08-05,30.2639217376709,30.335775050090994,30.048367282257836,30.12021785375432,15329200
2015-08-06,30.12021255493164,30.357324332819246,30.077103315987074,30.177695194755227,11378900
2015-08-07,30.012434005737305,30.156137851392923,29.839988842765994,30.041175323053004,10886700
2015-08-10,29.947772979736328,30.170514118957794,29.875922414012447,30.09866081231052,9501900
2015-08-11,29.8040714263916,29.8687380369441,29.581330269838862,29.746591517524717,11254900
2015-08-12,29.64599609375,29.64599609375,29.35140437369959,29.552590901704317,9602200
2015-08-13,29.531024932861328,29.73221140224072,29.46635834286844,29.660358112847103,10270900
2015-08-14,29.638811111450195,29.638811111450195,29.430440630057163,29.46636591352272,9904800
2015-08-17,29.710662841796875,29.782516152465067,29.437628484028377,29.480737729505748,8272800
2015-08-18,29.674728393554688,29.83998684567544,29.595691146687653,29.660357735858618,11199400
2015-08-19,29.301109313964844,29.63162906964864,29.301109313964844,29.559775757141892,15796500
2015-08-20,29.13584327697754,29.329843059224757,29.042435365320085,29.114288659257706,14218000
2015-08-21,28.402963638305664,29.078371075382623,28.388592975716406,28.855629916634573,28036200
2015-08-24,27.576677322387695,27.97904500203568,26.268976881683244,27.296456190940205,44065300
2015-08-25,27.296451568603516,28.22333606006712,27.253339578402784,28.115560195950962,31363700
2015-08-26,27.828140258789062,27.899993544415945,27.224586364136208,27.842510915914442,23523300
2015-08-27,28.216150283813477,28.295187556968823,27.73474268410527,28.065262439202506,18871600
2015-08-28,28.34547996520996,28.35985062589111,28.058072233433556,28.101184215476994,14503900
2015-08-31,28.25206756591797,28.34547547508732,28.065254488502095,28.12992108086198,12673300
2015-09-01,27.84251594543457,28.04369969968684,27.691628129745368,27.785033306549302,23703200
2015-09-02,27.95030403137207,28.072450569172,27.7060082148482,28.043709239951774,14054800
2015-09-03,28.137109756469727,28.26644296287074,27.907184665295325,27.95029664773676,13311600
2015-09-04,27.677255630493164,27.871255412452385,27.57666376005273,27.792218159699786,15450500
2015-09-08,27.95030403137207,28.043709239951774,27.734746803144407,27.928746663994897,15273900
2015-09-09,27.51918601989746,28.173036034985195,27.447335454209163,28.108369429496367,13764600
2015-09-10,27.605409622192383,27.770670871157336,27.4832631018276,27.526375089504146,14952500
2015-09-11,27.634403228759766,27.6778859636267,27.42422746133516,27.547432229685246,11802300
2015-09-14,27.612659454345703,27.699630454546828,27.43147401759889,27.699630454546828,8950000
2015-09-15,27.90255355834961,27.996770747069817,27.482202073805603,27.590914427303534,13019800
2015-09-16,28.373634338378906,28.402621900813553,27.880809836283042,28.02575594246555,22233400
2015-09-17,28.54033088684082,28.707021157567137,28.293918581273577,28.373640616114507,21232500
2015-09-18,28.250425338745117,28.482342413994374,28.054744788128,28.16345712669405,27527300
2015-09-21,28.402626037597656,28.489597031578022,28.221440613810472,28.30116264262406,12935800
2015-09-22,28.112728118896484,28.25767699591077,27.960533042132933,28.033006098305137,15021300
2015-09-23,28.090986251831055,28.177957243843327,27.938791162814724,28.112730382169172,8910800
2015-09-24,28.373634338378906,28.409870864924535,27.909797398717686,27.917046362828668,19385700
2015-09-25,28.714262008666992,29.047645252675153,28.504089041491888,28.576562097115048,22511300
2015-09-28,28.649038314819336,28.85921406986203,28.504092187574873,28.641792114325177,19323100
2015-09-29,28.743253707885742,28.779490237425865,28.50409040118494,28.6417903193054,14166900
2015-09-30,29.07663917541504,29.156361212838274,28.844722029094974,28.90270269801022,19752600
2015-10-01,28.844717025756836,29.330295367348114,28.69976814328168,29.149109955421665,19606600
2015-10-02,29.272315979003906,29.272315979003906,28.52583293416153,28.670781822927943,15537300
2015-10-05,29.721654891967773,29.750645222504854,29.30130615786042,29.31580132312896,15664000
2015-10-06,29.68541717529297,29.960819775053622,29.6636758105937,29.74339783405099,14579400
2015-10-07,30.091276168823242,30.156503033392124,29.78688321261172,29.81587354456905,14329700
2015-10-08,30.42466163635254,30.431910602854945,29.902846635006153,29.902846635006153,11960200
2015-10-09,30.453649520874023,30.52612259203848,30.279710279540698,30.30870061387466,13931200
2015-10-12,30.43914794921875,30.649323681912694,30.30144803711058,30.315943201227732,12299100
2015-10-13,30.185489654541016,30.373921259758657,30.105767633793977,30.29419923901162,12903600
2015-10-14,30.20723533630371,30.4101621347243,30.120267103362067,30.120267103362067,14180000
2015-10-15,30.381162643432617,30.460884651541946,30.149245582388815,30.344926121020045,11801600
2015-10-16,30.453649520874023,30.591349461954668,30.352186115375602,30.55511292637244,20384200
2015-10-19,30.43190574645996,30.482637445198232,30.294203051595876,30.366678881700718,15553800
2015-10-20,30.64932632446289,30.72904835164585,30.43915057364783,30.43915057364783,16199300
2015-10-21,30.576845169067383,30.81601120893732,30.228969554895357,30.395659780560937,19254900
2015-10-22,31.337827682495117,31.779917731686957,30.73629083355692,30.758032196641995,35920200
2015-10-23,31.011699676513672,31.388565712568486,30.982709343431686,31.388565712568486,18796100
2015-10-26,30.86673355102539,31.0841553984704,30.772516403420667,30.989938250865674,14788600
2015-10-27,30.88123893737793,30.99719747873212,30.787021758568372,30.80151692182136,30166600
2015-10-28,30.96820831298828,31.047930331533024,30.591342348293917,30.982703476784582,13667300
2015-10-29,31.011699676513672,31.091421710153966,30.685565341017167,30.91748247633239,9427400
2015-10-30,30.69281005859375,31.062429875849805,30.69281005859375,31.01894437832845,15356200
2015-11-02,30.61308479309082,30.700053006416944,30.366672551442097,30.671062680418352,16252200
2015-11-03,30.55511474609375,30.671073325665105,30.301456217240975,30.569609914123998,9693100
2015-11-04,30.417402267456055,30.72179237669681,30.359421619218114,30.634824169009377,10488500
2015-11-05,30.678321838378906,30.692814241524243,30.42466054860638,30.439155716422288,9625100
2015-11-06,30.4101619720459,30.598596367860086,30.1565034753771,30.417410937476586,11926700
2015-11-09,30.105770111083984,30.28695553144727,29.960821221859337,30.221728669529682,10842700
2015-11-10,30.272459030151367,30.301449359650995,30.026046758744535,30.033292958784447,8283100
2015-11-11,30.468128204345703,30.584086714275884,30.381157248396356,30.395652407721247,9101200
2015-11-12,30.134767532348633,30.47539432280287,30.127518565613215,30.44640398520271,10725000
2015-11-13,29.98981285095215,30.27970787728142,29.97531768493515,30.047790750349908,11619500
2015-11-16,30.4101619720459,30.43915230442812,29.997059411945134,30.02604974432736,11244900
2015-11-17,30.199979782104492,30.547858167314985,30.084021241924223,30.33043348539101,12739400
2015-11-18,30.642086029052734,30.692817739855467,30.207242003694777,30.272468883965562,12966300
2015-11-19,31.24361228942871,31.381312204631076,30.67106573495004,30.67106573495004,24090700
2015-11-20,30.750791549682617,31.584245637586676,30.72905018267182,31.388565040478674,19780800
2015-11-23,31.134910583496094,31.29435468221181,30.823271353099486,30.837766522498267,13338100
2015-11-24,31.424795150756836,31.598731580632627,30.917475495057978,30.946465821593844,15767200
2015-11-25,31.424795150756836,31.526258528962664,31.33782693581894,31.395804824220967,10344900
2015-11-27,31.51243782043457,31.57816491457047,31.256831216184892,31.432104395838177,7236700
2015-11-30,31.12537384033203,31.51243459321422,31.118072068785906,31.49052370683105,16063000
2015-12-01,31.32255744934082,31.475919736151468,31.205709594741386,31.205709594741386,11153000
2015-12-02,31.23492431640625,31.351772178717805,31.103470123071656,31.278743309475377,12598500
2015-12-03,31.00853157043457,31.32256073496217,30.906290035169377,31.205712868105824,15004400
2015-12-04,31.614675521850586,31.753431465624367,31.09616338967914,31.09616338967914,16488000
2015-12-07,31.548946380615234,31.72421674176816,31.40288588907302,31.62927979025706,12030700
2015-12-08,31.410184860229492,31.585457991631436,31.256822611422738,31.439397513108467,10736200
2015-12-09,31.15458869934082,31.600072013682716,31.0377408452407,31.242223893447765,12945500
2015-12-10,31.22762107849121,31.454015040112786,31.05965244343246,31.20571297396661,15483300
2015-12-11,30.869770050048828,31.278738903467193,30.774830304708917,31.132678399684035,17313400
2015-12-14,31.00121307373047,31.22760412658273,30.65066966226479,30.898971593620235,20092900
2015-12-15,31.454011917114258,31.578164330796984,31.22761797797083,31.286043298732732,17916400
2015-12-16,32.01634216308594,32.06746292433145,31.585465185536208,31.585465185536208,21868600
2015-12-17,31.7607421875,32.05286046043905,31.709618634215957,31.994437920200394,14697000
2015-12-18,31.037736892700195,31.70961127174703,31.03773689270019,31.665795073209683,24583700
2015-12-21,31.242210388183594,31.359058191773187,31.008514781004404,31.27142303554884,10444400
2015-12-22,31.614675521850586,31.68770437944261,31.1911003473743,31.300646419634674,12280800
2015-12-23,31.89218521118164,31.93600419423997,31.65848953994818,31.6877021953204,9092300
2015-12-24,31.79725456237793,31.928708751735535,31.709616578891055,31.760740128861418,3036600
2015-12-28,31.7607421875,31.782650291855383,31.629287989621915,31.724224965743844,6326100
2015-12-29,31.921403884887695,31.972524648491106,31.768041594077452,31.79725425495731,7739800
2015-12-30,31.819162368774414,31.96522288735195,31.73152717197696,31.95061655690693,5112500
2015-12-31,31.373689651489258,31.651204452056163,31.30796253519377,31.62199178128625,9727900
2016-01-04,30.964704513549805,31.03773336004821,30.650675459037213,30.92088553412761,16084100
2016-01-05,31.074262619018555,31.132687952808702,30.796747855261863,30.89899218939462,15781900
2016-01-06,30.90627098083496,31.045026866595812,30.701788036372403,30.818635831189745,16245100
2016-01-07,30.395082473754883,30.752930667207544,30.270932822191064,30.41699336616915,20563600
2016-01-08,30.314739227294922,30.76022248865429,30.241710371870088,30.416983525110854,14645900
2016-01-11,30.365867614746094,30.570350671263643,30.154079999997084,30.365867614746094,15815200
2016-01-12,30.760225296020508,31.001225555487686,30.577650354923257,30.89167947648033,21814800
2016-01-13,30.563039779663086,31.088856428458502,30.519223582844887,30.79673544893391,16854300
2016-01-14,30.5849552154541,30.79674003196052,30.40968204448159,30.665288636071814,16028000
2016-01-15,30.30743980407715,30.373166893400406,29.891169166987332,29.90577549637833,21153600
2016-01-19,30.614164352416992,30.760224860400818,30.41698587039217,30.50462106083348,15462200
2016-01-20,30.219810485839844,30.39508090084498,29.759720771173573,30.27093125570576,19923500
2016-01-21,30.22710418701172,30.314739371111724,30.00801483382557,30.270923171997858,15568900
2016-01-22,30.71640396118164,30.8478581196788,30.270920733593723,30.409676662730924,15209200
2016-01-25,30.789438247680664,31.0377402813665,30.62146963458033,30.847863566605586,12505200
2016-01-26,30.731014251708984,31.037738803845883,30.62146817687586,30.78943678198022,13018500
2016-01-27,30.738319396972656,31.008529549112875,30.5338363397717,30.804046491911922,14167000
2016-01-28,31.088855743408203,31.198401804784083,30.716404149299926,30.80403932687739,16622800
2016-01-29,31.34445571899414,31.592757680361725,31.147277289732337,31.300639528434505,20457000
2016-02-01,31.402894973754883,31.512441070570656,31.0888658011475,31.110773906161466,17097800
2016-02-02,30.99392318725586,31.24952979437231,30.972015084255744,31.18380269949925,12332900
2016-02-03,31.198406219482422,31.359070270130363,30.877072546441617,31.256828750843727,15958300
2016-02-04,31.05964469909668,31.322553031330646,30.9647077459128,31.052342928033386,14413700
2016-02-05,30.99392318725586,31.395590314742755,30.862468997509733,31.35177132286981,17315700
2016-02-08,31.147293090820312,31.1838075301011,30.59956814398905,30.796746673279937,17254400
2016-02-09,31.621994018554688,31.760752821592185,30.86248124004292,30.86248124004292,24853800
2016-02-10,31.074262619018555,31.68771469444884,31.045049952123485,31.651200253766625,16729600
2016-02-11,30.97201156616211,31.11807206994162,30.6579824580915,30.694496887568278,16825300
2016-02-12,31.48322296142578,31.505131062650616,31.081558652359792,31.198406502013036,15222400
2016-02-16,31.665788650512695,31.73881749051083,31.417486694298706,31.636576000164776,12675900
2016-02-17,31.7607421875,31.855679163621925,31.607377099393645,31.709618634215957,12332500
2016-02-18,31.8483829498291,31.93601816841998,31.621988950439853,31.862989283906476,11170300
2016-02-19,31.965225219726562,31.965225219726562,31.607377062394477,31.826469249183404,12850000
2016-02-22,32.08936309814453,32.250029900006616,31.862972007380897,31.965213504612457,20716100
2016-02-23,31.90678596496582,32.16969424564318,31.884877870199926,31.943303170737856,11166400
2016-02-24,32.067466735839844,32.089374840156886,31.67310414289584,31.81186289923144,10844200
2016-02-25,32.250038146972656,32.26464447686541,32.03825054233656,32.10397763391767,10903300
2016-02-26,31.505130767822266,32.177007986445275,31.48322266680245,32.162401657141245,18421000
2016-02-29,31.49783706665039,31.848380702147853,31.344471962598295,31.527046946870296,15049800
2016-03-01,31.90678596496582,31.906785964965817,31.52702986908426,31.680394890060494,12358300
2016-03-02,31.965225219726562,31.965225219726562,31.70961859709711,31.746135818810515,12856300
2016-03-03,32.103981018066406,32.118587349498846,31.797256415603766,31.848377182680874,13134800
2016-03-04,32.2135124206543,32.24272507019743,31.899483402744593,31.972512240730833,13691500
2016-03-07,32.1405029296875,32.235442713145204,32.030959597273394,32.06747404141143,10695300
2016-03-08,32.36689376831055,32.47643987586104,31.9944420172107,32.07477267209139,18900200
2016-03-09,32.724735260009766,32.73934159041227,32.34497902716254,32.418007893302416,18466600
2016-03-10,33.03145217895508,33.053360276540765,32.62978793660941,32.746635766853096,28908600
2016-03-11,33.2669792175293,33.30377841116005,33.06826020280503,33.11977963540779,16129300
2016-03-14,33.33321762084961,33.42889495912956,33.14921885209809,33.14921885209809,13206700
2016-03-15,33.296417236328125,33.53193542728868,33.17129661810629,33.17865814084785,13686300
2016-03-16,33.15657424926758,33.24489286330203,32.78857674859292,33.15657424926758,15386100
2016-03-17,33.68649673461914,33.789535601454915,33.09770120441576,33.15657935363682,24080000
2016-03-18,33.561370849609375,33.7600898363592,33.40681257355888,33.73801088480859,23853400
2016-03-21,33.61288833618164,33.76008788909089,33.384731696390354,33.428889596944565,9740400
2016-03-22,33.48776626586914,33.65704474744424,33.40680638172505,33.52456544749893,13788300
2016-03-23,33.45832443237305,33.642323140612135,33.377364551532246,33.41416653925805,9292100
2016-03-24,33.54664611816406,33.561363544262164,33.25960577249604,33.450966002941385,10890200
2016-03-28,33.70857620239258,33.804256354880636,33.49513694207253,33.53193894444388,13306600
2016-03-29,34.209049224853516,34.23112817768827,33.71593389422223,33.75273308481291,25010400
2016-03-30,34.282649993896484,34.39304756431687,34.09865123559759,34.319449184036614,14312200
2016-03-31,34.14280700683594,34.503445785905434,34.091287582340016,34.26056609248347,15544500
2016-04-01,34.466651916503906,34.49608958675967,33.9367345455211,33.95881350011255,14922900
2016-04-04,34.51081466674805,34.54025514873213,34.223776986400516,34.4740154680674,10629800
2016-04-05,34.245849609375,34.45193013754438,34.17960994096312,34.312089277786875,10696700
2016-04-06,34.37833786010742,34.393058102193336,34.13546088468757,34.275298973105116,9122700
2016-04-07,34.120731353759766,34.28265116502556,33.97353178057252,34.22377021271134,9292000
2016-04-08,34.496089935302734,34.57704984642072,34.17961181416797,34.17961181416797,11959300
2016-04-11,34.17961120605469,34.687449618541855,34.15753225163297,34.518171083578956,11880100
2016-04-12,34.33417510986328,34.41513221854469,34.11337431724525,34.1575350372886,11219100
2016-04-13,33.88520812988281,34.42984281995387,33.72328834265189,34.42248410580606,13234100
2016-04-14,33.73065948486328,34.017697147659575,33.671778524495465,33.89993803452267,12982200
2016-04-15,33.92936706542969,33.973527774457985,33.620250525025604,33.723289371826965,13647800
2016-04-18,34.0176887512207,34.06184665299854,33.72328963724433,33.92936733246898,11538100
2016-04-19,34.29736328125,34.31208351704771,33.966167802394196,34.08392688117797,14418300
2016-04-20,32.65610122680664,33.39945783699424,32.42794454668047,33.370017359688134,40360300
2016-04-21,32.133544921875,32.589861083094924,31.55210813772153,32.57514084465578,37206900
2016-04-22,32.78122329711914,32.86954192533361,32.22922695748125,32.22922695748125,25134200
2016-04-25,32.906341552734375,32.9137030762816,32.66346462004946,32.75178324942592,11173800
2016-04-26,32.77385711669922,33.09033519772985,32.70025873824482,33.06089472330882,13935500
2016-04-27,32.88426208496094,33.01674143076094,32.56778395972746,32.854821606427926,11335500
2016-04-28,32.84745788574219,33.04617687416407,32.72233727484035,32.75177774888762,10932500
2016-04-29,32.97257614135742,33.01673685303412,32.75177819817029,32.77385715020955,11716000
2016-05-02,33.105064392089844,33.25962271322142,32.80330646662389,32.80330646662389,12577500
2016-05-03,33.002010345458984,33.17128882999298,32.86217232978246,33.02408929330327,10420500
2016-05-04,33.105064392089844,33.20074455604703,32.759145743043895,32.9137068717744,9350500
2016-05-05,33.163936614990234,33.48041469822724,33.02409576431451,33.06825647625393,8801100
2016-05-06,33.355308532714844,33.421548225516595,33.06090927412942,33.16395097995391,8564000
2016-05-09,33.296417236328125,33.48777471363422,33.2448949999321,33.35529538026911,8110600
2016-05-10,33.67176818847656,33.73800784475781,33.42888851291271,33.443608748486085,8933500
2016-05-11,33.45832443237305,33.76744372216541,33.450965719386375,33.65704337418296,8833100
2016-05-12,33.73065948486328,33.78217892138576,33.48042101849751,33.52457893117465,10463400
2016-05-13,33.37736511230469,33.73064510874497,33.28904651699338,33.67176417347242,10341200
2016-05-16,33.57608413696289,33.65704401935561,33.22280694728355,33.23752718113655,9413600
2016-05-17,32.9357795715332,33.53193659239023,32.906339094740616,33.45097668500983,17457000
2016-05-18,32.737064361572266,32.994664351987375,32.55306557167521,32.79594532198671,12524300
2016-05-19,32.61930847167969,32.67082791333395,32.41323070506262,32.567789030025416,10659500
2016-05-20,32.346981048583984,32.78121821407034,32.33961952627509,32.75913645474179,12914100
2016-05-23,32.3617057800293,32.50154383973967,32.33962401763401,32.43530416775085,13554700
2016-05-24,32.65610122680664,32.69290041964005,32.38378383072132,32.457382216388126,12634200
2016-05-25,32.66345977783203,32.84745853285515,32.567779639092514,32.759137108973356,9218100
2016-05-26,32.89162063598633,32.95050159275732,32.70762185747479,32.773861530042886,8695800
2016-05-27,32.95785140991211,33.090330719278796,32.862174092390006,32.90633199044704,7893900
2016-05-31,32.825382232666016,33.10506117294539,32.575143771910504,33.10506117294539,18935200
2016-06-01,32.898983001708984,32.957861152388915,32.744424697625725,32.8253818038608,8916000
2016-06-02,32.9136962890625,32.9136962890625,32.75177649559672,32.89897605260215,6693900
2016-06-03,33.14921188354492,33.15657059740476,32.884253263026,32.93577268283825,13434900
2016-06-06,33.3921012878418,33.47306120869386,33.17866481457591,33.18602353119934,10310600
2016-06-07,33.355308532714844,33.47306767462913,33.26698987817898,33.37738749444896,9812600
2016-06-08,33.524574279785156,33.605534185258705,33.2596156100893,33.29641760901242,7915400
2016-06-09,33.679134368896484,33.70857484656998,33.34793882166434,33.362659060501095,8042900
2016-06-10,33.84841537475586,33.86313280584761,33.53193726191255,33.57609517038472,12357000
2016-06-13,33.46276092529297,33.870661931820806,33.44051265394045,33.72975149803966,10613500
2016-06-14,33.40342712402344,33.4701747589482,32.95844194814877,33.26251387855518,11298200
2016-06-15,33.381187438964844,33.625929793740006,33.284776355989536,33.462768223889896,8360400
2016-06-16,33.603675842285156,33.625924114732804,33.166108566329406,33.27735275769692,11305400
2016-06-17,33.218021392822266,33.536926484232914,32.91394942532945,33.49984225987377,20805400
2016-06-20,33.35894012451172,33.603682486342905,33.34410699690409,33.44052091178878,10712400
2016-06-21,33.47017288208008,33.58141704796407,33.37375900834441,33.49242114943115,7919400
2016-06-22,33.269927978515625,33.618499234642606,33.23284659212792,33.55916675311953,10738900
2016-06-23,33.43309783935547,33.49984265407746,33.25510317937606,33.39601361455995,9655300
2016-06-24,32.58021545410156,33.04744901642617,32.498634676490816,32.780458409383535,26003700
2016-06-27,32.46895980834961,32.550540564310886,32.127806491719475,32.38737905238833,15779500
2016-06-28,32.765621185302734,32.77303633273557,32.38738359625806,32.676625270463035,16509800
2016-06-29,32.95844650268555,33.158689435131464,32.81012091935894,32.92136510685389,12250900
2016-06-30,33.618507385253906,33.618507385253906,32.995530323866625,33.01777859526753,16056500
2016-07-01,33.46276092529297,33.67783697879771,33.42567952999573,33.61850731214795,11799700
2016-07-05,33.69267272949219,33.87066457244718,33.48501463633492,33.49242978432082,12339100
2016-07-06,33.574012756347656,33.78167086310305,33.31443729377389,33.744589462486665,10902600
2016-07-07,33.440513610839844,33.75941871195395,33.35151769375404,33.68525309010811,9741100
2016-07-08,33.65558624267578,33.75941527355577,33.42567708206374,33.59625375124213,11127100
2016-07-11,33.79648971557617,33.94481808452629,33.45533644738073,33.63332822681821,10937800
2016-07-12,33.80390548706055,33.90031651583599,33.507248768493284,33.84840201445594,9739000
2016-07-13,33.922576904296875,33.937407198073785,33.69266774294997,33.82616301997348,8028400
2016-07-14,33.885494232177734,34.070904033286645,33.803916296158214,33.91516047934613,7621200
2016-07-15,33.84099197387695,34.04123486474351,33.70007873819573,34.02640174366503,10621000
2016-07-18,33.84099197387695,33.89290648308733,33.72974498035268,33.88548850798381,7958300
2016-07-19,33.84099197387695,33.90032162906228,33.692663592220775,33.7149118592742,7761100
2016-07-20,33.75199890136719,33.94482667856031,33.66300298911677,33.92999355499707,8478200
2016-07-21,33.707496643066406,33.75199317708055,33.566583407678785,33.625915891869056,8045100
2016-07-22,33.98931884765625,33.99673399330224,33.71491036357097,33.74457660441183,8836100
2016-07-25,33.79648971557617,33.98931744394982,33.72232694566527,33.974484324141976,9134300
2016-07-26,33.28477096557617,33.855833538439185,33.24768956819634,33.76683478977247,15819900
2016-07-27,32.18714904785156,32.67663090760554,31.964654978675522,32.557968724305475,37461100
2016-07-28,32.3725471496582,32.40221056288176,32.05364211719406,32.09072350556995,13077800
2016-07-29,32.35771560668945,32.44671150895798,32.24646860700725,32.42446324067303,16530500
2016-08-01,32.2242317199707,32.50605547734164,32.20939859283226,32.402223587372546,12349700
2016-08-02,32.28355407714844,32.320638301148314,32.12039537389112,32.15005879231031,12825200
2016-08-03,32.36513900756836,32.40963838461623,32.16489605454712,32.37997213325098,12119100
2016-08-04,32.268714904785156,32.48379091550169,32.187136983012365,32.30579912183381,11244100
2016-08-05,32.24647903442383,32.44672200112634,32.1945645055524,32.37255919677562,10398200
2016-08-08,32.2168083190918,32.2761408176587,32.05364960629132,32.20939317133556,8680300
2016-08-09,32.23905944824219,32.365136764111,32.17231180186186,32.26130772065921,7281300
2016-08-10,32.34288024902344,32.4022099033916,32.26129949877975,32.36512851577043,8412100
2016-08-11,32.44672775268555,32.535723699507905,32.350313826635414,32.424479473262494,11303300
2016-08-12,32.65437698364258,32.77303915669667,32.47638513862613,32.56538106113435,10928900
2016-08-15,32.810115814208984,32.8768634479719,32.63953632749253,32.706283961255444,10390600
2016-08-16,32.50604248046875,32.81752953844515,32.50604248046875,32.81752953844515,9706100
2016-08-17,32.6766242980957,32.68403944530789,32.468963397477005,32.639540074647655,11208500
2016-08-18,32.70629119873047,32.82495337066419,32.6321284021954,32.63954355019717,9144300
2016-08-19,32.57278823852539,32.67662009002788,32.43929580199382,32.669202114641934,9385900
2016-08-22,32.439300537109375,32.59504409340375,32.43188256064064,32.58762611693501,8687500
2016-08-23,32.5208740234375,32.61728790043188,32.43929609735008,32.5208740234375,8421100
2016-08-24,32.5208740234375,32.58762165687535,32.37996361023701,32.49862575533445,11508900
2016-08-25,32.38738250732422,32.58762543082778,32.357719089461085,32.52087778965992,9815700
2016-08-26,32.1278076171875,32.57278997367334,32.12039247053523,32.42446440759728,11824900
2016-08-29,32.29096984863281,32.34288436373279,32.135226303332864,32.14264145014906,9544600
2016-08-30,32.068485260009766,32.28355851145338,31.979486505140546,32.231643985677735,9720100
2016-08-31,32.20939254760742,32.23164081957455,31.949819944226935,32.20939254760742,10217900
2016-09-01,32.150062561035156,32.19456193757391,32.0388183633824,32.04623351157415,8457800
2016-09-02,32.37997055053711,32.506050698111956,32.23906010713398,32.2761415049633,9026000
2016-09-06,32.476375579833984,32.48379072572326,32.18713679496706,32.439294192130525,8600400
2016-09-07,32.36513900756836,32.4838011838999,32.283558230878654,32.42447151029885,8656600
2016-09-08,32.35771560668945,32.43187838705844,32.2242203387223,32.38737902135981,10020400
2016-09-09,31.34908676147461,32.20938805000086,31.34908676147461,32.20938805000086,23624200
2016-09-12,32.031394958496094,32.061061204495125,31.401002791225807,31.415835914225323,15932300
2016-09-13,31.61269760131836,31.979071190077647,31.560358924673313,31.979071190077647,12962700
2016-09-14,31.485576629638672,31.70988555460651,31.39585363010008,31.6052082464377,9823900
2016-09-15,31.672502517700195,31.69493255545086,31.313607652475387,31.41080638422348,10158500
2016-09-16,31.508005142211914,31.59772813741001,31.380897803368164,31.530435177950793,16354000
2016-09-19,31.47809600830078,31.67997488335572,31.463144552882678,31.522958931282727,7659900
2016-09-20,31.657543182373047,31.799604819311032,31.582774500246188,31.635113148183468,8407200
2016-09-21,31.799612045288086,31.859429286376045,31.47810150504792,31.612687445252785,13654700
2016-09-22,32.121116638183594,32.1585009808202,31.91923776525493,31.934192072758073,9288300
2016-09-23,31.95661735534668,32.106154690307356,31.889324413717645,32.008955993031286,8852700
2016-09-26,31.440710067749023,31.941669366077793,31.410801453947403,31.934190786506186,15036000
2016-09-27,31.844480514526367,31.874389140272083,31.40333826762945,31.54539996155629,11920400
2016-09-28,31.515491485595703,31.971585154011834,31.425765616052566,31.874386407038376,15523800
2016-09-29,31.425765991210938,31.69493789856712,31.291180037532847,31.418290261448078,12671700
2016-09-30,31.64258575439453,31.77717165074175,31.448185488694172,31.56033850082211,14375700
2016-10-03,31.425765991210938,31.63512350373426,31.321088661070938,31.63512350373426,11152800
2016-10-04,31.2836971282959,31.6575462799953,31.238834203284604,31.6575462799953,13682700
2016-10-05,31.261266708374023,31.455667009885882,31.15658655129864,31.350989705053138,9607300
2016-10-06,31.186491012573242,31.358461255064075,31.08929230088859,31.164060979452515,9722900
2016-10-07,31.201459884643555,31.3584758942736,31.08182823174777,31.276231450355663,8122800
2016-10-10,31.201459884643555,31.395863103251447,31.10425827533961,31.343521581131178,8983600
2016-10-11,31.05938148498535,31.17901307354544,30.954704201525526,31.149104463344905,12249100
2016-10-12,31.23883628845215,31.283699216458004,31.02948166224388,31.126683246801804,12216300
2016-10-13,31.223876953125,31.321078522036746,31.036952394886786,31.141632543383807,17655600
2016-10-14,31.156583786010742,31.33603261568472,31.119199445066027,31.291169695205628,9893800
2016-10-17,31.104236602783203,31.298639685936497,31.081806574819975,31.20143814435985,10792500
2016-10-18,31.380903244018555,31.40333328364623,31.201454370267903,31.261271612265816,11297300
2016-10-19,31.440710067749023,31.493048715780663,31.261264089424092,31.35098707858656,16367400
2016-10-20,31.35099220275879,31.485578134621125,31.321083584068745,31.380900821448833,10620500
2016-10-21,31.500520706176758,31.530426461480392,31.164056001895094,31.2911633056005,14401500
2016-10-24,31.822046279907227,31.979062266025608,31.590258739273068,31.64259740131253,13439200
2016-10-25,31.807086944580078,32.061304485289774,31.724839673726542,31.881855635041813,16484700
2016-10-26,31.7323055267334,32.17344750855608,31.709875497023678,32.15101747884636,16886200
2016-10-27,31.493051528930664,31.889333566594463,31.32855984281315,31.87437925835784,14537000
2016-10-28,31.575292587280273,31.754741398579647,31.478091028983023,31.59772261910191,13398400
2016-10-31,31.702402114868164,31.709877841243458,31.493044697213584,31.493044697213584,13327500
2016-11-01,31.493051528930664,31.724839028234296,31.336035570810132,31.70240899200069,12223400
2016-11-02,31.440710067749023,31.657543239447183,31.410801453947403,31.47809440887985,12034300
2016-11-03,31.425765991210938,31.567830526895214,31.373427326140938,31.567830526895214,11258000
2016-11-04,31.171541213989258,31.433237331290215,31.171541213989258,31.291172828336283,14464200
2016-11-07,31.747272491455078,31.777181111156832,31.433240541315563,31.433240541315563,14038500
2016-11-08,32.06129837036133,32.136067046562715,31.67997070590459,31.67997070590459,12036600
2016-11-09,31.605215072631836,31.642599426160412,31.179027167470718,31.223887250807667,21351000
2016-11-10,30.610769271850586,31.597730860823788,30.543476306591376,31.29865323363839,33245500
2016-11-11,30.67806053161621,30.752832073437894,30.378982921057514,30.618246150401543,13421000
2016-11-14,30.782745361328125,30.969669983203303,30.54348207350736,30.75283958953306,19514200
2016-11-15,30.9846134185791,31.044430645658117,30.78273455555098,30.790213135057048,16554000
2016-11-16,30.850032806396484,31.14163756010743,30.775264111953387,30.954712971756827,12681400
2016-11-17,30.745357513427734,30.879943454062676,30.655634503752125,30.8649891437429,12398800
2016-11-18,30.588335037231445,30.805168212453648,30.58085930978074,30.67805802785212,16345300
2016-11-21,30.9248046875,30.924804687500004,30.45375392113459,30.58833985438185,12307000
2016-11-22,30.932281494140625,31.179023331107366,30.83508275737463,30.99209873422092,12743500
2016-11-23,30.745357513427734,30.88742203534409,30.678064543110267,30.82012906502662,9281300
2016-11-25,31.051910400390625,31.08929759828536,30.83508005471198,30.947233091667954,7402300
2016-11-28,31.21640396118164,31.246312577658735,30.85750912018448,31.03695511456173,19424400
2016-11-29,31.02790641784668,31.306892853023452,31.02036461139638,31.306892853023452,11421900
2016-11-30,30.424678802490234,31.065596958540883,30.424678802490234,30.914792517331584,22410400
2016-12-01,30.288963317871094,30.454848535882267,30.070299838913765,30.394528468832185,20409900
2016-12-02,30.43222999572754,30.530253344209807,30.304045174426673,30.386987786499642,11176300
2016-12-05,30.62826919555664,30.681050326848105,30.394525007367562,30.41714467039078,15977800
2016-12-06,30.59056854248047,30.74137300620415,30.477464475598737,30.72629227219619,11303500
2016-12-07,31.133460998535156,31.133460998535156,30.54532392417291,30.567946461573246,13726500
2016-12-08,30.89971923828125,31.07314338077571,30.801695896399625,30.96758110937527,13077100
2016-12-09,31.66880989074707,31.83469505346563,31.133456890062092,31.29180024919056,28125800
2016-12-12,31.593421936035156,31.676361674702505,31.457698179879177,31.668822744407827,17561900
2016-12-13,31.48784065246582,31.638645068340566,31.321958383723096,31.457682070374865,18986000
2016-12-14,31.07314682006836,31.661284060099174,30.960045606630636,31.585880374784207,17937900
2016-12-15,31.329511642456055,31.525558335685123,30.99020227060291,30.99020227060291,14265300
2016-12-16,31.472763061523438,31.4878409145169,31.27671645634822,31.374739758935828,19675200
2016-12-19,31.419984817504883,31.518008138021468,31.352125837557487,31.435065549611707,8687300
2016-12-20,31.412443161010742,31.457685353401285,31.24655799860071,31.44260462260444,10603500
2016-12-21,31.344585418701172,31.54063206839926,31.306885024945593,31.367205079683387,9693600
2016-12-22,31.329511642456055,31.382292780704734,30.975124410837267,31.344592378578007,11894100
2016-12-23,31.36719512939453,31.435056967169736,31.178690344058374,31.38227585738399,6436600
2016-12-27,31.37474822998047,31.48784941609837,31.321967101187624,31.337047834607837,6999200
2016-12-28,31.208866119384766,31.419990655396543,31.208866119384766,31.284269793929024,8988000
2016-12-29,31.36719512939453,31.435056967169736,31.201312874219948,31.201312874219948,6875300
2016-12-30,31.261653900146484,31.548182171623303,31.178711278690823,31.435078073937095,11470200
2017-01-03,31.518003463745117,31.525545266857815,31.125913116183263,31.291798268401195,14711000
2017-01-04,31.4049072265625,31.646193189595145,31.35966502986054,31.57833133271999,9959400
2017-01-05,31.48031234741211,31.563254947945598,31.314427146345132,31.412450481189797,8968300
2017-01-06,31.472763061523438,31.525544176065612,31.321958644393657,31.44260160282648,10246600
2017-01-09,31.15608024597168,31.3521268936084,31.073137654768118,31.088218387382916,14822500
2017-01-10,30.94495964050293,31.246565701728098,30.809235906227006,31.246565701728098,19706800
2017-01-11,30.95249366760254,31.00527479186684,30.786611366924255,30.801689222695018,9266200
2017-01-12,30.877105712890625,30.944967597478122,30.764001613125878,30.92234505171113,8541200
2017-01-13,30.824312210083008,30.944955192503162,30.68104669096461,30.914793727809226,8123500
2017-01-17,31.080665588378906,31.140985615562453,30.763976097513623,30.794137549282574,12469400
2017-01-18,31.133460998535156,31.201322858024813,31.020356940600504,31.103299532905158,10390500
2017-01-19,31.020357131958008,31.133461190590374,30.9374145391417,31.020357131958008,10987100
2017-01-20,31.15608024597168,31.246561765304822,31.012817600664572,31.11837985261251,14695400
2017-01-23,31.239028930664062,31.29181006693353,31.07314371589935,31.148547393681582,11628900
2017-01-24,31.593421936035156,31.646203077167318,31.269193282591033,31.269193282591033,17040100
2017-01-25,31.759294509887695,31.857317831672404,31.593412207277705,31.62357079552597,12538200
2017-01-26,31.525554656982422,31.751759919703293,31.510473922620232,31.69143698225454,8976800
2017-01-27,31.25410270690918,31.631112382803487,31.23148017043374,31.60095091840661,12967400
2017-01-30,31.20132827758789,31.276729078404067,31.07314346457298,31.141005335850007,11626200
2017-01-31,31.344585418701172,31.4350669389857,31.186242039114337,31.208861700096552,12678000
2017-02-01,31.110836029052734,31.412444909063158,31.103297101412426,31.306882663966146,11136100
2017-02-02,31.216400146484375,31.28426199848629,31.103296101029397,31.223939073882203,9459700
2017-02-03,31.321964263916016,31.510469100059435,31.261641335699466,31.35212572802429,11882400
2017-02-06,31.33705711364746,31.41999685748376,31.216414086918633,31.314434568640614,15742800
2017-02-07,31.593421936035156,31.653742007462,31.419994899336377,31.442617442933347,13315200
2017-02-08,31.683895111083984,31.78191843715777,31.54817139078358,31.600952517971994,14219700
2017-02-09,31.103300094604492,31.683895374866466,30.703670735034923,31.683895374866466,27240300
2017-02-10,30.59810447692871,31.06559563605617,30.575481942079314,30.929871932381207,28847300
2017-02-13,30.62826919555664,30.786615465786966,30.537787667107835,30.7413732633846,23617100
2017-02-14,30.560405731201172,30.613186859731112,30.32666155524166,30.447304545646634,32177800
2017-02-15,30.492538452148438,30.635803955296986,30.462379867171876,30.477457721482523,26600800
2017-02-16,31.065593719482422,31.125913763863576,30.53777966846022,30.57548005574284,22214800
2017-02-17,31.088220596313477,31.18624392709675,30.952496869492286,31.012819804237633,15065100
2017-02-21,31.261653900146484,31.29181537637703,31.065610057361305,31.065610057361305,17072600
2017-02-22,31.36719512939453,31.427518041352382,31.21639360220941,31.299333291619323,11186800
2017-02-23,31.412443161010742,31.66880983184657,31.382281699417046,31.41998208823152,12856800
2017-02-24,31.50293731689453,31.600960668249748,31.36721356158929,31.44261724584578,13215300
2017-02-27,31.419984817504883,31.48030774593218,31.359664765433127,31.48030774593218,12186400
2017-02-28,31.63865852355957,31.72160113138208,31.39737250608839,31.427533977361342,15946800
2017-03-01,31.789459228515625,31.932721885515136,31.578334707388795,31.67635516285147,14662000
2017-03-02,32.02320098876953,32.09106284166576,31.721592114485098,31.729133918337677,15507600
2017-03-03,32.030738830566406,32.03828063416335,31.857314740455553,32.02319990332476,11740000
2017-03-06,31.80454444885254,31.99304933398023,31.759302240933632,31.92518746028001,16307800
2017-03-07,31.661283493041992,31.84978838841854,31.6311220194562,31.66882242326022,11273700
2017-03-08,31.661283493041992,31.691442090271348,31.472778597665442,31.66882242326022,14636000
2017-03-09,31.691438674926758,31.751761615597417,31.608496069682662,31.736680880429752,14496400
2017-03-10,31.887479782104492,31.970422372850965,31.781917530738298,31.842237584509427,16369700
2017-03-13,31.971160888671875,32.03962173668431,31.82663372142076,31.887486196462884,12831500
2017-03-14,31.925518035888672,32.024403657473165,31.819024042340015,31.933123506109133,9844500
2017-03-15,32.03961944580078,32.161327288926806,31.92551997510106,31.933125445783492,22757800
2017-03-16,32.13849639892578,32.2449903605842,31.87226149477974,31.97114708675237,16004200
2017-03-17,31.971160888671875,32.214576592328534,31.955947044475323,32.16132958851264,37526500
2017-03-20,32.08525466918945,32.2069624883954,32.0015799994085,32.02439930871483,11484200
2017-03-21,32.32868194580078,32.42757049129988,32.10808553728138,32.18415476525929,17187300
2017-03-22,32.23738479614258,32.480800393988275,32.138496302723134,32.37430643264863,11605500
2017-03-23,32.077659606933594,32.24500901592697,31.99398780418141,32.108087299795024,11503300
2017-03-24,32.03961944580078,32.13850797513564,31.87987844577485,32.1232941320269,13804400
2017-03-27,32.19175720214844,32.20697104630966,31.98637465858807,32.03201619107173,12387400
2017-03-28,32.27543258666992,32.37432112496759,32.130905416653434,32.130905416653434,14123800
2017-03-29,32.267822265625,32.35149695438378,32.16893663504095,32.33628311081455,9580100
2017-03-30,32.404747009277344,32.41996085428007,32.14611744771951,32.21457829935965,11999900
2017-03-31,32.28303527832031,32.44277918081388,32.275429807603416,32.36670996492554,11551800
2017-04-03,32.260215759277344,32.4275651314236,32.15372175945477,32.38953197459323,11240000
2017-04-04,32.46558380126953,32.4731892685443,32.229773691355646,32.33626764365786,10946200
2017-04-05,32.38191604614258,32.60251236672589,32.35148836708077,32.44277140426619,10142800
2017-04-06,32.457984924316406,32.52644575678042,32.30585232039052,32.38952699359581,14597800
2017-04-07,32.41233825683594,32.51122674623148,32.33626907201525,32.43515756141079,11028800
2017-04-10,32.47320556640625,32.556880257136775,32.37431993349202,32.50363325426172,9426900
2017-04-11,32.450382232666016,32.51884307099048,32.343888240104334,32.46559607470964,8909400
2017-04-12,32.66337203979492,32.70140809789751,32.336281671970696,32.359103887181014,13417200
2017-04-13,32.54926681518555,32.76986314550071,32.54165844421285,32.61011927425054,9891900
2017-04-17,32.76225280761719,32.76225280761719,32.541656490545726,32.549264861061644,11318100
2017-04-18,33.074134826660156,33.15780950596296,32.7774721649456,32.79268600679553,13181600
2017-04-19,32.88397216796875,33.309951112412975,32.853544478706134,33.271917951706776,13893100
2017-04-20,32.77747344970703,32.93721444277713,32.747045764814516,32.861148132289586,10838300
2017-04-21,32.76225280761719,32.78507211567867,32.62533115576201,32.6937919816896,13833800
2017-04-24,32.92200469970703,33.03610708138988,32.823119064108944,32.89157991276983,16703800
2017-04-25,32.79269027709961,33.03610597490912,32.572093894164745,32.59491320903938,18745100
2017-04-26,32.891571044921875,33.03609817457618,32.69379402355985,32.754649384515346,13626600
2017-04-27,32.716609954833984,32.92199242423664,32.64814913169977,32.838317762434485,10386200
2017-04-28,32.82311248779297,32.86114564015237,32.59490777014951,32.67858244638631,10337800
2017-05-01,32.876365661621094,33.08935367626655,32.785082596706694,32.82311865795973,13208200
2017-05-02,33.005672454833984,33.043705606818904,32.83071763430856,32.87635915773656,11823900
2017-05-03,32.952430725097656,33.08174694459386,32.823117407345414,32.960039097756,10389000
2017-05-04,33.211055755615234,33.32515811605505,33.013281619495594,33.02849255926024,10193100
2017-05-05,33.233882904052734,33.3479852913996,33.13499726354598,33.309952129532064,8133000
2017-05-08,33.3859977722168,33.40121160788841,33.119762902319714,33.157796040627524,14284300
2017-05-09,33.09694290161133,33.38599999513314,32.9980573157755,33.38599999513314,8694400
2017-05-10,33.1425895690918,33.1806227158504,32.98284861165982,33.07412874422908,7597700
2017-05-11,33.21865463256836,33.226263002684206,33.03609437418979,33.081735889655924,6860100
2017-05-12,33.15780258178711,33.22626340494365,33.05891408128476,33.195835727597846,7275800
2017-05-15,33.264305114746094,33.28712442775883,33.058922592400144,33.058922592400144,8493000
2017-05-16,33.35557556152344,33.553352555890065,33.29472311061727,33.37078939968571,10454100
2017-05-17,33.41642761230469,33.59898784872739,33.249078310798346,33.35557226566869,14538800
2017-05-18,33.31755447387695,33.439262321475596,33.19584662627831,33.37080147584236,13832200
2017-05-19,33.39361572265625,33.469682021097796,33.28711884239749,33.3555796716922,11796800
2017-05-22,33.606605529785156,33.63703321153418,33.325156727965286,33.38600918971989,12857900
2017-05-23,33.76634979248047,33.92609078459361,33.62942811302813,33.65985579773837,11996100
2017-05-24,34.2531852722168,34.29882680478707,33.857634028506666,33.857634028506666,12738300
2017-05-25,34.542240142822266,34.59548714296909,34.2075442987931,34.230363612643494,16704200
2017-05-26,34.52702331542969,34.65633952014053,34.481384691673554,34.496595631763185,11341400
2017-05-30,34.55744552612305,34.580264834387144,34.314029898828764,34.35206304651665,13093500
2017-05-31,34.58788299560547,34.762837845887965,34.51181377695396,34.55745530814487,14148000
2017-06-01,34.83129119873047,34.83129119873047,34.40531237115255,34.572661714440905,11049300
2017-06-02,34.90736389160156,34.90736389160156,34.69437588968137,34.86172526361518,9923700
2017-06-05,34.983428955078125,34.983428955078125,34.75522423525986,34.82368507085663,10015200
2017-06-06,34.9758186340332,35.03667399639111,34.823683129881815,34.914966173418684,9836700
2017-06-07,34.61831283569336,34.76284292136104,34.49660496982524,34.61070736358978,12776300
2017-06-08,34.32924270629883,34.6182969414322,34.253173511466564,34.6182969414322,12879000
2017-06-09,34.473785400390625,34.49660471827937,34.20755035254059,34.27601120795123,9358800
2017-06-12,34.481380462646484,34.59547990978652,34.3824919537305,34.47377209179118,11228500
2017-06-13,34.53506851196289,34.59642469209733,34.358673882511916,34.51206140722432,10023400
2017-06-14,34.74213790893555,34.87251831644052,34.63476752959228,34.65010657315895,11497500
2017-06-15,34.703792572021484,34.77281680686923,34.54273699925124,34.650107381098074,9908700
2017-06-16,34.749813079833984,34.78048824503934,34.51973032423934,34.749813079833984,27025300
2017-06-19,34.803489685058594,34.803489685058594,34.58874602788597,34.780479659804676,7624700
2017-06-20,34.97989273071289,35.17929446883373,34.75748096177613,34.780488066968296,14920900
2017-06-21,34.6807861328125,35.0335753729548,34.64243705945585,34.98755824030094,9515800
2017-06-22,34.56574249267578,34.72679805794603,34.535064406255735,34.64243478310256,7446300
2017-06-23,34.703792572021484,34.80349489471789,34.53506601447734,34.550405058401665,9544800
2017-06-26,34.84183120727539,34.90318444003169,34.742128912720915,34.75746795231566,7747100
2017-06-27,34.550411224365234,34.81884015251037,34.51206507052279,34.77282301252503,11432200
2017-06-28,34.757476806640625,34.8955252725379,34.68845257369199,34.703791617194284,9218800
2017-06-29,34.38168716430664,34.69613030317289,34.243638671572775,34.611767010321756,9283500
2017-06-30,34.397010803222656,34.604083467181184,34.397010803222656,34.42768888505864,9352800
2017-07-03,34.327999114990234,34.71913748714563,34.327999114990234,34.596428040623614,6434500
2017-07-05,34.3740119934082,34.504392409838864,34.304987755444586,34.35100488929487,6853600
2017-07-06,34.05189895629883,34.39701720146949,33.967535678368776,34.29731780539165,13113000
2017-07-07,34.044227600097656,34.14392992071095,33.929189161503935,34.10558377451304,9566000
2017-07-10,34.03657150268555,34.18995906700607,33.92153009803904,34.090256711354066,9672000
2017-07-11,33.99820327758789,34.113241681948026,33.860154851857686,33.99053229525702,10300700
2017-07-12,34.136253356933594,34.33565796556988,34.08256817590604,34.19760952132105,7737400
2017-07-13,34.074928283691406,34.15162062694485,34.02891112236413,34.12094544501869,6371900
2017-07-14,34.26664733886719,34.297325433232565,34.12859883984709,34.14393788702978,8558700
2017-07-17,34.304996490478516,34.351013636046076,34.212965124967745,34.25131128346187,7189200
2017-07-18,34.258968353271484,34.397016820058376,34.22062220708033,34.34333163026608,9037200
2017-07-19,34.38168716430664,34.38935522473676,34.16694343915176,34.25897479243301,6986900
2017-07-20,34.3740119934082,34.49672142471867,34.32032680006135,34.43536817187525,7430300
2017-07-21,34.53506851196289,34.56574660203011,34.2589715526053,34.34333483747831,8545600
2017-07-24,34.38935089111328,34.550406470465816,34.38168283164947,34.542738411002,9103600
2017-07-25,34.696128845214844,34.73447499700203,34.46604608324401,34.52740226660259,14096300
2017-07-26,35.07959747314453,35.11794362630775,33.98288052405758,34.1669432294906,13608900
2017-07-27,35.37102508544922,35.60877587914275,35.04891393814525,35.12560623256329,15195200
2017-07-28,35.28665542602539,35.37101869000559,35.07191469998341,35.278987368219454,11945300
2017-07-31,35.156280517578125,35.34034610014318,35.11793437451717,35.2789899307471,13622900
2017-08-01,35.048912048339844,35.3250089743555,35.01056590319841,35.25598474285158,10306800
2017-08-02,34.964542388916016,35.27898540265389,34.803486853357725,34.97221044629473,10187900
2017-08-03,35.02592086791992,35.240664662385846,34.99524569067472,35.01058474210978,14261400
2017-08-04,34.895530700683594,35.09493244598443,34.872523594663,35.02590820229879,9523600
2017-08-07,35.002899169921875,35.094930514563245,34.89552878023632,34.9108678252805,6226300
2017-08-08,34.97221755981445,35.14094411269407,34.933871413875465,35.002895646815,5747900
2017-08-09,34.964542388916016,35.01822756743545,34.76514071521853,34.94153529115707,9635300
2017-08-10,35.07959747314453,35.15628977947097,34.86485374930739,34.94154898125778,8901600
2017-08-11,34.964542388916016,35.20229312637551,34.94920334853578,35.17161504561503,8357600
2017-08-14,35.125606536865234,35.232976920230065,34.98755806521801,35.02590421275924,8421200
2017-08-15,35.424713134765625,35.47073027050325,35.12560906653037,35.12560906653037,9638100
2017-08-16,35.43238067626953,35.539751056930825,35.37102450124968,35.39403452969385,8087300
2017-08-17,35.171627044677734,35.53208730253002,35.163956059059196,35.37102878640261,8477000
2017-08-18,35.02592086791992,35.20231849661065,34.99524569067472,35.125623239435356,10879800
2017-08-21,35.0335693359375,35.12560065976275,34.94153801211225,35.02589835233862,9429700
2017-08-22,34.97221755981445,35.087258923254815,34.92620335493703,35.04891277731583,10536700
2017-08-23,34.926204681396484,35.01823602026998,34.849509460982304,34.99522891695749,6528400
2017-08-24,34.826499938964844,34.9798874435169,34.74980764950047,34.92620225576718,7534400
2017-08-25,34.94921875,35.0949353093926,34.94155068924211,34.972225857897755,8807100
2017-08-28,34.834171295166016,35.041244007069906,34.80349613185046,34.995229799284765,8024000
2017-08-29,34.857181549072266,34.949212890858576,34.703794029012684,34.81883540046327,7762200
2017-08-30,34.811161041259766,34.926202401559856,34.734468751475255,34.788153939449074,7134900
2017-08-31,34.93387985229492,35.01057508832234,34.77282424507351,34.81884138668996,14264600
2017-09-01,35.110267639160156,35.125606683365326,34.9262049599452,35.00289725534751,7391200
2017-09-05,35.2176399230957,35.225310908423936,35.010570129212574,35.087262428752716,9916700
2017-09-06,35.24831771850586,35.30967389812403,35.11794022525275,35.2636567634104,9238900
2017-09-07,35.49372863769531,35.52440672063472,35.24830982542609,35.28665596628884,9418400
2017-09-08,35.50907516479492,35.5627603584447,35.294334390195836,35.42471188173853,10534900
2017-09-11,35.67779541015625,35.73148059429505,35.44771563161526,35.54741501608839,10430300
2017-09-12,35.83119201660156,35.854199122619654,35.62411928556718,35.66246543747195,8567600
2017-09-13,35.946231842041016,36.03059513482047,35.777508182106075,35.80051528900085,10218000
2017-09-14,35.64474868774414,35.9230425743969,35.5133308195345,35.86893020187033,13768800
2017-09-15,35.698848724365234,35.83799561960875,35.55970182912172,35.79161233822688,16141400
2017-09-18,35.64474868774414,35.745244357680555,35.490140645281144,35.675670886017365,8535300
2017-09-19,35.54425048828125,35.70658759430817,35.47467702156929,35.66793632366885,7297900
2017-09-20,35.38964080810547,35.675666685097674,35.211842612325405,35.37417971078945,11026600
2017-09-21,35.09588623046875,35.39737023375126,35.064964038105785,35.33552584902532,7555300
2017-09-22,35.16545104980469,35.273675747585145,35.07268449550556,35.13452886503831,8024800
2017-09-25,35.32007598876953,35.374188368167516,35.05724316787779,35.173199951675485,9215300
2017-09-26,35.22731018066406,35.459220785199236,35.21958110503766,35.32007383269747,6480100
2017-09-27,34.508384704589844,35.17319725642594,34.30739630349914,35.150007081004816,14816200
2017-09-28,34.717098236083984,34.78667169743496,34.51610987490488,34.53156802284714,8789500
2017-09-29,34.794410705566406,34.871716211862726,34.62434448952158,34.67845686947724,10082200
2017-10-02,34.6320686340332,34.99539708962846,34.59341736084082,34.825327948898234,10707800
2017-10-03,34.93354415893555,34.987656517965554,34.601137982664156,34.678443459065875,12038100
2017-10-04,35.17319869995117,35.219582001600294,34.74029673126962,34.871714611490425,14060300
2017-10-05,35.188655853271484,35.36645406629378,35.173194754456105,35.18092382941226,10215300
2017-10-06,35.16545104980469,35.18864121392854,35.00311105423215,35.088145587888754,5437900
2017-10-09,35.10361862182617,35.289148844636266,35.04950625452799,35.211843356422534,5268300
2017-10-10,35.45921325683594,35.48240637659764,35.196380507790664,35.250492872396805,6310400
2017-10-11,35.63700866699219,35.63700866699219,35.459210490172694,35.46694251245754,6638200
2017-10-12,35.64474868774414,35.66793886199749,35.5133308195345,35.544253017807726,7710200
2017-10-13,35.698848724365234,35.85345671340271,35.675658558125356,35.75296107819303,7126000
2017-10-16,36.03899383544922,36.139489498249475,35.63701413315114,35.65247523118987,12708600
2017-10-17,35.96168518066406,36.0467197309697,35.79934810220917,35.96941425391802,7699400
2017-10-18,35.86892318725586,35.97714791114432,35.7452373672544,35.876652260861086,6272200
2017-10-19,36.015804290771484,36.17041232495137,35.80708388696408,35.84573515828331,7515500
2017-10-20,35.85345458984375,36.015791641712106,35.77614912545267,36.00806256972397,9646800
2017-10-23,35.80708312988281,36.06218682322133,35.73750966341803,35.85346642382698,7153600
2017-10-24,35.698848724365234,35.78388326578095,35.52105056908788,35.76069015063896,9539500
2017-10-25,35.59836196899414,36.14721766552955,35.50559833199306,35.84573363359891,11994200
2017-10-26,35.73750305175781,36.13948267819641,35.7297739786485,35.80707650535108,10569100
2017-10-27,35.61382293701172,35.814814256835774,35.49013710515954,35.660206229794845,9988000
2017-10-30,35.45148849487305,35.6138256084368,35.42056629736479,35.55971323724888,7201900
2017-10-31,35.54425048828125,35.691126496271856,35.436025750929964,35.4978671941723,6560500
2017-11-01,35.40510559082031,35.629287101884,35.273690673309034,35.36645431795835,7067600
2017-11-02,35.46694564819336,35.521058013361674,35.36644999192245,35.41283328302504,8317800
2017-11-03,35.53651809692383,35.683394091205805,35.49786388098936,35.53651809692383,4730400
2017-11-06,35.15000534057617,35.497869750281836,35.11135111825053,35.49014067515859,7451300
2017-11-07,35.51333999633789,35.52107202235575,35.02632851775278,35.10363108450804,9868000
2017-11-08,35.698848724365234,35.70657779681116,35.459206193912046,35.54424073532776,7586900
2017-11-09,35.73750305175781,35.86118886382335,35.57516597634098,35.65246850304356,6532400
2017-11-10,35.97715377807617,36.054456322344656,35.66793770319618,35.714320999099094,8022900
2017-11-13,36.11629867553711,36.19360121543634,35.9771517445962,36.02353208897459,7653600
2017-11-14,36.66514205932617,36.703793316291964,36.038981080433594,36.10855452253276,17200700
2017-11-15,36.18586730957031,36.68833964963232,36.16267419157493,36.58011492866212,12419100
2017-11-16,35.98487091064453,36.31727704870885,35.95394872363807,36.294086882905034,12506400
2017-11-17,35.33551788330078,35.853454167462544,34.97992159799683,35.8225319820704,19720700
2017-11-20,35.14226531982422,35.46694243027892,35.111343128561394,35.28914425387139,19160900
2017-11-21,35.38964080810547,35.521058660840254,35.20411353811879,35.21957463543481,10280800
2017-11-22,35.4360237121582,35.505597174867326,35.20411315276204,35.47467498057377,8434400
2017-11-24,35.46694564819336,35.59836054962992,35.45148455115916,35.47467472225909,2996300
2017-11-27,35.48240280151367,35.5519762559834,35.41282934704394,35.46694170619791,5649200
2017-11-28,35.428287506103516,35.675659112849026,35.38963329656652,35.551973309476274,8432800
2017-11-29,35.17319869995117,35.42057041093966,34.94901716533555,35.381919134017096,16502100
2017-11-30,35.672000885009766,35.7265569075299,35.09526196726526,35.18099370924838,17147600
2017-12-01,35.827857971191406,35.86682611381713,35.235531500197006,35.695362718569484,12468800
2017-12-04,36.0305061340332,36.1474135740464,35.67199434517628,35.84345779770772,17523600
2017-12-05,36.05387878417969,36.19416649320241,35.898006194669165,36.04608634393579,13670800
2017-12-06,36.201969146728516,36.225349445215215,36.05388599476697,36.13182527818875,8154000
2017-12-07,35.679786682128906,36.1006498972429,35.63302608472492,36.077269598540916,9106500
2017-12-08,35.31348419189453,35.64082028216483,35.1108450162302,35.61743998231119,13238600
2017-12-11,35.329063415527344,35.391411857593184,35.00951687252815,35.31347556174111,9698700
2017-12-12,35.297889709472656,35.47714557856017,35.118633840385144,35.26671400013241,13999300
2017-12-13,35.77330780029297,35.89021224720056,35.38362036444263,35.422588513411824,12418700
2017-12-14,35.8746223449707,35.98373434508709,35.69536649148249,35.703161904678815,9029000
2017-12-15,35.99932098388672,36.178576831327355,35.882416547597046,36.07726024782543,21181600
2017-12-18,35.796695709228516,36.147415070709755,35.78110785170937,36.007127326117256,10156800
2017-12-19,35.95256423950195,36.147407960545955,35.781100813597874,35.882420381002945,8253200
2017-12-20,35.913597106933594,36.08505756461396,35.82006997756686,36.014913704128574,7311000
2017-12-21,35.539493560791016,36.0227081300268,35.50832082493648,35.96035671215925,9657100
2017-12-22,35.531707763671875,35.640819792262164,35.50053204890899,35.60964407749928,5406300
2017-12-26,35.70316696166992,35.742135113933934,35.54729137953445,35.61743524284144,6100400
2017-12-27,35.796695709228516,35.804488151448176,35.63302766489721,35.77331540948971,5660600
2017-12-28,35.633026123046875,35.84345773083019,35.57067469566825,35.781106303451566,6538900
2017-12-29,35.757728576660156,35.99154049998793,35.609645412524635,35.61744082804751,8371500
2018-01-02,35.49273681640625,35.80448502028681,35.46935354563252,35.78110472259265,10872200
2018-01-03,35.4147834777832,35.6096271427705,35.33684720101964,35.45375458924337,12635600
2018-01-04,35.913597106933594,36.022709118115465,35.42259008353586,35.50832179891571,12709400
2018-01-05,35.90581130981445,36.007130907225786,35.68758722900245,35.8668431486809,13113100
2018-01-08,35.85123825073242,35.929174535959056,35.75771411384473,35.81227010811911,7068600
2018-01-09,36.0305061340332,36.13182571717266,35.80448666898352,35.851250239604745,9962400
2018-01-10,35.90581130981445,36.053891511354,35.79669926940846,36.0305112092899,10700700
2018-01-11,35.882415771484375,36.030495910146655,35.74212807250796,36.030495910146655,7583200
2018-01-12,35.9681510925293,36.155199394599364,35.87462396841511,36.069467684034265,14570100
2018-01-16,36.264312744140625,36.33445660328725,35.96035701219834,35.96815242603645,16459300
2018-01-17,36.490333557128906,36.63062128073125,36.279901971725394,36.303285241045366,12143100
2018-01-18,36.53710174560547,36.685181928997636,36.326670133576755,36.435782160610955,11952900
2018-01-19,36.75531768798828,36.825461543184176,36.52929826868161,36.62282539099553,16187400
2018-01-22,36.926780700683594,37.02030484889234,36.70076128385664,36.73972943118703,9577400
2018-01-23,36.9813346862793,37.17617838539238,36.731934989260864,36.794283426976016,11463700
2018-01-24,37.27750015258789,37.371024301247665,37.004717173801524,37.04368532131984,15964500
2018-01-25,37.28530502319336,37.4100049206724,37.17619298453421,37.17619298453421,11755000
2018-01-26,37.82306671142578,37.89321057833275,37.20736273866417,37.23853547822759,16671200
2018-01-29,37.176185607910156,37.768509260134714,37.08266144662827,37.57366552316776,11662600
2018-01-30,36.950172424316406,37.534703734323365,36.94237998167151,37.19957221207298,12404800
2018-01-31,37.090450286865234,37.33205756755538,36.91898686359615,36.981338280450075,10960100
2018-02-01,36.9813346862793,37.199558677900704,36.71634713656235,36.950158980882264,10279400
2018-02-02,36.42019271850586,36.95016794653385,36.34225640918159,36.90340437709152,12912300
2018-02-05,34.986148834228516,36.5682793842717,34.61204913154698,36.35785071714096,23261500
2018-02-06,34.81467819213867,34.86923717481634,33.85604734381226,34.19117881596046,25184300
2018-02-07,34.728939056396484,35.46155023265287,34.51071211019437,34.74452690777368,18041600
2018-02-08,33.591060638427734,34.77571097148598,33.5676803402812,34.77571097148598,23295300
2018-02-09,33.614444732666016,33.871636937813825,32.88183032662138,33.793700626697444,22853100
2018-02-12,34.269107818603516,34.47174394018457,33.80148119690481,33.94956429832813,14689000
2018-02-13,34.4405632019043,34.61202656876538,34.05087589400418,34.230131698868846,13163200
2018-02-14,34.37043380737305,34.440577671187256,34.00412960574726,34.30808535791567,13457900
2018-02-15,34.90040969848633,34.93938082488415,34.38602234467804,34.48734192176923,13467300
2018-02-16,35.0562858581543,35.57067322037495,34.85364967373749,35.51611721022121,17202300
2018-02-20,34.284706115722656,34.93938120710223,34.24573498889851,34.87702978264725,14137300
2018-02-21,33.778106689453125,34.495130136507285,33.770314248976085,34.37822569087671,12792900
2018-02-22,33.918399810791016,34.15221171241145,33.68458790917058,33.84825594299692,12377800
2018-02-23,34.32366943359375,34.339257287511316,33.840454881386535,33.965157712727084,8277200
2018-02-26,34.315879821777344,34.59645529357135,34.14441934585406,34.47175541422731,12713300
2018-02-27,33.99633026123047,34.53410081266337,33.99633026123047,34.40940095508514,12774400
2018-02-28,33.68458557128906,34.22235320500022,33.68458557128906,34.16000475633256,11929400
2018-03-01,33.84825134277344,34.0119193543561,33.37283218934635,33.5910562047899,17746800
2018-03-02,34.07426834106445,34.1366167811378,33.70016878138732,33.70796122149186,14050100
2018-03-05,34.206756591796875,34.24572473387229,33.90280092129851,33.95735691481982,11992700
2018-03-06,34.237937927246094,34.33146207822868,33.972950355229464,34.253525781256386,10010500
2018-03-07,34.15220642089844,34.23014271833666,33.8794264067855,33.9729505583272,10881700
2018-03-08,34.64321517944336,34.65100762035141,34.13662030111966,34.21455957559679,12361100
2018-03-09,34.93157958984375,34.93157958984375,34.59644817560504,34.736735882638875,9778600
2018-03-12,34.70556640625,35.14201745904855,34.549693790967254,35.03290543911881,11857700
2018-03-13,34.73673629760742,34.939375420445494,34.604244002203274,34.8146725921888,11342100
2018-03-14,34.4222412109375,34.93330813499283,34.38292906277739,34.89399598683272,15321200
2018-03-15,34.33574295043945,34.59520845351625,34.24139322174052,34.50085872481732,12456700
2018-03-16,34.170631408691406,34.61093515738442,34.16277018073434,34.359333872223814,26603300
2018-03-19,34.01337432861328,34.367189515665714,33.95047551720586,34.17062585611696,12380300
2018-03-20,33.93475341796875,34.18635468710861,33.81681401085532,34.06055405253868,13559800
2018-03-21,33.8089599609375,34.162775258067995,33.64384715538472,33.91117393551394,13054000
2018-03-22,33.62025833129883,34.0998743020025,33.573084956688255,33.71461107916883,12274100
2018-03-23,33.28216552734375,33.9347554203947,33.25071461701448,33.66742868124369,13475200
2018-03-26,33.56523132324219,33.6595841008956,33.21928013648914,33.50233247079862,11276100
2018-03-27,33.72247314453125,34.0527017716143,33.439420892552775,33.57308578902017,11627000
2018-03-28,34.06055450439453,34.35933214020817,33.80895323191687,33.80895323191687,16277400
2018-03-29,34.14705276489258,34.53231601129483,34.03697755163479,34.233541289402154,10450500
2018-04-02,33.54949188232422,34.20208482556811,33.392243317068264,34.154908456396846,14207900
2018-04-03,34.10772705078125,34.233527672941904,33.68314882624275,33.793223995717895,15484600
2018-04-04,34.78392028808594,34.90972096004201,33.895451355276116,33.91903804397894,13563300
2018-04-05,34.90971755981445,35.074830363301345,34.54803803875953,34.815364815543965,11707800
2018-04-06,34.53230285644531,35.00405744697,34.36719009945723,34.81535501089543,11495100
2018-04-09,34.461551666259766,34.83895363599544,34.422236524128024,34.618800237489786,11913400
2018-04-10,34.58735275268555,34.73674009694033,34.37506357969763,34.650251582094405,10379500
2018-04-11,34.58735275268555,34.70528918257376,34.406511494739924,34.44582663736027,8424300
2018-04-12,34.61880111694336,34.917578808654156,34.55590228671832,34.65811626007387,8476400
2018-04-13,34.99619674682617,35.137722838310495,34.70528333625229,34.74459547292599,10774200
2018-04-16,35.1298713684082,35.29498418789387,34.90972094242732,35.106284679717284,8962100
2018-04-17,35.2871208190918,35.40505725472202,35.10628255166593,35.34215842225078,8406400
2018-04-18,34.99619674682617,35.35787620246598,34.85467365466562,35.30283861125805,7429000
2018-04-19,34.83895492553711,34.9647555867721,34.61094028975983,34.86254161222981,10370400
2018-04-20,34.39078903198242,34.917578350588144,34.26498837385835,34.838954064007204,14690700
2018-04-23,34.57948684692383,34.5873510747961,34.249261260067485,34.3907873685271,11878500
2018-04-24,33.863983154296875,34.673824379237665,33.59665648791015,34.579474673255014,18523900
2018-04-25,33.36079025268555,33.72246672836655,32.95193741087593,33.60453031203088,20774700
2018-04-26,33.61240005493164,33.88758809541758,33.22713379892664,33.337212014445704,13561000
2018-04-27,34.05269241333008,34.07627909473808,33.58093778990433,33.596663243950886,9777900
2018-04-30,33.97407913208008,34.351481186623495,33.785379604470826,34.20209381065576,16037700
2018-05-01,33.486602783203125,33.801106003719504,33.16423833187008,33.777516312619525,11514200
2018-05-02,33.06986999511719,33.48658397887014,32.97551728235088,33.337196682641775,13736400
2018-05-03,32.93620681762695,33.33719836885789,32.64529343685786,33.19567229187326,18352200
2018-05-04,33.30575180053711,33.41582698601098,32.84186137652306,32.85758683149416,10946200
2018-05-07,33.13277053833008,33.40796146598248,32.99124446109706,33.290022068513814,9336000
2018-05-08,32.87331771850586,33.093468125831606,32.778964973088236,32.999118379738334,15062200
2018-05-09,32.849727630615234,33.203542923291955,32.763239114702664,32.99911797603669,9295200
2018-05-10,33.16422653198242,33.305752630927074,32.97552406694825,33.014839205018156,7924200
2018-05-11,33.13277053833008,33.392236013031756,33.05414627289994,33.21139780308368,6331900
2018-05-14,33.05414581298828,33.27429615258828,32.94407064318828,33.21925856768828,10715500
2018-05-15,32.802547454833984,32.95979599734555,32.59025832325494,32.84972081785798,16449700
2018-05-16,32.66887664794922,32.97551544908393,32.66101542198406,32.81826693519557,11590500
2018-05-17,33.258583068847656,33.29789521563607,32.9204932076831,33.03056841842048,14857400
2018-05-18,33.16422653198242,33.32147808629025,33.085602254490475,33.258576264837544,11950200
2018-05-21,33.345069885253906,33.431558403357904,33.234994680148596,33.26644559569994,9110200
2018-05-22,33.21926498413086,33.49445296178459,33.18781407259215,33.41582868226181,8222900
2018-05-23,33.33720397949219,33.37651611875447,32.96766327191398,33.21926456238136,8971400
2018-05-24,33.2743034362793,33.39224285792372,33.17208947080907,33.33720526097608,9269600
2018-05-25,33.33720397949219,33.47873008029559,33.17995242311908,33.290027612783064,8806500
2018-05-29,33.55735778808594,33.691019675101565,33.10132852793415,33.117053985110864,14826900
2018-05-30,33.911170959472656,34.02910738194983,33.57308114958806,33.6281187466089,10114200
2018-05-31,33.8089599609375,33.97407276649028,33.55735863838345,33.96621153736487,15571300
2018-06-01,33.90330505371094,34.060556608554954,33.840406231367695,33.88757959829414,10664700
2018-06-04,34.19422149658203,34.27284577438034,34.03696994166146,34.09200753598507,11727600
2018-06-05,33.89544677734375,34.2335365999365,33.887582549288545,34.20208568636411,9975900
2018-06-06,34.170631408691406,34.170631408691406,33.840405846664574,33.8561313019026,9202900
2018-06-07,34.154911041259766,34.382925677190954,34.068425523553366,34.068425523553366,11948100
2018-06-08,34.555904388427734,34.59521653462491,34.24926544903548,34.25712667854511,12078800
2018-06-11,34.697425842285156,34.79177558031934,34.50872336689269,34.55589973557183,7526100
2018-06-12,34.91757583618164,34.92543706454394,34.65811330968895,34.69742545014856,8243300
2018-06-13,34.73674392700195,35.00407072994459,34.71315723828851,34.870405828810966,16745000
2018-06-14,34.57014846801758,34.78432523819892,34.52255194906844,34.705000732652934,12696200
2018-06-15,34.998504638671875,35.02230441089529,34.467023800244476,34.55428257097993,21562500
2018-06-18,34.54636764526367,34.87160313806128,34.42738082167679,34.80814410402245,12161900
2018-06-19,34.586021423339844,34.70501124373309,34.26872027901924,34.34804480859018,12936400
2018-06-20,34.31631088256836,34.728805058713846,34.29251413091808,34.60188400651805,10893700
2018-06-21,34.18145751953125,34.348040827946754,34.07833322221078,34.324244077040674,10465200
2018-06-22,34.308380126953125,34.43530118094779,34.17352783097482,34.2290556029702,14924400
2018-06-25,34.57014846801758,34.705000732652934,34.23697888744543,34.23697888744543,12092400
2018-06-26,34.37184524536133,34.77640519556585,34.33217995378076,34.55429408769175,13974700
2018-06-27,34.165584564208984,34.593944143380675,34.10212556694419,34.371833113900166,15332600
2018-06-28,34.48290252685547,34.649485866106694,34.2449228695971,34.30045367538455,12668900
2018-06-29,34.792266845703125,34.98264690959891,34.355975921068996,34.562221494628865,11485600
2018-07-02,34.70500946044922,35.030244856637104,34.57015716190051,34.72880621289036,9232500
2018-07-03,34.8953971862793,35.165104845184835,34.8953971862793,34.950924966697755,8214300
2018-07-05,35.4268684387207,35.434799679714324,35.0064430672253,35.0302398162424,11653000
2018-07-06,35.41099548339844,35.64897200162925,35.36340199537364,35.43479222741084,8733900
2018-07-09,35.22063064575195,35.48240402071865,35.173034111195776,35.33168620034612,7373100
2018-07-10,35.67278289794922,35.69657964938378,35.29995098661285,35.30788222841218,10606100
2018-07-11,35.53000259399414,35.69658593544398,35.411012763794496,35.68865469224797,7715600
2018-07-12,35.43480682373047,35.664852197396065,35.29202327480501,35.5617309135075,6331600
2018-07-13,35.49032974243164,35.52205773179119,35.27614992756471,35.458598727035906,5585900
2018-07-16,35.48240280151367,35.537930576902774,35.32375071781475,35.48240280151367,5831400
2018-07-17,35.8948860168457,36.00594153361606,35.442729683688746,35.49825744207393,11592200
2018-07-18,35.79176712036133,35.92662242959394,35.5696560534327,35.84729488709348,7351600
2018-07-19,35.783843994140625,36.037686135635404,35.63312314222765,35.68865394758934,10097500
2018-07-20,35.91868209838867,35.91868209838867,35.61724656588549,35.712436574779346,8588400
2018-07-23,35.65692138671875,35.98215680561987,35.51413481002685,35.918694759962634,9055700
2018-07-24,35.9028205871582,35.9107548539697,35.387205207748984,35.52205748318279,13786100
2018-07-25,36.561222076416016,36.94991941043491,36.291514525024674,36.48982881204667,21330600
2018-07-26,36.68022155761719,36.95786042244379,36.648490537055096,36.77541159326678,12673100
2018-07-27,36.65641784667969,36.88646318202058,36.53743107139175,36.74367663084598,10516900
2018-07-30,36.67228698730469,36.83887030482812,36.529500421988416,36.569162684345905,8967900
2018-07-31,36.98958969116211,37.02131768418487,36.735747590760816,36.807140870625965,12438800
2018-08-01,36.7992057800293,36.8785333259038,36.624688205141844,36.846802307554,9904100
2018-08-02,36.63262176513672,36.989588149585536,36.63262176513672,36.87059834609046,12009700
2018-08-03,36.98165512084961,37.09271066061212,36.600891973362515,36.672285252643626,11462800
2018-08-06,37.005455017089844,37.17996956897705,36.92612746983519,36.96578973044426,10056100
2018-08-07,36.88645553588867,36.97371430196724,36.59295125310816,36.90232104117893,8632900
2018-08-08,36.60882568359375,36.93406105624684,36.58502590683813,36.87853328721118,6810000
2018-08-09,36.76747512817383,36.82300289782125,36.55329831726892,36.68815060754508,8924100
2018-08-10,36.55330276489258,36.82300737826122,36.466043965961845,36.656424049049924,7535400
2018-08-13,36.354984283447266,36.592960873293094,36.25185998496735,36.52949883544807,8143400
2018-08-14,36.402584075927734,36.56916741500069,36.38671856372502,36.41844958813045,6846100
2018-08-15,36.55330276489258,36.608830541296335,36.21220183781983,36.30739187936387,9686400
2018-08-16,36.66436004638672,36.79128111644192,36.46604568529815,36.57710124334183,10600700
2018-08-17,36.965782165527344,37.068906442836116,36.680212131961035,36.71987438445336,8885700
2018-08-20,37.06891632080078,37.179971867787266,36.957860773814296,37.02925405773942,6392000
2018-08-21,36.66436004638672,37.08478552356265,36.65642577736246,37.06892001155112,13986300
2018-08-22,36.43431091308594,36.791277331529756,36.42637664487791,36.759546310771036,7159100
2018-08-23,36.251861572265625,36.553300213155055,36.24392730416933,36.402579379692014,13144900
2018-08-24,36.19633483886719,36.33118714000901,36.15667257535705,36.21220034947859,10952900
2018-08-27,36.243927001953125,36.52950013030541,36.1408057258544,36.52950013030541,9581200
2018-08-28,35.99007797241211,36.275651045845954,35.918684704053646,36.21219204399179,8476800
2018-08-29,35.95835876464844,36.0297490244026,35.871099968010974,35.89489672126236,12410900
2018-08-30,35.65692138671875,35.95042578279125,35.60932485247582,35.918694759962634,9716500
2018-08-31,35.35547637939453,35.752105015489185,35.21268982831755,35.69657724851884,19834100
2018-09-04,35.506202697753906,35.61726128439916,35.307888332085845,35.37928162476783,11138500
2018-09-05,35.998023986816406,36.029751985079855,35.426877653555984,35.426877653555984,10554900
2018-09-06,36.3073844909668,36.48983329431402,35.93455261723677,36.01388015741138,11439400
2018-09-07,36.26772689819336,36.34705142253343,35.918691728609105,36.172533837741305,10208100
2018-09-10,36.53742599487305,36.73574028550212,36.331177438038694,36.41843621008123,8568900
2018-09-11,36.505706787109375,36.60883109887425,36.3946512326104,36.56916580709297,9278300
2018-09-12,36.68022155761719,36.727815062423645,36.505703970562365,36.616759516493005,13216400
2018-09-13,36.66421890258789,36.89621795912611,36.5682161359763,36.80821694895345,8294800
2018-09-14,36.79220962524414,36.82420748704964,36.48820704977873,36.73620650059056,7612900
2018-09-17,37.056217193603516,37.06421894954043,36.728215391031284,36.80021593558498,8527300
2018-09-18,36.74422073364258,37.22422239326525,36.74422073364258,37.1122222094717,9847400
2018-09-19,36.768218994140625,36.88822093197431,36.69621844179563,36.80021991779975,7119000
2018-09-20,37.31222915649414,37.34423008587145,36.920228452840206,36.9762285533622,9736700
2018-09-21,37.264217376708984,37.352215323099585,37.10421583929568,37.312215701690135,19240300
2018-09-24,36.856224060058594,37.22422556726613,36.672223306454825,37.19222769186541,10778900
2018-09-25,36.54420852661133,36.94421080641069,36.488208451581436,36.848211113755895,7919100
2018-09-26,36.680206298828125,36.85620827112785,36.45620600810126,36.616207523666915,10162600
2018-09-27,36.8082160949707,36.94421848529379,36.544216122353646,36.58421574829249,10826900
2018-09-28,36.95220947265625,36.95220947265625,36.776210544925846,36.80020970512199,9071900
2018-10-01,36.984222412109375,37.080222135881534,36.84022130056304,36.9362210243352,9364700
2018-10-02,37.20822525024414,37.24822793526129,36.848225499301,37.02422449591558,7462700
2018-10-03,36.696224212646484,37.24022779329739,36.64022411332447,37.16822722962958,10542300
2018-10-04,36.680206298828125,36.72020896655085,36.34420586273783,36.52820653751705,9582300
2018-10-05,36.7042121887207,36.92821250189937,36.55220936039914,36.75221051195877,8734100
2018-10-08,37.18421936035156,37.26422166415065,36.776218292191714,36.79221875295153,9808100
2018-10-09,37.112220764160156,37.24022140519304,36.97622141821472,37.104222059247604,10824500
2018-10-10,36.54420852661133,37.36021354361504,36.536206772021224,37.04021049906547,13917000
2018-10-11,35.71220016479492,36.776207607886036,35.600200023790585,36.64020525682723,17677900
2018-10-12,35.74421310424805,35.90421466742377,35.40021081154183,35.58421154107232,12420100
2018-10-15,35.92820739746094,36.216209549228225,35.67220616295122,35.71220578363547,11608500
2018-10-16,36.392215728759766,36.48021368367781,35.88821190518876,36.016212537168215,10442500
2018-10-17,36.68821716308594,36.79221863179434,36.28821480073528,36.32821442661518,11055800
2018-10-18,36.48822021484375,36.864223455641095,36.36821827150701,36.72022234434748,12716900
2018-10-19,37.06422805786133,37.19222871832602,36.66422561243711,36.66422561243711,13989200
2018-10-22,36.77621078491211,37.168211312291454,36.648210176738715,37.09621077945797,14283600
2018-10-23,37.088226318359375,37.1682255847715,36.36022200761403,36.49622137086992,17483900
2018-10-24,37.38422393798828,37.91222698392008,36.992223294980796,37.06422384905223,21626000
2018-10-25,37.20822525024414,37.3922290563491,36.896223838479344,37.320228495805196,14220200
2018-10-26,36.7362174987793,37.184221267706846,36.34421687127169,37.096220254901795,21458000
2018-10-29,37.1682243347168,37.248226650214654,36.84022247061633,36.92022478611418,20932200
2018-10-30,38.10422134399414,38.192222341491835,36.83221386147172,37.296214959493014,20895400
2018-10-31,38.30423355102539,38.464235133379525,37.77623046550019,38.00023084973017,25309400
2018-11-01,38.192222595214844,38.52022437330088,37.84021860288559,38.24822267548986,16494500
2018-11-02,38.40023422241211,38.40023422241211,37.952230391177785,38.25623309993595,17584900
2018-11-05,38.95222473144531,39.02422527094717,38.336220793879505,38.40022262978138,16543500
2018-11-06,39.28822326660156,39.30422372354084,38.88021924408801,38.92022191232374,14373400
2018-11-07,39.49624252319336,39.640243654675665,39.2242407250353,39.512242987999905,12239700
2018-11-08,39.464229583740234,39.49622744936465,39.28022583457872,39.29622629327866,9762800
2018-11-09,39.744232177734375,39.91223242570385,39.48823092794024,39.51223009142856,12398100
2018-11-12,39.896236419677734,40.192240377362374,39.63223643650944,39.68823652541714,13918300
2018-11-13,39.88823699951172,40.00023717531847,39.66423664789823,39.84823737269158,13872900
2018-11-14,39.8082275390625,39.95222861115332,39.67222822196304,39.880228075107915,12106800
2018-11-15,39.792240142822266,39.80023884805043,39.416236909799956,39.72823829389245,12080100
2018-11-16,40.136234283447266,40.200236124218776,39.70423406534254,39.728233229743985,13405800
2018-11-19,40.408241271972656,40.60824247279801,40.20024136589579,40.24824275273328,13575800
2018-11-20,39.50423812866211,40.67224441163236,39.36823572487727,40.656243949317904,16255300
2018-11-21,38.984230041503906,39.55223266613658,38.87222986783277,39.38423240562988,13559200
2018-11-23,39.21623229980469,39.384232560974034,38.840229099474925,39.000230656111576,4792500
2018-11-26,39.096229553222656,39.38423173880122,38.93622799992614,39.20822972499747,9341900
2018-11-27,39.49624252319336,39.52824345280645,38.98423985649033,39.104241816651125,9180700
2018-11-28,39.76823425292969,39.77623600919541,39.36823188936747,39.36823188936747,11368700
2018-11-29,39.494075775146484,39.856925191163306,39.48601382186051,39.7359743605219,11564300
2018-11-30,40.63908004760742,40.71164995424598,39.50215356087562,39.510215516765065,25538200
2018-12-03,40.06657791137695,40.284287604998894,39.42151386133491,40.21171770712492,14877200
2018-12-04,39.97788619995117,40.72777108275924,39.913378253610425,40.29235474859188,19059900
2018-12-06,39.816619873046875,40.01820259384372,39.23606065286133,39.921440673207314,17674900
2018-12-07,39.582786560058594,40.058521944815105,39.413457798342336,39.96982504794226,15565700
2018-12-10,39.703731536865234,39.87306027343463,39.08285642686942,39.87306027343463,12331100
2018-12-11,39.94562911987305,40.32460250947038,39.655349535733514,39.98594504524622,18083600
2018-12-12,39.68760681152344,40.33267089893803,39.66341479355851,40.27622798353351,12316900
2018-12-13,39.88919448852539,40.00208033336391,39.163495377551264,39.28444625468315,13766200
2018-12-14,39.78436279296875,39.929502586682,39.526337176569186,39.695665910598656,13835900
2018-12-17,38.969966888427734,39.93756133426871,38.72000324690444,39.78435959805569,18482700
2018-12-18,38.96190643310547,39.373136889189766,38.58292994924506,39.19574311786649,14765700
2018-12-19,38.62324523925781,39.31668711995559,38.3974705313046,38.89739782498774,17903800
2018-12-20,38.33297348022461,38.80870885605404,37.97818589939074,38.55068320230673,21130000
2018-12-21,38.357154846191406,39.30862540987748,38.083002258758,38.10719119779666,32477700
2018-12-24,37.058963775634766,38.599055519906074,36.95414298361312,38.397472814761095,10733700
2018-12-26,37.84916687011719,37.86529385532219,36.817064424260124,36.99445818560727,14342600
2018-12-27,38.32490158081055,38.34102856576847,37.11540539213704,37.68790259246581,16966500
2018-12-28,38.05881881713867,38.71194487278589,37.92174096566781,38.61518602674709,13218200
2018-12-31,38.179771423339844,38.3329762811337,37.865302827102035,38.292660346522716,10576300
2019-01-02,37.841102600097656,38.074939257400686,37.542761081829354,37.849164554252916,11603700
2019-01-03,37.607276916503906,38.19589817064345,37.51858001537586,37.75241674091186,14714400
2019-01-04,38.357154846191406,38.357154846191406,37.607266976914964,37.69596385460045,13013700
2019-01-07,37.85722732543945,38.50229127614093,37.81691140525327,38.35715150274466,13135500
2019-01-08,38.28458786010742,38.357157758641414,37.929803398334585,38.09913213627789,15420700
2019-01-09,37.55082321166992,38.12331731251148,37.43793739752176,37.962053621389956,18032500
2019-01-10,37.95399475097656,37.97012173788757,37.365373570311895,37.62339920907152,15976600
2019-01-11,38.17170333862305,38.18783032506011,37.87336177930768,38.13138741048445,11088600
2019-01-14,38.018497467041016,38.22008016182722,37.88948466541416,38.099129314592375,11514300
2019-01-15,38.357154846191406,38.381343785230065,37.74434480858557,37.808849671324595,11342900
2019-01-16,37.83304214477539,38.27652657463371,37.78466426217855,38.220083660998675,16907800
2019-01-17,37.94593048095703,38.01043534875833,37.80079068351903,37.83304157946566,12044600
2019-01-18,38.389408111572266,38.45391297312847,37.99430468437493,38.09912854479998,12760700
2019-01-22,38.47810745239258,38.53455036333518,38.066877014487396,38.46198046699356,11700400
2019-01-23,38.92158889770508,38.93771588315072,38.42166465252198,38.55873941494801,12058300
2019-01-24,38.453914642333984,38.7925751769048,38.20395406358028,38.7925751769048,10272000
2019-01-25,38.19588851928711,38.72806671567569,38.0910677316298,38.60711894316929,12066500
2019-01-28,38.03462600708008,38.139449882386884,37.849170274403846,38.07494501167299,9966900
2019-01-29,38.2200813293457,38.405537045105234,38.00237164321724,38.05881455340892,11998600
2019-01-30,38.59099197387695,38.615180913206416,38.05074874689212,38.09912970145889,12952500
2019-01-31,38.80870056152344,39.332813712969745,38.276522379922774,38.58292585581775,32181500
2019-02-01,39.268314361572266,39.33281923231995,39.02641571342912,39.09092058417679,19130100
2019-02-04,39.7117919921875,39.873058767743444,39.1392978610764,39.26831066633957,15105700
2019-02-05,39.7198600769043,39.88919190912093,39.590847251730146,39.77630607158209,12651900
2019-02-06,39.7198600769043,39.80049501508088,39.52634237709726,39.679544145770194,8689100
2019-02-07,39.84886932373047,39.88112329610476,39.51021184152472,39.6472866102533,10047800
2019-02-08,39.91337966918945,39.91337966918945,39.598911109395715,39.80855579062211,9813300
2019-02-11,40.00206756591797,40.21977722972389,39.89724371092084,39.96981359885614,9369300
2019-02-12,40.042388916015625,40.15527474013025,39.88112213474843,40.0665778566379,10983300
2019-02-13,40.147212982177734,40.26816076179046,39.961757259378466,40.002073185916046,12748800
2019-02-14,36.7606201171875,37.86529241653843,36.6880502244764,37.655647768655136,58905400
2019-02-15,36.47841262817383,37.30086747000993,36.44615865275442,37.01059091896045,35701600
2019-02-19,36.14781951904297,36.76062971398985,36.099438552635874,36.54291997902082,25511300
2019-02-20,36.365509033203125,36.47839790159705,36.12361046703046,36.21230732567211,27464000
2019-02-21,36.97833251953125,37.018648446027996,36.252633538957674,36.28488751051828,23121200
2019-02-22,36.510658264160156,37.05090150887217,36.44615339852902,36.89769668567082,24728400
2019-02-25,36.23650360107422,36.74449284609103,36.15587175464961,36.63966898501281,23774400
2019-02-26,36.03492736816406,36.397776893929105,36.0107384250825,36.365522919214804,20463200
2019-02-27,36.23650360107422,36.301011538940124,35.817211232669145,35.96235101695966,17827500
2019-02-28,36.55904006958008,36.77674976346996,36.373584347209,36.38164630213468,22533900
2019-03-01,36.59130096435547,36.80094566707746,36.4461611409677,36.66387087604935,16291600
2019-03-04,36.808998107910156,36.825122015296635,36.526780514125946,36.712236208145974,15973800
2019-03-05,36.76868438720703,36.8493193152465,36.60742068294408,36.80900338918076,13062300
2019-03-06,36.647743225097656,36.92189587810917,36.639678192883714,36.82513394699318,14232100
2019-03-07,36.510658264160156,36.712240967607876,36.38971048763629,36.67999007274628,12084000
2019-03-08,36.155879974365234,36.486475541316516,35.97042422470071,36.40584367656097,15579100
2019-03-11,37.23636245727539,37.28474342022545,36.36552357962458,36.397777554924616,22126900
2019-03-12,37.13153076171875,37.29279752837435,37.01058299365785,37.05089891634482,19348500
2019-03-13,37.268611907958984,37.36537074620366,37.01864824359321,37.19604201029847,16222500
2019-03-14,37.1710090637207,37.50449063461465,37.11407341279444,37.28488036557323,18504100
2019-03-15,36.84565734863281,37.3336811701456,36.71551828344808,37.18727433396777,47254500
2019-03-18,36.93512725830078,37.15473750496034,36.89445938360678,36.951395028730374,24006400
2019-03-19,37.0571403503418,37.162876222156164,36.87819794763982,37.04900491234962,14987000
2019-03-20,37.03273010253906,37.33367919585643,36.7480518821144,36.92699425081556,13376100
2019-03-21,37.016475677490234,37.2198182233192,36.959540012879,37.032743453487875,20043000
2019-03-22,37.358089447021484,37.50449631522458,36.97580450196221,36.97580450196221,19055900
2019-03-25,37.439414978027344,37.57768947251951,37.24420794231591,37.30114358629507,11668200
2019-03-26,37.935577392578125,38.05758413718471,37.553292488720544,37.553292488720544,11434900
2019-03-27,37.91117477416992,38.15518514446359,37.68343217559719,37.943710317611796,11543600
2019-03-28,37.88677215576172,38.163314948399986,37.80543330255047,37.96810790621297,11121100
2019-03-29,38.11450958251953,38.15517745224299,37.80542818765403,37.95996733370699,16045600
2019-04-01,38.00063705444336,38.36665097265749,37.89489811443777,38.220247267027524,11522700
2019-04-02,37.87863540649414,38.171449062388106,37.87863540649414,38.02504223444112,8495000
2019-04-03,37.561424255371094,37.89490580824059,37.44755295967323,37.75663130435025,12854500
2019-04-04,37.80542755126953,37.85423085577191,37.50448159707033,37.691556276856836,7814900
2019-04-05,37.79729461669922,37.88676578881579,37.577684404074766,37.813562384607636,7677600
2019-04-08,37.862369537353516,37.878637308248805,37.63462695033955,37.85423720328589,9421300
2019-04-09,37.9599723815918,38.00064335948322,37.63462627778032,37.78103311046148,8641800
2019-04-10,37.935577392578125,38.22839109742561,37.87050940414558,38.09825201780011,8059900
2019-04-11,37.992496490478516,38.02503202189739,37.85422513608687,38.000631924712756,7352400
2019-04-12,38.016910552978516,38.171449717236015,37.878636056318705,37.959971805346875,10690000
2019-04-15,38.228389739990234,38.260925284431416,37.98437936220193,38.13078620942697,10261300
2019-04-16,38.187713623046875,38.30971723424253,37.98437116829451,38.269049363843976,10804600
2019-04-17,38.45613098144531,38.675741244492876,38.35039511990255,38.39106299763132,11849300
2019-04-18,38.618804931640625,38.70014378846093,38.4479979864582,38.49680130055037,12167000
2019-04-22,38.553733825683594,38.724540757028855,38.24465240032559,38.553733825683594,9834700
2019-04-23,39.212562561035156,39.62738295209465,38.67573854530402,39.11495904074585,25327800
2019-04-24,39.025482177734375,39.22882462536915,38.9766788733086,39.066150046709424,15997300
2019-04-25,38.9116096496582,38.95227751732282,38.61066370562873,38.83027391432897,11444400
2019-04-26,39.25322341918945,39.40776566001218,39.025480878304684,39.033616313484515,10154300
2019-04-29,39.38337707519531,39.40778028703316,39.13123434070182,39.1800345588564,9731500
2019-04-30,39.903934478759766,40.00153801282851,39.35897494945841,39.47284625633202,17912900
2019-05-01,39.52164840698242,39.920201072024234,39.489112862334046,39.814462103297174,10551200
2019-05-02,39.35897445678711,39.668055930689725,39.2613709239401,39.472845762235345,8724600
2019-05-03,39.627384185791016,39.8225912324469,39.46470957840441,39.529777559703014,7076900
2019-05-06,39.42404556274414,39.537916868237296,39.25323550174404,39.310174257250985,8657800
2019-05-07,39.041751861572266,39.27762985706492,38.85467717290006,39.22882655024448,12487500
2019-05-08,38.91975402832031,39.22883550320359,38.895353920721234,39.082428652088375,9281400
2019-05-09,38.553733825683594,39.02548674598382,38.28532027406115,38.87907991832792,11450500
2019-05-10,39.19630432128906,39.285775529459585,38.553744295153066,38.5618766310046,9653800
2019-05-13,39.082420349121094,39.14749142590827,38.82214224749181,38.96854906750325,11911500
2019-05-14,39.60298156738281,40.115405502312086,39.32643566153718,39.472842500088404,16844200
2019-05-15,40.00153350830078,40.16420811527036,39.52977745836501,39.58671310539035,11422500
2019-05-16,40.326881408691406,40.391949387703775,40.025932309634335,40.07473562096358,17771300
2019-05-17,40.01780700683594,40.30248528270734,39.993403795503745,40.074742662010216,11257000
2019-05-20,39.73312759399414,39.969005664392185,39.65992416189684,39.88766989662214,13850500
2019-05-21,39.5297737121582,39.879522998031305,39.40777009556325,39.855122895264266,10587400
2019-05-22,40.383819580078125,40.43261979170012,39.627385272335744,39.67618548395774,16050400
2019-05-23,40.5464973449707,40.587168331277574,40.22928350944512,40.26181905738636,12199400
2019-05-24,40.35127639770508,40.579018949517724,40.28620532418172,40.522083311564565,6887600
2019-05-28,39.936458587646484,40.40007915617495,39.87952294609104,40.343143514619506,18614000
2019-05-29,39.53791046142578,39.87952432254938,39.37523586446984,39.64364941486112,12534600
2019-05-30,40.058475494384766,40.10727881502654,39.58671936979588,39.627390355044305,9087200
2019-05-31,39.96086883544922,40.10727568318158,39.676187474742825,39.85512986702911,11368600
2019-06-03,40.65223693847656,40.65223693847656,39.87140239265542,39.985273709409256,14167200
2019-06-04,40.66849899291992,40.896241594397,40.359417531800865,40.66849899291992,12010600
2019-06-05,41.302921295166016,41.595734946859615,40.416348006542556,40.67662611854579,15837600
2019-06-06,41.807220458984375,41.92109176585989,41.148389622798355,41.408667782159654,15190400
2019-06-07,41.88041687011719,42.449773309125675,41.847881329956735,41.86414910003696,15293600
2019-06-10,41.790950775146484,41.921089848876086,41.555072734399005,41.921089848876086,9737400
2019-06-11,41.750282287597656,41.96175711578957,41.628275550297566,41.8478858157816,9915600
2019-06-12,42.0024299621582,42.40911499758229,41.864158539439096,41.888558648681155,11088100
2019-06-13,41.91225051879883,42.37949029008859,41.62534687505422,42.18275627360711,10353600
2019-06-14,42.05979919433594,42.24013531735732,41.84667042124562,41.84667042124562,8694300
2019-06-17,41.69913101196289,42.19916041834222,41.48600531311983,42.010625304409025,12322400
2019-06-18,41.51060104370117,42.0516158676553,41.420431385211785,42.01063051206436,9221100
2019-06-19,41.904052734375,42.00242130882947,41.37123702749536,41.428617132436536,9414100
2019-06-20,42.34671401977539,42.453278442346075,42.09259982040901,42.21555901006612,10656600
2019-06-21,42.256534576416016,42.535239298364644,42.14177436037506,42.240139813127115,21264400
2019-06-24,42.55982208251953,42.78934559953233,42.379485973343286,42.4122754939138,10780000
2019-06-25,42.42866516113281,42.70736981910581,42.330299730960185,42.625399148458726,11519900
2019-06-26,41.904052734375,42.33030717606743,41.87946215425198,42.23194172859416,12405100
2019-06-27,41.87126922607422,42.13357918875908,41.78109959009228,42.04340955277714,12374900
2019-06-28,41.7401008605957,42.13356883491412,41.41221505130454,42.02700446157869,16339900
2019-07-01,42.297515869140625,42.322109575208636,41.625346273594744,41.86306562803882,14976400
2019-07-02,42.60901641845703,42.66639652950587,42.256536806596145,42.44507190389684,8569200
2019-07-03,42.70738983154297,42.89592809094437,42.62541912248488,42.62541912248488,7253700
2019-07-05,42.7155876159668,42.72378343585668,42.199163407407426,42.53524830856911,8916300
2019-07-08,42.62540054321289,42.89590939376481,42.53523092636225,42.78934501685217,9495100
2019-07-09,42.28932571411133,42.600819974504915,42.15817072978479,42.395890116058354,10584900
2019-07-10,42.477867126464844,42.60082631061334,42.34671212263135,42.461472360112914,7620900
2019-07-11,42.65819549560547,42.67459025775525,42.34670126872197,42.617210153721594,10376500
2019-07-12,42.723777770996094,42.863131706503005,42.551637433294864,42.830342177327076,7347400
2019-07-15,42.73197555541992,42.86313054157754,42.518846748550345,42.85493159601558,5876100
2019-07-16,42.74017333984375,43.01068227016305,42.46966753650611,42.592623582757156,7132500
2019-07-17,42.772953033447266,42.838528950971465,42.63359912736429,42.80574255569984,8264200
2019-07-18,42.64999771118164,42.764757922370585,42.35489823842079,42.65819665597012,11911800
2019-07-19,42.1253776550293,42.74836612336126,42.10898289249622,42.74016717860411,10355500
2019-07-22,41.986026763916016,42.23194194736367,41.9122518961836,42.23194194736367,12090700
2019-07-23,44.53535842895508,44.78946945267646,43.24839603847545,43.65005993771785,33417900
2019-07-24,44.084510803222656,44.937019777499096,43.95335581694793,44.36321553992912,15633400
2019-07-25,43.502506256103516,44.100901014643256,43.215605730427335,43.9615502241666,19135000
2019-07-26,44.40420913696289,44.5189725073847,43.600884305902866,43.72384349643519,11451900
2019-07-29,44.256649017333984,44.510760014192606,44.18287415086315,44.404195623294484,12283900
2019-07-30,44.03532409667969,44.510759689482455,43.91236494446492,44.232054987845956,8127100
2019-07-31,43.14183807373047,43.863188980851874,42.658203444624526,43.863188980851874,16865500
2019-08-01,42.64999771118164,43.6090709976544,42.633602948585896,43.26478723710633,19527200
2019-08-02,42.89590835571289,43.22379416807608,42.55162465670377,42.55162465670377,13102300
2019-08-05,42.3385124206543,43.166427720127196,42.13358255051944,42.94510308514375,19986500
2019-08-06,42.84672927856445,43.248389994694975,42.30571465185116,42.51884029941292,19903100
2019-08-07,43.592674255371094,43.76481456433705,42.436870124200816,42.84672978953753,17937000
2019-08-08,44.0107307434082,44.084505609933174,43.32216636483553,43.617265830935416,10799000
2019-08-09,43.7894172668457,44.18288540624506,43.51071561915926,44.09271575459029,9260900
2019-08-12,43.609073638916016,43.80580454801778,43.43693331170661,43.67464956628946,6588600
2019-08-13,43.8549919128418,43.94516155540956,43.33856776803292,43.36316147863062,8581200
2019-08-14,43.43693542480469,44.240260117843064,43.4205406604184,43.723835984110686,17088900
2019-08-15,44.158287048339844,44.26485145517568,43.633667086965936,43.797611606640686,12393200
2019-08-16,44.60093307495117,44.66651212885211,44.223862895964956,44.24845347768711,14288700
2019-08-19,44.8304557800293,44.9042306559134,44.51896463916891,44.62552591668251,10936200
2019-08-20,44.166481018066406,44.82225589589972,44.13369149242942,44.77307160744425,8176700
2019-08-21,44.34681701660156,44.60093114902262,44.14188717248236,44.46977617386558,10886500
2019-08-22,44.666507720947266,44.789463744405545,44.34681455520113,44.36320931705845,7467900
2019-08-23,44.05173110961914,44.84685696692851,43.764827383656744,44.60913754092647,14160400
2019-08-26,44.707496643066406,44.707496643066406,44.04352280607702,44.264847418406816,9226900
2019-08-27,44.85504150390625,45.043576569380384,44.60092739288581,44.83864674251967,13537000
2019-08-28,45.174739837646484,45.207529366447105,44.60913141027127,44.80586545609343,10046400
2019-08-29,45.12554931640625,45.363268676929366,44.75667498576368,45.29768962837907,9262800
2019-08-30,45.11735534667969,45.264905084979844,44.928820264847545,45.2157207965527,8746700
2019-09-03,45.330482482910156,45.35507619141389,44.97800288850984,45.06817252340035,12991400
2019-09-04,45.71574401855469,45.83870003274627,45.33047496139654,45.371460299460395,10718100
2019-09-05,45.18293380737305,45.715752684143546,45.109158934081464,45.699357920414144,13677000
2019-09-06,45.27310562133789,45.445245958301754,44.887836472625004,45.445245958301754,9093500
2019-09-09,44.69110870361328,45.150152761533086,44.559953705205025,45.10916428385778,10814900
2019-09-10,44.592735290527344,44.62552168905081,44.141887132290606,44.45338137062292,12038200
2019-09-11,44.89603042602539,44.92062100657677,44.240255553144664,44.50256550229695,9740400
2019-09-12,45.174739837646484,45.33868435466802,45.06817543253525,45.16654089195554,12357900
2019-09-13,44.80317306518555,45.24080297079306,44.646288774401995,44.98483088071486,11486100
2019-09-16,44.55546188354492,44.869233629159844,44.28297829776055,44.67106117144401,11172000
2019-09-17,44.78665542602539,45.16648248824952,44.55545374262671,44.67105300940416,11347400
2019-09-18,44.77839279174805,44.82793668044339,44.43985076027195,44.75362242232213,9700400
2019-09-19,45.017845153808594,45.08390051482753,44.695817787963755,44.77838777669822,7560300
2019-09-20,44.51416015625,45.15821488972386,44.50590441729095,45.15821488972386,19211500
2019-09-23,44.70407485961914,44.88573262006234,44.48939099260347,44.51416135999363,6485300
2019-09-24,44.83619689941406,45.09216895847955,44.62151299330779,44.79491189629868,10093000
2019-09-25,44.728851318359375,44.984823365675595,44.58848168424136,44.951794104761824,10248400
2019-09-26,44.91050338745117,45.067390781901544,44.69581951852341,44.97656190087097,10031200
2019-09-27,44.844451904296875,45.116935421123515,44.588479867410655,45.050880051831186,7939900
2019-09-30,44.95179748535156,45.14996991589403,44.71234320032781,44.71234320032781,9808700
2019-10-01,45.12520217895508,45.232542566501394,44.59674338325672,45.02611438297432,14261500
2019-10-02,43.828826904296875,44.95179340940082,43.68019838232771,44.761879886849925,14343600
2019-10-03,44.45637512207031,44.5719744044892,43.61414772893302,44.17563265769122,13817500
2019-10-04,45.03436279296875,45.03436279296875,44.49764838077518,44.588477264362716,9295400
2019-10-07,44.481143951416016,44.88574457566842,44.39857393822692,44.86097420168051,5964900
2019-10-08,44.24168014526367,44.64627753272008,44.13433663131173,44.489393281439106,13301900
2019-10-09,44.448116302490234,44.64628558724443,44.20865886272192,44.638029846148,7135000
2019-10-10,44.307735443115234,44.489393212623156,44.06002230732297,44.21690655836127,8942900
2019-10-11,44.01047897338867,44.34076525849196,43.927908977034576,44.299480260314915,8981700
2019-10-14,44.01047897338867,44.324250629252454,43.944423606274086,44.167366376242285,7306300
2019-10-15,44.18388748168945,44.32426028588566,43.98571818732841,44.11783210018382,9564300
2019-10-16,44.1673698425293,44.23342521482796,43.87011279257608,44.142596321804064,10454800
2019-10-17,44.41508483886719,44.68756837937112,44.241685935833424,44.33251168277218,13190300
2019-10-18,45.23252868652344,45.736213803744576,44.96004520580047,45.41418644023418,18122400
2019-10-21,44.77839279174805,45.05087945480719,44.32425150315966,44.96005056712081,12778900
2019-10-22,44.46461868286133,44.93527457511518,44.373792950016494,44.77839032764501,9533400
2019-10-23,45.11693572998047,45.13345035987749,44.59673591267668,44.63802406234104,8556600
2019-10-24,45.0921630859375,45.26556196634593,44.993078461396024,45.0591338278092,11051400
2019-10-25,44.38205337524414,45.05088173214503,44.31599485364439,45.04262284202323,9782400
2019-10-28,44.233428955078125,44.54720066209856,44.0682857856019,44.373801751578306,8866100
2019-10-29,44.101314544677734,44.307742716699224,43.97745638152726,44.08479991293474,7999700
2019-10-30,44.5389289855957,44.629757860225936,43.894874274353036,44.19213126410906,8620900
2019-10-31,44.943538665771484,44.9765679269067,44.46462382884201,44.55545272204199,13982000
2019-11-01,44.50590896606445,45.19950765371212,44.46462081751978,45.10867876666343,9889500
2019-11-04,43.87836456298828,44.58847786255202,43.73799494090139,44.55544860446919,17515100
2019-11-05,43.28384780883789,43.671933692422186,43.03613468840156,43.671933692422186,19284000
2019-11-06,43.597625732421875,43.597625732421875,43.27559831440193,43.374682946905686,13288900
2019-11-07,43.176513671875,43.76276887633129,42.90402699524835,43.66368424385055,11725500
2019-11-08,43.11045837402344,43.43248581604907,43.01137373413337,43.31688654453668,7141800
2019-11-11,42.80494689941406,43.2425736266089,42.755403003000986,43.20954751217752,8198300
2019-11-12,42.697601318359375,42.86274448197472,42.59026093937668,42.86274448197472,12656900
2019-11-13,43.275596618652344,43.308625878140575,42.90402532401867,43.08568310136037,12257900
2019-11-14,43.457252502441406,43.490278610647046,43.226050845941465,43.37467935731878,8660300
2019-11-15,43.49027633666992,43.49853522567206,43.25082210294319,43.46550596935001,8982400
2019-11-18,43.78754425048828,44.126086337505264,43.49028716923551,43.49854606029477,13782000
2019-11-19,43.828826904296875,44.01874042684777,43.65542486210376,43.88662653508003,12679500
2019-11-20,43.94442367553711,44.09305218908351,43.77102164317068,43.84533589994387,11970300
2019-11-21,43.729736328125,44.04350798221019,43.58110781565535,43.853594471797514,7856100
2019-11-22,43.78754425048828,43.91965815884018,43.55634569833347,43.72974461244958,9113300
2019-11-25,43.94442367553711,44.084793299529004,43.57285239167112,43.99396441349027,10963500
2019-11-26,44.50590896606445,44.5389350751193,43.94442416416665,44.018738421766166,13219800
2019-11-27,44.54719543457031,44.67105043476036,44.25819413443968,44.53068080457626,9595200
2019-11-29,44.42241668701172,44.69693558157415,44.27267795420601,44.67198018389721,7222300
2019-12-02,44.71357345581055,44.71357345581055,43.96487979371329,44.355864614294305,13173800
2019-12-03,44.755165100097656,44.788441077866594,44.422414842523985,44.6802957368035,14498300
2019-12-04,45.16279983520508,45.179437828488574,44.68862813343022,44.75517693319144,13624000
2019-12-05,45.07959747314453,45.162787416687046,44.78012319650709,45.096235461853034,14068100
2019-12-06,45.27093505859375,45.33748702147698,45.06296493464202,45.17943086968768,7843500
2019-12-09,44.97978210449219,45.3458084123773,44.9381887107236,45.17111425452572,13887200
2019-12-10,44.7302131652832,44.97977667112102,44.696937184938925,44.954821272548884,8993900
2019-12-11,44.879947662353516,45.04632437498036,44.63870158771319,44.87162708136766,8879100
2019-12-12,45.03800582885742,45.29588990374908,44.871629108713506,44.92986048475808,11233300
2019-12-13,45.27093505859375,45.37908041159288,44.78844602117931,44.8716328014111,13072200
2019-12-16,45.27093505859375,45.612009108311945,45.22934166847786,45.495543173266284,9538100
2019-12-17,45.27093505859375,45.40403898436022,45.162792878966876,45.2543002412452,9230000
2019-12-18,44.84666442871094,45.54544396997973,44.83002644280319,45.362429298365825,15132100
2019-12-19,45.187747955322266,45.20438594592413,44.8549944900294,44.954822433640594,13385900
2019-12-20,45.72846984863281,45.91980197340621,45.31252961911531,45.703511276968726,23832800
2019-12-23,45.678558349609375,45.953080439159514,45.62032696819673,45.753427721907386,9300800
2019-12-24,45.512184143066406,45.75343026425094,45.45395275841807,45.58705351952462,3359300
2019-12-26,45.770057678222656,45.770057678222656,45.57872557668618,45.68686773839915,6228500
2019-12-27,46.04458999633789,46.12777996046209,45.75343305533482,45.76175046506091,6895500
2019-12-30,45.97803497314453,46.07785974320499,45.803340832195666,45.90316560225613,6431700
2019-12-31,46.04458999633789,46.069548572261475,45.73679506250998,45.919809810210566,7982600
2020-01-02,45.74510955810547,46.111135831425266,45.553774252767965,46.019628469752256,11867700
2020-01-03,45.495540618896484,45.74510729232431,44.99641361878497,45.18774574127345,11354500
2020-01-06,45.47889709472656,45.678549774498435,45.35411694656938,45.46226228033629,14698300
2020-01-07,45.129512786865234,45.42066966452848,45.046326014210585,45.295889505546505,9973900
2020-01-08,45.21269989013672,45.45394597532007,45.046326343610815,45.146151106200755,10676000
2020-01-09,46.0362548828125,46.08616884209201,45.62031474226428,45.75341546030485,15398000
2020-01-10,46.194313049316406,46.527066445910094,46.12776427402061,46.15271966808509,13040100
2020-01-13,46.693450927734375,46.77663770406376,46.10281339165614,46.19432074964173,14302900
2020-01-14,46.58530807495117,46.82655418194865,46.44388991294233,46.78496079155619,16345300
2020-01-15,47.16762161254883,47.4005471204173,46.5853046695056,46.5853046695056,17735400
2020-01-16,47.26744842529297,47.37559377579232,47.092754286820906,47.29240382411121,10234100
2020-01-17,47.367271423339844,47.54196872865386,47.25080866871187,47.309040046025856,14264300
2020-01-21,47.55859375,47.62514569515036,47.0594668548579,47.29239231614136,11968900
2020-01-22,47.92463684082031,47.949592240720314,47.56692796651615,47.62515934853103,12869600
2020-01-23,48.107643127441406,48.12427794220755,47.61683358417432,47.73329632776791,12858900
2020-01-24,47.98285675048828,48.14091286768543,47.79984206598622,48.12427488060601,8594300
2020-01-27,47.81648254394531,48.124277387519484,47.525325688317274,47.59187446673008,14359900
2020-01-28,47.425506591796875,48.0410995669472,47.39223378308056,47.79153604802713,15240200
2020-01-29,47.425506591796875,47.63347671979231,47.13434968195218,47.417189182960875,13163600
2020-01-30,48.964481353759766,49.064306114239116,48.04941100035465,48.19083231995799,20225600
2020-01-31,48.58182144165039,49.147500423553815,48.373851321049784,49.05599306274999,17685200
2020-02-03,48.7315559387207,49.0559887908659,48.68164197170916,48.87297408519551,12333600
2020-02-04,48.947845458984375,49.455293037637404,48.76483074579881,48.87297609207865,15417900
2020-02-05,48.95616149902344,49.14749678839154,48.69828059951089,48.99775805876466,11414900
2020-02-06,49.072635650634766,49.36379257740413,48.94785229723503,49.06431506794278,9347000
2020-02-07,49.23899841308594,49.347143750729806,48.9561589577363,48.98111752695984,8757800
2020-02-10,49.704856872558594,49.77972623997097,49.32219262728292,49.347148025296356,7984900
2020-02-11,49.57175827026367,49.746452410652985,49.347150158317895,49.67990362194991,7431200
2020-02-12,49.42201614379883,49.72149360588045,49.34714677827842,49.480247519940036,9179100
2020-02-13,49.58839797973633,49.77973011727688,49.2556445045696,49.39706584219577,8173200
2020-02-14,49.87123489379883,49.97105966182001,49.59671281502538,49.605033396827565,9965500
2020-02-18,49.521846771240234,49.854600251486005,49.45529797921451,49.754775476761225,10075700
2020-02-19,49.72148895263672,49.912821052533495,49.47192548204839,49.50519828432092,6265700
2020-02-20,49.67990493774414,49.79636770108824,49.172457320282845,49.646628955825165,7597200
2020-02-21,50.02096939086914,50.02096939086914,49.438652475608905,49.50520125752248,10842400
2020-02-24,48.78978729248047,49.74644785949911,48.72323533649382,49.172451519287925,14415500
2020-02-25,48.09933090209961,49.24732689606132,47.93295416519073,48.83138664047528,15915100
2020-02-26,47.91632080078125,48.64005920021046,47.81649601834614,48.2324363140938,15837800
2020-02-27,45.695194244384766,48.15755966176552,45.65360085576544,47.5419698941064,23754000
2020-02-28,44.497283935546875,44.830034191099465,42.90839250050768,44.78012339812111,40890600
2020-03-02,46.51875686645508,46.55203284865791,44.671984281410566,44.86331641901835,25698600
2020-03-03,46.63521194458008,47.824801057655975,46.28582055955511,47.217525630669044,27099200
2020-03-04,49.01438522338867,49.08093716988818,46.92636708922433,46.92636708922433,20526100
2020-03-05,47.200897216796875,48.390483317797504,46.7433604394443,48.08268844579197,17948500
2020-03-06,45.96971130371094,46.51043485418526,44.904905365588945,45.70350981918044,22353900
2020-03-09,43.14132308959961,44.57215856016549,42.825207612140865,43.29937924164285,27898300
2020-03-10,44.63869857788086,44.755161316855414,42.567315150755164,44.27267237347916,27457400
2020-03-11,43.43247985839844,43.7985093069549,42.54236798310889,43.548942619894675,22653900
2020-03-12,39.231475830078125,41.53578470114832,38.84049106354332,40.37947156214799,31913100
2020-03-13,40.67486572265625,41.58956778016827,39.11399769780063,41.54760641510226,33697200
2020-03-16,37.981109619140625,40.179753348940274,34.548879175070205,35.44680056471076,28682300
2020-03-17,39.59231948852539,39.86085552226342,38.07340994671799,38.501391451314376,32106700
2020-03-18,37.63704299926758,37.88879836477635,34.90133059838796,37.54473632661047,35408300
2020-03-19,35.10273361206055,37.47760002712973,34.439783803857274,37.22584786740261,41956900
2020-03-20,32.14043426513672,35.30412758905304,31.477484578434503,35.20342738385834,51513500
2020-03-23,31.519454956054688,32.635557486285954,30.436917036363692,32.5264636987226,44978500
2020-03-24,33.10550308227539,34.74189737934666,32.585214713363605,34.59084540108142,49096200
2020-03-25,34.91811752319336,36.46220165268924,33.491517533789114,34.0957253413492,42511700
2020-03-26,37.167110443115234,37.9895026415252,35.623026282516186,35.95030445113617,37821700
2020-03-27,35.92512130737305,36.94891372502023,35.581059317609274,36.63841953942902,23297900
2020-03-30,37.76293182373047,38.23287168330345,36.118147117030134,36.118147117030134,23446000
2020-03-31,37.133541107177734,38.190901547124135,36.97409880626914,37.82166522866086,25373900
2020-04-01,35.346099853515625,36.63004158748648,35.077563731645284,35.64820379092053,21936400
2020-04-02,36.88179016113281,37.083190632054574,35.127911987608826,35.43001589519424,17621900
2020-04-03,36.781089782714844,37.20906818266225,36.34471782914338,36.5712957589518,14207100
2020-04-06,39.164344787597656,39.44966477316064,37.50277658974355,38.09020046604411,22850000
2020-04-07,39.03006362915039,40.7839411153741,39.00488938045101,40.700024818908496,21279600
2020-04-08,40.1294059753418,40.355983935447874,38.87903521918993,39.13917779467221,18937100
2020-04-09,41.119632720947266,41.73223094672721,40.57416692478,40.64969290884619,19165300
2020-04-13,39.38253402709961,40.817524367875855,39.021688053519235,40.574162534307185,19586000
2020-04-14,41.052494049072266,41.32942370386844,39.38253537127483,40.23010183971831,21801900
2020-04-15,39.953163146972656,40.6161128436685,39.78532733498358,40.03707945236627,12893200
2020-04-16,39.52519989013672,40.15458207438223,39.23987983856396,39.77695532479759,17606800
2020-04-17,40.33079147338867,40.53219187957191,39.75175810290796,40.53219187957191,19844600
2020-04-20,39.04686737060547,40.280457402956,38.86225078432672,40.10423117010682,18957900
2020-04-21,38.081809997558594,39.35735797610258,37.14193051787192,38.50139802203217,26863700
2020-04-22,38.333560943603516,38.727974698354515,38.18250900353728,38.644055175427454,15811600
2020-04-23,37.8216667175293,38.68601707949529,37.73775038768508,38.560142584728965,17668200
2020-04-24,38.123775482177734,38.39231161332221,37.86362970460514,38.18251756079039,15175000
2020-04-27,39.256656646728516,39.42449250574253,38.3587384823867,38.602100317896884,19175500
2020-04-28,39.22308349609375,40.280443735625006,39.08042192657168,40.19652742498994,17246700
2020-04-29,39.54197692871094,40.162968651130974,39.34057645741991,39.66785462416992,15780000
2020-04-30,38.509788513183594,39.44127444307414,38.35034621574027,39.44127444307414,20801100
2020-05-01,38.26642608642578,38.929375925325274,37.939147943506484,38.283209991345046,14290400
2020-05-04,37.880401611328125,38.16572156042178,37.4272458331437,38.0314535373896,22544200
2020-05-05,38.098602294921875,38.68602309761802,37.888808236472315,38.06503447728116,13370500
2020-05-06,37.55311584472656,38.291591421361524,37.52794159591905,38.098581377700405,11892900
2020-05-07,37.42725372314453,37.96432912969574,37.34333739150992,37.888803150743456,16466000
2020-05-08,38.69440841674805,38.78671829501076,37.66222225301547,37.83005810429288,13985100
2020-05-11,38.21607971191406,38.69440982467745,38.19929580605536,38.341954204050225,10874600
2020-05-12,37.61186599731445,38.476216205437844,37.59508209409236,38.266422216965005,13424400
2020-05-13,36.873390197753906,37.57829812585108,36.52093783430642,37.5195560652765,15854800
2020-05-14,36.6719970703125,36.97410098559022,36.277583269677386,36.40346096811072,18000800
2020-05-15,36.30274200439453,37.502763598458294,36.25239350751449,36.890165677206404,31579400
2020-05-18,37.73774719238281,38.09019958932927,37.03283919728739,37.61186950707193,26118500
2020-05-19,37.37689971923828,38.03984952594738,37.133537911529515,37.77131026148097,17839900
2020-05-20,38.509788513183594,38.744756783353246,37.77970624429746,37.930758189750115,22295900
2020-05-21,37.905582427978516,38.67762609498143,37.78809828763524,38.66923574261522,13193500
2020-05-22,37.78810119628906,38.023072696264734,37.469216562584116,37.94754671434451,13008400
2020-05-26,38.67761993408203,39.38252786506066,38.543351909190974,39.374134312828716,22223100
2020-05-27,39.21469497680664,39.51679885578573,38.74475525381667,39.441272886040956,18447600
2020-05-28,39.51681137084961,39.827305699822396,39.290233389857526,39.693037622331175,16230600
2020-05-29,39.17274475097656,39.60072319875373,38.71958884071619,39.17274475097656,51125000
2020-06-01,39.432884216308594,39.63428467674999,39.09721251396946,39.15595458169842,17010700
2020-06-02,39.357357025146484,39.67624161117563,39.07203704735027,39.57554138407182,15255100
2020-06-03,40.196537017822266,40.381153585518234,39.54197747409149,39.667855171286625,15508300
2020-06-04,40.213314056396484,40.507027589337135,39.76016143045803,40.230097961239025,13604700
2020-06-05,41.19515609741211,41.53082782783715,40.66647424241368,40.73360986897983,20504800
2020-06-08,41.832923889160156,41.93362731780444,41.514039302060795,41.572781368168705,19896700
2020-06-09,41.119632720947266,41.61474679400271,40.851096600090386,41.61474679400271,16713700
2020-06-10,40.80073165893555,41.34619727839059,40.758773503870245,41.2538874165257,15716600
2020-06-11,38.21607971191406,40.21331649105839,38.14894408847927,40.12100981063963,26070400
2020-06-12,38.614070892333984,39.16449207304209,38.11445886424486,39.13061930462944,21822700
2020-06-15,39.20684051513672,39.33386181101298,37.6571981489893,37.741876859382984,15622300
2020-06-16,39.60482406616211,40.383878273253146,39.113678668425436,40.273796633306354,18803500
2020-06-17,39.44394302368164,39.85040661000852,39.32538831783654,39.613300428603765,12602800
2020-06-18,39.7911262512207,39.83346559753429,39.012068711853324,39.2068322891239,9380800
2020-06-19,38.9697265625,40.4685625722444,38.9697265625,40.45162618888016,30464600
2020-06-22,38.73263168334961,39.07981953855948,38.42778318018279,38.97820121731354,20876200
2020-06-23,38.647953033447266,39.19837434764068,38.597147098792085,38.952801562521415,14675300
2020-06-24,37.80962371826172,38.47859330617071,37.682602417996826,38.419317560789985,17631800
2020-06-25,38.046714782714844,38.089054126112906,37.284593680410325,37.6571876549969,13829700
2020-06-26,36.89506530761719,38.11445579986955,36.84425615908323,38.03824369221098,21955100
2020-06-29,37.56404495239258,37.74187216024999,36.878135854575675,37.25919646447395,17603900
2020-06-30,37.83502197265625,37.96204325709664,37.29307052224343,37.47089773623161,23679800
2020-07-01,37.95356750488281,38.554794599135775,37.86041900825222,38.0467160015134,14316500
2020-07-02,38.00437545776367,38.47011469593812,37.93662992406601,38.35156324225206,15111900
2020-07-06,38.30076217651367,38.334634950512374,37.77574710067587,38.22455005015935,15146000
2020-07-07,38.283817291259766,38.52939000280976,37.936629510555726,38.105990112669,13043600
2020-07-08,38.1652717590332,38.258420266158865,37.65719310416544,38.22454749442493,13851200
2020-07-09,37.182979583740234,38.14833085174468,37.11523727858664,38.14833085174468,16087100
2020-07-10,38.23302459716797,38.31770331237376,37.14065172746924,37.15758811656759,15627800
2020-07-13,38.317691802978516,38.681815983506965,38.072119080243525,38.55479471856543,16705300
2020-07-14,38.84271240234375,38.90198813981099,37.82655182674255,38.02978523397696,17080100
2020-07-15,39.291507720947266,39.960477034870216,39.12214713338677,39.20682581202475,23738000
2020-07-16,39.079803466796875,39.537072803207316,38.90197309289285,39.172948710870955,13306100
2020-07-17,39.64717102050781,39.723383140644124,39.06288025298628,39.35079234791398,13899800
2020-07-20,39.054405212402344,39.65563551527194,38.82576888262683,39.562487021998415,16633200
2020-07-21,39.96895980834961,40.6379325695972,39.74032342550731,40.23993554424739,25681500
2020-07-22,41.05284881591797,41.08672157897795,39.824988612411595,40.58710962983886,29831200
2020-07-23,40.88349914550781,41.129071897826165,40.671799165292406,41.04439319785414,15935000
2020-07-24,41.06133270263672,41.32383863065932,40.705675029113195,40.98512057475922,16196800
2020-07-27,41.05284881591797,41.07825177307072,40.79880955353704,40.79880955353704,17346500
2020-07-28,40.7988166809082,41.73029521579157,40.73107114295339,40.934304526532785,13872700
2020-07-29,40.663330078125,41.06979362742197,40.49396945834665,40.76494515787796,13758100
2020-07-30,40.38388442993164,40.84115713265091,39.96895430472296,40.36694804498443,17276500
2020-07-31,40.00282669067383,40.451629581469355,39.57095695437785,40.172184077950185,14849200
2020-08-03,39.20684051513672,40.10444970462415,39.14756477180399,39.918152665415164,14137500
2020-08-04,39.53709030151367,39.681047979312105,39.139096503499275,39.19837224427346,11717200
2020-08-05,39.985897064208984,40.02823641818417,39.638709193155435,39.71492132242503,10498700
2020-08-06,40.20606231689453,40.248401669473196,39.460877436425,39.51168659769072,10745000
2020-08-07,40.47703552246094,40.714141696611144,39.97742344054188,40.19759322866097,11669700
2020-08-10,40.4092903137207,40.88349616747856,40.35848115926731,40.69720239505302,11888000
2020-08-11,40.58711624145508,41.19681315471614,40.39235266756002,41.035919119113906,16531600
2020-08-12,41.01051330566406,41.230679825538076,40.74800421287006,40.90042843058467,9562200
2020-08-13,40.96818542480469,41.26456413645465,40.697209679785956,40.866567097708405,9882900
2020-08-14,41.02745819091797,41.23068836979644,40.67180053245247,40.934309679646404,10075800
2020-08-17,40.82421875,41.28149143034297,40.81575217308327,40.917367247508935,9102400
2020-08-18,41.002044677734375,41.069790212126165,40.61251754583619,40.81575091872669,9829000
2020-08-19,40.112911224365234,40.96818095078615,39.98589317479468,40.74801116307399,17371000
2020-08-20,40.095977783203125,40.30767777832096,39.87581120960623,40.02823546451392,11308700
2020-08-21,40.03669357299805,40.22299056298091,39.77418770196934,40.08750272398016,14734100
2020-08-24,40.620994567871094,40.62946114603146,39.952021833211255,40.163721820360415,9257700
2020-08-25,40.57018280029297,40.688734268630604,40.35001624913525,40.64639491997934,7827800
2020-08-26,40.78187942504883,40.79881580917566,40.197588708955585,40.44315820308218,10124200
2020-08-27,40.841156005859375,41.34076804202,40.81575304428198,40.858092390339316,10931600
2020-08-28,42.196044921875,42.212978078971354,41.0952023540475,41.28149938496334,16420300
2020-08-31,41.94200134277344,42.399274100341394,41.78957709025079,42.17063772155742,18510800
2020-09-01,41.59481430053711,41.7895779091804,41.34924476024766,41.75570836484483,12588400
2020-09-02,43.34769058227539,43.49164826117766,41.79804827113358,41.79804827113358,26332600
2020-09-03,42.7464599609375,44.15214771165138,42.42467508394458,43.52551757413847,22289400
2020-09-04,43.220664978027344,43.584789170760224,42.57709528517083,43.13598305513303,21019500
2020-09-08,42.179107666015625,43.22067124141747,41.79804703348189,43.127522727877505,17776700
2020-09-09,42.500885009765625,42.983560685162715,41.95893360091873,42.00127294905642,15252300
2020-09-10,42.33999252319336,42.915816679931595,42.29765317672718,42.63637117874168,15439500
2020-09-11,43.23760986328125,43.35616134835588,42.42467939509602,42.67872198343961,18272300
2020-09-14,43.28882598876953,43.732726792094624,43.16931486026547,43.510778018649084,10911700
2020-09-15,43.57905960083008,43.860767136164874,43.399792945489764,43.536377529049055,12838400
2020-09-16,43.357112884521484,43.9205247248876,43.31443081076095,43.493697474415285,15353900
2020-09-17,43.15223693847656,43.220530865702834,42.63150714089414,42.870532629752404,13287100
2020-09-18,43.06687545776367,43.67296944554756,42.8619969198078,43.322971187883105,23816600
2020-09-21,41.90590286254883,42.69980187109839,41.49614906078676,42.46931474702589,17514800
2020-09-22,42.392486572265625,42.7168762264545,41.888830236722555,41.92297720167587,13034600
2020-09-23,41.154685974121094,42.61443450500569,41.120539009830125,42.45224130927421,17121200
2020-09-24,41.57297134399414,41.91443116173756,40.599805815953914,41.15467924094943,16788100
2020-09-25,41.59005355834961,41.62419726779178,40.95834771537799,41.14615277126245,12603400
2020-09-28,42.068092346191406,42.435164038462325,41.948581238276866,42.093704195339846,11215700
2020-09-29,41.760780334472656,42.30712199903564,41.75224522153542,42.16199902763231,12426600
2020-09-30,42.144927978515625,42.35834163503941,41.735174148762034,42.0595638184797,15755900
2020-10-01,41.982730865478516,42.39248465710548,41.47907455268907,42.204679614780495,17577300
2020-10-02,42.136390686035156,42.32419573612277,41.44492930234025,41.624195983005436,13610100
2020-10-05,42.15346908569336,42.29858881846485,41.931517044892736,42.19615116848296,10628700
2020-10-06,41.77785110473633,42.45223895818213,41.68395184278712,42.29858088381641,10077400
2020-10-07,42.3071174621582,42.477845754064894,41.786387705115864,41.846143258569896,10135600
2020-10-08,43.075408935546875,43.14370286441723,42.29004829214036,42.435168006339225,12143900
2020-10-09,43.37419509887695,43.73272849837773,43.19492514269242,43.25468070927588,11407800
2020-10-12,43.61320495605469,43.98881173291373,43.39125623710008,43.39979134856889,11386500
2020-10-13,42.87053298950195,43.5278473906191,42.59736379117193,43.5278473906191,14365300
2020-10-14,42.785160064697266,43.101014555404745,42.38394468811112,42.72540451379224,10582100
2020-10-15,42.6741943359375,42.79370545736528,42.0851705854237,42.17053799818199,9961700
2020-10-16,42.70833206176758,42.981501231459276,42.57174747692173,42.67418835788114,13569800
2020-10-19,42.35834884643555,43.0924924708928,42.221764213264514,42.708347172463476,9930400
2020-10-20,42.89613723754883,43.21198848053142,42.50345696179388,42.588821106459434,10970700
2020-10-21,42.6741943359375,43.04980118277249,42.486389284303094,42.6485824838931,12517400
2020-10-22,43.26321792602539,43.7071187348335,43.00712218229142,43.681506880956256,20189200
2020-10-23,43.126625061035156,43.69003689202829,43.083942987984685,43.536378823899845,13491300
2020-10-26,42.51199722290039,43.11809119016498,41.99980578000177,42.97297147536942,14696400
2020-10-27,42.59735870361328,42.93028342078847,42.29857768982615,42.520529672231824,13892100
2020-10-28,40.94126510620117,41.95711594774994,40.78760705044477,41.82906648247522,19886200
2020-10-29,40.99249267578125,41.38517299484324,40.377860345817275,40.74493206994201,15369900
2020-10-30,41.02663040161133,41.07784757995275,40.43760679922092,40.81321680803405,15804000
2020-11-02,41.50467300415039,41.7863804987944,41.180286700323364,41.61564897989799,15156100
2020-11-03,42.12785339355469,42.64858322288478,41.82907558480818,42.01688063969677,15285100
2020-11-04,41.974185943603516,42.861987315079524,41.897360172573684,42.196137914689096,12930800
2020-11-05,42.20467758178711,42.86199194182813,42.1193134338061,42.47784676304656,12452400
2020-11-06,42.213218688964844,42.674192933407745,42.04248712549335,42.38395025243633,9294900
2020-11-09,44.876617431640625,45.46563787255619,44.44979017567567,44.81686187632021,33442000
2020-11-10,46.08028030395508,46.33637606260558,44.77418965533356,44.87662730750691,29706700
2020-11-11,45.73881530761719,46.3534444089581,45.52540165632693,46.03759311685,17399900
2020-11-12,45.25222396850586,45.42295552113698,44.91076411967714,45.28637093031879,15024400
2020-11-13,45.62784194946289,45.670524030915246,45.149794170467885,45.457110367219386,12447900
2020-11-16,45.969295501708984,46.626609885782734,45.48271267627305,46.5241722531735,14908200
2020-11-17,45.82416915893555,45.88392470734208,45.26929248780838,45.80709567990037,14248400
2020-11-18,44.910770416259766,46.11442330923515,44.86808833622625,45.8839361693334,15278200
2020-11-19,45.35466766357422,45.44003181696116,44.34735502272653,44.80832926645691,17189500
2020-11-20,44.96198272705078,45.45710391968668,44.89369205770002,45.405883475348396,15645600
2020-11-23,44.970516204833984,45.388805057251034,44.56076246399487,45.201003294637225,13191900
2020-11-24,45.431488037109375,45.74733925210572,45.260756506472696,45.36319412228147,13827600
2020-11-25,45.18393325805664,45.48271103254992,45.06442214825933,45.303444367853956,10194800
2020-11-27,44.98759841918945,45.40588735282124,44.91076937433795,45.33759667763874,8499300
2020-11-30,44.393959045410156,44.901564537373666,43.94658093768369,44.815531043264905,43203600
2020-12-01,44.77250671386719,45.022008399283216,44.557419733053415,44.85854019340595,18968800
2020-12-02,44.83273696899414,44.84994432366072,44.428372339247744,44.652064667946,14913100
2020-12-03,45.40917205810547,45.54682762401005,44.65206808661407,44.65206808661407,17318900
2020-12-04,46.329734802246094,46.34694215471352,45.391955425556354,45.40916277802378,18122400
2020-12-07,45.589839935302734,46.26951233076205,45.34033823873352,46.25230497769172,16210900
2020-12-08,45.75330352783203,46.011407252401085,45.41776835769557,45.546818578996636,12485800
2020-12-09,45.882354736328125,46.11464577944556,45.598438356125186,45.91676615777386,11508400
2020-12-10,45.64145278930664,46.03721201266241,45.581228702359745,45.942576506007704,12097300
2020-12-11,45.89956283569336,46.06303105027057,45.40916475589582,45.42637210911275,10638100
2020-12-14,45.83074188232422,46.321140017522374,45.753310425084116,46.157675066445464,22292000
2020-12-15,46.32113265991211,46.648065792103566,46.11464771274727,46.27811591982645,16193700
2020-12-16,45.65007019042969,46.286725930111814,45.54682605807518,46.1146556581551,15679600
2020-12-17,45.83074188232422,46.20929384996058,45.727501033326554,45.85655127408178,12677300
2020-12-18,46.2350959777832,46.321129451996384,45.271504000368914,45.667266514862874,35480100
2020-12-21,45.434974670410156,45.598439593103784,44.72088432407973,45.3231285222688,14926600
2020-12-22,45.3919563293457,45.75330417442252,45.073628507277455,45.434976352354276,9689500
2020-12-23,45.667274475097656,45.93398026082784,45.54682299545004,45.555428313551346,7040300
2020-12-24,45.97698974609375,46.0716285384621,45.615645210105576,45.615645210105576,3265500
2020-12-28,46.59644317626953,46.83733954343514,46.226493308426996,46.32973413978842,9020500
2020-12-29,46.57063293457031,46.88035870493944,46.475994140072316,46.845944001128025,8320600
2020-12-30,46.837337493896484,47.00080569186302,46.484594993710864,46.50180234517927,8142700
2020-12-31,47.181480407714844,47.25891185235748,46.691082352300484,46.845945241585746,8495000
2021-01-04,45.3919563293457,47.000809356430885,44.763902720630746,46.691083569784176,25611100
2021-01-05,44.89295959472656,45.271511539054984,44.763906079949926,45.022013109503206,20323800
2021-01-06,43.464778900146484,44.75530082729347,43.180862500829996,44.7122840861153,38724500
2021-01-07,42.98298645019531,43.24109020075463,42.604434501506134,43.09483261215901,53225700
2021-01-08,43.94657897949219,43.98959572462981,42.87974597745588,43.043210921765755,29674000
2021-01-11,43.189476013183594,43.75730563759177,42.97438898451432,43.55082064600352,19304400
2021-01-12,43.112037658691406,43.33572668867758,42.81091389751851,43.05181356285024,18538700
2021-01-13,43.15505599975586,43.32712625794768,42.97438370553968,43.00019309557994,18864100
2021-01-14,42.35493087768555,43.1722621192495,42.34632884190717,43.15505476572565,34303600
2021-01-15,41.89894104003906,42.311907615076784,41.75268019860699,42.29470026420439,24366800
2021-01-19,41.7354850769043,42.191471803717775,41.5031939769784,41.93336802893646,29114500
2021-01-20,41.88173294067383,42.00218111266141,41.56340516014001,41.76128476868625,23115800
2021-01-21,42.114036560058594,42.234484758672394,41.69246458294303,41.96777568890808,19702500
2021-01-22,41.71827697753906,42.10543096137057,41.71827697753906,41.9935880816699,15400300
2021-01-25,41.9677848815918,42.01940695600534,41.50319933974184,41.6580589990465,16604200
2021-01-26,42.406551361083984,42.50119016096184,41.82151449089992,42.07961822022419,12922600
2021-01-27,41.752685546875,42.43236122454734,41.49458181466071,42.06241133831895,21242400
2021-01-28,42.286109924316406,42.58723044294416,41.82152116817572,41.89034730873314,17498900
2021-01-29,41.425758361816406,42.26029370718271,41.39134365343895,42.18286225431705,18670300
2021-02-01,41.70967102050781,41.890343314457226,41.45156727458477,41.5289987265584,12183600
2021-02-02,42.12263488769531,42.458170063426046,41.83872177052584,41.98497934683227,13319800
2021-02-03,41.95916748046875,42.23447854593525,41.873130721281235,42.114030365039504,12274100
2021-02-04,42.16564178466797,42.21726383117731,41.85591935151053,42.12262505355995,20597400
2021-02-05,42.71627426147461,42.82811712470888,42.38934114271523,42.587220764552896,12742000
2021-02-08,42.94857406616211,43.16366108359754,42.578627415583206,42.98298877662396,17833200
2021-02-09,42.75929260253906,43.034603676455895,42.69906851024269,42.888342822331204,14592900
2021-02-10,42.67326354980469,43.51640755820501,42.613039446628584,43.37014667765772,22965400
2021-02-11,43.27549743652344,43.524999107832535,42.8453234992181,42.85392881586555,21928600
2021-02-12,43.61103439331055,43.74868992768528,43.35293067660378,43.50779356302121,13137100
2021-02-16,43.24969482421875,43.6368520848229,43.15505601807472,43.55081531470687,15093400
2021-02-17,43.129241943359375,43.43896771820052,42.92275699947633,43.017395795340775,12794300
2021-02-18,43.679866790771484,43.748692921685645,43.04320784948849,43.15505400443693,12747100
2021-02-19,43.112037658691406,43.73148925244861,42.99158946700908,43.69707454569164,15968800
2021-02-22,43.55942153930664,43.77450854612254,42.733484938838465,42.8883478463033,14370900
2021-02-23,43.481990814208984,44.31652618290138,43.378746686190844,43.877750125709895,16222300
2021-02-24,43.628238677978516,43.79170686990772,43.12923863169092,43.35292762858538,14442000
2021-02-25,43.163658142089844,43.66266156387843,43.000193201486965,43.42176517099688,14211100
2021-02-26,42.148441314697266,43.198063427564485,42.131233964392365,43.18946139339528,23638400
2021-03-01,42.93136215209961,43.39594753061502,42.501188195793866,42.53559961800354,13901200
2021-03-02,43.10342025756836,43.49918271039284,42.75928313237396,42.87973129029031,11755100
2021-03-03,43.000186920166016,43.49919026906189,42.76789259726277,42.77649791401848,15410700
2021-03-04,42.96577453613281,43.9551759705713,42.69046346049142,43.28410563394127,22036400
2021-03-05,43.69707107543945,43.8347266095682,42.93136196172538,43.060412178864745,21310800
2021-03-08,44.42837142944336,45.15966921894467,44.015404771804064,44.28211384072345,25084900
2021-03-09,43.75729751586914,44.63485282379424,43.72288280999749,44.497197282274634,23082700
2021-03-10,44.256290435791016,44.419758621150145,43.63684224053647,44.03260144788702,21331600
2021-03-11,43.77450942993164,44.2477001980869,43.71428532936464,44.23049284335814,17417700
2021-03-12,43.687747955322266,43.96535053363492,43.54894666616594,43.88727460165425,17598600
2021-03-15,44.268978118896484,44.34705405228701,43.78317525271888,43.80919946075444,13411900
2021-03-16,44.433799743652344,44.694051709780936,44.27764790211853,44.41644917133933,14214200
2021-03-17,44.45116424560547,44.780815295005404,44.37308830037194,44.459837879838375,17502700
2021-03-18,43.869930267333984,44.40778492566395,43.80053126752571,44.29501113731499,18007300
2021-03-19,44.0781364440918,44.31236428694972,43.52292786697424,43.77450628811251,67845700
2021-03-22,44.242958068847656,44.31236037584341,43.653051696520286,43.653051696520286,17911400
2021-03-23,44.5812873840332,44.80684157927392,44.095484457577946,44.23428576646291,16936700
2021-03-24,44.69407653808594,45.01505403097677,44.3730990451951,44.39044631786152,14997400
2021-03-25,45.12782287597656,45.162524033510394,44.390438170162994,44.85022023427496,17091900
2021-03-26,46.012672424316406,46.073397782011604,44.902258792281835,45.231913097829896,17126700
2021-03-29,46.715354919433594,46.79343085611105,45.72639526104182,45.74374583689058,17514100
2021-03-30,46.10810089111328,46.663306076080076,45.91724786779947,46.62860492469867,14871800
2021-03-31,45.72639465332031,46.12544796468641,45.54421857325543,46.00399724464315,15826500
2021-04-01,45.55289077758789,46.108099252102555,45.50951599454495,45.94327044354202,15834700
2021-04-05,45.81315612792969,46.168834721632926,45.36205100506236,45.41409943239947,16368700
2021-04-06,46.14279556274414,46.54185215764334,45.89122050572447,46.012671217930595,15614300
2021-04-07,46.22087097167969,46.41172397972598,46.08206968654158,46.22087097167969,10062700
2021-04-08,46.08207702636719,46.307631218944564,45.95195266229642,46.12545181439077,9695600
2021-04-09,46.134132385253906,46.220881968122505,45.81315495749874,46.12545544139637,10828200
2021-04-12,46.28160095214844,46.45510340323059,46.06472371561675,46.26425368539583,8565300
2021-04-13,46.056053161621094,46.22955562430389,45.81315169943571,46.01267837327145,11071700
2021-04-14,46.04738235473633,46.14280557125034,45.674353195315724,45.960629463426635,9787600
2021-04-15,46.26425552368164,46.550531766450824,46.08207612270038,46.090753065705464,13078100
2021-04-16,46.5678825378418,46.671982689349015,46.30763050443168,46.61993426823748,17974100
2021-04-19,46.84548568725586,47.15778945465637,46.23822872945311,46.84548568725586,19352900
2021-04-20,46.99296188354492,47.35731739167643,46.680661417083414,46.70668562863414,14419200
2021-04-21,47.37466812133789,47.48744522056047,47.05369071047209,47.05369071047209,13866500
2021-04-22,47.2271842956543,47.600213395066525,47.12308415211346,47.25321181350243,12558900
2021-04-23,47.253211975097656,47.3573121189945,46.9929566514297,47.192486615384176,9020500
2021-04-26,46.550533294677734,47.287914628679125,46.481134294779416,47.25321678337209,11684600
2021-04-27,46.48114013671875,46.585240304292086,46.255585912811085,46.463789557242414,9852400
2021-04-28,46.48980712890625,46.88886047198736,46.359679456069976,46.828135107139545,10868100
2021-04-29,47.071041107177734,47.15779400053182,46.35101029340361,46.44643682145085,15391000
2021-04-30,46.8281364440918,47.07971485380631,46.57655803437728,47.06236427631383,14912600
2021-05-03,47.26188659667969,47.53948919239978,46.98428400095959,47.07971051372912,10417900
2021-05-04,46.96693420410156,47.383338104588546,46.79343175157764,47.33996331877857,14151000
2021-05-05,46.84548568725586,47.05368930195093,46.59390728470721,46.96693641695957,9665900
2021-05-06,47.31394577026367,47.374671140803684,46.888864867199075,46.94959023773909,11572700
2021-05-07,47.28791046142578,47.51346463710788,46.98428365871983,47.22718510088459,10637500
2021-05-10,47.63492202758789,48.14675250187105,47.56552302408877,47.60889781493627,15545800
2021-05-11,47.12309265136719,47.834449827552454,46.888864804191385,47.73902329989366,12986700
2021-05-12,46.880191802978516,47.33129692482527,46.741390481586016,47.15779444576351,15836500
2021-05-13,47.28791046142578,47.52213827034921,46.698007431780496,46.81945815286288,15475800
2021-05-14,47.478763580322266,47.79974095943537,47.444062428719775,47.62624181999085,11725300
2021-05-17,47.400691986083984,47.73034633793827,47.27924125363353,47.574194450706464,12119800
2021-05-18,47.14043045043945,47.331283454017765,46.9322268729646,47.183805230538994,13232500
2021-05-19,46.99296188354492,47.00163882691802,46.507158951748615,46.94958709453229,15126100
2021-05-20,47.409366607666016,47.539490967797164,46.94958460254048,46.94958460254048,10948400
2021-05-21,47.38334274291992,47.81709726204771,47.03634111318831,47.539494634548674,16033200
2021-05-24,47.539493560791016,47.6522706598166,47.2705678829479,47.39201861607502,10326100
2021-05-25,47.53082275390625,47.55684696704309,47.14911664504872,47.55684696704309,11916500
2021-05-26,47.739013671875,47.75636424697592,47.35731094750625,47.69563888876461,16064300
2021-05-27,48.1380729675293,48.20747196252276,47.52213909956075,47.89516821184215,59109600
2021-05-28,47.964576721191406,48.32892893793156,47.88650077342074,48.016625146848895,17011600
2021-06-01,47.95589065551758,48.27687132934448,47.79973878967849,48.00794238055854,13304000
2021-06-02,48.14674377441406,48.198795499566415,47.93854018308847,48.14674377441406,11328500
2021-06-03,48.2681999206543,48.35495280566791,47.79974426943336,47.869146577444255,17364300
2021-06-04,48.7887077331543,48.99690804045472,48.389651077140755,48.49375454007518,18935100
2021-06-07,48.61520767211914,48.875459723741336,48.41568098889931,48.84943551136443,14010800
2021-06-08,48.276878356933594,48.797382445976965,48.19012546923684,48.797382445976965,10968300
2021-06-09,48.12940216064453,48.511104954980105,48.12940216064453,48.3636300035156,9838800
2021-06-10,48.502418518066406,48.684594578007406,48.37229086994651,48.502418518066406,12444400
2021-06-11,48.71930694580078,48.7626817354024,48.28555243121591,48.5718319992984,11825800
2021-06-14,48.5532341003418,48.693081267832596,48.24731946339926,48.67559995511881,9710800
2021-06-15,48.430877685546875,48.76301602340911,48.23858654243398,48.75427369823845,11154200
2021-06-16,47.78407669067383,48.474573592038354,47.75785638669433,48.457092277978774,15211700
2021-06-17,48.02880859375,48.20361838862632,47.766595568545284,47.78407354723535,10658400
2021-06-18,46.997440338134766,47.74037789132282,46.953738717515456,47.64423232542838,31445600
2021-06-21,47.513118743896484,47.57430166837913,47.19846179843185,47.3907528949312,14404300
2021-06-22,47.68793869018555,47.9414094309595,47.425722290277264,47.49564755271148,13072800
2021-06-23,47.30335235595703,47.72289389189979,47.2946133660127,47.6879345979027,12339200
2021-06-24,47.539344787597656,47.565565091480806,47.19846750023776,47.425717913737785,11488400
2021-06-25,47.4781608581543,47.609269043254784,47.20720549824913,47.40823893786178,18880300
2021-06-28,47.42572021484375,47.52186577937328,47.19846979031749,47.416981224531916,10556900
2021-06-29,47.07610321044922,47.4956447577054,46.95373734261031,47.312095955947036,12300900
2021-06-30,47.29460525512695,47.35578817690384,46.97994832357769,47.02364993424416,14614200
2021-07-01,47.16350173950195,47.61800587053216,47.076098509550555,47.49564001491239,13214700
2021-07-02,47.355796813964844,47.5917895556687,47.19846831949561,47.19846831949561,10604600
2021-07-06,47.09357833862305,47.27712711626968,46.805141687275984,47.18972388907206,15278200
2021-07-07,47.4781608581543,47.53060479903842,46.95373478619166,46.95373478619166,14377700
2021-07-08,47.31209182739258,47.347051119281765,46.97121455838135,47.2072039490664,11943900
2021-07-09,47.60052490234375,47.652968841226006,47.35579318933227,47.416976117585136,10847000
2021-07-12,47.61800765991211,47.722892206639024,47.4344588695851,47.478160486203016,15107600
2021-07-13,48.09000015258789,48.334731908805296,47.854007387283914,48.028817213533536,15170800
2021-07-14,49.17380142211914,49.25246565538172,48.0375428682746,48.08998680185604,22002700
2021-07-15,49.33113479614258,49.357358432651644,48.86789167318984,49.156328335252915,15068200
2021-07-16,49.296173095703125,49.54090479636577,49.17380391115245,49.34861369771978,14860500
2021-07-19,48.71056365966797,49.25247102892267,48.21235790605615,49.01648163760722,19527000
2021-07-20,48.7979736328125,49.23499648819838,48.52701826215414,48.710567061203456,16257900
2021-07-21,49.42728042602539,50.31006839228289,49.32239588248671,50.109038294575626,20918200
2021-07-22,49.35736083984375,49.593353574617744,48.99025991878875,49.48846569190507,13402700
2021-07-23,49.829345703125,50.10904340478476,49.33988222721512,49.46224809619259,12144000
2021-07-26,49.873050689697266,49.925491299739114,49.436027823509235,49.72446118139901,8681100
2021-07-27,50.0478515625,50.2925866074199,49.75067591341258,49.916746717861706,12794400
2021-07-28,49.59335708618164,49.96045469901009,49.49721152066374,49.811868522642364,9858000
2021-07-29,49.86430358886719,50.039113385441894,49.69823611594196,49.88178490194661,9599100
2021-07-30,49.84682846069336,50.03911959420664,49.73320491290821,49.95171635218422,11727000
2021-08-02,49.715721130371094,50.030378120787965,49.56713162524321,49.99541549202614,9778000
2021-08-03,49.75067138671875,49.820596631539104,49.60208524280428,49.820596631539104,8825500
2021-08-04,49.03396224975586,49.77690309246108,48.95529800368636,49.602093286282226,11888400
2021-08-05,49.383583068847656,49.462247316839395,49.20003426827355,49.33113912544656,9806800
2021-08-06,49.50594711303711,49.59335368215387,49.33113730902328,49.47098448539041,10409300
2021-08-09,49.514686584472656,49.715716680530136,49.32239547771354,49.64579142926519,8859900
2021-08-10,49.64578628540039,49.96918220344456,49.52342044258471,49.68074890741034,10906900
2021-08-11,49.58461380004883,49.977935044895084,49.56713248536457,49.72446098330307,8370700
2021-08-12,49.680755615234375,49.80312147457172,49.58461005883515,49.58461005883515,6169200
2021-08-13,50.021629333496094,50.08281225881432,49.6195691573422,49.65453178158672,7714200
2021-08-16,50.24013900756836,50.248881330438806,49.846817833879456,49.99540731470382,7972000
2021-08-17,50.06533432006836,50.31006937205076,49.829341591845825,50.22266280555005,10346400
2021-08-18,49.383583068847656,50.02163604290515,49.313657810979535,49.98667341397109,13873700
2021-08-19,49.6982307434082,49.803115276326864,48.90284942248504,48.998994966918474,9223700
2021-08-20,49.50594711303711,49.84682439704324,49.45350650578675,49.680756917050935,10543600
2021-08-23,49.33113479614258,49.60209014527279,49.27869419156349,49.53216489354131,8912800
2021-08-24,48.955291748046875,49.50594140016988,48.85914953444255,49.50594140016988,12067200
2021-08-25,49.00774383544922,49.09514707479888,48.710568153752554,48.999004845202194,11270700
2021-08-26,48.54449462890625,48.9290735021311,48.51827099298632,48.9028532004306,10331500
2021-08-27,48.64064025878906,48.76300611254691,48.46583046732666,48.64937924796343,8844100
2021-08-30,49.103885650634766,49.121366964014136,48.63190019205068,48.675601808389295,10034700
2021-08-31,49.21751022338867,49.401059003975945,48.94655487998404,49.08640204627236,14185700
2021-09-01,49.549652099609375,49.64579766506537,49.19129347741333,49.27870005247329,9518900
2021-09-02,49.619571685791016,49.84682208652159,49.30491471999518,49.619571685791016,11653200
2021-09-03,49.58461380004883,49.61957642941735,49.1650722502861,49.34862105314107,13220400
2021-09-07,48.658119201660156,49.54964615499314,48.51827203256202,49.47098191398672,20035300
2021-09-08,49.31365966796875,49.366103613344706,48.60568474360294,48.60568474360294,12040100
2021-09-09,48.824195861816406,49.31365934524239,48.77175191678366,49.10389023355123,12545400
2021-09-10,48.605682373046875,49.06018654147868,48.52701812592945,48.95529865584226,10573700
2021-09-13,49.00774383544922,49.29618052689886,48.71931047821944,48.71931047821944,20274300
2021-09-14,49.042964935302734,49.298351990108515,48.91967555970919,49.245512246546916,13918900
2021-09-15,49.210296630859375,49.31597277474916,48.805198587077776,49.034167484787034,15746000
2021-09-16,48.743553161621094,49.307167092508884,48.27681378697901,49.06939325277122,17430400
2021-09-17,47.94216537475586,48.602647096616636,47.880520682799556,48.452939518832395,33370200
2021-09-20,47.607513427734375,47.906931877948416,47.31689992044588,47.651544861128166,27542500
2021-09-21,47.59871292114258,48.27680785649108,47.50184173618085,47.89813142039538,16418200
2021-09-22,47.66916275024414,48.0478391612105,47.60751806561086,48.003804364143846,12719700
2021-09-23,47.58991622924805,48.1006870757313,47.55468972690185,47.78365527338382,13836200
2021-09-24,47.45780944824219,47.76603624574297,47.43139125622743,47.55468063147433,9682200
2021-09-27,47.21122741699219,47.77483787003133,47.176000923831424,47.42257965719022,12429500
2021-09-28,46.35701370239258,47.07914017522075,46.17207961141112,47.07914017522075,19926100
2021-09-29,46.63881301879883,46.8149421416765,46.28655813242709,46.357007765948,13941500
2021-09-30,46.20730209350586,46.964655001426785,46.17207559560634,46.82374900982872,17672000
2021-10-01,46.691654205322266,46.8501700848688,46.29536450645593,46.480298579465654,16277400
2021-10-04,46.66523361206055,47.140777866861185,46.14565455790751,46.726878299893656,18973400
2021-10-05,46.7444953918457,47.087945354983766,46.61239770169238,46.69165564390761,17173100
2021-10-06,47.29928970336914,47.35212944245438,46.242518437347165,46.47148728066661,21284500
2021-10-07,47.448997497558594,47.801252323479865,47.387352819037794,47.54586866648643,13774400
2021-10-08,47.66035842895508,47.89813224357016,47.46661941508562,47.554682297809585,13786800
2021-10-11,47.75722885131836,47.89813147705201,47.56348648116573,47.7396156031787,12378500
2021-10-12,47.75722885131836,48.28561621735726,47.748423906940324,47.92454966956971,19474400
2021-10-13,47.76604080200195,47.93336163302819,47.36975108706208,47.70439274911456,12143300
2021-10-14,48.09187698364258,48.268006117142264,47.82768496308494,47.89813460085453,13704000
2021-10-15,47.977386474609375,48.32964469705389,47.81006566660909,48.1182890917105,17867000
2021-10-18,47.5018424987793,47.89813218935589,47.431392864556585,47.862905692552715,15861800
2021-10-19,47.6867790222168,47.730810462693235,47.35213402770544,47.58990783753849,11068500
2021-10-20,48.1094856262207,48.22396669655716,47.651551266724404,47.71319595363895,12474800
2021-10-21,47.8629035949707,48.14470883827875,47.73961422094637,48.08306415126658,14388300
2021-10-22,47.950965881347656,48.02141550667697,47.61632092272956,47.898126142813254,12828600
2021-10-25,47.75722885131836,47.96858446961063,47.57229478492735,47.88932653267398,11855000
2021-10-26,47.96858596801758,48.06545715611988,47.757230343123126,47.83648828253558,12086700
2021-10-27,48.89325714111328,49.38641800058632,48.67309658303517,49.289546817530585,24019800
2021-10-28,49.35118865966797,49.412833343624996,48.98131719654248,49.09580162076981,15928000
2021-10-29,49.64179992675781,49.72986616248255,49.122220893823716,49.20147882628429,24463700
2021-11-01,49.465675354003906,49.66822603506657,49.22790489418613,49.659417730994086,11651100
2021-11-02,49.404029846191406,49.756288096825045,49.289548770211574,49.729869903811796,11498900
2021-11-03,49.571353912353516,49.606580409212164,49.122224475864854,49.315966849203775,10788300
2021-11-04,49.8443489074707,49.870770458769094,49.34238310478679,49.41283609573784,10820200
2021-11-05,50.05570983886719,50.33751511384338,49.83554925783054,50.05570983886719,12886700
2021-11-08,49.60657501220703,50.09973247703989,49.4304459064596,49.97644311083168,12828000
2021-11-09,49.74747848510742,49.773896675642185,49.3952202675217,49.677025497836944,10155800
2021-11-10,49.95002746582031,50.12615322115847,49.571351044953076,49.79151159850922,8813600
2021-11-11,49.96764373779297,50.09093311774581,49.81793280543333,50.04690167624603,7257700
2021-11-12,49.85315704345703,50.18780203058262,49.80031730042136,49.97644641782343,10162500
2021-11-15,49.86196517944336,49.91480492586148,49.5537417237969,49.78270723950802,10289200
2021-11-16,49.50970458984375,50.14376467705124,49.48328303998025,49.86195944731828,13756500
2021-11-17,49.23670196533203,49.35999132756171,49.00773648681738,49.35118638428094,13288700
2021-11-18,48.79638671875,49.25432108981729,48.55861290919293,49.166258208966624,15380100
2021-11-19,48.549808502197266,48.86684025178218,48.347261186492155,48.82280545148591,15813700
2021-11-22,48.84922409057617,49.33357663049984,48.505774168800905,48.523384056608975,16905600
2021-11-23,49.210296630859375,49.41284397305815,48.87565158926033,49.0165542342414,13835900
2021-11-24,48.814002990722656,49.175066199591186,48.46174472673121,49.060581759886404,12598900
2021-11-26,47.31690979003906,48.21516532804373,47.1848154623048,48.074262696163615,14754300
2021-11-29,48.06545639038086,48.19755071437474,47.49303757492312,47.59871370599495,22712500
2021-11-30,46.547874450683594,47.59509094750205,46.53899784106068,47.568464504067926,30485200
2021-12-01,46.414756774902344,47.49747304163402,46.397006939414204,47.01823763975918,18719600
2021-12-02,47.098106384277344,47.3377240657675,46.60112118724947,46.680993747746186,17074200
2021-12-03,47.51521301269531,47.57733573128929,47.018227878509265,47.32884485691339,21064400
2021-12-06,48.73106002807617,49.03280047410344,48.04770656544279,48.19857848117398,26624100
2021-12-07,48.997291564941406,49.183659732680994,48.67780134285384,48.82867323014384,23832700
2021-12-08,48.8109245300293,49.12153815013748,48.242943404440304,48.9174201447186,18026300
2021-12-09,48.686683654785156,48.9263013494176,48.447065960152706,48.58906125488658,13846400
2021-12-10,49.94689178466797,49.98239145493212,48.87305214993907,49.03279728069286,23153600
2021-12-13,51.260353088378906,51.41122500597719,50.55037655524474,50.568126391752486,31362800
2021-12-14,51.29584884643555,51.62421233317992,50.940862299679026,50.940862299679026,24806600
2021-12-15,51.526588439941406,51.69520677977995,51.16272531733802,51.41121621508631,24923800
2021-12-16,52.05019760131836,52.25431561172167,51.38459406874618,51.4555900184612,24696900
2021-12-17,51.23371887207031,52.289808523592875,51.20709581582246,51.908198970780816,51874400
2021-12-20,51.06510925292969,51.27810051012228,50.585873846093875,50.763368817377696,20879500
2021-12-21,51.269229888916016,51.44672486921463,51.05623523547065,51.127234581764164,15864900
2021-12-22,51.63309097290039,51.641964198108234,51.02073687050841,51.2159782939962,12447400
2021-12-23,51.6685905456543,52.01470388049282,51.420096229655215,51.93483131203508,11027300
2021-12-27,52.05019760131836,52.08569388345855,51.47333985224862,51.47333985224862,9860000
2021-12-28,52.25432205200195,52.307568174492076,51.73958696503038,51.82833614490568,8979900
2021-12-29,52.31644058227539,52.44955926324147,52.059073059465625,52.31644058227539,9996000
2021-12-30,52.165565490722656,52.56492828006421,52.14781565725919,52.41405977377661,7703900
2021-12-31,52.54719161987305,52.67143709983035,52.09458260210924,52.138955504174646,10021300
2022-01-03,52.62704849243164,52.635925101456955,51.81057650469214,52.20106266594568,20187300
2022-01-04,53.50566101074219,53.72752890010294,52.88443024344504,53.008675719817404,26141600
2022-01-05,53.94939422607422,54.31325741191958,53.29266381517922,53.328163488294656,22507300
2022-01-06,53.6654052734375,54.2422597449639,53.63877882505902,53.6654052734375,17902300
2022-01-07,53.54115295410156,53.88726626985526,53.30153526194096,53.49677667428917,12307900
2022-01-10,53.62989807128906,53.97601138270864,53.40803021674474,53.7363936935486,20954300
2022-01-11,53.647647857666016,53.68314752686553,53.10628975139507,53.629898023066254,19369600
2022-01-12,53.72752380371094,53.86064249343905,53.41690675680867,53.71864719313473,15753800
2022-01-13,54.04701232910156,54.1712577896732,53.59439999652218,53.72752206738315,14318000
2022-01-14,54.48187255859375,54.535122065117335,53.5677780352662,54.0825097232543,19729600
2022-01-18,54.04701232910156,54.304376475099275,53.647649501953545,54.18900762481699,21976700
2022-01-19,54.13575744628906,54.29550257516208,53.74527123428549,53.834017023466124,18654700
2022-01-20,53.91388702392578,54.52624106519413,53.88726396552467,54.13575487176087,23002400
2022-01-21,53.647647857666016,54.40199720826451,53.603274963884004,54.20675579853672,26643200
2022-01-24,53.21278762817383,53.558900953946946,51.97920284741942,53.15954150755331,30185100
2022-01-25,53.08854293823242,53.29266096959449,52.085699231597054,52.680306875508286,19027100
2022-01-26,52.89329528808594,53.55889885321505,52.54718197588837,53.06191702459692,19190200
2022-01-27,52.93767166137695,54.07363399787386,52.804549593941,53.14178968212657,18893800
2022-01-28,53.9937629699707,54.03813586523296,52.30756586652568,52.7069286947558,19101500
2022-01-31,54.14463806152344,54.26001031155391,53.381415368263056,53.514534070204085,22045300
2022-02-01,53.745277404785156,54.26000913491195,53.3902874364365,54.0558910880138,20841700
2022-02-02,54.29550552368164,54.375378092455634,53.745274152924715,53.798520275150686,20225600
2022-02-03,54.677120208740234,54.82798874025469,53.77189886334807,54.08251253731027,19440500
2022-02-04,54.10025405883789,54.739234530421164,53.75414076520849,54.570616188390964,17403700
2022-02-07,54.668235778808594,54.77473478216501,54.01150885195059,54.47299437685779,17846400
2022-02-08,55.02323913574219,55.316106388409196,54.792498009603264,54.87237058892741,18771700
2022-02-09,54.17125701904297,55.30721936860633,54.047011560238836,55.17409729963913,23595600
2022-02-10,54.47299575805664,55.28946782521682,53.425779229874856,53.567774519182485,23561500
2022-02-11,53.50566101074219,55.00548672406412,53.38141553436982,54.81911850950557,22781400
2022-02-14,53.85176467895508,53.949387074363806,52.60930336810076,53.39027914593589,23641300
2022-02-15,54.05588912963867,54.82798838957431,53.80739819205826,54.10026202771587,13408700
2022-02-16,54.04701232910156,54.49074805139161,53.74527190252694,54.011512658813984,15484700
2022-02-17,55.129730224609375,55.27172553329378,53.61215472827563,53.73640020019509,21468700
2022-02-18,55.50246047973633,55.750951380836405,55.0143519016749,55.129720742651585,21975000
2022-02-22,55.2717170715332,55.59120731351993,54.77473525994023,55.40483913417257,21731400
2022-02-23,54.65937042236328,55.316100829187086,54.43750254491992,55.23622825789007,19248500
2022-02-24,53.700889587402344,53.79851197700558,52.556054125473516,53.2216576341125,27207400
2022-02-25,55.7775764465332,55.82195272512818,54.06475636415722,54.08250619850826,21487800
2022-02-28,55.23622512817383,55.324970919948726,54.499622191789356,54.71261683165804,25879100
2022-03-01,54.99659729003906,55.68882381749927,54.58835792099663,55.147465785332976,15871100
2022-03-02,55.404842376708984,55.80420520256487,54.827984585424375,55.22734741128027,17319100
2022-03-03,55.440345764160156,55.92845441274068,55.28060062310688,55.56459123266046,21262800
2022-03-04,55.529090881347656,55.54684071740718,54.31325588746846,54.54399698537211,17163000
2022-03-07,54.206756591796875,55.08535141201624,53.88726633519535,55.032101907437706,29151400
2022-03-08,52.059078216552734,54.61499709242673,51.99695548219426,54.53512452176082,30242100
2022-03-09,52.3253173828125,53.10629322917187,52.05907661725033,53.08854339340972,23022700
2022-03-10,51.366859436035156,52.05908623142292,51.02961926514353,51.89934106549718,20887300
2022-03-11,51.402339935302734,52.22768857718532,51.349093819977796,51.43783960247576,19855600
2022-03-14,52.35027313232422,52.797405625607446,51.84054236288936,51.84054236288936,17799400
2022-03-15,53.316070556640625,53.557522480732395,52.743741586060004,52.83317011980682,18607200
2022-03-16,53.172996520996094,53.60224331518377,52.412872629250266,53.45916105045455,17347300
2022-03-17,53.73637771606445,53.78109027857699,52.96730935998945,53.17298987662698,15586200
2022-03-18,53.74531936645508,53.92417302952703,53.396556599707196,53.92417302952703,30197800
2022-03-21,54.17456817626953,54.639582912812365,53.87945912783102,54.10302534827845,17440100
2022-03-22,54.37130355834961,54.5054446537463,53.7095494631453,54.48755894693676,17559500
2022-03-23,54.01360321044922,54.53227509665695,53.65589587341976,54.32659457183751,15529200
2022-03-24,54.53226089477539,54.56803230143235,54.06724284228212,54.22821076088937,13151300
2022-03-25,55.02412033081055,55.095663163022,54.59487357159182,54.65747184410184,12259800
2022-03-28,55.372886657714844,55.39077236691381,54.73795933222756,55.02412385671057,11485200
2022-03-29,55.587501525878906,55.91837855678633,55.21191193587851,55.632214084971864,14720600
2022-03-30,55.63222122192383,55.63222122192383,55.05095105644609,55.45336755125759,13641000
2022-03-31,55.444427490234375,56.0167565185111,55.444427490234375,55.64116687296078,16822900
2022-04-01,56.22243118286133,56.293974009605265,55.52490567885668,55.73953074773875,12644900
2022-04-04,55.927330017089844,56.15089625149329,55.19403304115455,55.98098373008266,11505800
2022-04-05,55.86472702026367,56.55331137335938,55.77529848725465,55.80212875283222,15721200
2022-04-06,56.42810821533203,56.571190448652686,55.712697048728764,56.1330026015736,19267400
2022-04-07,56.73216247558594,56.93784298759604,56.07934952581045,56.45494254743525,13960800
2022-04-08,57.080928802490234,57.268723608153856,56.48176956030418,56.767934048367735,12703500
2022-04-11,57.06303787231445,57.50122912343629,56.91101108306217,57.15246298739264,12720100
2022-04-12,57.73373794555664,57.957304163527596,57.13458211884235,57.572769995709564,18089900
2022-04-13,57.885772705078125,58.01096925115819,57.43864023402073,57.62643505314083,11883000
2022-04-14,58.14509582519531,58.63694420722715,57.96624558956509,58.09144211904607,16388400
2022-04-18,57.626426696777344,58.28818074762583,57.39391593518769,57.92152889963064,11679400
2022-04-19,58.189823150634766,58.35079112319298,57.62643865803128,57.68009237465053,11993800
2022-04-20,58.9857177734375,59.23611087837616,58.484931563560174,58.52070298179432,14827100
2022-04-21,59.209285736083984,59.91575591560398,58.77109778974394,59.003608603653205,15120400
2022-04-22,58.35078430175781,59.32552976079171,58.28818603211985,59.09302580082196,14902200
2022-04-25,58.967830657958984,60.09459953812519,57.930480082022015,59.915749284267015,25082000
2022-04-26,58.171939849853516,59.35236935403114,58.162995289671,58.5922386606263,21982600
2022-04-27,58.62800216674805,59.27187395899022,58.127216027315,58.127216027315,16971000
2022-04-28,59.19139099121094,59.271871550621356,57.68008125264534,57.82316689964052,22010600
2022-04-29,57.7784538269043,59.04830830552429,57.671139586276034,58.90522947405278,20137100
2022-05-02,56.73216247558594,58.404436837650536,55.96309754816329,58.37760998301654,24970300
2022-05-03,56.41022872924805,57.179293639537825,56.043576863552744,56.9825576910217,21686300
2022-05-04,58.1540412902832,58.23452867346084,56.28502764347704,56.338684761812246,19780200
2022-05-05,57.689029693603516,58.15404443223401,57.24189725070127,57.84999764595631,20155200
2022-05-06,57.894710540771484,58.40444128573717,57.29555466598201,57.41180665248293,18984000
2022-05-09,57.7784538269043,58.449152479757046,57.268723123644186,57.65325729085441,20055300
2022-05-10,57.24189376831055,58.41337851418163,57.09880812039082,57.680081625341074,21322200
2022-05-11,57.510169982910156,58.30606514892588,57.197178651785876,57.52805910051687,19648400
2022-05-12,57.689029693603516,57.706911989331765,56.52648261297782,57.37603834811187,22574700
2022-05-13,58.77108383178711,58.842626653337305,57.34026151427808,57.95729958772633,16167000
2022-05-16,58.9857177734375,59.36130743084549,58.52070298179432,58.52070298179432,13223200
2022-05-17,58.82474136352539,59.11090584564402,58.13616042373036,59.11090584564402,21300600
2022-05-18,54.72901153564453,58.592232146919066,54.5143864626766,58.50280702313648,31437300
2022-05-19,53.65589141845703,54.514384862428415,53.351841230631784,54.514384862428415,31493900
2022-05-20,54.53226089477539,54.76477162669657,53.351831765888285,54.094073102949395,29133800
2022-05-23,56.21349334716797,56.42811501734532,55.07777649081716,55.13143361403647,19406900
2022-05-24,57.25083923339844,57.402869460512704,56.11512574618092,56.23138114513589,16154200
2022-05-25,57.29555130004883,57.653258621029885,56.87524570959856,57.232953030579615,15360500
2022-05-26,57.50123596191406,58.21664379032014,57.19718234724917,57.295552032343714,16159800
2022-05-27,57.84105682373047,57.97519792980764,57.358152935472695,57.46546718487444,17709000
2022-05-31,56.67851257324219,57.51912038461628,56.38340350704756,57.30449871042928,43159000
2022-06-01,56.40128707885742,56.94678921472536,55.56067929932233,56.71427842992105,15408300
2022-06-02,56.99150466918945,57.00044922901645,55.54279641006881,56.4996596305556,14586000
2022-06-03,56.31185531616211,56.90206994528206,56.16877308520423,56.848412829416795,13539900
2022-06-06,56.22243118286133,57.02727092698188,56.03463637968312,56.63379561393946,15112800
2022-06-07,56.562252044677734,56.66956287203518,55.64116033621449,55.78424257647431,17886300
2022-06-08,56.240318298339844,56.526482789784374,55.94521265900322,56.329746834009896,10211500
2022-06-09,55.26557159423828,56.65168154349884,55.24768588640492,56.222434789548146,13382200
2022-06-10,54.91680908203125,55.34605583803113,54.067256718315875,54.55910174635636,14967600
2022-06-13,54.854209899902344,55.70376224952277,54.25505063429008,54.32659346477808,23064200
2022-06-14,53.34999084472656,54.84519559478792,52.83657739317514,54.70107959849272,24620000
2022-06-15,53.746315002441406,54.62002026070292,53.11580959544522,54.04355621087969,19684700
2022-06-16,53.20588302612305,53.61121040175058,52.46728800208927,52.81857058230083,15053800
2022-06-17,53.53013610839844,54.16064487373102,53.25991904782628,53.773332493712275,34781900
2022-06-21,54.6740608215332,54.83619175249497,53.15183190705847,53.58418334695418,17705000
2022-06-22,55.07939147949219,55.349608568769185,54.3317873152959,54.58398947382154,15207100
2022-06-23,55.73692321777344,55.76394389698216,55.15144997094094,55.21450051309252,17190900
2022-06-24,56.78175735473633,56.79977228372154,55.944082054904364,55.944082054904364,18147100
2022-06-27,56.6646728515625,57.00694969562896,56.41247066961722,56.72772339704881,12142100
2022-06-28,56.09721374511719,57.430287802451716,55.94409197558411,56.81779728832243,13150100
2022-06-29,56.502540588378906,56.84481742452573,56.232323480261705,56.33140388830397,11795500
2022-06-30,56.6646728515625,56.84481873980785,55.9891283476402,56.13324437103707,15514200
2022-07-01,57.988739013671875,58.05178956054003,56.58360861375631,56.85382573404799,15143200
2022-07-05,56.99793243408203,57.80858709830746,56.223307629599184,57.80858709830746,15921200
2022-07-06,57.11502456665039,57.7275149680441,56.916863785142915,57.28616123686371,13450500
2022-07-07,56.6646728515625,57.26816106178487,56.47552121510354,56.97992557899409,14828400
2022-07-08,56.8718376159668,57.124039789909986,56.637650373876255,56.77275720877571,11311500
2022-07-11,56.691688537597656,57.16006643137213,56.376435837940186,56.73672758268877,12702100
2022-07-12,56.448490142822266,57.15105867680815,56.268347712771295,56.745731337200255,14731100
2022-07-13,56.187286376953125,56.74573551037291,55.82699461836154,56.14225076612839,13145300
2022-07-14,56.007144927978516,56.07019547531999,55.21450505797512,55.24152917540513,14433000
2022-07-15,56.29536437988281,56.71870661953837,55.90805199806951,56.520545837402345,21968400
2022-07-18,55.529754638671875,56.349415092805216,55.40365012296183,56.313385231173775,10780800
2022-07-19,56.322391510009766,56.430481095923966,55.78195732442578,55.92607333631463,10998200
2022-07-20,55.39464569091797,56.367431362085725,55.07939298414886,56.2053004168911,11010500
2022-07-21,55.26853942871094,55.736917289157226,54.75512596237485,55.17846478093484,11959600
2022-07-22,55.4757080078125,55.727910158881414,55.23251160385464,55.28655639451081,11644700
2022-07-25,56.016143798828125,56.11522419991316,55.22350746214128,55.43967975905707,14941700
2022-07-26,56.93489074707031,57.46631923488685,56.322396780231,56.52055760361933,20118000
2022-07-27,56.75474166870117,56.91687261764056,55.65585832544158,56.6376497669092,12142900
2022-07-28,57.700496673583984,57.87163678685524,56.64664906152968,56.67366973794241,10837000
2022-07-29,57.799583435058594,57.90767302460857,57.31319402607116,57.385250316440946,13734200
2022-08-01,58.11482620239258,58.58320747162528,57.6734724799173,57.72751382944701,12831500
2022-08-02,57.32219696044922,58.18689301842787,57.13304534201577,58.177883835075775,15241900
2022-08-03,57.57440185546875,57.7365328035471,57.02496190475531,57.24113421152853,11317000
2022-08-04,57.34921646118164,57.403261252194575,56.67367203550479,57.322195783673486,11795600
2022-08-05,57.0880126953125,57.313194186844655,56.44849464800353,57.313194186844655,10445400
2022-08-08,56.71870803833008,57.4753178919618,56.52054725123716,57.19609164069418,9165200
2022-08-09,56.790767669677734,57.02495832932813,56.610621801330495,56.90786299950293,7910900
2022-08-10,57.331214904785156,57.45731600301074,56.835812824617186,57.31319997132475,8857300
2022-08-11,56.943885803222656,57.637445077007754,56.8177847418065,57.36722458997745,8507800
2022-08-12,57.37623977661133,57.43028113087595,56.82679643494385,57.13304337443081,9489300
2022-08-15,58.09682083129883,58.26796095216531,57.25914546536316,57.32219600378871,9863300
2022-08-16,58.57419967651367,58.75434896586657,57.94369434376036,58.15986661899111,9569600
2022-08-17,58.43909454345703,58.74534492617081,58.33101183237609,58.39406237117108,8144000
2022-08-18,58.7453498840332,58.862441788250734,58.28597770719011,58.51115920360423,6532000
2022-08-19,58.70030975341797,58.97053029292914,58.51115812455766,58.736339616819045,8921100
2022-08-22,57.826602935791016,58.47512671588481,57.63745474792606,58.40306699098692,9087900
2022-08-23,57.8896484375,57.97972652177742,57.358223474626826,57.48432454622361,8443800
2022-08-24,57.97071838378906,58.16887917758214,57.69149555907687,57.862628803903796,6844700
2022-08-25,58.24994659423828,58.285976457531326,57.556390623830055,57.97072374370941,7913900
2022-08-26,56.844818115234375,58.36704724638547,56.72772277376191,58.303996701591906,10089500
2022-08-29,56.502540588378906,56.77275769649611,56.2143085482543,56.46651072436409,9115900
2022-08-30,55.9801139831543,56.66466412992653,55.83599798193927,56.66466412992653,8456800
2022-08-31,55.58378982543945,56.322384726917946,55.57478407902958,56.18727791479169,14633600
2022-09-01,55.845008850097656,55.8810387127047,55.20549425080836,55.46670560071418,14939700
2022-09-02,55.07939147949219,56.53856651038534,54.85420999909524,56.196289698102895,11809800
2022-09-06,55.10641098022461,55.817985267714775,54.93527429573823,55.205491379241806,12181800
2022-09-07,56.124229431152344,56.28636036042068,55.23250932017649,55.23250932017649,13290700
2022-09-08,55.953086853027344,56.115217775149794,55.250521814494284,55.917060431663934,17193500
2022-09-09,56.133235931396484,56.63764365544628,55.71890285592514,55.99812567652706,11855900
2022-09-12,56.29536437988281,56.57459062416572,56.088197851284406,56.23231384665706,13026900
2022-09-13,54.46689224243164,56.04316245080104,54.295752135056716,56.0251475218144,18532800
2022-09-14,54.75513458251953,55.016345948198214,54.43987841966686,54.620024307583094,12881600
2022-09-15,54.01115417480469,54.80050162049098,53.85691601756265,54.80050162049098,11451900
2022-09-16,54.02021789550781,54.256112517034886,53.63008168752074,54.129092069978185,20493500
2022-09-19,54.42851257324219,54.52831190326013,53.73896790462853,53.884134656802715,12596200
2022-09-20,54.34684753417969,54.46479312234993,53.820615976935805,54.147241983356444,11984600
2022-09-21,53.893211364746094,55.07269169904186,53.884136495585814,54.56460631856974,14165300
2022-09-22,53.76618194580078,54.19261076562561,53.71174658057932,54.02929774786496,11657600
2022-09-23,53.1673698425293,53.62101635470462,52.622995412338184,53.49399588506325,14824000
2022-09-26,52.505043029785156,53.14014879887768,52.34173001884571,53.0675671612646,18670100
2022-09-27,51.15317916870117,52.95869026026275,51.0896689370009,52.69557792652506,23829300
2022-09-28,51.69755172729492,51.94252123841758,50.7267485504651,51.407218261012055,21480100
2022-09-29,51.325557708740234,51.978809686872076,50.80840104640174,51.79735041949682,14570700
2022-09-30,50.8265495300293,51.833645219771974,50.80840325639771,51.597747123609075,16124600
2022-10-03,51.39814376831055,51.57959957805628,50.86284082304611,51.13502799871243,16277600
2022-10-04,51.51609420776367,52.45060832906004,51.22576073154967,51.67033581384189,18861400
2022-10-05,51.026153564453125,51.39814351024046,50.36382671022542,51.26204819256678,14324900
2022-10-06,49.92832946777344,50.89913263838334,49.78316273556209,50.80840472864421,17192800
2022-10-07,49.4565315246582,49.982763036769335,49.2206369075016,49.89203513656623,11479800
2022-10-10,49.34766387939453,49.86482059326087,49.011966450983465,49.53819457165097,10239100
2022-10-11,49.4293212890625,50.10071961921526,49.21157291137105,49.4111750140802,14303900
2022-10-12,50.02812576293945,50.84469068898042,49.93739786495599,50.10978225554355,18377400
2022-10-13,50.69045639038086,50.88099054119058,49.22971418011142,49.42931973760353,16220700
2022-10-14,49.88296890258789,51.234837000270666,49.8466763518069,51.07152398280434,15997900
2022-10-17,50.52714538574219,51.00801302413209,50.41827119599553,50.4727100213929,13721400
2022-10-18,51.207618713378906,51.51609849013021,50.8991389366276,51.08967310833306,11823100
2022-10-19,50.7721061706543,51.29833767578764,50.563429234116164,51.0896607392495,10182300
2022-10-20,49.97369384765625,50.73581654967895,49.86481620932641,50.599724693338196,16905100
2022-10-21,50.7721061706543,50.90820148020189,49.892034475001715,49.901105880482724,15034100
2022-10-24,52.232852935791016,52.37801966401626,51.32556001912131,51.389070246404366,17416700
2022-10-25,53.48491668701172,53.630083411320754,52.39616452417007,53.56657318575103,28829900
2022-10-26,53.88412094116211,54.23796459320395,53.403256845930635,53.53934869461346,15831400
2022-10-27,54.01115417480469,54.29241626636457,53.87506229389377,54.228906029729814,16026100
2022-10-28,55.127113342285156,55.263208657411454,53.95670816859909,54.0474360713182,12888900
2022-10-31,54.301475524902344,54.9547274824745,54.1381625355093,54.90028866566098,14016400
2022-11-01,54.11094665527344,54.70068841001236,53.86597716304562,54.46479032369773,10659500
2022-11-02,53.35790252685547,54.6462569243663,53.32160997623733,54.11095391641718,14549200
2022-11-03,53.3306770324707,53.53028258353785,52.71371756648847,52.72279243392671,9194000
2022-11-04,53.76618194580078,54.065590298711356,53.13107961122952,53.80247449664718,9725900
2022-11-07,53.97486114501953,54.22890207302297,53.74803789900273,53.76618071296178,8849700
2022-11-08,54.07466125488281,54.247049139441316,53.475848015104276,54.21075658889762,10081600
2022-11-09,53.32160568237305,54.11094955898888,53.303459408525256,54.065585604893315,10115200
2022-11-10,55.23599624633789,55.38116298116074,54.14724400464254,54.66440071376444,16804800
2022-11-11,55.63520431518555,55.75315336968291,54.62810857066123,55.68056827120823,18972100
2022-11-14,55.09989929199219,55.99812081666857,55.08175301804391,55.63520225979879,16361000
2022-11-15,55.00917053222656,55.753150447356084,54.437575025366826,55.46281699077129,13295800
2022-11-16,54.909366607666016,55.37208446283035,54.7006896564313,55.15433610547575,14199500
2022-11-17,55.081756591796875,55.10897773500935,54.55552845734619,54.60996382167497,11212600
2022-11-18,55.47188949584961,55.68056645558785,55.163409759487024,55.33579763221922,10415600
2022-11-21,56.32474899291992,56.44269458655026,55.52633021371336,55.71686090592974,15399400
2022-11-22,56.56970977783203,56.705805094477846,56.29752260558807,56.678587415567755,12319600
2022-11-23,56.823753356933594,56.968920077537746,56.52434504884825,56.696732909035916,8990400
2022-11-25,56.87819290161133,56.98707054586618,56.59693430657266,56.91448544969628,5165500
2022-11-28,56.88726043701172,57.25017548794181,56.76023999613382,56.87818557063619,12267500
2022-11-29,56.68766403198242,56.769320537265855,56.234017549529575,56.72395658123017,10969600
2022-11-30,58.12221145629883,58.18617210753938,56.422677613406435,56.6602452486436,30433900
2022-12-01,58.286678314208984,58.57907083662897,57.957735855088046,58.122207084648515,12001400
2022-12-02,58.798370361328125,58.95370238208045,57.93033191953486,58.122213881262155,13643500
2022-12-05,57.994293212890625,58.295821515273296,57.802407763453374,57.93946830082366,9185100
2022-12-06,57.966880798339844,58.36892319468435,57.77499882859052,58.03998068334588,10099500
2022-12-07,58.058258056640625,58.22272931911452,57.79327619092217,57.97602242540367,12307600
2022-12-08,58.30495834350586,58.341504797785284,57.884641006148456,58.113072901966866,9946200
2022-12-09,57.69276428222656,58.332374345641696,57.647078596038575,58.12221740070141,13914900
2022-12-12,58.45115280151367,58.48770274025171,57.573971699770674,57.83895352723047,11647900
2022-12-13,58.46942901611328,59.118171271762854,58.29581854620718,59.01766068088965,17521600
2022-12-14,58.46942901611328,59.072489075758405,58.0856616223787,58.652175228101456,12826700
2022-12-15,57.66535186767578,58.37805831086244,57.09884170733751,58.10394071622098,12212300
2022-12-16,57.33640670776367,57.69275991287383,56.952642790135556,57.33640670776367,33631500
2022-12-19,57.418643951416016,57.939468417521304,57.08056570697444,57.40950820885025,10919700
2022-12-20,57.372962951660156,57.701905480392746,57.336413007224415,57.40037366718969,10286500
2022-12-21,58.29582595825195,58.52426136647724,57.628805162441466,57.628805162441466,10411300
2022-12-22,57.87550735473633,58.10393925880687,57.245036554315554,57.948603751529895,9666700
2022-12-23,58.31409454345703,58.35978022586053,57.74758441334647,58.02170199336164,6463300
2022-12-27,58.670440673828125,58.743540545337495,58.213576933675725,58.414598094732774,7320700
2022-12-28,58.085662841796875,59.07249031589349,58.01256644682351,58.89887984234271,7159400
2022-12-29,58.43288040161133,58.61562661774343,58.20444850284474,58.29581986811371,7169300
2022-12-30,58.12221145629883,58.40546477305151,57.720169093536455,58.40546477305151,7650200
2023-01-03,57.5191535949707,58.076527993296274,56.81558291885435,58.076527993296274,12180500
2023-01-04,57.491737365722656,57.866369017772044,57.11710919926735,57.701897775367854,13387900
2023-01-05,56.8338623046875,57.38209751759668,56.724215959224566,57.19935128476212,9814700
2023-01-06,57.93033218383789,58.17703557255901,57.181075818403535,57.482604118837244,9990000
2023-01-09,57.20848083496094,58.222718944289326,57.181070124631155,57.838951571703014,9442600
2023-01-10,56.769893646240234,57.31812878189423,56.57800821172675,57.199343224451404,10134600
2023-01-11,56.660247802734375,57.16280077884107,56.112012628646994,56.99832952949601,10823000
2023-01-12,55.929264068603516,56.81558093236793,55.70997140238173,56.751620280920406,13907300
2023-01-13,56.130287170410156,56.15769788322686,55.36275584119455,55.46326643564807,13986400
2023-01-17,56.35872268676758,56.9983327497351,56.24907634287425,56.40440837292359,18327800
2023-01-18,54.65005111694336,56.27648519223351,54.531265548399176,56.20338530833114,19679400
2023-01-19,54.567813873291016,55.40844159969121,54.558674645276895,54.57694961571092,14894500
2023-01-20,54.89675521850586,54.905890960734155,54.27542017915756,54.56781272878098,14237700
2023-01-23,55.03380584716797,55.34447333061046,54.86933462148701,55.079491524169626,12613400
2023-01-24,55.32620620727539,56.51405140570919,54.640910498302716,54.89675659985659,10103300
2023-01-25,55.673431396484375,55.68256714020948,54.72315371171676,55.006410565520966,11265800
2023-01-26,55.563777923583984,55.82875628479288,55.344481760741374,55.563777923583984,11884800
2023-01-27,55.271385192871094,55.700834803487446,55.16173536899121,55.59118846520181,14087000
2023-01-30,55.4084358215332,55.89271028795371,55.243964590372684,55.31706446448574,15632000
2023-01-31,56.02977752685547,56.04805249757482,55.28965689789575,55.719109995814954,14344400
2023-02-01,56.038909912109375,56.26734178981614,55.39016073037084,55.865299454272176,12535400
2023-02-02,55.079498291015625,55.75565824472915,54.741420056955945,55.554637058512725,16947200
2023-02-03,54.66831970214844,55.20741559778252,54.12008109370304,55.14345494963631,15404400
2023-02-06,54.97898864746094,55.13432415374578,54.567814011235534,54.63177466511923,11330900
2023-02-07,54.88761901855469,55.0429545297579,54.40334448507483,54.52212656856598,14922700
2023-02-08,54.567813873291016,54.75055660644291,54.44902830826691,54.75055660644291,11012000
2023-02-09,54.476444244384766,55.11605432852557,54.458169272198504,54.96072229333421,12515300
2023-02-10,54.476444244384766,54.73229036939781,53.80028770146598,54.56781910531605,14420700
2023-02-13,55.37189483642578,55.51809112269353,54.57695274769457,54.73228826250091,16191800
2023-02-14,54.449031829833984,55.646016328723114,54.421621115207216,55.01554200755196,20505700
2023-02-15,54.449031829833984,54.759699376116956,54.12008931193502,54.73228866149019,13171400
2023-02-16,54.1109504699707,54.65918564467506,53.86424359567547,54.120086212458276,16538300
2023-02-17,54.93330383300781,55.03381442944187,54.25714734251477,54.36679368153635,16814700
2023-02-21,54.64091491699219,55.033818100757266,54.567818514632954,54.81452540808506,14278300
2023-02-22,54.80537414550781,55.15259156585945,54.59521724217737,54.68658859646235,12409600
2023-02-23,54.90589141845703,55.207419712822436,54.650048806802246,54.83279153764472,12222800
2023-02-24,54.677459716796875,54.741420369941586,54.266281599727876,54.53126344023836,9736200
2023-02-27,54.65918731689453,55.09777616719486,54.58609091797498,54.988129826018366,8849800
2023-02-28,54.37592315673828,54.54953361623918,54.03784495045876,54.54953361623918,16082200
2023-03-01,53.78200149536133,54.074394018077754,53.33427348430527,54.02870833995215,13275800
2023-03-02,54.567813873291016,54.6226352989989,53.72718266129662,53.76373260216467,11758300
2023-03-03,54.31196975708008,54.53126592470616,54.101812817802006,54.41248035534227,13101800
2023-03-06,55.15260314941406,55.17087812122805,54.110954155178106,54.147500613211605,16282700
2023-03-07,54.83279037475586,55.34447907280775,54.595222738342464,55.27138267913982,13961200
2023-03-08,54.860206604003906,55.12518844775111,54.576949789764384,54.860206604003906,10851600
2023-03-09,54.33024597167969,55.31707352019185,54.165774713594324,55.31707352019185,13900900
2023-03-10,54.101806640625,54.951573529061534,53.90078895264653,54.549534667510656,13745800
2023-03-13,54.65005111694336,55.61860017948948,54.13836238640975,54.17491232836093,21956000
2023-03-14,54.85106658935547,55.24396973532012,54.22973154390412,54.8236558768072,19496900
2023-03-15,55.2165641784668,55.26224986551108,54.12922949019713,54.3028364952032,21089900
2023-03-16,55.5203971862793,55.55722748057436,54.967956821174106,55.3270434097255,15658300
2023-03-17,55.262596130371094,55.5664372993597,54.912715334033216,55.5296105147429,27351200
2023-03-20,55.79662322998047,55.79662322998047,55.2165618393866,55.391500487169274,12904100
2023-03-21,55.53881072998047,55.93472760139651,55.13368804142153,55.76899479418375,13716500
2023-03-22,55.29021453857422,56.045218029405504,55.271799390952694,55.61247435345555,10494200
2023-03-23,55.17051696777344,55.60326414924974,54.98637251911394,55.32704396393027,15479000
2023-03-24,56.072845458984375,56.18333283819993,55.16131492154729,55.47436542293341,12975600
2023-03-27,56.48716735839844,56.60686405398179,56.11887496693205,56.293813589453826,12777400
2023-03-28,56.5516242980957,56.846263158141795,56.41351595453982,56.52400333185061,10925700
2023-03-29,56.95675277709961,57.039619191426674,56.70815353411842,56.827850246442075,9441000
2023-03-30,56.94753646850586,57.168514717077834,56.77259784295354,56.97516094478367,9870700
2023-03-31,57.11327362060547,57.31583673784156,56.9659559477966,57.140898098984266,14440900
2023-04-03,57.453948974609375,57.56443635186778,56.95675050845095,57.36187323328537,12300700
2023-04-04,57.27901077270508,57.767003454552416,57.15931756922441,57.444743606188226,11433400
2023-04-05,57.822242736816406,58.024805860071744,57.54602253113306,57.573643498002255,12789600
2023-04-06,57.85907745361328,58.043225442244676,57.4355395383926,57.87749260370949,9644200
2023-04-10,57.72095489501953,57.72095489501953,57.104063286523605,57.536810452819616,7952600
2023-04-11,57.61967849731445,57.739371685686336,57.45394568475164,57.68412975638553,9913000
2023-04-12,57.72095489501953,58.03400536402152,57.371077644975614,57.52760112331156,9593700
2023-04-13,58.144500732421875,58.153706550310446,57.52760556397654,57.78541061282096,9871400
2023-04-14,58.05242919921875,58.14450494642947,57.803829950245735,58.05242919921875,8946000
2023-04-17,58.429927825927734,58.49437908932866,58.135292475429075,58.301025299125875,9452400
2023-04-18,58.52199935913086,58.5588261410467,58.181324405850425,58.47595973515824,9035700
2023-04-19,58.63249206542969,58.77060392525615,58.40230797393926,58.678528181261676,9769500
2023-04-20,58.890296936035156,58.92712723351542,58.411513605783185,58.586455762649194,10706400
2023-04-21,58.973167419433594,59.17572352049982,58.74297981416955,58.927127790982475,12931100
2023-04-24,58.88108825683594,59.83865135848202,58.57724358588311,59.61767660899843,15532300
2023-04-25,58.78901672363281,59.08365208557731,58.586457107502575,59.08365208557731,12818900
2023-04-26,58.51279830932617,58.71536144401305,58.3654806238259,58.522007640355945,13179600
2023-04-27,58.63249206542969,58.70614914829477,58.10767261781794,58.49438020560323,13795800
2023-04-28,59.06523513793945,59.074444467858115,58.448339989608556,58.56803669223937,13687600
2023-05-01,59.20335006713867,59.56243668137633,58.98236828556099,59.065238209817835,9091500
2023-05-02,58.936336517333984,59.05602971555424,58.25499006381113,59.05602971555424,10948400
2023-05-03,58.6048698425293,59.09285898208594,58.54041857927957,58.945537794851795,11084600
2023-05-04,58.6693229675293,58.86267676341417,58.475965659313886,58.687738116517934,11938300
2023-05-05,58.945533752441406,59.12047589411944,58.58645067634011,58.59565649374571,9039000
2023-05-08,58.85346603393555,58.982368561461726,58.568040012221985,58.75218798540101,7240700
2023-05-09,58.365482330322266,58.69694801047197,58.264200760017545,58.59566644016726,9067700
2023-05-10,58.46675491333008,58.59565743305592,57.99718094685304,58.30102209873107,10134000
2023-05-11,58.79822540283203,58.862676668022544,58.01559737757073,58.54042034206999,9581500
2023-05-12,59.02840805053711,59.10206864456811,58.65090628695434,58.798223962685896,8740800
2023-05-15,58.87187957763672,59.15730910389991,58.660110643569325,59.129688137991664,8150000
2023-05-16,58.208946228027344,58.83504715233509,58.153700789177826,58.83504715233509,9129600
2023-05-17,58.144500732421875,58.393096451047356,57.75778964682488,58.374684815270214,11583000
2023-05-18,57.822242736816406,58.043221008761364,57.610473795381495,58.0155965295617,13595100
2023-05-19,57.8498649597168,58.09846067650458,57.64730184436196,58.04321874492078,14251400
2023-05-22,56.63448715209961,57.88668905740903,56.57003589335546,57.81303198127151,15055400
2023-05-23,56.5332145690918,56.78181029834392,56.32144211296803,56.634492619516855,13932700
2023-05-24,56.0544319152832,56.560836222877974,55.9071142346678,56.51480010624765,11090100
2023-05-25,55.621681213378906,55.91631655618389,55.38229131447373,55.67692665727871,14463600
2023-05-26,55.48357009887695,55.833450890242425,55.34546175578323,55.65851225072488,12570300
2023-05-30,55.04161834716797,55.42832944386866,54.80222843955741,55.32704788253442,15634200
2023-05-31,54.931129455566406,55.50198499825465,54.66411507618645,55.170519356587164,59432200
2023-06-01,55.244178771972656,55.40070225924137,55.03240984149306,55.18893332876178,13402700
2023-06-02,56.312232971191406,56.45955064132392,55.317839575879496,55.49277821155864,15259800
2023-06-05,55.93473434448242,56.57004117383262,55.750586368454236,56.16491843643502,12915600
2023-06-06,55.52961730957031,56.15571838496383,55.35467513382953,56.118888083509894,10943500
2023-06-07,55.44674301147461,55.57564553592244,55.07844707391191,55.25338571247249,16817900
2023-06-08,55.58484649658203,55.62167678958599,55.22575992061856,55.363871763218384,15585900
2023-06-09,55.67692947387695,55.861073938197855,55.40070575273456,55.49278149722553,12581500
2023-06-12,55.437538146972656,55.842664413392264,55.262599494320064,55.7874189646085,14208900
2023-06-13,55.65850830078125,55.86106789207632,55.281006570053464,55.43753005025102,13397800
2023-06-14,56.036014556884766,56.23857767686863,55.796621140116486,55.916317848500626,14099700
2023-06-15,56.8060417175293,56.87098383110315,55.9803460971648,56.23083862341242,15271400
2023-06-16,57.21425247192383,57.678126755778884,57.03798151812768,57.14931035531052,26738000
2023-06-20,56.83387756347656,57.483302289974745,56.81532570590465,57.14003629961372,13971800
2023-06-21,56.991600036621094,57.26064799536896,56.57411243495721,56.880271189204144,13948700
2023-06-22,57.38124465942383,57.613181789880805,57.140031600943665,57.34413740825132,15193400
2023-06-23,56.77821350097656,57.49258032845592,56.759658104785935,57.464745464630006,25112100
2023-06-26,56.79676818847656,56.861710304793455,56.026735182033526,56.78748872095706,12856100
2023-06-27,56.67616653442383,56.92665910064355,56.574113614214276,56.79677485276969,9068500
2023-06-28,56.147342681884766,56.629772352670535,56.03601384680493,56.48133272620414,11173200
2023-06-29,55.6834716796875,55.98962687892183,55.45153452850873,55.86902210844652,17142300
2023-06-30,55.8690185546875,55.989623317491294,55.54430444024385,55.664912742127484,19739200
2023-07-03,56.203006744384766,56.24939346232454,55.692742229808104,55.850461317699,9694500
2023-07-05,56.6204948425293,56.68543696016076,55.813354566909666,55.9246834058379,14716600
2023-07-06,56.18445587158203,56.611219373504944,56.128789682126,56.34217143308745,12603900
2023-07-07,55.44225311279297,56.12878861335815,55.4144217881349,55.952517658723814,14574000
2023-07-10,55.0247688293457,55.80407776784757,54.86704973250084,55.637082742520036,15480600
2023-07-11,55.2195930480957,55.25670383875402,54.58872376322342,55.16392686210823,15967700
2023-07-12,55.516475677490234,55.71130203169634,55.15465429422747,55.4329781629619,14241300
2023-07-13,55.9896240234375,56.091676931004244,55.64635804814199,55.776242279925164,11269800
2023-07-14,56.4998893737793,56.629773607430295,55.74841175741004,55.79479847813111,11634200
2023-07-17,56.4163932800293,56.68543768261147,56.119514013050335,56.370003019061315,10014300
2023-07-18,56.193729400634766,56.824598697876354,56.045289774170854,56.55555076894806,11152900
2023-07-19,57.18642044067383,57.325584139742496,56.29578267605804,56.379280187683264,12936000
2023-07-20,57.882232666015625,57.90078806208918,57.214252563687424,57.22353203126417,11563000
2023-07-21,57.92861557006836,58.151276769201175,57.74306869971733,57.9471709649194,12815100
2023-07-24,57.947174072265625,58.27188819095172,57.89151142380735,57.91006328057352,10251100
2023-07-25,57.752349853515625,57.88223409014623,57.56679942729475,57.798736575300836,13422700
2023-07-26,58.49454879760742,58.6058776391892,56.95448625591919,57.39052923247793,17145500
2023-07-27,57.92861557006836,58.69864853052799,57.872952924594934,58.494542726246216,11517100
2023-07-28,57.965728759765625,58.234776687625775,57.724515694874356,58.06778166613188,9721800
2023-07-31,57.455467224121094,57.93789688842503,57.26991680876115,57.93789688842503,15577900
2023-08-01,57.307029724121094,57.854401523231076,57.16786602267214,57.60390898407092,9281600
2023-08-02,57.483299255371094,58.06778183227201,57.112201959162775,57.112201959162775,11059400
2023-08-03,57.18642044067383,57.63173932298173,57.08436753323413,57.39980218392054,8037400
2023-08-04,56.32361602783203,57.418359646736874,56.24011851320099,57.2235332922911,9359300
2023-08-07,56.7689323425293,56.89882011199509,56.351448327454406,56.397835047009416,6982600
2023-08-08,56.51845169067383,56.91738393304939,56.24012777575801,56.76894427582225,7956100
2023-08-09,56.64833068847656,57.17714710640178,56.360727348923525,56.50916698309411,7904100
2023-08-10,56.51845169067383,57.26992944611908,56.39784690229468,56.91738393304939,7870300
2023-08-11,56.7503776550293,56.77821251837351,56.30505877140079,56.44422247088215,8483900
2023-08-14,56.48133087158203,57.037978567782986,56.360722573075925,56.88953894619075,7176300
2023-08-15,56.10095977783203,56.499891964670866,56.008182793055504,56.305062066180206,7187400
2023-08-16,56.110233306884766,56.425667963473344,56.03601526131801,56.165899495369786,8372300
2023-08-17,56.23084259033203,56.611219370561805,56.08240295753699,56.20301126514546,12873500
2023-08-18,56.5462760925293,56.67616032617577,56.00818022275971,56.16589932010181,11083800
2023-08-21,56.0638427734375,56.527717028694084,55.961789871028294,56.46277491608454,8648500
2023-08-22,55.720584869384766,56.20301458927193,55.646363279057404,55.98035335737008,9411500
2023-08-23,55.91541290283203,56.07312847836059,55.81335998262869,55.85047077889906,7749500
2023-08-24,55.7669677734375,56.48133460553905,55.74841237712681,55.915407404843016,8955100
2023-08-25,56.02674102783203,56.19373606980819,55.67419554598457,56.045296425727194,7629200
2023-08-28,56.18445587158203,56.34217143308745,56.00818137451125,56.175176403799355,6254300
2023-08-29,56.12879180908203,56.24940012126712,55.80408120598386,56.18445800064749,8189600
2023-08-30,56.10095977783203,56.351452328108515,55.93396474431438,56.25867534333199,9447900
2023-08-31,55.507205963134766,56.10096455999741,55.48865056459776,55.94324544197305,14663500
2023-09-01,55.0247688293457,55.7855223718023,54.848494336455566,55.66491406704798,11262300
2023-09-05,54.57017135620117,55.03404564759294,54.431007653151646,54.96910352992449,12474600
2023-09-06,54.533058166503906,54.579448424867984,54.19906812512961,54.38461854134642,13923500
2023-09-07,54.11558532714844,54.885614935679,54.087750458566944,54.69078855101133,17628600
2023-09-08,54.11558532714844,54.18980338551113,53.81870247645603,54.087750458566944,14312300
2023-09-11,54.62583923339844,54.72789214691127,54.02280122032081,54.180520324589764,14767400
2023-09-12,54.087745666503906,54.737170430272336,53.9856927486014,54.72789450095404,12292700
2023-09-13,54.21762466430664,54.44028587627952,54.124851223781214,54.180517411544415,12641400
2023-09-14,54.66647720336914,54.78804238533684,54.41399731797076,54.46075562676012,12311600
2023-09-15,54.18022537231445,54.83480252101616,54.00255590977537,54.619727834629316,55727500
2023-09-18,54.516868591308594,54.56362334040236,53.890347105702986,54.217633916518054,13617400
2023-09-19,54.40465545654297,54.60102753933768,54.161525058375446,54.47946234025392,11998900
2023-09-20,54.64778137207031,55.012476963212066,54.31114505027254,54.51686665240031,14766600
2023-09-21,53.80618667602539,54.6290802411699,53.69397099855768,54.58232549247103,15941800
2023-09-22,53.86228561401367,54.20827856787329,53.768776125875476,54.09606290151748,14644100
2023-09-25,53.30121612548828,53.75942113190602,53.05808934078117,53.675261174284714,12358800
2023-09-26,52.86172103881836,53.20771400530997,52.74015941323223,53.04874358908114,11194700
2023-09-27,52.319358825683594,52.861720289887344,52.06687892147967,52.75885771034222,13766300
2023-09-28,52.188446044921875,52.66535017019348,52.08558346156798,52.58119019900925,12484800
2023-09-29,52.347408294677734,52.61859079655479,52.01076843954183,52.49702561172055,12271600
2023-10-02,51.879852294921875,52.37545897504591,51.5058107962623,52.28194949217055,11792500
2023-10-03,51.318790435791016,51.833099747693595,51.225277381798925,51.58061985265234,13604200
2023-10-04,51.468406677246094,51.692830867811026,51.159818956271565,51.32813888277436,12100500
2023-10-05,48.98101806640625,51.38424828625957,48.85010335671125,51.187876221717076,29878100
2023-10-06,49.69169998168945,49.83196778196012,48.20487628088548,48.663081336899076,30298900
2023-10-09,49.44856643676758,49.70104630257709,48.72853205660516,49.52337330414196,15704700
2023-10-10,50.523948669433594,50.80448428168856,50.08444977340723,50.61746172923808,20909700
2023-10-11,50.224708557128906,50.75772045506571,49.57948456677333,50.701616192435374,21138900
2023-10-12,49.38311004638672,50.33692170219523,49.02776760979345,50.27146078713301,19330400
2023-10-13,49.457916259765625,49.953522906518074,49.224139001160445,49.317652044897244,14494600
2023-10-16,49.9628791809082,50.08444436194006,49.41116467272748,49.57948459503062,12816800
2023-10-17,50.56135177612305,50.589403909310484,49.75715733127218,49.85067038716085,16457200
2023-10-18,50.54264450073242,50.99149642610174,50.42107932287468,50.58939924078293,12809500
2023-10-19,50.823177337646484,51.20657191977063,50.36497588365225,50.64550789569171,16202200
2023-10-20,51.028907775878906,51.449707621206564,50.907342583415705,50.991502552481236,15686400
2023-10-23,50.570701599121094,51.32813768352853,50.54264590058734,50.851233614351926,21212700
2023-10-24,52.02946853637695,52.525075206294986,51.71153130712662,52.038821624766754,25290800
2023-10-25,52.47832489013672,52.57183794612834,51.95466604521701,52.141685022883564,16701000
2023-10-26,52.16038513183594,52.95523001742176,52.10428086809075,52.71209965066537,16228400
2023-10-27,51.655433654785156,52.49702979248991,51.524515370683154,51.945315223114775,13626500
2023-10-30,52.506385803222656,52.6279474373426,51.82375291176784,51.833106001874725,15014300
2023-10-31,52.824317932128906,53.03939261052049,52.50638067555911,52.89912480988502,16639400
2023-11-01,52.777565002441406,53.18901535711172,52.60924505137787,53.114204904568496,14110800
2023-11-02,53.3853874206543,53.44149526003687,52.70275809371393,52.83367281844787,13087200
2023-11-03,53.0580940246582,53.8529353645704,53.0206888030449,53.67526591264462,13958700
2023-11-06,53.27317428588867,53.563055865901056,53.058099589790935,53.09550124816894,12673200
2023-11-07,53.469539642333984,53.67526478974506,53.04873982588324,53.226409274092134,10449300
2023-11-08,53.3853874206543,53.7407299357598,53.22641699264971,53.60046212088274,13744000
2023-11-09,52.98328399658203,53.43213595798383,52.71210148849814,53.329273381320405,12021100
2023-11-10,53.039390563964844,53.23576262355067,52.4222186858678,53.17965479202977,11678900
2023-11-13,53.23576354980469,53.39473039114246,52.927175821807914,52.945878432640285,12798200
2023-11-14,53.39472961425781,53.5256478881796,53.12355067902967,53.31992273917501,12697100
2023-11-15,53.497596740722656,53.619161936128855,53.06744736271124,53.58175671182563,10201900
2023-11-16,53.441490173339844,53.79682908746457,53.123552914751464,53.534999662918274,16010400
2023-11-17,53.54434585571289,53.61915629645074,53.02068703918054,53.478888503646345,14475800
2023-11-20,53.675262451171875,53.84358237041866,53.26381217427617,53.34797213389956,13051000
2023-11-21,54.264381408691406,54.273734497554564,53.60980787459914,53.731369492554435,13891600
2023-11-22,54.62907409667969,54.74128976152577,54.35789515786401,54.47945677737652,11320600
2023-11-24,54.769344329833984,54.93766426743028,54.554269646718375,54.66648174939643,4816000
2023-11-27,54.66647720336914,54.88155186859929,54.48880775830723,54.74128764370561,16246500
2023-11-28,54.778690338134766,55.01246760267001,54.5729652038532,54.61037042229675,13739600
2023-11-29,54.45140075683594,54.862847463752196,54.329835578845085,54.77869107186393,11263600
2023-11-30,55.08292007446289,55.10177160838379,54.29117362759715,54.63049404704853,22727500
2023-12-01,55.271427154541016,55.31855418758567,54.89440729462161,54.92268279533597,15371200
2023-12-04,55.20545196533203,55.5730478793482,55.08291879547252,55.22430349881522,14942200
2023-12-05,55.29027557373047,55.45051179173471,55.06406079406622,55.18659394953277,11891500
2023-12-06,55.233734130859375,55.356267315500595,54.86613817249852,55.19603465490752,14868500
2023-12-07,55.365684509277344,55.50706560762758,55.0357880886692,55.29970234870601,11587900
2023-12-08,55.24315643310547,55.37511357527144,55.01694162113347,55.36568960607207,11178700
2023-12-11,55.64845275878906,55.695579793653444,55.139472152904226,55.45051705502127,14524800
2023-12-12,56.00661849975586,56.00661849975586,55.516493045248616,55.79925883686806,12899000
2023-12-13,56.48731994628906,56.57215003787189,55.855806243269804,56.034893989701274,16196800
2023-12-14,55.64845275878906,56.591007838325886,55.39396245584664,56.52502927040329,22478300
2023-12-15,55.233734130859375,55.77099031547336,54.47969067838034,55.45052499428722,65177400
2023-12-18,55.62959289550781,56.07259486713296,55.252569481925335,55.42222965848127,16717700
2023-12-19,55.45051574707031,55.799260111515416,55.271427985022726,55.610748380942155,14612200
2023-12-20,54.300594329833984,55.29970033243783,54.26289126675709,55.13946770770401,17701000
2023-12-21,54.65877151489258,54.734174052764004,54.16864243426008,54.526810781383475,11725100
2023-12-22,54.96980667114258,55.101763794313406,54.68704089355339,54.78129495422914,9029400
2023-12-26,55.19602966308594,55.337410775135446,54.724752098462616,54.724752098462616,6422500
2023-12-27,55.33740234375,55.39395693729045,55.0452125993625,55.27142378240044,8560100
2023-12-28,55.37510681152344,55.48821240591302,55.16774355884087,55.28085274879246,8400100
2023-12-29,55.54476547241211,55.59189250248076,55.26199969643829,55.36568131992647,9244300
2024-01-02,56.38364028930664,56.44019488418735,55.29970059191275,55.42223374970662,16322600
2024-01-03,56.515602111816406,56.74181691457664,56.32709037544326,56.48732660980724,14830600
2024-01-04,56.32708740234375,56.798364920620116,56.23283333691332,56.600429225878955,12912900
2024-01-05,56.24225616455078,56.50617401441512,55.69557612413002,56.36478932357486,10412800
2024-01-08,56.656982421875,56.722960985157684,56.006617161571334,56.251683478531625,11554600
2024-01-09,56.553306579589844,56.685263719652234,56.195134631161636,56.5438826105407,10493700
2024-01-10,56.74181365966797,56.93974935350245,56.53445040199637,56.76066519178013,12258000
2024-01-11,56.37421798706055,56.79836487673184,56.26110879395689,56.788940908420926,13754200
2024-01-12,56.920902252197266,56.986880821944624,56.43077316581517,56.62871247061963,13218000
2024-01-16,56.54388427734375,56.958607243416836,56.41192353782902,56.92090417498405,11826900
2024-01-17,56.54388427734375,56.75124396259904,56.383648034285685,56.42135110271846,8982100
2024-01-18,56.7041130065918,56.7700915740088,56.11030230427651,56.26111097202426,10397700
2024-01-19,56.39307403564453,56.81722095928484,56.21398626333538,56.79836942559111,14392600
2024-01-22,56.148006439208984,56.61928398433953,56.02547327071759,56.32709061195616,14314300
2024-01-23,56.41191482543945,56.55329951244534,56.04431895389847,56.1102975156847,14481600
2024-01-24,55.525917053222656,56.37421802424908,55.50706552102628,56.36479046036983,16370500
2024-01-25,55.761558532714844,55.77098250149173,55.290280991500026,55.62017383212548,14899700
2024-01-26,55.95949172973633,56.0726009233647,55.73328053360385,55.846386131670094,13025100
2024-01-29,56.29881286621094,56.35536746377523,55.77098074229742,55.93121697094849,14547100
2024-01-30,56.459049224853516,56.57215482468033,56.034898731050205,56.41191859566033,22061500
2024-01-31,56.072601318359375,56.97745330038764,55.884089589879615,56.64755687665752,22837000
2024-02-01,57.47700500488281,57.50528050505878,55.95006687082538,56.148002563181294,15870900
2024-02-02,57.062286376953125,57.37332768895258,56.770093002779525,57.32620065326325,17544900
2024-02-05,56.59100341796875,56.91147226380175,56.44019476084511,56.91147226380175,12759600
2024-02-06,56.496742248535156,56.6004238680313,56.251679544276634,56.51559377894916,12775200
2024-02-07,56.54388427734375,56.75124396259904,56.496753644021524,56.61928681864681,10259900
2024-02-08,56.39307403564453,56.525031175938174,55.9971990192012,56.44962504116329,12874800
2024-02-09,56.138580322265625,56.15743185481699,55.6390236985599,56.05375022356557,15235300
2024-02-12,56.27053451538086,56.32708551451894,55.57304222966124,56.232831452247474,13516800
2024-02-13,55.94063949584961,57.17538787742362,55.41281098111917,56.08202418833074,24195700
2024-02-14,55.88408660888672,56.16685238874187,55.6484478597471,55.770977420495086,15872500
2024-02-15,55.98777389526367,56.16685806831641,55.73328358899147,56.00662183300621,13695800
2024-02-16,55.97834396362305,56.195131194118034,55.57304500361349,55.9406408986077,13947100
2024-02-20,57.21308898925781,57.34504611343776,56.09144624260436,56.17627633608604,18339300
2024-02-21,57.722076416015625,57.759775887721304,57.3356289654239,57.486437638933786,14373000
2024-02-22,57.63724136352539,57.73149542804021,57.02457915749278,57.48643270296442,12982800
2024-02-23,57.68437194824219,58.080243358258464,57.495860212041066,57.580690313553454,13612900
2024-02-26,57.22251510620117,57.75034721830599,57.17538807373302,57.72207171793752,10336100
2024-02-27,56.873775482177734,57.28849843618224,56.66641220739428,57.06228722329338,9931100
2024-02-28,56.93032455444336,57.01515464992909,56.609855704337534,56.902045458906755,8076500
2024-02-29,56.5721549987793,57.156538127838836,56.45904939860441,56.883196298150814,18152700
2024-03-01,56.11030197143555,56.45904993492783,55.93121780316059,56.45904993492783,10927600
2024-03-04,56.37421798706055,56.506175116786025,55.81811037210166,55.82753434041257,10150200
2024-03-05,56.10087203979492,56.656979613874675,56.006614385804035,56.46846790145475,12310000
2024-03-06,56.129150390625,56.55330086623417,55.96891776404045,56.100874890771735,12378800
2024-03-07,56.02546310424805,56.336507953461435,55.83695499685267,56.261101834053946,13686900
2024-03-08,56.10087203979492,56.35536231222754,55.58246752731152,55.89350879657682,13239000
2024-03-11,56.779518127441406,56.82664516110569,56.15743193461117,56.3459400692683,14114300
2024-03-12,57.02458572387695,57.26022450785992,56.751243871521716,56.85492551176422,12684600
2024-03-13,57.608970642089844,57.69380075070941,57.30735327712309,57.38275941614608,13909500
2024-03-14,57.48069763183594,57.765725159691456,57.385689663991315,57.55670690556896,13996600
2024-03-15,56.89164733886719,57.43320079649511,56.66362311360812,57.0246599601341,36849900
2024-03-18,57.129173278808594,57.38569918373025,56.81564040913026,56.901149044104145,15856700
2024-03-19,57.224178314208984,57.33818861352624,57.06266402553638,57.233681286673296,15030600
2024-03-20,57.71822738647461,57.775234347908544,57.1576716175014,57.17667393797937,15258800
2024-03-21,57.45220184326172,57.946251300098815,57.309686252594894,57.537710472797414,13067100
2024-03-22,57.47119903564453,57.75622656722395,57.41419207959997,57.499700701505965,11502800
2024-03-25,57.38569259643555,57.68021948639737,57.11966374909739,57.461698249730844,13144700
2024-03-26,57.51871109008789,57.6802253850588,57.36669614362966,57.480706447392784,13277400
2024-03-27,57.984249114990234,58.36428825290362,57.670719906885246,57.75622853169967,12551200
2024-03-28,58.12676239013672,58.20276804010885,57.95574514729732,58.088757752989814,13683500
2024-04-01,57.65171813964844,58.24077554716553,57.6042141530348,58.12676525442845,11668700
2024-04-02,57.14817428588867,57.69922710190569,57.110169643591725,57.43320185447142,13017300
2024-04-03,56.84414291381836,57.37619339481249,56.79663530002496,57.05316119235659,13672900
2024-04-04,56.3405876159668,57.148169893253126,56.21707435015653,57.09116293418949,14320700
2024-04-05,56.54010009765625,56.70161798444929,55.97004506922295,56.29307721848755,10157800
2024-04-08,56.31208801269531,56.50210759221731,56.12206843317332,56.43560128303291,10284500
2024-04-09,56.739627838134766,56.758630157406486,56.179072104745494,56.51160363119599,10779100
2024-04-10,55.979549407958984,56.42609484879063,55.76102817342825,56.35958854368658,11861900
2024-04-11,56.103065490722656,56.40709536485798,55.856042577108454,56.19807709159119,11109000
2024-04-12,55.37149429321289,56.065062692897655,55.228982323709566,56.008059354825164,12250900
2024-04-15,55.23848342895508,55.875048510815006,55.14347544626421,55.68502892111105,12425000
2024-04-16,55.162471771240234,55.466501631988166,55.03895850771082,55.34298836845875,11236800
2024-04-17,55.59001159667969,55.637519207461196,55.20047310879551,55.37149035950777,13805100
2024-04-18,55.97004699707031,56.036553298534244,55.61851317157216,55.694518819964536,11125900
2024-04-19,57.167171478271484,57.34769171227022,56.05556290275584,56.15057088167575,21207900
2024-04-22,57.5282096862793,57.60421897067551,56.73963329444046,57.138671164554104,15624500
2024-04-23,57.61371612548828,57.65172076623941,57.12916964103852,57.5092051755837,13689100
2024-04-24,58.47830581665039,58.57331742510487,56.85364536746271,57.30969021507738,19548300
2024-04-25,58.65882110595703,59.46639977583574,58.30728362085136,58.782330750032244,19048500
2024-04-26,58.65882110595703,58.839337710289854,58.28828130076548,58.47830087730223,10994300
2024-04-29,58.94384765625,58.953347003970414,58.45929756310506,58.8298337376736,13409300
2024-04-30,58.68731689453125,59.69441801225756,58.40228937044165,59.038850720097706,19349200
2024-05-01,58.83934020996094,59.44739998125315,58.15527115509614,58.715826936316546,16729800
2024-05-02,58.896339416503906,59.28587788270928,58.639813554711836,59.07685600473315,10991300
2024-05-03,59.06735610961914,59.219374664661956,58.56380733116623,58.896342483839646,11628700
2024-05-06,59.23837661743164,59.26688191023069,58.81083709298835,59.19087262852928,9310700
2024-05-07,59.494903564453125,59.68492314776297,59.14336969113928,59.62791618547339,9807000
2024-05-08,59.71342468261719,59.827438606940255,59.36189081009296,59.71342468261719,10484400
2024-05-09,59.74192428588867,59.99845015470027,59.61841102513011,59.675417981862154,9113700
2024-05-10,60.10295867919922,60.19797027566063,59.65641686095694,59.77992649987405,8371700
2024-05-13,60.40699768066406,60.44499869839753,60.02695850875219,60.08396547183562,10137600
2024-05-14,59.95094299316406,60.57800502461448,59.665915456017835,60.406991401784154,10852200
2024-05-15,59.979454040527344,60.22647696327669,59.855940766991615,59.9129477296209,9838900
2024-05-16,60.15997314453125,60.54951167782961,59.92244956021951,60.08396748219907,10228000
2024-05-17,59.88444519042969,60.20747741154207,59.79893655471399,60.1789757410776,11539000
2024-05-20,59.447391510009766,59.865431637121986,59.34288057215131,59.78942598870231,11000900
2024-05-21,59.77042770385742,59.83693400983312,59.3238822571733,59.68491907841412,9796200
2024-05-22,59.85593795776367,59.87494027774826,59.53290576666953,59.58040975447003,7419400
2024-05-23,58.99135208129883,59.741927408048596,58.95334744149131,59.37139123073014,9834300
2024-05-24,58.90583801269531,59.30487582084888,58.87733634763337,59.11485988800714,8203100
2024-05-28,58.73482894897461,59.02935948478953,58.335791085279006,58.70632727994552,12347000
2024-05-29,58.62081527709961,58.79183253008267,58.022254891658875,58.40229403702611,11861800
2024-05-30,58.877342224121094,58.98185317220814,58.52580473976976,58.76332830385052,9433800
2024-05-31,59.789432525634766,59.88444050262722,58.61131403958946,58.89634521921084,19816600
2024-06-03,59.789432525634766,59.9414474634159,59.333387712291355,59.58041062706495,9369000
2024-06-04,60.749027252197266,60.7775325452741,59.798932967603065,60.045959511217916,11895600
2024-06-05,60.73002624511719,60.872541840617615,60.18847278113099,60.79653618085363,9632500
2024-06-06,60.94854736328125,61.148066285210874,60.654016842107566,60.73002249718088,8658500
2024-06-07,60.720523834228516,61.01505435872394,60.62551585823488,60.89153746615267,9523100
2024-06-10,60.41649627685547,60.796535444035996,60.20747437247396,60.74902782989685,15685300
2024-06-11,60.37849044799805,60.47350205008593,59.92244563094228,60.4164950888332,8396000
2024-06-12,59.74192428588867,60.51149826800172,59.561404068398055,60.51149826800172,9569600
2024-06-13,59.846435546875,59.893939532244154,59.33338380651589,59.722922285457784,9668900
2024-06-14,59.889522552490234,60.02356726401626,59.44908888534916,59.72675501776419,8179200
2024-06-17,59.95654296875,60.2246360355741,59.53525908151831,59.717176376641106,10532700
2024-06-18,59.966121673583984,60.14803897476131,59.78420071996219,59.87037284208713,10651700
2024-06-20,59.53525924682617,60.071441729518824,59.31504241976785,59.74590301724906,13306300
2024-06-21,60.100162506103516,60.41612449853839,59.535257220289196,59.535257220289196,28278100
2024-06-24,61.24912643432617,61.33529490349771,60.23421074112076,60.31080980586582,13212500
2024-06-25,61.124656677246094,61.344873516555566,60.808691004033875,61.22040185870428,10235300
2024-06-26,61.325721740722656,61.383167383316454,60.54059598498,60.7033671613656,9402500
2024-06-27,61.19167709350586,61.53636192728726,60.91401096266345,61.32572545671713,8494100
2024-06-28,60.9427375793457,61.33529500324702,60.818265925154776,61.18210417839664,17358800
2024-07-01,60.58846664428711,61.56508636665109,60.43527218150227,61.30656637342431,10033400
2024-07-02,60.46400451660156,60.68422134992808,60.18633838449421,60.56932275236641,8878200
2024-07-03,60.636348724365234,60.96188379326261,60.253360704276815,60.502300360623174,9154200
2024-07-05,61.04805374145508,61.07678021602776,60.320380912130275,60.63634656531947,11735500
2024-07-08,60.28207778930664,60.885282585172575,60.1671828551945,60.885282585172575,11235100
2024-07-09,60.023563385009766,60.54059608386373,59.92781821223424,60.37782855965649,11657500
2024-07-10,60.157615661621094,60.18633848483717,59.640582929064955,60.0522937732362,11930400
2024-07-11,60.4161262512207,60.7608147274722,59.74590271678094,59.97569259931905,11431600
2024-07-12,60.99060821533203,61.38316927910531,60.69379232713494,60.76081468052713,9201500
2024-07-15,60.71294403076172,61.22040005191382,60.655494732115564,61.07678228396511,8207500
2024-07-16,61.53636169433594,61.57466122653703,60.69379390057844,60.73209343277953,9025100
2024-07-17,62.43638229370117,62.608726535761036,61.67041356612641,61.72785921185009,12508200
2024-07-18,62.417232513427734,63.01085696407053,61.96722216865762,62.04382122838198,11128200
2024-07-19,62.512977600097656,62.84808935482267,62.06296725594333,62.84808935482267,13775700
2024-07-22,62.01509094238281,62.51297752441871,61.58423401609917,62.4746779946553,11794200
2024-07-23,62.197017669677734,63.231083154839496,62.091695779250756,62.647028055158636,11810300
2024-07-24,63.010860443115234,63.164058571022544,62.07254747679376,62.32148347730994,13244600
2024-07-25,63.25979995727539,64.04492205352493,63.058732905113864,63.231077136236365,16328600
2024-07-26,64.19811248779297,64.25555812299483,63.20234674993173,63.259792385133586,13530100
2024-07-29,63.98748016357422,64.17897051832198,63.56619261726259,64.03534909981677,12140200
2024-07-30,64.80132293701172,64.94494435065968,63.53746764570907,63.65236623760514,13258000
2024-07-31,63.90129470825195,64.73429296545608,63.77682672701406,64.62897109483644,15576800
2024-08-01,65.06941223144531,65.21303364483921,63.863002585780464,64.15024541256827,16495900
2024-08-02,66.38114929199219,66.70668437158508,64.81090493243896,65.61517322664903,22514800
2024-08-05,65.20346069335938,66.59179136298569,64.84920279878045,66.05560520907633,25484300
2024-08-06,65.15559387207031,65.9119859279793,64.88749713396439,65.25133905466355,12969100
2024-08-07,65.54814910888672,66.23752608820854,64.9449479044246,65.15559168198281,13365300
2024-08-08,65.8066635131836,65.93113150526105,64.96408847484906,65.10770988410047,15240900
2024-08-09,65.75879669189453,65.8641185867686,65.34708582235663,65.77794280692191,12080400
2024-08-12,65.2704849243164,65.62475013396019,64.94494984374305,65.5385743565272,11012300
2024-08-13,65.54814910888672,65.69177053039358,65.11729214925505,65.18431450530639,9877600
2024-08-14,65.66304779052734,65.95986003843358,65.2321835254591,65.32793600984468,14328000
2024-08-15,65.7300796508789,65.98859240338824,65.58645820842261,65.70135682336564,11285100
2024-08-16,66.2375259399414,66.3524245378675,65.72049320660737,65.9119835649286,12651200
2024-08-19,66.04603576660156,66.46731601706598,65.9215604589441,66.40029366097694,9843900
2024-08-20,66.42900848388672,66.4385851921429,65.84495346335666,66.05559721566429,11957400
2024-08-21,66.61093139648438,67.14711019656077,66.38114152572138,66.52476293428136,8792400
2024-08-22,66.38114929199219,66.94605097889368,65.86411654361893,66.94605097889368,12509200
2024-08-23,66.82157135009766,66.87901698829526,66.00772648778415,66.44816009203748,11834700
2024-08-26,67.82691955566406,67.9035186245484,66.76413852067331,66.8598837043341,12912200
2024-08-27,68.45884704589844,68.48756986888372,68.02799009134134,68.28650280309783,16988400
2024-08-28,68.69821166992188,68.75565731424176,68.26735472774541,68.5641669632497,13272600
2024-08-29,68.98544311523438,69.14821061720167,68.20032111792968,68.84182172325076,17201700
2024-08-30,69.3875961303711,69.48334131622858,68.72694192964245,69.12907609317752,18624200
2024-09-03,69.90462493896484,70.17271436613119,69.17694841887831,69.3588693751222,14755800
2024-09-04,69.4737548828125,70.40249839591336,68.85140760939626,70.18228522975056,18140800
2024-09-05,68.14288330078125,69.58865963913138,67.96096964845917,69.5312139915443,23866100
2024-09-06,68.1141586303711,68.62161465000361,67.87479203206226,67.97053721040803,17485700
2024-09-09,68.79396057128906,69.23439424633554,67.96096946398141,68.20033606812987,12939300
2024-09-10,68.5067138671875,69.33970483877279,68.477983743264,68.90884794346232,10277600
2024-09-11,68.05671691894531,68.33438306562311,67.56840698479546,68.3248063557682,11418200
2024-09-12,68.20032501220703,68.34393910750366,67.65456953541627,67.9801045579391,12337800
2024-09-13,68.84142303466797,68.89926251233756,67.94487435594345,68.29191857693016,11073800
2024-09-16,69.50658416748047,69.64154782304126,69.0438537355485,69.18845239867248,10786500
2024-09-17,69.2173843383789,69.74759663525897,69.14026014266133,69.3137859055418,12974400
2024-09-18,69.16917419433594,69.77651063703449,68.7064364130174,69.30413784826895,10719700
2024-09-19,68.07982635498047,69.35234613007506,68.06054162908792,68.986009887796,13635600
2024-09-20,69.06314086914062,69.21738927156922,67.84846044240577,67.87738753408762,48578500
2024-09-23,69.14990997314453,69.60299812323456,68.61969026403962,68.97638419152555,11613000
2024-09-24,68.76428985595703,69.23666269022182,68.06054443126325,68.6582459240858,13330600
2024-09-25,68.87996673583984,69.33306218483317,68.74500307294413,69.1306166904896,12329100
2024-09-26,68.8317642211914,69.03420969962531,68.29190225706691,68.31118698166104,10815200
2024-09-27,69.2077407836914,69.60298940874517,68.88960899805946,68.96673319244925,11175700
2024-09-30,69.27523040771484,69.60299723828956,69.11134699242749,69.41019408559488,18015300
2024-10-01,69.13062286376953,70.13321541693082,69.05349866237974,69.50659415183394,13294500
2024-10-02,68.45580291748047,68.86069393302874,67.87738613027315,68.82213183321912,11155500
2024-10-03,67.9834213256836,68.4365167955029,67.67493188846147,68.31119548990178,9374800
2024-10-04,67.64600372314453,67.75204764350312,67.21219303438116,67.44355824472379,12684800
2024-10-07,66.5277328491211,67.57852234236815,66.39276919595115,67.53032524050316,14512000
2024-10-08,66.6916275024414,66.94227748137793,66.3831380495075,66.55666382646837,13549700
2024-10-09,67.06759643554688,67.23147984275715,66.58558122259772,66.70126752149416,9037700
2024-10-10,66.75910949707031,67.39537313240933,66.50845951754566,67.31824893025271,8635200
2024-10-11,67.06759643554688,67.08687380787872,66.51809938698358,66.96155250030058,8786300
2024-10-14,67.80989837646484,67.9352270422443,66.97119659147874,67.06759816556156,7659300
2024-10-15,67.80989837646484,68.6486075164196,67.63637995609695,67.92558467834543,10358700
2024-10-16,68.03162384033203,68.15694514234497,67.45320708147277,67.56888602026373,7937300
2024-10-17,67.38572692871094,68.14731183293226,67.07723749263113,68.08946500712658,14674600
2024-10-18,67.90630340576172,68.01234733765348,67.10615641238503,67.35680637458087,15087500
2024-10-21,66.95191955566406,67.80027115698326,66.81695586544865,67.48213930648856,11981200
2024-10-22,66.95191955566406,67.24113166610825,66.20961925947927,66.5181087449673,18603300
2024-10-23,65.56371307373047,66.22888908396617,64.18514923372221,64.58039789430067,24655200
2024-10-24,64.87925720214844,65.59263773046165,64.54184063479929,65.21666641452839,17568800
2024-10-25,64.5129165649414,65.2648591463279,64.38759525303323,64.65752260481621,11138100
2024-10-28,64.27190399169922,64.97564940881412,64.20442215895956,64.55147368589729,10761400
2024-10-29,63.20183181762695,63.95377436648102,63.163269718330795,63.90557725858712,16525900
2024-10-30,63.54888916015625,64.14659072138134,62.97047232782468,63.15364047746782,14177800
2024-10-31,62.9608268737793,63.61636787957828,62.912629763848734,63.44284210289711,13383700
2024-11-01,62.6716194152832,63.29824065679418,62.555933117552925,63.11507252413001,12163100
2024-11-04,62.76802444458008,63.06687153647335,62.32457131129791,62.73910470729606,10984500
2024-11-05,63.0186653137207,63.11506687571772,62.31491993670378,62.31491993670378,8780200
2024-11-06,61.40873718261719,62.527012298919075,60.9074409335875,62.102836569556345,22899300
2024-11-07,61.370174407958984,62.07391615053134,61.3123312607329,61.97751458263861,14856100
2024-11-08,61.62082290649414,61.92931234782324,61.44730081354521,61.61118422035195,14719300
2024-11-11,61.08096694946289,61.8136321154577,60.97492301668858,61.688307133316776,13980900
2024-11-12,60.926719665527344,61.45693562957986,60.84959547130967,61.389453798381396,15021000
2024-11-13,60.73391342163086,60.98455970019859,60.24225955012015,60.78211420472265,13177600
2024-11-14,60.30009841918945,60.83995674590742,60.184415805422745,60.83995674590742,15910800
2024-11-15,59.51923751831055,60.37722397155861,59.18182467746513,60.242260306214064,26284300
2024-11-18,59.63492202758789,59.9048493668449,59.34571363874336,59.62527966405204,16062100
2024-11-19,60.33866500854492,60.367584744768706,59.41319667454125,59.673485333008074,16254800
2024-11-20,60.724273681640625,60.743551052555404,59.78916306046345,60.44470399608482,18904900
2024-11-21,61.46657943725586,61.514783901400875,60.68571713189297,60.87852395602016,17292300
2024-11-22,61.62082290649414,62.160684945046405,61.36053792832863,61.92931234782324,19562200
2024-11-25,62.06427001953125,62.38240179373586,61.543696436035134,62.0064305533005,36805300
2024-11-26,62.2281608581543,62.31492005762966,61.75578070000708,61.99678828295118,14473300
2024-11-27,62.11247634887695,62.758374924467425,61.93895058999033,62.62341126255204,13263400
2024-11-29,62.24361038208008,62.40873677863351,61.94249296407644,62.18532481036782,10648400
2024-12-02,61.825931549072266,62.35045721819194,61.53452592931042,62.21446990517048,16500100
2024-12-03,61.69965362548828,62.24360656177373,61.22369434306649,61.89392279597424,24874500
2024-12-04,60.42719650268555,61.53452600188211,60.126082796461866,61.466532345291185,28137700
2024-12-05,61.11684799194336,61.31111716839855,60.32034770331578,60.679746976639606,21040400
2024-12-06,60.7380256652832,61.54424145771854,60.71859837693069,61.02943128519443,15581100
2024-12-09,60.8060188293457,61.126563526501336,60.126082269396825,60.89343977353575,22348300
2024-12-10,61.107139587402344,61.233415114903494,60.01923732648318,60.9031586082381,14949400
2024-12-11,60.844879150390625,61.80650962727327,60.61175908079142,61.19456296016613,32819000
2024-12-12,62.01049041748047,62.0881958719744,61.408259249989946,61.728800271014514,17542100
2024-12-13,61.311119079589844,62.010486654478704,61.301407287883706,61.74822381389538,13429000
2024-12-16,60.75745391845703,62.02991353542992,60.56318473722337,61.41796691142563,24559700
2024-12-17,61.58309555053711,61.72879465397152,60.53404422000287,60.66031974061377,21902400
2024-12-18,61.04885482788086,61.81621604310476,60.99057666823818,61.01000395657786,20946100
2024-12-19,60.66032028198242,61.3596841365371,60.611753913737516,60.90315582858333,21300600
2024-12-20,60.75745391845703,61.252840515871696,60.49519107959805,60.67974846918943,42458100
2024-12-23,60.59233093261719,60.96143832181786,59.76668779225678,60.708890965765995,13010800
2024-12-24,61.039146423339844,61.039146423339844,60.232930586701265,60.41748798348081,5019100
2024-12-26,60.776885986328125,60.942016100243556,60.61175957778943,60.825452359111466,7943800
2024-12-27,60.66032028198242,61.14599137518424,60.42719652687994,60.66032028198242,8542800
2024-12-30,60.252357482910156,60.55347490885403,59.91238918376107,60.55347490885403,8972200
2024-12-31,60.47576141357422,60.640891508013155,60.0289449080651,60.24264136955915,9256700
2025-01-02,60.06780242919922,60.95172369229877,59.854105957226864,60.56318532605385,12991000
2025-01-03,59.98038101196289,60.300925717409136,59.85410548811652,60.1260838245069,10403200
2025-01-06,59.06732177734375,59.80554023474309,58.921618962081624,59.73754657572117,17924200
2025-01-07,59.09646224975586,59.95124446164257,58.88276577044003,59.35872510017712,17799600
2025-01-08,59.9415283203125,59.999810188238925,59.18388256415177,59.2421644320782,14412400
2025-01-10,59.31986999511719,59.88325026999886,58.989613487001584,59.815256609978874,22425000
2025-01-13,59.88324737548828,60.07751284879735,58.97018334727955,59.37814899305665,18016200
2025-01-14,60.2620735168457,60.29121259835322,59.54327862818872,59.89296242778528,16658300
2025-01-15,59.99980926513672,60.82544866848746,59.91238831728034,60.54376224128491,16187200
2025-01-16,60.46604919433594,60.5146155610473,59.562700693074795,59.659833426497514,12585500
2025-01-17,60.91286849975586,60.97115036571726,60.38834282223262,60.524333842809206,17948900
2025-01-21,60.63117980957031,61.41796834450558,60.514619780260965,61.097427337560745,19817100
2025-01-22,60.009521484375,60.50490809421507,59.89296145486179,60.33977798914287,18191900
2025-01-23,59.766685485839844,60.20379022500067,59.61127087918005,60.02894832933634,16528400
2025-01-24,60.145503997802734,60.23292493929741,59.67926021162321,59.95123853259344,19244600
2025-01-27,62.03962707519531,62.34074449986105,60.679750178994574,61.06828484703341,20742900
2025-01-28,60.57290267944336,62.20475793907842,60.49519352166236,61.68994403222078,14956000
2025-01-29,61.02943420410156,61.544244401247944,60.7574558595347,60.76717135686382,11325600
2025-01-30,62.21446990966797,62.447589959042645,61.41796590907141,62.020197026228445,13201000
2025-01-31,61.660804748535156,62.09790949617839,61.573383799006514,61.874501226355534,12096800
2025-02-03,61.53452682495117,61.80650516032914,60.640893780445296,61.36940042970065,12067900
2025-02-04,60.8740119934082,61.80650329235856,60.56318279555019,61.7870760043204,15678000
2025-02-05,61.311119079589844,61.47624918160592,60.79630889550581,60.9225844199444,10686800
2025-02-06,61.54424285888672,61.91335393523509,61.10713812444476,61.796790202466255,13423400
2025-02-07,62.01049041748047,62.0881958719744,61.456825622220734,61.61224023658528,13184700
2025-02-10,62.700138092041016,62.79727082387619,61.83564047505268,62.26302968265413,16154300
2025-02-11,65.66273498535156,65.73072864680198,64.50684274069445,65.56560224195857,30589100
2025-02-12,66.74092102050781,66.84776925432391,64.95365494713461,64.95365494713461,26033800
2025-02-13,67.50828552246094,67.61513376147185,66.78949434154922,67.02261440359432,24393100
2025-02-14,66.8963394165039,68.02309250538978,66.7894911825467,67.37229501547061,20779100
2025-02-18,67.07118225097656,67.38201146029208,66.45923191865798,66.58551114824901,15569100
2025-02-19,68.06194305419922,68.12022121081665,67.1877336511758,67.22658822583823,16032300
2025-02-20,68.03280639648438,68.06194547582986,67.43057158391811,67.71226170217881,13398000
2025-02-21,69.30525970458984,69.54809523783,68.1202211166575,68.30477849336079,21662300
2025-02-24,68.56704711914062,69.67438412220139,68.31450346528342,68.80988268606336,21418400
2025-02-25,69.44125366210938,69.71322829967038,68.70303890608754,68.82931072759713,21555600
2025-02-26,68.77102661132812,69.2372666894222,68.50876008299183,69.22755119299245,14531200
2025-02-27,68.83901977539062,69.48981722726072,68.40191136818876,68.69331697299,16789500
2025-02-28,69.16927337646484,69.51895714213325,68.53789949896621,69.40239341665962,22167400
2025-03-03,70.24746704101562,70.28632161799261,67.73169432046701,68.22707350272965,21717600
2025-03-04,68.17851257324219,70.56801353744137,67.8773914467018,70.00463327307857,25411900
2025-03-05,68.07166290283203,68.71274489886963,67.83853543995214,67.89682101104853,23933600
2025-03-06,68.44076538085938,68.508759033321,67.45970775755394,68.39220272095953,21694000
2025-03-07,69.38297271728516,69.76179557737375,67.65398481005975,67.65398481005975,28393300
2025-03-10,69.40239715576172,71.1216769980508,69.27612533775999,69.89778375227331,25251200
2025-03-11,69.004150390625,69.97549258518207,68.58647295053534,69.82007427689159,28076400
2025-03-12,67.93567657470703,68.7030378103025,67.7414036861527,68.35335402165765,18923300
2025-03-13,67.62484741210938,68.23679033729879,67.29458720670743,68.23679033729879,15746600
2025-03-14,67.67377471923828,67.77162425439738,66.91053042793898,67.03774154254269,14205100
2025-03-17,68.6131362915039,68.66205732108459,67.59548481167927,67.75204255795373,15634800
2025-03-18,67.8890380859375,68.68163646059993,67.8107629401008,68.60335384932253,12657600
2025-03-19,67.79118347167969,67.88903299571948,67.0670880352571,67.07687522729312,14780000
2025-03-20,68.21194458007812,68.30979410617803,67.60526557355422,67.8205390102382,16295300
2025-03-21,67.19429779052734,68.46636411523437,66.71482985325075,68.2119493572048,47479500
2025-03-24,67.4682846069336,67.5954957283564,66.86161297716231,67.32151402904789,12575400
2025-03-25,67.33129119873047,67.59549315976801,67.12580493205745,67.46828204317914,12513900
2025-03-26,68.51528930664062,68.838199503876,67.41936252636242,67.43892944796399,14478200
2025-03-27,69.21981048583984,69.46443803947344,68.5642104338075,68.67184715464153,11663400
2025-03-28,68.85777282714844,69.78735463040796,68.03582028919669,69.28831228470301,17412900
2025-03-31,70.0809097290039,70.39403272350637,68.97518832229123,69.21003616724889,24016900
2025-04-01,70.32553100585938,70.36467230984819,69.6601437689303,70.1396116782726,15309100
2025-04-02,69.7971420288086,70.80500645110817,69.5231603371669,70.41360083500238,14606500
2025-04-03,71.60738372802734,72.36083337081793,70.76586427660659,70.92242950730864,24959600
2025-04-04,68.4272232055664,71.44103661679749,68.29023236555052,70.86371167778125,26517300
2025-04-07,66.90074920654297,67.8890391946576,64.63060570050881,64.80673784603908,34258400
2025-04-08,66.94966888427734,68.47614993643519,66.30385600737418,67.47806531016575,22774400
2025-04-09,68.44678497314453,68.9556144538461,65.8341645511063,66.46041047701569,27918700
2025-04-10,69.23938751220703,69.67971413936944,67.49764045835995,68.68163696726228,22450200
2025-04-11,69.89498901367188,70.30596153612429,69.0241154690004,69.38616695712712,19988200
2025-04-14,70.89305877685547,71.09855248198781,69.4057266043709,69.76777805455627,13930200
2025-04-15,70.31575012207031,71.0691997614917,70.17875927853916,71.05942003369738,14965500
2025-04-16,70.13961791992188,71.10834101716941,69.85584903983097,70.80500521606305,15276200
2025-04-17,71.43124389648438,71.85200357695798,70.17875204729043,70.35488418017336,20754500
2025-04-21,71.20618438720703,71.89114601049218,70.27660267792626,71.80307620994618,16037200
2025-04-22,72.31190490722656,72.78158562020361,71.35296163128457,71.43124423859419,15613500
2025-04-23,71.72480010986328,72.36082576275518,70.82456505885999,71.71501291761317,16353900
2025-04-24,70.96156311035156,71.85201105972553,70.7462971170235,71.45081825648467,16893900
2025-04-25,70.36468505859375,71.35297516796928,69.60144069068704,71.08878064997823,16316000
2025-04-28,70.24725341796875,70.7071544409028,69.77756520197798,70.53102229308638,15997500
2025-04-29,70.79521179199219,71.1474760627952,68.76969596759507,69.66014383696945,16244100
2025-04-30,70.99092864990234,71.90094357108741,70.14940915437889,71.77373244811479,21074700
2025-05-01,69.75798797607422,70.49187057265391,69.6992797572886,70.45272927165021,18034200
2025-05-02,70.11026000976562,70.27660495843439,69.57207639296588,69.96348198105291,12629600
2025-05-05,70.15918731689453,70.25704432174838,69.48402026913914,70.1298332016149,11932700
2025-05-06,70.17874908447266,70.3548812099196,69.63078578994438,70.13960778265779,12705500
2025-05-07,70.84414672851562,71.12791560942759,70.12983092960744,70.17875943044922,15018200
2025-05-08,69.64057159423828,70.91263788520205,69.60143028900733,70.64843594125327,14371100
2025-05-09,69.0045394897461,69.62100572463271,68.94583126373432,69.46444050134699,11228900
2025-05-12,68.03582000732422,68.81863123399306,67.22365466610749,68.64249908126463,21539000
2025-05-13,67.47806549072266,68.19238125321668,67.39000315222596,68.09452425652164,14389100
2025-05-14,67.67377471923828,67.84989940326005,67.10623696369815,67.39978556917544,16286800
2025-05-15,70.07112121582031,70.18854513608719,68.10431347763544,68.20216301180405,19817100
2025-05-16,70.4527359008789,70.7071506486221,69.89498537361457,70.31574506719578,18441200
2025-05-19,70.38423919677734,70.61907955516192,70.10047034206913,70.48208872398422,13282800
2025-05-20,70.14940643310547,70.57994589251608,69.89499166247111,70.25704316431842,12137800
2025-05-21,70.30596923828125,70.53102991024632,70.0417747207448,70.14941145967046,12094400
2025-05-22,69.61122131347656,70.4429535654559,69.43508916296227,70.29617552912048,11101800
2025-05-23,70.22767639160156,70.43317011086249,69.17089100987447,70.00262321784437,12822100
2025-05-27,70.23746490478516,70.66801180589773,70.02219145422886,70.19832359873485,10666100
2025-05-28,69.62100219726562,70.35488484699343,69.52315267038999,70.1591783278018,8710900
2025-05-29,69.95370483398438,70.12005727198267,68.94584033909938,69.4742368390806,10291100
2025-05-30,70.55059051513672,70.9126420105047,70.07112256268587,70.07112256268587,28019500
2025-06-02,70.4527359008789,70.4918772055656,69.826489956773,70.4820900130338,10202700
2025-06-03,69.63079071044922,70.23746226785065,68.95561627095097,70.16896685119434,20139800
2025-06-04,69.8362808227539,70.30596157281869,69.16110634591475,69.72864409556387,13565900
2025-06-05,69.38616943359375,69.9243456230302,69.30788681734951,69.84606300678597,13531400
2025-06-06,69.81670379638672,69.94391490485923,69.41551848193814,69.5525093176465,9524000
2025-06-09,70.22767639160156,70.28639208229353,69.5622891321375,69.81670388396098,12281300
2025-06-10,70.79521179199219,71.12790914350188,70.21789435483416,70.35488518620862,12265000
2025-06-11,70.52123260498047,70.80500147005831,70.21789681992239,70.71693166654556,12718500
2025-06-12,70.68757629394531,70.84414151275935,70.0613303495702,70.69736348648132,12806900
2025-06-13,69.9878921508789,70.8353947249705,69.70211321827284,70.72699270838764,17467200
2025-06-16,69.49516296386719,70.57918320016967,69.21923327408842,70.16528114698137,15045900
2025-06-17,68.60824584960938,69.43603488995957,68.56882624980415,69.35719569034912,15437000
2025-06-18,68.2042007446289,68.98272092587185,68.08594194494596,68.98272092587185,16227600
2025-06-20,67.8395767211914,68.54911449936756,67.78045107918342,68.0859435875848,40859400
2025-06-23,68.72649383544922,68.79547625217107,67.96768725150879,68.13521490375908,21822800
2025-06-24,69.1896743774414,69.32763923015649,68.67723457000258,68.92360145249675,15216100
2025-06-25,68.61809539794922,69.00242709950942,68.4210049166178,68.91373863846626,12540400
2025-06-26,68.4604263305664,68.90388368457222,68.14507704096846,68.68707963825112,14454100
2025-06-27,69.30792999267578,69.53458330375038,68.46042735448324,68.578678640776,23470700
2025-06-30,69.7218246459961,69.76124424766502,69.07141249623913,69.11083209790806,15429000
2025-07-01,70.62844848632812,71.3971118742231,69.86964187786046,69.9583303371469,21729300
2025-07-02,69.87950134277344,70.78612960341357,69.71196616014988,70.64816476020833,13050200
2025-07-03,70.31310272216797,70.36237910324517,69.4261804924193,70.0076102113457,9440500
2025-07-07,69.97804260253906,70.33281147016692,69.77109534950942,70.33281147016692,16984700
2025-07-08,69.21923065185547,69.65283872995008,68.86446177314531,69.65283872995008,17115500
2025-07-09,68.47028350830078,69.22909015631363,67.96769299059243,69.14040169240519,33704100
2025-07-10,68.75606536865234,68.83490457447527,68.15493710018383,68.28304517075573,14608400
2025-07-11,68.8546142578125,69.1404007239369,68.24362172487206,68.55897101188518,12916700
2025-07-14,68.4604263305664,69.06156208863126,68.26332832549261,68.78563240004807,13983200
2025-07-15,68.3520278930664,68.53926912807891,68.14508061577283,68.49984952499625,12639800
2025-07-16,68.2633285522461,68.48998937920383,67.79030837553799,68.3421677545375,13178300
2025-07-17,69.56414031982422,69.6626930748704,68.49984123940966,68.79547694898942,20464700
2025-07-18,68.83489990234375,69.67254573142631,68.8151938614858,69.41632960767303,14928000
2025-07-21,69.05170440673828,69.59371451546089,68.9137395642489,69.16996320823776,17811700
2025-07-22,68.64766693115234,69.2389459039536,67.69176229117227,68.44071214807785,22339900
2025-07-23,68.15493774414062,68.72650319545606,67.60307081668631,68.64767150740877,21030000
2025-07-24,68.0958023071289,68.5392671903811,67.98740028134638,68.25348071500177,12511400
2025-07-25,68.16478729248047,68.22392045691508,67.75089273404109,68.12536768903092,12574800
2025-07-28,67.10047912597656,67.89871292142024,67.0709163036491,67.74103451097986,13668800
2025-07-29,68.37173461914062,68.41115422261753,67.15961376593845,67.34684748430298,16223400
2025-07-30,67.75089263916016,68.32246561059728,67.53408857975155,68.10566155118867,10448200
2025-07-31,66.90338897705078,67.65234639347064,66.75556734612942,67.15961263607977,17193400
2025-08-01,67.85929107666016,68.03667552328437,67.2778613555229,67.60306742742068,16107500
2025-08-04,67.95783996582031,68.0760987760864,67.31728456762333,67.7213298638087,10701500
2025-08-05,68.0465316772461,68.4801322506007,67.75088842941877,67.89871005333244,11993400
2025-08-06,68.49984741210938,68.78563388675316,67.63263120808126,68.11551569205884,10783000
2025-08-07,69.40647888183594,69.6922653695833,68.32246609561808,68.45057416866871,15790800
2025-08-08,69.31777954101562,69.84008362554407,69.06156340730763,69.33749310115948,9232700
2025-08-11,69.7218246459961,69.83022667095558,68.9433044297053,69.27836728463107,10909400
2025-08-12,69.68240356445312,70.0273156735809,69.19952661167423,69.79080558711044,11061100
2025-08-13,69.43603515625,69.74152765776226,69.20938185465056,69.66269597636938,10356500
2025-08-14,68.53926086425781,69.43603229107238,68.38158247093855,69.35719309441275,10722400
2025-08-15,68.90388488769531,69.36705580955595,68.55897277094385,68.72650043929167,12381100
2025-08-18,68.1253662109375,69.03200203356498,68.04653452426938,68.9630196086551,14094900
2025-08-19,69.11083221435547,69.19952819789006,68.23376675167466,68.29289991353782,13862200
2025-08-20,69.67254638671875,70.66787062610618,69.38676743973072,69.71196598732539,17530800
2025-08-21,69.63313293457031,69.87949979462438,69.30792687485418,69.5739997755638,8840400
2025-08-22,69.11083221435547,69.98789767703626,68.90388494413509,69.92877203369336,12999600
2025-08-25,67.92827606201172,69.20938683802069,67.72132878622944,69.09112802963632,13634600
2025-08-26,67.73118591308594,68.0760980411544,67.5833642814793,68.03667843815792,17964200
2025-08-27,67.82972717285156,67.8691467735301,67.47495828526468,67.8198703930519,11562700
2025-08-28,67.3665542602539,67.89870757581357,67.28771506124066,67.87899401680035,16209900
2025-08-29,67.98739624023438,68.13521785919872,67.43553688252202,67.67204696175304,14601100
2025-09-02,68.05638122558594,68.33231091484431,67.26801175892203,67.95783598206798,24770100
2025-09-03,67.98739624023438,68.09579825957357,66.39094380727508,67.66219770073666,33581500
2025-09-04,67.2581558227539,68.45057057687627,67.12019097639397,68.10565846097646,16736000
2025-09-05,66.97237396240234,67.58336655158995,66.88368549157165,67.02165034743324,23978000
2025-09-08,66.4500732421875,66.89353060588499,66.18400032767306,66.873824564207,21671700
2025-09-09,66.87382507324219,67.12019194795396,66.30225211946602,66.30225211946602,14120600
2025-09-10,66.83440399169922,67.1004769023495,66.23326822922692,66.80484117035142,16041900
2025-09-11,66.63731384277344,67.17931644678788,66.59789424126909,66.9329495762758,15128700
2025-09-12,66.03617858886719,66.73585960431994,65.96719616533017,66.61760079889063,18712400
2025-09-15,65.74819946289062,66.31422354002852,65.63896608167268,66.21492253242528,15986100
2025-09-16,65.77798461914062,66.04610565558093,65.59923978690733,65.88721799307102,18555900
2025-09-17,66.5724105834961,66.66177921528677,65.94680743241825,65.94680743241825,17372300
2025-09-18,65.99645233154297,66.57240875228796,65.88721895601613,66.33408483122071,17722900
2025-09-19,65.96665954589844,66.26457011472462,65.58931272474169,66.02623862919148,31192900
2025-09-22,65.74819946289062,66.12554632225547,65.61910891062452,65.69855274717962,13298700
2025-09-23,66.24471282958984,66.29436712204614,65.44036480983097,65.88722313721227,15072800
2025-09-24,65.98651885986328,66.31421898098806,65.49993865273242,65.94680452049731,14759300
2025-09-25,65.51980590820312,66.45324444267168,65.49000878826624,66.28443197726769,14395000
2025-09-26,65.21195983886719,65.86736007500325,65.0431473815039,65.60917141444838,17821600
2025-09-29,65.57938385009766,65.6389629365686,64.89419405095812,65.21196180577135,14818500
2025-09-30,65.85742950439453,66.17519725831927,65.49993983420659,65.60917320988517,13815000
2025-10-01,66.31422424316406,66.3638785355828,65.82764399742202,66.04611076217434,14877500
2025-10-02,65.63896179199219,66.18512866238848,65.40063787408324,66.06596291534362,14350700
2025-10-03,66.18512725830078,66.52275217016083,65.57938131532308,65.63896039949117,12249200
2025-10-06,65.63896179199219,66.0361733726276,65.38077312815206,66.02624099966201,14333300
2025-10-07,66.32415008544922,66.79087311397086,65.41056877388972,65.75812605805034,13328300
2025-10-08,65.65882873535156,66.40359763290064,65.59924207174456,66.20498804784562,12606700
2025-10-09,65.9070816040039,66.33408271942011,65.65882531774287,65.82763777411702,12705200
2025-10-10,66.5724105834961,66.92990026302088,65.91701031230697,66.0560332347687,17991700
2025-10-13,66.3340835571289,66.3340835571289,65.53966040058889,65.76805952035286,13690000
2025-10-14,67.03913116455078,67.09871025020986,66.2844299160857,66.40359566358465,14245600
2025-10-15,66.61212921142578,67.2476647044907,66.45324155006921,66.80079883906086,11193700
2025-10-16,67.11856842041016,67.63494575775452,66.6915748652482,66.71143203537027,15707200
2025-10-17,67.962646484375,68.02222557144653,67.32711096834208,67.52571297603451,15541800
2025-10-20,67.962646484375,68.16124849206741,67.44626914248516,67.95271411113609,17786800
2025-10-21,70.72325134277344,70.89206379747803,69.74015858023319,70.07778348964236,33651300
2025-10-22,70.31610870361328,71.12046422985016,70.01820570323501,70.86227556857779,18293000
2025-10-23,69.45218658447266,70.4352794348104,69.233719823024,70.31611368051625,13989400
2025-10-24,69.22378540039062,69.56141790613931,69.16420631309774,69.4223949850019,15688200
2025-10-27,69.57134246826172,69.63092913153434,68.76699448780037,69.293296626926,13800000
2025-10-28,69.670654296875,70.40549085126584,69.46211232996849,69.5614209146597,12730500
2025-10-29,67.8732681274414,69.5415506982238,67.68459849896472,69.43231732459905,19789600
2025-10-30,68.4988784790039,68.8067138524675,67.91298969833696,67.97256878321876,14751700
2025-10-31,68.41943359375,68.58824604910015,67.42640845472948,68.07187631032893,16742700
2025-11-03,67.49592590332031,68.40950729403845,67.18809050727384,68.32013866015963,15660400
2025-11-04,68.18111419677734,68.25062565806472,67.68460159438723,67.99243698349116,12743800
2025-11-05,68.03215789794922,68.34992565574737,67.70445776691898,68.18111319170669,12850100
2025-11-06,68.57831573486328,68.65775956665289,67.44626764849417,67.8236220614044,15906700
2025-11-07,70.05792999267578,70.37569774955632,68.92588188527753,69.32308589924251,25108300
2025-11-10,70.02812957763672,70.167160067399,68.95566818374654,69.52169221080935,15318000
2025-11-11,71.11053466796875,71.24955758887697,70.16716376520863,70.48493152388181,16160200
2025-11-12,71.01123046875,71.38857729763905,70.84241043565959,70.99136572312494,13612600
2025-11-13,70.57430267333984,71.17011629509292,70.504791210405,70.92185998801403,14002800
2025-11-14,70.6636734008789,71.14032123082693,70.10757416436533,70.91192968869619,13172000
2025-11-17,70.18701934814453,71.0310892277631,70.12744026229734,70.70338910324199,14772300
2025-11-18,70.72325134277344,70.84240951024466,70.07778348964236,70.49485222815271,12838900
2025-11-19,70.61402130126953,70.95164622659779,70.31611071618387,70.70338993108669,12401500
2025-11-20,70.71332550048828,70.98144655442066,70.11751187956699,70.45513682015593,15396500
2025-11-21,72.4411849975586,72.67951649938256,70.99136912094397,71.18004633250936,26492500
2025-11-24,72.08369445800781,72.64972608592737,71.07081210401583,72.64972608592737,39818600
2025-11-25,72.10356140136719,72.42132916682961,71.63683833855463,72.29223861642276,17451200
2025-11-26,72.37167358398438,72.58020796608025,71.885093359094,72.09362774118988,11795100
2025-11-28,72.61000061035156,72.71923398131365,72.25251095559938,72.49083486670732,7423000
2025-12-01,71.94999694824219,72.91000366210938,71.93000030517578,72.5999984741211,14388100
2025-12-02,70.66999816894531,71.80000305175781,70.43000030517578,71.80000305175781,19871300
2025-12-03,70.80999755859375,71.4000015258789,70.61000061035156,70.87999725341797,17001700
2025-12-04,70.44999694824219,71.33999633789062,70.37000274658203,70.83000183105469,17710000
2025-12-05,70.0,70.70999908447266,69.87000274658203,70.31999969482422,13978200
2025-12-08,70.25,70.37999725341797,69.48999786376953,69.83999633789062,17775100
2025-12-09,70.08999633789062,70.62999725341797,69.83000183105469,70.37000274658203,13010600
2025-12-10,70.20999908447266,70.52999877929688,69.77999877929688,70.38999938964844,29789400
2025-12-11,69.11000061035156,70.69000244140625,68.79000091552734,70.55000305175781,23124200
2025-12-12,70.5199966430664,70.62000274658203,69.04000091552734,69.11000061035156,18444500
2025-12-15,70.97000122070312,71.31999969482422,70.31999969482422,70.43000030517578,18660100
2025-12-16,70.37000274658203,71.30000305175781,70.31999969482422,71.30000305175781,17370000
2025-12-17,70.66999816894531,70.91999816894531,70.30999755859375,70.56999969482422,13672700
2025-12-18,70.36000061035156,70.80000305175781,70.16999816894531,70.2699966430664,15524800
2025-12-19,70.05999755859375,70.7699966430664,70.02999877929688,70.05999755859375,36911100
2025-12-22,70.20999908447266,70.22000122070312,69.66000366210938,69.93000030517578,12828500
2025-12-23,69.87000274658203,70.26000213623047,69.69000244140625,70.19999694824219,9471000
2025-12-24,70.11000061035156,70.16000366210938,69.75,69.9000015258789,4515300
2025-12-26,69.87000274658203,70.16000366210938,69.7300033569336,69.94999694824219,5711400
2025-12-29,70.16000366210938,70.41999816894531,69.8499984741211,70.0,9686900
2025-12-30,70.06999969482422,70.23999786376953,69.80000305175781,70.0,8610900
2025-12-31,69.91000366210938,70.16000366210938,69.87999725341797,70.06999969482422,8127800
2026-01-02,69.12000274658203,69.87000274658203,68.9800033569336,69.8499984741211,12151300
2026-01-05,67.94000244140625,68.91999816894531,67.91999816894531,68.91999816894531,21186600
2026-01-06,67.83999633789062,68.25,67.58999633789062,68.01000213623047,21019900
2026-01-07,67.54000091552734,68.06999969482422,67.2699966430664,67.98999786376953,20223400
2026-01-08,69.37000274658203,69.45999908447266,67.44999694824219,67.54000091552734,19237000
2026-01-09,70.51000213623047,70.66000366210938,69.12000274658203,69.43000030517578,19638600
2026-01-12,70.5,70.97000122070312,70.23999786376953,70.9000015258789,20582500
2026-01-13,71.23999786376953,71.23999786376953,70.2699966430664,70.41999816894531,18324800
2026-01-14,71.44000244140625,71.70999908447266,70.80999755859375,71.16999816894531,16739100
2026-01-15,70.4800033569336,71.5999984741211,70.37000274658203,71.58999633789062,15464100
2026-01-16,70.44000244140625,70.73999786376953,70.04000091552734,70.29000091552734,20027500
2026-01-20,71.75,71.77999877929688,69.79000091552734,70.0,22152200
2026-01-21,72.01000213623047,72.23999786376953,70.83000183105469,71.9800033569336,21660600
2026-01-22,71.87000274658203,72.04000091552734,71.44000244140625,71.83000183105469,13962800
2026-01-23,72.87999725341797,73.05999755859375,71.77999877929688,72.0199966430664,18307100
2026-01-26,72.55999755859375,73.30000305175781,72.54000091552734,72.86000061035156,14017400
2026-01-27,73.55000305175781,73.55999755859375,72.2699966430664,72.44000244140625,13237300
